method,pct_missing,replicate,mask_seed,file,path,success_tree,error_message_tree,nj_tree_file,missingness_actual,n_pairs_total,n_missing,n_observed,optimized_variables,imputed_variables,n_neighbors_requested,n_neighbors_effective,knn_weights,knn_metric,RMSE_miss,MAE_miss,Pearson_miss,Spearman_miss,runtime_seconds,success,success_numerical,success_valid_matrix,epochs_used,convergence_epoch,max_abs_error_observed,mean_abs_error_observed,RF,nRF,shared_splits,ref_splits,est_splits,split_precision,split_recall,split_F1,false_positive_splits,false_negative_splits,nj_vs_ML_pat_MAE,nj_vs_ML_pat_RMSE,nj_vs_ML_pat_Pearson,nj_vs_ML_pat_Spearman,input_vs_ML_pat_MAE,input_vs_ML_pat_RMSE,input_vs_ML_pat_Pearson,input_vs_ML_pat_Spearman,n_taxa,matched_matrix_labels_json
KNN-Impute,30,1,55,KNNimpute_completed_p30_rep01_seed55.csv,knn_impute_outputs/completed_matrices/KNNimpute_completed_p30_rep01_seed55.csv,True,,KNN-Impute_NJ_p30_rep01_seed55.treefile,0.3047619047619048,105,32,73,0,32,5,5,distance,nan_euclidean,0.0618644528536575,0.050577528887423,0.8365037800126255,0.7543988269794721,0.7894238919998315,True,True,True,0,0,0.0,0.0,8.0,0.3333333333333333,8.0,12.0,12.0,0.6666666666666666,0.6666666666666666,0.6666666666666666,T13|T15;T5|T6;T2|T3|T4;T1|T10|T2|T3|T4|T5|T6,T14|T15;T1|T2|T3;T10|T7|T8|T9;T1|T2|T3|T4|T5,0.4183460666806351,0.4651308859265627,0.8718842089424839,0.7160792038150529,0.42015226962487495,0.4674705979042674,0.8449147217294823,0.8124714907733775,15,"{""0"":""T1"",""1"":""T2"",""2"":""T3"",""3"":""T4"",""4"":""T5"",""5"":""T6"",""6"":""T7"",""7"":""T8"",""8"":""T9"",""9"":""T10"",""10"":""T11"",""11"":""T12"",""12"":""T13"",""13"":""T14"",""14"":""T15""}"
KNN-Impute,30,2,56,KNNimpute_completed_p30_rep02_seed56.csv,knn_impute_outputs/completed_matrices/KNNimpute_completed_p30_rep02_seed56.csv,True,,KNN-Impute_NJ_p30_rep02_seed56.treefile,0.3047619047619048,105,32,73,0,32,5,5,distance,nan_euclidean,0.0652475951821784,0.0592529855841655,0.909692659081736,0.75183284457478,0.0024858730000687,True,True,True,0,0,0.0,0.0,14.0,0.5833333333333334,5.0,12.0,12.0,0.4166666666666667,0.4166666666666667,0.4166666666666667,T10|T7;T11|T15;T12|T14;T4|T5;T8|T9;T11|T12|T14|T15;T11|T12|T13|T14|T15|T6,T11|T12;T14|T15;T7|T8;T13|T14|T15;T7|T8|T9;T1|T2|T3|T4;T1|T2|T3|T4|T5|T6,0.4222759849798046,0.47154756524197516,0.8319140055916461,0.7772237196765498,0.42279621833245357,0.471044472231882,0.820360162559661,0.7746423387932821,15,"{""0"":""T1"",""1"":""T2"",""2"":""T3"",""3"":""T4"",""4"":""T5"",""5"":""T6"",""6"":""T7"",""7"":""T8"",""8"":""T9"",""9"":""T10"",""10"":""T11"",""11"":""T12"",""12"":""T13"",""13"":""T14"",""14"":""T15""}"
KNN-Impute,30,3,57,KNNimpute_completed_p30_rep03_seed57.csv,knn_impute_outputs/completed_matrices/KNNimpute_completed_p30_rep03_seed57.csv,True,,KNN-Impute_NJ_p30_rep03_seed57.treefile,0.3047619047619048,105,32,73,0,32,5,5,distance,nan_euclidean,0.0745515771101135,0.0616476257506632,0.7790584021833734,0.7001466275659822,0.0026741169999695,True,True,True,0,0,0.0,0.0,12.0,0.5,6.0,12.0,12.0,0.5,0.5,0.5,T1|T4;T10|T8;T13|T14;T10|T8|T9;T2|T3|T5;T11|T12|T13|T14,T14|T15;T7|T8;T1|T2|T3;T13|T14|T15;T7|T8|T9;T1|T2|T3|T4,0.42233509886471093,0.4685902055928983,0.844999494567924,0.8332365747460085,0.4235008092874034,0.4704252867091304,0.8111698663879128,0.8018453244868339,15,"{""0"":""T1"",""1"":""T2"",""2"":""T3"",""3"":""T4"",""4"":""T5"",""5"":""T6"",""6"":""T7"",""7"":""T8"",""8"":""T9"",""9"":""T10"",""10"":""T11"",""11"":""T12"",""12"":""T13"",""13"":""T14"",""14"":""T15""}"
KNN-Impute,30,4,58,KNNimpute_completed_p30_rep04_seed58.csv,knn_impute_outputs/completed_matrices/KNNimpute_completed_p30_rep04_seed58.csv,True,,KNN-Impute_NJ_p30_rep04_seed58.treefile,0.3047619047619048,105,32,73,0,32,5,5,distance,nan_euclidean,0.063627770486493,0.0562507679439829,0.8077868138405767,0.6638563049853371,0.002532389999942,True,True,True,0,0,0.0,0.0,10.0,0.4166666666666667,7.0,12.0,12.0,0.5833333333333334,0.5833333333333334,0.5833333333333334,T10|T8;T13|T15;T10|T7|T8;T10|T14|T7|T8|T9;T10|T13|T14|T15|T7|T8|T9,T14|T15;T7|T8;T13|T14|T15;T7|T8|T9;T11|T12|T13|T14|T15,0.41728983307045175,0.47077752788282495,0.7592583246428972,0.6419033796392287,0.42188125676592175,0.47162387967116437,0.8128078426910411,0.7508915612689196,15,"{""0"":""T1"",""1"":""T2"",""2"":""T3"",""3"":""T4"",""4"":""T5"",""5"":""T6"",""6"":""T7"",""7"":""T8"",""8"":""T9"",""9"":""T10"",""10"":""T11"",""11"":""T12"",""12"":""T13"",""13"":""T14"",""14"":""T15""}"
KNN-Impute,30,5,59,KNNimpute_completed_p30_rep05_seed59.csv,knn_impute_outputs/completed_matrices/KNNimpute_completed_p30_rep05_seed59.csv,True,,KNN-Impute_NJ_p30_rep05_seed59.treefile,0.3047619047619048,105,32,73,0,32,5,5,distance,nan_euclidean,0.05982219130401,0.0480921785824156,0.7767180258910794,0.7543988269794721,0.0022145279999676,True,True,True,0,0,0.0,0.0,12.0,0.5,6.0,12.0,12.0,0.5,0.5,0.5,T10|T8;T4|T6;T7|T9;T11|T14|T15;T1|T2|T3|T5;T11|T12|T14|T15,T11|T12;T7|T8;T13|T14|T15;T7|T8|T9;T1|T2|T3|T4;T1|T2|T3|T4|T5,0.41962581393259457,0.4679451334313754,0.8530724429815811,0.8113622226829774,0.41938323706771313,0.46679628802481526,0.8587989744521448,0.8402757619738752,15,"{""0"":""T1"",""1"":""T2"",""2"":""T3"",""3"":""T4"",""4"":""T5"",""5"":""T6"",""6"":""T7"",""7"":""T8"",""8"":""T9"",""9"":""T10"",""10"":""T11"",""11"":""T12"",""12"":""T13"",""13"":""T14"",""14"":""T15""}"
KNN-Impute,30,6,60,KNNimpute_completed_p30_rep06_seed60.csv,knn_impute_outputs/completed_matrices/KNNimpute_completed_p30_rep06_seed60.csv,True,,KNN-Impute_NJ_p30_rep06_seed60.treefile,0.3047619047619048,105,32,73,0,32,5,5,distance,nan_euclidean,0.072201191529369,0.0644766160898208,0.7480164433324543,0.6682551319648093,0.002124422999941,True,True,True,0,0,0.0,0.0,16.0,0.6666666666666666,4.0,12.0,12.0,0.3333333333333333,0.3333333333333333,0.3333333333333333,T1|T4;T11|T13;T5|T6;T8|T9;T11|T12|T13;T11|T12|T13|T15;T1|T14|T2|T3|T4;T10|T5|T6|T7|T8|T9,T11|T12;T14|T15;T7|T8;T1|T2|T3;T13|T14|T15;T1|T2|T3|T4|T5;T11|T12|T13|T14|T15;T1|T2|T3|T4|T5|T6,0.42454343107263026,0.4772408667701026,0.7382171163318199,0.6689301264772963,0.4240724457271353,0.47468075552423017,0.760467504888618,0.7050279908770474,15,"{""0"":""T1"",""1"":""T2"",""2"":""T3"",""3"":""T4"",""4"":""T5"",""5"":""T6"",""6"":""T7"",""7"":""T8"",""8"":""T9"",""9"":""T10"",""10"":""T11"",""11"":""T12"",""12"":""T13"",""13"":""T14"",""14"":""T15""}"
KNN-Impute,30,7,61,KNNimpute_completed_p30_rep07_seed61.csv,knn_impute_outputs/completed_matrices/KNNimpute_completed_p30_rep07_seed61.csv,True,,KNN-Impute_NJ_p30_rep07_seed61.treefile,0.3047619047619048,105,32,73,0,32,5,5,distance,nan_euclidean,0.0541079546842389,0.0463636109596788,0.8853657960153795,0.8713343108504397,0.0023708210001132,True,True,True,0,0,0.0,0.0,6.0,0.25,9.0,12.0,12.0,0.75,0.75,0.75,T10|T9;T13|T15;T5|T6,T14|T15;T7|T8|T9;T1|T2|T3|T4|T5,0.41692525663988783,0.46382658739940313,0.9156225598680174,0.8871138295666597,0.4187228803273202,0.46601462862566834,0.876923993460646,0.8609786439975119,15,"{""0"":""T1"",""1"":""T2"",""2"":""T3"",""3"":""T4"",""4"":""T5"",""5"":""T6"",""6"":""T7"",""7"":""T8"",""8"":""T9"",""9"":""T10"",""10"":""T11"",""11"":""T12"",""12"":""T13"",""13"":""T14"",""14"":""T15""}"
KNN-Impute,30,8,62,KNNimpute_completed_p30_rep08_seed62.csv,knn_impute_outputs/completed_matrices/KNNimpute_completed_p30_rep08_seed62.csv,True,,KNN-Impute_NJ_p30_rep08_seed62.treefile,0.3047619047619048,105,32,73,0,32,5,5,distance,nan_euclidean,0.063643304412705,0.0513902686106086,0.7098409843876838,0.6044721407624634,0.0027016260000891,True,True,True,0,0,0.0,0.0,10.0,0.4166666666666667,7.0,12.0,12.0,0.5833333333333334,0.5833333333333334,0.5833333333333334,T11|T13;T5|T6;T11|T12|T13;T10|T11|T12|T13|T14|T15;T1|T2|T3|T4|T5|T6|T9,T11|T12;T13|T14|T15;T7|T8|T9;T10|T7|T8|T9;T1|T2|T3|T4|T5,0.41573630765942077,0.4625463014606195,0.8606238489183502,0.7792349160273688,0.42033642884433275,0.46940217522006344,0.8270057762019268,0.8045200082935932,15,"{""0"":""T1"",""1"":""T2"",""2"":""T3"",""3"":""T4"",""4"":""T5"",""5"":""T6"",""6"":""T7"",""7"":""T8"",""8"":""T9"",""9"":""T10"",""10"":""T11"",""11"":""T12"",""12"":""T13"",""13"":""T14"",""14"":""T15""}"
KNN-Impute,30,9,63,KNNimpute_completed_p30_rep09_seed63.csv,knn_impute_outputs/completed_matrices/KNNimpute_completed_p30_rep09_seed63.csv,True,,KNN-Impute_NJ_p30_rep09_seed63.treefile,0.3047619047619048,105,32,73,0,32,5,5,distance,nan_euclidean,0.0627375007635528,0.0491018189330703,0.7890467793324177,0.689149560117302,0.0027006750001419,True,True,True,0,0,0.0,0.0,12.0,0.5,6.0,12.0,12.0,0.5,0.5,0.5,T13|T15;T4|T5;T10|T7|T8;T11|T13|T15;T11|T13|T14|T15;T1|T2|T3|T4|T5|T6|T9,T11|T12;T14|T15;T13|T14|T15;T7|T8|T9;T1|T2|T3|T4;T10|T7|T8|T9,0.41716561015798836,0.4656039103470088,0.8456550898944074,0.8236056396433755,0.41970252944831027,0.46890525041549524,0.8182889809519015,0.8121501140369064,15,"{""0"":""T1"",""1"":""T2"",""2"":""T3"",""3"":""T4"",""4"":""T5"",""5"":""T6"",""6"":""T7"",""7"":""T8"",""8"":""T9"",""9"":""T10"",""10"":""T11"",""11"":""T12"",""12"":""T13"",""13"":""T14"",""14"":""T15""}"
KNN-Impute,30,10,64,KNNimpute_completed_p30_rep10_seed64.csv,knn_impute_outputs/completed_matrices/KNNimpute_completed_p30_rep10_seed64.csv,True,,KNN-Impute_NJ_p30_rep10_seed64.treefile,0.3047619047619048,105,32,73,0,32,5,5,distance,nan_euclidean,0.0592500193980719,0.0476339024378627,0.8633255575061433,0.7840909090909091,0.0027715770002032,True,True,True,0,0,0.0,0.0,4.0,0.16666666666666666,10.0,12.0,12.0,0.8333333333333334,0.8333333333333334,0.8333333333333334,T13|T14;T4|T5,T14|T15;T1|T2|T3|T4,0.42001987963776505,0.46792101271287795,0.8783280601314069,0.9158925979680695,0.4192551644211994,0.4668359978519986,0.8499229701903372,0.866576819407008,15,"{""0"":""T1"",""1"":""T2"",""2"":""T3"",""3"":""T4"",""4"":""T5"",""5"":""T6"",""6"":""T7"",""7"":""T8"",""8"":""T9"",""9"":""T10"",""10"":""T11"",""11"":""T12"",""12"":""T13"",""13"":""T14"",""14"":""T15""}"
KNN-Impute,30,11,65,KNNimpute_completed_p30_rep11_seed65.csv,knn_impute_outputs/completed_matrices/KNNimpute_completed_p30_rep11_seed65.csv,True,,KNN-Impute_NJ_p30_rep11_seed65.treefile,0.3047619047619048,105,32,73,0,32,5,5,distance,nan_euclidean,0.0628580866840625,0.0537700877568261,0.7445321240751858,0.5436217008797654,0.0021327380000002,True,True,True,0,0,0.0,0.0,12.0,0.5,6.0,12.0,12.0,0.5,0.5,0.5,T10|T8;T11|T14;T5|T6;T10|T7|T8;T11|T12|T14;T11|T12|T13|T14,T11|T12;T14|T15;T7|T8;T13|T14|T15;T7|T8|T9;T1|T2|T3|T4|T5,0.4200035261313188,0.4709933904384147,0.8401135245902376,0.8019593613933236,0.4211252399469787,0.4722513363105437,0.790201580657356,0.7273170226000414,15,"{""0"":""T1"",""1"":""T2"",""2"":""T3"",""3"":""T4"",""4"":""T5"",""5"":""T6"",""6"":""T7"",""7"":""T8"",""8"":""T9"",""9"":""T10"",""10"":""T11"",""11"":""T12"",""12"":""T13"",""13"":""T14"",""14"":""T15""}"
KNN-Impute,30,12,66,KNNimpute_completed_p30_rep12_seed66.csv,knn_impute_outputs/completed_matrices/KNNimpute_completed_p30_rep12_seed66.csv,True,,KNN-Impute_NJ_p30_rep12_seed66.treefile,0.3047619047619048,105,32,73,0,32,5,5,distance,nan_euclidean,0.061061435910213,0.0558469130958038,0.8960855748066499,0.7302052785923753,0.0024732419999509,True,True,True,0,0,0.0,0.0,12.0,0.5,6.0,12.0,12.0,0.5,0.5,0.5,T11|T13;T12|T14;T2|T4;T5|T6;T2|T3|T4;T11|T12|T13|T14,T11|T12;T14|T15;T2|T3;T1|T2|T3;T13|T14|T15;T1|T2|T3|T4|T5,0.42027619721476445,0.4695841963454593,0.8580427399890372,0.8028405556707443,0.4216142516592432,0.4703760523293561,0.8304556950726786,0.7905764047273481,15,"{""0"":""T1"",""1"":""T2"",""2"":""T3"",""3"":""T4"",""4"":""T5"",""5"":""T6"",""6"":""T7"",""7"":""T8"",""8"":""T9"",""9"":""T10"",""10"":""T11"",""11"":""T12"",""12"":""T13"",""13"":""T14"",""14"":""T15""}"
KNN-Impute,30,13,67,KNNimpute_completed_p30_rep13_seed67.csv,knn_impute_outputs/completed_matrices/KNNimpute_completed_p30_rep13_seed67.csv,True,,KNN-Impute_NJ_p30_rep13_seed67.treefile,0.3047619047619048,105,32,73,0,32,5,5,distance,nan_euclidean,0.0576425029179166,0.0495708190922052,0.8988879264431452,0.7247067448680351,0.0027744240001084,True,True,True,0,0,0.0,0.0,14.0,0.5833333333333334,5.0,12.0,12.0,0.4166666666666667,0.4166666666666667,0.4166666666666667,T10|T13;T5|T6;T8|T9;T10|T13|T14;T11|T12|T15;T2|T3|T4;T10|T11|T12|T13|T14|T15,T14|T15;T7|T8;T1|T2|T3;T13|T14|T15;T10|T7|T8|T9;T1|T2|T3|T4|T5;T11|T12|T13|T14|T15,0.4172602431265839,0.46664105855989946,0.8214787609890017,0.6635600248807796,0.4198454628301419,0.46802148763909424,0.83837131009999,0.7849263943603566,15,"{""0"":""T1"",""1"":""T2"",""2"":""T3"",""3"":""T4"",""4"":""T5"",""5"":""T6"",""6"":""T7"",""7"":""T8"",""8"":""T9"",""9"":""T10"",""10"":""T11"",""11"":""T12"",""12"":""T13"",""13"":""T14"",""14"":""T15""}"
KNN-Impute,30,14,68,KNNimpute_completed_p30_rep14_seed68.csv,knn_impute_outputs/completed_matrices/KNNimpute_completed_p30_rep14_seed68.csv,True,,KNN-Impute_NJ_p30_rep14_seed68.treefile,0.3047619047619048,105,32,73,0,32,5,5,distance,nan_euclidean,0.0599673928764438,0.0511897963230445,0.8442603498763775,0.7291055718475072,0.0022128509999674,True,True,True,0,0,0.0,0.0,16.0,0.6666666666666666,4.0,12.0,12.0,0.3333333333333333,0.3333333333333333,0.3333333333333333,T10|T5;T13|T15;T3|T4;T8|T9;T2|T3|T4;T11|T12|T13|T15;T11|T12|T13|T14|T15|T6;T1|T2|T3|T4|T7|T8|T9,T14|T15;T2|T3;T7|T8;T1|T2|T3;T13|T14|T15;T10|T7|T8|T9;T1|T2|T3|T4|T5;T1|T2|T3|T4|T5|T6,0.4182148725360514,0.4662494875551852,0.849440637848618,0.8129794733568318,0.4203388654147786,0.46890905946571204,0.8332767687964437,0.793188886585113,15,"{""0"":""T1"",""1"":""T2"",""2"":""T3"",""3"":""T4"",""4"":""T5"",""5"":""T6"",""6"":""T7"",""7"":""T8"",""8"":""T9"",""9"":""T10"",""10"":""T11"",""11"":""T12"",""12"":""T13"",""13"":""T14"",""14"":""T15""}"
KNN-Impute,30,15,69,KNNimpute_completed_p30_rep15_seed69.csv,knn_impute_outputs/completed_matrices/KNNimpute_completed_p30_rep15_seed69.csv,True,,KNN-Impute_NJ_p30_rep15_seed69.treefile,0.3047619047619048,105,32,73,0,32,5,5,distance,nan_euclidean,0.062602606276776,0.0549713019357864,0.8171351476518877,0.7155425219941348,0.0024900530002014,True,True,True,0,0,0.0,0.0,14.0,0.5833333333333334,5.0,12.0,12.0,0.4166666666666667,0.4166666666666667,0.4166666666666667,T10|T15;T7|T9;T11|T12|T13;T10|T15|T7|T9;T11|T12|T13|T14;T1|T2|T3|T4|T6;T1|T2|T3|T4|T5|T6|T8,T14|T15;T7|T8;T13|T14|T15;T7|T8|T9;T10|T7|T8|T9;T1|T2|T3|T4|T5;T11|T12|T13|T14|T15,0.4182659001040038,0.46773385220546676,0.8285580470232332,0.7339622641509433,0.4214913242681857,0.46950723261510086,0.841753277075502,0.8151565415716359,15,"{""0"":""T1"",""1"":""T2"",""2"":""T3"",""3"":""T4"",""4"":""T5"",""5"":""T6"",""6"":""T7"",""7"":""T8"",""8"":""T9"",""9"":""T10"",""10"":""T11"",""11"":""T12"",""12"":""T13"",""13"":""T14"",""14"":""T15""}"
KNN-Impute,30,16,70,KNNimpute_completed_p30_rep16_seed70.csv,knn_impute_outputs/completed_matrices/KNNimpute_completed_p30_rep16_seed70.csv,True,,KNN-Impute_NJ_p30_rep16_seed70.treefile,0.3047619047619048,105,32,73,0,32,5,5,distance,nan_euclidean,0.0634445074635726,0.0478319222958499,0.8439973158414814,0.8830645161290323,0.00211000399986,True,True,True,0,0,0.0,0.0,12.0,0.5,6.0,12.0,12.0,0.5,0.5,0.5,T1|T4;T13|T15;T5|T6;T10|T7|T8;T5|T6|T9;T1|T2|T3|T4|T5|T6|T9,T14|T15;T1|T2|T3;T7|T8|T9;T10|T7|T8|T9;T1|T2|T3|T4|T5;T1|T2|T3|T4|T5|T6,0.41916138622657373,0.4656159921122874,0.8676726239549708,0.9440700808625335,0.41931551333030026,0.4646525806019739,0.8734872414118948,0.9180696661828738,15,"{""0"":""T1"",""1"":""T2"",""2"":""T3"",""3"":""T4"",""4"":""T5"",""5"":""T6"",""6"":""T7"",""7"":""T8"",""8"":""T9"",""9"":""T10"",""10"":""T11"",""11"":""T12"",""12"":""T13"",""13"":""T14"",""14"":""T15""}"
KNN-Impute,30,17,71,KNNimpute_completed_p30_rep17_seed71.csv,knn_impute_outputs/completed_matrices/KNNimpute_completed_p30_rep17_seed71.csv,True,,KNN-Impute_NJ_p30_rep17_seed71.treefile,0.3047619047619048,105,32,73,0,32,5,5,distance,nan_euclidean,0.0672552056331501,0.0565938990804254,0.7701980790993789,0.5274926686217009,0.0030092970000623,True,True,True,0,0,0.0,0.0,12.0,0.5,6.0,12.0,12.0,0.5,0.5,0.5,T11|T14;T13|T15;T3|T4;T8|T9;T11|T12|T14;T2|T3|T4,T11|T12;T14|T15;T2|T3;T7|T8;T1|T2|T3;T13|T14|T15,0.4192292466837986,0.46964651598000334,0.8125287872764834,0.7414783329877669,0.42198583006464707,0.47255992060290547,0.7790362725356361,0.7266846361185983,15,"{""0"":""T1"",""1"":""T2"",""2"":""T3"",""3"":""T4"",""4"":""T5"",""5"":""T6"",""6"":""T7"",""7"":""T8"",""8"":""T9"",""9"":""T10"",""10"":""T11"",""11"":""T12"",""12"":""T13"",""13"":""T14"",""14"":""T15""}"
KNN-Impute,30,18,72,KNNimpute_completed_p30_rep18_seed72.csv,knn_impute_outputs/completed_matrices/KNNimpute_completed_p30_rep18_seed72.csv,True,,KNN-Impute_NJ_p30_rep18_seed72.treefile,0.3047619047619048,105,32,73,0,32,5,5,distance,nan_euclidean,0.0634467551257175,0.0552161883572987,0.8019846177370034,0.6594574780058651,0.0024302609999722,True,True,True,0,0,0.0,0.0,10.0,0.4166666666666667,7.0,12.0,12.0,0.5833333333333334,0.5833333333333334,0.5833333333333334,T11|T13;T12|T15;T5|T6;T10|T7|T8;T11|T12|T13|T15,T11|T12;T14|T15;T13|T14|T15;T7|T8|T9;T1|T2|T3|T4|T5,0.4188222017364858,0.47087994346414874,0.7915909028112332,0.7088534107402031,0.42150893044962373,0.47231911837320206,0.7966088864731462,0.7272859216255443,15,"{""0"":""T1"",""1"":""T2"",""2"":""T3"",""3"":""T4"",""4"":""T5"",""5"":""T6"",""6"":""T7"",""7"":""T8"",""8"":""T9"",""9"":""T10"",""10"":""T11"",""11"":""T12"",""12"":""T13"",""13"":""T14"",""14"":""T15""}"
KNN-Impute,30,19,73,KNNimpute_completed_p30_rep19_seed73.csv,knn_impute_outputs/completed_matrices/KNNimpute_completed_p30_rep19_seed73.csv,True,,KNN-Impute_NJ_p30_rep19_seed73.treefile,0.3047619047619048,105,32,73,0,32,5,5,distance,nan_euclidean,0.059492791685783,0.0520779808659524,0.8650236760745521,0.7767595307917888,0.0024944780000168,True,True,True,0,0,0.0,0.0,10.0,0.4166666666666667,7.0,12.0,12.0,0.5833333333333334,0.5833333333333334,0.5833333333333334,T10|T7;T11|T13;T5|T6;T8|T9;T11|T12|T13,T11|T12;T7|T8;T13|T14|T15;T7|T8|T9;T1|T2|T3|T4|T5,0.42148128954902636,0.47059218220334587,0.87835586429959,0.8440078789135392,0.4206095502278553,0.4693678530568131,0.8335200865005351,0.7894982376114452,15,"{""0"":""T1"",""1"":""T2"",""2"":""T3"",""3"":""T4"",""4"":""T5"",""5"":""T6"",""6"":""T7"",""7"":""T8"",""8"":""T9"",""9"":""T10"",""10"":""T11"",""11"":""T12"",""12"":""T13"",""13"":""T14"",""14"":""T15""}"
KNN-Impute,30,20,74,KNNimpute_completed_p30_rep20_seed74.csv,knn_impute_outputs/completed_matrices/KNNimpute_completed_p30_rep20_seed74.csv,True,,KNN-Impute_NJ_p30_rep20_seed74.treefile,0.3047619047619048,105,32,73,0,32,5,5,distance,nan_euclidean,0.0747525582142663,0.0657649822756632,0.7141644932526181,0.7452346041055719,0.0025035290000232,True,True,True,0,0,0.0,0.0,16.0,0.6666666666666666,4.0,12.0,12.0,0.3333333333333333,0.3333333333333333,0.3333333333333333,T10|T8;T13|T14;T5|T6;T10|T7|T8;T11|T12|T4;T13|T14|T15|T9;T1|T2|T3|T5|T6;T10|T13|T14|T15|T7|T8|T9,T14|T15;T7|T8;T7|T8|T9;T1|T2|T3|T4;T10|T7|T8|T9;T1|T2|T3|T4|T5;T11|T12|T13|T14|T15;T1|T2|T3|T4|T5|T6,0.4241252944044454,0.47355755658838367,0.7930711497564086,0.7955732946298985,0.4247808268479577,0.47356745238759407,0.797751370791606,0.8101285506945883,15,"{""0"":""T1"",""1"":""T2"",""2"":""T3"",""3"":""T4"",""4"":""T5"",""5"":""T6"",""6"":""T7"",""7"":""T8"",""8"":""T9"",""9"":""T10"",""10"":""T11"",""11"":""T12"",""12"":""T13"",""13"":""T14"",""14"":""T15""}"
KNN-Impute,30,21,75,KNNimpute_completed_p30_rep21_seed75.csv,knn_impute_outputs/completed_matrices/KNNimpute_completed_p30_rep21_seed75.csv,True,,KNN-Impute_NJ_p30_rep21_seed75.treefile,0.3047619047619048,105,32,73,0,32,5,5,distance,nan_euclidean,0.0690466086770696,0.0631358366480896,0.8396070915386455,0.811217008797654,0.0020736169999509,True,True,True,0,0,0.0,0.0,8.0,0.3333333333333333,8.0,12.0,12.0,0.6666666666666666,0.6666666666666666,0.6666666666666666,T2|T3|T4;T10|T13|T14|T15;T1|T2|T3|T4|T6;T10|T11|T12|T13|T14|T15,T1|T2|T3;T10|T7|T8|T9;T1|T2|T3|T4|T5;T11|T12|T13|T14|T15,0.4220045570549718,0.47083126741425646,0.8677236803964693,0.8648351648351649,0.4239795634186018,0.4737849042562906,0.8052632161633569,0.7778975741239891,15,"{""0"":""T1"",""1"":""T2"",""2"":""T3"",""3"":""T4"",""4"":""T5"",""5"":""T6"",""6"":""T7"",""7"":""T8"",""8"":""T9"",""9"":""T10"",""10"":""T11"",""11"":""T12"",""12"":""T13"",""13"":""T14"",""14"":""T15""}"
KNN-Impute,30,22,76,KNNimpute_completed_p30_rep22_seed76.csv,knn_impute_outputs/completed_matrices/KNNimpute_completed_p30_rep22_seed76.csv,True,,KNN-Impute_NJ_p30_rep22_seed76.treefile,0.3047619047619048,105,32,73,0,32,5,5,distance,nan_euclidean,0.0719164575744418,0.0626505732091088,0.6452052270852905,0.6264662756598239,0.0030729940001492,True,True,True,0,0,0.0,0.0,14.0,0.5833333333333334,5.0,12.0,12.0,0.4166666666666667,0.4166666666666667,0.4166666666666667,T10|T6;T13|T8;T5|T7;T14|T15|T9;T11|T12|T5|T7;T13|T14|T15|T8|T9;T1|T10|T2|T3|T4|T6,T7|T8;T13|T14|T15;T7|T8|T9;T10|T7|T8|T9;T1|T2|T3|T4|T5;T11|T12|T13|T14|T15;T1|T2|T3|T4|T5|T6,0.42464215644844155,0.47678694445022735,0.7795586279837128,0.7607920381505288,0.423799260327676,0.47416653375485923,0.7936834985508024,0.7711071946921002,15,"{""0"":""T1"",""1"":""T2"",""2"":""T3"",""3"":""T4"",""4"":""T5"",""5"":""T6"",""6"":""T7"",""7"":""T8"",""8"":""T9"",""9"":""T10"",""10"":""T11"",""11"":""T12"",""12"":""T13"",""13"":""T14"",""14"":""T15""}"
KNN-Impute,30,23,77,KNNimpute_completed_p30_rep23_seed77.csv,knn_impute_outputs/completed_matrices/KNNimpute_completed_p30_rep23_seed77.csv,True,,KNN-Impute_NJ_p30_rep23_seed77.treefile,0.3047619047619048,105,32,73,0,32,5,5,distance,nan_euclidean,0.0652941119703669,0.0525504805466444,0.709637022242362,0.7067448680351905,0.0021447699998589,True,True,True,0,0,0.0,0.0,10.0,0.4166666666666667,7.0,12.0,12.0,0.5833333333333334,0.5833333333333334,0.5833333333333334,T10|T8;T13|T15;T4|T6;T10|T7|T8;T1|T2|T3|T4|T6,T14|T15;T7|T8;T7|T8|T9;T1|T2|T3|T4;T1|T2|T3|T4|T5,0.42154870434309233,0.4707403762212625,0.8674969201035201,0.8704748082106571,0.4204525216847977,0.46979769214527584,0.8236027057893247,0.8148558988181629,15,"{""0"":""T1"",""1"":""T2"",""2"":""T3"",""3"":""T4"",""4"":""T5"",""5"":""T6"",""6"":""T7"",""7"":""T8"",""8"":""T9"",""9"":""T10"",""10"":""T11"",""11"":""T12"",""12"":""T13"",""13"":""T14"",""14"":""T15""}"
KNN-Impute,30,24,78,KNNimpute_completed_p30_rep24_seed78.csv,knn_impute_outputs/completed_matrices/KNNimpute_completed_p30_rep24_seed78.csv,True,,KNN-Impute_NJ_p30_rep24_seed78.treefile,0.3047619047619048,105,32,73,0,32,5,5,distance,nan_euclidean,0.0573774837174815,0.0514636016863633,0.9249098495176704,0.7950879765395894,0.0021122460000242,True,True,True,0,0,0.0,0.0,14.0,0.5833333333333334,5.0,12.0,12.0,0.4166666666666667,0.4166666666666667,0.4166666666666667,T10|T12;T11|T14;T11|T13|T14;T2|T3|T4;T11|T13|T14|T15;T10|T12|T7|T8|T9;T11|T13|T14|T15|T6,T11|T12;T14|T15;T1|T2|T3;T13|T14|T15;T10|T7|T8|T9;T11|T12|T13|T14|T15;T1|T2|T3|T4|T5|T6,0.42246689695316436,0.47387275793170347,0.8267033303196077,0.8125958946713664,0.42042231085883763,0.4692389375404456,0.8498554776910422,0.8169603980924736,15,"{""0"":""T1"",""1"":""T2"",""2"":""T3"",""3"":""T4"",""4"":""T5"",""5"":""T6"",""6"":""T7"",""7"":""T8"",""8"":""T9"",""9"":""T10"",""10"":""T11"",""11"":""T12"",""12"":""T13"",""13"":""T14"",""14"":""T15""}"
KNN-Impute,30,25,79,KNNimpute_completed_p30_rep25_seed79.csv,knn_impute_outputs/completed_matrices/KNNimpute_completed_p30_rep25_seed79.csv,True,,KNN-Impute_NJ_p30_rep25_seed79.treefile,0.3047619047619048,105,32,73,0,32,5,5,distance,nan_euclidean,0.0597455349241528,0.048434862851749,0.8048102365653483,0.7686950146627565,0.0027921970001898,True,True,True,0,0,0.0,0.0,8.0,0.3333333333333333,8.0,12.0,12.0,0.6666666666666666,0.6666666666666666,0.6666666666666666,T10|T7;T13|T15;T5|T6;T8|T9,T14|T15;T7|T8;T7|T8|T9;T1|T2|T3|T4|T5,0.41929406629986504,0.465625643174056,0.9168100238823489,0.9430541156956251,0.4194938438557804,0.46643495166742244,0.8692975019347242,0.8727037113829567,15,"{""0"":""T1"",""1"":""T2"",""2"":""T3"",""3"":""T4"",""4"":""T5"",""5"":""T6"",""6"":""T7"",""7"":""T8"",""8"":""T9"",""9"":""T10"",""10"":""T11"",""11"":""T12"",""12"":""T13"",""13"":""T14"",""14"":""T15""}"
KNN-Impute,30,26,80,KNNimpute_completed_p30_rep26_seed80.csv,knn_impute_outputs/completed_matrices/KNNimpute_completed_p30_rep26_seed80.csv,True,,KNN-Impute_NJ_p30_rep26_seed80.treefile,0.3047619047619048,105,32,73,0,32,5,5,distance,nan_euclidean,0.0608149319559453,0.0514600413243378,0.8488091368320205,0.721774193548387,0.0021852569998372,True,True,True,0,0,0.0,0.0,10.0,0.4166666666666667,7.0,12.0,12.0,0.5833333333333334,0.5833333333333334,0.5833333333333334,T10|T8;T13|T14;T5|T6;T10|T8|T9;T11|T12|T15,T14|T15;T7|T8;T13|T14|T15;T7|T8|T9;T1|T2|T3|T4|T5,0.4207566128364641,0.46838007734435366,0.8795407690266045,0.8662036077130416,0.4204212257961251,0.4683592883009932,0.8420458317001127,0.8232738959154053,15,"{""0"":""T1"",""1"":""T2"",""2"":""T3"",""3"":""T4"",""4"":""T5"",""5"":""T6"",""6"":""T7"",""7"":""T8"",""8"":""T9"",""9"":""T10"",""10"":""T11"",""11"":""T12"",""12"":""T13"",""13"":""T14"",""14"":""T15""}"
KNN-Impute,30,27,81,KNNimpute_completed_p30_rep27_seed81.csv,knn_impute_outputs/completed_matrices/KNNimpute_completed_p30_rep27_seed81.csv,True,,KNN-Impute_NJ_p30_rep27_seed81.treefile,0.3047619047619048,105,32,73,0,32,5,5,distance,nan_euclidean,0.0634039878217121,0.0576700365215958,0.827392124258474,0.7716275659824047,0.002554481000061,True,True,True,0,0,0.0,0.0,16.0,0.6666666666666666,4.0,12.0,12.0,0.3333333333333333,0.3333333333333333,0.3333333333333333,T11|T14;T12|T9;T5|T6;T11|T14|T15;T12|T8|T9;T11|T13|T14|T15;T12|T7|T8|T9;T10|T12|T7|T8|T9,T11|T12;T14|T15;T7|T8;T13|T14|T15;T7|T8|T9;T10|T7|T8|T9;T1|T2|T3|T4|T5;T11|T12|T13|T14|T15,0.4209618095887897,0.47130852606567675,0.8436378120149893,0.8002384408044785,0.42228202843015644,0.4720040320059949,0.819558022945595,0.7720091229525191,15,"{""0"":""T1"",""1"":""T2"",""2"":""T3"",""3"":""T4"",""4"":""T5"",""5"":""T6"",""6"":""T7"",""7"":""T8"",""8"":""T9"",""9"":""T10"",""10"":""T11"",""11"":""T12"",""12"":""T13"",""13"":""T14"",""14"":""T15""}"
KNN-Impute,30,28,82,KNNimpute_completed_p30_rep28_seed82.csv,knn_impute_outputs/completed_matrices/KNNimpute_completed_p30_rep28_seed82.csv,True,,KNN-Impute_NJ_p30_rep28_seed82.treefile,0.3047619047619048,105,32,73,0,32,5,5,distance,nan_euclidean,0.0665119051925709,0.0537759903978669,0.7995521175896987,0.7774926686217009,0.0025513020000289,True,True,True,0,0,0.0,0.0,10.0,0.4166666666666667,7.0,12.0,12.0,0.5833333333333334,0.5833333333333334,0.5833333333333334,T1|T5;T13|T15;T7|T9;T1|T2|T3|T5;T1|T10|T2|T3|T4|T5|T6,T14|T15;T7|T8;T1|T2|T3;T1|T2|T3|T4;T10|T7|T8|T9,0.41871279030941494,0.46623615311496014,0.8611954697456633,0.8641820443707237,0.42112703884710545,0.46876999774919825,0.8322583577639373,0.8333920796184947,15,"{""0"":""T1"",""1"":""T2"",""2"":""T3"",""3"":""T4"",""4"":""T5"",""5"":""T6"",""6"":""T7"",""7"":""T8"",""8"":""T9"",""9"":""T10"",""10"":""T11"",""11"":""T12"",""12"":""T13"",""13"":""T14"",""14"":""T15""}"
KNN-Impute,30,29,83,KNNimpute_completed_p30_rep29_seed83.csv,knn_impute_outputs/completed_matrices/KNNimpute_completed_p30_rep29_seed83.csv,True,,KNN-Impute_NJ_p30_rep29_seed83.treefile,0.3047619047619048,105,32,73,0,32,5,5,distance,nan_euclidean,0.0624625009841128,0.0566550685445171,0.8344005998658299,0.7001466275659822,0.0023378519999823,True,True,True,0,0,0.0,0.0,18.0,0.75,3.0,12.0,12.0,0.25,0.25,0.25,T10|T14;T11|T13;T12|T15;T4|T5;T8|T9;T1|T4|T5;T2|T3|T6;T11|T12|T13|T15;T10|T11|T12|T13|T14|T15,T11|T12;T14|T15;T7|T8;T1|T2|T3;T13|T14|T15;T1|T2|T3|T4;T10|T7|T8|T9;T1|T2|T3|T4|T5;T11|T12|T13|T14|T15,0.42062121334885144,0.47134064460261976,0.8098627558609928,0.7478332987766949,0.4212008796044985,0.4704637825859616,0.8167538710014903,0.7637569977192619,15,"{""0"":""T1"",""1"":""T2"",""2"":""T3"",""3"":""T4"",""4"":""T5"",""5"":""T6"",""6"":""T7"",""7"":""T8"",""8"":""T9"",""9"":""T10"",""10"":""T11"",""11"":""T12"",""12"":""T13"",""13"":""T14"",""14"":""T15""}"
KNN-Impute,30,30,84,KNNimpute_completed_p30_rep30_seed84.csv,knn_impute_outputs/completed_matrices/KNNimpute_completed_p30_rep30_seed84.csv,True,,KNN-Impute_NJ_p30_rep30_seed84.treefile,0.3047619047619048,105,32,73,0,32,5,5,distance,nan_euclidean,0.0621354888632154,0.0504914026360044,0.831420795407568,0.8310117302052785,0.0021225329999197,True,True,True,0,0,0.0,0.0,8.0,0.3333333333333333,8.0,12.0,12.0,0.6666666666666666,0.6666666666666666,0.6666666666666666,T13|T15;T8|T9;T2|T3|T5;T1|T2|T3|T5,T14|T15;T7|T8;T1|T2|T3;T1|T2|T3|T4,0.4213391051616782,0.46712528760328426,0.9088018125083385,0.9181629691063653,0.42012602162444257,0.46618540346491866,0.8704544468201458,0.892566867095169,15,"{""0"":""T1"",""1"":""T2"",""2"":""T3"",""3"":""T4"",""4"":""T5"",""5"":""T6"",""6"":""T7"",""7"":""T8"",""8"":""T9"",""9"":""T10"",""10"":""T11"",""11"":""T12"",""12"":""T13"",""13"":""T14"",""14"":""T15""}"
KNN-Impute,50,1,55,KNNimpute_completed_p50_rep01_seed55.csv,knn_impute_outputs/completed_matrices/KNNimpute_completed_p50_rep01_seed55.csv,True,,KNN-Impute_NJ_p50_rep01_seed55.treefile,0.4952380952380952,105,52,53,0,52,5,5,distance,nan_euclidean,0.0661261617419464,0.0554696218792989,0.7298411859479813,0.7432767011013405,0.0021139559999028,True,True,True,0,0,0.0,0.0,14.0,0.5833333333333334,5.0,12.0,12.0,0.4166666666666667,0.4166666666666667,0.4166666666666667,T1|T3;T13|T15;T2|T4;T5|T6;T7|T9;T2|T4|T5|T6;T1|T10|T2|T3|T4|T5|T6,T14|T15;T2|T3;T7|T8;T1|T2|T3;T1|T2|T3|T4;T10|T7|T8|T9;T1|T2|T3|T4|T5,0.42996337351757036,0.4750614306447044,0.8506263269239039,0.7746941737507774,0.4306514988769775,0.4761297016494573,0.782038990450023,0.7598486419241136,15,"{""0"":""T1"",""1"":""T2"",""2"":""T3"",""3"":""T4"",""4"":""T5"",""5"":""T6"",""6"":""T7"",""7"":""T8"",""8"":""T9"",""9"":""T10"",""10"":""T11"",""11"":""T12"",""12"":""T13"",""13"":""T14"",""14"":""T15""}"
KNN-Impute,50,2,56,KNNimpute_completed_p50_rep02_seed56.csv,knn_impute_outputs/completed_matrices/KNNimpute_completed_p50_rep02_seed56.csv,True,,KNN-Impute_NJ_p50_rep02_seed56.treefile,0.4952380952380952,105,52,53,0,52,5,5,distance,nan_euclidean,0.0684229266808591,0.0605616093759043,0.8568533141562081,0.500042687612055,0.006776813999977,True,True,True,0,0,0.0,0.0,14.0,0.5833333333333334,5.0,12.0,12.0,0.4166666666666667,0.4166666666666667,0.4166666666666667,T11|T13;T12|T14;T8|T9;T2|T3|T4;T11|T12|T13|T14;T11|T12|T13|T14|T6;T11|T12|T13|T14|T15|T6,T11|T12;T14|T15;T7|T8;T1|T2|T3;T13|T14|T15;T11|T12|T13|T14|T15;T1|T2|T3|T4|T5|T6,0.4354728099564605,0.4850403070402345,0.7898082293258936,0.7160999377980509,0.43473058165487,0.48593776904112274,0.7114999594369409,0.6081899232842629,15,"{""0"":""T1"",""1"":""T2"",""2"":""T3"",""3"":""T4"",""4"":""T5"",""5"":""T6"",""6"":""T7"",""7"":""T8"",""8"":""T9"",""9"":""T10"",""10"":""T11"",""11"":""T12"",""12"":""T13"",""13"":""T14"",""14"":""T15""}"
KNN-Impute,50,3,57,KNNimpute_completed_p50_rep03_seed57.csv,knn_impute_outputs/completed_matrices/KNNimpute_completed_p50_rep03_seed57.csv,True,,KNN-Impute_NJ_p50_rep03_seed57.treefile,0.4952380952380952,105,52,53,0,52,5,5,distance,nan_euclidean,0.0703130337831495,0.0542180481111734,0.7739115408034627,0.7330316742081447,0.0022417109998968,True,True,True,0,0,0.0,0.0,10.0,0.4166666666666667,7.0,12.0,12.0,0.5833333333333334,0.5833333333333334,0.5833333333333334,T1|T4;T10|T8;T13|T15;T7|T9;T2|T3|T5,T14|T15;T7|T8;T1|T2|T3;T7|T8|T9;T1|T2|T3|T4,0.431248664125868,0.47570772851615495,0.8704905011459753,0.895210449927431,0.4315890084570985,0.47715837326268334,0.7918959874482127,0.7617665353514409,15,"{""0"":""T1"",""1"":""T2"",""2"":""T3"",""3"":""T4"",""4"":""T5"",""5"":""T6"",""6"":""T7"",""7"":""T8"",""8"":""T9"",""9"":""T10"",""10"":""T11"",""11"":""T12"",""12"":""T13"",""13"":""T14"",""14"":""T15""}"
KNN-Impute,50,4,58,KNNimpute_completed_p50_rep04_seed58.csv,knn_impute_outputs/completed_matrices/KNNimpute_completed_p50_rep04_seed58.csv,True,,KNN-Impute_NJ_p50_rep04_seed58.treefile,0.4952380952380952,105,52,53,0,52,5,5,distance,nan_euclidean,0.0598830511281958,0.0519119542147271,0.8611831908189012,0.7873303167420814,0.0022594210001898,True,True,True,0,0,0.0,0.0,12.0,0.5,6.0,12.0,12.0,0.5,0.5,0.5,T10|T8;T13|T15;T4|T6;T10|T7|T8;T2|T3|T5;T1|T2|T3|T5,T14|T15;T7|T8;T1|T2|T3;T7|T8|T9;T1|T2|T3|T4;T1|T2|T3|T4|T5,0.4306130327896601,0.47797678934475546,0.8750927274178958,0.8286854654779182,0.4303401266969569,0.47786652509158145,0.8124077004015003,0.7361808003317437,15,"{""0"":""T1"",""1"":""T2"",""2"":""T3"",""3"":""T4"",""4"":""T5"",""5"":""T6"",""6"":""T7"",""7"":""T8"",""8"":""T9"",""9"":""T10"",""10"":""T11"",""11"":""T12"",""12"":""T13"",""13"":""T14"",""14"":""T15""}"
KNN-Impute,50,5,59,KNNimpute_completed_p50_rep05_seed59.csv,knn_impute_outputs/completed_matrices/KNNimpute_completed_p50_rep05_seed59.csv,True,,KNN-Impute_NJ_p50_rep05_seed59.treefile,0.4952380952380952,105,52,53,0,52,5,5,distance,nan_euclidean,0.0673788602435756,0.0553663834385546,0.7413458418263223,0.7329462989840348,0.0030606239999997,True,True,True,0,0,0.0,0.0,18.0,0.75,3.0,12.0,12.0,0.25,0.25,0.25,T10|T8;T13|T14;T2|T6;T7|T9;T11|T12|T15;T2|T3|T6;T1|T2|T3|T6;T1|T2|T3|T5|T6;T10|T11|T12|T13|T14|T15|T8,T14|T15;T2|T3;T7|T8;T1|T2|T3;T13|T14|T15;T7|T8|T9;T1|T2|T3|T4;T10|T7|T8|T9;T1|T2|T3|T4|T5,0.4283140676772392,0.4766716401162004,0.7514170242969648,0.65155504872486,0.4307498814085118,0.47825907625873,0.7804262713682456,0.7295562927638399,15,"{""0"":""T1"",""1"":""T2"",""2"":""T3"",""3"":""T4"",""4"":""T5"",""5"":""T6"",""6"":""T7"",""7"":""T8"",""8"":""T9"",""9"":""T10"",""10"":""T11"",""11"":""T12"",""12"":""T13"",""13"":""T14"",""14"":""T15""}"
KNN-Impute,50,6,60,KNNimpute_completed_p50_rep06_seed60.csv,knn_impute_outputs/completed_matrices/KNNimpute_completed_p50_rep06_seed60.csv,True,,KNN-Impute_NJ_p50_rep06_seed60.treefile,0.4952380952380952,105,52,53,0,52,5,5,distance,nan_euclidean,0.0665156149228063,0.0557754696311219,0.6918869612919425,0.7563391103901649,0.0031805850001092,True,True,True,0,0,0.0,0.0,18.0,0.75,3.0,12.0,12.0,0.25,0.25,0.25,T10|T12;T13|T15;T4|T6;T8|T9;T11|T13|T15;T4|T5|T6;T1|T14|T2|T3;T10|T11|T12|T13|T15;T1|T14|T2|T3|T4|T5|T6,T11|T12;T14|T15;T7|T8;T13|T14|T15;T1|T2|T3|T4;T10|T7|T8|T9;T1|T2|T3|T4|T5;T11|T12|T13|T14|T15;T1|T2|T3|T4|T5|T6,0.4325040993995146,0.48523005764368443,0.7265469665262655,0.7420588845117146,0.4308971436620142,0.4813306369966527,0.746685855888756,0.730966203607713,15,"{""0"":""T1"",""1"":""T2"",""2"":""T3"",""3"":""T4"",""4"":""T5"",""5"":""T6"",""6"":""T7"",""7"":""T8"",""8"":""T9"",""9"":""T10"",""10"":""T11"",""11"":""T12"",""12"":""T13"",""13"":""T14"",""14"":""T15""}"
KNN-Impute,50,7,61,KNNimpute_completed_p50_rep07_seed61.csv,knn_impute_outputs/completed_matrices/KNNimpute_completed_p50_rep07_seed61.csv,True,,KNN-Impute_NJ_p50_rep07_seed61.treefile,0.4952380952380952,105,52,53,0,52,5,5,distance,nan_euclidean,0.0622531620503769,0.0560438790282628,0.8533540660262848,0.8554597455818321,0.0025373030000537,True,True,True,0,0,0.0,0.0,16.0,0.6666666666666666,4.0,12.0,12.0,0.3333333333333333,0.3333333333333333,0.3333333333333333,T10|T8;T13|T15;T14|T7;T4|T6;T10|T8|T9;T4|T5|T6;T11|T12|T13|T15;T10|T14|T7|T8|T9,T14|T15;T7|T8;T13|T14|T15;T7|T8|T9;T1|T2|T3|T4;T10|T7|T8|T9;T1|T2|T3|T4|T5;T11|T12|T13|T14|T15,0.43156807017910115,0.48105424239795774,0.8369227172771636,0.8325419863155712,0.4317215656323434,0.4797175561908132,0.809793349699513,0.7863466721957287,15,"{""0"":""T1"",""1"":""T2"",""2"":""T3"",""3"":""T4"",""4"":""T5"",""5"":""T6"",""6"":""T7"",""7"":""T8"",""8"":""T9"",""9"":""T10"",""10"":""T11"",""11"":""T12"",""12"":""T13"",""13"":""T14"",""14"":""T15""}"
KNN-Impute,50,8,62,KNNimpute_completed_p50_rep08_seed62.csv,knn_impute_outputs/completed_matrices/KNNimpute_completed_p50_rep08_seed62.csv,True,,KNN-Impute_NJ_p50_rep08_seed62.treefile,0.4952380952380952,105,52,53,0,52,5,5,distance,nan_euclidean,0.074504668558521,0.0560062642775919,0.6655622369952503,0.6216170067446427,0.0021121260001564,True,True,True,0,0,0.0,0.0,16.0,0.6666666666666666,4.0,12.0,12.0,0.3333333333333333,0.3333333333333333,0.3333333333333333,T1|T4;T10|T5;T13|T15;T10|T5|T6;T11|T13|T15;T11|T12|T13|T15;T1|T10|T2|T3|T4|T5|T6;T11|T12|T13|T14|T15|T7|T8,T11|T12;T14|T15;T1|T2|T3;T13|T14|T15;T7|T8|T9;T10|T7|T8|T9;T1|T2|T3|T4|T5;T1|T2|T3|T4|T5|T6,0.4304646876176143,0.47875195153782174,0.7672629176208905,0.7474600870827286,0.4319600801980919,0.480230199960858,0.7457857864336666,0.7551109268090399,15,"{""0"":""T1"",""1"":""T2"",""2"":""T3"",""3"":""T4"",""4"":""T5"",""5"":""T6"",""6"":""T7"",""7"":""T8"",""8"":""T9"",""9"":""T10"",""10"":""T11"",""11"":""T12"",""12"":""T13"",""13"":""T14"",""14"":""T15""}"
KNN-Impute,50,9,63,KNNimpute_completed_p50_rep09_seed63.csv,knn_impute_outputs/completed_matrices/KNNimpute_completed_p50_rep09_seed63.csv,True,,KNN-Impute_NJ_p50_rep09_seed63.treefile,0.4952380952380952,105,52,53,0,52,5,5,distance,nan_euclidean,0.0654690359203012,0.053302540374472,0.747783759047683,0.6220438828651926,0.0023285940001187,True,True,True,0,0,0.0,0.0,16.0,0.6666666666666666,4.0,12.0,12.0,0.3333333333333333,0.3333333333333333,0.3333333333333333,T10|T8;T11|T15;T13|T14;T10|T7|T8;T11|T12|T15;T13|T14|T6;T11|T12|T15|T5;T1|T13|T14|T2|T3|T4|T6,T11|T12;T14|T15;T7|T8;T13|T14|T15;T7|T8|T9;T1|T2|T3|T4|T5;T11|T12|T13|T14|T15;T1|T2|T3|T4|T5|T6,0.43031616467627926,0.48111391730656566,0.7548214055507635,0.8034625751606883,0.4307653221881394,0.48212116088213,0.7271439660891124,0.6705266431681526,15,"{""0"":""T1"",""1"":""T2"",""2"":""T3"",""3"":""T4"",""4"":""T5"",""5"":""T6"",""6"":""T7"",""7"":""T8"",""8"":""T9"",""9"":""T10"",""10"":""T11"",""11"":""T12"",""12"":""T13"",""13"":""T14"",""14"":""T15""}"
KNN-Impute,50,10,64,KNNimpute_completed_p50_rep10_seed64.csv,knn_impute_outputs/completed_matrices/KNNimpute_completed_p50_rep10_seed64.csv,True,,KNN-Impute_NJ_p50_rep10_seed64.treefile,0.4952380952380952,105,52,53,0,52,5,5,distance,nan_euclidean,0.0565461722181353,0.0477006314140649,0.8455421787399042,0.7542901050115256,0.0023115039998629,True,True,True,0,0,0.0,0.0,12.0,0.5,6.0,12.0,12.0,0.5,0.5,0.5,T10|T7;T13|T14;T8|T9;T2|T3|T4;T10|T15|T7|T8|T9;T10|T13|T14|T15|T7|T8|T9,T14|T15;T7|T8;T1|T2|T3;T13|T14|T15;T7|T8|T9;T11|T12|T13|T14|T15,0.4273595040854823,0.4788885691219387,0.7789078989774733,0.7432303545511092,0.4275395452400417,0.4760738671415932,0.8094761624112425,0.7894049346879536,15,"{""0"":""T1"",""1"":""T2"",""2"":""T3"",""3"":""T4"",""4"":""T5"",""5"":""T6"",""6"":""T7"",""7"":""T8"",""8"":""T9"",""9"":""T10"",""10"":""T11"",""11"":""T12"",""12"":""T13"",""13"":""T14"",""14"":""T15""}"
KNN-Impute,50,11,65,KNNimpute_completed_p50_rep11_seed65.csv,knn_impute_outputs/completed_matrices/KNNimpute_completed_p50_rep11_seed65.csv,True,,KNN-Impute_NJ_p50_rep11_seed65.treefile,0.4952380952380952,105,52,53,0,52,5,5,distance,nan_euclidean,0.0657890749604701,0.0511734750657427,0.7437060199889092,0.6182019977802441,0.0025899760000811,True,True,True,0,0,0.0,0.0,16.0,0.6666666666666666,4.0,12.0,12.0,0.3333333333333333,0.3333333333333333,0.3333333333333333,T1|T3;T10|T8;T13|T15;T2|T6;T7|T9;T1|T3|T4;T11|T12|T13|T15;T1|T2|T3|T4|T6,T14|T15;T2|T3;T7|T8;T1|T2|T3;T13|T14|T15;T7|T8|T9;T1|T2|T3|T4;T1|T2|T3|T4|T5,0.43130125312801293,0.4798242061784263,0.7981405137055798,0.7329048310180385,0.42983578527015065,0.47971031478591436,0.7407869650695603,0.6827285921625544,15,"{""0"":""T1"",""1"":""T2"",""2"":""T3"",""3"":""T4"",""4"":""T5"",""5"":""T6"",""6"":""T7"",""7"":""T8"",""8"":""T9"",""9"":""T10"",""10"":""T11"",""11"":""T12"",""12"":""T13"",""13"":""T14"",""14"":""T15""}"
KNN-Impute,50,12,66,KNNimpute_completed_p50_rep12_seed66.csv,knn_impute_outputs/completed_matrices/KNNimpute_completed_p50_rep12_seed66.csv,True,,KNN-Impute_NJ_p50_rep12_seed66.treefile,0.4952380952380952,105,52,53,0,52,5,5,distance,nan_euclidean,0.0642641365712136,0.0556534745400602,0.8052042799380746,0.602236830871681,0.0021986159999869,True,True,True,0,0,0.0,0.0,20.0,0.8333333333333334,2.0,12.0,12.0,0.16666666666666666,0.16666666666666666,0.16666666666666666,T11|T13;T12|T14;T15|T8;T2|T4;T5|T6;T15|T7|T8;T2|T3|T4;T11|T12|T13|T14;T15|T7|T8|T9;T1|T10|T2|T3|T4|T5|T6,T11|T12;T14|T15;T2|T3;T7|T8;T1|T2|T3;T13|T14|T15;T7|T8|T9;T10|T7|T8|T9;T1|T2|T3|T4|T5;T11|T12|T13|T14|T15,0.4319636462828758,0.48328976544194874,0.7581798800898516,0.7202363674061787,0.43181786358220514,0.48188163140313717,0.7477510351761856,0.6864088741447232,15,"{""0"":""T1"",""1"":""T2"",""2"":""T3"",""3"":""T4"",""4"":""T5"",""5"":""T6"",""6"":""T7"",""7"":""T8"",""8"":""T9"",""9"":""T10"",""10"":""T11"",""11"":""T12"",""12"":""T13"",""13"":""T14"",""14"":""T15""}"
KNN-Impute,50,13,67,KNNimpute_completed_p50_rep13_seed67.csv,knn_impute_outputs/completed_matrices/KNNimpute_completed_p50_rep13_seed67.csv,True,,KNN-Impute_NJ_p50_rep13_seed67.treefile,0.4952380952380952,105,52,53,0,52,5,5,distance,nan_euclidean,0.0576938796452606,0.0490430874234052,0.8465377813824272,0.8019294800648852,0.0020930039997892,True,True,True,0,0,0.0,0.0,14.0,0.5833333333333334,5.0,12.0,12.0,0.4166666666666667,0.4166666666666667,0.4166666666666667,T1|T5;T10|T9;T3|T4;T1|T5|T6;T10|T8|T9;T2|T3|T4;T11|T12|T14|T15,T2|T3;T7|T8;T1|T2|T3;T13|T14|T15;T7|T8|T9;T1|T2|T3|T4;T1|T2|T3|T4|T5,0.4270225954971935,0.47480512508555833,0.8672104027479339,0.8091644204851751,0.42818857020272344,0.475919349741928,0.8215742840926102,0.7746112378187849,15,"{""0"":""T1"",""1"":""T2"",""2"":""T3"",""3"":""T4"",""4"":""T5"",""5"":""T6"",""6"":""T7"",""7"":""T8"",""8"":""T9"",""9"":""T10"",""10"":""T11"",""11"":""T12"",""12"":""T13"",""13"":""T14"",""14"":""T15""}"
KNN-Impute,50,14,68,KNNimpute_completed_p50_rep14_seed68.csv,knn_impute_outputs/completed_matrices/KNNimpute_completed_p50_rep14_seed68.csv,True,,KNN-Impute_NJ_p50_rep14_seed68.treefile,0.4952380952380952,105,52,53,0,52,5,5,distance,nan_euclidean,0.0672357177904622,0.0513390053592914,0.7832330757974013,0.7556561085972849,0.0020951449998847,True,True,True,0,0,0.0,0.0,8.0,0.3333333333333333,8.0,12.0,12.0,0.6666666666666666,0.6666666666666666,0.6666666666666666,T13|T15;T3|T4;T8|T9;T2|T3|T4,T14|T15;T2|T3;T7|T8;T1|T2|T3,0.4317978677078827,0.4804693220565385,0.8034997520589142,0.8620671781049138,0.43012793670515687,0.47782831492208533,0.7706395827165646,0.7572257930748496,15,"{""0"":""T1"",""1"":""T2"",""2"":""T3"",""3"":""T4"",""4"":""T5"",""5"":""T6"",""6"":""T7"",""7"":""T8"",""8"":""T9"",""9"":""T10"",""10"":""T11"",""11"":""T12"",""12"":""T13"",""13"":""T14"",""14"":""T15""}"
KNN-Impute,50,15,69,KNNimpute_completed_p50_rep15_seed69.csv,knn_impute_outputs/completed_matrices/KNNimpute_completed_p50_rep15_seed69.csv,True,,KNN-Impute_NJ_p50_rep15_seed69.treefile,0.4952380952380952,105,52,53,0,52,5,5,distance,nan_euclidean,0.0639311660561434,0.0524753520149169,0.7752989457386,0.6512422095107999,0.0020865869998942,True,True,True,0,0,0.0,0.0,8.0,0.3333333333333333,8.0,12.0,12.0,0.6666666666666666,0.6666666666666666,0.6666666666666666,T7|T9;T11|T12|T13;T2|T3|T5;T1|T2|T3|T5,T7|T8;T1|T2|T3;T13|T14|T15;T1|T2|T3|T4,0.4289856916454899,0.4768303752943212,0.8239458336632408,0.7694692100352478,0.4303933885772021,0.4780268867590055,0.796486028473164,0.7546340452000829,15,"{""0"":""T1"",""1"":""T2"",""2"":""T3"",""3"":""T4"",""4"":""T5"",""5"":""T6"",""6"":""T7"",""7"":""T8"",""8"":""T9"",""9"":""T10"",""10"":""T11"",""11"":""T12"",""12"":""T13"",""13"":""T14"",""14"":""T15""}"
KNN-Impute,50,16,70,KNNimpute_completed_p50_rep16_seed70.csv,knn_impute_outputs/completed_matrices/KNNimpute_completed_p50_rep16_seed70.csv,True,,KNN-Impute_NJ_p50_rep16_seed70.treefile,0.4952380952380952,105,52,53,0,52,5,5,distance,nan_euclidean,0.0708808302125361,0.0550538729901337,0.6680903425822793,0.6234952616750619,0.0023812770000404,True,True,True,0,0,0.0,0.0,10.0,0.4166666666666667,7.0,12.0,12.0,0.5833333333333334,0.5833333333333334,0.5833333333333334,T13|T15;T5|T6;T10|T7|T8;T12|T13|T14|T15;T1|T11|T2|T3|T4|T5|T6,T11|T12;T14|T15;T7|T8|T9;T1|T2|T3|T4|T5;T11|T12|T13|T14|T15,0.4280375226055452,0.47515501362021834,0.7994900430419658,0.8251710553597347,0.43017126344934553,0.4779181462342069,0.7703931066926184,0.7892079618494712,15,"{""0"":""T1"",""1"":""T2"",""2"":""T3"",""3"":""T4"",""4"":""T5"",""5"":""T6"",""6"":""T7"",""7"":""T8"",""8"":""T9"",""9"":""T10"",""10"":""T11"",""11"":""T12"",""12"":""T13"",""13"":""T14"",""14"":""T15""}"
KNN-Impute,50,17,71,KNNimpute_completed_p50_rep17_seed71.csv,knn_impute_outputs/completed_matrices/KNNimpute_completed_p50_rep17_seed71.csv,True,,KNN-Impute_NJ_p50_rep17_seed71.treefile,0.4952380952380952,105,52,53,0,52,5,5,distance,nan_euclidean,0.0674433408948152,0.0536696606657913,0.7500802834348961,0.5434133014599163,0.0021367180002016,True,True,True,0,0,0.0,0.0,12.0,0.5,6.0,12.0,12.0,0.5,0.5,0.5,T13|T15;T2|T4;T5|T6;T8|T9;T11|T12|T14;T2|T3|T4,T14|T15;T2|T3;T7|T8;T1|T2|T3;T13|T14|T15;T1|T2|T3|T4|T5,0.43105748642383357,0.4799571141474317,0.8066226676290718,0.7619531411984242,0.4313117077654915,0.480928373003441,0.7367665179698687,0.6776487663280116,15,"{""0"":""T1"",""1"":""T2"",""2"":""T3"",""3"":""T4"",""4"":""T5"",""5"":""T6"",""6"":""T7"",""7"":""T8"",""8"":""T9"",""9"":""T10"",""10"":""T11"",""11"":""T12"",""12"":""T13"",""13"":""T14"",""14"":""T15""}"
KNN-Impute,50,18,72,KNNimpute_completed_p50_rep18_seed72.csv,knn_impute_outputs/completed_matrices/KNNimpute_completed_p50_rep18_seed72.csv,True,,KNN-Impute_NJ_p50_rep18_seed72.treefile,0.4952380952380952,105,52,53,0,52,5,5,distance,nan_euclidean,0.0797391016825874,0.0617614581382162,0.5935043482676102,0.5031161956800136,0.002123298999777,True,True,True,0,0,0.0,0.0,22.0,0.9166666666666666,1.0,12.0,12.0,0.08333333333333333,0.08333333333333333,0.08333333333333333,T10|T8;T13|T15;T3|T4;T10|T14|T8;T12|T13|T15;T2|T3|T4;T10|T14|T8|T9;T11|T12|T13|T15;T10|T14|T7|T8|T9;T11|T12|T13|T15|T5;T10|T14|T6|T7|T8|T9,T11|T12;T14|T15;T2|T3;T7|T8;T1|T2|T3;T13|T14|T15;T7|T8|T9;T10|T7|T8|T9;T1|T2|T3|T4|T5;T11|T12|T13|T14|T15;T1|T2|T3|T4|T5|T6,0.4358609111594412,0.48984495343583107,0.6114169671029391,0.5660792038150528,0.4351169200997993,0.4879385436973823,0.6260358484284734,0.5780841799709724,15,"{""0"":""T1"",""1"":""T2"",""2"":""T3"",""3"":""T4"",""4"":""T5"",""5"":""T6"",""6"":""T7"",""7"":""T8"",""8"":""T9"",""9"":""T10"",""10"":""T11"",""11"":""T12"",""12"":""T13"",""13"":""T14"",""14"":""T15""}"
KNN-Impute,50,19,73,KNNimpute_completed_p50_rep19_seed73.csv,knn_impute_outputs/completed_matrices/KNNimpute_completed_p50_rep19_seed73.csv,True,,KNN-Impute_NJ_p50_rep19_seed73.treefile,0.4952380952380952,105,52,53,0,52,5,5,distance,nan_euclidean,0.0686884556141568,0.0567388549293344,0.7519348840985899,0.639631179031845,0.0021877399999539,True,True,True,0,0,0.0,0.0,16.0,0.6666666666666666,4.0,12.0,12.0,0.3333333333333333,0.3333333333333333,0.3333333333333333,T12|T5;T13|T15;T8|T9;T11|T12|T5;T2|T3|T4;T10|T14|T7|T8|T9;T11|T12|T13|T15|T5;T10|T14|T6|T7|T8|T9,T11|T12;T14|T15;T7|T8;T1|T2|T3;T13|T14|T15;T1|T2|T3|T4|T5;T11|T12|T13|T14|T15;T1|T2|T3|T4|T5|T6,0.43169490059062315,0.4858077800931475,0.6772951975451793,0.7016794526228489,0.4328374080241878,0.48331083850062856,0.7244766416396963,0.6929193448061373,15,"{""0"":""T1"",""1"":""T2"",""2"":""T3"",""3"":""T4"",""4"":""T5"",""5"":""T6"",""6"":""T7"",""7"":""T8"",""8"":""T9"",""9"":""T10"",""10"":""T11"",""11"":""T12"",""12"":""T13"",""13"":""T14"",""14"":""T15""}"
KNN-Impute,50,20,74,KNNimpute_completed_p50_rep20_seed74.csv,knn_impute_outputs/completed_matrices/KNNimpute_completed_p50_rep20_seed74.csv,True,,KNN-Impute_NJ_p50_rep20_seed74.treefile,0.4952380952380952,105,52,53,0,52,5,5,distance,nan_euclidean,0.0751696237036214,0.0634043975495095,0.6833879383713575,0.7251771535900281,0.0020688600000084,True,True,True,0,0,0.0,0.0,16.0,0.6666666666666666,4.0,12.0,12.0,0.3333333333333333,0.3333333333333333,0.3333333333333333,T10|T9;T12|T4;T13|T14;T5|T6;T10|T8|T9;T11|T13|T14|T15;T1|T2|T3|T5|T6;T1|T12|T2|T3|T4|T5|T6,T11|T12;T14|T15;T7|T8;T7|T8|T9;T1|T2|T3|T4;T1|T2|T3|T4|T5;T11|T12|T13|T14|T15;T1|T2|T3|T4|T5|T6,0.4345181628107033,0.48400289605430946,0.7554999039057116,0.7333713456354966,0.4359511233052913,0.48542095950374886,0.72768750694599,0.7206925150321376,15,"{""0"":""T1"",""1"":""T2"",""2"":""T3"",""3"":""T4"",""4"":""T5"",""5"":""T6"",""6"":""T7"",""7"":""T8"",""8"":""T9"",""9"":""T10"",""10"":""T11"",""11"":""T12"",""12"":""T13"",""13"":""T14"",""14"":""T15""}"
KNN-Impute,50,21,75,KNNimpute_completed_p50_rep21_seed75.csv,knn_impute_outputs/completed_matrices/KNNimpute_completed_p50_rep21_seed75.csv,True,,KNN-Impute_NJ_p50_rep21_seed75.treefile,0.4952380952380952,105,52,53,0,52,5,5,distance,nan_euclidean,0.0709906648874305,0.0642409173222339,0.7786348837388319,0.8417143345001281,0.0021340860000691,True,True,True,0,0,0.0,0.0,16.0,0.6666666666666666,4.0,12.0,12.0,0.3333333333333333,0.3333333333333333,0.3333333333333333,T6|T7;T8|T9;T10|T14|T15;T11|T12|T5;T4|T6|T7;T10|T13|T14|T15;T1|T2|T3|T4|T6|T7;T10|T11|T12|T13|T14|T15|T5,T7|T8;T13|T14|T15;T7|T8|T9;T1|T2|T3|T4;T10|T7|T8|T9;T1|T2|T3|T4|T5;T11|T12|T13|T14|T15;T1|T2|T3|T4|T5|T6,0.4332758212423579,0.4822902613614605,0.7897655877163097,0.7879431888865851,0.4355591140477834,0.4845421486319626,0.763188539459209,0.7527161517727555,15,"{""0"":""T1"",""1"":""T2"",""2"":""T3"",""3"":""T4"",""4"":""T5"",""5"":""T6"",""6"":""T7"",""7"":""T8"",""8"":""T9"",""9"":""T10"",""10"":""T11"",""11"":""T12"",""12"":""T13"",""13"":""T14"",""14"":""T15""}"
KNN-Impute,50,22,76,KNNimpute_completed_p50_rep22_seed76.csv,knn_impute_outputs/completed_matrices/KNNimpute_completed_p50_rep22_seed76.csv,True,,KNN-Impute_NJ_p50_rep22_seed76.treefile,0.4952380952380952,105,52,53,0,52,5,5,distance,nan_euclidean,0.0689051681294245,0.0573958841398842,0.6999025325142156,0.730128916588406,0.0027844179999192,True,True,True,0,0,0.0,0.0,14.0,0.5833333333333334,5.0,12.0,12.0,0.4166666666666667,0.4166666666666667,0.4166666666666667,T1|T4;T13|T14;T5|T6;T7|T9;T12|T13|T14|T15;T1|T10|T2|T3|T4;T11|T12|T13|T14|T15|T5|T6,T11|T12;T14|T15;T7|T8;T1|T2|T3;T10|T7|T8|T9;T1|T2|T3|T4|T5;T1|T2|T3|T4|T5|T6,0.43136629389575065,0.4789957201047092,0.8327946955918694,0.8440597138710346,0.4327246992794506,0.48117872234626274,0.7804514637482617,0.7721024258760107,15,"{""0"":""T1"",""1"":""T2"",""2"":""T3"",""3"":""T4"",""4"":""T5"",""5"":""T6"",""6"":""T7"",""7"":""T8"",""8"":""T9"",""9"":""T10"",""10"":""T11"",""11"":""T12"",""12"":""T13"",""13"":""T14"",""14"":""T15""}"
KNN-Impute,50,23,77,KNNimpute_completed_p50_rep23_seed77.csv,knn_impute_outputs/completed_matrices/KNNimpute_completed_p50_rep23_seed77.csv,True,,KNN-Impute_NJ_p50_rep23_seed77.treefile,0.4952380952380952,105,52,53,0,52,5,5,distance,nan_euclidean,0.068914468611464,0.0576241379482068,0.7589118422561311,0.709297361905575,0.0021091329999762,True,True,True,0,0,0.0,0.0,14.0,0.5833333333333334,5.0,12.0,12.0,0.4166666666666667,0.4166666666666667,0.4166666666666667,T10|T8;T11|T14;T13|T15;T4|T5;T7|T9;T11|T13|T14|T15;T10|T12|T7|T8|T9,T11|T12;T14|T15;T7|T8;T13|T14|T15;T7|T8|T9;T1|T2|T3|T4;T11|T12|T13|T14|T15,0.4327418765947238,0.48427680681233576,0.7639157260424008,0.754955421936554,0.43327583390020075,0.4841286414260808,0.7278323121147553,0.6867717188471905,15,"{""0"":""T1"",""1"":""T2"",""2"":""T3"",""3"":""T4"",""4"":""T5"",""5"":""T6"",""6"":""T7"",""7"":""T8"",""8"":""T9"",""9"":""T10"",""10"":""T11"",""11"":""T12"",""12"":""T13"",""13"":""T14"",""14"":""T15""}"
KNN-Impute,50,24,78,KNNimpute_completed_p50_rep24_seed78.csv,knn_impute_outputs/completed_matrices/KNNimpute_completed_p50_rep24_seed78.csv,True,,KNN-Impute_NJ_p50_rep24_seed78.treefile,0.4952380952380952,105,52,53,0,52,5,5,distance,nan_euclidean,0.0597226273852372,0.0499703642753988,0.8036839682248806,0.83710407239819,0.0024868740001693,True,True,True,0,0,0.0,0.0,16.0,0.6666666666666666,4.0,12.0,12.0,0.3333333333333333,0.3333333333333333,0.3333333333333333,T10|T2;T13|T14;T3|T4;T7|T9;T1|T3|T4;T5|T7|T8|T9;T1|T10|T2|T3|T4;T11|T12|T13|T14|T15|T6,T14|T15;T2|T3;T7|T8;T1|T2|T3;T1|T2|T3|T4;T10|T7|T8|T9;T1|T2|T3|T4|T5;T1|T2|T3|T4|T5|T6,0.4303392785032153,0.47701314311952564,0.878703919270217,0.8905971387103462,0.4292555031522529,0.47596273565250374,0.8399577681615668,0.8214596724030685,15,"{""0"":""T1"",""1"":""T2"",""2"":""T3"",""3"":""T4"",""4"":""T5"",""5"":""T6"",""6"":""T7"",""7"":""T8"",""8"":""T9"",""9"":""T10"",""10"":""T11"",""11"":""T12"",""12"":""T13"",""13"":""T14"",""14"":""T15""}"
KNN-Impute,50,25,79,KNNimpute_completed_p50_rep25_seed79.csv,knn_impute_outputs/completed_matrices/KNNimpute_completed_p50_rep25_seed79.csv,True,,KNN-Impute_NJ_p50_rep25_seed79.treefile,0.4952380952380952,105,52,53,0,52,5,5,distance,nan_euclidean,0.0655698555471582,0.0540189663989044,0.8333336137797626,0.7955263382566379,0.0021948700000393,True,True,True,0,0,0.0,0.0,12.0,0.5,6.0,12.0,12.0,0.5,0.5,0.5,T13|T15;T5|T6;T8|T9;T11|T12|T13|T15;T2|T3|T5|T6;T1|T2|T3|T5|T6,T14|T15;T7|T8;T1|T2|T3;T13|T14|T15;T1|T2|T3|T4;T1|T2|T3|T4|T5,0.429411631828738,0.4732361637680718,0.8778116801054165,0.8518245905038357,0.4314281828702482,0.47525782890757917,0.8443067938945358,0.8395500725689404,15,"{""0"":""T1"",""1"":""T2"",""2"":""T3"",""3"":""T4"",""4"":""T5"",""5"":""T6"",""6"":""T7"",""7"":""T8"",""8"":""T9"",""9"":""T10"",""10"":""T11"",""11"":""T12"",""12"":""T13"",""13"":""T14"",""14"":""T15""}"
KNN-Impute,50,26,80,KNNimpute_completed_p50_rep26_seed80.csv,knn_impute_outputs/completed_matrices/KNNimpute_completed_p50_rep26_seed80.csv,True,,KNN-Impute_NJ_p50_rep26_seed80.treefile,0.4952380952380952,105,52,53,0,52,5,5,distance,nan_euclidean,0.0670639171771334,0.0494744976535914,0.7001676422469109,0.667378126867583,0.0021144669999557,True,True,True,0,0,0.0,0.0,14.0,0.5833333333333334,5.0,12.0,12.0,0.4166666666666667,0.4166666666666667,0.4166666666666667,T10|T8;T13|T14;T2|T3|T6;T2|T3|T4|T6;T1|T2|T3|T4|T6;T11|T12|T13|T14|T15|T9;T11|T12|T13|T14|T15|T7|T9,T14|T15;T7|T8;T1|T2|T3;T7|T8|T9;T1|T2|T3|T4;T10|T7|T8|T9;T1|T2|T3|T4|T5,0.4248347750663116,0.47133710748343083,0.8398025780729921,0.8030997304582209,0.42895847551995053,0.4767734662179776,0.7809386927650359,0.7815985900891562,15,"{""0"":""T1"",""1"":""T2"",""2"":""T3"",""3"":""T4"",""4"":""T5"",""5"":""T6"",""6"":""T7"",""7"":""T8"",""8"":""T9"",""9"":""T10"",""10"":""T11"",""11"":""T12"",""12"":""T13"",""13"":""T14"",""14"":""T15""}"
KNN-Impute,50,27,81,KNNimpute_completed_p50_rep27_seed81.csv,knn_impute_outputs/completed_matrices/KNNimpute_completed_p50_rep27_seed81.csv,True,,KNN-Impute_NJ_p50_rep27_seed81.treefile,0.4952380952380952,105,52,53,0,52,5,5,distance,nan_euclidean,0.0753679639000679,0.0664872174624513,0.6459991343797291,0.6231537607786221,0.0024460820000058,True,True,True,0,0,0.0,0.0,22.0,0.9166666666666666,1.0,12.0,12.0,0.08333333333333333,0.08333333333333333,0.08333333333333333,T1|T2;T11|T14;T4|T7;T5|T6;T8|T9;T10|T5|T6;T11|T12|T14;T13|T8|T9;T1|T15|T2|T3;T1|T15|T2|T3|T4|T7;T10|T13|T5|T6|T8|T9,T11|T12;T14|T15;T2|T3;T7|T8;T13|T14|T15;T7|T8|T9;T1|T2|T3|T4;T10|T7|T8|T9;T1|T2|T3|T4|T5;T11|T12|T13|T14|T15;T1|T2|T3|T4|T5|T6,0.4387430773769829,0.4926384976445822,0.6462674777427841,0.5825938212730665,0.43701875190177486,0.4889001077072365,0.6808023509167183,0.6275139954385237,15,"{""0"":""T1"",""1"":""T2"",""2"":""T3"",""3"":""T4"",""4"":""T5"",""5"":""T6"",""6"":""T7"",""7"":""T8"",""8"":""T9"",""9"":""T10"",""10"":""T11"",""11"":""T12"",""12"":""T13"",""13"":""T14"",""14"":""T15""}"
KNN-Impute,50,28,82,KNNimpute_completed_p50_rep28_seed82.csv,knn_impute_outputs/completed_matrices/KNNimpute_completed_p50_rep28_seed82.csv,True,,KNN-Impute_NJ_p50_rep28_seed82.treefile,0.4952380952380952,105,52,53,0,52,5,5,distance,nan_euclidean,0.0637493446584067,0.0502747857884643,0.8029048705080211,0.7867326901733116,0.0021017890001076,True,True,True,0,0,0.0,0.0,8.0,0.3333333333333333,8.0,12.0,12.0,0.6666666666666666,0.6666666666666666,0.6666666666666666,T13|T15;T5|T6;T7|T9;T2|T3|T4,T14|T15;T7|T8;T1|T2|T3;T1|T2|T3|T4|T5,0.4290226958268063,0.47427783173395827,0.8764479078868654,0.9125129587393738,0.4295632652004036,0.475900909921394,0.8142050645571324,0.8211486626580966,15,"{""0"":""T1"",""1"":""T2"",""2"":""T3"",""3"":""T4"",""4"":""T5"",""5"":""T6"",""6"":""T7"",""7"":""T8"",""8"":""T9"",""9"":""T10"",""10"":""T11"",""11"":""T12"",""12"":""T13"",""13"":""T14"",""14"":""T15""}"
KNN-Impute,50,29,83,KNNimpute_completed_p50_rep29_seed83.csv,knn_impute_outputs/completed_matrices/KNNimpute_completed_p50_rep29_seed83.csv,True,,KNN-Impute_NJ_p50_rep29_seed83.treefile,0.4952380952380952,105,52,53,0,52,5,5,distance,nan_euclidean,0.0616486209111793,0.0508362634830507,0.7959642282654987,0.7705967728165285,0.0021151360001567,True,True,True,0,0,0.0,0.0,14.0,0.5833333333333334,5.0,12.0,12.0,0.4166666666666667,0.4166666666666667,0.4166666666666667,T10|T8;T13|T14;T4|T5;T7|T9;T1|T4|T5;T2|T3|T6;T10|T13|T14|T15|T7|T8|T9,T14|T15;T7|T8;T1|T2|T3;T7|T8|T9;T1|T2|T3|T4;T1|T2|T3|T4|T5;T11|T12|T13|T14|T15,0.429561162076698,0.47891998918841067,0.8088535320985775,0.7968588015757826,0.4297530401135245,0.4787573317029284,0.7827340887407483,0.7539394567696454,15,"{""0"":""T1"",""1"":""T2"",""2"":""T3"",""3"":""T4"",""4"":""T5"",""5"":""T6"",""6"":""T7"",""7"":""T8"",""8"":""T9"",""9"":""T10"",""10"":""T11"",""11"":""T12"",""12"":""T13"",""13"":""T14"",""14"":""T15""}"
KNN-Impute,50,30,84,KNNimpute_completed_p50_rep30_seed84.csv,knn_impute_outputs/completed_matrices/KNNimpute_completed_p50_rep30_seed84.csv,True,,KNN-Impute_NJ_p50_rep30_seed84.treefile,0.4952380952380952,105,52,53,0,52,5,5,distance,nan_euclidean,0.075588042730548,0.0581025331743428,0.5718918602200624,0.5933578075642448,0.0021601519999876,True,True,True,0,0,0.0,0.0,16.0,0.6666666666666666,4.0,12.0,12.0,0.3333333333333333,0.3333333333333333,0.3333333333333333,T13|T15;T3|T4;T7|T9;T11|T12|T5;T2|T3|T4;T10|T11|T12|T5;T1|T2|T3|T4|T6;T10|T11|T12|T5|T7|T8|T9,T14|T15;T2|T3;T7|T8;T1|T2|T3;T10|T7|T8|T9;T1|T2|T3|T4|T5;T11|T12|T13|T14|T15;T1|T2|T3|T4|T5|T6,0.42459504782160395,0.4724229088148795,0.7686252044066992,0.8041467965996267,0.42613097838470226,0.47508437685954724,0.7222001299972272,0.7805411569562513,15,"{""0"":""T1"",""1"":""T2"",""2"":""T3"",""3"":""T4"",""4"":""T5"",""5"":""T6"",""6"":""T7"",""7"":""T8"",""8"":""T9"",""9"":""T10"",""10"":""T11"",""11"":""T12"",""12"":""T13"",""13"":""T14"",""14"":""T15""}"
KNN-Impute,65,1,55,KNNimpute_completed_p65_rep01_seed55.csv,knn_impute_outputs/completed_matrices/KNNimpute_completed_p65_rep01_seed55.csv,True,,KNN-Impute_NJ_p65_rep01_seed55.treefile,0.6476190476190476,105,68,37,0,68,5,5,distance,nan_euclidean,0.0818451111240974,0.0652991903028102,0.6248661803560973,0.6335076535481162,0.0025019550000706,True,True,True,0,0,0.0,0.0,20.0,0.8333333333333334,2.0,12.0,12.0,0.16666666666666666,0.16666666666666666,0.16666666666666666,T1|T3;T13|T15;T4|T6;T8|T9;T1|T10|T3;T11|T12|T14;T4|T5|T6;T4|T5|T6|T7;T1|T10|T3|T8|T9;T2|T4|T5|T6|T7,T14|T15;T2|T3;T7|T8;T1|T2|T3;T13|T14|T15;T7|T8|T9;T1|T2|T3|T4;T10|T7|T8|T9;T1|T2|T3|T4|T5;T1|T2|T3|T4|T5|T6,0.44547846795177076,0.49176333682770135,0.6927560414735763,0.6556707443499896,0.4440225672996897,0.4891122197211384,0.6812214141844464,0.658677171884719,15,"{""0"":""T1"",""1"":""T2"",""2"":""T3"",""3"":""T4"",""4"":""T5"",""5"":""T6"",""6"":""T7"",""7"":""T8"",""8"":""T9"",""9"":""T10"",""10"":""T11"",""11"":""T12"",""12"":""T13"",""13"":""T14"",""14"":""T15""}"
KNN-Impute,65,2,56,KNNimpute_completed_p65_rep02_seed56.csv,knn_impute_outputs/completed_matrices/KNNimpute_completed_p65_rep02_seed56.csv,True,,KNN-Impute_NJ_p65_rep02_seed56.treefile,0.6476190476190476,105,68,37,0,68,5,5,distance,nan_euclidean,0.0791868141904724,0.0701860421361548,0.7988468630914795,0.6038477688284917,0.0026794180000706,True,True,True,0,0,0.0,0.0,14.0,0.5833333333333334,5.0,12.0,12.0,0.4166666666666667,0.4166666666666667,0.4166666666666667,T10|T11;T12|T13;T8|T9;T14|T15|T6;T2|T3|T4;T12|T13|T14|T15|T6;T1|T10|T11|T2|T3|T4|T5,T11|T12;T7|T8;T1|T2|T3;T13|T14|T15;T10|T7|T8|T9;T11|T12|T13|T14|T15;T1|T2|T3|T4|T5|T6,0.44971678132879456,0.5000627277701138,0.7229296668272899,0.7167841592369893,0.45003573809537895,0.5012364975438075,0.6434742139294841,0.5560128550694589,15,"{""0"":""T1"",""1"":""T2"",""2"":""T3"",""3"":""T4"",""4"":""T5"",""5"":""T6"",""6"":""T7"",""7"":""T8"",""8"":""T9"",""9"":""T10"",""10"":""T11"",""11"":""T12"",""12"":""T13"",""13"":""T14"",""14"":""T15""}"
KNN-Impute,65,3,57,KNNimpute_completed_p65_rep03_seed57.csv,knn_impute_outputs/completed_matrices/KNNimpute_completed_p65_rep03_seed57.csv,True,,KNN-Impute_NJ_p65_rep03_seed57.treefile,0.6476190476190476,105,68,37,0,68,5,5,distance,nan_euclidean,0.089399550711846,0.0724883985545087,0.5488300314065349,0.60419131961675,0.0027590610000061,True,True,True,0,0,0.0,0.0,20.0,0.8333333333333334,2.0,12.0,12.0,0.16666666666666666,0.16666666666666666,0.16666666666666666,T1|T4;T10|T8;T13|T15;T5|T7;T11|T12|T9;T2|T5|T7;T2|T3|T5|T7;T10|T13|T14|T15|T8;T1|T2|T3|T4|T5|T7;T1|T2|T3|T4|T5|T6|T7,T14|T15;T2|T3;T7|T8;T1|T2|T3;T7|T8|T9;T1|T2|T3|T4;T10|T7|T8|T9;T1|T2|T3|T4|T5;T11|T12|T13|T14|T15;T1|T2|T3|T4|T5|T6,0.4459550490882831,0.4944646519494066,0.697042142060719,0.7436968691685673,0.4471549520386495,0.49578129461192966,0.6320978424526988,0.638534107402032,15,"{""0"":""T1"",""1"":""T2"",""2"":""T3"",""3"":""T4"",""4"":""T5"",""5"":""T6"",""6"":""T7"",""7"":""T8"",""8"":""T9"",""9"":""T10"",""10"":""T11"",""11"":""T12"",""12"":""T13"",""13"":""T14"",""14"":""T15""}"
KNN-Impute,65,4,58,KNNimpute_completed_p65_rep04_seed58.csv,knn_impute_outputs/completed_matrices/KNNimpute_completed_p65_rep04_seed58.csv,True,,KNN-Impute_NJ_p65_rep04_seed58.treefile,0.6476190476190476,105,68,37,0,68,5,5,distance,nan_euclidean,0.0741376976618629,0.0614456991257349,0.6766681791820195,0.5352903004160781,0.0027925660001528,True,True,True,0,0,0.0,0.0,18.0,0.75,3.0,12.0,12.0,0.25,0.25,0.25,T1|T5;T10|T8;T3|T4;T10|T7|T8;T11|T12|T13;T2|T3|T4;T11|T12|T13|T14;T11|T12|T13|T14|T9;T11|T12|T13|T14|T15|T9,T14|T15;T2|T3;T7|T8;T1|T2|T3;T13|T14|T15;T7|T8|T9;T1|T2|T3|T4;T10|T7|T8|T9;T11|T12|T13|T14|T15,0.4403974728992142,0.48985871730392216,0.7583083719415351,0.6847916234708687,0.4430719003749716,0.49416385158865,0.6615470088386942,0.5904520008293592,15,"{""0"":""T1"",""1"":""T2"",""2"":""T3"",""3"":""T4"",""4"":""T5"",""5"":""T6"",""6"":""T7"",""7"":""T8"",""8"":""T9"",""9"":""T10"",""10"":""T11"",""11"":""T12"",""12"":""T13"",""13"":""T14"",""14"":""T15""}"
KNN-Impute,65,5,59,KNNimpute_completed_p65_rep05_seed59.csv,knn_impute_outputs/completed_matrices/KNNimpute_completed_p65_rep05_seed59.csv,True,,KNN-Impute_NJ_p65_rep05_seed59.treefile,0.6476190476190476,105,68,37,0,68,5,5,distance,nan_euclidean,0.0801961758315271,0.0666548796528962,0.5261971322592427,0.5197159980150398,0.0022899709999819,True,True,True,0,0,0.0,0.0,18.0,0.75,3.0,12.0,12.0,0.25,0.25,0.25,T1|T8;T10|T3;T13|T14;T2|T5;T4|T6;T7|T9;T2|T4|T5|T6;T1|T2|T4|T5|T6|T8;T10|T11|T12|T13|T14|T15|T3,T14|T15;T2|T3;T7|T8;T1|T2|T3;T7|T8|T9;T1|T2|T3|T4;T10|T7|T8|T9;T1|T2|T3|T4|T5;T1|T2|T3|T4|T5|T6,0.4452457966298819,0.49350767483663316,0.7287046957414993,0.7164627825005184,0.4439829992224992,0.4940029408054935,0.6394035607780942,0.6086460709102218,15,"{""0"":""T1"",""1"":""T2"",""2"":""T3"",""3"":""T4"",""4"":""T5"",""5"":""T6"",""6"":""T7"",""7"":""T8"",""8"":""T9"",""9"":""T10"",""10"":""T11"",""11"":""T12"",""12"":""T13"",""13"":""T14"",""14"":""T15""}"
KNN-Impute,65,6,60,KNNimpute_completed_p65_rep06_seed60.csv,knn_impute_outputs/completed_matrices/KNNimpute_completed_p65_rep06_seed60.csv,True,,KNN-Impute_NJ_p65_rep06_seed60.treefile,0.6476190476190476,105,68,37,0,68,5,5,distance,nan_euclidean,0.0788053553840849,0.065619541196495,0.6678366552287718,0.679009046837424,0.0021481259998381,True,True,True,0,0,0.0,0.0,10.0,0.4166666666666667,7.0,12.0,12.0,0.5833333333333334,0.5833333333333334,0.5833333333333334,T13|T15;T2|T4;T5|T6;T2|T3|T4;T1|T10|T2|T3|T4|T5|T6,T14|T15;T2|T3;T1|T2|T3;T10|T7|T8|T9;T1|T2|T3|T4|T5,0.44512985702511076,0.49243827349370706,0.8077262886527916,0.8207339829981339,0.4454328910162297,0.49387439566407626,0.6804479741135295,0.6531722993987145,15,"{""0"":""T1"",""1"":""T2"",""2"":""T3"",""3"":""T4"",""4"":""T5"",""5"":""T6"",""6"":""T7"",""7"":""T8"",""8"":""T9"",""9"":""T10"",""10"":""T11"",""11"":""T12"",""12"":""T13"",""13"":""T14"",""14"":""T15""}"
KNN-Impute,65,7,61,KNNimpute_completed_p65_rep07_seed61.csv,knn_impute_outputs/completed_matrices/KNNimpute_completed_p65_rep07_seed61.csv,True,,KNN-Impute_NJ_p65_rep07_seed61.treefile,0.6476190476190476,105,68,37,0,68,5,5,distance,nan_euclidean,0.0856796988151875,0.0747200266196746,0.5067947281473724,0.4556628621597892,0.0021409440000752,True,True,True,0,0,0.0,0.0,22.0,0.9166666666666666,1.0,12.0,12.0,0.08333333333333333,0.08333333333333333,0.08333333333333333,T11|T8;T13|T15;T14|T7;T2|T6;T4|T5;T1|T4|T5;T11|T12|T8;T14|T7|T9;T2|T3|T6;T11|T12|T13|T15|T8;T10|T11|T12|T13|T15|T8,T11|T12;T14|T15;T2|T3;T7|T8;T1|T2|T3;T13|T14|T15;T7|T8|T9;T1|T2|T3|T4;T10|T7|T8|T9;T1|T2|T3|T4|T5;T11|T12|T13|T14|T15,0.4447559513109944,0.49572043969911866,0.7031088972649564,0.6479369686916856,0.4457199818413482,0.49707169053254363,0.5795327280705588,0.5367302508811942,15,"{""0"":""T1"",""1"":""T2"",""2"":""T3"",""3"":""T4"",""4"":""T5"",""5"":""T6"",""6"":""T7"",""7"":""T8"",""8"":""T9"",""9"":""T10"",""10"":""T11"",""11"":""T12"",""12"":""T13"",""13"":""T14"",""14"":""T15""}"
KNN-Impute,65,8,62,KNNimpute_completed_p65_rep08_seed62.csv,knn_impute_outputs/completed_matrices/KNNimpute_completed_p65_rep08_seed62.csv,True,,KNN-Impute_NJ_p65_rep08_seed62.treefile,0.6476190476190476,105,68,37,0,68,5,5,distance,nan_euclidean,0.0946948052807828,0.0757993101591464,0.5379778930400577,0.4187502385769363,0.0023055970000314,True,True,True,0,0,0.0,0.0,20.0,0.8333333333333334,2.0,12.0,12.0,0.16666666666666666,0.16666666666666666,0.16666666666666666,T10|T8;T13|T15;T14|T9;T2|T4;T5|T6;T10|T7|T8;T11|T13|T15;T2|T3|T4;T11|T12|T13|T15;T11|T12|T13|T14|T15|T9,T11|T12;T14|T15;T2|T3;T7|T8;T1|T2|T3;T13|T14|T15;T7|T8|T9;T10|T7|T8|T9;T1|T2|T3|T4|T5;T11|T12|T13|T14|T15,0.45291555993518084,0.5043611490306261,0.6099527817528261,0.5256479369686917,0.4534812020104119,0.5059206989138987,0.5516815945777392,0.5209516898196144,15,"{""0"":""T1"",""1"":""T2"",""2"":""T3"",""3"":""T4"",""4"":""T5"",""5"":""T6"",""6"":""T7"",""7"":""T8"",""8"":""T9"",""9"":""T10"",""10"":""T11"",""11"":""T12"",""12"":""T13"",""13"":""T14"",""14"":""T15""}"
KNN-Impute,65,9,63,KNNimpute_completed_p65_rep09_seed63.csv,knn_impute_outputs/completed_matrices/KNNimpute_completed_p65_rep09_seed63.csv,True,,KNN-Impute_NJ_p65_rep09_seed63.treefile,0.6476190476190476,105,68,37,0,68,5,5,distance,nan_euclidean,0.0800157787853402,0.0646139008004896,0.5474507530983107,0.4771157002710233,0.0024661439999817,True,True,True,0,0,0.0,0.0,18.0,0.75,3.0,12.0,12.0,0.25,0.25,0.25,T10|T8;T11|T15;T13|T14;T7|T9;T10|T5|T8;T12|T13|T14;T1|T2|T3|T6;T1|T2|T3|T4|T6;T1|T2|T3|T4|T6|T7|T9,T11|T12;T14|T15;T7|T8;T13|T14|T15;T7|T8|T9;T1|T2|T3|T4;T10|T7|T8|T9;T1|T2|T3|T4|T5;T1|T2|T3|T4|T5|T6,0.4438270268059706,0.49803930719730394,0.6220774371523434,0.6174372797014306,0.4435569699233359,0.49744791583511955,0.5671521844904497,0.5252228903172299,15,"{""0"":""T1"",""1"":""T2"",""2"":""T3"",""3"":""T4"",""4"":""T5"",""5"":""T6"",""6"":""T7"",""7"":""T8"",""8"":""T9"",""9"":""T10"",""10"":""T11"",""11"":""T12"",""12"":""T13"",""13"":""T14"",""14"":""T15""}"
KNN-Impute,65,10,64,KNNimpute_completed_p65_rep10_seed64.csv,knn_impute_outputs/completed_matrices/KNNimpute_completed_p65_rep10_seed64.csv,True,,KNN-Impute_NJ_p65_rep10_seed64.treefile,0.6476190476190476,105,68,37,0,68,5,5,distance,nan_euclidean,0.082635228469026,0.0707200012979933,0.595330222766737,0.4106958812077719,0.0021757140000318,True,True,True,0,0,0.0,0.0,24.0,1.0,0.0,12.0,12.0,0.0,0.0,,T1|T3;T11|T5;T13|T14;T15|T8;T2|T4;T12|T13|T14;T15|T8|T9;T2|T4|T6;T10|T12|T13|T14;T1|T2|T3|T4|T6;T10|T12|T13|T14|T7;T1|T11|T2|T3|T4|T5|T6,T11|T12;T14|T15;T2|T3;T7|T8;T1|T2|T3;T13|T14|T15;T7|T8|T9;T1|T2|T3|T4;T10|T7|T8|T9;T1|T2|T3|T4|T5;T11|T12|T13|T14|T15;T1|T2|T3|T4|T5|T6,0.44492344500220116,0.5001240159440808,0.5371988850676314,0.4842421729214182,0.44721824413572836,0.501510866321324,0.535075500712794,0.45156541571635905,15,"{""0"":""T1"",""1"":""T2"",""2"":""T3"",""3"":""T4"",""4"":""T5"",""5"":""T6"",""6"":""T7"",""7"":""T8"",""8"":""T9"",""9"":""T10"",""10"":""T11"",""11"":""T12"",""12"":""T13"",""13"":""T14"",""14"":""T15""}"
KNN-Impute,65,11,65,KNNimpute_completed_p65_rep11_seed65.csv,knn_impute_outputs/completed_matrices/KNNimpute_completed_p65_rep11_seed65.csv,True,,KNN-Impute_NJ_p65_rep11_seed65.treefile,0.6476190476190476,105,68,37,0,68,5,5,distance,nan_euclidean,0.0706051094150221,0.0507832002538721,0.6496560508573692,0.5846089246860328,0.0020652419998441,True,True,True,0,0,0.0,0.0,12.0,0.5,6.0,12.0,12.0,0.5,0.5,0.5,T10|T8;T13|T15;T5|T6;T7|T9;T11|T12|T14;T11|T12|T13|T14|T15|T5|T6,T14|T15;T7|T8;T13|T14|T15;T7|T8|T9;T1|T2|T3|T4|T5;T1|T2|T3|T4|T5|T6,0.43766784074981635,0.4890688672898305,0.7083629276416473,0.7094961642131453,0.43604273560053947,0.48738253261433445,0.6602263044622079,0.644422558573502,15,"{""0"":""T1"",""1"":""T2"",""2"":""T3"",""3"":""T4"",""4"":""T5"",""5"":""T6"",""6"":""T7"",""7"":""T8"",""8"":""T9"",""9"":""T10"",""10"":""T11"",""11"":""T12"",""12"":""T13"",""13"":""T14"",""14"":""T15""}"
KNN-Impute,65,12,66,KNNimpute_completed_p65_rep12_seed66.csv,knn_impute_outputs/completed_matrices/KNNimpute_completed_p65_rep12_seed66.csv,True,,KNN-Impute_NJ_p65_rep12_seed66.treefile,0.6476190476190476,105,68,37,0,68,5,5,distance,nan_euclidean,0.0779698356585673,0.0675886431360493,0.5329112465063867,0.4656640073290835,0.0024533069999961,True,True,True,0,0,0.0,0.0,20.0,0.8333333333333334,2.0,12.0,12.0,0.16666666666666666,0.16666666666666666,0.16666666666666666,T1|T7;T10|T6;T2|T5;T3|T4;T10|T6|T8;T13|T2|T5;T1|T14|T15|T7;T10|T11|T12|T6|T8;T13|T2|T3|T4|T5;T10|T11|T12|T6|T8|T9,T2|T3;T7|T8;T1|T2|T3;T13|T14|T15;T7|T8|T9;T1|T2|T3|T4;T10|T7|T8|T9;T1|T2|T3|T4|T5;T11|T12|T13|T14|T15;T1|T2|T3|T4|T5|T6,0.44521072103609133,0.4967236414653494,0.699918552786076,0.671200497615592,0.4461034928641577,0.49613421810588426,0.6102721167319631,0.5520630313083142,15,"{""0"":""T1"",""1"":""T2"",""2"":""T3"",""3"":""T4"",""4"":""T5"",""5"":""T6"",""6"":""T7"",""7"":""T8"",""8"":""T9"",""9"":""T10"",""10"":""T11"",""11"":""T12"",""12"":""T13"",""13"":""T14"",""14"":""T15""}"
KNN-Impute,65,13,67,KNNimpute_completed_p65_rep13_seed67.csv,knn_impute_outputs/completed_matrices/KNNimpute_completed_p65_rep13_seed67.csv,True,,KNN-Impute_NJ_p65_rep13_seed67.treefile,0.6476190476190476,105,68,37,0,68,5,5,distance,nan_euclidean,0.0796445562891285,0.0665892931257998,0.6163235675318292,0.5712867885635758,0.0022451060001458,True,True,True,0,0,0.0,0.0,14.0,0.5833333333333334,5.0,12.0,12.0,0.4166666666666667,0.4166666666666667,0.4166666666666667,T10|T8;T2|T4;T3|T6;T1|T2|T4;T10|T8|T9;T11|T12|T13;T3|T5|T6,T2|T3;T7|T8;T1|T2|T3;T13|T14|T15;T7|T8|T9;T1|T2|T3|T4;T1|T2|T3|T4|T5,0.4454389894283877,0.4931994928379873,0.7626337038583797,0.7099730458221024,0.44563203440406,0.49451772810001754,0.6381457389291537,0.5625751606883681,15,"{""0"":""T1"",""1"":""T2"",""2"":""T3"",""3"":""T4"",""4"":""T5"",""5"":""T6"",""6"":""T7"",""7"":""T8"",""8"":""T9"",""9"":""T10"",""10"":""T11"",""11"":""T12"",""12"":""T13"",""13"":""T14"",""14"":""T15""}"
KNN-Impute,65,14,68,KNNimpute_completed_p65_rep14_seed68.csv,knn_impute_outputs/completed_matrices/KNNimpute_completed_p65_rep14_seed68.csv,True,,KNN-Impute_NJ_p65_rep14_seed68.treefile,0.6476190476190476,105,68,37,0,68,5,5,distance,nan_euclidean,0.0720530993240801,0.0572698087151065,0.6677904938707281,0.6921021491010421,0.0022056249999877,True,True,True,0,0,0.0,0.0,12.0,0.5,6.0,12.0,12.0,0.5,0.5,0.5,T10|T8;T13|T15;T6|T7;T6|T7|T9;T10|T6|T7|T8|T9;T10|T5|T6|T7|T8|T9,T14|T15;T7|T8;T7|T8|T9;T10|T7|T8|T9;T1|T2|T3|T4|T5;T1|T2|T3|T4|T5|T6,0.4401469959697047,0.49145095322950755,0.7453090415385742,0.7770060128550695,0.4392516379153684,0.4889107982217557,0.6749653635255045,0.6841592369894257,15,"{""0"":""T1"",""1"":""T2"",""2"":""T3"",""3"":""T4"",""4"":""T5"",""5"":""T6"",""6"":""T7"",""7"":""T8"",""8"":""T9"",""9"":""T10"",""10"":""T11"",""11"":""T12"",""12"":""T13"",""13"":""T14"",""14"":""T15""}"
KNN-Impute,65,15,69,KNNimpute_completed_p65_rep15_seed69.csv,knn_impute_outputs/completed_matrices/KNNimpute_completed_p65_rep15_seed69.csv,True,,KNN-Impute_NJ_p65_rep15_seed69.treefile,0.6476190476190476,105,68,37,0,68,5,5,distance,nan_euclidean,0.0875642797947651,0.0733900079695041,0.5365654426426348,0.4455853723708821,0.0022817379999651,True,True,True,0,0,0.0,0.0,20.0,0.8333333333333334,2.0,12.0,12.0,0.16666666666666666,0.16666666666666666,0.16666666666666666,T1|T3;T10|T7;T12|T13;T2|T4;T5|T9;T12|T13|T6;T11|T12|T13|T6;T11|T12|T13|T6|T8;T1|T2|T3|T4|T5|T9;T10|T11|T12|T13|T6|T7|T8,T11|T12;T2|T3;T7|T8;T1|T2|T3;T13|T14|T15;T7|T8|T9;T10|T7|T8|T9;T1|T2|T3|T4|T5;T11|T12|T13|T14|T15;T1|T2|T3|T4|T5|T6,0.449189374295242,0.49963868817809537,0.6497939495905515,0.6130935102633216,0.4486252108898195,0.5006507228723505,0.5811253864329481,0.5449098071739581,15,"{""0"":""T1"",""1"":""T2"",""2"":""T3"",""3"":""T4"",""4"":""T5"",""5"":""T6"",""6"":""T7"",""7"":""T8"",""8"":""T9"",""9"":""T10"",""10"":""T11"",""11"":""T12"",""12"":""T13"",""13"":""T14"",""14"":""T15""}"
KNN-Impute,65,16,70,KNNimpute_completed_p65_rep16_seed70.csv,knn_impute_outputs/completed_matrices/KNNimpute_completed_p65_rep16_seed70.csv,True,,KNN-Impute_NJ_p65_rep16_seed70.treefile,0.6476190476190476,105,68,37,0,68,5,5,distance,nan_euclidean,0.084683281247774,0.0666015915633448,0.6127566187477423,0.5837691338702905,0.0020892380000532,True,True,True,0,0,0.0,0.0,20.0,0.8333333333333334,2.0,12.0,12.0,0.16666666666666666,0.16666666666666666,0.16666666666666666,T12|T15;T13|T14;T2|T4;T5|T9;T10|T7|T8;T2|T3|T4;T5|T6|T9;T10|T11|T7|T8;T12|T13|T14|T15;T10|T11|T5|T6|T7|T8|T9,T11|T12;T14|T15;T2|T3;T1|T2|T3;T13|T14|T15;T7|T8|T9;T10|T7|T8|T9;T1|T2|T3|T4|T5;T11|T12|T13|T14|T15;T1|T2|T3|T4|T5|T6,0.4444419404892426,0.49380252221854687,0.6816620895767975,0.6903483309143685,0.44522650588277163,0.49387521456074956,0.6599964497516815,0.6810698735227037,15,"{""0"":""T1"",""1"":""T2"",""2"":""T3"",""3"":""T4"",""4"":""T5"",""5"":""T6"",""6"":""T7"",""7"":""T8"",""8"":""T9"",""9"":""T10"",""10"":""T11"",""11"":""T12"",""12"":""T13"",""13"":""T14"",""14"":""T15""}"
KNN-Impute,65,17,71,KNNimpute_completed_p65_rep17_seed71.csv,knn_impute_outputs/completed_matrices/KNNimpute_completed_p65_rep17_seed71.csv,True,,KNN-Impute_NJ_p65_rep17_seed71.treefile,0.6476190476190476,105,68,37,0,68,5,5,distance,nan_euclidean,0.0806238681477874,0.0654820864562686,0.615037926075043,0.6079703782875902,0.0020547309998164,True,True,True,0,0,0.0,0.0,16.0,0.6666666666666666,4.0,12.0,12.0,0.3333333333333333,0.3333333333333333,0.3333333333333333,T13|T15;T2|T4;T7|T9;T10|T7|T9;T2|T3|T4;T11|T12|T13|T14|T15|T8;T1|T10|T2|T3|T4|T7|T9;T11|T12|T13|T14|T15|T6|T8,T14|T15;T2|T3;T7|T8;T1|T2|T3;T7|T8|T9;T10|T7|T8|T9;T1|T2|T3|T4|T5;T1|T2|T3|T4|T5|T6,0.44412039618828153,0.49337054248728784,0.71013470151417,0.6995023844080447,0.44578228316354984,0.4956567582430308,0.664936267174159,0.6535558780841799,15,"{""0"":""T1"",""1"":""T2"",""2"":""T3"",""3"":""T4"",""4"":""T5"",""5"":""T6"",""6"":""T7"",""7"":""T8"",""8"":""T9"",""9"":""T10"",""10"":""T11"",""11"":""T12"",""12"":""T13"",""13"":""T14"",""14"":""T15""}"
KNN-Impute,65,18,72,KNNimpute_completed_p65_rep18_seed72.csv,knn_impute_outputs/completed_matrices/KNNimpute_completed_p65_rep18_seed72.csv,True,,KNN-Impute_NJ_p65_rep18_seed72.treefile,0.6476190476190476,105,68,37,0,68,5,5,distance,nan_euclidean,0.0872831099957438,0.0674928157744201,0.4802781632396601,0.4066114440584799,0.0021409680000488,True,True,True,0,0,0.0,0.0,18.0,0.75,3.0,12.0,12.0,0.25,0.25,0.25,T10|T8;T13|T15;T4|T5;T6|T9;T10|T7|T8;T11|T13|T15;T10|T14|T7|T8;T11|T12|T13|T15;T10|T14|T6|T7|T8|T9,T11|T12;T14|T15;T7|T8;T13|T14|T15;T7|T8|T9;T1|T2|T3|T4;T10|T7|T8|T9;T11|T12|T13|T14|T15;T1|T2|T3|T4|T5|T6,0.44597654344425125,0.4992850015188328,0.586626953223986,0.5714285714285714,0.4461613692020172,0.5005914646379779,0.5243632069947526,0.4824694173750777,15,"{""0"":""T1"",""1"":""T2"",""2"":""T3"",""3"":""T4"",""4"":""T5"",""5"":""T6"",""6"":""T7"",""7"":""T8"",""8"":""T9"",""9"":""T10"",""10"":""T11"",""11"":""T12"",""12"":""T13"",""13"":""T14"",""14"":""T15""}"
KNN-Impute,65,19,73,KNNimpute_completed_p65_rep19_seed73.csv,knn_impute_outputs/completed_matrices/KNNimpute_completed_p65_rep19_seed73.csv,True,,KNN-Impute_NJ_p65_rep19_seed73.treefile,0.6476190476190476,105,68,37,0,68,5,5,distance,nan_euclidean,0.0777528898649194,0.0664369838018688,0.6926338510708597,0.4351261594839103,0.0020658480000292,True,True,True,0,0,0.0,0.0,18.0,0.75,3.0,12.0,12.0,0.25,0.25,0.25,T10|T14;T11|T13;T5|T6;T8|T9;T11|T12|T13;T2|T3|T4;T10|T14|T7|T8|T9;T10|T14|T15|T7|T8|T9;T1|T11|T12|T13|T2|T3|T4,T11|T12;T14|T15;T7|T8;T1|T2|T3;T13|T14|T15;T10|T7|T8|T9;T1|T2|T3|T4|T5;T11|T12|T13|T14|T15;T1|T2|T3|T4|T5|T6,0.4476386122181677,0.5005167222408867,0.6487355097428039,0.5407319095998342,0.4468596560852412,0.499254587447979,0.6158507478905045,0.5098590089156126,15,"{""0"":""T1"",""1"":""T2"",""2"":""T3"",""3"":""T4"",""4"":""T5"",""5"":""T6"",""6"":""T7"",""7"":""T8"",""8"":""T9"",""9"":""T10"",""10"":""T11"",""11"":""T12"",""12"":""T13"",""13"":""T14"",""14"":""T15""}"
KNN-Impute,65,20,74,KNNimpute_completed_p65_rep20_seed74.csv,knn_impute_outputs/completed_matrices/KNNimpute_completed_p65_rep20_seed74.csv,True,,KNN-Impute_NJ_p65_rep20_seed74.treefile,0.6476190476190476,105,68,37,0,68,5,5,distance,nan_euclidean,0.0920482470451308,0.073913943661149,0.4829593951593655,0.5198686872542656,0.0021524179999232,True,True,True,0,0,0.0,0.0,22.0,0.9166666666666666,1.0,12.0,12.0,0.08333333333333333,0.08333333333333333,0.08333333333333333,T1|T3;T10|T12;T2|T8;T5|T6;T1|T3|T4;T11|T14|T15;T2|T7|T8;T5|T6|T9;T11|T13|T14|T15;T2|T5|T6|T7|T8|T9;T1|T11|T13|T14|T15|T3|T4,T11|T12;T2|T3;T7|T8;T1|T2|T3;T13|T14|T15;T7|T8|T9;T1|T2|T3|T4;T10|T7|T8|T9;T1|T2|T3|T4|T5;T11|T12|T13|T14|T15;T1|T2|T3|T4|T5|T6,0.4517151777245057,0.5027238870857887,0.579494657670001,0.572454903586979,0.4508289512938353,0.5024527204033684,0.5279223643366053,0.5311113414887,15,"{""0"":""T1"",""1"":""T2"",""2"":""T3"",""3"":""T4"",""4"":""T5"",""5"":""T6"",""6"":""T7"",""7"":""T8"",""8"":""T9"",""9"":""T10"",""10"":""T11"",""11"":""T12"",""12"":""T13"",""13"":""T14"",""14"":""T15""}"
KNN-Impute,65,21,75,KNNimpute_completed_p65_rep21_seed75.csv,knn_impute_outputs/completed_matrices/KNNimpute_completed_p65_rep21_seed75.csv,True,,KNN-Impute_NJ_p65_rep21_seed75.treefile,0.6476190476190476,105,68,37,0,68,5,5,distance,nan_euclidean,0.0867615413891441,0.0738355707492936,0.4162554463832056,0.5328472725884643,0.0021332880000954,True,True,True,0,0,0.0,0.0,20.0,0.8333333333333334,2.0,12.0,12.0,0.16666666666666666,0.16666666666666666,0.16666666666666666,T11|T3;T12|T13;T2|T5;T6|T9;T10|T2|T5;T4|T7|T8;T11|T3|T6|T9;T12|T13|T14|T15;T1|T11|T3|T6|T9;T12|T13|T14|T15|T4|T7|T8,T11|T12;T2|T3;T1|T2|T3;T13|T14|T15;T7|T8|T9;T1|T2|T3|T4;T10|T7|T8|T9;T1|T2|T3|T4|T5;T11|T12|T13|T14|T15;T1|T2|T3|T4|T5|T6,0.44454605412949855,0.4942430348722843,0.654666356919089,0.7128861704333402,0.44691316049328056,0.4959657821096211,0.5887870398459766,0.6207754509641302,15,"{""0"":""T1"",""1"":""T2"",""2"":""T3"",""3"":""T4"",""4"":""T5"",""5"":""T6"",""6"":""T7"",""7"":""T8"",""8"":""T9"",""9"":""T10"",""10"":""T11"",""11"":""T12"",""12"":""T13"",""13"":""T14"",""14"":""T15""}"
KNN-Impute,65,22,76,KNNimpute_completed_p65_rep22_seed76.csv,knn_impute_outputs/completed_matrices/KNNimpute_completed_p65_rep22_seed76.csv,True,,KNN-Impute_NJ_p65_rep22_seed76.treefile,0.6476190476190476,105,68,37,0,68,5,5,distance,nan_euclidean,0.0904595169751864,0.0721295065818379,0.3103069158072377,0.4028323853876397,0.002025784999887,True,True,True,0,0,0.0,0.0,24.0,1.0,0.0,12.0,12.0,0.0,0.0,,T1|T10;T11|T2;T12|T5;T13|T14;T15|T8;T4|T6;T7|T9;T11|T2|T3;T13|T14|T15|T8;T1|T10|T11|T2|T3;T13|T14|T15|T7|T8|T9;T1|T10|T11|T12|T2|T3|T5,T11|T12;T14|T15;T2|T3;T7|T8;T1|T2|T3;T13|T14|T15;T7|T8|T9;T1|T2|T3|T4;T10|T7|T8|T9;T1|T2|T3|T4|T5;T11|T12|T13|T14|T15;T1|T2|T3|T4|T5|T6,0.44353571867025526,0.4994705835201925,0.5103829949921359,0.610532863363052,0.44543445976123874,0.4991566444702953,0.5077521567882685,0.5544681733360979,15,"{""0"":""T1"",""1"":""T2"",""2"":""T3"",""3"":""T4"",""4"":""T5"",""5"":""T6"",""6"":""T7"",""7"":""T8"",""8"":""T9"",""9"":""T10"",""10"":""T11"",""11"":""T12"",""12"":""T13"",""13"":""T14"",""14"":""T15""}"
KNN-Impute,65,23,77,KNNimpute_completed_p65_rep23_seed77.csv,knn_impute_outputs/completed_matrices/KNNimpute_completed_p65_rep23_seed77.csv,True,,KNN-Impute_NJ_p65_rep23_seed77.treefile,0.6476190476190476,105,68,37,0,68,5,5,distance,nan_euclidean,0.0800759691974364,0.0628807566111283,0.5654796618643926,0.5448333778676947,0.0021001329998853,True,True,True,0,0,0.0,0.0,18.0,0.75,3.0,12.0,12.0,0.25,0.25,0.25,T13|T15;T4|T7;T6|T8;T11|T12|T14;T5|T6|T8;T11|T12|T14|T9;T1|T2|T3|T5|T6|T8;T11|T12|T13|T14|T15|T9;T10|T11|T12|T13|T14|T15|T9,T14|T15;T7|T8;T13|T14|T15;T7|T8|T9;T1|T2|T3|T4;T10|T7|T8|T9;T1|T2|T3|T4|T5;T11|T12|T13|T14|T15;T1|T2|T3|T4|T5|T6,0.4403761497179525,0.49369289332059907,0.6320115877023138,0.6106054323035454,0.44266591129097127,0.49524842087160276,0.6044036711896493,0.5747149077337756,15,"{""0"":""T1"",""1"":""T2"",""2"":""T3"",""3"":""T4"",""4"":""T5"",""5"":""T6"",""6"":""T7"",""7"":""T8"",""8"":""T9"",""9"":""T10"",""10"":""T11"",""11"":""T12"",""12"":""T13"",""13"":""T14"",""14"":""T15""}"
KNN-Impute,65,24,78,KNNimpute_completed_p65_rep24_seed78.csv,knn_impute_outputs/completed_matrices/KNNimpute_completed_p65_rep24_seed78.csv,True,,KNN-Impute_NJ_p65_rep24_seed78.treefile,0.6476190476190476,105,68,37,0,68,5,5,distance,nan_euclidean,0.0744678386755503,0.0560001945136923,0.5902558858731154,0.605260144291331,0.0020340259998192,True,True,True,0,0,0.0,0.0,18.0,0.75,3.0,12.0,12.0,0.25,0.25,0.25,T10|T7;T11|T15;T12|T6;T13|T14;T2|T4;T10|T7|T9;T2|T3|T4;T11|T13|T14|T15;T1|T12|T2|T3|T4|T5|T6,T11|T12;T14|T15;T2|T3;T7|T8;T1|T2|T3;T13|T14|T15;T7|T8|T9;T11|T12|T13|T14|T15;T1|T2|T3|T4|T5|T6,0.43317241901243786,0.4823069801199364,0.7314919186126979,0.7368339207961849,0.43682562386007034,0.48666306736440573,0.672712307896582,0.7107920381505288,15,"{""0"":""T1"",""1"":""T2"",""2"":""T3"",""3"":""T4"",""4"":""T5"",""5"":""T6"",""6"":""T7"",""7"":""T8"",""8"":""T9"",""9"":""T10"",""10"":""T11"",""11"":""T12"",""12"":""T13"",""13"":""T14"",""14"":""T15""}"
KNN-Impute,65,25,79,KNNimpute_completed_p65_rep25_seed79.csv,knn_impute_outputs/completed_matrices/KNNimpute_completed_p65_rep25_seed79.csv,True,,KNN-Impute_NJ_p65_rep25_seed79.treefile,0.6476190476190476,105,68,37,0,68,5,5,distance,nan_euclidean,0.0855335689975947,0.0682761920380281,0.4361101244781041,0.4157346261022254,0.002077262000057,True,True,True,0,0,0.0,0.0,24.0,1.0,0.0,12.0,12.0,0.0,0.0,,T1|T6;T10|T7;T11|T9;T13|T15;T4|T5;T11|T8|T9;T12|T13|T15;T2|T4|T5;T12|T13|T14|T15;T10|T11|T7|T8|T9;T12|T13|T14|T15|T3;T1|T12|T13|T14|T15|T3|T6,T11|T12;T14|T15;T2|T3;T7|T8;T1|T2|T3;T13|T14|T15;T7|T8|T9;T1|T2|T3|T4;T10|T7|T8|T9;T1|T2|T3|T4|T5;T11|T12|T13|T14|T15;T1|T2|T3|T4|T5|T6,0.4407440179580498,0.4903382469353833,0.625451429100182,0.6893530997304582,0.44132886854030245,0.49196120952834654,0.5926928967892126,0.5906800746423388,15,"{""0"":""T1"",""1"":""T2"",""2"":""T3"",""3"":""T4"",""4"":""T5"",""5"":""T6"",""6"":""T7"",""7"":""T8"",""8"":""T9"",""9"":""T10"",""10"":""T11"",""11"":""T12"",""12"":""T13"",""13"":""T14"",""14"":""T15""}"
KNN-Impute,65,26,80,KNNimpute_completed_p65_rep26_seed80.csv,knn_impute_outputs/completed_matrices/KNNimpute_completed_p65_rep26_seed80.csv,True,,KNN-Impute_NJ_p65_rep26_seed80.treefile,0.6476190476190476,105,68,37,0,68,5,5,distance,nan_euclidean,0.0806235041526835,0.0609597285076769,0.5820347626695505,0.5867847463450013,0.0021423719999802,True,True,True,0,0,0.0,0.0,8.0,0.3333333333333333,8.0,12.0,12.0,0.6666666666666666,0.6666666666666666,0.6666666666666666,T10|T6;T5|T9;T10|T6|T7|T8;T11|T12|T13|T14|T15|T5|T9,T7|T8|T9;T10|T7|T8|T9;T1|T2|T3|T4|T5;T1|T2|T3|T4|T5|T6,0.4408987368799565,0.4876936603839539,0.8235338848246455,0.8703400373211694,0.4413753882045245,0.4899378935973729,0.6842054400729384,0.708843043748704,15,"{""0"":""T1"",""1"":""T2"",""2"":""T3"",""3"":""T4"",""4"":""T5"",""5"":""T6"",""6"":""T7"",""7"":""T8"",""8"":""T9"",""9"":""T10"",""10"":""T11"",""11"":""T12"",""12"":""T13"",""13"":""T14"",""14"":""T15""}"
KNN-Impute,65,27,81,KNNimpute_completed_p65_rep27_seed81.csv,knn_impute_outputs/completed_matrices/KNNimpute_completed_p65_rep27_seed81.csv,True,,KNN-Impute_NJ_p65_rep27_seed81.treefile,0.6476190476190476,105,68,37,0,68,5,5,distance,nan_euclidean,0.0872770437999344,0.0781889603560479,0.6638809209807155,0.5788830782150628,0.00217388499982,True,True,True,0,0,0.0,0.0,20.0,0.8333333333333334,2.0,12.0,12.0,0.16666666666666666,0.16666666666666666,0.16666666666666666,T13|T14;T15|T7;T5|T6;T8|T9;T4|T5|T6;T10|T4|T5|T6;T11|T12|T13|T14;T15|T7|T8|T9;T1|T10|T4|T5|T6;T1|T10|T2|T3|T4|T5|T6,T14|T15;T7|T8;T1|T2|T3;T13|T14|T15;T7|T8|T9;T1|T2|T3|T4;T10|T7|T8|T9;T1|T2|T3|T4|T5;T11|T12|T13|T14|T15;T1|T2|T3|T4|T5|T6,0.4540016936095024,0.504345079938568,0.7032993838738322,0.6377565830396019,0.4541919694543522,0.506013468859797,0.5990294703350942,0.5349263943603566,15,"{""0"":""T1"",""1"":""T2"",""2"":""T3"",""3"":""T4"",""4"":""T5"",""5"":""T6"",""6"":""T7"",""7"":""T8"",""8"":""T9"",""9"":""T10"",""10"":""T11"",""11"":""T12"",""12"":""T13"",""13"":""T14"",""14"":""T15""}"
KNN-Impute,65,28,82,KNNimpute_completed_p65_rep28_seed82.csv,knn_impute_outputs/completed_matrices/KNNimpute_completed_p65_rep28_seed82.csv,True,,KNN-Impute_NJ_p65_rep28_seed82.treefile,0.6476190476190476,105,68,37,0,68,5,5,distance,nan_euclidean,0.0837835356096181,0.0693407504608213,0.6673192587303491,0.64610451578425,0.0023336409999501,True,True,True,0,0,0.0,0.0,14.0,0.5833333333333334,5.0,12.0,12.0,0.4166666666666667,0.4166666666666667,0.4166666666666667,T11|T5;T13|T15;T7|T9;T2|T3|T4;T13|T14|T15|T6;T1|T12|T2|T3|T4;T11|T13|T14|T15|T5|T6,T11|T12;T14|T15;T7|T8;T1|T2|T3;T1|T2|T3|T4|T5;T11|T12|T13|T14|T15;T1|T2|T3|T4|T5|T6,0.44832434763862,0.49834895358584025,0.6831604391542795,0.7383993365125441,0.4486317493880176,0.49690530190871574,0.6864367551002395,0.6965581588223098,15,"{""0"":""T1"",""1"":""T2"",""2"":""T3"",""3"":""T4"",""4"":""T5"",""5"":""T6"",""6"":""T7"",""7"":""T8"",""8"":""T9"",""9"":""T10"",""10"":""T11"",""11"":""T12"",""12"":""T13"",""13"":""T14"",""14"":""T15""}"
KNN-Impute,65,29,83,KNNimpute_completed_p65_rep29_seed83.csv,knn_impute_outputs/completed_matrices/KNNimpute_completed_p65_rep29_seed83.csv,True,,KNN-Impute_NJ_p65_rep29_seed83.treefile,0.6476190476190476,105,68,37,0,68,5,5,distance,nan_euclidean,0.080707961373918,0.0670656031475575,0.6063043426351344,0.5147154254303927,0.0025499729999864,True,True,True,0,0,0.0,0.0,22.0,0.9166666666666666,1.0,12.0,12.0,0.08333333333333333,0.08333333333333333,0.08333333333333333,T1|T6;T10|T8;T13|T14;T1|T4|T6;T10|T7|T8;T13|T14|T9;T10|T15|T7|T8;T13|T14|T3|T9;T13|T14|T2|T3|T9;T10|T11|T12|T15|T7|T8;T10|T11|T12|T15|T5|T7|T8,T14|T15;T2|T3;T7|T8;T1|T2|T3;T13|T14|T15;T7|T8|T9;T1|T2|T3|T4;T10|T7|T8|T9;T1|T2|T3|T4|T5;T11|T12|T13|T14|T15;T1|T2|T3|T4|T5|T6,0.442390359582298,0.4936313077036569,0.6313810851198969,0.5975741239892183,0.4447899548090616,0.4965876163388018,0.6046721623061767,0.5411569562512959,15,"{""0"":""T1"",""1"":""T2"",""2"":""T3"",""3"":""T4"",""4"":""T5"",""5"":""T6"",""6"":""T7"",""7"":""T8"",""8"":""T9"",""9"":""T10"",""10"":""T11"",""11"":""T12"",""12"":""T13"",""13"":""T14"",""14"":""T15""}"
KNN-Impute,65,30,84,KNNimpute_completed_p65_rep30_seed84.csv,knn_impute_outputs/completed_matrices/KNNimpute_completed_p65_rep30_seed84.csv,True,,KNN-Impute_NJ_p65_rep30_seed84.treefile,0.6476190476190476,105,68,37,0,68,5,5,distance,nan_euclidean,0.0871061238704544,0.0714189350402909,0.653351984052631,0.6896972935832346,0.0025563229999079,True,True,True,0,0,0.0,0.0,14.0,0.5833333333333334,5.0,12.0,12.0,0.4166666666666667,0.4166666666666667,0.4166666666666667,T13|T15;T7|T9;T2|T3|T4;T13|T14|T15|T6;T1|T10|T2|T3|T4;T13|T14|T15|T5|T6;T11|T12|T13|T14|T15|T5|T6,T14|T15;T7|T8;T1|T2|T3;T10|T7|T8|T9;T1|T2|T3|T4|T5;T11|T12|T13|T14|T15;T1|T2|T3|T4|T5|T6,0.44917444682542423,0.49401329970631846,0.7748594664925119,0.7956147625958946,0.45054727255508575,0.4963808638592172,0.7210599593124033,0.7253369272237197,15,"{""0"":""T1"",""1"":""T2"",""2"":""T3"",""3"":""T4"",""4"":""T5"",""5"":""T6"",""6"":""T7"",""7"":""T8"",""8"":""T9"",""9"":""T10"",""10"":""T11"",""11"":""T12"",""12"":""T13"",""13"":""T14"",""14"":""T15""}"
KNN-Impute,85,1,55,KNNimpute_completed_p85_rep01_seed55.csv,knn_impute_outputs/completed_matrices/KNNimpute_completed_p85_rep01_seed55.csv,True,,KNN-Impute_NJ_p85_rep01_seed55.treefile,0.8476190476190476,105,89,16,0,89,5,5,distance,nan_euclidean,0.116779457947543,0.099153707596394,0.1823013284928335,0.2003404834865509,0.00229254199985,True,True,True,0,0,0.0,0.0,24.0,1.0,0.0,12.0,12.0,0.0,0.0,,T1|T14;T10|T9;T12|T15;T2|T6;T3|T8;T13|T3|T8;T1|T10|T14|T9;T12|T15|T2|T6;T1|T10|T14|T7|T9;T12|T15|T2|T4|T6;T1|T10|T11|T14|T7|T9;T1|T10|T11|T14|T5|T7|T9,T11|T12;T14|T15;T2|T3;T7|T8;T1|T2|T3;T13|T14|T15;T7|T8|T9;T1|T2|T3|T4;T10|T7|T8|T9;T1|T2|T3|T4|T5;T11|T12|T13|T14|T15;T1|T2|T3|T4|T5|T6,0.4839193182936417,0.540108491451832,0.26783452385360534,0.23895915405349366,0.4842750470873168,0.5400119480828978,0.21830001719962755,0.1864814430852167,15,"{""0"":""T1"",""1"":""T2"",""2"":""T3"",""3"":""T4"",""4"":""T5"",""5"":""T6"",""6"":""T7"",""7"":""T8"",""8"":""T9"",""9"":""T10"",""10"":""T11"",""11"":""T12"",""12"":""T13"",""13"":""T14"",""14"":""T15""}"
KNN-Impute,85,2,56,KNNimpute_completed_p85_rep02_seed56.csv,knn_impute_outputs/completed_matrices/KNNimpute_completed_p85_rep02_seed56.csv,True,,KNN-Impute_NJ_p85_rep02_seed56.treefile,0.8476190476190476,105,89,16,0,89,5,5,distance,nan_euclidean,0.1282334760996144,0.1077741473045788,0.2521330805429216,0.2216717739189649,0.0022714360000009,True,True,True,0,0,0.0,0.0,24.0,1.0,0.0,12.0,12.0,0.0,0.0,,T1|T3;T12|T15;T13|T7;T2|T4;T6|T8;T10|T2|T4;T12|T14|T15;T13|T6|T7|T8;T1|T10|T2|T3|T4;T1|T10|T2|T3|T4|T5;T1|T10|T2|T3|T4|T5|T9;T12|T13|T14|T15|T6|T7|T8,T11|T12;T14|T15;T2|T3;T7|T8;T1|T2|T3;T13|T14|T15;T7|T8|T9;T1|T2|T3|T4;T10|T7|T8|T9;T1|T2|T3|T4|T5;T11|T12|T13|T14|T15;T1|T2|T3|T4|T5|T6,0.49219636005658884,0.5469076089749075,0.3768256935412508,0.37829151980095377,0.49039253044263087,0.5479472053983128,0.26518560448055967,0.23741447232013269,15,"{""0"":""T1"",""1"":""T2"",""2"":""T3"",""3"":""T4"",""4"":""T5"",""5"":""T6"",""6"":""T7"",""7"":""T8"",""8"":""T9"",""9"":""T10"",""10"":""T11"",""11"":""T12"",""12"":""T13"",""13"":""T14"",""14"":""T15""}"
KNN-Impute,85,3,57,KNNimpute_completed_p85_rep03_seed57.csv,knn_impute_outputs/completed_matrices/KNNimpute_completed_p85_rep03_seed57.csv,True,,KNN-Impute_NJ_p85_rep03_seed57.treefile,0.8476190476190476,105,89,16,0,89,5,5,distance,nan_euclidean,0.1305524450545682,0.1101642393469733,0.0614710048140221,0.0675897118256841,0.0022396540000499,True,True,True,0,0,0.0,0.0,24.0,1.0,0.0,12.0,12.0,0.0,0.0,,T10|T8;T11|T9;T12|T14;T2|T5;T11|T15|T9;T10|T12|T14|T8;T11|T15|T4|T9;T10|T12|T14|T6|T8;T10|T12|T14|T3|T6|T8;T11|T15|T2|T4|T5|T9;T10|T12|T14|T3|T6|T7|T8;T11|T13|T15|T2|T4|T5|T9,T11|T12;T14|T15;T2|T3;T7|T8;T1|T2|T3;T13|T14|T15;T7|T8|T9;T1|T2|T3|T4;T10|T7|T8|T9;T1|T2|T3|T4|T5;T11|T12|T13|T14|T15;T1|T2|T3|T4|T5|T6,0.487591814340058,0.546583201919478,0.20804998688415924,0.2356935517312876,0.4894941844532781,0.5487281859555714,0.1790716945929855,0.21200175220093595,15,"{""0"":""T1"",""1"":""T2"",""2"":""T3"",""3"":""T4"",""4"":""T5"",""5"":""T6"",""6"":""T7"",""7"":""T8"",""8"":""T9"",""9"":""T10"",""10"":""T11"",""11"":""T12"",""12"":""T13"",""13"":""T14"",""14"":""T15""}"
KNN-Impute,85,4,58,KNNimpute_completed_p85_rep04_seed58.csv,knn_impute_outputs/completed_matrices/KNNimpute_completed_p85_rep04_seed58.csv,True,,KNN-Impute_NJ_p85_rep04_seed58.treefile,0.8476190476190476,105,89,16,0,89,5,5,distance,nan_euclidean,0.1276425189850146,0.1076827189427947,0.2390886247620925,0.2374531835205992,0.0026487060001727,True,True,True,0,0,0.0,0.0,24.0,1.0,0.0,12.0,12.0,0.0,0.0,,T1|T5;T11|T14;T13|T15;T11|T14|T3;T13|T15|T7;T13|T15|T7|T8;T1|T11|T14|T3|T5;T13|T15|T6|T7|T8;T1|T11|T12|T14|T3|T5;T13|T15|T2|T6|T7|T8;T1|T10|T11|T12|T14|T3|T5;T13|T15|T2|T4|T6|T7|T8,T11|T12;T14|T15;T2|T3;T7|T8;T1|T2|T3;T13|T14|T15;T7|T8|T9;T1|T2|T3|T4;T10|T7|T8|T9;T1|T2|T3|T4|T5;T11|T12|T13|T14|T15;T1|T2|T3|T4|T5|T6,0.48830804196797084,0.5440217523987315,0.2889790706729895,0.30211486626580963,0.49132270607168543,0.5487346510015341,0.2345139601802255,0.22904831018038563,15,"{""0"":""T1"",""1"":""T2"",""2"":""T3"",""3"":""T4"",""4"":""T5"",""5"":""T6"",""6"":""T7"",""7"":""T8"",""8"":""T9"",""9"":""T10"",""10"":""T11"",""11"":""T12"",""12"":""T13"",""13"":""T14"",""14"":""T15""}"
KNN-Impute,85,5,59,KNNimpute_completed_p85_rep05_seed59.csv,knn_impute_outputs/completed_matrices/KNNimpute_completed_p85_rep05_seed59.csv,True,,KNN-Impute_NJ_p85_rep05_seed59.treefile,0.8476190476190476,105,89,16,0,89,5,5,distance,nan_euclidean,0.1310291590703056,0.1073921328985794,0.0697240140323431,0.1734763363976847,0.0025658160000148,True,True,True,0,0,0.0,0.0,24.0,1.0,0.0,12.0,12.0,0.0,0.0,,T10|T13;T11|T15;T12|T6;T5|T9;T10|T13|T14;T12|T2|T6;T4|T5|T9;T1|T4|T5|T9;T10|T13|T14|T3;T12|T2|T6|T8;T10|T11|T13|T14|T15|T3;T10|T11|T13|T14|T15|T3|T7,T11|T12;T14|T15;T2|T3;T7|T8;T1|T2|T3;T13|T14|T15;T7|T8|T9;T1|T2|T3|T4;T10|T7|T8|T9;T1|T2|T3|T4|T5;T11|T12|T13|T14|T15;T1|T2|T3|T4|T5|T6,0.4876294646236984,0.5428421577683729,0.24770608680528677,0.3423076923076923,0.4849806797440619,0.5423821222789948,0.2062972969873486,0.23525813808832674,15,"{""0"":""T1"",""1"":""T2"",""2"":""T3"",""3"":""T4"",""4"":""T5"",""5"":""T6"",""6"":""T7"",""7"":""T8"",""8"":""T9"",""9"":""T10"",""10"":""T11"",""11"":""T12"",""12"":""T13"",""13"":""T14"",""14"":""T15""}"
KNN-Impute,85,6,60,KNNimpute_completed_p85_rep06_seed60.csv,knn_impute_outputs/completed_matrices/KNNimpute_completed_p85_rep06_seed60.csv,True,,KNN-Impute_NJ_p85_rep06_seed60.treefile,0.8476190476190476,105,89,16,0,89,5,5,distance,nan_euclidean,0.1379028553870409,0.1175793499173355,0.0619261898204053,0.080954428143861,0.0021891689998483,True,True,True,0,0,0.0,0.0,24.0,1.0,0.0,12.0,12.0,0.0,0.0,,T10|T6;T11|T14;T12|T5;T13|T3;T1|T13|T3;T10|T15|T6;T12|T2|T5;T1|T13|T3|T9;T12|T2|T5|T7;T1|T11|T13|T14|T3|T9;T1|T11|T13|T14|T3|T4|T9;T10|T12|T15|T2|T5|T6|T7,T11|T12;T14|T15;T2|T3;T7|T8;T1|T2|T3;T13|T14|T15;T7|T8|T9;T1|T2|T3|T4;T10|T7|T8|T9;T1|T2|T3|T4|T5;T11|T12|T13|T14|T15;T1|T2|T3|T4|T5|T6,0.4965735984104627,0.5535757509849472,0.14297926173552414,0.1256064690026954,0.49587749682945886,0.5529655205384588,0.1474544328510473,0.12802110797854457,15,"{""0"":""T1"",""1"":""T2"",""2"":""T3"",""3"":""T4"",""4"":""T5"",""5"":""T6"",""6"":""T7"",""7"":""T8"",""8"":""T9"",""9"":""T10"",""10"":""T11"",""11"":""T12"",""12"":""T13"",""13"":""T14"",""14"":""T15""}"
KNN-Impute,85,7,61,KNNimpute_completed_p85_rep07_seed61.csv,knn_impute_outputs/completed_matrices/KNNimpute_completed_p85_rep07_seed61.csv,True,,KNN-Impute_NJ_p85_rep07_seed61.treefile,0.8476190476190476,105,89,16,0,89,5,5,distance,nan_euclidean,0.1216337673026374,0.103404193546109,0.2923365008898591,0.3234593122233572,0.0027069770001162,True,True,True,0,0,0.0,0.0,24.0,1.0,0.0,12.0,12.0,0.0,0.0,,T11|T13;T12|T9;T14|T7;T15|T3;T2|T4;T1|T14|T7;T11|T13|T6;T2|T4|T5;T10|T2|T4|T5;T1|T14|T15|T3|T7;T1|T14|T15|T3|T7|T8;T10|T12|T2|T4|T5|T9,T11|T12;T14|T15;T2|T3;T7|T8;T1|T2|T3;T13|T14|T15;T7|T8|T9;T1|T2|T3|T4;T10|T7|T8|T9;T1|T2|T3|T4|T5;T11|T12|T13|T14|T15;T1|T2|T3|T4|T5|T6,0.4861155771973208,0.5365124552681859,0.3411034765548326,0.38152602114866263,0.4864233412155276,0.5359293224515047,0.37445030303499505,0.36663902135600246,15,"{""0"":""T1"",""1"":""T2"",""2"":""T3"",""3"":""T4"",""4"":""T5"",""5"":""T6"",""6"":""T7"",""7"":""T8"",""8"":""T9"",""9"":""T10"",""10"":""T11"",""11"":""T12"",""12"":""T13"",""13"":""T14"",""14"":""T15""}"
KNN-Impute,85,8,62,KNNimpute_completed_p85_rep08_seed62.csv,knn_impute_outputs/completed_matrices/KNNimpute_completed_p85_rep08_seed62.csv,True,,KNN-Impute_NJ_p85_rep08_seed62.treefile,0.8476190476190476,105,89,16,0,89,5,5,distance,nan_euclidean,0.1291312216927781,0.1112178845048598,0.0503247266524656,0.0140960163432073,0.0027612840001438,True,True,True,0,0,0.0,0.0,22.0,0.9166666666666666,1.0,12.0,12.0,0.08333333333333333,0.08333333333333333,0.08333333333333333,T1|T9;T12|T14;T3|T4;T1|T15|T9;T11|T3|T4;T11|T13|T3|T4;T12|T14|T7|T8;T11|T13|T3|T4|T6;T12|T14|T5|T7|T8;T10|T11|T13|T3|T4|T6;T12|T14|T2|T5|T7|T8,T11|T12;T14|T15;T2|T3;T1|T2|T3;T13|T14|T15;T7|T8|T9;T1|T2|T3|T4;T10|T7|T8|T9;T1|T2|T3|T4|T5;T11|T12|T13|T14|T15;T1|T2|T3|T4|T5|T6,0.49884546742398184,0.5553141930633373,0.01433913412725895,0.011963508189923285,0.49546521340861005,0.5530681300962318,0.10090087277963693,0.03145345220816918,15,"{""0"":""T1"",""1"":""T2"",""2"":""T3"",""3"":""T4"",""4"":""T5"",""5"":""T6"",""6"":""T7"",""7"":""T8"",""8"":""T9"",""9"":""T10"",""10"":""T11"",""11"":""T12"",""12"":""T13"",""13"":""T14"",""14"":""T15""}"
KNN-Impute,85,9,63,KNNimpute_completed_p85_rep09_seed63.csv,knn_impute_outputs/completed_matrices/KNNimpute_completed_p85_rep09_seed63.csv,True,,KNN-Impute_NJ_p85_rep09_seed63.treefile,0.8476190476190476,105,89,16,0,89,5,5,distance,nan_euclidean,0.1329835216179762,0.112810350433224,0.2071925369440142,0.2422333551274141,0.0022422079998705,True,True,True,0,0,0.0,0.0,24.0,1.0,0.0,12.0,12.0,0.0,0.0,,T1|T5;T10|T15;T12|T3;T13|T14;T2|T8;T7|T9;T1|T2|T5|T8;T13|T14|T7|T9;T13|T14|T6|T7|T9;T1|T12|T2|T3|T5|T8;T13|T14|T4|T6|T7|T9;T11|T13|T14|T4|T6|T7|T9,T11|T12;T14|T15;T2|T3;T7|T8;T1|T2|T3;T13|T14|T15;T7|T8|T9;T1|T2|T3|T4;T10|T7|T8|T9;T1|T2|T3|T4|T5;T11|T12|T13|T14|T15;T1|T2|T3|T4|T5|T6,0.49276552603756085,0.5507504592159816,0.23874908405168002,0.257588637777317,0.49527532063011553,0.5522480989037287,0.24808100457269497,0.25614588936517796,15,"{""0"":""T1"",""1"":""T2"",""2"":""T3"",""3"":""T4"",""4"":""T5"",""5"":""T6"",""6"":""T7"",""7"":""T8"",""8"":""T9"",""9"":""T10"",""10"":""T11"",""11"":""T12"",""12"":""T13"",""13"":""T14"",""14"":""T15""}"
KNN-Impute,85,10,64,KNNimpute_completed_p85_rep10_seed64.csv,knn_impute_outputs/completed_matrices/KNNimpute_completed_p85_rep10_seed64.csv,True,,KNN-Impute_NJ_p85_rep10_seed64.treefile,0.8476190476190476,105,89,16,0,89,5,5,distance,nan_euclidean,0.1156642063160654,0.0992132505954483,0.054166980710124,0.1249813789703646,0.0021918750001077,True,True,True,0,0,0.0,0.0,24.0,1.0,0.0,12.0,12.0,0.0,0.0,,T1|T11;T10|T4;T12|T3;T13|T15;T2|T9;T10|T4|T7;T13|T15|T6;T1|T11|T12|T3;T1|T11|T12|T14|T3;T10|T13|T15|T4|T6|T7;T1|T11|T12|T14|T2|T3|T9;T10|T13|T15|T4|T6|T7|T8,T11|T12;T14|T15;T2|T3;T7|T8;T1|T2|T3;T13|T14|T15;T7|T8|T9;T1|T2|T3|T4;T10|T7|T8|T9;T1|T2|T3|T4|T5;T11|T12|T13|T14|T15;T1|T2|T3|T4|T5|T6,0.4825034008991096,0.5379770767241089,0.30391366217166405,0.3870205266431682,0.48169231883280145,0.5380308113817387,0.17000675075257887,0.19767927087345816,15,"{""0"":""T1"",""1"":""T2"",""2"":""T3"",""3"":""T4"",""4"":""T5"",""5"":""T6"",""6"":""T7"",""7"":""T8"",""8"":""T9"",""9"":""T10"",""10"":""T11"",""11"":""T12"",""12"":""T13"",""13"":""T14"",""14"":""T15""}"
KNN-Impute,85,11,65,KNNimpute_completed_p85_rep11_seed65.csv,knn_impute_outputs/completed_matrices/KNNimpute_completed_p85_rep11_seed65.csv,True,,KNN-Impute_NJ_p85_rep11_seed65.treefile,0.8476190476190476,105,89,16,0,89,5,5,distance,nan_euclidean,0.1171378195321595,0.0981410025098189,0.2732290526191616,0.3072863466121894,0.0023548379999738,True,True,True,0,0,0.0,0.0,18.0,0.75,3.0,12.0,12.0,0.25,0.25,0.25,T1|T4;T13|T2;T5|T6;T1|T10|T4;T13|T2|T9;T3|T7|T8;T11|T12|T14|T15;T11|T12|T14|T15|T5|T6;T13|T2|T3|T7|T8|T9,T2|T3;T1|T2|T3;T13|T14|T15;T7|T8|T9;T1|T2|T3|T4;T10|T7|T8|T9;T1|T2|T3|T4|T5;T11|T12|T13|T14|T15;T1|T2|T3|T4|T5|T6,0.48357671510211353,0.5363407517954849,0.42970884702308965,0.4291519800953763,0.4825398984197223,0.5355816915320276,0.3629094719470556,0.3573501969728385,15,"{""0"":""T1"",""1"":""T2"",""2"":""T3"",""3"":""T4"",""4"":""T5"",""5"":""T6"",""6"":""T7"",""7"":""T8"",""8"":""T9"",""9"":""T10"",""10"":""T11"",""11"":""T12"",""12"":""T13"",""13"":""T14"",""14"":""T15""}"
KNN-Impute,85,12,66,KNNimpute_completed_p85_rep12_seed66.csv,knn_impute_outputs/completed_matrices/KNNimpute_completed_p85_rep12_seed66.csv,True,,KNN-Impute_NJ_p85_rep12_seed66.treefile,0.8476190476190476,105,89,16,0,89,5,5,distance,nan_euclidean,0.1314247367690527,0.1066944355166845,0.0720027534273402,0.1185733741913517,0.002401453999937,True,True,True,0,0,0.0,0.0,22.0,0.9166666666666666,1.0,12.0,12.0,0.08333333333333333,0.08333333333333333,0.08333333333333333,T10|T9;T13|T15;T2|T6;T3|T7;T10|T14|T9;T2|T6|T8;T3|T4|T7;T1|T3|T4|T7;T10|T11|T12|T14|T9;T13|T15|T2|T6|T8;T10|T11|T12|T14|T5|T9,T14|T15;T2|T3;T7|T8;T1|T2|T3;T13|T14|T15;T7|T8|T9;T1|T2|T3|T4;T10|T7|T8|T9;T1|T2|T3|T4|T5;T11|T12|T13|T14|T15;T1|T2|T3|T4|T5|T6,0.4825146895537068,0.5381006065516337,0.22297202628832166,0.1377876840140991,0.48428341730193886,0.5422649340929984,0.16831580523206355,0.17848849263943603,15,"{""0"":""T1"",""1"":""T2"",""2"":""T3"",""3"":""T4"",""4"":""T5"",""5"":""T6"",""6"":""T7"",""7"":""T8"",""8"":""T9"",""9"":""T10"",""10"":""T11"",""11"":""T12"",""12"":""T13"",""13"":""T14"",""14"":""T15""}"
KNN-Impute,85,13,67,KNNimpute_completed_p85_rep13_seed67.csv,knn_impute_outputs/completed_matrices/KNNimpute_completed_p85_rep13_seed67.csv,True,,KNN-Impute_NJ_p85_rep13_seed67.treefile,0.8476190476190476,105,89,16,0,89,5,5,distance,nan_euclidean,0.1272153833002575,0.1142810762597543,0.2313800417847199,0.2497446049184907,0.0020422819998202,True,True,True,0,0,0.0,0.0,24.0,1.0,0.0,12.0,12.0,0.0,0.0,,T1|T6;T11|T15;T2|T4;T5|T8;T1|T6|T9;T2|T3|T4;T11|T15|T5|T8;T11|T13|T15|T5|T8;T1|T2|T3|T4|T6|T9;T11|T13|T14|T15|T5|T8;T1|T12|T2|T3|T4|T6|T9;T10|T11|T13|T14|T15|T5|T8,T11|T12;T14|T15;T2|T3;T7|T8;T1|T2|T3;T13|T14|T15;T7|T8|T9;T1|T2|T3|T4;T10|T7|T8|T9;T1|T2|T3|T4|T5;T11|T12|T13|T14|T15;T1|T2|T3|T4|T5|T6,0.49332167617590067,0.5458681179566925,0.44857883182616576,0.41375699771926183,0.4942028388231238,0.5484019152108041,0.2996653738275979,0.2676927392777004,15,"{""0"":""T1"",""1"":""T2"",""2"":""T3"",""3"":""T4"",""4"":""T5"",""5"":""T6"",""6"":""T7"",""7"":""T8"",""8"":""T9"",""9"":""T10"",""10"":""T11"",""11"":""T12"",""12"":""T13"",""13"":""T14"",""14"":""T15""}"
KNN-Impute,85,14,68,KNNimpute_completed_p85_rep14_seed68.csv,knn_impute_outputs/completed_matrices/KNNimpute_completed_p85_rep14_seed68.csv,True,,KNN-Impute_NJ_p85_rep14_seed68.treefile,0.8476190476190476,105,89,16,0,89,5,5,distance,nan_euclidean,0.1246908566500753,0.1046743827214036,0.0900553046782074,0.0476336397684712,0.0027530909999313,True,True,True,0,0,0.0,0.0,24.0,1.0,0.0,12.0,12.0,0.0,0.0,,T10|T8;T11|T15;T13|T14;T3|T4;T7|T9;T11|T15|T6;T13|T14|T5;T3|T4|T7|T9;T10|T11|T15|T6|T8;T2|T3|T4|T7|T9;T1|T2|T3|T4|T7|T9;T1|T12|T2|T3|T4|T7|T9,T11|T12;T14|T15;T2|T3;T7|T8;T1|T2|T3;T13|T14|T15;T7|T8|T9;T1|T2|T3|T4;T10|T7|T8|T9;T1|T2|T3|T4|T5;T11|T12|T13|T14|T15;T1|T2|T3|T4|T5|T6,0.4883727297391249,0.5488206479344911,0.08882608747518603,0.08030271615177277,0.48518399822866815,0.5448600052578878,0.14908463840579464,0.11910636533278042,15,"{""0"":""T1"",""1"":""T2"",""2"":""T3"",""3"":""T4"",""4"":""T5"",""5"":""T6"",""6"":""T7"",""7"":""T8"",""8"":""T9"",""9"":""T10"",""10"":""T11"",""11"":""T12"",""12"":""T13"",""13"":""T14"",""14"":""T15""}"
KNN-Impute,85,15,69,KNNimpute_completed_p85_rep15_seed69.csv,knn_impute_outputs/completed_matrices/KNNimpute_completed_p85_rep15_seed69.csv,True,,KNN-Impute_NJ_p85_rep15_seed69.treefile,0.8476190476190476,105,89,16,0,89,5,5,distance,nan_euclidean,0.1293681737696892,0.1032506106521595,0.1080500350916907,0.0859720803541028,0.0025749149999683,True,True,True,0,0,0.0,0.0,22.0,0.9166666666666666,1.0,12.0,12.0,0.08333333333333333,0.08333333333333333,0.08333333333333333,T11|T13;T12|T8;T5|T9;T10|T12|T8;T14|T5|T9;T11|T13|T2|T3;T1|T11|T13|T2|T3;T1|T11|T13|T2|T3|T4;T10|T12|T14|T5|T8|T9;T1|T11|T13|T2|T3|T4|T7;T10|T12|T14|T15|T5|T8|T9,T11|T12;T14|T15;T7|T8;T1|T2|T3;T13|T14|T15;T7|T8|T9;T1|T2|T3|T4;T10|T7|T8|T9;T1|T2|T3|T4|T5;T11|T12|T13|T14|T15;T1|T2|T3|T4|T5|T6,0.4817398713404841,0.5477930930868916,0.06553103615278205,0.013093510263321584,0.4835077728856806,0.5472941639735264,0.1353938823585366,0.13660584698320546,15,"{""0"":""T1"",""1"":""T2"",""2"":""T3"",""3"":""T4"",""4"":""T5"",""5"":""T6"",""6"":""T7"",""7"":""T8"",""8"":""T9"",""9"":""T10"",""10"":""T11"",""11"":""T12"",""12"":""T13"",""13"":""T14"",""14"":""T15""}"
KNN-Impute,85,16,70,KNNimpute_completed_p85_rep16_seed70.csv,knn_impute_outputs/completed_matrices/KNNimpute_completed_p85_rep16_seed70.csv,True,,KNN-Impute_NJ_p85_rep16_seed70.treefile,0.8476190476190476,105,89,16,0,89,5,5,distance,nan_euclidean,0.1240300464722706,0.0994835690748201,0.246330555790222,0.250187265917603,0.0023405900001307,True,True,True,0,0,0.0,0.0,22.0,0.9166666666666666,1.0,12.0,12.0,0.08333333333333333,0.08333333333333333,0.08333333333333333,T6|T8;T7|T9;T1|T7|T9;T11|T14|T15;T5|T6|T8;T11|T14|T15|T4;T11|T14|T15|T3|T4;T1|T5|T6|T7|T8|T9;T11|T13|T14|T15|T3|T4;T1|T2|T5|T6|T7|T8|T9;T11|T12|T13|T14|T15|T3|T4,T11|T12;T2|T3;T7|T8;T1|T2|T3;T13|T14|T15;T7|T8|T9;T1|T2|T3|T4;T10|T7|T8|T9;T1|T2|T3|T4|T5;T11|T12|T13|T14|T15;T1|T2|T3|T4|T5|T6,0.4832165713948158,0.5368998717787385,0.33816692373418383,0.37378187849885963,0.4803563196207326,0.5341481619700099,0.3656484150263856,0.3940078789135393,15,"{""0"":""T1"",""1"":""T2"",""2"":""T3"",""3"":""T4"",""4"":""T5"",""5"":""T6"",""6"":""T7"",""7"":""T8"",""8"":""T9"",""9"":""T10"",""10"":""T11"",""11"":""T12"",""12"":""T13"",""13"":""T14"",""14"":""T15""}"
KNN-Impute,85,17,71,KNNimpute_completed_p85_rep17_seed71.csv,knn_impute_outputs/completed_matrices/KNNimpute_completed_p85_rep17_seed71.csv,True,,KNN-Impute_NJ_p85_rep17_seed71.treefile,0.8476190476190476,105,89,16,0,89,5,5,distance,nan_euclidean,0.1376514679706885,0.1209955411542128,-0.0057883277323736,-0.0289937731080957,0.0022056329999031,True,True,True,0,0,0.0,0.0,22.0,0.9166666666666666,1.0,12.0,12.0,0.08333333333333333,0.08333333333333333,0.08333333333333333,T1|T7;T10|T15;T14|T9;T3|T6;T11|T12|T5;T14|T2|T9;T3|T4|T6;T10|T15|T3|T4|T6;T10|T13|T15|T3|T4|T6;T11|T12|T14|T2|T5|T9;T11|T12|T14|T2|T5|T8|T9,T14|T15;T2|T3;T7|T8;T1|T2|T3;T13|T14|T15;T7|T8|T9;T1|T2|T3|T4;T10|T7|T8|T9;T1|T2|T3|T4|T5;T11|T12|T13|T14|T15;T1|T2|T3|T4|T5|T6,0.500939696586399,0.559815608893596,0.0951552689912246,0.07156334231805929,0.501666918179095,0.5606502831394167,0.06778954284892044,0.0034575081597639076,15,"{""0"":""T1"",""1"":""T2"",""2"":""T3"",""3"":""T4"",""4"":""T5"",""5"":""T6"",""6"":""T7"",""7"":""T8"",""8"":""T9"",""9"":""T10"",""10"":""T11"",""11"":""T12"",""12"":""T13"",""13"":""T14"",""14"":""T15""}"
KNN-Impute,85,18,72,KNNimpute_completed_p85_rep18_seed72.csv,knn_impute_outputs/completed_matrices/KNNimpute_completed_p85_rep18_seed72.csv,True,,KNN-Impute_NJ_p85_rep18_seed72.treefile,0.8476190476190476,105,89,16,0,89,5,5,distance,nan_euclidean,0.1313994701956295,0.1143931117389568,0.065306605622905,0.1335705501582884,0.0031781800000771,True,True,True,0,0,0.0,0.0,24.0,1.0,0.0,12.0,12.0,0.0,0.0,,T1|T2;T11|T8;T13|T15;T14|T6;T4|T7;T11|T3|T8;T14|T5|T6;T4|T7|T9;T1|T13|T15|T2;T11|T3|T4|T7|T8|T9;T1|T13|T14|T15|T2|T5|T6;T10|T11|T3|T4|T7|T8|T9,T11|T12;T14|T15;T2|T3;T7|T8;T1|T2|T3;T13|T14|T15;T7|T8|T9;T1|T2|T3|T4;T10|T7|T8|T9;T1|T2|T3|T4|T5;T11|T12|T13|T14|T15;T1|T2|T3|T4|T5|T6,0.4951401761091366,0.5496229736267084,0.16091384892592234,0.25149284677586564,0.4919397671621083,0.5480386531202581,0.19315634351589797,0.22099542035264566,15,"{""0"":""T1"",""1"":""T2"",""2"":""T3"",""3"":""T4"",""4"":""T5"",""5"":""T6"",""6"":""T7"",""7"":""T8"",""8"":""T9"",""9"":""T10"",""10"":""T11"",""11"":""T12"",""12"":""T13"",""13"":""T14"",""14"":""T15""}"
KNN-Impute,85,19,73,KNNimpute_completed_p85_rep19_seed73.csv,knn_impute_outputs/completed_matrices/KNNimpute_completed_p85_rep19_seed73.csv,True,,KNN-Impute_NJ_p85_rep19_seed73.treefile,0.8476190476190476,105,89,16,0,89,5,5,distance,nan_euclidean,0.1288657150014412,0.1078609491697882,0.0772844805794637,-0.0765577119509703,0.0024105269999381,True,True,True,0,0,0.0,0.0,24.0,1.0,0.0,12.0,12.0,0.0,0.0,,T11|T13;T12|T4;T15|T7;T2|T6;T8|T9;T2|T3|T6;T11|T13|T15|T7;T11|T13|T15|T5|T7;T12|T2|T3|T4|T6;T10|T11|T13|T15|T5|T7;T1|T10|T11|T13|T15|T5|T7;T12|T2|T3|T4|T6|T8|T9,T11|T12;T14|T15;T2|T3;T7|T8;T1|T2|T3;T13|T14|T15;T7|T8|T9;T1|T2|T3|T4;T10|T7|T8|T9;T1|T2|T3|T4|T5;T11|T12|T13|T14|T15;T1|T2|T3|T4|T5|T6,0.49091438617158534,0.5560668654451222,-0.03429067940976472,-0.10181422351233671,0.4893165917138617,0.5538065617813199,0.02982730681993697,-0.0754820651047066,15,"{""0"":""T1"",""1"":""T2"",""2"":""T3"",""3"":""T4"",""4"":""T5"",""5"":""T6"",""6"":""T7"",""7"":""T8"",""8"":""T9"",""9"":""T10"",""10"":""T11"",""11"":""T12"",""12"":""T13"",""13"":""T14"",""14"":""T15""}"
KNN-Impute,85,20,74,KNNimpute_completed_p85_rep20_seed74.csv,knn_impute_outputs/completed_matrices/KNNimpute_completed_p85_rep20_seed74.csv,True,,KNN-Impute_NJ_p85_rep20_seed74.treefile,0.8476190476190476,105,89,16,0,89,5,5,distance,nan_euclidean,0.1465437240608074,0.1273481466296532,0.0758041427240515,0.029645649235547,0.0021958089998861,True,True,True,0,0,0.0,0.0,24.0,1.0,0.0,12.0,12.0,0.0,0.0,,T12|T2;T13|T15;T3|T4;T5|T9;T1|T12|T2;T10|T13|T15;T5|T8|T9;T10|T13|T15|T6;T1|T12|T2|T5|T8|T9;T10|T13|T15|T3|T4|T6;T1|T12|T14|T2|T5|T8|T9;T10|T13|T15|T3|T4|T6|T7,T11|T12;T14|T15;T2|T3;T7|T8;T1|T2|T3;T13|T14|T15;T7|T8|T9;T1|T2|T3|T4;T10|T7|T8|T9;T1|T2|T3|T4|T5;T11|T12|T13|T14|T15;T1|T2|T3|T4|T5|T6,0.5099757113547437,0.5703506127443115,0.06894583342393108,-0.012938005390835578,0.5077671532960476,0.5692109193593055,0.07190638068839364,0.013872904415424554,15,"{""0"":""T1"",""1"":""T2"",""2"":""T3"",""3"":""T4"",""4"":""T5"",""5"":""T6"",""6"":""T7"",""7"":""T8"",""8"":""T9"",""9"":""T10"",""10"":""T11"",""11"":""T12"",""12"":""T13"",""13"":""T14"",""14"":""T15""}"
KNN-Impute,85,21,75,KNNimpute_completed_p85_rep21_seed75.csv,knn_impute_outputs/completed_matrices/KNNimpute_completed_p85_rep21_seed75.csv,True,,KNN-Impute_NJ_p85_rep21_seed75.treefile,0.8476190476190476,105,89,16,0,89,5,5,distance,nan_euclidean,0.1256556958155423,0.1079548277831301,0.1065019527210502,0.1354712945891717,0.0021282440000049,True,True,True,0,0,0.0,0.0,22.0,0.9166666666666666,1.0,12.0,12.0,0.08333333333333333,0.08333333333333333,0.08333333333333333,T1|T10;T12|T9;T13|T3;T5|T6;T1|T10|T7;T13|T3|T8;T12|T5|T6|T9;T12|T4|T5|T6|T9;T13|T14|T15|T3|T8;T12|T2|T4|T5|T6|T9;T11|T12|T2|T4|T5|T6|T9,T11|T12;T2|T3;T7|T8;T1|T2|T3;T13|T14|T15;T7|T8|T9;T1|T2|T3|T4;T10|T7|T8|T9;T1|T2|T3|T4|T5;T11|T12|T13|T14|T15;T1|T2|T3|T4|T5|T6,0.49036020280116327,0.5491916089627112,0.17941147223801773,0.2058366162139747,0.49126611506785256,0.549907005088854,0.17660420022809015,0.15240223168584038,15,"{""0"":""T1"",""1"":""T2"",""2"":""T3"",""3"":""T4"",""4"":""T5"",""5"":""T6"",""6"":""T7"",""7"":""T8"",""8"":""T9"",""9"":""T10"",""10"":""T11"",""11"":""T12"",""12"":""T13"",""13"":""T14"",""14"":""T15""}"
KNN-Impute,85,22,76,KNNimpute_completed_p85_rep22_seed76.csv,knn_impute_outputs/completed_matrices/KNNimpute_completed_p85_rep22_seed76.csv,True,,KNN-Impute_NJ_p85_rep22_seed76.treefile,0.8476190476190476,105,89,16,0,89,5,5,distance,nan_euclidean,0.1193309166272975,0.1043752697253179,0.1431876304969016,0.2560776302349337,0.0025342009998894,True,True,True,0,0,0.0,0.0,22.0,0.9166666666666666,1.0,12.0,12.0,0.08333333333333333,0.08333333333333333,0.08333333333333333,T1|T10;T11|T6;T13|T2;T4|T7;T8|T9;T12|T8|T9;T1|T10|T13|T2;T14|T15|T4|T7;T11|T14|T15|T4|T6|T7;T1|T10|T12|T13|T2|T8|T9;T11|T14|T15|T4|T5|T6|T7,T11|T12;T2|T3;T7|T8;T1|T2|T3;T13|T14|T15;T7|T8|T9;T1|T2|T3|T4;T10|T7|T8|T9;T1|T2|T3|T4|T5;T11|T12|T13|T14|T15;T1|T2|T3|T4|T5|T6,0.48935886912531884,0.5465661969410284,0.2611103804401784,0.2928882438316401,0.4906004080477344,0.5466800366793177,0.2161870666713944,0.24640265394982375,15,"{""0"":""T1"",""1"":""T2"",""2"":""T3"",""3"":""T4"",""4"":""T5"",""5"":""T6"",""6"":""T7"",""7"":""T8"",""8"":""T9"",""9"":""T10"",""10"":""T11"",""11"":""T12"",""12"":""T13"",""13"":""T14"",""14"":""T15""}"
KNN-Impute,85,23,77,KNNimpute_completed_p85_rep23_seed77.csv,knn_impute_outputs/completed_matrices/KNNimpute_completed_p85_rep23_seed77.csv,True,,KNN-Impute_NJ_p85_rep23_seed77.treefile,0.8476190476190476,105,89,16,0,89,5,5,distance,nan_euclidean,0.1261870911620475,0.1053223716230168,0.1320039684125124,0.0340823970037453,0.0027882229999249,True,True,True,0,0,0.0,0.0,24.0,1.0,0.0,12.0,12.0,0.0,0.0,,T10|T8;T11|T14;T15|T3;T5|T6;T7|T9;T1|T11|T14;T12|T7|T9;T1|T11|T14|T2;T1|T11|T14|T2|T4;T10|T12|T7|T8|T9;T10|T12|T13|T7|T8|T9;T1|T11|T14|T2|T4|T5|T6,T11|T12;T14|T15;T2|T3;T7|T8;T1|T2|T3;T13|T14|T15;T7|T8|T9;T1|T2|T3|T4;T10|T7|T8|T9;T1|T2|T3|T4|T5;T11|T12|T13|T14|T15;T1|T2|T3|T4|T5|T6,0.4818893269130195,0.542573870915321,0.16226526694990412,0.1753265602322206,0.4836642239539148,0.5465105673199941,0.12625874793151146,0.0896744764669293,15,"{""0"":""T1"",""1"":""T2"",""2"":""T3"",""3"":""T4"",""4"":""T5"",""5"":""T6"",""6"":""T7"",""7"":""T8"",""8"":""T9"",""9"":""T10"",""10"":""T11"",""11"":""T12"",""12"":""T13"",""13"":""T14"",""14"":""T15""}"
KNN-Impute,85,24,78,KNNimpute_completed_p85_rep24_seed78.csv,knn_impute_outputs/completed_matrices/KNNimpute_completed_p85_rep24_seed78.csv,True,,KNN-Impute_NJ_p85_rep24_seed78.treefile,0.8476190476190476,105,89,16,0,89,5,5,distance,nan_euclidean,0.1173024871949194,0.1006518570744266,-0.0182463467554205,0.0157984337759618,0.0024834909997935,True,True,True,0,0,0.0,0.0,24.0,1.0,0.0,12.0,12.0,0.0,0.0,,T10|T9;T13|T8;T2|T5;T3|T4;T1|T10|T9;T13|T6|T8;T14|T2|T5;T15|T3|T4;T1|T10|T12|T9;T1|T10|T12|T7|T9;T14|T15|T2|T3|T4|T5;T11|T14|T15|T2|T3|T4|T5,T11|T12;T14|T15;T2|T3;T7|T8;T1|T2|T3;T13|T14|T15;T7|T8|T9;T1|T2|T3|T4;T10|T7|T8|T9;T1|T2|T3|T4|T5;T11|T12|T13|T14|T15;T1|T2|T3|T4|T5|T6,0.47967824524264835,0.5370076957381454,0.15505617385255002,0.17641509433962263,0.47972953971882887,0.5392079656001002,0.09742027658347774,0.09302301472112792,15,"{""0"":""T1"",""1"":""T2"",""2"":""T3"",""3"":""T4"",""4"":""T5"",""5"":""T6"",""6"":""T7"",""7"":""T8"",""8"":""T9"",""9"":""T10"",""10"":""T11"",""11"":""T12"",""12"":""T13"",""13"":""T14"",""14"":""T15""}"
KNN-Impute,85,25,79,KNNimpute_completed_p85_rep25_seed79.csv,knn_impute_outputs/completed_matrices/KNNimpute_completed_p85_rep25_seed79.csv,True,,KNN-Impute_NJ_p85_rep25_seed79.treefile,0.8476190476190476,105,89,16,0,89,5,5,distance,nan_euclidean,0.1354659481803332,0.1137570041879323,0.1304877723616342,0.2438202247191011,0.0026121779999357,True,True,True,0,0,0.0,0.0,24.0,1.0,0.0,12.0,12.0,0.0,0.0,,T11|T7;T12|T6;T13|T14;T4|T5;T8|T9;T10|T8|T9;T13|T14|T3;T10|T2|T8|T9;T12|T13|T14|T3|T6;T1|T12|T13|T14|T3|T6;T10|T2|T4|T5|T8|T9;T10|T15|T2|T4|T5|T8|T9,T11|T12;T14|T15;T2|T3;T7|T8;T1|T2|T3;T13|T14|T15;T7|T8|T9;T1|T2|T3|T4;T10|T7|T8|T9;T1|T2|T3|T4|T5;T11|T12|T13|T14|T15;T1|T2|T3|T4|T5|T6,0.48750548393299825,0.5405228038757587,0.3525794037139744,0.37769023429400783,0.4938665947138184,0.5468553392118193,0.31002127789254535,0.3786750984864192,15,"{""0"":""T1"",""1"":""T2"",""2"":""T3"",""3"":""T4"",""4"":""T5"",""5"":""T6"",""6"":""T7"",""7"":""T8"",""8"":""T9"",""9"":""T10"",""10"":""T11"",""11"":""T12"",""12"":""T13"",""13"":""T14"",""14"":""T15""}"
KNN-Impute,85,26,80,KNNimpute_completed_p85_rep26_seed80.csv,knn_impute_outputs/completed_matrices/KNNimpute_completed_p85_rep26_seed80.csv,True,,KNN-Impute_NJ_p85_rep26_seed80.treefile,0.8476190476190476,105,89,16,0,89,5,5,distance,nan_euclidean,0.1407380446880477,0.115307578365796,0.160033372289335,-0.0254951117025093,0.0022751389999484,True,True,True,0,0,0.0,0.0,22.0,0.9166666666666666,1.0,12.0,12.0,0.08333333333333333,0.08333333333333333,0.08333333333333333,T1|T3;T10|T8;T12|T14;T6|T9;T11|T12|T14;T4|T6|T9;T1|T2|T3|T5;T1|T15|T2|T3|T5;T10|T4|T6|T8|T9;T10|T4|T6|T7|T8|T9;T10|T13|T4|T6|T7|T8|T9,T11|T12;T14|T15;T2|T3;T7|T8;T13|T14|T15;T7|T8|T9;T1|T2|T3|T4;T10|T7|T8|T9;T1|T2|T3|T4|T5;T11|T12|T13|T14|T15;T1|T2|T3|T4|T5|T6,0.5027320710050213,0.5640315847501117,0.11557423543732628,0.09054530375285093,0.5003836205027479,0.5623073641987978,0.13635472231780302,0.055299395874604744,15,"{""0"":""T1"",""1"":""T2"",""2"":""T3"",""3"":""T4"",""4"":""T5"",""5"":""T6"",""6"":""T7"",""7"":""T8"",""8"":""T9"",""9"":""T10"",""10"":""T11"",""11"":""T12"",""12"":""T13"",""13"":""T14"",""14"":""T15""}"
KNN-Impute,85,27,81,KNNimpute_completed_p85_rep27_seed81.csv,knn_impute_outputs/completed_matrices/KNNimpute_completed_p85_rep27_seed81.csv,True,,KNN-Impute_NJ_p85_rep27_seed81.treefile,0.8476190476190476,105,89,16,0,89,5,5,distance,nan_euclidean,0.1189674084477482,0.1001084160477427,0.3227637263588299,0.3283282260810351,0.0024397740000949,True,True,True,0,0,0.0,0.0,24.0,1.0,0.0,12.0,12.0,0.0,0.0,,T12|T6;T13|T15;T14|T9;T2|T5;T1|T14|T9;T10|T12|T6;T11|T13|T15;T2|T5|T8;T10|T12|T4|T6;T11|T13|T15|T7;T1|T11|T13|T14|T15|T7|T9;T10|T12|T2|T4|T5|T6|T8,T11|T12;T14|T15;T2|T3;T7|T8;T1|T2|T3;T13|T14|T15;T7|T8|T9;T1|T2|T3|T4;T10|T7|T8|T9;T1|T2|T3|T4|T5;T11|T12|T13|T14|T15;T1|T2|T3|T4|T5|T6,0.4870211556069696,0.5397081422412187,0.40757814031934564,0.39045200082935927,0.48477502483702994,0.5386471639795315,0.36468325718416106,0.3298984034833091,15,"{""0"":""T1"",""1"":""T2"",""2"":""T3"",""3"":""T4"",""4"":""T5"",""5"":""T6"",""6"":""T7"",""7"":""T8"",""8"":""T9"",""9"":""T10"",""10"":""T11"",""11"":""T12"",""12"":""T13"",""13"":""T14"",""14"":""T15""}"
KNN-Impute,85,28,82,KNNimpute_completed_p85_rep28_seed82.csv,knn_impute_outputs/completed_matrices/KNNimpute_completed_p85_rep28_seed82.csv,True,,KNN-Impute_NJ_p85_rep28_seed82.treefile,0.8476190476190476,105,89,16,0,89,5,5,distance,nan_euclidean,0.1232308608321304,0.1063857142369836,0.3394026880112287,0.3725265703923917,0.0024466049999318,True,True,True,0,0,0.0,0.0,20.0,0.8333333333333334,2.0,12.0,12.0,0.16666666666666666,0.16666666666666666,0.16666666666666666,T1|T12;T10|T5;T13|T14;T4|T8;T1|T12|T2|T3;T10|T13|T14|T15|T5;T1|T12|T2|T3|T4|T8;T10|T13|T14|T15|T5|T9;T1|T11|T12|T2|T3|T4|T8;T10|T13|T14|T15|T5|T6|T9,T11|T12;T14|T15;T7|T8;T1|T2|T3;T7|T8|T9;T1|T2|T3|T4;T10|T7|T8|T9;T1|T2|T3|T4|T5;T11|T12|T13|T14|T15;T1|T2|T3|T4|T5|T6,0.49611846220099026,0.5506960936187557,0.38593855733466875,0.4547688160895708,0.4938992879700889,0.546611428776351,0.38990396450217313,0.4089708602289854,15,"{""0"":""T1"",""1"":""T2"",""2"":""T3"",""3"":""T4"",""4"":""T5"",""5"":""T6"",""6"":""T7"",""7"":""T8"",""8"":""T9"",""9"":""T10"",""10"":""T11"",""11"":""T12"",""12"":""T13"",""13"":""T14"",""14"":""T15""}"
KNN-Impute,85,29,83,KNNimpute_completed_p85_rep29_seed83.csv,knn_impute_outputs/completed_matrices/KNNimpute_completed_p85_rep29_seed83.csv,True,,KNN-Impute_NJ_p85_rep29_seed83.treefile,0.8476190476190476,105,89,16,0,89,5,5,distance,nan_euclidean,0.1303210245398142,0.1149479829665795,0.0812629923352341,0.0484678243105209,0.0023202700001547,True,True,True,0,0,0.0,0.0,20.0,0.8333333333333334,2.0,12.0,12.0,0.16666666666666666,0.16666666666666666,0.16666666666666666,T10|T6;T12|T5;T15|T9;T10|T14|T6;T12|T4|T5;T1|T12|T4|T5;T10|T14|T2|T3|T6;T1|T12|T4|T5|T7|T8;T10|T11|T14|T2|T3|T6;T10|T11|T13|T14|T2|T3|T6,T11|T12;T14|T15;T1|T2|T3;T13|T14|T15;T7|T8|T9;T1|T2|T3|T4;T10|T7|T8|T9;T1|T2|T3|T4|T5;T11|T12|T13|T14|T15;T1|T2|T3|T4|T5|T6,0.4975753107724933,0.5573962134703723,0.12904375357172349,0.0890731909599834,0.4958962609714548,0.5575636005200525,0.12188232291651803,0.10744349989633008,15,"{""0"":""T1"",""1"":""T2"",""2"":""T3"",""3"":""T4"",""4"":""T5"",""5"":""T6"",""6"":""T7"",""7"":""T8"",""8"":""T9"",""9"":""T10"",""10"":""T11"",""11"":""T12"",""12"":""T13"",""13"":""T14"",""14"":""T15""}"
KNN-Impute,85,30,84,KNNimpute_completed_p85_rep30_seed84.csv,knn_impute_outputs/completed_matrices/KNNimpute_completed_p85_rep30_seed84.csv,True,,KNN-Impute_NJ_p85_rep30_seed84.treefile,0.8476190476190476,105,89,16,0,89,5,5,distance,nan_euclidean,0.1238251556281259,0.101642830503815,0.0737796757440517,0.1224208375893769,0.0023053919999256,True,True,True,0,0,0.0,0.0,24.0,1.0,0.0,12.0,12.0,0.0,0.0,,T10|T14;T12|T8;T13|T15;T4|T6;T7|T9;T1|T12|T8;T10|T14|T2;T11|T7|T9;T10|T14|T2|T3;T13|T15|T4|T6;T1|T12|T13|T15|T4|T6|T8;T10|T11|T14|T2|T3|T7|T9,T11|T12;T14|T15;T2|T3;T7|T8;T1|T2|T3;T13|T14|T15;T7|T8|T9;T1|T2|T3|T4;T10|T7|T8|T9;T1|T2|T3|T4|T5;T11|T12|T13|T14|T15;T1|T2|T3|T4|T5|T6,0.47314655671832434,0.5301914883654446,0.1846121444443729,0.23835786854654778,0.4755574512867102,0.5317496646386354,0.20914313539211277,0.2663072776280323,15,"{""0"":""T1"",""1"":""T2"",""2"":""T3"",""3"":""T4"",""4"":""T5"",""5"":""T6"",""6"":""T7"",""7"":""T8"",""8"":""T9"",""9"":""T10"",""10"":""T11"",""11"":""T12"",""12"":""T13"",""13"":""T14"",""14"":""T15""}"
