method,pct_missing,replicate,mask_seed,file,path,success,error_message,n_taxa,n_pairs,n_edges,n_terminal_edges,n_internal_edges,nnls_rnorm,branch_fit_solver,tree_length_ref,tree_length_hat,tree_length_abs_error,tree_length_rel_error,missingness_actual,n_pairs_total,n_missing,n_observed,optimized_variables,masked_file,runtime_seconds,RMSE_miss,MAE_miss,Pearson_miss,Spearman_miss,max_abs_error_observed,mean_abs_error_observed,__metadata_scope,__metadata_source,edge_BL_MAE,edge_BL_RMSE,edge_BL_Bias,edge_BL_MaxAE,edge_BL_Pearson,edge_BL_Spearman,edge_BL_rel_RMSE,edge_BL_rel_MAE,terminal_BL_MAE,terminal_BL_RMSE,terminal_BL_Bias,terminal_BL_MaxAE,terminal_BL_Pearson,terminal_BL_Spearman,terminal_BL_rel_RMSE,terminal_BL_rel_MAE,internal_BL_MAE,internal_BL_RMSE,internal_BL_Bias,internal_BL_MaxAE,internal_BL_Pearson,internal_BL_Spearman,internal_BL_rel_RMSE,internal_BL_rel_MAE,fit_pat_MAE,fit_pat_RMSE,fit_pat_Bias,fit_pat_MaxAE,fit_pat_Pearson,fit_pat_Spearman,fit_pat_rel_RMSE,fit_pat_rel_MAE,input_vs_ML_pat_MAE,input_vs_ML_pat_RMSE,input_vs_ML_pat_Bias,input_vs_ML_pat_MaxAE,input_vs_ML_pat_Pearson,input_vs_ML_pat_Spearman,input_vs_ML_pat_rel_RMSE,input_vs_ML_pat_rel_MAE
MDS-SMACOF,30,1,55,MDS_SMACOF_completed_p30_rep01_seed55.csv,mds_smacof_outputs/completed_matrices/MDS_SMACOF_completed_p30_rep01_seed55.csv,True,,15,105,27,15,12,0.07944200634596212,scipy.optimize.nnls,1.2142374164,0.7175207126659072,0.4967167037340928,0.4090770857702362,0.3047619047619048,105,32,73,210,missing_p30_rep01_seed55.csv,0.0990426909993402,0.0212043656366351,0.0146511593358534,0.9148433323378544,0.8346774193548386,0.0,0.0,method_specific,mds_smacof_outputs/tables/mds_smacof_all_masks_detailed.csv,0.021013392743723623,0.035337579575167366,-0.01839691495311455,0.12602492092684967,0.7434540915090049,0.86242839979783,0.5704305209665151,0.46725755310906575,0.017824081632513217,0.029048199816091913,-0.013114421609416881,0.07791129177560098,0.8890955733034458,0.9392857142857142,0.4344812874326941,0.3321219959761719,0.025000031632736633,0.04189185842530611,-0.025000031632736633,0.12602492092684967,0.8463455258123452,0.8043978137140955,0.7588642589834868,0.733088003575466,0.13612170753107852,0.1555748870707505,-0.13533988623118934,0.22921870181068318,0.9649545351735088,0.953866887829152,0.5588209131245028,0.5296100096497701,0.13791941498046065,0.15581255734100968,-0.13533988623118928,0.24141982747664642,0.9355597601414776,0.9045822102425874,0.5596746185004121,0.5366043669560606
MDS-SMACOF,30,2,56,MDS_SMACOF_completed_p30_rep02_seed56.csv,mds_smacof_outputs/completed_matrices/MDS_SMACOF_completed_p30_rep02_seed56.csv,True,,15,105,27,15,12,0.06964379580806355,scipy.optimize.nnls,1.2142374164,0.6959310199250905,0.5183063964749095,0.4268575399460154,0.3047619047619048,105,32,73,210,missing_p30_rep02_seed56.csv,0.0484636550099821,0.0224061899000761,0.0161496315752604,0.7084023683809616,0.595674486803519,0.0,0.0,method_specific,mds_smacof_outputs/tables/mds_smacof_all_masks_detailed.csv,0.021811170782496933,0.0376894511213796,-0.019196533202774427,0.14292256575513818,0.6575251130759738,0.833943833943834,0.6083951842932284,0.4849970880269912,0.019529912906789577,0.029905948251436994,-0.014823565263289065,0.0817333417796512,0.793862322362682,0.9107142857142855,0.4473108481917625,0.36390731312697533,0.02466274312713113,0.045586795863466936,-0.02466274312713113,0.14292256575513818,0.5559086782348224,0.7552447552447553,0.8257974547499091,0.7231975298018445,0.13879667782536528,0.1574956214900219,-0.1378081797580023,0.23401796632795654,0.9245017365041313,0.8921625544267053,0.5657201407714351,0.5400175417698518,0.13879667782536528,0.1576446616547018,-0.13780817975800233,0.2545845462639726,0.9069430259566589,0.8308936346672195,0.5662554891331587,0.5400175417698518
MDS-SMACOF,30,3,57,MDS_SMACOF_completed_p30_rep03_seed57.csv,mds_smacof_outputs/completed_matrices/MDS_SMACOF_completed_p30_rep03_seed57.csv,True,,15,105,27,15,12,0.060902784159617904,scipy.optimize.nnls,1.2142374164,0.6682478886516001,0.5459895277483999,0.4496563195747687,0.3047619047619048,105,32,73,210,missing_p30_rep03_seed57.csv,0.0493276060005882,0.0155784384772479,0.011948000519823,0.9706701036697144,0.874266862170088,0.0,0.0,method_specific,mds_smacof_outputs/tables/mds_smacof_all_masks_detailed.csv,0.022281324531095544,0.03498796434073137,-0.02022183436105185,0.11856282190523615,0.8314098844953597,0.886377685236632,0.5647869199413532,0.4954515107294298,0.02114735466184627,0.0309914181408871,-0.017440272355767623,0.08627178549943443,0.9609993508948699,0.95,0.4635464964599365,0.39404563919280394,0.023698786867657126,0.03941788568168667,-0.023698786867657126,0.11856282190523615,0.8995663695975578,0.7464973841162387,0.7140486417393972,0.6949309747761093,0.13828581876609294,0.1566816541832213,-0.1377854333363433,0.2348689849654041,0.9751156055699209,0.916576819407008,0.5627963915584087,0.5380299376160534,0.1390867369927332,0.15682051331557645,-0.13778543333634327,0.24703050239433108,0.9590813603675858,0.9100456147625959,0.5632951699191031,0.5411460777044577
MDS-SMACOF,30,4,58,MDS_SMACOF_completed_p30_rep04_seed58.csv,mds_smacof_outputs/completed_matrices/MDS_SMACOF_completed_p30_rep04_seed58.csv,True,,15,105,27,15,12,0.0647879528306644,scipy.optimize.nnls,1.2142374164,0.6824692015527186,0.5317682148472814,0.4379441842797766,0.3047619047619048,105,32,73,210,missing_p30_rep04_seed58.csv,0.0501021410018438,0.0149458135172214,0.0109301562078136,0.9643725339695444,0.9596774193548386,0.0,0.0,method_specific,mds_smacof_outputs/tables/mds_smacof_all_masks_detailed.csv,0.021475193984800665,0.033673129760348905,-0.019695119068417827,0.11477191253656543,0.8465884271031238,0.8615112480078996,0.5435624392698072,0.47752624796286747,0.01916113071939334,0.028831151537660634,-0.016517103157461074,0.07826434790551424,0.9640544592491057,0.9428571428571427,0.43123484131744705,0.35703567291101723,0.024367773066559826,0.03888682461894356,-0.023667638957113765,0.11477191253656543,0.9129173806910226,0.6015187191047882,0.7044285562382469,0.7145479802334513,0.13748044790633823,0.1560294826479311,-0.13707010859238472,0.23270052905996516,0.9742370711083284,0.913943603566245,0.5604538085122198,0.5348964736260506,0.13817337506872057,0.15620054446044773,-0.13707010859238472,0.2522940904700778,0.9556920644394085,0.909610201119635,0.5610682580552736,0.5375924518635563
MDS-SMACOF,30,5,59,MDS_SMACOF_completed_p30_rep05_seed59.csv,mds_smacof_outputs/completed_matrices/MDS_SMACOF_completed_p30_rep05_seed59.csv,True,,15,105,27,15,12,0.054355331356377004,scipy.optimize.nnls,1.2142374164,0.6413272122077983,0.5729102041922017,0.47182717025042725,0.3047619047619048,105,32,73,210,missing_p30_rep05_seed59.csv,0.0503960560017731,0.0148172756446194,0.0123503963853244,0.9611453268981532,0.7987536656891494,0.0,0.0,method_specific,mds_smacof_outputs/tables/mds_smacof_all_masks_detailed.csv,0.021218896451563028,0.03397527790924199,-0.021218896451563028,0.11337897358229422,0.8847952073486811,0.9033735412836645,0.548439811406049,0.47182717025042725,0.01991835341123788,0.030115206937100736,-0.01991835341123788,0.08187108044185375,0.9670454533685153,0.9678571428571429,0.4504407833935745,0.3711452532528796,0.02284457525196945,0.038256526034031256,-0.02284457525196945,0.11337897358229422,0.9232701539320164,0.704029100680038,0.6930107990281996,0.6698825149511446,0.1395880228281141,0.1578868137003384,-0.1395880228281141,0.24172243737128588,0.9673411546767151,0.951088534107402,0.5671252929286522,0.5430964352258895,0.13958802282811408,0.15799394803005515,-0.13958802282811408,0.24813261075605494,0.9555848110487873,0.9068940493468796,0.567510116630514,0.5430964352258894
MDS-SMACOF,30,6,60,MDS_SMACOF_completed_p30_rep06_seed60.csv,mds_smacof_outputs/completed_matrices/MDS_SMACOF_completed_p30_rep06_seed60.csv,True,,15,105,27,15,12,0.05862370780414759,scipy.optimize.nnls,1.2142374164,0.6609110915403191,0.5533263248596809,0.45569862811524614,0.3047619047619048,105,32,73,210,missing_p30_rep06_seed60.csv,0.045357151000644,0.0134948993672233,0.0107514749231997,0.9318412385554908,0.8999266862170088,0.0,0.0,method_specific,mds_smacof_outputs/tables/mds_smacof_all_masks_detailed.csv,0.020514113484126448,0.03426028942275126,-0.020493567587395584,0.11972808570169785,0.8472814594950583,0.9047038951312556,0.5530405584885344,0.4561554903435391,0.018397878093582294,0.029091788697904467,-0.018397878093582294,0.07909802823078305,0.9502535475332458,0.9749999999999999,0.4351332573863426,0.3428137348193504,0.02315940772230664,0.0397877054935269,-0.023113179454662208,0.11972808570169785,0.8923583440299487,0.8239640937886785,0.720747867985708,0.679114499555436,0.13828137645236604,0.15679864143625627,-0.13828137645236604,0.23455705271303445,0.9630478088086004,0.9383682355380468,0.5632166067023553,0.5380126538641932,0.13837519747984547,0.15693191139288518,-0.13828137645236604,0.24923299972258792,0.9492050966681814,0.9090711175616835,0.5636953088904634,0.538377684219527
MDS-SMACOF,30,7,61,MDS_SMACOF_completed_p30_rep07_seed61.csv,mds_smacof_outputs/completed_matrices/MDS_SMACOF_completed_p30_rep07_seed61.csv,True,,15,105,27,15,12,0.06816208682008813,scipy.optimize.nnls,1.2142374164,0.6965717212789516,0.5176656951210484,0.42632988254952314,0.3047619047619048,105,32,73,210,missing_p30_rep07_seed61.csv,0.0517998669965891,0.0199465713562451,0.0146928443288485,0.8947134526653904,0.8093841642228737,0.0,0.0,method_specific,mds_smacof_outputs/tables/mds_smacof_all_masks_detailed.csv,0.023177632641784057,0.03681904144539844,-0.01917280352300179,0.12125559534779892,0.6990156937379679,0.7452658690480296,0.5943447526877446,0.515381977919561,0.021116642993690298,0.031146472224710255,-0.014702985392740793,0.08318896833478907,0.7824015699853686,0.8392857142857142,0.4658656796928975,0.39347337854353087,0.025753869701901255,0.0428668364134749,-0.02476007618582804,0.12125559534779892,0.7932497625502352,0.47184268618667913,0.7765258279930387,0.7551931614113236,0.13764082699835686,0.1562719352199869,-0.13658810491307383,0.23399032260977742,0.9565799251998637,0.9346879535558781,0.5613246917907272,0.5355204620700115,0.13839355789366983,0.15648853668288734,-0.13658810491307383,0.23997154849231403,0.9345891455312815,0.8944329255650009,0.5621027185633071,0.5384491192545341
MDS-SMACOF,30,8,62,MDS_SMACOF_completed_p30_rep08_seed62.csv,mds_smacof_outputs/completed_matrices/MDS_SMACOF_completed_p30_rep08_seed62.csv,True,,15,105,27,15,12,0.050855035758456374,scipy.optimize.nnls,1.2142374164,0.6955433740043679,0.5186940423956321,0.4271767904611839,0.3047619047619048,105,32,73,210,missing_p30_rep08_seed62.csv,0.0512656869977945,0.0173931292198423,0.0105296467268765,0.925720834539812,0.9259530791788856,0.0,0.0,method_specific,mds_smacof_outputs/tables/mds_smacof_all_masks_detailed.csv,0.023147802132040714,0.035513415718965664,-0.01921089045909748,0.11130051622673547,0.7465815245434311,0.7423687423687424,0.5732689242843838,0.5147186613785024,0.021616141115139428,0.03013105525198818,-0.015013286688459384,0.07708472605482097,0.8156109910733768,0.8928571428571428,0.45067783065638356,0.40278069190207283,0.02506237840316733,0.04126566917929744,-0.024457895172395105,0.11130051622673547,0.8797308162471783,0.3636363636363637,0.7475209417849178,0.7349162280407731,0.13663966380051182,0.15512426993055764,-0.13576015206340364,0.22908682682533615,0.9624256094362948,0.942121086460709,0.5572023081780785,0.5316252269859918,0.13763572812808417,0.15525526176487248,-0.13576015206340367,0.22892619222390906,0.9499973136301918,0.924631971801783,0.5576728274105969,0.5355006238474141
MDS-SMACOF,30,9,63,MDS_SMACOF_completed_p30_rep09_seed63.csv,mds_smacof_outputs/completed_matrices/MDS_SMACOF_completed_p30_rep09_seed63.csv,True,,15,105,27,15,12,0.05521096762684447,scipy.optimize.nnls,1.2142374164,0.7114268977982304,0.5028105186017696,0.41409572115848164,0.3047619047619048,105,32,73,210,missing_p30_rep09_seed63.csv,0.0472385160101112,0.0208657266386977,0.0139836355494901,0.9028668172476484,0.9098240469208212,0.0,0.0,method_specific,mds_smacof_outputs/tables/mds_smacof_all_masks_detailed.csv,0.023389957795423882,0.03721999654580433,-0.01862261180006554,0.12230361722001039,0.6695009832554815,0.7177765542060941,0.6008170982631456,0.5201032779477481,0.021145130364011576,0.0305278368108836,-0.01353561468441472,0.08267441467097524,0.7788135010216647,0.8571428571428571,0.4566125930041326,0.3940041931171107,0.02619599208468927,0.04418203589714796,-0.024981358194629058,0.12230361722001039,0.7513421325632682,0.3873335483621993,0.8003504545221428,0.7681577296044966,0.13669647960274586,0.1552427231416046,-0.13507540609918972,0.2317659241625212,0.950308646937579,0.9295355587808417,0.5576277890047473,0.5318462807629036,0.1374306956206877,0.1554030269586033,-0.13507540609918972,0.24305690691574305,0.9348009330018651,0.9097138710346258,0.5582035961101179,0.5347029019396429
MDS-SMACOF,30,10,64,MDS_SMACOF_completed_p30_rep10_seed64.csv,mds_smacof_outputs/completed_matrices/MDS_SMACOF_completed_p30_rep10_seed64.csv,True,,15,105,27,15,12,0.07542398910535444,scipy.optimize.nnls,1.2142374164,0.7338305352350942,0.4804068811649058,0.39564493292360203,0.3047619047619048,105,32,73,210,missing_p30_rep10_seed64.csv,0.0530060379969654,0.0259429932569744,0.0187252023891012,0.8143633811801281,0.6458944281524925,0.0,0.0,method_specific,mds_smacof_outputs/tables/mds_smacof_all_masks_detailed.csv,0.023542110329741878,0.039176634197448636,-0.01779284745055207,0.14955129580142393,0.5739024327729648,0.7457526607397866,0.6324017695504368,0.5234865688685351,0.021222352930343077,0.03130331845078257,-0.010873679747801419,0.08590373822509612,0.7303550224479782,0.7178571428571427,0.4682116684517295,0.39544310668321764,0.02644180707899038,0.0472064330182095,-0.02644180707899038,0.14955129580142393,0.47779546662377104,0.8920270488452793,0.8551369205902064,0.7753658814207985,0.1380731337257364,0.15691525461955094,-0.13586046904111596,0.23314356152951857,0.9273767686410164,0.9105846983205473,0.563635478197608,0.5372024419262138,0.13927493909594818,0.15712657479627,-0.13586046904111598,0.24570501332646832,0.9015454212146684,0.8700290275761973,0.5643945347287695,0.5418783174001508
MDS-SMACOF,30,11,65,MDS_SMACOF_completed_p30_rep11_seed65.csv,mds_smacof_outputs/completed_matrices/MDS_SMACOF_completed_p30_rep11_seed65.csv,True,,15,105,27,15,12,0.05709741859665613,scipy.optimize.nnls,1.2142374164,0.6608340735696824,0.5534033428303177,0.4557620572021747,0.3047619047619048,105,32,73,210,missing_p30_rep11_seed65.csv,0.0536598990001948,0.0124840259994798,0.008767788066409,0.9624172306952072,0.8629032258064515,0.0,0.0,method_specific,mds_smacof_outputs/tables/mds_smacof_all_masks_detailed.csv,0.020628660256445143,0.03292914957884862,-0.020496420104826576,0.11037602257806772,0.8930908492141291,0.8997099784261438,0.5315528730339748,0.45870257282578897,0.018992722964062965,0.02878998440758244,-0.018987291392968574,0.07714088350261336,0.9761245329135253,0.9642857142857141,0.43061909411832544,0.3538976756222164,0.022673581871922865,0.03746546415344228,-0.022382830994649074,0.11037602257806772,0.9238440322954278,0.6584948802380455,0.67868084064515,0.664868393471441,0.13720362510210876,0.1556264601995522,-0.13720362510210876,0.23537251530204847,0.9719042564997022,0.9266017001866058,0.5590061624502282,0.5338194365341836,0.1374510851094541,0.15573183769325147,-0.13720362510210876,0.2516929884947002,0.9595696501357354,0.8934791623470868,0.5593846756432026,0.5347822315156393
MDS-SMACOF,30,12,66,MDS_SMACOF_completed_p30_rep12_seed66.csv,mds_smacof_outputs/completed_matrices/MDS_SMACOF_completed_p30_rep12_seed66.csv,True,,15,105,27,15,12,0.07213279226790191,scipy.optimize.nnls,1.2142374164,0.7215924011379794,0.49264501526202065,0.40572379718179524,0.3047619047619048,105,32,73,210,missing_p30_rep12_seed66.csv,0.0481790220073889,0.0218360138051699,0.0150117254047024,0.8458370425364067,0.810483870967742,0.0,0.0,method_specific,mds_smacof_outputs/tables/mds_smacof_all_masks_detailed.csv,0.02250398781926977,0.0380779817048108,-0.018246111676371135,0.13395242554426912,0.6226579253450693,0.7330483957849472,0.6146669693385693,0.500402691363056,0.019082253803604943,0.030519521719950055,-0.011418076746387406,0.08376590114870673,0.7368130343206232,0.8678571428571429,0.45648822208143175,0.3555659333054546,0.0267811553388508,0.04580444352444049,-0.0267811553388508,0.13395242554426912,0.6990141937565794,0.47184268618667913,0.8297401070258562,0.7853167543633801,0.1372209283144791,0.15617077546042224,-0.13618557027411074,0.23316644283226254,0.9365534146287763,0.9319407008086252,0.5609613285881194,0.5338867583055354,0.1379557247300021,0.15636917039306136,-0.13618557027411074,0.25924954214048684,0.9149408084935269,0.8844495127513995,0.5616739579816169,0.5367456376406106
MDS-SMACOF,30,13,67,MDS_SMACOF_completed_p30_rep13_seed67.csv,mds_smacof_outputs/completed_matrices/MDS_SMACOF_completed_p30_rep13_seed67.csv,True,,15,105,27,15,12,0.07179544284439449,scipy.optimize.nnls,1.2142374164,0.7144208392067306,0.49981657719326944,0.4116300242790553,0.3047619047619048,105,32,73,210,missing_p30_rep13_seed67.csv,0.0449230819940567,0.0232973853932154,0.0165973239054868,0.829854757293206,0.6019061583577713,0.0,0.0,method_specific,mds_smacof_outputs/tables/mds_smacof_all_masks_detailed.csv,0.022940923603895033,0.0384579471244597,-0.018511725081232205,0.1453079129021994,0.6179595408335541,0.7452658690480296,0.6208004927684506,0.5101184734873286,0.02063645419257072,0.031037402125097754,-0.012724310855309607,0.08699138437476484,0.7701154550075641,0.7499999999999999,0.46423429056723475,0.38452586212381656,0.02582151036805043,0.04608286454820959,-0.025745992863635454,0.1453079129021994,0.5522936800031126,0.7817095248764386,0.8347836589672121,0.7571766213379456,0.1379768869111572,0.15678511420786287,-0.1364480879448078,0.23537475239900232,0.9370353161320255,0.9123989218328841,0.5631680172528293,0.5368279735381617,0.13856815189587696,0.15698304121849033,-0.1364480879448078,0.247284521896339,0.914371506015171,0.8669500311009746,0.563878965882736,0.5391284137834584
MDS-SMACOF,30,14,68,MDS_SMACOF_completed_p30_rep14_seed68.csv,mds_smacof_outputs/completed_matrices/MDS_SMACOF_completed_p30_rep14_seed68.csv,True,,15,105,27,15,12,0.07956258992581727,scipy.optimize.nnls,1.2142374164,0.6967972682737534,0.5174401481262466,0.42614413057733425,0.3047619047619048,105,32,73,210,missing_p30_rep14_seed68.csv,0.0471454710059333,0.0205523004653384,0.0142434862515988,0.8718215907906947,0.752932551319648,0.0,0.0,method_specific,mds_smacof_outputs/tables/mds_smacof_all_masks_detailed.csv,0.020345960891123168,0.03557681271183177,-0.01916444993060172,0.1311594867349452,0.7430538268169472,0.8313990555527608,0.5742922988364355,0.45241641926092563,0.016877103149344375,0.028107222621208162,-0.015131259382530056,0.07523795566812212,0.8771330417245953,0.9428571428571427,0.42040685302139497,0.3144766333448195,0.024682033068346654,0.04313150416807885,-0.0242059381156913,0.1311594867349452,0.7635293953616397,0.5915639647713589,0.7813202416816188,0.7237631780659155,0.13663166893351447,0.156277687089927,-0.13644709867373522,0.23612802354270263,0.9469413766441329,0.9333402446609993,0.5613453523566619,0.53159412128166,0.13766894515452982,0.15651166811855288,-0.13644709867373522,0.25465904791876687,0.9204644797027426,0.8793489529338586,0.5621858060734052,0.5356298616450843
MDS-SMACOF,30,15,69,MDS_SMACOF_completed_p30_rep15_seed69.csv,mds_smacof_outputs/completed_matrices/MDS_SMACOF_completed_p30_rep15_seed69.csv,True,,15,105,27,15,12,0.05190441896494525,scipy.optimize.nnls,1.2142374164,0.7030432138532039,0.5111942025467962,0.42100020609017047,0.3047619047619048,105,32,73,210,missing_p30_rep15_seed69.csv,0.0502304490073584,0.0179158299274402,0.0123245268263945,0.904540406671749,0.8870967741935483,0.0,0.0,method_specific,mds_smacof_outputs/tables/mds_smacof_all_masks_detailed.csv,0.0240709518297095,0.035703516309984425,-0.018933118612844302,0.1136610619857695,0.730247476368512,0.7317854265492791,0.5763375888752965,0.5352459828894435,0.0223862110139752,0.030421366521325977,-0.013138111223617846,0.07956644511897469,0.8140882592496944,0.8535714285714284,0.4550200898964288,0.4171296584920807,0.02617687784937737,0.04136838160646259,-0.02617687784937737,0.1136610619857695,0.8818176020830206,0.48582623515406503,0.7493815608373776,0.7675972336495106,0.1385358381377879,0.15628555982296502,-0.13720809283926955,0.23486013860908064,0.9620914614562245,0.9531515654157163,0.5613736310072072,0.5390026903404913,0.13889413911627452,0.15642639627967145,-0.13720809283926955,0.23786209602581132,0.9491044337446568,0.9188368235538047,0.5618795118650999,0.5403967353324005
MDS-SMACOF,30,16,70,MDS_SMACOF_completed_p30_rep16_seed70.csv,mds_smacof_outputs/completed_matrices/MDS_SMACOF_completed_p30_rep16_seed70.csv,True,,15,105,27,15,12,0.0710744933604262,scipy.optimize.nnls,1.2142374164,0.725530940070586,0.488706476329414,0.40248016551684146,0.3047619047619048,105,32,73,210,missing_p30_rep16_seed70.csv,0.0546091239957604,0.0223490248111974,0.0153885803119163,0.9109684148047428,0.848240469208211,0.0,0.0,method_specific,mds_smacof_outputs/tables/mds_smacof_all_masks_detailed.csv,0.02450661999111221,0.03740671695268497,-0.018100239864052372,0.12565774507954672,0.6537577552698417,0.6993296712295203,0.6038311988397128,0.5449335779173982,0.022259629474112703,0.030616519526831615,-0.011686510228768173,0.07931255338620505,0.7950964763856109,0.8178571428571428,0.4579390428647803,0.4147710228810217,0.027315358137361596,0.04445926764725296,-0.02611740190815762,0.12565774507954672,0.7865374818347446,0.4350682702872224,0.8053724629628818,0.800981441065292,0.13696691672740205,0.1558545104426726,-0.135356491490747,0.23609090523645293,0.9580012175268318,0.9078892805307899,0.5598253129410194,0.5328984730311069,0.13843774456122734,0.15611002974822347,-0.135356491490747,0.24794129565704276,0.9311293032339195,0.8996060543230354,0.5607431315834585,0.5386210367382035
MDS-SMACOF,30,17,71,MDS_SMACOF_completed_p30_rep17_seed71.csv,mds_smacof_outputs/completed_matrices/MDS_SMACOF_completed_p30_rep17_seed71.csv,True,,15,105,27,15,12,0.08886155283536191,scipy.optimize.nnls,1.2142374164,0.7181502132494691,0.4960872031505309,0.40855865290442295,0.3047619047619048,105,32,73,210,missing_p30_rep17_seed71.csv,0.0518837490089936,0.031360340909936,0.0208883095204586,0.8323605443828379,0.7888563049853372,0.0,0.0,method_specific,mds_smacof_outputs/tables/mds_smacof_all_masks_detailed.csv,0.022070709587345094,0.03611759390333306,-0.01837360011668633,0.12477517032781733,0.7152184297537699,0.7507637320164168,0.5830217619322539,0.4907682392337103,0.01654455294325645,0.028356735691574306,-0.015614954789037854,0.07960373411174637,0.8829911866604931,0.9749999999999999,0.4241388832583913,0.3082801155951061,0.028978405392455903,0.04393120476633241,-0.02182190677624693,0.12477517032781733,0.5594629990311294,0.29578198238567943,0.795806689041895,0.8497477790443327,0.13705202318980703,0.15501770592566846,-0.1327042014394556,0.22803114300441268,0.9394280858490577,0.9423906282396848,0.5568195330680358,0.5332295975460214,0.13897268496263024,0.15541089348255793,-0.13270420143945563,0.23695261586544977,0.8935233145936567,0.8967862326352891,0.5582318524577985,0.5407023343966563
MDS-SMACOF,30,18,72,MDS_SMACOF_completed_p30_rep18_seed72.csv,mds_smacof_outputs/completed_matrices/MDS_SMACOF_completed_p30_rep18_seed72.csv,True,,15,105,27,15,12,0.07255409213426849,scipy.optimize.nnls,1.2142374164,0.6537582942224802,0.5604791221775198,0.4615894013867911,0.3047619047619048,105,32,73,210,missing_p30_rep18_seed72.csv,0.0522898550116224,0.0162510961711489,0.011859216921789,0.911297574212115,0.7628299120234603,0.0,0.0,method_specific,mds_smacof_outputs/tables/mds_smacof_all_masks_detailed.csv,0.020922831128541555,0.0352196277677517,-0.020758486006574813,0.12470846262970113,0.8282994233122405,0.8911616650919285,0.5685265051351551,0.46524380886359085,0.019246505205125504,0.029953150593434688,-0.019246505205125504,0.07996474592924613,0.9505466608408708,0.9678571428571429,0.4480168655852959,0.35862648388189405,0.02301823853281162,0.04085903654188995,-0.022648462008386442,0.12470846262970113,0.8109726615199013,0.704029100680038,0.7401548571406917,0.6749749272215452,0.1386003810803832,0.1571325813057999,-0.1386003810803832,0.2376965180274362,0.960560183011248,0.9298776695003109,0.5644161099534307,0.5392538081751902,0.1387226095829626,0.15729591186597275,-0.1386003810803832,0.26049256146968164,0.9412977734356903,0.8839000622019489,0.5650027890408814,0.5397293637614715
MDS-SMACOF,30,19,73,MDS_SMACOF_completed_p30_rep19_seed73.csv,mds_smacof_outputs/completed_matrices/MDS_SMACOF_completed_p30_rep19_seed73.csv,True,,15,105,27,15,12,0.07189384371411162,scipy.optimize.nnls,1.2142374164,0.6790181814152334,0.5352192349847666,0.44078631390852485,0.3047619047619048,105,32,73,210,missing_p30_rep19_seed73.csv,0.0442412069969577,0.01802416615817,0.013172474265728,0.8421667589099283,0.7547653958944281,0.0,0.0,method_specific,mds_smacof_outputs/tables/mds_smacof_all_masks_detailed.csv,0.020342818630966927,0.034848788454554074,-0.01982293462906543,0.12310612882351663,0.7916912980237812,0.8954358217590361,0.5625402982368525,0.4523465474030232,0.01759855208788975,0.029202292345133045,-0.016662760884467043,0.0802077697076959,0.8870045276280656,0.9607142857142855,0.4367860884470572,0.3279196295341719,0.023773151809813414,0.04082301164692308,-0.023773151809813414,0.12310612882351663,0.8464640646943796,0.8196159679558652,0.7395022719785238,0.6971116138961803,0.13821213784427036,0.1569746373371234,-0.13821213784427036,0.2344581103973683,0.956900537908861,0.9244764669292971,0.563848779361327,0.5377432665595024,0.13869269881461121,0.1571488614738527,-0.13821213784427036,0.2553417844072838,0.9372437308603041,0.8651669085631349,0.5644745878899948,0.5396129896533111
MDS-SMACOF,30,20,74,MDS_SMACOF_completed_p30_rep20_seed74.csv,mds_smacof_outputs/completed_matrices/MDS_SMACOF_completed_p30_rep20_seed74.csv,True,,15,105,27,15,12,0.05103595285389379,scipy.optimize.nnls,1.2142374164,0.6921702016932663,0.5220672147067338,0.42995480756520504,0.3047619047619048,105,32,73,210,missing_p30_rep20_seed74.csv,0.0386665969999739,0.0161325823570229,0.0109611593569169,0.9176129455441612,0.8596041055718473,0.0,0.0,method_specific,mds_smacof_outputs/tables/mds_smacof_all_masks_detailed.csv,0.022872677288261277,0.03537351042562446,-0.019335822766916064,0.11334724970284032,0.749673331444722,0.7733660575531193,0.5710105282559621,0.5086009362271324,0.020949939492100392,0.02999236801253379,-0.014583601353679001,0.07584928994357029,0.8179507988314861,0.8964285714285712,0.44860345046311423,0.39036713717717275,0.025276099533462396,0.04112133407213816,-0.025276099533462396,0.11334724970284032,0.8838866043048261,0.598606392923399,0.7449063345973416,0.741183275980214,0.13826224442173432,0.15643090961158929,-0.13735276754481698,0.23309614447446178,0.9544313751051898,0.9243727970143064,0.5618957236349493,0.5379382166924057,0.1385112140142475,0.1565151290920251,-0.137352767544817,0.24817807683304477,0.9443683267462538,0.9183703089363466,0.5621982377993249,0.5389068850310931
MDS-SMACOF,30,21,75,MDS_SMACOF_completed_p30_rep21_seed75.csv,mds_smacof_outputs/completed_matrices/MDS_SMACOF_completed_p30_rep21_seed75.csv,True,,15,105,27,15,12,0.05660357256923537,scipy.optimize.nnls,1.2142374164,0.6678248539279523,0.5464125624720477,0.45000471496922295,0.3047619047619048,105,32,73,210,missing_p30_rep21_seed75.csv,0.0555230650061275,0.0140586312300944,0.0100440035310481,0.9514871621673152,0.9090909090909092,0.0,0.0,method_specific,mds_smacof_outputs/tables/mds_smacof_all_masks_detailed.csv,0.02061945806978419,0.03431656841701756,-0.020237502313779545,0.11695156354405922,0.8496142589657663,0.89848879080697,0.5539490320287357,0.45849795136009375,0.0188637963619873,0.029801919676879274,-0.018671277484475685,0.08009999116552295,0.9485333743862873,0.9678571428571429,0.4457548664342083,0.35149534369294116,0.022814035204530295,0.03923604761295027,-0.02219528335040936,0.11695156354405922,0.8704714329244735,0.7670764828304892,0.7107546744513936,0.6689869743880297,0.13724917175541926,0.1557851765032933,-0.137115770796802,0.2335662467356049,0.971254220756713,0.9221957287995023,0.559576267249623,0.5339966453272321,0.13764617098865362,0.15589696608644246,-0.13711577079680198,0.2449934144078545,0.9584470674770688,0.9156748911465892,0.5599778124996916,0.5355412539833951
MDS-SMACOF,30,22,76,MDS_SMACOF_completed_p30_rep22_seed76.csv,mds_smacof_outputs/completed_matrices/MDS_SMACOF_completed_p30_rep22_seed76.csv,True,,15,105,27,15,12,0.06455801615845844,scipy.optimize.nnls,1.2142374164,0.672493485258389,0.541743931141611,0.44615980682574113,0.3047619047619048,105,32,73,210,missing_p30_rep22_seed76.csv,0.0489710320107406,0.013944326037312,0.0100559718894494,0.954670662196284,0.9142228739002932,0.0,0.0,method_specific,mds_smacof_outputs/tables/mds_smacof_all_masks_detailed.csv,0.02051091926380555,0.03364123359763336,-0.02006459004228189,0.11632938345986397,0.8549987842774993,0.9040930214681016,0.543047561201377,0.45608446309013756,0.018105270215612857,0.028612984546133573,-0.017743076979478516,0.07695626047745162,0.9578967793585954,0.9714285714285713,0.4279716623268686,0.33736147565261215,0.02351798057404642,0.039025885507405295,-0.022966481370786107,0.11632938345986397,0.8920188826756589,0.8098792374845986,0.706947621804752,0.6896291044919378,0.13711845484424381,0.15574587780997462,-0.1369436080310229,0.23305514658494275,0.9700902028460504,0.9415405349367613,0.5594351073741544,0.5334880638096721,0.13763720241071234,0.1559157122991807,-0.1369436080310229,0.2476018810041818,0.9523469262822538,0.908811942774207,0.5600451484040734,0.5355063598527221
MDS-SMACOF,30,23,77,MDS_SMACOF_completed_p30_rep23_seed77.csv,mds_smacof_outputs/completed_matrices/MDS_SMACOF_completed_p30_rep23_seed77.csv,True,,15,105,27,15,12,0.0652744725869542,scipy.optimize.nnls,1.2142374164,0.7109976348171562,0.5032397815828439,0.41444924591012944,0.3047619047619048,105,32,73,210,missing_p30_rep23_seed77.csv,0.0469747620081761,0.0193271556872366,0.0128349735787957,0.9105601849413234,0.9028592375366568,0.0,0.0,method_specific,mds_smacof_outputs/tables/mds_smacof_all_masks_detailed.csv,0.022665562752054655,0.03623203043945048,-0.018638510428994212,0.12177870660791452,0.7043441268442178,0.7110569439113987,0.5848690331290887,0.503995500418575,0.02014303410490988,0.02911125864730639,-0.013466150534626046,0.0753829899353187,0.8209535340951127,0.8964285714285712,0.43542447435455245,0.37533180277493394,0.02581872356098563,0.04352445682525958,-0.025103960296954428,0.12177870660791452,0.8048869523031738,0.30986683868975945,0.7884385156903678,0.757094902448246,0.1364770739697019,0.15546508249161448,-0.13557699816172739,0.23087662812402185,0.9539591952557332,0.9349056603773584,0.5584264979567762,0.5309926371997924,0.13744318152720136,0.1556665192162121,-0.13557699816172739,0.24213783548745987,0.9336763315999231,0.8979369686916855,0.5591500533871926,0.534751480973723
MDS-SMACOF,30,24,78,MDS_SMACOF_completed_p30_rep24_seed78.csv,mds_smacof_outputs/completed_matrices/MDS_SMACOF_completed_p30_rep24_seed78.csv,True,,15,105,27,15,12,0.06845984597146755,scipy.optimize.nnls,1.2142374164,0.7333331167787349,0.48090429962126513,0.3960545879462862,0.3047619047619048,105,32,73,210,missing_p30_rep24_seed78.csv,0.0485533489991212,0.0251794227757229,0.0182211713886576,0.788020488590769,0.7034457478005863,0.0,0.0,method_specific,mds_smacof_outputs/tables/mds_smacof_all_masks_detailed.csv,0.0235796318239129,0.03912670819586,-0.01781127035634315,0.1428549446593604,0.5760301255590448,0.6695175348169183,0.6315958480516143,0.524320903512596,0.020518155434217096,0.03034720649551271,-0.010264957731230135,0.08116458363634448,0.7159383852103549,0.8607142857142854,0.4539108595931609,0.3823215623143813,0.027406477311032667,0.0478887485161947,-0.027244161137734414,0.1428549446593604,0.5039704783997935,0.2676122697775195,0.8674969557911919,0.8036533726090306,0.13845333551080635,0.1572882416843519,-0.13658293696935686,0.23929886986063376,0.9125719407440845,0.8902653949823761,0.5649752379497132,0.5386816965925849,0.13884056702249709,0.15748245821211979,-0.13658293696935683,0.25719212435557864,0.8921876701823604,0.8577545096413021,0.5656728586225263,0.540188301882534
MDS-SMACOF,30,25,79,MDS_SMACOF_completed_p30_rep25_seed79.csv,mds_smacof_outputs/completed_matrices/MDS_SMACOF_completed_p30_rep25_seed79.csv,True,,15,105,27,15,12,0.07819390187377728,scipy.optimize.nnls,1.2142374164,0.7363803434414836,0.4778570729585164,0.39354500734730974,0.3047619047619048,105,32,73,210,missing_p30_rep25_seed79.csv,0.0496945429913466,0.0236744128736903,0.0165613236214672,0.9081339152175886,0.8658357771260996,0.0,0.0,method_specific,mds_smacof_outputs/tables/mds_smacof_all_masks_detailed.csv,0.024611383054517134,0.036519930449906625,-0.017698410109574684,0.11822190640130606,0.6740695285254236,0.7278595587288481,0.5895164072538907,0.5472631081013051,0.022291187808685328,0.030593410842401553,-0.010242140006705919,0.08120419582696935,0.7852410796575319,0.8428571428571429,0.4575934004144524,0.4153590597450823,0.027511627111806904,0.04278891195664566,-0.027018747738160643,0.11822190640130606,0.889920873067528,0.5146677988215435,0.7751142390253672,0.8067367310086658,0.13704093456169494,0.15568930596619068,-0.13494301150857035,0.23224779297001047,0.9633752064275237,0.9349885963093509,0.5592319027953454,0.5331864549161796,0.13864357661680698,0.15603011087243995,-0.13494301150857035,0.25452535821383515,0.9282425526286074,0.9017831225378394,0.5604560650781752,0.539421869455622
MDS-SMACOF,30,26,80,MDS_SMACOF_completed_p30_rep26_seed80.csv,mds_smacof_outputs/completed_matrices/MDS_SMACOF_completed_p30_rep26_seed80.csv,True,,15,105,27,15,12,0.08553883648762578,scipy.optimize.nnls,1.2142374164,0.7311333189918534,0.48310409740814664,0.39786625818241145,0.3047619047619048,105,32,73,210,missing_p30_rep26_seed80.csv,0.0512505850056186,0.0253461733338735,0.0187889436832276,0.8880567854278729,0.8709677419354838,0.0,0.0,method_specific,mds_smacof_outputs/tables/mds_smacof_all_masks_detailed.csv,0.02530788662814605,0.037438859453634364,-0.017892744348449872,0.1261545981741548,0.6477810524337453,0.6864698436499933,0.604350053378766,0.5627506859291537,0.023381740935293653,0.03095054617073101,-0.011127148001084825,0.0792602585357376,0.7903909903989887,0.8499999999999999,0.4629351640425834,0.4356796960950933,0.027715568744211546,0.044230453969431864,-0.02634973978265619,0.1261545981741548,0.7736949841011264,0.4495705459634632,0.8012275400926158,0.8127170100075798,0.13831538301311402,0.15681384463542114,-0.13570880737433072,0.23424351651713163,0.9574681788591992,0.9521356002488077,0.5632712161949264,0.5381449635104102,0.13960732289958358,0.15714529375044886,-0.13570880737433072,0.24626674538148685,0.9176784560786335,0.909143686502177,0.5644617727211211,0.543171526195747
MDS-SMACOF,30,27,81,MDS_SMACOF_completed_p30_rep27_seed81.csv,mds_smacof_outputs/completed_matrices/MDS_SMACOF_completed_p30_rep27_seed81.csv,True,,15,105,27,15,12,0.07459946049043673,scipy.optimize.nnls,1.2142374164,0.6524661920374961,0.5617712243625039,0.46265352786447367,0.3047619047619048,105,32,73,210,missing_p30_rep27_seed81.csv,0.0514115249970927,0.0189484122537967,0.0152409417304167,0.8850923640715198,0.7804252199413488,0.0,0.0,method_specific,mds_smacof_outputs/tables/mds_smacof_all_masks_detailed.csv,0.021236551770603455,0.03478950023780767,-0.0208063416430557,0.12339405811905212,0.8452275534052727,0.8821733821733821,0.5615832488641334,0.47221975707706687,0.019488449350779227,0.028678890473376156,-0.019475900545842507,0.07409432470344676,0.9842255528507897,0.9892857142857142,0.42895743398566655,0.36313470900260303,0.023421679795383735,0.04117156223429059,-0.022469393014572184,0.12339405811905212,0.813841217304946,0.6783216783216784,0.7458162096538484,0.686805230242109,0.14000172863976118,0.15899061552183363,-0.14000172863976118,0.23475947514821385,0.9501742786282626,0.9344495127513994,0.5710901201151629,0.5447060443240456,0.14000172863976118,0.1591572071293236,-0.14000172863976118,0.24925453596342323,0.929213490822509,0.8647729628861703,0.571688512799029,0.5447060443240456
MDS-SMACOF,30,28,82,MDS_SMACOF_completed_p30_rep28_seed82.csv,mds_smacof_outputs/completed_matrices/MDS_SMACOF_completed_p30_rep28_seed82.csv,True,,15,105,27,15,12,0.08059494959913033,scipy.optimize.nnls,1.2142374164,0.6895963897313345,0.5246410266686655,0.4320745017264694,0.3047619047619048,105,32,73,210,missing_p30_rep28_seed82.csv,0.0489536599925486,0.0212704844044247,0.0149402056911319,0.8265021105666142,0.6726539589442815,0.0,0.0,method_specific,mds_smacof_outputs/tables/mds_smacof_all_masks_detailed.csv,0.020399937575740826,0.03542165967896772,-0.019431149135876492,0.13010393940773082,0.7524041345371173,0.8437796467359131,0.5717877689158753,0.45361665445792493,0.01702396344632271,0.028441081190434633,-0.015280144254566915,0.07594622195470925,0.8754715720113009,0.9249999999999998,0.42540046026371353,0.3172131297303122,0.024619905237513475,0.042566918708396635,-0.024619905237513475,0.13010393940773082,0.7742151028341479,0.6798229310592576,0.7710928671367889,0.721941373672183,0.1380237794614959,0.15734206417953087,-0.13778307898259076,0.24121410309365093,0.9445511725275018,0.9363155712212315,0.5651685669404575,0.5370104188254552,0.13888197208766492,0.1575730395444826,-0.13778307898259076,0.2584168091608421,0.9183376960996376,0.8621915820029028,0.5659982243921314,0.5403493969595854
MDS-SMACOF,30,29,83,MDS_SMACOF_completed_p30_rep29_seed83.csv,mds_smacof_outputs/completed_matrices/MDS_SMACOF_completed_p30_rep29_seed83.csv,True,,15,105,27,15,12,0.05648165951611802,scipy.optimize.nnls,1.2142374164,0.69236566306606,0.5218717533339401,0.4297938329731247,0.3047619047619048,105,32,73,210,missing_p30_rep29_seed83.csv,0.0504427609994309,0.0187659899466143,0.0129593398781254,0.8664432965976424,0.8093841642228737,0.0,0.0,method_specific,mds_smacof_outputs/tables/mds_smacof_all_masks_detailed.csv,0.02323325619218443,0.03676138804195508,-0.01932858345681259,0.12503288098454957,0.700651253801855,0.7397680060796425,0.5934140929946625,0.5166188331181618,0.020828172189382262,0.030088712738976724,-0.014706787016032542,0.07957392016517491,0.8126253983283138,0.9178571428571428,0.4500445029568074,0.38809820683578505,0.026239611195687126,0.0436919434378281,-0.025105829007787652,0.12503288098454957,0.7376011166382171,0.4295881172744393,0.7914725086645177,0.7694367938660507,0.13856294442898928,0.15676050181800866,-0.13768846083279648,0.22995406038230803,0.9509409792956257,0.9679141613103877,0.5630796101941357,0.5391081530429883,0.13884333967172977,0.15693988043994445,-0.13768846083279648,0.236147235276936,0.9355684729396602,0.9164524155090193,0.5637239334984463,0.5401990894550197
MDS-SMACOF,30,30,84,MDS_SMACOF_completed_p30_rep30_seed84.csv,mds_smacof_outputs/completed_matrices/MDS_SMACOF_completed_p30_rep30_seed84.csv,True,,15,105,27,15,12,0.0519018164578627,scipy.optimize.nnls,1.2142374164,0.661456926308509,0.552780490091491,0.455249099249789,0.3047619047619048,105,32,73,210,missing_p30_rep30_seed84.csv,0.046999329002574,0.0124852012914941,0.0092614262328733,0.9648657709688386,0.7840909090909091,0.0,0.0,method_specific,mds_smacof_outputs/tables/mds_smacof_all_masks_detailed.csv,0.022079308028229813,0.03450234612246615,-0.020473351484870037,0.11524289876629512,0.8590597148818055,0.912227151522673,0.5569479152170307,0.490959435700523,0.021078090321723853,0.03058282798473898,-0.01818736854367625,0.08402086311162923,0.9736821071357258,0.9714285714285713,0.4574351099299796,0.39275501388229894,0.023330830161362268,0.03884958221741073,-0.023330830161362268,0.11524289876629512,0.9284059469952621,0.8616475560561659,0.7037539161409981,0.6841412025397141,0.13809665792464965,0.15592195376388462,-0.13768369767064284,0.22723855226797207,0.9783232763481936,0.9702571013891768,0.5600675675815561,0.5372939677485048,0.13831324357780628,0.15601784775557997,-0.13768369767064287,0.24225782974925558,0.967627457159039,0.9293489529338587,0.5604120162841155,0.5381366395893066
MDS-SMACOF,50,1,55,MDS_SMACOF_completed_p50_rep01_seed55.csv,mds_smacof_outputs/completed_matrices/MDS_SMACOF_completed_p50_rep01_seed55.csv,True,,15,105,27,15,12,0.07881017529646378,scipy.optimize.nnls,1.2142374164,0.7298368835619039,0.48440053283809614,0.39893395335671533,0.4952380952380952,105,52,53,210,missing_p50_rep01_seed55.csv,0.0245296010107267,0.0230654180381213,0.0168083539880164,0.8226609420665024,0.7249210279176983,0.0,0.0,method_specific,mds_smacof_outputs/tables/mds_smacof_all_masks_detailed.csv,0.023251800996283472,0.03986001505446286,-0.017940760475485044,0.1544494817,0.5497681288456685,0.6514834881138517,0.6434331220927345,0.5170311986933873,0.02028351093252715,0.030219469071662317,-0.01158825777301811,0.08170357889235759,0.7809311852674616,0.8142857142857142,0.4520002585673063,0.37794935386892936,0.026962163575978863,0.04932875846403464,-0.025881388853568707,0.1544494817,0.2540495251128602,0.4271138833880153,0.8935825037490328,0.7906245463348577,0.13962581704741844,0.15936774707092466,-0.1374261304661296,0.23525842294321392,0.9062915922210407,0.8839829981339415,0.5724447667461148,0.5432434815509284,0.14105931827803395,0.1596242257288709,-0.1374261304661296,0.24055256233855174,0.8747020557349554,0.8561787269334439,0.573366031357191,0.5488208182913297
MDS-SMACOF,50,2,56,MDS_SMACOF_completed_p50_rep02_seed56.csv,mds_smacof_outputs/completed_matrices/MDS_SMACOF_completed_p50_rep02_seed56.csv,True,,15,105,27,15,12,0.07413894837062335,scipy.optimize.nnls,1.2142374164,0.7173933878497148,0.4968440285502852,0.4091819456719924,0.4952380952380952,105,52,53,210,missing_p50_rep02_seed56.csv,0.0207355270104017,0.0218011338142563,0.0153679034889032,0.8506138899745164,0.7629983778707418,0.0,0.0,method_specific,mds_smacof_outputs/tables/mds_smacof_all_masks_detailed.csv,0.02251465564400799,0.039005297193273655,-0.0184016306870476,0.15043730981343467,0.5918277955869488,0.6798962069748973,0.6296359927845302,0.5006399030187353,0.018900355261142438,0.02967612734204447,-0.014027858527482676,0.08408179863772394,0.7872769399436322,0.8928571428571428,0.4438733585977773,0.35217655772732637,0.02703253112258994,0.048190653170802275,-0.02386884588650375,0.15043730981343467,0.26489652501988886,0.1225921319592106,0.8729659099177065,0.7926879678944556,0.13903231445475356,0.15851001493290473,-0.13650646873902672,0.2396491313591153,0.9051770343950423,0.8540949616421314,0.5693638154074419,0.540934335423323,0.13986097157980218,0.15871692709885132,-0.13650646873902675,0.24958607759480858,0.878472957251952,0.8355484138503007,0.5701070384795451,0.5441583995050431
MDS-SMACOF,50,3,57,MDS_SMACOF_completed_p50_rep03_seed57.csv,mds_smacof_outputs/completed_matrices/MDS_SMACOF_completed_p50_rep03_seed57.csv,True,,15,105,27,15,12,0.10536430477467093,scipy.optimize.nnls,1.2142374164,0.725362049823222,0.488875366576778,0.40261925713523744,0.4952380952380952,105,52,53,210,missing_p50_rep03_seed57.csv,0.0482135920028667,0.0259296032969014,0.0184850870388687,0.908320683721475,0.8499103560146845,0.0,0.0,method_specific,mds_smacof_outputs/tables/mds_smacof_all_masks_detailed.csv,0.024907431163493268,0.03621638817029722,-0.018106495058399185,0.11535800605487928,0.7174826665930057,0.7214927414118677,0.5846165306133685,0.5538460867135557,0.024849691593627755,0.03259004162528034,-0.012608006604458401,0.08776083047877689,0.8459144756476495,0.6142857142857142,0.48745751311558966,0.4630325052154875,0.02497960562582516,0.04029294877279174,-0.02497960562582516,0.11535800605487928,0.9202432091786087,0.7403307312058932,0.7299002685030861,0.732489041908228,0.14160833231928335,0.159504222919318,-0.13656055707803602,0.23914424921094854,0.9572832124673502,0.8946506323864813,0.5729349844133398,0.5509568723928958,0.1432259270811399,0.15991750429761845,-0.13656055707803602,0.24252871776094784,0.8858927148788323,0.870599212108646,0.5744194802824846,0.5572504635693117
MDS-SMACOF,50,4,58,MDS_SMACOF_completed_p50_rep04_seed58.csv,mds_smacof_outputs/completed_matrices/MDS_SMACOF_completed_p50_rep04_seed58.csv,True,,15,105,27,15,12,0.08732470860351176,scipy.optimize.nnls,1.2142374164,0.7276290493017857,0.4866083670982143,0.4007522421281683,0.4952380952380952,105,52,53,210,missing_p50_rep04_seed58.csv,0.0186240330076543,0.0240248675868668,0.0187835397392317,0.8346977713805385,0.7315802953982755,0.0,0.0,method_specific,mds_smacof_outputs/tables/mds_smacof_all_masks_detailed.csv,0.02360937749738224,0.0380394718477123,-0.018022532114748677,0.14052122428616026,0.6230393280479205,0.6866219973852339,0.6140453308983838,0.5249823336191178,0.02032235338957047,0.02985542745944113,-0.01199131515333313,0.07951294526153982,0.7810273097362217,0.8214285714285712,0.44655519590048615,0.3786731181911435,0.02771815763214695,0.04627710022826169,-0.025561553316518115,0.14052122428616026,0.5676227069544677,0.3239516949938394,0.8383022069846915,0.8127929252190453,0.14086629287223862,0.16050259780239148,-0.1382115485357191,0.24409126256680483,0.91202760544379,0.8653120464441219,0.57652112080273,0.5480698125268554,0.14204122459158214,0.16081102012653198,-0.1382115485357191,0.25503648539484236,0.8703462651598619,0.8188264565623055,0.5776289657001252,0.5526411304342308
MDS-SMACOF,50,5,59,MDS_SMACOF_completed_p50_rep05_seed59.csv,mds_smacof_outputs/completed_matrices/MDS_SMACOF_completed_p50_rep05_seed59.csv,True,,15,105,27,15,12,0.07287905565614985,scipy.optimize.nnls,1.2142374164,0.6644757728439955,0.5497616435560045,0.4527628914499694,0.4952380952380952,105,52,53,210,missing_p50_rep05_seed59.csv,0.0481848610070301,0.0164476561566693,0.0138652346990304,0.9589381834070312,0.8359088192606505,0.0,0.0,method_specific,mds_smacof_outputs/tables/mds_smacof_all_masks_detailed.csv,0.022152906984140436,0.035776808412076526,-0.02036154235392609,0.12328163175477765,0.8012051872062289,0.8756930208916059,0.5775206934478719,0.49259599522565967,0.020351489671229035,0.03061288801273258,-0.017127033336843216,0.08415481372940031,0.9537743864546822,0.9607142857142855,0.4578847253879291,0.37921602414384714,0.024404678625279688,0.04133423405298971,-0.024404678625279688,0.12328163175477765,0.8766101797300875,0.7178626459739169,0.7487629834135925,0.7156301797586453,0.1407431744986923,0.1600074518859393,-0.14028253787949438,0.24530360826396275,0.9677829138470004,0.9369790586771719,0.5747425696601163,0.5475907947112213,0.14145742981935566,0.1602079397054278,-0.14028253787949438,0.25790120488093693,0.9419588654819336,0.8883682355380468,0.5754627166482735,0.5503697546150452
MDS-SMACOF,50,6,60,MDS_SMACOF_completed_p50_rep06_seed60.csv,mds_smacof_outputs/completed_matrices/MDS_SMACOF_completed_p50_rep06_seed60.csv,True,,15,105,27,15,12,0.06835648431249017,scipy.optimize.nnls,1.2142374164,0.6645579751072913,0.5496794412927087,0.4526951927757353,0.4952380952380952,105,52,53,210,missing_p50_rep06_seed60.csv,0.0533600659982766,0.0137181226969779,0.0110084699419302,0.95659231921496,0.9240160505421326,0.0,0.0,method_specific,mds_smacof_outputs/tables/mds_smacof_all_masks_detailed.csv,0.020751173899177418,0.03495126206154268,-0.02035849782565588,0.12004660132920328,0.8209795048562615,0.8906538008787108,0.5641944600023885,0.46142680806108477,0.01834368946242605,0.02942742095912622,-0.017888075931369606,0.08181297411399459,0.9402002255547657,0.9714285714285713,0.4401533941894084,0.341804020169817,0.023760529445116623,0.04081804428106394,-0.023446525193513715,0.12004660132920328,0.8629524454905823,0.8380489500927585,0.7394122889471308,0.6967414821990725,0.13909852639749568,0.1585092240450981,-0.13908069835661266,0.23380090071235643,0.9609146042160411,0.952177068214804,0.5693609745591879,0.5411919468526138,0.13949984597452736,0.15867698543673509,-0.13908069835661266,0.24830876899155363,0.9403830611401462,0.9021044992743106,0.5699635690770228,0.5427533647110834
MDS-SMACOF,50,7,61,MDS_SMACOF_completed_p50_rep07_seed61.csv,mds_smacof_outputs/completed_matrices/MDS_SMACOF_completed_p50_rep07_seed61.csv,True,,15,105,27,15,12,0.07756585263612925,scipy.optimize.nnls,1.2142374164,0.6791487937180046,0.5350886226819954,0.44067874655719214,0.4952380952380952,105,52,53,210,missing_p50_rep07_seed61.csv,0.0485580390086397,0.0201092379407146,0.0152566878205115,0.8848841260439656,0.8255784171433449,0.0,0.0,method_specific,mds_smacof_outputs/tables/mds_smacof_all_masks_detailed.csv,0.02363229302151191,0.03871914962053319,-0.019818097136370193,0.1351239884923135,0.6429788439423902,0.7340271492075824,0.6250169070702852,0.525491887305361,0.02105419561147753,0.031713086704863,-0.015738307302665542,0.08926881710196227,0.7956668379475234,0.907142857142857,0.47434067609106995,0.39230977585972365,0.026854914784054888,0.04599987387016493,-0.02491783442850101,0.1351239884923135,0.5643540620062675,0.44846957755741607,0.8332802962193123,0.7874796382038427,0.14059790310568632,0.16020369143913543,-0.13959199423674312,0.2425075051887229,0.9395894070866628,0.9584387310802405,0.5754474569871971,0.5470255859341114,0.1415356764878713,0.16052857877357907,-0.13959199423674315,0.24844702795839513,0.9058300662658256,0.8920070495542193,0.5766144437696706,0.5506741896652606
MDS-SMACOF,50,8,62,MDS_SMACOF_completed_p50_rep08_seed62.csv,mds_smacof_outputs/completed_matrices/MDS_SMACOF_completed_p50_rep08_seed62.csv,True,,15,105,27,15,12,0.06777244543380272,scipy.optimize.nnls,1.2142374164,0.7013304035071695,0.5129070128928306,0.4224108118933688,0.4952380952380952,105,52,53,210,missing_p50_rep08_seed62.csv,0.0352997209993191,0.0178264105795431,0.0134033966954498,0.9144938884720828,0.8600700076837701,0.0,0.0,method_specific,mds_smacof_outputs/tables/mds_smacof_all_masks_detailed.csv,0.023283628656181263,0.03719650646780785,-0.0189965560330678,0.12142219065739576,0.6774454540022842,0.6982285969851622,0.6004379139050157,0.5177389242218826,0.020913012188739442,0.030527133436932582,-0.014037780766168812,0.08250496083537717,0.7816890276009203,0.8999999999999999,0.45660207246166457,0.3896790585456272,0.026246899240483536,0.04413811125689908,-0.02519502511669153,0.12142219065739576,0.7861649870967994,0.23944255716935955,0.7995547667482757,0.7696505047240311,0.13868473942942075,0.15815482774230852,-0.13765627852790854,0.2352303426554781,0.9470401126803579,0.9238026124818577,0.5680879923365316,0.5395820219983795,0.1393672328388715,0.15832482372688098,-0.13765627852790852,0.24417910863541187,0.9252849322773268,0.8959568733153638,0.5686986134535702,0.5422374055350765
MDS-SMACOF,50,9,63,MDS_SMACOF_completed_p50_rep09_seed63.csv,mds_smacof_outputs/completed_matrices/MDS_SMACOF_completed_p50_rep09_seed63.csv,True,,15,105,27,15,12,0.06342089948167261,scipy.optimize.nnls,1.2142374164,0.7166241325086685,0.4976132838913315,0.4098154752689694,0.4952380952380952,105,52,53,210,missing_p50_rep09_seed63.csv,0.0120866409997688,0.0187751359430575,0.0135811725804996,0.9190859900244944,0.90651412959959,0.0,0.0,method_specific,mds_smacof_outputs/tables/mds_smacof_all_masks_detailed.csv,0.023769442990446896,0.037963888572961575,-0.018430121625604874,0.12736613598555835,0.6369954117704878,0.7330101720330436,0.6128252414833546,0.5285415785034988,0.021283422726692133,0.030779072004012142,-0.012820882490606722,0.08383346345755237,0.7677037050261901,0.8964285714285712,0.4603703814677888,0.39658104035494796,0.02687696832014035,0.045372224854753826,-0.025441670544352563,0.12736613598555835,0.6892898135025096,0.5220819243446668,0.8219105355334522,0.7881263246952109,0.13827607210942489,0.1576363273675792,-0.13642911290094353,0.2393623414119809,0.9417358120316588,0.9253369272237195,0.5662255525924497,0.5379920162071493,0.13930995159913778,0.15785232420345682,-0.13642911290094353,0.24586339388035466,0.9183810639528807,0.8975119220402239,0.5670014075606249,0.5420145408761007
MDS-SMACOF,50,10,64,MDS_SMACOF_completed_p50_rep10_seed64.csv,mds_smacof_outputs/completed_matrices/MDS_SMACOF_completed_p50_rep10_seed64.csv,True,,15,105,27,15,12,0.09399308911794237,scipy.optimize.nnls,1.2142374164,0.7617179042779015,0.4525195121220985,0.3726779507946141,0.4952380952380952,105,52,53,210,missing_p50_rep10_seed64.csv,0.0259683949989266,0.0265284795683596,0.0203333303091978,0.7844998550824349,0.6252027661572612,0.0,0.0,method_specific,mds_smacof_outputs/tables/mds_smacof_all_masks_detailed.csv,0.02570703184478282,0.04131838922078564,-0.01675998193044809,0.1536638104330135,0.4778224855552182,0.6371121496690523,0.6669746647071644,0.5716261502359153,0.022541276761300102,0.03168767288959383,-0.006436586915497603,0.08358299850924349,0.6799104822247113,0.8035714285714284,0.473960555214505,0.4200190497421264,0.0296642256991362,0.050853565569224136,-0.0296642256991362,0.1536638104330135,0.3283158265390614,0.5635819429942979,0.9212041385360298,0.8698584191755804,0.1415896734592401,0.16149998520954176,-0.1383436074999069,0.24425407327943183,0.8869068378670906,0.8480821065726727,0.5801037102045087,0.5508842761903738,0.14305331316134856,0.16187274097654428,-0.13834360749990687,0.255270964845976,0.8364125607337036,0.7628343354758449,0.5814426391409896,0.5565788729656933
MDS-SMACOF,50,11,65,MDS_SMACOF_completed_p50_rep11_seed65.csv,mds_smacof_outputs/completed_matrices/MDS_SMACOF_completed_p50_rep11_seed65.csv,True,,15,105,27,15,12,0.10367759087539852,scipy.optimize.nnls,1.2142374164,0.7783190521113904,0.43591836428860964,0.3590058734815064,0.4952380952380952,105,52,53,210,missing_p50_rep11_seed65.csv,0.0266151420073583,0.0347174779411348,0.0210674988187969,0.7212660372409344,0.7888670707760608,0.0,0.0,method_specific,mds_smacof_outputs/tables/mds_smacof_all_masks_detailed.csv,0.026917294368232276,0.03816596395222201,-0.01614512460328184,0.12029534382815552,0.5891686799854293,0.555182550171166,0.6160872069391619,0.5985377638065276,0.025951476470215607,0.03353741078962325,-0.010172244622158846,0.0779077983420249,0.6527959893143968,0.457142857142857,0.501627553834248,0.4835624264699562,0.02812456674075312,0.04326077214770067,-0.023611224579685588,0.12029534382815552,0.6638179000538262,0.5267737895118856,0.7836619102839061,0.8247102558224534,0.14138106778206283,0.15708241556534422,-0.13069739473025768,0.23386811445739458,0.910030263595294,0.9153120464441219,0.5642359159297239,0.5500726521172801,0.14247034673956888,0.15758546064915616,-0.13069739473025768,0.24599895229186758,0.818370412376066,0.8451897159444328,0.566042840674273,0.5543107200173933
MDS-SMACOF,50,12,66,MDS_SMACOF_completed_p50_rep12_seed66.csv,mds_smacof_outputs/completed_matrices/MDS_SMACOF_completed_p50_rep12_seed66.csv,True,,15,105,27,15,12,0.08247218826711766,scipy.optimize.nnls,1.2142374164,0.7270860715572609,0.48715134484273914,0.4011994180570197,0.4952380952380952,105,52,53,210,missing_p50_rep12_seed66.csv,0.0546354099933523,0.0206076751289998,0.014413149841203,0.8529107881995958,0.7630837530948519,0.0,0.0,method_specific,mds_smacof_outputs/tables/mds_smacof_all_masks_detailed.csv,0.023575532638929315,0.03943789738458043,-0.018042642401582928,0.14094162778306166,0.5679335835760753,0.7022325538233306,0.6366191635467616,0.5242297533033685,0.02023938003578222,0.03128049402535925,-0.010818519795790755,0.08772790702951791,0.6971658653039048,0.8535714285714284,0.46787027773541595,0.37712704830428195,0.027745723392863197,0.04771211381477869,-0.027072795658823146,0.14094162778306166,0.5437238621450613,0.4093174715801814,0.8642972466629891,0.8136012493358857,0.1385083765060313,0.15834700618134406,-0.13711425049411896,0.23466197176806775,0.9208807772843198,0.9495231183910429,0.5687782922480838,0.5388958451111491,0.1395796405239678,0.15858436243101126,-0.13711425049411896,0.24982549719928646,0.8901418374336749,0.8717499481650425,0.5696308696702646,0.5430638221161926
MDS-SMACOF,50,13,67,MDS_SMACOF_completed_p50_rep13_seed67.csv,mds_smacof_outputs/completed_matrices/MDS_SMACOF_completed_p50_rep13_seed67.csv,True,,15,105,27,15,12,0.08839753373919683,scipy.optimize.nnls,1.2142374164,0.730897698541044,0.483339717858956,0.3980603062718765,0.4952380952380952,105,52,53,210,missing_p50_rep13_seed67.csv,0.0379917539976304,0.0237518101410304,0.0164795658176118,0.8144597425525273,0.706906855630496,0.0,0.0,method_specific,mds_smacof_outputs/tables/mds_smacof_all_masks_detailed.csv,0.024209031492203527,0.039929033910500546,-0.017901471031813186,0.15293475210063287,0.5461825534089991,0.6460532426857654,0.6445472465596449,0.5383163469195621,0.021911616596032957,0.03156663637894852,-0.011349615827365832,0.08480388164164059,0.7336832605545094,0.6785714285714285,0.4721501814459246,0.4082863840605609,0.02708080011241674,0.04839082319983133,-0.026091290037372383,0.15293475210063287,0.35634490061874197,0.4495705459634632,0.8765919577098016,0.7941033827989871,0.13995474942058353,0.159128942364917,-0.13702230400562632,0.24025647688083485,0.917270392364838,0.8861911673232427,0.5715869865067569,0.5445232618334841,0.14113867076453943,0.15943948811827166,-0.13702230400562634,0.25790996023653945,0.8762865762827685,0.8275761973875181,0.572702458706185,0.549129555758014
MDS-SMACOF,50,14,68,MDS_SMACOF_completed_p50_rep14_seed68.csv,mds_smacof_outputs/completed_matrices/MDS_SMACOF_completed_p50_rep14_seed68.csv,True,,15,105,27,15,12,0.07529539755120457,scipy.optimize.nnls,1.2142374164,0.7839741021840012,0.43026331421599884,0.3543485881794466,0.4952380952380952,105,52,53,210,missing_p50_rep14_seed68.csv,0.017903561994899,0.0314326229565027,0.021843521547346,0.6610357751658987,0.6845385469136857,0.0,0.0,method_specific,mds_smacof_outputs/tables/mds_smacof_all_masks_detailed.csv,0.026809938802030073,0.04268716433055125,-0.01593567830429625,0.14949241758897888,0.42741649448181734,0.5603210588222514,0.6890698706702315,0.5961505862675144,0.02257068353330429,0.03173959555132334,-0.005879104602692229,0.08122196516929443,0.6271107403418436,0.7357142857142855,0.47473717562671625,0.42056699583071655,0.032109007887937295,0.05329806834783851,-0.028506395431301276,0.14949241758897888,-0.06533729124920315,0.34080347839165753,0.9654859121170193,0.9415479482247427,0.1408195101612441,0.15920649810706114,-0.13370247548981798,0.2441481163334987,0.8000474120316808,0.8391146589259796,0.5718655646980001,0.547887794592533,0.1417262461720644,0.15947204079988922,-0.13370247548981798,0.2542538093583765,0.7683121347446004,0.7781152809454696,0.5728193870845929,0.551415640930566
MDS-SMACOF,50,15,69,MDS_SMACOF_completed_p50_rep15_seed69.csv,mds_smacof_outputs/completed_matrices/MDS_SMACOF_completed_p50_rep15_seed69.csv,True,,15,105,27,15,12,0.10458040885257827,scipy.optimize.nnls,1.2142374164,0.7628575254185171,0.4513798909814829,0.3717394019365214,0.4952380952380952,105,52,53,210,missing_p50_rep15_seed69.csv,0.0230732069903751,0.0255449349334771,0.0173064495532128,0.7837037978577396,0.7689746435584393,0.0,0.0,method_specific,mds_smacof_outputs/tables/mds_smacof_all_masks_detailed.csv,0.025561600879068475,0.0385814080009,-0.016717773740054922,0.132242855235103,0.5778820511233492,0.656753372009524,0.6227934377554444,0.5683923213147731,0.02208911702361027,0.030929570125873322,-0.007506794036420043,0.08185234657287944,0.7235544288807744,0.8678571428571429,0.4626214200228949,0.41159380811241586,0.029902205698391235,0.04640456294679064,-0.028231498369598526,0.132242855235103,0.7425300824987048,0.4852029972798591,0.8406111735734372,0.8768368216475322,0.13987960000070565,0.15860054192712777,-0.13617632576407898,0.23590158356699548,0.9372401920330248,0.9402239270163798,0.5696889859958745,0.5442308772777172,0.14179059214233813,0.1590773002189032,-0.136176325764079,0.25005770533576327,0.8732591287100562,0.8666908563134977,0.5714014892730163,0.5516659924031981
MDS-SMACOF,50,16,70,MDS_SMACOF_completed_p50_rep16_seed70.csv,mds_smacof_outputs/completed_matrices/MDS_SMACOF_completed_p50_rep16_seed70.csv,True,,15,105,27,15,12,0.10336721873941647,scipy.optimize.nnls,1.2142374164,0.7564182031989723,0.4578192132010277,0.37704258410878244,0.4952380952380952,105,52,53,210,missing_p50_rep16_seed70.csv,0.0479317659919615,0.0235171287924305,0.0160924815815335,0.8745339348075823,0.8619482626141894,0.0,0.0,method_specific,mds_smacof_outputs/tables/mds_smacof_all_masks_detailed.csv,0.025840400768832674,0.0380465362698721,-0.016956267155593615,0.12644171050117742,0.6043499815412584,0.6423790062344717,0.6141593670621898,0.5745917654448605,0.023904751855874075,0.031440375753068094,-0.008584549975694654,0.07878804092607988,0.7696899532617434,0.8285714285714284,0.4702616692616275,0.4454251312003528,0.028259961910030926,0.0449593265122535,-0.02742091363046732,0.12644171050117742,0.7987201438240762,0.47132395947782424,0.8144309486520132,0.8286805137724337,0.13907423678228106,0.15785206149281827,-0.13532771213067876,0.2401835691970477,0.9572426526039817,0.8958946713663695,0.567000463910903,0.5410974430179094,0.14069925102836695,0.15825549621687676,-0.13532771213067876,0.2513764272646777,0.8936378491336487,0.8635600248807795,0.5684495908563204,0.5474199012515021
MDS-SMACOF,50,17,71,MDS_SMACOF_completed_p50_rep17_seed71.csv,mds_smacof_outputs/completed_matrices/MDS_SMACOF_completed_p50_rep17_seed71.csv,True,,15,105,27,15,12,0.09391421335434295,scipy.optimize.nnls,1.2142374164,0.7422461344656651,0.4719912819343349,0.38871416377013474,0.4952380952380952,105,52,53,210,missing_p50_rep17_seed71.csv,0.017664541999693,0.0261269671205062,0.0167912715673945,0.8601149204816556,0.81396738666439,0.0,0.0,method_specific,mds_smacof_outputs/tables/mds_smacof_all_masks_detailed.csv,0.02319679274348044,0.036860004232106086,-0.01748115859016055,0.13008325524425388,0.6661342312089934,0.6846807350248822,0.5950059871028572,0.5158080253620259,0.01802273648598435,0.02874300709809816,-0.012828202178021128,0.08303690543925223,0.8645907836221541,0.9249999999999998,0.4299164425931336,0.33582359742781903,0.029664363065350557,0.04499204630462841,-0.023297354105334827,0.13008325524425388,0.5219900413297812,0.25379849088484935,0.8150236624137802,0.8698624472314374,0.1378863654447922,0.15618135282511153,-0.1327756144011065,0.22952479051384905,0.9445400754185901,0.9375803441841177,0.5609993222046048,0.536475780816335,0.1398538282413278,0.1566367506044573,-0.13277561440110647,0.23984064613920542,0.8836624667360711,0.8684739788513373,0.5626350990814548,0.5441306068507563
MDS-SMACOF,50,18,72,MDS_SMACOF_completed_p50_rep18_seed72.csv,mds_smacof_outputs/completed_matrices/MDS_SMACOF_completed_p50_rep18_seed72.csv,True,,15,105,27,15,12,0.11548415285584485,scipy.optimize.nnls,1.2142374164,0.8259779952068658,0.3882594211931343,0.3197557709465543,0.4952380952380952,105,52,53,210,missing_p50_rep18_seed72.csv,0.0169052189885405,0.0402871702897696,0.0267120125832531,0.4710610094574979,0.5796977717066506,0.0,0.0,method_specific,mds_smacof_outputs/tables/mds_smacof_all_masks_detailed.csv,0.028399036203109653,0.04179110513368666,-0.014379978562708673,0.13368379768019617,0.43253878258541345,0.48489267653039625,0.6746053962883047,0.6314860398202111,0.02424498528113208,0.032855051430186244,-0.005556879600787439,0.07949925456950653,0.5858468551066994,0.6178571428571428,0.49142133193902043,0.45176481290874304,0.03359159985558161,0.05079664406300074,-0.02540885226511022,0.13368379768019617,0.09073922426581862,-0.03359097673475948,0.9201730146311913,0.9850227086428127,0.14225518109646884,0.15764804486523504,-0.12865678152140125,0.23502949054635364,0.7925739719080702,0.8570599212108647,0.5662676415366414,0.5534735730230942,0.14340172017540445,0.15818712289490602,-0.12865678152140128,0.25184360946042617,0.6913579633926383,0.7363052042297324,0.5682039956774554,0.5579344234169985
MDS-SMACOF,50,19,73,MDS_SMACOF_completed_p50_rep19_seed73.csv,mds_smacof_outputs/completed_matrices/MDS_SMACOF_completed_p50_rep19_seed73.csv,True,,15,105,27,15,12,0.08657391971391638,scipy.optimize.nnls,1.2142374164,0.7185575921830878,0.49567982421691226,0.40822315102635826,0.4952380952380952,105,52,53,210,missing_p50_rep19_seed73.csv,0.0538823819952085,0.0225891685630456,0.0178468270752553,0.834565778539485,0.6519252113036796,0.0,0.0,method_specific,mds_smacof_outputs/tables/mds_smacof_all_masks_detailed.csv,0.022789205947983705,0.038008333929392395,-0.018358512008033782,0.14019414750526302,0.6289553402237874,0.7477093637006461,0.6135426926536999,0.5067448526004424,0.019373015188949162,0.03032240946477197,-0.013344132650853213,0.0855731835752906,0.7605443985186764,0.7892857142857141,0.45353996411912273,0.36098378616566407,0.027059444396776877,0.045837916766710035,-0.024626486204509492,0.14019414750526302,0.5337748757697197,0.542266967707079,0.8303464694109469,0.7934771588336201,0.14016435595794485,0.15990914372571838,-0.13812073408636633,0.23956114275273094,0.91307452262007,0.8681526021148662,0.5743894493275444,0.5453387799627232,0.140974600687248,0.16015723553917516,-0.13812073408636633,0.24872168902741829,0.8775299818412601,0.7777317022600041,0.5752805886132287,0.5484912067628861
MDS-SMACOF,50,20,74,MDS_SMACOF_completed_p50_rep20_seed74.csv,mds_smacof_outputs/completed_matrices/MDS_SMACOF_completed_p50_rep20_seed74.csv,True,,15,105,27,15,12,0.08283555247139225,scipy.optimize.nnls,1.2142374164,0.6963133280610824,0.5179240883389177,0.4265426854284159,0.4952380952380952,105,52,53,210,missing_p50_rep20_seed74.csv,0.0266422610002337,0.0208616578442801,0.0165537088280358,0.894177184584241,0.7571074874071544,0.0,0.0,method_specific,mds_smacof_outputs/tables/mds_smacof_all_masks_detailed.csv,0.02368361065219991,0.0375239611870024,-0.019182373642182136,0.12501804770145836,0.6697280731476077,0.7171656805429398,0.6057237927996287,0.5266329953043913,0.02117252753369943,0.03108515789455013,-0.013978413613572412,0.0807264484613157,0.7783694453622577,0.8499999999999999,0.4649485857154839,0.3945146936224624,0.02682246455032551,0.04427469300240095,-0.025687323677944286,0.12501804770145836,0.7367977883725725,0.4436729735785192,0.8020289230399035,0.7865280843254437,0.14094794812682843,0.16110749120621368,-0.1399178749235204,0.24359337917778728,0.9258329510761297,0.8683081069873522,0.5786938820409443,0.5483875093950158,0.14187860670011956,0.16132095457401194,-0.13991787492352042,0.26261541456512305,0.8937697297902466,0.8213871034625752,0.5794606368582396,0.5520084314721857
MDS-SMACOF,50,21,75,MDS_SMACOF_completed_p50_rep21_seed75.csv,mds_smacof_outputs/completed_matrices/MDS_SMACOF_completed_p50_rep21_seed75.csv,True,,15,105,27,15,12,0.08932181260790675,scipy.optimize.nnls,1.2142374164,0.6982923971375913,0.5159450192624088,0.42491279900770546,0.4952380952380952,105,52,53,210,missing_p50_rep21_seed75.csv,0.0509683860000222,0.0209730925682034,0.0156539810478733,0.8566421476604009,0.7179202595406813,0.0,0.0,method_specific,mds_smacof_outputs/tables/mds_smacof_all_masks_detailed.csv,0.021464568526654917,0.03671211158188398,-0.019109074787496617,0.13565974392133612,0.6961324719310008,0.7985340554144434,0.5926186566029324,0.4772899783783032,0.01784946998481888,0.029088633781801043,-0.014500347376405143,0.07913616607528887,0.8374681954743503,0.8749999999999999,0.43508606850651405,0.33259506552422213,0.025983441703949978,0.04443891637615507,-0.02486998405136096,0.13565974392133612,0.6556178405694372,0.5873421648877503,0.8050038029692314,0.7619250121197981,0.13956449908651575,0.1599399363603817,-0.13882790246051796,0.24811052704671782,0.9274461006397267,0.9110304789550072,0.5745000556634645,0.5430049111828776,0.14113783647897363,0.16024594344545998,-0.13882790246051793,0.2595247743202109,0.8887573912700607,0.8346153846153846,0.5755992250855078,0.5491263097953049
MDS-SMACOF,50,22,76,MDS_SMACOF_completed_p50_rep22_seed76.csv,mds_smacof_outputs/completed_matrices/MDS_SMACOF_completed_p50_rep22_seed76.csv,True,,15,105,27,15,12,0.0710511639436801,scipy.optimize.nnls,1.2142374164,0.661201128407039,0.553036287992961,0.4554597647242795,0.4952380952380952,105,52,53,210,missing_p50_rep22_seed76.csv,0.0447148099920013,0.0141539180144377,0.0109178852944985,0.9555772133202628,0.8786818065397421,0.0,0.0,method_specific,mds_smacof_outputs/tables/mds_smacof_all_masks_detailed.csv,0.020994200623980868,0.03448547415417289,-0.020482825481220778,0.11900165958997969,0.8385079064005139,0.8965136941156023,0.5566755625041692,0.4668307937076048,0.01841260708872942,0.029565420031454334,-0.01801690042630744,0.08097571708724256,0.9493790596704147,0.9642857142857141,0.4422174812925418,0.3430881850472973,0.024221192543045177,0.03978900928824923,-0.023565231799862457,0.11900165958997969,0.8721485122003876,0.8121274378694818,0.7207714860168248,0.7102497287382137,0.13969759977964538,0.15859938649563837,-0.13948009455492347,0.23817802835230284,0.9680666568919093,0.9390939249429816,0.5696848357162753,0.5435227673033401,0.14006077227680455,0.15880295367566624,-0.13948009455492344,0.24961348561368696,0.9450852900246957,0.9007256894049347,0.5704160436867083,0.5449357659588344
MDS-SMACOF,50,23,77,MDS_SMACOF_completed_p50_rep23_seed77.csv,mds_smacof_outputs/completed_matrices/MDS_SMACOF_completed_p50_rep23_seed77.csv,True,,15,105,27,15,12,0.06501117218894803,scipy.optimize.nnls,1.2142374164,0.723784426074457,0.490452990325543,0.4039185283712058,0.4952380952380952,105,52,53,210,missing_p50_rep23_seed77.csv,0.0132069480023346,0.0193631745112444,0.0126834436483706,0.8839827756845434,0.823102535644156,0.0,0.0,method_specific,mds_smacof_outputs/tables/mds_smacof_all_masks_detailed.csv,0.024503292552532318,0.0392710261950737,-0.018164925567612702,0.1433231513286983,0.5768486140039085,0.5956018215752695,0.6339254753907252,0.5448595883990028,0.02029284306868553,0.028943632567340994,-0.012676928092029801,0.07351907560638586,0.8029884506355515,0.8821428571428571,0.43291724858869574,0.3781232426420816,0.029766354407340805,0.04922207877254189,-0.025024922412091335,0.1433231513286983,0.2171670831995526,0.007042428152039987,0.8916500183431256,0.8728531886184885,0.1379654871211325,0.1576666111819104,-0.1364148339214625,0.23665276866897864,0.9185869606117827,0.9087082728592162,0.5663343312590847,0.5367836202677356,0.1388195908205206,0.15784035854700676,-0.1364148339214625,0.24621896739549773,0.8983536057628175,0.8700290275761973,0.5669584272365542,0.5401066895759248
MDS-SMACOF,50,24,78,MDS_SMACOF_completed_p50_rep24_seed78.csv,mds_smacof_outputs/completed_matrices/MDS_SMACOF_completed_p50_rep24_seed78.csv,True,,15,105,27,15,12,0.07830932320766025,scipy.optimize.nnls,1.2142374164,0.7368378484139371,0.477399567986063,0.39316822355999254,0.4952380952380952,105,52,53,210,missing_p50_rep24_seed78.csv,0.0194382259942358,0.0225494013371309,0.0161190659287339,0.8096896533122848,0.6811235379492872,0.0,0.0,method_specific,mds_smacof_outputs/tables/mds_smacof_all_masks_detailed.csv,0.024116175664613455,0.039620888276126455,-0.017681465480965292,0.14304172644429505,0.5568668655568735,0.6711605251029372,0.6395730610929897,0.5362515881573383,0.020888900216845422,0.031043282289675463,-0.00930642188627873,0.08064308742571821,0.6831672289491224,0.7892857142857141,0.4643222416792559,0.38922977221506216,0.0281502699743235,0.048243927632193415,-0.0281502699743235,0.14304172644429505,0.520565225985636,0.4640728216397039,0.8739309681936103,0.8254639641561209,0.14013462862589057,0.15977240871252765,-0.13810990715058902,0.24842300521953958,0.8939499948810165,0.8520422973253161,0.5738983007471661,0.5452231195518917,0.14070999742782211,0.16000441707345264,-0.13810990715058902,0.26269300647843435,0.8659593629505347,0.784967862326353,0.5747316686932772,0.5474617123690849
MDS-SMACOF,50,25,79,MDS_SMACOF_completed_p50_rep25_seed79.csv,mds_smacof_outputs/completed_matrices/MDS_SMACOF_completed_p50_rep25_seed79.csv,True,,15,105,27,15,12,0.08836709662780456,scipy.optimize.nnls,1.2142374164,0.7533382553047928,0.46089916109520723,0.37957911267607947,0.4952380952380952,105,52,53,210,missing_p50_rep25_seed79.csv,0.0391807870037155,0.0217836495867582,0.016480660924877,0.8808323451600485,0.741483821395031,0.0,0.0,method_specific,mds_smacof_outputs/tables/mds_smacof_all_masks_detailed.csv,0.024411590365700224,0.03806136500554622,-0.01707033929982249,0.13009243409624738,0.6027152494480064,0.6760877002509259,0.6143987372600799,0.5428204821986624,0.020676793741148645,0.03031133774196634,-0.008141636007601021,0.08184873701187038,0.7470473224911882,0.8642857142857141,0.45337436155479366,0.3852775222467168,0.029080086146389694,0.04594595079066,-0.02823121841509933,0.13009243409624738,0.8046726857287786,0.42921803605526,0.8323034883308875,0.852729412907778,0.13857727567258257,0.15854133832838874,-0.13656333936069384,0.23388351248811207,0.9354075207951442,0.920288202363674,0.5694763282223061,0.5391639117474257,0.14012250748989494,0.15889753452777464,-0.13656333936069384,0.2581045565043474,0.8905526100109418,0.8344909807173957,0.5707557756263193,0.545175959733902
MDS-SMACOF,50,26,80,MDS_SMACOF_completed_p50_rep26_seed80.csv,mds_smacof_outputs/completed_matrices/MDS_SMACOF_completed_p50_rep26_seed80.csv,True,,15,105,27,15,12,0.1275678765005866,scipy.optimize.nnls,1.2142374164,0.8197892033382034,0.39444821306179667,0.32485262579971064,0.4952380952380952,105,52,53,210,missing_p50_rep26_seed80.csv,0.0277928099967539,0.0360724267601392,0.0228291345176788,0.6834364671554504,0.8016733543925554,0.0,0.0,method_specific,mds_smacof_outputs/tables/mds_smacof_all_masks_detailed.csv,0.028783594792730585,0.03985292908430778,-0.014609193076362837,0.12383583090575785,0.4964521180820151,0.5229475448150602,0.6433187380942912,0.6400371532841242,0.028570004544241558,0.034517155685504335,-0.003992585312637962,0.07907200445941577,0.6178287190315688,0.532142857142857,0.5162818465757282,0.5323543243301386,0.029050582603341868,0.04565395225580985,-0.02787995278101893,0.12383583090575785,0.8441631952174401,0.3769654055789674,0.8270139819661025,0.8518642662636029,0.14174019864412415,0.1576886251837126,-0.13082849899166327,0.23573788959718422,0.9409998307017848,0.9285299606054322,0.5664134049760596,0.5514699259450302,0.14330201621735938,0.15840686111629967,-0.13082849899166327,0.24480206156815998,0.7894543822299054,0.8489944018245905,0.5689932896042554,0.5575465042883002
MDS-SMACOF,50,27,81,MDS_SMACOF_completed_p50_rep27_seed81.csv,mds_smacof_outputs/completed_matrices/MDS_SMACOF_completed_p50_rep27_seed81.csv,True,,15,105,27,15,12,0.07867037477435286,scipy.optimize.nnls,1.2142374164,0.6544934589701781,0.559743957429822,0.4609839475128053,0.4952380952380952,105,52,53,210,missing_p50_rep27_seed81.csv,0.0584979059931356,0.0178840183860466,0.0146973334744712,0.9321877559408516,0.804832237684624,0.0,0.0,method_specific,mds_smacof_outputs/tables/mds_smacof_all_masks_detailed.csv,0.021958463693660217,0.034531380899839745,-0.020731257682585998,0.1195996425967352,0.8485418768851489,0.83559762841953,0.5574166038873494,0.4882723194995969,0.01956899033045579,0.028763642115401188,-0.019533669185927378,0.07469320115100656,0.9818081485862796,0.9749999999999999,0.4302250857772475,0.3646354556598256,0.02494530539766576,0.04060483611262934,-0.022228243303409282,0.1195996425967352,0.7936990049887346,0.416813248661316,0.735550057362518,0.7314832397495366,0.1412912489193556,0.16083728935121014,-0.14069628291659553,0.24398196993973936,0.9484775596789192,0.91733360978644,0.5777233240660422,0.5497231930221226,0.14181149133745072,0.1610318819408559,-0.14069628291659553,0.26499376331342855,0.9206312456734465,0.8493676135185569,0.5784222955432554,0.5517473050984766
MDS-SMACOF,50,28,82,MDS_SMACOF_completed_p50_rep28_seed82.csv,mds_smacof_outputs/completed_matrices/MDS_SMACOF_completed_p50_rep28_seed82.csv,True,,15,105,27,15,12,0.07703267042440202,scipy.optimize.nnls,1.2142374164,0.7508252818750379,0.4634121345249621,0.38164870252384203,0.4952380952380952,105,52,53,210,missing_p50_rep28_seed82.csv,0.0242029270011698,0.0223216615266189,0.0143995126108851,0.8109721192610339,0.7011867156151285,0.0,0.0,method_specific,mds_smacof_outputs/tables/mds_smacof_all_masks_detailed.csv,0.024118361565627966,0.03953161319476083,-0.017163412389813414,0.14384352207171852,0.5524506825076104,0.6827956071986998,0.6381319541528725,0.5363001942426019,0.020808347976743705,0.03053712055840202,-0.00830550088085865,0.0796953877185376,0.6915617378462893,0.782142857142857,0.4567514523688967,0.3877288157386211,0.028255878551733296,0.04848236100900461,-0.028235801776006864,0.14384352207171852,0.5206805107690784,0.5365842000209077,0.8782501503596003,0.8285607754846479,0.13848753863912952,0.15795436127233237,-0.13624756681223577,0.2412601576408027,0.9013625835167386,0.8919966825627201,0.5673679220352628,0.5388147710261182,0.1395002299081162,0.15824116139198585,-0.13624756681223574,0.2523898131824296,0.8715042676274355,0.8338793282189508,0.5683981005413612,0.5427548584851138
MDS-SMACOF,50,29,83,MDS_SMACOF_completed_p50_rep29_seed83.csv,mds_smacof_outputs/completed_matrices/MDS_SMACOF_completed_p50_rep29_seed83.csv,True,,15,105,27,15,12,0.08713092147334524,scipy.optimize.nnls,1.2142374164,0.7341734104469485,0.48006400595305154,0.39536255387052455,0.4952380952380952,105,52,53,210,missing_p50_rep29_seed83.csv,0.0288865149923367,0.0212522995605105,0.015601351107619,0.8992545369118337,0.8747545462306838,0.0,0.0,method_specific,mds_smacof_outputs/tables/mds_smacof_all_masks_detailed.csv,0.025244381903607734,0.037565836333410846,-0.017780148368631534,0.12437970000248505,0.6391125076003744,0.7061633219597732,0.6063997548170756,0.5613385835351934,0.023064045031088585,0.031139651170665788,-0.010295232007091435,0.08040362990709997,0.7876905489956274,0.8285714285714284,0.4657636554586368,0.4297599634550917,0.02796980299425667,0.044306712696000575,-0.027136293820556656,0.12437970000248505,0.8111067881198961,0.5075969817696987,0.8026089546252695,0.8201720437268984,0.1399614413647671,0.15904965890461517,-0.13759038657865874,0.23360008139447655,0.9516496914785041,0.9201948994401824,0.5713022023972149,0.5445492982437519,0.1414638752061104,0.1593996801588673,-0.13759038657865874,0.2515611768004187,0.907432221305195,0.8842836408874145,0.5725594695602964,0.5503948317420023
MDS-SMACOF,50,30,84,MDS_SMACOF_completed_p50_rep30_seed84.csv,mds_smacof_outputs/completed_matrices/MDS_SMACOF_completed_p50_rep30_seed84.csv,True,,15,105,27,15,12,0.09936736347215099,scipy.optimize.nnls,1.2142374164,0.7199946035967834,0.4942428128032167,0.4070396827900095,0.4952380952380952,105,52,53,210,missing_p50_rep30_seed84.csv,0.052940278997994,0.0211982961527079,0.0162415051471384,0.8870119269772561,0.7337146760010244,0.0,0.0,method_specific,mds_smacof_outputs/tables/mds_smacof_all_masks_detailed.csv,0.021817007236520955,0.036376993440674264,-0.018305289363082105,0.13178391208079024,0.7020019835841346,0.7795790214407892,0.5872090722971097,0.4851268684608011,0.018594449336685265,0.02956090276547784,-0.012620397777168052,0.08132010308844251,0.8714276618247994,0.907142857142857,0.4421499154003499,0.34647651167130267,0.025845204611315564,0.043417554066574125,-0.025411403845474665,0.13178391208079024,0.7718718226369741,0.7011786252286585,0.7865019894582415,0.7578714190784702,0.13967358568213664,0.15935756912696927,-0.13805118426217836,0.24002536178813663,0.9527573506336832,0.9302819821687746,0.5724082078384275,0.5434293354279691,0.14138134176707692,0.1597076596821776,-0.13805118426217833,0.2594852572553037,0.901699884379116,0.8247667426912709,0.5736657239287256,0.5500737181133551
MDS-SMACOF,65,1,55,MDS_SMACOF_completed_p65_rep01_seed55.csv,mds_smacof_outputs/completed_matrices/MDS_SMACOF_completed_p65_rep01_seed55.csv,True,,15,105,27,15,12,0.10014166054865409,scipy.optimize.nnls,1.2142374164,0.7634837944352783,0.4507536219647218,0.371223630466871,0.6476190476190476,105,68,37,210,missing_p65_rep01_seed55.csv,0.0119096340058604,0.0268818207880165,0.0201899186758219,0.7910059550396744,0.768637630263007,0.0,0.0,method_specific,mds_smacof_outputs/tables/mds_smacof_all_masks_detailed.csv,0.025071351970336497,0.040452484271769715,-0.016694578591285994,0.1544494817,0.5039524459203456,0.5903273231744812,0.6529969498463044,0.557491059043505,0.021538251205039376,0.02982690920843353,-0.008816748521210149,0.07796378859949385,0.7869281347500349,0.8464285714285712,0.44612864119170703,0.40132934349926674,0.029487727926957894,0.05069370964227046,-0.026541866178880793,0.1544494817,0.13321802505038893,0.20303185946737046,0.9183083742011026,0.8646828897465583,0.14324736656384546,0.1625502431263491,-0.1372932441273447,0.24654273873586335,0.8800390269877714,0.8038565208376528,0.5838762090900108,0.5573338783666172,0.14477206021153416,0.16303018730729638,-0.1372932441273447,0.25310620660384686,0.8013898175245321,0.7730976570599212,0.5856001559974816,0.5632660183030854
MDS-SMACOF,65,2,56,MDS_SMACOF_completed_p65_rep02_seed56.csv,mds_smacof_outputs/completed_matrices/MDS_SMACOF_completed_p65_rep02_seed56.csv,True,,15,105,27,15,12,0.1046349696938709,scipy.optimize.nnls,1.2142374164,0.7755986543336424,0.43863876206635766,0.36124629017514903,0.6476190476190476,105,68,37,210,missing_p65_rep02_seed56.csv,0.0108740900031989,0.0323228042107012,0.0225294683501876,0.605456096223254,0.621216169790434,0.0,0.0,method_specific,mds_smacof_outputs/tables/mds_smacof_all_masks_detailed.csv,0.026246995919887196,0.04164980223298476,-0.016245880076531764,0.1544494817,0.45608776702496506,0.5252222583667749,0.6723244396344963,0.5836328878235632,0.021294005540537994,0.03079710517699317,-0.01026998069018193,0.08322123875363831,0.6992496373058923,0.8321428571428571,0.46064010820689477,0.39677823341824275,0.0324382338940737,0.05212975589336379,-0.023715754309469057,0.1544494817,-0.059603917269731126,-0.08898205903916986,0.9443221204316505,0.9512020014319243,0.14449961568992364,0.16228731824566295,-0.1344058353986481,0.24467299803105716,0.7942476157499426,0.7948061372589674,0.5829317898159581,0.5622060158366439,0.14548463933115968,0.16276481589738645,-0.13440583539864806,0.25560927926695026,0.7064770178016923,0.7028923906282397,0.5846469488546375,0.566038456595743
MDS-SMACOF,65,3,57,MDS_SMACOF_completed_p65_rep03_seed57.csv,mds_smacof_outputs/completed_matrices/MDS_SMACOF_completed_p65_rep03_seed57.csv,True,,15,105,27,15,12,0.12418740770499055,scipy.optimize.nnls,1.2142374164,0.73977911728878,0.47445829911122006,0.39074590578661733,0.6476190476190476,105,68,37,210,missing_p65_rep03_seed57.csv,0.0193091490073129,0.0266211087047086,0.0187038247235202,0.798235863895184,0.6986296140779479,0.0,0.0,method_specific,mds_smacof_outputs/tables/mds_smacof_all_masks_detailed.csv,0.024721933167815124,0.036733212507505546,-0.01757252959671185,0.12201080006372053,0.6802608196139807,0.6767014884490656,0.5929592744986654,0.5497213201599446,0.023883278173524983,0.03162232806842499,-0.011014351745539098,0.08233048145972582,0.8731543722896882,0.6892857142857142,0.4729831761614744,0.44502500498965764,0.025770251910677795,0.04226139475856945,-0.025770251910677795,0.12201080006372053,0.8890448228842612,0.7837894571443877,0.7655583500610973,0.755673544832536,0.14336646862637986,0.16173759076935157,-0.13721373352695052,0.24415699221390344,0.9451033072847721,0.892131453452208,0.5809571831421815,0.5577972698831668,0.1449234463806871,0.1622897345927979,-0.13721373352695052,0.2575846040663623,0.8299360533148358,0.7972631142442462,0.5829404692714782,0.5638550178973465
MDS-SMACOF,65,4,58,MDS_SMACOF_completed_p65_rep04_seed58.csv,mds_smacof_outputs/completed_matrices/MDS_SMACOF_completed_p65_rep04_seed58.csv,True,,15,105,27,15,12,0.09338446571239568,scipy.optimize.nnls,1.2142374164,0.7380369639337866,0.47620045246621345,0.3921806773819109,0.6476190476190476,105,68,37,210,missing_p65_rep04_seed58.csv,0.0080147770058829,0.028159072063224,0.021650403464221,0.772246140131321,0.6156811848684963,0.0,0.0,method_specific,mds_smacof_outputs/tables/mds_smacof_all_masks_detailed.csv,0.02547555002921247,0.03923153040858073,-0.017637053795044943,0.14088892121899996,0.5693027570921535,0.5633829225316626,0.6332879217626607,0.5664788792525111,0.020793785925453754,0.029985258583567778,-0.011624452798904627,0.08055946861648729,0.7719400632256115,0.7892857142857141,0.4484971129320583,0.38745747623066557,0.03132775515891086,0.048364341570462384,-0.025152805040220338,0.14088892121899996,0.31530563997276306,0.17402730811488895,0.8761122472647858,0.9186388970753872,0.14448431379203375,0.16409359172876417,-0.13873890264541477,0.2582311150252096,0.8557069279147258,0.7797532656023222,0.5894198767828487,0.5621464805983919,0.14586272574823245,0.16457665678866654,-0.1387389026454148,0.26329327700950333,0.784374179570766,0.6570391872278664,0.5911550338056554,0.5675094809799224
MDS-SMACOF,65,5,59,MDS_SMACOF_completed_p65_rep05_seed59.csv,mds_smacof_outputs/completed_matrices/MDS_SMACOF_completed_p65_rep05_seed59.csv,True,,15,105,27,15,12,0.07816729136057271,scipy.optimize.nnls,1.2142374164,0.6608823821454168,0.5533550342545832,0.45572227208677474,0.6476190476190476,105,68,37,210,missing_p65_rep05_seed59.csv,0.0359390920057194,0.0182077846435317,0.0159750204273966,0.9525829407977144,0.839180058785357,0.0,0.0,method_specific,mds_smacof_outputs/tables/mds_smacof_all_masks_detailed.csv,0.0229066436488328,0.03657019081164462,-0.020494630898317892,0.12393777809741517,0.7754086747042196,0.86038370234455,0.590327726101272,0.5093562182856858,0.021272216445131602,0.03156848516006807,-0.01698284733418607,0.08628605848381324,0.9463964278316097,0.8999999999999999,0.47217783413373615,0.39637223001194744,0.024949677653459307,0.04199274766996582,-0.02488436035348267,0.12393777809741517,0.8509195494270057,0.7468671973263984,0.7606918513789067,0.731611449518144,0.1439945250088918,0.16368906848499387,-0.14327544045835827,0.24747983331542345,0.9644487782254684,0.9283640887414473,0.5879668399031818,0.5602408547663994,0.1447334591509751,0.16390837698684294,-0.14327544045835833,0.26180339745432885,0.931101043717634,0.8742069251503214,0.5887545902886506,0.5631158327931769
MDS-SMACOF,65,6,60,MDS_SMACOF_completed_p65_rep06_seed60.csv,mds_smacof_outputs/completed_matrices/MDS_SMACOF_completed_p65_rep06_seed60.csv,True,,15,105,27,15,12,0.0871764641583477,scipy.optimize.nnls,1.2142374164,0.7095461162432051,0.504691300156795,0.4156446616948403,0.6476190476190476,105,68,37,210,missing_p65_rep06_seed60.csv,0.0178062749910168,0.025428490876927,0.0190145421028442,0.7362917545060498,0.7460014505477726,0.0,0.0,method_specific,mds_smacof_outputs/tables/mds_smacof_all_masks_detailed.csv,0.023756291941354292,0.039941545805327036,-0.018692270376177593,0.14116032215860055,0.5605972188472824,0.7052897264564318,0.644749217570958,0.5282491494276818,0.01929310733625573,0.030764028597390396,-0.01353643081060134,0.08475050250414348,0.770070329487747,0.8571428571428571,0.4601453734219281,0.3594948367724845,0.029335272697727496,0.04905562264961599,-0.02513706983314791,0.14116032215860055,0.24261894491536057,0.5338923542350191,0.8886346925226527,0.8602123714179013,0.14352914153841725,0.16291899434923393,-0.13882722686490742,0.24336940034913174,0.8487656872631212,0.9162036077130417,0.5852007538090731,0.5584301829142806,0.1447444739859004,0.16320487905488396,-0.13882722686490742,0.2545516565020415,0.8061127044912592,0.8150943396226414,0.5862276441720854,0.5631586883151718
MDS-SMACOF,65,7,61,MDS_SMACOF_completed_p65_rep07_seed61.csv,mds_smacof_outputs/completed_matrices/MDS_SMACOF_completed_p65_rep07_seed61.csv,True,,15,105,27,15,12,0.09148896895848811,scipy.optimize.nnls,1.2142374164,0.7093870823624858,0.5048503340375142,0.4157756359825466,0.6476190476190476,105,68,37,210,missing_p65_rep07_seed61.csv,0.0231230479985242,0.022559699330521,0.0173958595890253,0.8361843735491676,0.7665381532236515,0.0,0.0,method_specific,mds_smacof_outputs/tables/mds_smacof_all_masks_detailed.csv,0.02440721647302393,0.03991232367271192,-0.018698160519907935,0.14229588098855767,0.5615059817613823,0.6944306892944624,0.6442775045523588,0.5427232235401291,0.019950372861622444,0.03146197881236222,-0.012519520842464797,0.08840070268455016,0.7285091553200744,0.8892857142857141,0.47058479169516976,0.37174188224005744,0.029978270987275794,0.048444973100029265,-0.026421460116711856,0.14229588098855767,0.38175811812650384,0.4278171324491021,0.8775728744184981,0.8790673208560513,0.14303496376475294,0.16301045001542794,-0.14047121277741134,0.2405133342738801,0.9126864050825434,0.9533278042712005,0.5855292601628633,0.5565074807955219,0.1444395929072535,0.16337038795496103,-0.14047121277741134,0.24582459576225624,0.8617670278892817,0.8428467758656437,0.5868221477993273,0.5619724846307421
MDS-SMACOF,65,8,62,MDS_SMACOF_completed_p65_rep08_seed62.csv,mds_smacof_outputs/completed_matrices/MDS_SMACOF_completed_p65_rep08_seed62.csv,True,,15,105,27,15,12,0.11368523680900462,scipy.optimize.nnls,1.2142374164,0.831684264881611,0.3825531515183891,0.31505630311787935,0.6476190476190476,105,68,37,210,missing_p65_rep08_seed62.csv,0.0118972490017768,0.0355049885580424,0.0230656812278923,0.4724343851906833,0.5415887315341451,0.0,0.0,method_specific,mds_smacof_outputs/tables/mds_smacof_all_masks_detailed.csv,0.0277361003080751,0.0413259779778925,-0.014168635241421819,0.13444226169563198,0.45157109960492037,0.5054545811680776,0.6670971648535241,0.6167448788872849,0.02321750645653878,0.031625060903305635,-0.00465798356623228,0.07890678741038405,0.6250679710485219,0.6857142857142856,0.4730240518654698,0.4326194608461324,0.033384342622495504,0.05091612150580195,-0.026056949835408735,0.13444226169563198,0.10127743672884372,-0.059717291972905734,0.9223373292380078,0.9789452046835492,0.14231069945003888,0.15873134712222314,-0.1293456659059727,0.24284754395220337,0.7720453217057273,0.8061787269334438,0.5701588348252127,0.5536895788042681,0.1437249448927396,0.15936745902584531,-0.12934566590597268,0.24571219042756995,0.6639809498226322,0.6784781256479369,0.5724437320957462,0.559191996869255
MDS-SMACOF,65,9,63,MDS_SMACOF_completed_p65_rep09_seed63.csv,mds_smacof_outputs/completed_matrices/MDS_SMACOF_completed_p65_rep09_seed63.csv,True,,15,105,27,15,12,0.1256543563510729,scipy.optimize.nnls,1.2142374164,0.7677271310288787,0.44651028537112136,0.36772897897920626,0.6476190476190476,105,68,37,210,missing_p65_rep09_seed63.csv,0.007475884995074,0.0344568571018069,0.0254158594812917,0.5366271681968889,0.6574035194869641,0.0,0.0,method_specific,mds_smacof_outputs/tables/mds_smacof_all_masks_detailed.csv,0.027763510811169796,0.041079827106160254,-0.016537417976708196,0.13473507402517743,0.4759176757581487,0.5394014445650902,0.6631237186897903,0.6173543837283982,0.02315134422685293,0.03166487639187689,-0.010024578436233816,0.0827175535365054,0.7060859755128412,0.7714285714285712,0.47361958221997447,0.43138663818325723,0.033528719041565895,0.05043472953006678,-0.02467846740230117,0.13473507402517743,0.11403223744797848,0.06338185336835989,0.9136169912372906,0.9831788241594979,0.1472577020869441,0.16496200895956148,-0.13647527174126686,0.25977204277072896,0.8025499672890066,0.7951067800124403,0.5925392086944733,0.5729369285605194,0.14831848291201796,0.16547565494239513,-0.13647527174126686,0.2561006823371238,0.666812013953165,0.7216151772755546,0.5943842115902126,0.5770641185083489
MDS-SMACOF,65,10,64,MDS_SMACOF_completed_p65_rep10_seed64.csv,mds_smacof_outputs/completed_matrices/MDS_SMACOF_completed_p65_rep10_seed64.csv,True,,15,105,27,15,12,0.12100113719083253,scipy.optimize.nnls,1.2142374164,0.8160786695533825,0.39815874684661756,0.327908481050673,0.6476190476190476,105,68,37,210,missing_p65_rep10_seed64.csv,0.0107023360033053,0.032311782295253,0.0236920325862238,0.5962008198642919,0.5357101958239493,0.0,0.0,method_specific,mds_smacof_outputs/tables/mds_smacof_all_masks_detailed.csv,0.028695650529755555,0.04306796859710723,-0.014746620253578426,0.1544494817,0.3906508515931753,0.5171165569327326,0.6952169350353995,0.638081608949668,0.02667195117196416,0.03345643708774386,-0.0018592091004399033,0.08346832934241008,0.5948527388636127,0.782142857142857,0.5004164096510114,0.49698726938352217,0.0312252747269948,0.05267111010483336,-0.030855884195001584,0.1544494817,0.19842616628636314,0.2164751834017833,0.954128664661884,0.9156338138681914,0.1451746871762142,0.1639341123760147,-0.13662923841560345,0.25304113919806825,0.8207425444950414,0.725233257308729,0.588847031131433,0.564832522826993,0.14685641758957774,0.16452598319132036,-0.13662923841560345,0.2571597971843933,0.704186968358234,0.6649699357246527,0.5909730155733207,0.5713756471868341
MDS-SMACOF,65,11,65,MDS_SMACOF_completed_p65_rep11_seed65.csv,mds_smacof_outputs/completed_matrices/MDS_SMACOF_completed_p65_rep11_seed65.csv,True,,15,105,27,15,12,0.06455700339805995,scipy.optimize.nnls,1.2142374164,0.9038315603961545,0.3104058560038455,0.25563851995612535,0.6476190476190476,105,68,37,210,missing_p65_rep11_seed65.csv,0.0059748950006905,0.0448941649928394,0.0312127848497644,0.220292652506252,0.5413596976753062,0.0,0.0,method_specific,mds_smacof_outputs/tables/mds_smacof_all_masks_detailed.csv,0.032033924930878324,0.04485861388584557,-0.011496513185327609,0.14615538056052774,0.3078770383421726,0.3790142123512907,0.7241221044669538,0.7123120746007302,0.0309334906869969,0.03786071107508507,0.00018874438594227715,0.0761084705541134,0.34121168894793275,0.1714285714285714,0.5662922520213282,0.5763939417072302,0.0334094677357301,0.05230556839926091,-0.026103085149414975,0.14615538056052774,0.03245177138043789,0.257530821633156,0.9475069356206337,0.9796819605153554,0.14554922401811482,0.15965229695983832,-0.12424849212553069,0.2447874184652771,0.5366313307499481,0.7232842629069045,0.5734668624824266,0.5662897368456159,0.14602104995888288,0.1600537324957386,-0.12424849212553069,0.2505979205924327,0.460843498720802,0.634231805929919,0.5749088083964249,0.5681254744775887
MDS-SMACOF,65,12,66,MDS_SMACOF_completed_p65_rep12_seed66.csv,mds_smacof_outputs/completed_matrices/MDS_SMACOF_completed_p65_rep12_seed66.csv,True,,15,105,27,15,12,0.12233119391374525,scipy.optimize.nnls,1.2142374164,0.7590334805294732,0.4552039358705269,0.3748887406386523,0.6476190476190476,105,68,37,210,missing_p65_rep12_seed66.csv,0.0097057250095531,0.0265589365456022,0.0201082008721184,0.7377917078971802,0.7016070542428521,0.0,0.0,method_specific,mds_smacof_outputs/tables/mds_smacof_all_masks_detailed.csv,0.027361989864669138,0.040793675644199355,-0.016859405032241735,0.13862046802757616,0.49540030464471,0.5872828628187279,0.6585045701945041,0.6084260922681831,0.024781722777754436,0.03361841797318423,-0.00710399188280555,0.0884614119017734,0.6039200755939164,0.6214285714285712,0.5028391988114824,0.4617660198359094,0.030587323723312503,0.04828593381611954,-0.029053671469036965,0.13862046802757616,0.6734453390731875,0.5837223072969543,0.8746919034406025,0.8969268684315298,0.14418616201698606,0.16343649150825798,-0.139528159531815,0.24698803068204617,0.9088161803480298,0.8516172506738544,0.5870595900286594,0.5609864586788604,0.1458114242496674,0.16394256657790518,-0.13952815953181502,0.26188794248973335,0.814695963036869,0.739321998755961,0.5888773984028425,0.5673098817562359
MDS-SMACOF,65,13,67,MDS_SMACOF_completed_p65_rep13_seed67.csv,mds_smacof_outputs/completed_matrices/MDS_SMACOF_completed_p65_rep13_seed67.csv,True,,15,105,27,15,12,0.11809588913199026,scipy.optimize.nnls,1.2142374164,0.7860404101702831,0.4281970062297169,0.3526468550930061,0.6476190476190476,105,68,37,210,missing_p65_rep13_seed67.csv,0.01193886299734,0.0310461407771695,0.0202410097984376,0.6327564881248937,0.6486238882314769,0.0,0.0,method_specific,mds_smacof_outputs/tables/mds_smacof_all_masks_detailed.csv,0.027358450059530724,0.04194285372122927,-0.015859148378878404,0.1544494817,0.4325067335303679,0.5287785326973878,0.6770549705627322,0.6083473805290732,0.025462177062955105,0.0336650290657612,-0.007093553776589678,0.08283270360708972,0.5881322946959758,0.6357142857142856,0.5035363727375674,0.4744451491190219,0.029728791305250246,0.05041367843782874,-0.026816141631739312,0.1544494817,0.184901758175082,0.23886916789162294,0.9132356540965548,0.871751707631416,0.14343231100406287,0.16117064210751614,-0.13460328836206162,0.24362869915447016,0.8680462132367823,0.8604188264565622,0.57892071842177,0.5580534434422011,0.14500714446875915,0.16179840964543643,-0.13460328836206165,0.2556397178033032,0.7549241711052442,0.7712315985900892,0.581175642949602,0.5641806628369781
MDS-SMACOF,65,14,68,MDS_SMACOF_completed_p65_rep14_seed68.csv,mds_smacof_outputs/completed_matrices/MDS_SMACOF_completed_p65_rep14_seed68.csv,True,,15,105,27,15,12,0.07490301322935386,scipy.optimize.nnls,1.2142374164,0.8041036762952688,0.41013374010473125,0.3377706324688178,0.6476190476190476,105,68,37,210,missing_p65_rep14_seed68.csv,0.0189633990084985,0.0289726435892616,0.0207638287079117,0.6732710048719943,0.6571744856281253,0.0,0.0,method_specific,mds_smacof_outputs/tables/mds_smacof_all_masks_detailed.csv,0.027443664098220164,0.042894052438181854,-0.015190138522397457,0.14953207968020155,0.4209940745197203,0.5266302740038987,0.6924095247279314,0.6102422151088182,0.023175550820388743,0.0315211038129326,-0.003806641762571926,0.0816739513397974,0.6217514548697889,0.7785714285714285,0.4714691393149849,0.4318376876301041,0.03277880569550943,0.05383121232890145,-0.02941950947217936,0.14953207968020155,-0.11165065964729455,0.14182856843565111,0.9751437293475967,0.9611887528751379,0.1423097402262281,0.16126672928958186,-0.13465588707808282,0.24681130316740374,0.7630339721623993,0.7446713663694796,0.5792658610590717,0.5536858467431524,0.14310539196849792,0.16147040547155672,-0.13465588707808282,0.25360864342495515,0.7324569951036202,0.6857972216462782,0.5799974605616389,0.5567814964712103
MDS-SMACOF,65,15,69,MDS_SMACOF_completed_p65_rep15_seed69.csv,mds_smacof_outputs/completed_matrices/MDS_SMACOF_completed_p65_rep15_seed69.csv,True,,15,105,27,15,12,0.1384682387984847,scipy.optimize.nnls,1.2142374164,0.7761374766971365,0.43809993970286354,0.36080253646091115,0.6476190476190476,105,68,37,210,missing_p65_rep15_seed69.csv,0.0098701919923769,0.0325953752378714,0.0232496478884533,0.501664925076338,0.3957705080734435,0.0,0.0,method_specific,mds_smacof_outputs/tables/mds_smacof_all_masks_detailed.csv,0.027539064021006542,0.04120539581613291,-0.016225923692698655,0.13817946130923195,0.4710224046274189,0.5788022708457768,0.6651506890003751,0.6123635448260896,0.02435739975789842,0.03389877503865322,-0.005911431720881789,0.0873169809763194,0.5771936206235306,0.6857142857142856,0.5070325705011917,0.4538594689572291,0.0315161443498917,0.048824499622811185,-0.02911903865746973,0.13817946130923195,0.6159377207474295,0.4926676587764723,0.8844479361680027,0.9241631243219838,0.14550496609617042,0.16491861576805072,-0.13883544214662463,0.25241588842706986,0.8382924701893897,0.7944432925565001,0.5923833414889108,0.5661175421318323,0.1477272275967383,0.16561773088806717,-0.13883544214662466,0.26642411408298966,0.7095430555338196,0.611600663487456,0.5948945446599538,0.5747637158840337
MDS-SMACOF,65,16,70,MDS_SMACOF_completed_p65_rep16_seed70.csv,mds_smacof_outputs/completed_matrices/MDS_SMACOF_completed_p65_rep16_seed70.csv,True,,15,105,27,15,12,0.15506328221919427,scipy.optimize.nnls,1.2142374164,0.8928656263570984,0.3213717900429016,0.264669648375449,0.6476190476190476,105,68,37,210,missing_p65_rep16_seed70.csv,0.0079883409925969,0.0373363505531171,0.0239489830124043,0.4292548288606479,0.603618734969653,0.0,0.0,method_specific,mds_smacof_outputs/tables/mds_smacof_all_masks_detailed.csv,0.03101284811012706,0.04349746998033499,-0.011902658890477836,0.15077931131441827,0.3598713340824747,0.597215916789969,0.7021500838456993,0.6896072280954878,0.030459956144475664,0.034466542996563265,0.003938384450892946,0.07747228621587574,0.680042223574955,0.7964285714285713,0.5155248197585495,0.5675704162842465,0.0317039630671913,0.052651106639703155,-0.0317039630671913,0.15077931131441827,0.44369501474264283,0.48893532802816575,0.9537663051172436,0.929670623293264,0.14414624502935983,0.16003276617230025,-0.12987437347188827,0.2459282487127425,0.885508451879612,0.8213352685050798,0.574833497912649,0.5608311532791167,0.14529963904039117,0.1608508478223407,-0.12987437347188827,0.25355778242012056,0.62708275891767,0.6960190752643582,0.5777720257386605,0.5653186742218939
MDS-SMACOF,65,17,71,MDS_SMACOF_completed_p65_rep17_seed71.csv,mds_smacof_outputs/completed_matrices/MDS_SMACOF_completed_p65_rep17_seed71.csv,True,,15,105,27,15,12,0.11535618095428651,scipy.optimize.nnls,1.2142374164,0.8040299638810356,0.4102074525189644,0.3378313392245457,0.6476190476190476,105,68,37,210,missing_p65_rep17_seed71.csv,0.017501930007711,0.0341783880466175,0.0224744480871327,0.5447440968182602,0.5850288200939038,0.0,0.0,method_specific,mds_smacof_outputs/tables/mds_smacof_all_masks_detailed.csv,0.02583481219761913,0.039244257348955786,-0.015192868611813496,0.1353523854397957,0.5301833965325082,0.6453441772824303,0.6334933641080541,0.5744674969774852,0.02234490182623613,0.03096225667506963,-0.006671005352264132,0.08042023809720004,0.7059673225803754,0.7999999999999999,0.4631103210242119,0.41635993076265715,0.030197200161847876,0.047612232991572564,-0.0258451976862502,0.1353523854397957,0.40588739644621463,0.5380617896770682,0.862487921659561,0.8854870867935196,0.14233792612078383,0.15950982204481037,-0.1308813732277391,0.24459597184166454,0.8105465200126089,0.8652498444951275,0.5729550963252251,0.5537955098685892,0.14389786609371052,0.16007524626055275,-0.13088137322773913,0.2510127930561343,0.6994704681803869,0.7340763010574332,0.5749860852752616,0.5598647830146533
MDS-SMACOF,65,18,72,MDS_SMACOF_completed_p65_rep18_seed72.csv,mds_smacof_outputs/completed_matrices/MDS_SMACOF_completed_p65_rep18_seed72.csv,True,,15,105,27,15,12,0.11969043107023881,scipy.optimize.nnls,1.2142374164,0.8103735995434562,0.4038638168565438,0.33260696088078795,0.6476190476190476,105,68,37,210,missing_p65_rep18_seed72.csv,0.0117337539995787,0.0346757941354066,0.0234392158047988,0.5325366971673711,0.6878650227125243,0.0,0.0,method_specific,mds_smacof_outputs/tables/mds_smacof_all_masks_detailed.csv,0.028108647916020118,0.042062667909616595,-0.014957919142834949,0.1382360599905355,0.4282810227289161,0.518492172969281,0.6789890495438798,0.625028914018024,0.02340798343559776,0.03226046774038181,-0.0060687023194229694,0.08195451883242873,0.6137333210518764,0.7535714285714286,0.48252799298279364,0.43616868126471386,0.03398447851654805,0.051768048521581164,-0.026069440172099927,0.1382360599905355,0.014962627472593752,-0.07797996951841568,0.9377698497285949,0.9965432793943371,0.1445044658463845,0.16103773156455603,-0.13195424745053408,0.24183379268991578,0.7884733201640034,0.8638710346257515,0.5784433072381316,0.5622248863860707,0.14565008720270517,0.1615793825463793,-0.13195424745053405,0.25539703767442556,0.6695749071286902,0.7399958532034003,0.5803889033555796,0.5666821661879529
MDS-SMACOF,65,19,73,MDS_SMACOF_completed_p65_rep19_seed73.csv,mds_smacof_outputs/completed_matrices/MDS_SMACOF_completed_p65_rep19_seed73.csv,True,,15,105,27,15,12,0.12056909348044252,scipy.optimize.nnls,1.2142374164,0.7780766026160325,0.43616081378396754,0.35920554571371016,0.6476190476190476,105,68,37,210,missing_p65_rep19_seed73.csv,0.0091696899908129,0.0318377136393589,0.0250010648366386,0.5396794578920837,0.602397221055846,0.0,0.0,method_specific,mds_smacof_outputs/tables/mds_smacof_all_masks_detailed.csv,0.02785085649330225,0.04213340776484109,-0.01615410421422102,0.14671393816322575,0.44248521251589773,0.5333766581794327,0.680130954930551,0.619296617912359,0.02379303523539779,0.03278427909675048,-0.0069538577249453485,0.08537935851379906,0.5986934414990436,0.7428571428571428,0.49036277220931385,0.44334347853844985,0.03292313306568282,0.051485366050551665,-0.02765441232581561,0.14671393816322575,0.10092281610704203,0.07976251621932409,0.9326491023574103,0.9654209340665874,0.1462730166118031,0.1653467870957963,-0.13873241780094483,0.2579301131474612,0.8073682715336723,0.7743313290483101,0.593921321665851,0.5691058035074316,0.14777077982756617,0.16585166710030055,-0.13873241780094486,0.2546112861575769,0.7085797611696101,0.6844080447854032,0.595734837397391,0.5749331649587434
MDS-SMACOF,65,20,74,MDS_SMACOF_completed_p65_rep20_seed74.csv,mds_smacof_outputs/completed_matrices/MDS_SMACOF_completed_p65_rep20_seed74.csv,True,,15,105,27,15,12,0.11284450269445781,scipy.optimize.nnls,1.2142374164,0.7877661239019873,0.42647129249801274,0.3512256225495216,0.6476190476190476,105,68,37,210,missing_p65_rep20_seed74.csv,0.0130471559969009,0.0334121854374161,0.024385099012321,0.6023604121520325,0.5135702561361988,0.0,0.0,method_specific,mds_smacof_outputs/tables/mds_smacof_all_masks_detailed.csv,0.029908330445399527,0.04396160672589296,-0.015795233055481955,0.1544494817,0.35089215524583556,0.5018659393942565,0.7096423277614198,0.6650469760847564,0.02636665574876077,0.034040425606184026,-0.007613039912953386,0.08761775500225809,0.5705649920423405,0.5285714285714286,0.5091512739436082,0.4912985989988588,0.03433542381619797,0.05385130666021008,-0.02602297448364266,0.1544494817,-0.14588801980719562,0.0935759634220988,0.9755077349184043,1.006834217936497,0.14579744161564256,0.16350980159334877,-0.1353111085575129,0.2454646032661782,0.8120616005289812,0.7894775036284469,0.5873229179311443,0.5672554793903302,0.14692611952734588,0.1640889901081988,-0.1353111085575129,0.2559961297410437,0.693553708624176,0.6912398921832883,0.5894033478824933,0.5716468371726456
MDS-SMACOF,65,21,75,MDS_SMACOF_completed_p65_rep21_seed75.csv,mds_smacof_outputs/completed_matrices/MDS_SMACOF_completed_p65_rep21_seed75.csv,True,,15,105,27,15,12,0.10213823254219523,scipy.optimize.nnls,1.2142374164,0.8005810443065061,0.41365637209349393,0.3406717389091107,0.6476190476190476,105,68,37,210,missing_p65_rep21_seed75.csv,0.0182238830020651,0.030097598199739,0.0231257307150941,0.724548317405761,0.5980074054281024,0.0,0.0,method_specific,mds_smacof_outputs/tables/mds_smacof_all_masks_detailed.csv,0.028744481156397276,0.04197091454118542,-0.0153206063738331,0.14862351280132782,0.43911474216288066,0.5702182329804681,0.6775079373006574,0.6391674154826567,0.02598858031304742,0.03285627673520754,-0.0033642717923382196,0.07876858713485331,0.6036852728257259,0.7249999999999999,0.4914396591367993,0.48425379461972995,0.0321893572105846,0.05112813413940682,-0.030266024600701696,0.14862351280132782,0.38772543251995806,0.3821018506402369,0.9261779039019981,0.9439040702246455,0.1448924141132489,0.1643984326469051,-0.13775881934633583,0.2564032979371017,0.8375901504189629,0.7333609786439975,0.5905148573638453,0.5637342803621254,0.14614117407318072,0.1648654759489378,-0.13775881934633583,0.2603214448852459,0.7494036464403795,0.641633837860253,0.5921924646526869,0.5685928425005612
MDS-SMACOF,65,22,76,MDS_SMACOF_completed_p65_rep22_seed76.csv,mds_smacof_outputs/completed_matrices/MDS_SMACOF_completed_p65_rep22_seed76.csv,True,,15,105,27,15,12,0.10754372599167061,scipy.optimize.nnls,1.2142374164,0.6875421410005695,0.5266952753994305,0.4337663032662831,0.6476190476190476,105,68,37,210,missing_p65_rep22_seed76.csv,0.0193576190067688,0.0226973113407353,0.0174790532699477,0.7994763295034546,0.6357598198266977,0.0,0.0,method_specific,mds_smacof_outputs/tables/mds_smacof_all_masks_detailed.csv,0.02206615610858183,0.037972153735369864,-0.019507232422201124,0.13757523286092127,0.6542844472182252,0.7847282113216602,0.6129586603806054,0.4906669872668811,0.018695400587528815,0.030958954366962433,-0.01427670712693538,0.08804046751891109,0.7675909183702716,0.8285714285714284,0.46306092756482375,0.3483575696476806,0.026279600509898113,0.04523459919200335,-0.026045389041283323,0.13757523286092127,0.6623147091104513,0.6830165269401093,0.8194174688492308,0.7706094198430873,0.14414487918929772,0.16429155728993175,-0.1432338979935709,0.24338674899672674,0.9116587220971178,0.8521148662658096,0.5901309638852842,0.560825839192322,0.14526027064227634,0.16472067454806077,-0.14323389799357095,0.25764679230980086,0.856376689964596,0.740566037735849,0.5916723418193468,0.5651655032245293
MDS-SMACOF,65,23,77,MDS_SMACOF_completed_p65_rep23_seed77.csv,mds_smacof_outputs/completed_matrices/MDS_SMACOF_completed_p65_rep23_seed77.csv,True,,15,105,27,15,12,0.13249310020422114,scipy.optimize.nnls,1.2142374164,0.8451009541773654,0.36913646222263463,0.3040068253843298,0.6476190476190476,105,68,37,210,missing_p65_rep23_seed77.csv,0.0099761989986291,0.040162187573226,0.0276413757684872,0.2636046837197563,0.383784402794213,0.0,0.0,method_specific,mds_smacof_outputs/tables/mds_smacof_all_masks_detailed.csv,0.03213908996235926,0.044125827124162735,-0.013671720823060542,0.1462990899216603,0.322423827128086,0.3454605075404282,0.7122932259967982,0.7146505430185489,0.028615497891981485,0.03402236254912585,-0.0037100692835804806,0.07518143880561094,0.5548047635967096,0.557142857142857,0.5088811002207856,0.5332020168938588,0.03654358005033147,0.054166852888557805,-0.02612378524741062,0.1462990899216603,-0.1896372181298578,-0.3666060832413798,0.9812238039530852,1.0715850498172026,0.14597381762285463,0.16189256341857386,-0.12995657616258707,0.24851878377619532,0.7400665694262534,0.7908252125233256,0.5815138408327529,0.5679417071829124,0.1469277794279993,0.1625534911635613,-0.12995657616258707,0.2563871137076893,0.5461101280287588,0.59211071946921,0.5838878759544704,0.5716532953637529
MDS-SMACOF,65,24,78,MDS_SMACOF_completed_p65_rep24_seed78.csv,mds_smacof_outputs/completed_matrices/MDS_SMACOF_completed_p65_rep24_seed78.csv,True,,15,105,27,15,12,0.1288471803910286,scipy.optimize.nnls,1.2142374164,0.8338372256867943,0.38040019071320574,0.31328320604797805,0.6476190476190476,105,68,37,210,missing_p65_rep24_seed78.csv,0.0083058970049023,0.0313250679440231,0.0202997252408011,0.5898202844104873,0.6606481658205137,0.0,0.0,method_specific,mds_smacof_outputs/tables/mds_smacof_all_masks_detailed.csv,0.029087121118464645,0.04255999709130454,-0.014088895952340953,0.1502700757982355,0.4068716360907316,0.5996176682088263,0.6870170963884199,0.6467864188594817,0.027499894441957315,0.03395623388478866,-0.0005030891429346711,0.08084118113167296,0.571469246529809,0.7571428571428571,0.507891997026807,0.5124146095996696,0.0310711544640988,0.05132506958961261,-0.0310711544640988,0.1502700757982355,0.47283222988490653,0.5741434109813764,0.929745357820388,0.9111144709530807,0.1428384789789656,0.16084573458718032,-0.13424485995113325,0.24645624665633198,0.8592965444936813,0.7616835994194484,0.5777536591321012,0.5557430155887281,0.14484723005528255,0.16149540747566166,-0.13424485995113325,0.25416583311631624,0.7386965035120993,0.7530167945262284,0.5800872671045002,0.5635584823221976
MDS-SMACOF,65,25,79,MDS_SMACOF_completed_p65_rep25_seed79.csv,mds_smacof_outputs/completed_matrices/MDS_SMACOF_completed_p65_rep25_seed79.csv,True,,15,105,27,15,12,0.1270908248136372,scipy.optimize.nnls,1.2142374164,0.8043703188857629,0.4098670975142371,0.3375510357187154,0.6476190476190476,105,68,37,210,missing_p65_rep25_seed79.csv,0.0124878490023547,0.02994781217841,0.0210158618158963,0.660934007520182,0.6817574531434896,0.0,0.0,method_specific,mds_smacof_outputs/tables/mds_smacof_all_masks_detailed.csv,0.027840093658386605,0.040672532909414874,-0.015180262870897666,0.137415112999752,0.48063033704390357,0.5891034852696309,0.6565490453921495,0.6190572935934099,0.024540100086067457,0.03249403933478097,-0.003927020344900852,0.08088007173815152,0.6324492049552903,0.8178571428571428,0.48602158252310085,0.4572637844730601,0.03196508562378555,0.049012706102488014,-0.029246816028393685,0.137415112999752,0.5997863639008812,0.32867630048933866,0.8878572661930839,0.9373276461528484,0.14314482803977963,0.16187092516367443,-0.1357775010993157,0.24418653262849732,0.8822125713079111,0.8523118391042919,0.5814361167887958,0.5569349307652026,0.14496476322361246,0.16247393979144586,-0.13577750109931572,0.25758076387374274,0.7613533944873571,0.7676446195314119,0.5836021295127222,0.5640157697272881
MDS-SMACOF,65,26,80,MDS_SMACOF_completed_p65_rep26_seed80.csv,mds_smacof_outputs/completed_matrices/MDS_SMACOF_completed_p65_rep26_seed80.csv,True,,15,105,27,15,12,0.1324843942222595,scipy.optimize.nnls,1.2142374164,0.9076715689980274,0.3065658474019727,0.2524760341440362,0.6476190476190476,105,68,37,210,missing_p65_rep26_seed80.csv,0.0153331670007901,0.0433870882578609,0.0292562515508238,0.0910666159996994,0.026606099935107,0.0,0.0,method_specific,mds_smacof_outputs/tables/mds_smacof_all_masks_detailed.csv,0.032825881611324284,0.043347594997816874,-0.011354290644517508,0.12623530884284626,0.35336670749512966,0.41996634437654345,0.6997307539033132,0.7299221647554524,0.034954699456404024,0.0392763366932228,0.0035572856397385476,0.07733259915611823,0.19659832196289845,0.035714285714285705,0.5874661232073305,0.6513224519254629,0.0301648593049746,0.047953031209340205,-0.02999376099983757,0.12623530884284626,0.7967312275785483,0.5302637927252266,0.8686614264098995,0.8845387402255055,0.14587952455463696,0.16002574301827235,-0.12628218017761567,0.24120089850861776,0.7824854835586006,0.9056292763839933,0.5748082709276209,0.5675748402542319,0.14674627178305372,0.16065205806945926,-0.12628218017761567,0.24856953882876137,0.5093365837860891,0.5335786854654778,0.5770579781612101,0.5709471018599049
MDS-SMACOF,65,27,81,MDS_SMACOF_completed_p65_rep27_seed81.csv,mds_smacof_outputs/completed_matrices/MDS_SMACOF_completed_p65_rep27_seed81.csv,True,,15,105,27,15,12,0.10332136292727415,scipy.optimize.nnls,1.2142374164,0.6680734434290987,0.5461639729709014,0.44979998606053606,0.6476190476190476,105,68,37,210,missing_p65_rep27_seed81.csv,0.0174934520036913,0.0252479403518252,0.0209619944597065,0.768349635871356,0.6430507309997326,0.0,0.0,method_specific,mds_smacof_outputs/tables/mds_smacof_all_masks_detailed.csv,0.024010711529529907,0.03918597200526717,-0.02022829529521857,0.14670700139224557,0.6342913018571765,0.6436037517182364,0.6325525034332508,0.5339064688184052,0.019874352159471982,0.029822599665090748,-0.017674409289368965,0.07659147566501118,0.9152237288784131,0.907142857142857,0.44606418225959854,0.37032536340591643,0.029181160742102318,0.048406937426511726,-0.02342065280253058,0.14670700139224557,0.22812946057054698,0.2755432378485742,0.8768838643271867,0.8556932721009055,0.14613463717615913,0.1666819069834735,-0.14414412429032805,0.2504950416262251,0.8914895053696827,0.8442981546755131,0.5987170372778645,0.5685674093337468,0.14713414555966228,0.16714532205853988,-0.14414412429032805,0.2665355814295099,0.8271042209795466,0.6697387518142235,0.6003816120706232,0.5724562060160194
MDS-SMACOF,65,28,82,MDS_SMACOF_completed_p65_rep28_seed82.csv,mds_smacof_outputs/completed_matrices/MDS_SMACOF_completed_p65_rep28_seed82.csv,True,,15,105,27,15,12,0.1121280629469941,scipy.optimize.nnls,1.2142374164,0.796575719423175,0.4176616969768251,0.3439703729564836,0.6476190476190476,105,68,37,210,missing_p65_rep28_seed82.csv,0.0145942079980159,0.0357944343523351,0.0264162794534928,0.42178652466909,0.5441844486009848,0.0,0.0,method_specific,mds_smacof_outputs/tables/mds_smacof_all_masks_detailed.csv,0.028502453887093136,0.04223122126242085,-0.015468951739882407,0.1483544641860035,0.4375476374594855,0.5948496901286524,0.6817098917183209,0.6337856539070778,0.025867175382253964,0.03303988346369021,-0.004759610429126303,0.08160881184403769,0.5744350448812503,0.6249999999999999,0.49418591151310887,0.48199161647401717,0.0317965520181421,0.051461429603560316,-0.028855628378327534,0.1483544641860035,0.1916583711117324,0.5302637927252266,0.9322154974806733,0.9323856538261367,0.14641660107100649,0.16363648619563648,-0.13692259006285346,0.2693463893399578,0.7317586673107225,0.7438834750155504,0.5877779656992139,0.5696644489153059,0.1478037788438641,0.1641952795781478,-0.13692259006285348,0.26660347149905894,0.6648011822760248,0.7137051627617664,0.5897851368702327,0.5750615545422783
MDS-SMACOF,65,29,83,MDS_SMACOF_completed_p65_rep29_seed83.csv,mds_smacof_outputs/completed_matrices/MDS_SMACOF_completed_p65_rep29_seed83.csv,True,,15,105,27,15,12,0.09926386208291488,scipy.optimize.nnls,1.2142374164,0.7235256411671379,0.49071177523286214,0.40413165383071137,0.6476190476190476,105,68,37,210,missing_p65_rep29_seed83.csv,0.0117615890048909,0.0229232462098564,0.0177479552474842,0.8235287092001569,0.7611176852311332,0.0,0.0,method_specific,mds_smacof_outputs/tables/mds_smacof_all_masks_detailed.csv,0.02625321617745989,0.039854155624578766,-0.018174510193809706,0.13993549109898334,0.55498454659293,0.6385705265666797,0.6433385372999577,0.5837712025816115,0.022931070758819724,0.031620066637224185,-0.010786168518124273,0.0816671196315073,0.7943042246392309,0.8357142857142855,0.47294935136180394,0.427282209951155,0.030405897950760097,0.04820798796418701,-0.027409937288416498,0.13993549109898334,0.4489296198059866,0.5380617896770682,0.8732799269040857,0.891606832867118,0.1434618747215561,0.16310992470566751,-0.1409272998895077,0.2419746846878763,0.9320673918769337,0.9399232842629068,0.5858865706406603,0.5581684672763189,0.14492621553317714,0.16355780145677112,-0.14092729988950772,0.2563831727039236,0.8699852306942994,0.8311631764461953,0.5874953321813654,0.5638657918650227
MDS-SMACOF,65,30,84,MDS_SMACOF_completed_p65_rep30_seed84.csv,mds_smacof_outputs/completed_matrices/MDS_SMACOF_completed_p65_rep30_seed84.csv,True,,15,105,27,15,12,0.11477560635244902,scipy.optimize.nnls,1.2142374164,0.7376639471589892,0.47657346924101085,0.39248787988593464,0.6476190476190476,105,68,37,210,missing_p65_rep30_seed84.csv,0.034959925993462,0.025412502260454,0.0196266785076192,0.7812300693981202,0.7106157193571783,0.0,0.0,method_specific,mds_smacof_outputs/tables/mds_smacof_all_masks_detailed.csv,0.02389204692850811,0.03754895280154097,-0.017650869231148548,0.13083050985558276,0.6386951977798098,0.6808323453916226,0.6061272154412589,0.5312678215618517,0.02154172299356766,0.031043212421103077,-0.01045465381227612,0.08187329139789944,0.7924578324960685,0.7749999999999999,0.4643211966373093,0.4013940344807936,0.026829951847183686,0.04435907325824819,-0.02664613850473908,0.13083050985558276,0.7897166439263885,0.7047379075902253,0.8035574577655836,0.7867476379478779,0.14318663075057694,0.16279040959574728,-0.13957062435926346,0.2598088216363862,0.9122555544298122,0.8507982583454281,0.5847388807477439,0.5570975729658502,0.14444284345435612,0.16323213534026643,-0.13957062435926348,0.27412694997525894,0.8356602784325138,0.7683392079618494,0.5863255480341585,0.5619851315649719
MDS-SMACOF,85,1,55,MDS_SMACOF_completed_p85_rep01_seed55.csv,mds_smacof_outputs/completed_matrices/MDS_SMACOF_completed_p85_rep01_seed55.csv,True,,15,105,27,15,12,0.11129246094908928,scipy.optimize.nnls,1.2142374164,0.8097373610979038,0.4045000553020962,0.33313094279483463,0.8476190476190476,105,89,16,210,missing_p85_rep01_seed55.csv,0.0017807830008678,0.0361682513590702,0.0278718155887668,0.320891256794614,0.410554988083078,0.0,0.0,method_specific,mds_smacof_outputs/tables/mds_smacof_all_masks_detailed.csv,0.02961665052195875,0.04442559295095584,-0.014981483529707266,0.1544494817,0.33642534268348434,0.4972466664083805,0.7171321419271274,0.6585611292260342,0.0291665036898407,0.03695457246182717,-0.002823203103788038,0.08685186114202864,0.3831172904275924,0.5071428571428571,0.5527389071058657,0.543469089787288,0.030179334062106305,0.05228407418185288,-0.030179334062106305,0.1544494817,0.18086532629327434,0.3915614432585002,0.9471175713389115,0.8849631905207614,0.1537536082215611,0.1721623238130237,-0.14131219712589324,0.29091810386823025,0.5740745334914622,0.5803234501347709,0.618402550760509,0.5982106117447612,0.1544839333124253,0.17262633129985874,-0.1413121971258932,0.29350099219042625,0.47159194421729134,0.44845531826663904,0.6200692534807998,0.6010520944548701
MDS-SMACOF,85,2,56,MDS_SMACOF_completed_p85_rep02_seed56.csv,mds_smacof_outputs/completed_matrices/MDS_SMACOF_completed_p85_rep02_seed56.csv,True,,15,105,27,15,12,0.048779780253590754,scipy.optimize.nnls,1.2142374164,0.8858537156053488,0.3283837007946513,0.27044439280108096,0.8476190476190476,105,89,16,210,missing_p85_rep02_seed56.csv,0.0003955499996664,0.0381549077378908,0.0292031468530675,0.2611578909184038,0.3341606570359177,0.0,0.0,method_specific,mds_smacof_outputs/tables/mds_smacof_all_masks_detailed.csv,0.03311392286570606,0.04627088874663324,-0.01216235928869079,0.1541938233878464,0.28190364394135525,0.34299304078846726,0.7469194973351723,0.7363271015192738,0.030002590711614135,0.03634457989417651,0.0021056563806751043,0.08256041889942296,0.4155521547166124,0.30357142857142855,0.5436150936580384,0.5590481752182389,0.03700308805832098,0.056267916858119285,-0.02999737887539816,0.1541938233878464,-0.2279138850371447,-0.1871519268441976,1.0192842388984829,1.085059425096107,0.1498944545396324,0.16694387156272006,-0.13230231558748867,0.2851850949198046,0.376824234585065,0.6000829359319925,0.599658007174338,0.5831957661643121,0.15017554927661453,0.1671691176394517,-0.13230231558748867,0.2851980414525076,0.3487982049227653,0.3802204741014722,0.6004670851730233,0.5842894241051781
MDS-SMACOF,85,3,57,MDS_SMACOF_completed_p85_rep03_seed57.csv,mds_smacof_outputs/completed_matrices/MDS_SMACOF_completed_p85_rep03_seed57.csv,True,,15,105,27,15,12,0.11764345733102517,scipy.optimize.nnls,1.2142374164,0.844990484289613,0.36924693211038706,0.3040978042046663,0.8476190476190476,105,89,16,210,missing_p85_rep03_seed57.csv,0.00248040400038,0.0361113389762738,0.0272756432476353,0.2944509170459569,0.3666496424923391,0.0,0.0,method_specific,mds_smacof_outputs/tables/mds_smacof_all_masks_detailed.csv,0.031833236796935026,0.04411845472829184,-0.013675812300384706,0.13874305123230288,0.3418202103875585,0.5069290278692186,0.7121742184227662,0.7078495374203704,0.031609734499745516,0.03816631107703255,0.0010736295940450512,0.08184764980314967,0.3102546853709667,0.28571428571428564,0.5708631887102179,0.5889946158674584,0.03211261466842189,0.05058311457978577,-0.03211261466842189,0.13874305123230288,0.9387087491785171,0.7159579861256125,0.9163049624811542,0.9416537115911109,0.15258212188756523,0.16950928253235628,-0.1379968410951289,0.27073128632643534,0.6656769335850529,0.65511092680904,0.608872896078225,0.5936526988306107,0.1536788066493681,0.1700187084647352,-0.13799684109512894,0.27450521492571867,0.4982396585584743,0.4920912608643441,0.6107027406634364,0.5979195805632583
MDS-SMACOF,85,4,58,MDS_SMACOF_completed_p85_rep04_seed58.csv,mds_smacof_outputs/completed_matrices/MDS_SMACOF_completed_p85_rep04_seed58.csv,True,,15,105,27,15,12,0.09985955379126513,scipy.optimize.nnls,1.2142374164,0.7380505763087344,0.47618684009126566,0.3921694667448774,0.8476190476190476,105,89,16,210,missing_p85_rep04_seed58.csv,0.0018323760014027,0.0429985744159565,0.0342149847923917,0.0312433971568164,0.1515151515151515,0.0,0.0,method_specific,mds_smacof_outputs/tables/mds_smacof_all_masks_detailed.csv,0.030525566062645098,0.04402912783803881,-0.017636549633009837,0.1544494817,0.38084009826524334,0.44275044223861404,0.7107322751670045,0.6787719374807248,0.02842231696916488,0.03511579121702085,-0.008505470445516642,0.08054862043966668,0.5243116572372908,0.5214285714285714,0.5252357899554541,0.5296024129987927,0.033154627429495355,0.053107162698684734,-0.029050398617376322,0.1544494817,0.004268507164691299,0.0,0.9620276870721898,0.9722091551176392,0.16061090261896277,0.18195137628935934,-0.14983346449160326,0.314489808943209,0.2836804842112997,0.2585009330292349,0.6535645704569258,0.6248903516470105,0.16115411576609892,0.1824288994787489,-0.14983346449160329,0.3193077633381929,0.2345997301250075,0.16202571013891767,0.6552798212262319,0.6270038361552104
MDS-SMACOF,85,5,59,MDS_SMACOF_completed_p85_rep05_seed59.csv,mds_smacof_outputs/completed_matrices/MDS_SMACOF_completed_p85_rep05_seed59.csv,True,,15,105,27,15,12,0.1389256927465767,scipy.optimize.nnls,1.2142374164,0.7668416287238686,0.4473957876761314,0.36845824517793324,0.8476190476190476,105,89,16,210,missing_p85_rep05_seed59.csv,0.0025031289987964,0.0394095729450543,0.0327763993693581,0.1862303612472362,0.2966632618318012,0.0,0.0,method_specific,mds_smacof_outputs/tables/mds_smacof_all_masks_detailed.csv,0.031549731153123484,0.04665702271544597,-0.016570214358375232,0.1513954257165799,0.25599615115787827,0.41947532818933575,0.7531525954601921,0.7015454553030475,0.030456790979467387,0.040486558767669135,-0.004931655878066664,0.09032811354158811,0.1578803392576138,0.4392857142857142,0.6055677215271554,0.5675114387199706,0.03291590637019361,0.053376241704027695,-0.031118412458760944,0.1513954257165799,0.056685895493932964,-0.03625568919060187,0.966902009856453,0.9652090221839761,0.15766002374105315,0.1759072667109792,-0.1467380682348361,0.3009147601097797,0.5677705147422811,0.5662139747045407,0.6318542874079724,0.6134093394017871,0.15882747892349972,0.17653561496543613,-0.1467380682348361,0.29800433585223673,0.4630748705230023,0.4037321169396641,0.63411129785437,0.6179515682766346
MDS-SMACOF,85,6,60,MDS_SMACOF_completed_p85_rep06_seed60.csv,mds_smacof_outputs/completed_matrices/MDS_SMACOF_completed_p85_rep06_seed60.csv,True,,15,105,27,15,12,0.11084027836051676,scipy.optimize.nnls,1.2142374164,0.6701393469088402,0.5440980694911598,0.4480985861103792,0.8476190476190476,105,89,16,210,missing_p85_rep06_seed60.csv,0.0027099610015284,0.0472799271602822,0.0388822008053438,0.0808062846130362,0.2093489447175847,0.0,0.0,method_specific,mds_smacof_outputs/tables/mds_smacof_all_masks_detailed.csv,0.029356466228508914,0.04553384817668808,-0.020151780351524436,0.1544494817,0.35527579485725735,0.5021456483434384,0.7350219525304138,0.6527756248195126,0.028780703982243756,0.038734250150805685,-0.013866445745343238,0.08805882943614143,0.43498001444903167,0.5357142857142856,0.5793579973909123,0.5362803565007218,0.030076169036340358,0.052816359431224466,-0.028008448609250933,0.1544494817,-0.03601662571808632,0.26829210001045384,0.9567598327833978,0.8819380326374195,0.16437242613125397,0.1863921822603244,-0.1558541960542194,0.33844220351866905,0.3007487858537718,0.2611134148869998,0.6695158290078954,0.6395253466068521,0.16463427172285325,0.1868745391784052,-0.1558541960542194,0.37004372719999995,0.2666788284490401,0.23183665434496875,0.6712484424038561,0.6405441117164654
MDS-SMACOF,85,7,61,MDS_SMACOF_completed_p85_rep07_seed61.csv,mds_smacof_outputs/completed_matrices/MDS_SMACOF_completed_p85_rep07_seed61.csv,True,,15,105,27,15,12,0.09003404434769502,scipy.optimize.nnls,1.2142374164,0.8248954235266119,0.3893419928733881,0.3206473360273467,0.8476190476190476,105,89,16,210,missing_p85_rep07_seed61.csv,0.002811162994476,0.0399449641127526,0.0307232479614475,0.0781757817294013,0.2823118828736807,0.0,0.0,method_specific,mds_smacof_outputs/tables/mds_smacof_all_masks_detailed.csv,0.03291535777743246,0.047201412112676006,-0.01442007381012548,0.1544494817,0.25176839924038086,0.4168874122330204,0.7619403033678609,0.7319117727615072,0.031100781030824105,0.039400121200184074,-0.002928291883841264,0.08548502318320725,0.28114733084192595,0.3428571428571428,0.5893175994533373,0.5795111178986858,0.0351835787106929,0.055429937750123184,-0.028784801217980757,0.1544494817,-0.1431045947352931,0.23393990855524704,1.0041043825078444,1.0317050736002902,0.15464349140591122,0.1708354733770532,-0.13783152907835577,0.276970072315332,0.3940234887742597,0.6203400373211694,0.6136365388020912,0.6016728886321066,0.15517939044775542,0.17120241716442092,-0.13783152907835577,0.2771702096206604,0.3482229085707784,0.3770474808210657,0.614954591260191,0.6037579160819541
MDS-SMACOF,85,8,62,MDS_SMACOF_completed_p85_rep08_seed62.csv,mds_smacof_outputs/completed_matrices/MDS_SMACOF_completed_p85_rep08_seed62.csv,True,,15,105,27,15,12,0.04327258446485806,scipy.optimize.nnls,1.2142374164,0.9788956240957494,0.23534179230425067,0.1938185968622163,0.8476190476190476,105,89,16,210,missing_p85_rep08_seed62.csv,0.0012621420028153,0.0426823699274587,0.0287591798404339,0.0854479653888602,0.2693564862104188,0.0,0.0,method_specific,mds_smacof_outputs/tables/mds_smacof_all_masks_detailed.csv,0.03379210812572852,0.04613445295861855,-0.008716362677935212,0.15048002373066108,0.30962416516326613,0.4926203947687779,0.7447171071723104,0.7514073500549312,0.031548664314459886,0.036567687804895437,0.007256744945834489,0.0775958963697212,0.44486341455227896,0.4535714285714285,0.5469521752293335,0.5878566749485445,0.03659641288981431,0.05583348187050803,-0.02868274720764734,0.15048002373066108,-0.10027859423011402,0.3661204359881241,1.0114145191643267,1.0731342926897187,0.1426194023719821,0.15685825402957784,-0.11865514282192248,0.23566864642386592,0.3999884037864146,0.7606054323035455,0.5634307335737349,0.5548906521704094,0.14316449276621115,0.15724232977352467,-0.11865514282192251,0.24063653112279937,0.3431043081327724,0.44351026332158405,0.56481032357044,0.5570114405015559
MDS-SMACOF,85,9,63,MDS_SMACOF_completed_p85_rep09_seed63.csv,mds_smacof_outputs/completed_matrices/MDS_SMACOF_completed_p85_rep09_seed63.csv,True,,15,105,27,15,12,0.11356229809811719,scipy.optimize.nnls,1.2142374164,0.7447890690054914,0.4694483473945087,0.38661989908558436,0.8476190476190476,105,89,16,210,missing_p85_rep09_seed63.csv,0.0027954679972026,0.0437319674267086,0.0333409432682959,0.2116260213102321,0.1501721591732792,0.0,0.0,method_specific,mds_smacof_outputs/tables/mds_smacof_all_masks_detailed.csv,0.030274320801089067,0.044125537026577635,-0.017386975829426245,0.1544494817,0.3875027306986508,0.4415956834462115,0.7122885431487201,0.6731852029835084,0.02761552179787238,0.033946398408695,-0.005339905412598861,0.0755496242153795,0.5543112462647307,0.6142857142857142,0.5077448853178975,0.5145691322857588,0.033597819555109924,0.054225864069523164,-0.03244581385046048,0.1544494817,0.01771225225561823,-0.16641837999460188,0.982292781978848,0.9852050918964435,0.1596730019913859,0.18314807099083927,-0.15231739805014843,0.33809283151080993,0.32952230125796084,0.2319199668256272,0.6578630664314602,0.6212412528410165,0.1602164203774715,0.18372548211604675,-0.15231739805014843,0.37615166959999996,0.2817691741476738,0.16039748185115987,0.6599371120458398,0.6233555358743302
MDS-SMACOF,85,10,64,MDS_SMACOF_completed_p85_rep10_seed64.csv,mds_smacof_outputs/completed_matrices/MDS_SMACOF_completed_p85_rep10_seed64.csv,True,,15,105,27,15,12,0.12276197075107977,scipy.optimize.nnls,1.2142374164,0.9026907616991029,0.31154665470089715,0.25657803860515027,0.8476190476190476,105,89,16,210,missing_p85_rep10_seed64.csv,0.0003753950004465,0.0379384433648296,0.0281278496102896,0.160119489735729,0.0513135416509159,0.0,0.0,method_specific,mds_smacof_outputs/tables/mds_smacof_all_masks_detailed.csv,0.03406096502969239,0.04657541892350776,-0.011538764988922113,0.15324369512914973,0.25934361461423905,0.5189058521167668,0.7518353209295712,0.7573857001773863,0.03484581865050641,0.03967024830834836,0.005694141422880086,0.08359850015916347,0.17524935367558955,0.475,0.5933579590786754,0.6492936399325777,0.033079898003674856,0.053978662050091886,-0.033079898003674856,0.15324369512914973,0.41425470573306766,0.4992551399838056,0.977814757266017,0.9700178280670224,0.1505043202833375,0.16662604295735722,-0.13265426332639071,0.26017128479785384,0.5717540622333406,0.5707961849471284,0.5985163751615494,0.5855685765577975,0.15112453432537332,0.16713360291170903,-0.1326542633263907,0.267089181045147,0.38928578006004677,0.16816275162955682,0.6003395172026381,0.5879816491730709
MDS-SMACOF,85,11,65,MDS_SMACOF_completed_p85_rep11_seed65.csv,mds_smacof_outputs/completed_matrices/MDS_SMACOF_completed_p85_rep11_seed65.csv,True,,15,105,27,15,12,0.054998114697164514,scipy.optimize.nnls,1.2142374164,0.9235956458514751,0.2906417705485249,0.2393615668756334,0.8476190476190476,105,89,16,210,missing_p85_rep11_seed65.csv,0.0015593489952152,0.0401376375379081,0.0282984043495792,0.1797771196599853,0.2235614572693224,0.0,0.0,method_specific,mds_smacof_outputs/tables/mds_smacof_all_masks_detailed.csv,0.034535252755004735,0.04690054225884921,-0.010764510020315731,0.15053091774386898,0.25114645800392205,0.31343529221064603,0.7570835658797579,0.7679320467241763,0.032573652228235446,0.03857714784218397,0.0045289096893763635,0.07991210028048794,0.29236556841955574,0.0857142857142857,0.5770081783404802,0.606955613047752,0.03698725341346635,0.05557869668177347,-0.02988128465743085,0.15053091774386898,-0.15535090657886208,-0.0467879817110494,1.006799126562593,1.0845950981562718,0.1491979641474886,0.16438271874250263,-0.1274032348461835,0.25309425319267886,0.3661995352330289,0.6791519800953763,0.5904584134314583,0.5804859244352107,0.14928286625234316,0.1645283368989658,-0.1274032348461835,0.25420135775196606,0.3107929447476466,0.3338067592784574,0.5909814700294377,0.5808162538542789
MDS-SMACOF,85,12,66,MDS_SMACOF_completed_p85_rep12_seed66.csv,mds_smacof_outputs/completed_matrices/MDS_SMACOF_completed_p85_rep12_seed66.csv,True,,15,105,27,15,12,0.09535293240634841,scipy.optimize.nnls,1.2142374164,0.7393917427570329,0.47484567364296715,0.3910649327960926,0.8476190476190476,105,89,16,210,missing_p85_rep12_seed66.csv,0.0019000890024472,0.03340558429433,0.0286172827898243,0.5974725691677492,0.3928328226081036,0.0,0.0,method_specific,mds_smacof_outputs/tables/mds_smacof_all_masks_detailed.csv,0.029250997181315533,0.0443624489134076,-0.01758687680159137,0.15401786643510387,0.36858869943325506,0.45696531351503794,0.7161128506607871,0.6504303962540281,0.025525904951505474,0.035091738509536584,-0.007258320418648438,0.09341011644599112,0.5154332633979086,0.5821428571428571,0.524876027513025,0.47563261190005446,0.03390736246857811,0.05374730529115815,-0.03049757228027003,0.15401786643510387,-0.05778160367958477,0.07837894571443878,0.9736237668915481,0.9942819682695989,0.1549786356686936,0.17618913146724777,-0.1492440145346434,0.2872534113886996,0.701370829162749,0.5477503628447025,0.6328667382182629,0.6029768375721073,0.15574349885627764,0.17650619250444768,-0.1492440145346434,0.291318100021143,0.63442768067491,0.41750984864192414,0.6340056131463461,0.6059526979804456
MDS-SMACOF,85,13,67,MDS_SMACOF_completed_p85_rep13_seed67.csv,mds_smacof_outputs/completed_matrices/MDS_SMACOF_completed_p85_rep13_seed67.csv,True,,15,105,27,15,12,0.0976477768500839,scipy.optimize.nnls,1.2142374164,0.7460107345620922,0.46822668183790783,0.38561378155033094,0.8476190476190476,105,89,16,210,missing_p85_rep13_seed67.csv,0.0003930050006601,0.0498744729052047,0.0429920387038856,0.0435877750681471,0.0603245971330835,0.0,0.0,method_specific,mds_smacof_outputs/tables/mds_smacof_all_masks_detailed.csv,0.035339951643279514,0.05241241074538238,-0.017341728956959544,0.15334057854670652,0.07616916164921439,0.2805012065498621,0.8460579113236519,0.785825474887373,0.03848151351954866,0.0510331447089758,-0.006084712684172728,0.10933196249999999,-0.22535987310279032,-0.125,0.7633156806712537,0.7170387424047313,0.03141299929794306,0.0540870546130212,-0.03141299929794306,0.15334057854670652,-0.06897589929891039,0.49639998952477893,0.9797782710617426,0.921138552140535,0.16528336247443742,0.18337321732995238,-0.15194537956067183,0.29395993795001557,0.2816395191672454,0.40266542966739166,0.6586717861752361,0.6430695352175744,0.16582054860187193,0.18375431695736824,-0.15194537956067186,0.29271230085283384,0.26016489591533426,0.2692297539240943,0.6600406860394352,0.6451595703434514
MDS-SMACOF,85,14,68,MDS_SMACOF_completed_p85_rep14_seed68.csv,mds_smacof_outputs/completed_matrices/MDS_SMACOF_completed_p85_rep14_seed68.csv,True,,15,105,27,15,12,0.04639952882603763,scipy.optimize.nnls,1.2142374164,1.0248330270520574,0.18940438934794268,0.15598628965782765,0.8476190476190476,105,89,16,210,missing_p85_rep14_seed68.csv,0.0003346640005474,0.0443911209860971,0.0305482551632789,0.0175764585668226,0.0931755484466064,0.0,0.0,method_specific,mds_smacof_outputs/tables/mds_smacof_all_masks_detailed.csv,0.03661903136025391,0.04837627377933386,-0.007014977383257131,0.15323912263998254,0.2293085602543322,0.383151265236121,0.7809052964611111,0.8142673198609033,0.038910791993998814,0.042569582521437443,0.014376505164595389,0.07974923753477561,-0.08312988387077308,0.07857142857142857,0.6367240357917238,0.725037629904434,0.03375433056807279,0.054775742812649804,-0.03375433056807279,0.15323912263998254,0.3334634813036994,0.2570105591220147,0.9922537467251982,0.9897945399305922,0.14514134504099527,0.1591739816137643,-0.11927225349618277,0.24654234979265688,0.4817850192594339,0.5319095998341281,0.5717487663070909,0.5647027982674402,0.14562911973540554,0.15954251352542256,-0.11927225349618281,0.24603187224951606,0.206442841750793,0.24372428196863122,0.5730725232659806,0.5666005878654332
MDS-SMACOF,85,15,69,MDS_SMACOF_completed_p85_rep15_seed69.csv,mds_smacof_outputs/completed_matrices/MDS_SMACOF_completed_p85_rep15_seed69.csv,True,,15,105,27,15,12,0.10823853793038031,scipy.optimize.nnls,1.2142374164,0.7753140684033967,0.4389233479966034,0.3614806643810514,0.8476190476190476,105,89,16,210,missing_p85_rep15_seed69.csv,0.0022683739953208,0.0326947360237719,0.0264814551713323,0.5066561508429092,0.3157814096016343,0.0,0.0,method_specific,mds_smacof_outputs/tables/mds_smacof_all_masks_detailed.csv,0.02961977760934122,0.04441359173614751,-0.016256420296170495,0.152359605176764,0.3525639341355922,0.4322842103205004,0.7169384144761348,0.6586306636994298,0.026768035756196535,0.03565414279572886,-0.004626217691181948,0.09112665344110626,0.4662029815351301,0.5535714285714285,0.5332880509729819,0.4987776451546691,0.03318445492577208,0.05337840079483367,-0.030794173552406184,0.152359605176764,0.010328629632915512,-0.021355694169400762,0.9669411214381815,0.9730838011988275,0.1525260547096315,0.17266637780335442,-0.14467249481335598,0.26383646543283823,0.7033311213377104,0.6067281774828944,0.6202130994708067,0.5934345577333155,0.15336480660306984,0.17303735409567883,-0.144672494813356,0.2718379077033314,0.6153936366345345,0.42439353099730454,0.6215456365809252,0.5966978976254942
MDS-SMACOF,85,16,70,MDS_SMACOF_completed_p85_rep16_seed70.csv,mds_smacof_outputs/completed_matrices/MDS_SMACOF_completed_p85_rep16_seed70.csv,True,,15,105,27,15,12,0.09103570913911692,scipy.optimize.nnls,1.2142374164,0.9320546147230421,0.282182801676958,0.2323950801265705,0.8476190476190476,105,89,16,210,missing_p85_rep16_seed70.csv,0.000330777009367,0.0398346267552705,0.0283781623881548,0.0816927678069579,0.1280774001918898,0.0,0.0,method_specific,mds_smacof_outputs/tables/mds_smacof_all_masks_detailed.csv,0.03354585884188368,0.04549624685236435,-0.010451214876924369,0.15001558119302189,0.29532102495844736,0.508795024290823,0.7344149799170973,0.7459317070101606,0.03312244611085984,0.03706908494301479,0.007247450540922046,0.0795406710932027,0.602680877652821,0.7178571428571427,0.554451699312216,0.6171814705945584,0.03407512475566348,0.05421851852987875,-0.03257454664923238,0.15001558119302189,0.06243731891142112,-0.036715794160287814,0.9821597187128908,0.9992013428496545,0.14945892005829708,0.16510138208877206,-0.12891017220867837,0.25247768598602843,0.6190359114360356,0.6737507775243624,0.5930398333183887,0.5815012280553912,0.15019085571503624,0.16577617630055208,-0.12891017220867837,0.25566979096201164,0.29946007518319656,0.3208917333543357,0.5954636764250628,0.58434897700932
MDS-SMACOF,85,17,71,MDS_SMACOF_completed_p85_rep17_seed71.csv,mds_smacof_outputs/completed_matrices/MDS_SMACOF_completed_p85_rep17_seed71.csv,True,,15,105,27,15,12,0.10573814996045945,scipy.optimize.nnls,1.2142374164,0.8080701031960188,0.40616731320398125,0.3345040333283385,0.8476190476190476,105,89,16,210,missing_p85_rep17_seed71.csv,0.0022563930106116,0.0395925419995264,0.0304536744342222,0.2302772021517522,0.4527628932050768,0.0,0.0,method_specific,mds_smacof_outputs/tables/mds_smacof_all_masks_detailed.csv,0.03124378013367212,0.04507115980638656,-0.015043233822369672,0.14836178431883068,0.32758580259912895,0.5554393586915575,0.7275530887517039,0.6947422738052492,0.03233044086020978,0.03999631357951314,-0.0031694574998653853,0.07891450592057478,0.22962060122665026,0.32499999999999996,0.5982349999865351,0.6024237753543342,0.029885454225500024,0.050705422582012334,-0.029885454225500024,0.14836178431883068,0.3540403807822353,0.8733756586062557,0.9185205522154436,0.8763456101163162,0.15491128802008414,0.1721018078189631,-0.14146042788909902,0.28326183616142014,0.4696336832481954,0.5709413228281153,0.6181851788973739,0.602714807441301,0.15549836654364613,0.17252709646311254,-0.14146042788909904,0.2826353999594436,0.42436140134657624,0.4854092640129113,0.619712804550459,0.6049989593827381
MDS-SMACOF,85,18,72,MDS_SMACOF_completed_p85_rep18_seed72.csv,mds_smacof_outputs/completed_matrices/MDS_SMACOF_completed_p85_rep18_seed72.csv,True,,15,105,27,15,12,0.10326716999524675,scipy.optimize.nnls,1.2142374164,0.981198369252184,0.2330390471478161,0.19192214306715716,0.8476190476190476,105,89,16,210,missing_p85_rep18_seed72.csv,0.0003664090036181,0.0417234197642887,0.0290318750809439,0.2150263197869328,0.1650648686133479,0.0,0.0,method_specific,mds_smacof_outputs/tables/mds_smacof_all_masks_detailed.csv,0.03519543036180142,0.047345590718199694,-0.008631075820289482,0.1531023644930533,0.23957930545212178,0.46463766599178474,0.7642676805694081,0.7826118738673373,0.036978644106098434,0.04070479609451523,0.010837194068623053,0.08181738458737191,0.2766856140051947,0.3928571428571428,0.6088319525409284,0.6890352805951676,0.032966413181430156,0.054520735776897734,-0.032966413181430156,0.1531023644930533,0.008151713256270312,0.3769654055789674,0.9876343354005225,0.9666900578066623,0.14576731624302133,0.16039587836923147,-0.12255440640842483,0.24795054607365874,0.7382861010564042,0.7165457184325109,0.5761377873984159,0.5671382703193156,0.1461498835415363,0.16080186632168836,-0.12255440640842481,0.24931402516175816,0.30637202848834094,0.24728956860766974,0.5775960854732609,0.5686267285111285
MDS-SMACOF,85,19,73,MDS_SMACOF_completed_p85_rep19_seed73.csv,mds_smacof_outputs/completed_matrices/MDS_SMACOF_completed_p85_rep19_seed73.csv,True,,15,105,27,15,12,0.0826941786293793,scipy.optimize.nnls,1.2142374164,0.8469463943194083,0.3672910220805917,0.3024869906986929,0.8476190476190476,105,89,16,210,missing_p85_rep19_seed73.csv,0.0019663159910123,0.0343934329560875,0.0249146384085841,0.3886200878364441,0.4279026217228465,0.0,0.0,method_specific,mds_smacof_outputs/tables/mds_smacof_all_masks_detailed.csv,0.030722399556820493,0.04469828607085132,-0.013603371188170059,0.1525814796263905,0.35101610087057494,0.521571105112804,0.7215340415568143,0.683148762202938,0.02745188734125658,0.0347218039881442,-0.0010763556713371933,0.08608329752557622,0.49452988670475684,0.4535714285714285,0.5193428231100684,0.5115200774473553,0.034810539826275376,0.05466583173722279,-0.029262140584211144,0.1525814796263905,-0.08827250661957003,0.5146677988215435,0.990262725320485,1.02076627419991,0.14882450191026747,0.16576598545445154,-0.1351267159561163,0.2698217479337256,0.5857149683930313,0.6317022600041468,0.5954270711732086,0.5790328913911362,0.1493003393264501,0.16610957451268576,-0.1351267159561163,0.2707374730435511,0.5381380159019296,0.5630727762803235,0.5966612340569312,0.5808842365082892
MDS-SMACOF,85,20,74,MDS_SMACOF_completed_p85_rep20_seed74.csv,mds_smacof_outputs/completed_matrices/MDS_SMACOF_completed_p85_rep20_seed74.csv,True,,15,105,27,15,12,0.10684356779592767,scipy.optimize.nnls,1.2142374164,0.7834726646803869,0.43076475171961315,0.3547615531374043,0.8476190476190476,105,89,16,210,missing_p85_rep20_seed74.csv,0.0022239389945752,0.044007311491629,0.0358836104410884,0.2319660278740855,0.2651224955362335,0.0,0.0,method_specific,mds_smacof_outputs/tables/mds_smacof_all_masks_detailed.csv,0.03485544301472138,0.048665945877094496,-0.015954250063689373,0.15382748897184081,0.19436707877990683,0.39287174151354065,0.7855812761864226,0.7750518545110098,0.035515912533270466,0.043129871750663254,-0.004247275158334207,0.09353194908243412,0.0736160406011898,0.09999999999999999,0.6451044238085346,0.6617797204175917,0.03402985611653501,0.05480519913034557,-0.030587968695383327,0.15382748897184081,-0.1608937386211337,0.35090986283287057,0.9927873431694914,0.9978739086779386,0.15849027212962946,0.17721063820273716,-0.1459418664402444,0.2951288424892018,0.3556298923945978,0.4272818455380449,0.6365359636147075,0.6166395946275028,0.15949696222643303,0.17762112924927143,-0.14594186644024437,0.29435087175709035,0.327005399902404,0.29785072342503666,0.6380104366853477,0.6205563332693593
MDS-SMACOF,85,21,75,MDS_SMACOF_completed_p85_rep21_seed75.csv,mds_smacof_outputs/completed_matrices/MDS_SMACOF_completed_p85_rep21_seed75.csv,True,,15,105,27,15,12,0.10638102813475019,scipy.optimize.nnls,1.2142374164,0.7698063878492716,0.44443102855072847,0.36601658172286283,0.8476190476190476,105,89,16,210,missing_p85_rep21_seed75.csv,0.002210438993643,0.0456923616058591,0.0360334009508842,0.0997479717369988,0.0618496150409844,0.0,0.0,method_specific,mds_smacof_outputs/tables/mds_smacof_all_masks_detailed.csv,0.031988855310430775,0.045543203351177064,-0.016460408464841796,0.1544494817,0.3260739894933686,0.4514913850360425,0.7351729667515811,0.711309898473024,0.03096466653903966,0.037121023956785924,-0.0030134622169795022,0.08689715449180381,0.3730171558727455,0.5249999999999999,0.5552285643060586,0.5769748516480718,0.03326909127466966,0.054262782469614065,-0.03326909127466966,0.1544494817,0.2931950401668933,0.21634389399298243,0.9829615528422316,0.9755656337402712,0.16163177758082606,0.18408477302070833,-0.1512102188548221,0.3315521255614331,0.19223094388164438,0.10878084179970972,0.661227675550019,0.628862279476965,0.1620861916878146,0.18457819872493356,-0.15121021885482208,0.3707411026,0.1580852770626615,0.036260432374673565,0.6630000477354402,0.6306302727232461
MDS-SMACOF,85,22,76,MDS_SMACOF_completed_p85_rep22_seed76.csv,mds_smacof_outputs/completed_matrices/MDS_SMACOF_completed_p85_rep22_seed76.csv,True,,15,105,27,15,12,0.1189737022904308,scipy.optimize.nnls,1.2142374164,0.7503390757860026,0.4638983406139975,0.3820491234649763,0.8476190476190476,105,89,16,210,missing_p85_rep22_seed76.csv,0.0020714069978566,0.0354403872688214,0.0312195151977322,0.3826217164266948,0.4791453864487572,0.0,0.0,method_specific,mds_smacof_outputs/tables/mds_smacof_all_masks_detailed.csv,0.027796848857118858,0.0424359749483597,-0.01718142002274065,0.15002259899767065,0.4402493609468719,0.637035789845375,0.6850150912578499,0.6180956944708175,0.02421650503322801,0.03298419651681025,-0.00815129045206034,0.08372180996264693,0.6148853428363605,0.7785714285714285,0.4933529877337771,0.45123413104951376,0.032272278636982406,0.051883334581208536,-0.028469081986091032,0.15002259899767065,0.12429578870537959,0.5075760589835356,0.9398582381052109,0.9463356152652525,0.15691472306792065,0.17538094956822656,-0.1466000772478637,0.2615358176075262,0.7078908047125831,0.8001347708894877,0.6299637700382098,0.6105095910526889,0.15753608417648454,0.17595742474523654,-0.14660007724786372,0.2712314823935615,0.558094705959031,0.5742587601078166,0.632034453751217,0.6129271265705076
MDS-SMACOF,85,23,77,MDS_SMACOF_completed_p85_rep23_seed77.csv,mds_smacof_outputs/completed_matrices/MDS_SMACOF_completed_p85_rep23_seed77.csv,True,,15,105,27,15,12,0.11258019230097607,scipy.optimize.nnls,1.2142374164,0.8249207378636112,0.38931667853638885,0.3206264880970677,0.8476190476190476,105,89,16,210,missing_p85_rep23_seed77.csv,0.0019239810062572,0.0357983789100334,0.0276419585247334,0.3440824597666542,0.3319033026898196,0.0,0.0,method_specific,mds_smacof_outputs/tables/mds_smacof_all_masks_detailed.csv,0.03088221149481857,0.04519240225825325,-0.014419136242088472,0.15386404653999158,0.31036985731637184,0.4623414201210927,0.7295102232191187,0.6867023689915848,0.029499286016522557,0.03639722828576579,-0.0001506724786884762,0.08914986558736576,0.43030941140520695,0.6499999999999999,0.5444025689957114,0.5496699327166407,0.03261086834268859,0.05421574462832549,-0.03225471594633847,0.15386404653999158,-0.06347491472592003,-0.014502275676240748,0.982109469933633,0.9562642447579575,0.1531381673586702,0.1721194244193952,-0.14130454958375765,0.28449805227490566,0.577587043588587,0.4868650217706822,0.6182484572639856,0.5958161101825464,0.15399919641337706,0.17259036893331314,-0.14130454958375763,0.2870674849797724,0.47300307322024193,0.30726726104084595,0.6199400776035775,0.5991661240359057
MDS-SMACOF,85,24,78,MDS_SMACOF_completed_p85_rep24_seed78.csv,mds_smacof_outputs/completed_matrices/MDS_SMACOF_completed_p85_rep24_seed78.csv,True,,15,105,27,15,12,0.09186030000838338,scipy.optimize.nnls,1.2142374164,0.9774689721110768,0.2367684442889233,0.19499353346473214,0.8476190476190476,105,89,16,210,missing_p85_rep24_seed78.csv,0.0003938509908039,0.0412353394914895,0.0289764712710709,0.0647703601954889,0.0141129211517821,0.0,0.0,method_specific,mds_smacof_outputs/tables/mds_smacof_all_masks_detailed.csv,0.03539932230273909,0.04710766504311596,-0.008769201640330494,0.14983520818756646,0.25479493943795595,0.4441071483418675,0.7604270081628379,0.7871456514720817,0.036873803840434885,0.04084381326222935,0.011060413351900588,0.07983092595501186,0.2739884542949214,0.2714285714285714,0.6109112675548046,0.687081757322062,0.033556220380619346,0.0539237970272179,-0.033556220380619346,0.14983520818756646,0.9203662702950358,0.39469478722309403,0.9768208862253799,0.9839852592088019,0.14773149275445885,0.16264265585646734,-0.12499927724147693,0.24918867024820093,0.7195995495818103,0.7373626373626373,0.58420815319231,0.5747803103733515,0.1481155406680182,0.16296775052670018,-0.12499927724147693,0.2517588959948103,0.2883980511795612,0.22000624598785354,0.5853758847194993,0.5762745292080639
MDS-SMACOF,85,25,79,MDS_SMACOF_completed_p85_rep25_seed79.csv,mds_smacof_outputs/completed_matrices/MDS_SMACOF_completed_p85_rep25_seed79.csv,True,,15,105,27,15,12,0.12802957394137576,scipy.optimize.nnls,1.2142374164,0.8260954518882048,0.3881419645117953,0.31965903806733925,0.8476190476190476,105,89,16,210,missing_p85_rep25_seed79.csv,0.0019896880112355,0.0337798958402062,0.0255921571408456,0.4548938273058183,0.382226762002043,0.0,0.0,method_specific,mds_smacof_outputs/tables/mds_smacof_all_masks_detailed.csv,0.03030692191128322,0.04367688417234791,-0.014375628315251668,0.14687396393606528,0.3620190146866946,0.5716169038181741,0.7050462451631722,0.6739101270908974,0.02887702685779394,0.035932514399212204,-0.0002006983849371674,0.08680347521025544,0.5349918500414337,0.6892857142857142,0.5374517256045213,0.5380751724326427,0.0320942907281448,0.05175254569534309,-0.0320942907281448,0.14687396393606528,0.7058469962518108,0.47730532408374166,0.9374890185316147,0.9411163898391744,0.15111835706286458,0.1697817171666706,-0.13974457880063265,0.2582917030799162,0.7741626670185844,0.7175409496164213,0.6098514741378384,0.5879576152396433,0.1524021245679933,0.17037417459015436,-0.13974457880063265,0.26128460094535577,0.5696306255326802,0.5429297117976364,0.6119795656609133,0.59295238156392
MDS-SMACOF,85,26,80,MDS_SMACOF_completed_p85_rep26_seed80.csv,mds_smacof_outputs/completed_matrices/MDS_SMACOF_completed_p85_rep26_seed80.csv,True,,15,105,27,15,12,0.07204514562504018,scipy.optimize.nnls,1.2142374164,0.8425336594144859,0.37170375698551417,0.3061211522270087,0.8476190476190476,105,89,16,210,missing_p85_rep26_seed80.csv,0.0022614360059378,0.039974459279906,0.0311262375535574,0.2611721231497114,0.1192183770930361,0.0,0.0,method_specific,mds_smacof_outputs/tables/mds_smacof_all_masks_detailed.csv,0.032377048020523075,0.04443078996085289,-0.013766805814278301,0.13325124238550842,0.3471356478933466,0.36262530459847164,0.7172160337244344,0.7199418208886311,0.03335442379296449,0.03924373484806447,0.00014401217827610113,0.07717673722688753,0.24795081315986098,-0.028571428571428564,0.5869784891457792,0.6215039873104817,0.031155328304971294,0.05016598011796163,-0.031155328304971294,0.13325124238550842,0.7094400762860122,0.2845474047422306,0.9087486389813729,0.9135827411482949,0.15316719659646866,0.17125867680629123,-0.13862418972350618,0.2903412404284231,0.38146479645882475,0.40606695230977746,0.6151566744179163,0.5959290545114814,0.15399026888975192,0.17148779705835435,-0.13862418972350618,0.2950826698212933,0.3584274397419767,0.2785756312052056,0.6159796683527601,0.5991313896356472
MDS-SMACOF,85,27,81,MDS_SMACOF_completed_p85_rep27_seed81.csv,mds_smacof_outputs/completed_matrices/MDS_SMACOF_completed_p85_rep27_seed81.csv,True,,15,105,27,15,12,0.09602748983709868,scipy.optimize.nnls,1.2142374164,0.6628049527563002,0.5514324636436998,0.4541389156649446,0.8476190476190476,105,89,16,210,missing_p85_rep27_seed81.csv,0.0022497979953186,0.0432108655109817,0.0352679887853372,0.251936237592461,0.1534218590398366,0.0,0.0,method_specific,mds_smacof_outputs/tables/mds_smacof_all_masks_detailed.csv,0.026439375244492587,0.04250539319918641,-0.020423424579396283,0.1544494817,0.4895623945856472,0.5745287379814004,0.6861356628832901,0.5879106688359005,0.023334410895834292,0.03320486408406065,-0.014258053160816695,0.08548231075967863,0.6717359462635879,0.7642857142857141,0.49665356846926495,0.43479777984835666,0.03032058068031544,0.05183522225512368,-0.02813013885262076,0.1544494817,0.09166368554809014,0.07018197256657412,0.9389866910778223,0.8891050333342373,0.1610189162193243,0.1847057042204432,-0.15654375844119867,0.3103518081034111,0.4673992059680044,0.38867924528301884,0.6634580441304283,0.6264778140051018,0.16206131676675228,0.18544223699110537,-0.1565437584411987,0.32444195501825374,0.402601985802529,0.30236367406178727,0.6661036505210046,0.6305334916335669
MDS-SMACOF,85,28,82,MDS_SMACOF_completed_p85_rep28_seed82.csv,mds_smacof_outputs/completed_matrices/MDS_SMACOF_completed_p85_rep28_seed82.csv,True,,15,105,27,15,12,0.12821240837536318,scipy.optimize.nnls,1.2142374164,0.8078911730303174,0.4063462433696826,0.33465139344365424,0.8476190476190476,105,89,16,210,missing_p85_rep28_seed82.csv,0.0029739089950453,0.041011618347237,0.034394844792573,0.2133680041623999,0.3139351275903519,0.0,0.0,method_specific,mds_smacof_outputs/tables/mds_smacof_all_masks_detailed.csv,0.0323351259786688,0.04496641172283122,-0.015049860865543796,0.14881525005878055,0.3371919402427547,0.5346771265255599,0.7258622116573739,0.7190096348805427,0.03186225372386692,0.03711376343702397,-0.0007487765202419196,0.08117016512452427,0.36597063981499417,0.39999999999999997,0.555119966871671,0.5936998899156074,0.03292621629717114,0.05317576155248666,-0.03292621629717114,0.14881525005878055,0.8693116063864738,0.6074270869802968,0.9632703442450706,0.9655113451528428,0.15841710338925732,0.1758668499545401,-0.145508992336993,0.2828270230414271,0.46272697107165167,0.5722371967654986,0.6317091114791058,0.6163549163201454,0.15916992754983164,0.17643110422733124,-0.14550899233699302,0.28319878110431324,0.3939681386461546,0.41691936877388713,0.6337358980247527,0.6192839363726989
MDS-SMACOF,85,29,83,MDS_SMACOF_completed_p85_rep29_seed83.csv,mds_smacof_outputs/completed_matrices/MDS_SMACOF_completed_p85_rep29_seed83.csv,True,,15,105,27,15,12,0.10272383674281872,scipy.optimize.nnls,1.2142374164,0.7982807255489266,0.41595669085107345,0.34256619441386654,0.8476190476190476,105,89,16,210,missing_p85_rep29_seed83.csv,0.0024504860048182,0.0343981415069251,0.0278921624893549,0.4722143235109233,0.3968675519237318,0.0,0.0,method_specific,mds_smacof_outputs/tables/mds_smacof_all_masks_detailed.csv,0.03047311917551907,0.043536669665407084,-0.015405803364854568,0.14960851612016535,0.3804464139625129,0.5511354676940178,0.7027828577098468,0.6776057191339034,0.02793626770130989,0.03342024268902282,-0.0030177867007750844,0.07768231656784533,0.592210704789993,0.682142857142857,0.49987504085522616,0.5205456965681244,0.033644183518280565,0.05355933938872632,-0.030890824194953925,0.14960851612016535,0.03287816780730655,0.3263012027154168,0.9702187948844593,0.9865646447841327,0.1533286530714473,0.1728096639777116,-0.14386944311210054,0.28650426707996746,0.6186225080373174,0.5659340659340659,0.6207277796502368,0.5965572347394728,0.15398434399323563,0.1731956745422006,-0.14386944311210054,0.2907240657847105,0.54818406563829,0.46206717810491393,0.6221143194715728,0.5991083375849634
MDS-SMACOF,85,30,84,MDS_SMACOF_completed_p85_rep30_seed84.csv,mds_smacof_outputs/completed_matrices/MDS_SMACOF_completed_p85_rep30_seed84.csv,True,,15,105,27,15,12,0.11138806897633964,scipy.optimize.nnls,1.2142374164,0.7967992057315549,0.4174382106684451,0.34378631808767335,0.8476190476190476,105,89,16,210,missing_p85_rep30_seed84.csv,0.0024026530008995,0.03311124203567,0.0255632678569699,0.4855160982512099,0.4263023493360572,0.0,0.0,method_specific,mds_smacof_outputs/tables/mds_smacof_all_masks_detailed.csv,0.027627196120212236,0.04204697848779615,-0.015460674469201671,0.14785229402146743,0.43614155978381164,0.5591340772637852,0.6787357858747125,0.6143232659205101,0.025326402482800135,0.03266645397472158,-0.004498673463472767,0.07478568558819948,0.6077981023720772,0.6857142857142856,0.4886004319942526,0.47191521655398927,0.030503188166977366,0.05141996091783257,-0.029163175726362803,0.14785229402146743,0.22017220188849207,0.28852588721813804,0.9314642989268561,0.8944597208722975,0.15103108373446658,0.169790611684281,-0.14068529321986928,0.2814624257672518,0.6600441806588451,0.5843562098279079,0.609883423011763,0.5876180600787997,0.15157086758503976,0.17023118247910674,-0.1406852932198693,0.2855843090217489,0.5723401384939374,0.47496371552975325,0.6114659417491768,0.5897182021905608
