method,pct_missing,replicate,mask_seed,file,edge_id,edge_type,edge_descendant_count,branch_length_ref_ML,branch_length_hat_from_completed_matrix,branch_length_error,branch_length_abs_error
NJstar-STRICT,30,1,55,NJstar_STRICT_completed_p30_rep01_seed55.csv,terminal:T1,terminal,1,0.05696,0.037197701581301965,-0.019762298418698032,0.019762298418698032
NJstar-STRICT,30,1,55,NJstar_STRICT_completed_p30_rep01_seed55.csv,internal:T2|T3,internal,2,0.03472,0.028135529046121602,-0.006584470953878398,0.006584470953878398
NJstar-STRICT,30,1,55,NJstar_STRICT_completed_p30_rep01_seed55.csv,terminal:T2,terminal,1,0.02433,0.020023032009623108,-0.004306967990376893,0.004306967990376893
NJstar-STRICT,30,1,55,NJstar_STRICT_completed_p30_rep01_seed55.csv,terminal:T3,terminal,1,0.02231,0.021009116890546138,-0.0013008831094538618,0.0013008831094538618
NJstar-STRICT,30,1,55,NJstar_STRICT_completed_p30_rep01_seed55.csv,internal:T1|T2|T3,internal,3,0.01863,0.02119113581723956,0.00256113581723956,0.00256113581723956
NJstar-STRICT,30,1,55,NJstar_STRICT_completed_p30_rep01_seed55.csv,terminal:T4,terminal,1,0.07771,0.07015762724545943,-0.0075523727545405706,0.0075523727545405706
NJstar-STRICT,30,1,55,NJstar_STRICT_completed_p30_rep01_seed55.csv,internal:T1|T2|T3|T4,internal,4,0.04682,0.006255461438744667,-0.04056453856125533,0.04056453856125533
NJstar-STRICT,30,1,55,NJstar_STRICT_completed_p30_rep01_seed55.csv,terminal:T5,terminal,1,0.12997,0.07544009935122341,-0.054529900648776594,0.054529900648776594
NJstar-STRICT,30,1,55,NJstar_STRICT_completed_p30_rep01_seed55.csv,internal:T1|T2|T3|T4|T5,internal,5,0.03057,0.0041627542290999945,-0.026407245770900006,0.026407245770900006
NJstar-STRICT,30,1,55,NJstar_STRICT_completed_p30_rep01_seed55.csv,terminal:T6,terminal,1,0.14605,0.08582655509814689,-0.06022344490185312,0.06022344490185312
NJstar-STRICT,30,1,55,NJstar_STRICT_completed_p30_rep01_seed55.csv,internal:T1|T2|T3|T4|T5|T6,internal,6,0.0721,0.023957663452975994,-0.048142336547024,0.048142336547024
NJstar-STRICT,30,1,55,NJstar_STRICT_completed_p30_rep01_seed55.csv,internal:T10|T7|T8|T9,internal,4,0.08603,0.01662628776075847,-0.06940371223924152,0.06940371223924152
NJstar-STRICT,30,1,55,NJstar_STRICT_completed_p30_rep01_seed55.csv,internal:T7|T8|T9,internal,3,0.05128,0.01371398906300039,-0.03756601093699961,0.03756601093699961
NJstar-STRICT,30,1,55,NJstar_STRICT_completed_p30_rep01_seed55.csv,internal:T7|T8,internal,2,0.02354,0.00505649602930475,-0.018483503970695248,0.018483503970695248
NJstar-STRICT,30,1,55,NJstar_STRICT_completed_p30_rep01_seed55.csv,terminal:T7,terminal,1,0.11573,0.07110912219299977,-0.044620877807000234,0.044620877807000234
NJstar-STRICT,30,1,55,NJstar_STRICT_completed_p30_rep01_seed55.csv,terminal:T8,terminal,1,0.11535,0.07589256964232821,-0.03945743035767178,0.03945743035767178
NJstar-STRICT,30,1,55,NJstar_STRICT_completed_p30_rep01_seed55.csv,terminal:T9,terminal,1,0.12153,0.07544999273400248,-0.04608000726599752,0.04608000726599752
NJstar-STRICT,30,1,55,NJstar_STRICT_completed_p30_rep01_seed55.csv,terminal:T10,terminal,1,0.18189,0.09736416819871657,-0.08452583180128342,0.08452583180128342
NJstar-STRICT,30,1,55,NJstar_STRICT_completed_p30_rep01_seed55.csv,internal:T11|T12|T13|T14|T15,internal,5,0.11651,0.022990806874623144,-0.09351919312537686,0.09351919312537686
NJstar-STRICT,30,1,55,NJstar_STRICT_completed_p30_rep01_seed55.csv,internal:T11|T12,internal,2,0.22637,0.0,-0.22637,0.22637
NJstar-STRICT,30,1,55,NJstar_STRICT_completed_p30_rep01_seed55.csv,terminal:T11,terminal,1,0.16094,0.13255105090719554,-0.028388949092804455,0.028388949092804455
NJstar-STRICT,30,1,55,NJstar_STRICT_completed_p30_rep01_seed55.csv,terminal:T12,terminal,1,0.14942,0.12599308192614467,-0.02342691807385533,0.02342691807385533
NJstar-STRICT,30,1,55,NJstar_STRICT_completed_p30_rep01_seed55.csv,internal:T13|T14|T15,internal,3,0.18561,0.005162790556313214,-0.18044720944368678,0.18044720944368678
NJstar-STRICT,30,1,55,NJstar_STRICT_completed_p30_rep01_seed55.csv,terminal:T13,terminal,1,0.32149,0.14071285992009996,-0.18077714007990003,0.18077714007990003
NJstar-STRICT,30,1,55,NJstar_STRICT_completed_p30_rep01_seed55.csv,internal:T14|T15,internal,2,0.07113,0.018285277894586224,-0.05284472210541377,0.05284472210541377
NJstar-STRICT,30,1,55,NJstar_STRICT_completed_p30_rep01_seed55.csv,terminal:T14,terminal,1,0.34439,0.1159121996095959,-0.22847780039040408,0.22847780039040408
NJstar-STRICT,30,1,55,NJstar_STRICT_completed_p30_rep01_seed55.csv,terminal:T15,terminal,1,0.24256,0.11995959217254659,-0.1226004078274534,0.1226004078274534
NJstar-STRICT,30,2,56,NJstar_STRICT_completed_p30_rep02_seed56.csv,terminal:T1,terminal,1,0.05696,0.06448688216577513,0.007526882165775128,0.007526882165775128
NJstar-STRICT,30,2,56,NJstar_STRICT_completed_p30_rep02_seed56.csv,internal:T2|T3,internal,2,0.03472,0.0,-0.03472,0.03472
NJstar-STRICT,30,2,56,NJstar_STRICT_completed_p30_rep02_seed56.csv,terminal:T2,terminal,1,0.02433,0.08484547471798123,0.06051547471798123,0.06051547471798123
NJstar-STRICT,30,2,56,NJstar_STRICT_completed_p30_rep02_seed56.csv,terminal:T3,terminal,1,0.02231,0.06676074649743632,0.04445074649743633,0.04445074649743633
NJstar-STRICT,30,2,56,NJstar_STRICT_completed_p30_rep02_seed56.csv,internal:T1|T2|T3,internal,3,0.01863,0.0,-0.01863,0.01863
NJstar-STRICT,30,2,56,NJstar_STRICT_completed_p30_rep02_seed56.csv,terminal:T4,terminal,1,0.07771,0.0699798360513305,-0.007730163948669502,0.007730163948669502
NJstar-STRICT,30,2,56,NJstar_STRICT_completed_p30_rep02_seed56.csv,internal:T1|T2|T3|T4,internal,4,0.04682,0.005919584239386656,-0.040900415760613346,0.040900415760613346
NJstar-STRICT,30,2,56,NJstar_STRICT_completed_p30_rep02_seed56.csv,terminal:T5,terminal,1,0.12997,0.08322125003088979,-0.046748749969110215,0.046748749969110215
NJstar-STRICT,30,2,56,NJstar_STRICT_completed_p30_rep02_seed56.csv,internal:T1|T2|T3|T4|T5,internal,5,0.03057,0.004546199666628969,-0.026023800333371032,0.026023800333371032
NJstar-STRICT,30,2,56,NJstar_STRICT_completed_p30_rep02_seed56.csv,terminal:T6,terminal,1,0.14605,0.08195690858009502,-0.06409309141990499,0.06409309141990499
NJstar-STRICT,30,2,56,NJstar_STRICT_completed_p30_rep02_seed56.csv,internal:T1|T2|T3|T4|T5|T6,internal,6,0.0721,0.015833404210178564,-0.05626659578982143,0.05626659578982143
NJstar-STRICT,30,2,56,NJstar_STRICT_completed_p30_rep02_seed56.csv,internal:T10|T7|T8|T9,internal,4,0.08603,0.01891821586457468,-0.06711178413542532,0.06711178413542532
NJstar-STRICT,30,2,56,NJstar_STRICT_completed_p30_rep02_seed56.csv,internal:T7|T8|T9,internal,3,0.05128,0.01395311973232247,-0.037326880267677526,0.037326880267677526
NJstar-STRICT,30,2,56,NJstar_STRICT_completed_p30_rep02_seed56.csv,internal:T7|T8,internal,2,0.02354,0.004852090077691764,-0.018687909922308232,0.018687909922308232
NJstar-STRICT,30,2,56,NJstar_STRICT_completed_p30_rep02_seed56.csv,terminal:T7,terminal,1,0.11573,0.07068270615495706,-0.04504729384504294,0.04504729384504294
NJstar-STRICT,30,2,56,NJstar_STRICT_completed_p30_rep02_seed56.csv,terminal:T8,terminal,1,0.11535,0.07631898568037093,-0.03903101431962906,0.03903101431962906
NJstar-STRICT,30,2,56,NJstar_STRICT_completed_p30_rep02_seed56.csv,terminal:T9,terminal,1,0.12153,0.0771942262150766,-0.0443357737849234,0.0443357737849234
NJstar-STRICT,30,2,56,NJstar_STRICT_completed_p30_rep02_seed56.csv,terminal:T10,terminal,1,0.18189,0.09481402595350673,-0.08707597404649327,0.08707597404649327
NJstar-STRICT,30,2,56,NJstar_STRICT_completed_p30_rep02_seed56.csv,internal:T11|T12|T13|T14|T15,internal,5,0.11651,0.021904600352273332,-0.09460539964772667,0.09460539964772667
NJstar-STRICT,30,2,56,NJstar_STRICT_completed_p30_rep02_seed56.csv,internal:T11|T12,internal,2,0.22637,0.04349948798325055,-0.18287051201674945,0.18287051201674945
NJstar-STRICT,30,2,56,NJstar_STRICT_completed_p30_rep02_seed56.csv,terminal:T11,terminal,1,0.16094,0.08887048577802002,-0.07206951422197998,0.07206951422197998
NJstar-STRICT,30,2,56,NJstar_STRICT_completed_p30_rep02_seed56.csv,terminal:T12,terminal,1,0.14942,0.0841186148735053,-0.0653013851264947,0.0653013851264947
NJstar-STRICT,30,2,56,NJstar_STRICT_completed_p30_rep02_seed56.csv,internal:T13|T14|T15,internal,3,0.18561,0.024415366051339815,-0.16119463394866018,0.16119463394866018
NJstar-STRICT,30,2,56,NJstar_STRICT_completed_p30_rep02_seed56.csv,terminal:T13,terminal,1,0.32149,0.12266923172506186,-0.19882076827493814,0.19882076827493814
NJstar-STRICT,30,2,56,NJstar_STRICT_completed_p30_rep02_seed56.csv,internal:T14|T15,internal,2,0.07113,0.00599375052918,-0.06513624947082,0.06513624947082
NJstar-STRICT,30,2,56,NJstar_STRICT_completed_p30_rep02_seed56.csv,terminal:T14,terminal,1,0.34439,0.12195012041304966,-0.22243987958695033,0.22243987958695033
NJstar-STRICT,30,2,56,NJstar_STRICT_completed_p30_rep02_seed56.csv,terminal:T15,terminal,1,0.24256,0.1139216713690928,-0.12863832863090718,0.12863832863090718
NJstar-STRICT,30,3,57,NJstar_STRICT_completed_p30_rep03_seed57.csv,terminal:T1,terminal,1,0.05696,0.042523609212424325,-0.014436390787575672,0.014436390787575672
NJstar-STRICT,30,3,57,NJstar_STRICT_completed_p30_rep03_seed57.csv,internal:T2|T3,internal,2,0.03472,0.02302420379075229,-0.01169579620924771,0.01169579620924771
NJstar-STRICT,30,3,57,NJstar_STRICT_completed_p30_rep03_seed57.csv,terminal:T2,terminal,1,0.02433,0.021202874852091977,-0.003127125147908024,0.003127125147908024
NJstar-STRICT,30,3,57,NJstar_STRICT_completed_p30_rep03_seed57.csv,terminal:T3,terminal,1,0.02231,0.01982927404807717,-0.0024807259519228284,0.0024807259519228284
NJstar-STRICT,30,3,57,NJstar_STRICT_completed_p30_rep03_seed57.csv,internal:T1|T2|T3,internal,3,0.01863,0.007900953258893735,-0.010729046741106266,0.010729046741106266
NJstar-STRICT,30,3,57,NJstar_STRICT_completed_p30_rep03_seed57.csv,terminal:T4,terminal,1,0.07771,0.05400211211024103,-0.023707887889758972,0.023707887889758972
NJstar-STRICT,30,3,57,NJstar_STRICT_completed_p30_rep03_seed57.csv,internal:T1|T2|T3|T4,internal,4,0.04682,0.019176418413295464,-0.027643581586704536,0.027643581586704536
NJstar-STRICT,30,3,57,NJstar_STRICT_completed_p30_rep03_seed57.csv,terminal:T5,terminal,1,0.12997,0.07653538594074465,-0.053434614059255356,0.053434614059255356
NJstar-STRICT,30,3,57,NJstar_STRICT_completed_p30_rep03_seed57.csv,internal:T1|T2|T3|T4|T5,internal,5,0.03057,0.00858825947189496,-0.02198174052810504,0.02198174052810504
NJstar-STRICT,30,3,57,NJstar_STRICT_completed_p30_rep03_seed57.csv,terminal:T6,terminal,1,0.14605,0.08439931462403157,-0.06165068537596845,0.06165068537596845
NJstar-STRICT,30,3,57,NJstar_STRICT_completed_p30_rep03_seed57.csv,internal:T1|T2|T3|T4|T5|T6,internal,6,0.0721,0.02010194729742884,-0.05199805270257116,0.05199805270257116
NJstar-STRICT,30,3,57,NJstar_STRICT_completed_p30_rep03_seed57.csv,internal:T10|T7|T8|T9,internal,4,0.08603,0.0,-0.08603,0.08603
NJstar-STRICT,30,3,57,NJstar_STRICT_completed_p30_rep03_seed57.csv,internal:T7|T8|T9,internal,3,0.05128,0.00010385642768871085,-0.05117614357231129,0.05117614357231129
NJstar-STRICT,30,3,57,NJstar_STRICT_completed_p30_rep03_seed57.csv,internal:T7|T8,internal,2,0.02354,0.035756895954493724,0.012216895954493726,0.012216895954493726
NJstar-STRICT,30,3,57,NJstar_STRICT_completed_p30_rep03_seed57.csv,terminal:T7,terminal,1,0.11573,0.07035501711648405,-0.04537498288351595,0.04537498288351595
NJstar-STRICT,30,3,57,NJstar_STRICT_completed_p30_rep03_seed57.csv,terminal:T8,terminal,1,0.11535,0.07664667471884391,-0.03870332528115608,0.03870332528115608
NJstar-STRICT,30,3,57,NJstar_STRICT_completed_p30_rep03_seed57.csv,terminal:T9,terminal,1,0.12153,0.10861428161429419,-0.012915718385705807,0.012915718385705807
NJstar-STRICT,30,3,57,NJstar_STRICT_completed_p30_rep03_seed57.csv,terminal:T10,terminal,1,0.18189,0.11421476928793131,-0.06767523071206868,0.06767523071206868
NJstar-STRICT,30,3,57,NJstar_STRICT_completed_p30_rep03_seed57.csv,internal:T11|T12|T13|T14|T15,internal,5,0.11651,0.024012295584442737,-0.09249770441555727,0.09249770441555727
NJstar-STRICT,30,3,57,NJstar_STRICT_completed_p30_rep03_seed57.csv,internal:T11|T12,internal,2,0.22637,3.162267133912103e-05,-0.22633837732866086,0.22633837732866086
NJstar-STRICT,30,3,57,NJstar_STRICT_completed_p30_rep03_seed57.csv,terminal:T11,terminal,1,0.16094,0.130127860544677,-0.03081213945532299,0.03081213945532299
NJstar-STRICT,30,3,57,NJstar_STRICT_completed_p30_rep03_seed57.csv,terminal:T12,terminal,1,0.14942,0.12716005207003936,-0.02225994792996064,0.02225994792996064
NJstar-STRICT,30,3,57,NJstar_STRICT_completed_p30_rep03_seed57.csv,internal:T13|T14|T15,internal,3,0.18561,0.023865474812806237,-0.16174452518719376,0.16174452518719376
NJstar-STRICT,30,3,57,NJstar_STRICT_completed_p30_rep03_seed57.csv,terminal:T13,terminal,1,0.32149,0.12017599075890668,-0.20131400924109333,0.20131400924109333
NJstar-STRICT,30,3,57,NJstar_STRICT_completed_p30_rep03_seed57.csv,internal:T14|T15,internal,2,0.07113,0.006132814964473996,-0.064997185035526,0.064997185035526
NJstar-STRICT,30,3,57,NJstar_STRICT_completed_p30_rep03_seed57.csv,terminal:T14,terminal,1,0.34439,0.122140162200811,-0.22224983779918897,0.22224983779918897
NJstar-STRICT,30,3,57,NJstar_STRICT_completed_p30_rep03_seed57.csv,terminal:T15,terminal,1,0.24256,0.11373162958133139,-0.12882837041866863,0.12882837041866863
NJstar-STRICT,30,4,58,NJstar_STRICT_completed_p30_rep04_seed58.csv,terminal:T1,terminal,1,0.05696,0.04203229417371639,-0.014927705826283603,0.014927705826283603
NJstar-STRICT,30,4,58,NJstar_STRICT_completed_p30_rep04_seed58.csv,internal:T2|T3,internal,2,0.03472,0.02330093645370716,-0.011419063546292841,0.011419063546292841
NJstar-STRICT,30,4,58,NJstar_STRICT_completed_p30_rep04_seed58.csv,terminal:T2,terminal,1,0.02433,0.020879337456235995,-0.0034506625437640062,0.0034506625437640062
NJstar-STRICT,30,4,58,NJstar_STRICT_completed_p30_rep04_seed58.csv,terminal:T3,terminal,1,0.02231,0.020152811443933192,-0.002157188556066808,0.002157188556066808
NJstar-STRICT,30,4,58,NJstar_STRICT_completed_p30_rep04_seed58.csv,internal:T1|T2|T3,internal,3,0.01863,0.00807360962040828,-0.010556390379591721,0.010556390379591721
NJstar-STRICT,30,4,58,NJstar_STRICT_completed_p30_rep04_seed58.csv,terminal:T4,terminal,1,0.07771,0.054443674315243176,-0.023266325684756825,0.023266325684756825
NJstar-STRICT,30,4,58,NJstar_STRICT_completed_p30_rep04_seed58.csv,internal:T1|T2|T3|T4,internal,4,0.04682,0.02028214548713948,-0.02653785451286052,0.02653785451286052
NJstar-STRICT,30,4,58,NJstar_STRICT_completed_p30_rep04_seed58.csv,terminal:T5,terminal,1,0.12997,0.07768463966407106,-0.05228536033592894,0.05228536033592894
NJstar-STRICT,30,4,58,NJstar_STRICT_completed_p30_rep04_seed58.csv,internal:T1|T2|T3|T4|T5,internal,5,0.03057,0.007479962507435819,-0.02309003749256418,0.02309003749256418
NJstar-STRICT,30,4,58,NJstar_STRICT_completed_p30_rep04_seed58.csv,terminal:T6,terminal,1,0.14605,0.08470816190084159,-0.06134183809915843,0.06134183809915843
NJstar-STRICT,30,4,58,NJstar_STRICT_completed_p30_rep04_seed58.csv,internal:T1|T2|T3|T4|T5|T6,internal,6,0.0721,0.01993771861109245,-0.05216228138890755,0.05216228138890755
NJstar-STRICT,30,4,58,NJstar_STRICT_completed_p30_rep04_seed58.csv,internal:T10|T7|T8|T9,internal,4,0.08603,0.017553947449429022,-0.06847605255057097,0.06847605255057097
NJstar-STRICT,30,4,58,NJstar_STRICT_completed_p30_rep04_seed58.csv,internal:T7|T8|T9,internal,3,0.05128,0.014452976818350415,-0.036827023181649585,0.036827023181649585
NJstar-STRICT,30,4,58,NJstar_STRICT_completed_p30_rep04_seed58.csv,internal:T7|T8,internal,2,0.02354,0.004167486971539264,-0.019372513028460735,0.019372513028460735
NJstar-STRICT,30,4,58,NJstar_STRICT_completed_p30_rep04_seed58.csv,terminal:T7,terminal,1,0.11573,0.07065363256077954,-0.04507636743922046,0.04507636743922046
NJstar-STRICT,30,4,58,NJstar_STRICT_completed_p30_rep04_seed58.csv,terminal:T8,terminal,1,0.11535,0.07634805927454845,-0.039001940725451545,0.039001940725451545
NJstar-STRICT,30,4,58,NJstar_STRICT_completed_p30_rep04_seed58.csv,terminal:T9,terminal,1,0.12153,0.07633900179176796,-0.04519099820823204,0.04519099820823204
NJstar-STRICT,30,4,58,NJstar_STRICT_completed_p30_rep04_seed58.csv,terminal:T10,terminal,1,0.18189,0.09630084713269924,-0.08558915286730076,0.08558915286730076
NJstar-STRICT,30,4,58,NJstar_STRICT_completed_p30_rep04_seed58.csv,internal:T11|T12|T13|T14|T15,internal,5,0.11651,0.022721449011540825,-0.09378855098845917,0.09378855098845917
NJstar-STRICT,30,4,58,NJstar_STRICT_completed_p30_rep04_seed58.csv,internal:T11|T12,internal,2,0.22637,0.0,-0.22637,0.22637
NJstar-STRICT,30,4,58,NJstar_STRICT_completed_p30_rep04_seed58.csv,terminal:T11,terminal,1,0.16094,0.13042752639376443,-0.030512473606235574,0.030512473606235574
NJstar-STRICT,30,4,58,NJstar_STRICT_completed_p30_rep04_seed58.csv,terminal:T12,terminal,1,0.14942,0.1278798155033063,-0.021540184496693704,0.021540184496693704
NJstar-STRICT,30,4,58,NJstar_STRICT_completed_p30_rep04_seed58.csv,internal:T13|T14|T15,internal,3,0.18561,0.02298610695192579,-0.1626238930480742,0.1626238930480742
NJstar-STRICT,30,4,58,NJstar_STRICT_completed_p30_rep04_seed58.csv,terminal:T13,terminal,1,0.32149,0.12141610920935429,-0.2000738907906457,0.2000738907906457
NJstar-STRICT,30,4,58,NJstar_STRICT_completed_p30_rep04_seed58.csv,internal:T14|T15,internal,2,0.07113,0.0072468730448875945,-0.0638831269551124,0.0638831269551124
NJstar-STRICT,30,4,58,NJstar_STRICT_completed_p30_rep04_seed58.csv,terminal:T14,terminal,1,0.34439,0.12216858618033187,-0.2222214138196681,0.2222214138196681
NJstar-STRICT,30,4,58,NJstar_STRICT_completed_p30_rep04_seed58.csv,terminal:T15,terminal,1,0.24256,0.11370320560181046,-0.12885679439818953,0.12885679439818953
NJstar-STRICT,30,5,59,NJstar_STRICT_completed_p30_rep05_seed59.csv,terminal:T1,terminal,1,0.05696,0.04042589755778363,-0.01653410244221637,0.01653410244221637
NJstar-STRICT,30,5,59,NJstar_STRICT_completed_p30_rep05_seed59.csv,internal:T2|T3,internal,2,0.03472,0.02351104780525847,-0.01120895219474153,0.01120895219474153
NJstar-STRICT,30,5,59,NJstar_STRICT_completed_p30_rep05_seed59.csv,terminal:T2,terminal,1,0.02433,0.021191860477621113,-0.0031381395223788883,0.0031381395223788883
NJstar-STRICT,30,5,59,NJstar_STRICT_completed_p30_rep05_seed59.csv,terminal:T3,terminal,1,0.02231,0.01984028842254808,-0.002469711577451919,0.002469711577451919
NJstar-STRICT,30,5,59,NJstar_STRICT_completed_p30_rep05_seed59.csv,internal:T1|T2|T3,internal,3,0.01863,0.011355608836639993,-0.007274391163360008,0.007274391163360008
NJstar-STRICT,30,5,59,NJstar_STRICT_completed_p30_rep05_seed59.csv,terminal:T4,terminal,1,0.07771,0.05136844605547419,-0.02634155394452581,0.02634155394452581
NJstar-STRICT,30,5,59,NJstar_STRICT_completed_p30_rep05_seed59.csv,internal:T1|T2|T3|T4,internal,4,0.04682,0.0172658365742445,-0.0295541634257555,0.0295541634257555
NJstar-STRICT,30,5,59,NJstar_STRICT_completed_p30_rep05_seed59.csv,terminal:T5,terminal,1,0.12997,0.07867755386536987,-0.05129244613463013,0.05129244613463013
NJstar-STRICT,30,5,59,NJstar_STRICT_completed_p30_rep05_seed59.csv,internal:T1|T2|T3|T4|T5,internal,5,0.03057,0.0046326286255286364,-0.025937371374471364,0.025937371374471364
NJstar-STRICT,30,5,59,NJstar_STRICT_completed_p30_rep05_seed59.csv,terminal:T6,terminal,1,0.14605,0.08187804114046521,-0.0641719588595348,0.0641719588595348
NJstar-STRICT,30,5,59,NJstar_STRICT_completed_p30_rep05_seed59.csv,internal:T1|T2|T3|T4|T5|T6,internal,6,0.0721,0.024535273350038474,-0.047564726649961524,0.047564726649961524
NJstar-STRICT,30,5,59,NJstar_STRICT_completed_p30_rep05_seed59.csv,internal:T10|T7|T8|T9,internal,4,0.08603,0.01271554580445223,-0.07331445419554776,0.07331445419554776
NJstar-STRICT,30,5,59,NJstar_STRICT_completed_p30_rep05_seed59.csv,internal:T7|T8|T9,internal,3,0.05128,0.002782675655355775,-0.048497324344644224,0.048497324344644224
NJstar-STRICT,30,5,59,NJstar_STRICT_completed_p30_rep05_seed59.csv,internal:T7|T8,internal,2,0.02354,0.0,-0.02354,0.02354
NJstar-STRICT,30,5,59,NJstar_STRICT_completed_p30_rep05_seed59.csv,terminal:T7,terminal,1,0.11573,0.09081866161668012,-0.02491133838331988,0.02491133838331988
NJstar-STRICT,30,5,59,NJstar_STRICT_completed_p30_rep05_seed59.csv,terminal:T8,terminal,1,0.11535,0.08900999668647101,-0.02634000331352898,0.02634000331352898
NJstar-STRICT,30,5,59,NJstar_STRICT_completed_p30_rep05_seed59.csv,terminal:T9,terminal,1,0.12153,0.08950812937432966,-0.03202187062567034,0.03202187062567034
NJstar-STRICT,30,5,59,NJstar_STRICT_completed_p30_rep05_seed59.csv,terminal:T10,terminal,1,0.18189,0.09874190505559784,-0.08314809494440216,0.08314809494440216
NJstar-STRICT,30,5,59,NJstar_STRICT_completed_p30_rep05_seed59.csv,internal:T11|T12|T13|T14|T15,internal,5,0.11651,0.024273003346640707,-0.0922369966533593,0.0922369966533593
NJstar-STRICT,30,5,59,NJstar_STRICT_completed_p30_rep05_seed59.csv,internal:T11|T12,internal,2,0.22637,0.042621841366000196,-0.1837481586339998,0.1837481586339998
NJstar-STRICT,30,5,59,NJstar_STRICT_completed_p30_rep05_seed59.csv,terminal:T11,terminal,1,0.16094,0.08902833486425994,-0.07191166513574006,0.07191166513574006
NJstar-STRICT,30,5,59,NJstar_STRICT_completed_p30_rep05_seed59.csv,terminal:T12,terminal,1,0.14942,0.0839607657872654,-0.0654592342127346,0.0654592342127346
NJstar-STRICT,30,5,59,NJstar_STRICT_completed_p30_rep05_seed59.csv,internal:T13|T14|T15,internal,3,0.18561,0.02321143760272358,-0.1623985623972764,0.1623985623972764
NJstar-STRICT,30,5,59,NJstar_STRICT_completed_p30_rep05_seed59.csv,terminal:T13,terminal,1,0.32149,0.12205678387816409,-0.1994332161218359,0.1994332161218359
NJstar-STRICT,30,5,59,NJstar_STRICT_completed_p30_rep05_seed59.csv,internal:T14|T15,internal,2,0.07113,0.0,-0.07113,0.07113
NJstar-STRICT,30,5,59,NJstar_STRICT_completed_p30_rep05_seed59.csv,terminal:T14,terminal,1,0.34439,0.1297495274909869,-0.21464047250901308,0.21464047250901308
NJstar-STRICT,30,5,59,NJstar_STRICT_completed_p30_rep05_seed59.csv,terminal:T15,terminal,1,0.24256,0.12128346890047911,-0.12127653109952088,0.12127653109952088
NJstar-STRICT,30,6,60,NJstar_STRICT_completed_p30_rep06_seed60.csv,terminal:T1,terminal,1,0.05696,0.0418612293514629,-0.015098770648537096,0.015098770648537096
NJstar-STRICT,30,6,60,NJstar_STRICT_completed_p30_rep06_seed60.csv,internal:T2|T3,internal,2,0.03472,0.023472001275960788,-0.011247998724039213,0.011247998724039213
NJstar-STRICT,30,6,60,NJstar_STRICT_completed_p30_rep06_seed60.csv,terminal:T2,terminal,1,0.02433,0.02140670303053553,-0.0029232969694644693,0.0029232969694644693
NJstar-STRICT,30,6,60,NJstar_STRICT_completed_p30_rep06_seed60.csv,terminal:T3,terminal,1,0.02231,0.019625445869633683,-0.002684554130366317,0.002684554130366317
NJstar-STRICT,30,6,60,NJstar_STRICT_completed_p30_rep06_seed60.csv,internal:T1|T2|T3,internal,3,0.01863,0.0075300764350673954,-0.011099923564932605,0.011099923564932605
NJstar-STRICT,30,6,60,NJstar_STRICT_completed_p30_rep06_seed60.csv,terminal:T4,terminal,1,0.07771,0.06257527907555173,-0.015134720924448272,0.015134720924448272
NJstar-STRICT,30,6,60,NJstar_STRICT_completed_p30_rep06_seed60.csv,internal:T1|T2|T3|T4,internal,4,0.04682,0.009171098069132376,-0.037648901930867625,0.037648901930867625
NJstar-STRICT,30,6,60,NJstar_STRICT_completed_p30_rep06_seed60.csv,terminal:T5,terminal,1,0.12997,0.08253910624633337,-0.04743089375366663,0.04743089375366663
NJstar-STRICT,30,6,60,NJstar_STRICT_completed_p30_rep06_seed60.csv,internal:T1|T2|T3|T4|T5,internal,5,0.03057,0.01761517896184552,-0.012954821038154481,0.012954821038154481
NJstar-STRICT,30,6,60,NJstar_STRICT_completed_p30_rep06_seed60.csv,terminal:T6,terminal,1,0.14605,0.0892417053368894,-0.05680829466311062,0.05680829466311062
NJstar-STRICT,30,6,60,NJstar_STRICT_completed_p30_rep06_seed60.csv,internal:T1|T2|T3|T4|T5|T6,internal,6,0.0721,0.016164812803982218,-0.05593518719601778,0.05593518719601778
NJstar-STRICT,30,6,60,NJstar_STRICT_completed_p30_rep06_seed60.csv,internal:T10|T7|T8|T9,internal,4,0.08603,0.01670213679138645,-0.06932786320861355,0.06932786320861355
NJstar-STRICT,30,6,60,NJstar_STRICT_completed_p30_rep06_seed60.csv,internal:T7|T8|T9,internal,3,0.05128,0.0008838195999083721,-0.050396180400091625,0.050396180400091625
NJstar-STRICT,30,6,60,NJstar_STRICT_completed_p30_rep06_seed60.csv,internal:T7|T8,internal,2,0.02354,0.020349065270038366,-0.0031909347299616322,0.0031909347299616322
NJstar-STRICT,30,6,60,NJstar_STRICT_completed_p30_rep06_seed60.csv,terminal:T7,terminal,1,0.11573,0.0683040095807114,-0.047425990419288605,0.047425990419288605
NJstar-STRICT,30,6,60,NJstar_STRICT_completed_p30_rep06_seed60.csv,terminal:T8,terminal,1,0.11535,0.07869768225461653,-0.03665231774538347,0.03665231774538347
NJstar-STRICT,30,6,60,NJstar_STRICT_completed_p30_rep06_seed60.csv,terminal:T9,terminal,1,0.12153,0.08264098726801596,-0.03888901273198404,0.03888901273198404
NJstar-STRICT,30,6,60,NJstar_STRICT_completed_p30_rep06_seed60.csv,terminal:T10,terminal,1,0.18189,0.09760229332331505,-0.08428770667668495,0.08428770667668495
NJstar-STRICT,30,6,60,NJstar_STRICT_completed_p30_rep06_seed60.csv,internal:T11|T12|T13|T14|T15,internal,5,0.11651,0.019625044681746615,-0.09688495531825339,0.09688495531825339
NJstar-STRICT,30,6,60,NJstar_STRICT_completed_p30_rep06_seed60.csv,internal:T11|T12,internal,2,0.22637,0.04743663883866234,-0.17893336116133765,0.17893336116133765
NJstar-STRICT,30,6,60,NJstar_STRICT_completed_p30_rep06_seed60.csv,terminal:T11,terminal,1,0.16094,0.087578175982253,-0.073361824017747,0.073361824017747
NJstar-STRICT,30,6,60,NJstar_STRICT_completed_p30_rep06_seed60.csv,terminal:T12,terminal,1,0.14942,0.0854109246692724,-0.0640090753307276,0.0640090753307276
NJstar-STRICT,30,6,60,NJstar_STRICT_completed_p30_rep06_seed60.csv,internal:T13|T14|T15,internal,3,0.18561,0.01978670049809123,-0.16582329950190877,0.16582329950190877
NJstar-STRICT,30,6,60,NJstar_STRICT_completed_p30_rep06_seed60.csv,terminal:T13,terminal,1,0.32149,0.12697003619826963,-0.19451996380173037,0.19451996380173037
NJstar-STRICT,30,6,60,NJstar_STRICT_completed_p30_rep06_seed60.csv,internal:T14|T15,internal,2,0.07113,0.0016929460559722308,-0.06943705394402777,0.06943705394402777
NJstar-STRICT,30,6,60,NJstar_STRICT_completed_p30_rep06_seed60.csv,terminal:T14,terminal,1,0.34439,0.11324516743882101,-0.23114483256117896,0.23114483256117896
NJstar-STRICT,30,6,60,NJstar_STRICT_completed_p30_rep06_seed60.csv,terminal:T15,terminal,1,0.24256,0.12262662434332135,-0.11993337565667865,0.11993337565667865
NJstar-STRICT,30,7,61,NJstar_STRICT_completed_p30_rep07_seed61.csv,terminal:T1,terminal,1,0.05696,0.052779552051735935,-0.004180447948264061,0.004180447948264061
NJstar-STRICT,30,7,61,NJstar_STRICT_completed_p30_rep07_seed61.csv,internal:T2|T3,internal,2,0.03472,0.0,-0.03472,0.03472
NJstar-STRICT,30,7,61,NJstar_STRICT_completed_p30_rep07_seed61.csv,terminal:T2,terminal,1,0.02433,0.059951321049670415,0.03562132104967042,0.03562132104967042
NJstar-STRICT,30,7,61,NJstar_STRICT_completed_p30_rep07_seed61.csv,terminal:T3,terminal,1,0.02231,0.05696882541726484,0.03465882541726484,0.03465882541726484
NJstar-STRICT,30,7,61,NJstar_STRICT_completed_p30_rep07_seed61.csv,internal:T1|T2|T3,internal,3,0.01863,0.0,-0.01863,0.01863
NJstar-STRICT,30,7,61,NJstar_STRICT_completed_p30_rep07_seed61.csv,terminal:T4,terminal,1,0.07771,0.053027478491893716,-0.024682521508106285,0.024682521508106285
NJstar-STRICT,30,7,61,NJstar_STRICT_completed_p30_rep07_seed61.csv,internal:T1|T2|T3|T4,internal,4,0.04682,0.011667551011768754,-0.03515244898823125,0.03515244898823125
NJstar-STRICT,30,7,61,NJstar_STRICT_completed_p30_rep07_seed61.csv,terminal:T5,terminal,1,0.12997,0.07800594615337188,-0.051964053846628125,0.051964053846628125
NJstar-STRICT,30,7,61,NJstar_STRICT_completed_p30_rep07_seed61.csv,internal:T1|T2|T3|T4|T5,internal,5,0.03057,0.01333317193136397,-0.01723682806863603,0.01723682806863603
NJstar-STRICT,30,7,61,NJstar_STRICT_completed_p30_rep07_seed61.csv,terminal:T6,terminal,1,0.14605,0.08335057572831382,-0.06269942427168619,0.06269942427168619
NJstar-STRICT,30,7,61,NJstar_STRICT_completed_p30_rep07_seed61.csv,internal:T1|T2|T3|T4|T5|T6,internal,6,0.0721,0.020523306599789563,-0.051576693400210434,0.051576693400210434
NJstar-STRICT,30,7,61,NJstar_STRICT_completed_p30_rep07_seed61.csv,internal:T10|T7|T8|T9,internal,4,0.08603,0.013147750256679755,-0.07288224974332023,0.07288224974332023
NJstar-STRICT,30,7,61,NJstar_STRICT_completed_p30_rep07_seed61.csv,internal:T7|T8|T9,internal,3,0.05128,0.010144731567332227,-0.04113526843266777,0.04113526843266777
NJstar-STRICT,30,7,61,NJstar_STRICT_completed_p30_rep07_seed61.csv,internal:T7|T8,internal,2,0.02354,0.011385508193545063,-0.012154491806454936,0.012154491806454936
NJstar-STRICT,30,7,61,NJstar_STRICT_completed_p30_rep07_seed61.csv,terminal:T7,terminal,1,0.11573,0.07109463881491623,-0.044635361185083766,0.044635361185083766
NJstar-STRICT,30,7,61,NJstar_STRICT_completed_p30_rep07_seed61.csv,terminal:T8,terminal,1,0.11535,0.07590705302041173,-0.039442946979588264,0.039442946979588264
NJstar-STRICT,30,7,61,NJstar_STRICT_completed_p30_rep07_seed61.csv,terminal:T9,terminal,1,0.12153,0.06912098056976217,-0.05240901943023783,0.05240901943023783
NJstar-STRICT,30,7,61,NJstar_STRICT_completed_p30_rep07_seed61.csv,terminal:T10,terminal,1,0.18189,0.09875558753437576,-0.08313441246562424,0.08313441246562424
NJstar-STRICT,30,7,61,NJstar_STRICT_completed_p30_rep07_seed61.csv,internal:T11|T12|T13|T14|T15,internal,5,0.11651,0.022778515958817788,-0.09373148404118221,0.09373148404118221
NJstar-STRICT,30,7,61,NJstar_STRICT_completed_p30_rep07_seed61.csv,internal:T11|T12,internal,2,0.22637,0.04455723176265793,-0.18181276823734205,0.18181276823734205
NJstar-STRICT,30,7,61,NJstar_STRICT_completed_p30_rep07_seed61.csv,terminal:T11,terminal,1,0.16094,0.08883188948403625,-0.07210811051596375,0.07210811051596375
NJstar-STRICT,30,7,61,NJstar_STRICT_completed_p30_rep07_seed61.csv,terminal:T12,terminal,1,0.14942,0.08415721116748912,-0.06526278883251088,0.06526278883251088
NJstar-STRICT,30,7,61,NJstar_STRICT_completed_p30_rep07_seed61.csv,internal:T13|T14|T15,internal,3,0.18561,0.021050140772483565,-0.16455985922751643,0.16455985922751643
NJstar-STRICT,30,7,61,NJstar_STRICT_completed_p30_rep07_seed61.csv,terminal:T13,terminal,1,0.32149,0.12244066584278122,-0.19904933415721876,0.19904933415721876
NJstar-STRICT,30,7,61,NJstar_STRICT_completed_p30_rep07_seed61.csv,internal:T14|T15,internal,2,0.07113,0.008893583947966733,-0.06223641605203327,0.06223641605203327
NJstar-STRICT,30,7,61,NJstar_STRICT_completed_p30_rep07_seed61.csv,terminal:T14,terminal,1,0.34439,0.1204330834161692,-0.22395691658383077,0.22395691658383077
NJstar-STRICT,30,7,61,NJstar_STRICT_completed_p30_rep07_seed61.csv,terminal:T15,terminal,1,0.24256,0.1154387083659732,-0.1271212916340268,0.1271212916340268
NJstar-STRICT,30,8,62,NJstar_STRICT_completed_p30_rep08_seed62.csv,terminal:T1,terminal,1,0.05696,0.0416482641456785,-0.015311735854321495,0.015311735854321495
NJstar-STRICT,30,8,62,NJstar_STRICT_completed_p30_rep08_seed62.csv,internal:T2|T3,internal,2,0.03472,0.02368496648174525,-0.011035033518254751,0.011035033518254751
NJstar-STRICT,30,8,62,NJstar_STRICT_completed_p30_rep08_seed62.csv,terminal:T2,terminal,1,0.02433,0.022485041424820138,-0.0018449585751798628,0.0018449585751798628
NJstar-STRICT,30,8,62,NJstar_STRICT_completed_p30_rep08_seed62.csv,terminal:T3,terminal,1,0.02231,0.01854710747534909,-0.00376289252465091,0.00376289252465091
NJstar-STRICT,30,8,62,NJstar_STRICT_completed_p30_rep08_seed62.csv,internal:T1|T2|T3,internal,3,0.01863,0.010242181246514857,-0.008387818753485144,0.008387818753485144
NJstar-STRICT,30,8,62,NJstar_STRICT_completed_p30_rep08_seed62.csv,terminal:T4,terminal,1,0.07771,0.05195847233197643,-0.02575152766802357,0.02575152766802357
NJstar-STRICT,30,8,62,NJstar_STRICT_completed_p30_rep08_seed62.csv,internal:T1|T2|T3|T4,internal,4,0.04682,0.01849892808743369,-0.02832107191256631,0.02832107191256631
NJstar-STRICT,30,8,62,NJstar_STRICT_completed_p30_rep08_seed62.csv,terminal:T5,terminal,1,0.12997,0.07854868354208262,-0.05142131645791738,0.05142131645791738
NJstar-STRICT,30,8,62,NJstar_STRICT_completed_p30_rep08_seed62.csv,internal:T1|T2|T3|T4|T5,internal,5,0.03057,0.014051976316822591,-0.01651802368317741,0.01651802368317741
NJstar-STRICT,30,8,62,NJstar_STRICT_completed_p30_rep08_seed62.csv,terminal:T6,terminal,1,0.14605,0.08225796519864176,-0.06379203480135825,0.06379203480135825
NJstar-STRICT,30,8,62,NJstar_STRICT_completed_p30_rep08_seed62.csv,internal:T1|T2|T3|T4|T5|T6,internal,6,0.0721,0.019625615649882227,-0.05247438435011777,0.05247438435011777
NJstar-STRICT,30,8,62,NJstar_STRICT_completed_p30_rep08_seed62.csv,internal:T10|T7|T8|T9,internal,4,0.08603,0.009955679920382784,-0.07607432007961722,0.07607432007961722
NJstar-STRICT,30,8,62,NJstar_STRICT_completed_p30_rep08_seed62.csv,internal:T7|T8|T9,internal,3,0.05128,0.019406106902004033,-0.031873893097995966,0.031873893097995966
NJstar-STRICT,30,8,62,NJstar_STRICT_completed_p30_rep08_seed62.csv,internal:T7|T8,internal,2,0.02354,0.00312325617514179,-0.020416743824858207,0.020416743824858207
NJstar-STRICT,30,8,62,NJstar_STRICT_completed_p30_rep08_seed62.csv,terminal:T7,terminal,1,0.11573,0.06896082079706169,-0.04676917920293831,0.04676917920293831
NJstar-STRICT,30,8,62,NJstar_STRICT_completed_p30_rep08_seed62.csv,terminal:T8,terminal,1,0.11535,0.07474607932949186,-0.04060392067050814,0.04060392067050814
NJstar-STRICT,30,8,62,NJstar_STRICT_completed_p30_rep08_seed62.csv,terminal:T9,terminal,1,0.12153,0.07903062844255267,-0.04249937155744733,0.04249937155744733
NJstar-STRICT,30,8,62,NJstar_STRICT_completed_p30_rep08_seed62.csv,terminal:T10,terminal,1,0.18189,0.09177078323216052,-0.09011921676783947,0.09011921676783947
NJstar-STRICT,30,8,62,NJstar_STRICT_completed_p30_rep08_seed62.csv,internal:T11|T12|T13|T14|T15,internal,5,0.11651,0.032443917734803485,-0.08406608226519652,0.08406608226519652
NJstar-STRICT,30,8,62,NJstar_STRICT_completed_p30_rep08_seed62.csv,internal:T11|T12,internal,2,0.22637,0.0374053859571464,-0.18896461404285358,0.18896461404285358
NJstar-STRICT,30,8,62,NJstar_STRICT_completed_p30_rep08_seed62.csv,terminal:T11,terminal,1,0.16094,0.08691202580826891,-0.07402797419173109,0.07402797419173109
NJstar-STRICT,30,8,62,NJstar_STRICT_completed_p30_rep08_seed62.csv,terminal:T12,terminal,1,0.14942,0.08607707484325645,-0.06334292515674354,0.06334292515674354
NJstar-STRICT,30,8,62,NJstar_STRICT_completed_p30_rep08_seed62.csv,internal:T13|T14|T15,internal,3,0.18561,0.01384248949404283,-0.17176751050595718,0.17176751050595718
NJstar-STRICT,30,8,62,NJstar_STRICT_completed_p30_rep08_seed62.csv,terminal:T13,terminal,1,0.32149,0.12736154666592453,-0.19412845333407547,0.19412845333407547
NJstar-STRICT,30,8,62,NJstar_STRICT_completed_p30_rep08_seed62.csv,internal:T14|T15,internal,2,0.07113,0.0,-0.07113,0.07113
NJstar-STRICT,30,8,62,NJstar_STRICT_completed_p30_rep08_seed62.csv,terminal:T14,terminal,1,0.34439,0.13671340502683488,-0.2076765949731651,0.2076765949731651
NJstar-STRICT,30,8,62,NJstar_STRICT_completed_p30_rep08_seed62.csv,terminal:T15,terminal,1,0.24256,0.10631697193240885,-0.13624302806759114,0.13624302806759114
NJstar-STRICT,30,9,63,NJstar_STRICT_completed_p30_rep09_seed63.csv,terminal:T1,terminal,1,0.05696,0.052607023815174604,-0.0043529761848253926,0.0043529761848253926
NJstar-STRICT,30,9,63,NJstar_STRICT_completed_p30_rep09_seed63.csv,internal:T2|T3,internal,2,0.03472,0.0,-0.03472,0.03472
NJstar-STRICT,30,9,63,NJstar_STRICT_completed_p30_rep09_seed63.csv,terminal:T2,terminal,1,0.02433,0.044042346952477614,0.019712346952477613,0.019712346952477613
NJstar-STRICT,30,9,63,NJstar_STRICT_completed_p30_rep09_seed63.csv,terminal:T3,terminal,1,0.02231,0.04859581347865322,0.026285813478653223,0.026285813478653223
NJstar-STRICT,30,9,63,NJstar_STRICT_completed_p30_rep09_seed63.csv,internal:T1|T2|T3,internal,3,0.01863,0.001276159053297249,-0.017353840946702753,0.017353840946702753
NJstar-STRICT,30,9,63,NJstar_STRICT_completed_p30_rep09_seed63.csv,terminal:T4,terminal,1,0.07771,0.05585954844620509,-0.021850451553794913,0.021850451553794913
NJstar-STRICT,30,9,63,NJstar_STRICT_completed_p30_rep09_seed63.csv,internal:T1|T2|T3|T4,internal,4,0.04682,0.029026150097206323,-0.017793849902793677,0.017793849902793677
NJstar-STRICT,30,9,63,NJstar_STRICT_completed_p30_rep09_seed63.csv,terminal:T5,terminal,1,0.12997,0.06967810042064955,-0.06029189957935045,0.06029189957935045
NJstar-STRICT,30,9,63,NJstar_STRICT_completed_p30_rep09_seed63.csv,internal:T1|T2|T3|T4|T5,internal,5,0.03057,0.013989170128002907,-0.01658082987199709,0.01658082987199709
NJstar-STRICT,30,9,63,NJstar_STRICT_completed_p30_rep09_seed63.csv,terminal:T6,terminal,1,0.14605,0.08603747583165947,-0.06001252416834055,0.06001252416834055
NJstar-STRICT,30,9,63,NJstar_STRICT_completed_p30_rep09_seed63.csv,internal:T1|T2|T3|T4|T5|T6,internal,6,0.0721,0.017959830041969,-0.054140169958031,0.054140169958031
NJstar-STRICT,30,9,63,NJstar_STRICT_completed_p30_rep09_seed63.csv,internal:T10|T7|T8|T9,internal,4,0.08603,0.02370060682506428,-0.062329393174935716,0.062329393174935716
NJstar-STRICT,30,9,63,NJstar_STRICT_completed_p30_rep09_seed63.csv,internal:T7|T8|T9,internal,3,0.05128,0.008466106055625379,-0.04281389394437462,0.04281389394437462
NJstar-STRICT,30,9,63,NJstar_STRICT_completed_p30_rep09_seed63.csv,internal:T7|T8,internal,2,0.02354,0.0,-0.02354,0.02354
NJstar-STRICT,30,9,63,NJstar_STRICT_completed_p30_rep09_seed63.csv,terminal:T7,terminal,1,0.11573,0.0755447894572393,-0.040185210542760696,0.040185210542760696
NJstar-STRICT,30,9,63,NJstar_STRICT_completed_p30_rep09_seed63.csv,terminal:T8,terminal,1,0.11535,0.08360416099542219,-0.03174583900457781,0.03174583900457781
NJstar-STRICT,30,9,63,NJstar_STRICT_completed_p30_rep09_seed63.csv,terminal:T9,terminal,1,0.12153,0.07908241427545847,-0.042447585724541534,0.042447585724541534
NJstar-STRICT,30,9,63,NJstar_STRICT_completed_p30_rep09_seed63.csv,terminal:T10,terminal,1,0.18189,0.09554822491564151,-0.08634177508435849,0.08634177508435849
NJstar-STRICT,30,9,63,NJstar_STRICT_completed_p30_rep09_seed63.csv,internal:T11|T12|T13|T14|T15,internal,5,0.11651,0.014247144123401287,-0.10226285587659871,0.10226285587659871
NJstar-STRICT,30,9,63,NJstar_STRICT_completed_p30_rep09_seed63.csv,internal:T11|T12,internal,2,0.22637,0.04307287326737283,-0.18329712673262716,0.18329712673262716
NJstar-STRICT,30,9,63,NJstar_STRICT_completed_p30_rep09_seed63.csv,terminal:T11,terminal,1,0.16094,0.08322341991824928,-0.07771658008175072,0.07771658008175072
NJstar-STRICT,30,9,63,NJstar_STRICT_completed_p30_rep09_seed63.csv,terminal:T12,terminal,1,0.14942,0.08976568073327602,-0.059654319266723974,0.059654319266723974
NJstar-STRICT,30,9,63,NJstar_STRICT_completed_p30_rep09_seed63.csv,internal:T13|T14|T15,internal,3,0.18561,0.031741206414229256,-0.15386879358577074,0.15386879358577074
NJstar-STRICT,30,9,63,NJstar_STRICT_completed_p30_rep09_seed63.csv,terminal:T13,terminal,1,0.32149,0.12451954019057074,-0.19697045980942926,0.19697045980942926
NJstar-STRICT,30,9,63,NJstar_STRICT_completed_p30_rep09_seed63.csv,internal:T14|T15,internal,2,0.07113,0.0068203692485680565,-0.06430963075143194,0.06430963075143194
NJstar-STRICT,30,9,63,NJstar_STRICT_completed_p30_rep09_seed63.csv,terminal:T14,terminal,1,0.34439,0.12327379156943001,-0.22111620843056995,0.22111620843056995
NJstar-STRICT,30,9,63,NJstar_STRICT_completed_p30_rep09_seed63.csv,terminal:T15,terminal,1,0.24256,0.1125980002127124,-0.1299619997872876,0.1299619997872876
NJstar-STRICT,30,10,64,NJstar_STRICT_completed_p30_rep10_seed64.csv,terminal:T1,terminal,1,0.05696,0.06431120372816106,0.00735120372816106,0.00735120372816106
NJstar-STRICT,30,10,64,NJstar_STRICT_completed_p30_rep10_seed64.csv,internal:T2|T3,internal,2,0.03472,0.0,-0.03472,0.03472
NJstar-STRICT,30,10,64,NJstar_STRICT_completed_p30_rep10_seed64.csv,terminal:T2,terminal,1,0.02433,0.07144696456088305,0.047116964560883046,0.047116964560883046
NJstar-STRICT,30,10,64,NJstar_STRICT_completed_p30_rep10_seed64.csv,terminal:T3,terminal,1,0.02231,0.07025001594484907,0.047940015944849076,0.047940015944849076
NJstar-STRICT,30,10,64,NJstar_STRICT_completed_p30_rep10_seed64.csv,internal:T1|T2|T3,internal,3,0.01863,0.00756115481686455,-0.011068845183135452,0.011068845183135452
NJstar-STRICT,30,10,64,NJstar_STRICT_completed_p30_rep10_seed64.csv,terminal:T4,terminal,1,0.07771,0.08140200782425114,0.0036920078242511367,0.0036920078242511367
NJstar-STRICT,30,10,64,NJstar_STRICT_completed_p30_rep10_seed64.csv,internal:T1|T2|T3|T4,internal,4,0.04682,0.0,-0.04682,0.04682
NJstar-STRICT,30,10,64,NJstar_STRICT_completed_p30_rep10_seed64.csv,terminal:T5,terminal,1,0.12997,0.08168072999283534,-0.04828927000716467,0.04828927000716467
NJstar-STRICT,30,10,64,NJstar_STRICT_completed_p30_rep10_seed64.csv,internal:T1|T2|T3|T4|T5,internal,5,0.03057,0.0037140052780762116,-0.02685599472192379,0.02685599472192379
NJstar-STRICT,30,10,64,NJstar_STRICT_completed_p30_rep10_seed64.csv,terminal:T6,terminal,1,0.14605,0.0838021288862948,-0.06224787111370521,0.06224787111370521
NJstar-STRICT,30,10,64,NJstar_STRICT_completed_p30_rep10_seed64.csv,internal:T1|T2|T3|T4|T5|T6,internal,6,0.0721,0.017784277153412013,-0.054315722846587984,0.054315722846587984
NJstar-STRICT,30,10,64,NJstar_STRICT_completed_p30_rep10_seed64.csv,internal:T10|T7|T8|T9,internal,4,0.08603,0.01817111851115598,-0.06785888148884402,0.06785888148884402
NJstar-STRICT,30,10,64,NJstar_STRICT_completed_p30_rep10_seed64.csv,internal:T7|T8|T9,internal,3,0.05128,0.01560506757914389,-0.035674932420856106,0.035674932420856106
NJstar-STRICT,30,10,64,NJstar_STRICT_completed_p30_rep10_seed64.csv,internal:T7|T8,internal,2,0.02354,0.004638922233594773,-0.018901077766405226,0.018901077766405226
NJstar-STRICT,30,10,64,NJstar_STRICT_completed_p30_rep10_seed64.csv,terminal:T7,terminal,1,0.11573,0.0707723918000585,-0.044957608199941504,0.044957608199941504
NJstar-STRICT,30,10,64,NJstar_STRICT_completed_p30_rep10_seed64.csv,terminal:T8,terminal,1,0.11535,0.07622930003526943,-0.03912069996473057,0.03912069996473057
NJstar-STRICT,30,10,64,NJstar_STRICT_completed_p30_rep10_seed64.csv,terminal:T9,terminal,1,0.12153,0.07586756652971251,-0.04566243347028749,0.04566243347028749
NJstar-STRICT,30,10,64,NJstar_STRICT_completed_p30_rep10_seed64.csv,terminal:T10,terminal,1,0.18189,0.09561228094780976,-0.08627771905219024,0.08627771905219024
NJstar-STRICT,30,10,64,NJstar_STRICT_completed_p30_rep10_seed64.csv,internal:T11|T12|T13|T14|T15,internal,5,0.11651,0.017779610355250983,-0.09873038964474902,0.09873038964474902
NJstar-STRICT,30,10,64,NJstar_STRICT_completed_p30_rep10_seed64.csv,internal:T11|T12,internal,2,0.22637,0.0,-0.22637,0.22637
NJstar-STRICT,30,10,64,NJstar_STRICT_completed_p30_rep10_seed64.csv,terminal:T11,terminal,1,0.16094,0.13651519642149193,-0.02442480357850807,0.02442480357850807
NJstar-STRICT,30,10,64,NJstar_STRICT_completed_p30_rep10_seed64.csv,terminal:T12,terminal,1,0.14942,0.12699545289811812,-0.02242454710188188,0.02242454710188188
NJstar-STRICT,30,10,64,NJstar_STRICT_completed_p30_rep10_seed64.csv,internal:T13|T14|T15,internal,3,0.18561,0.02855067241586139,-0.1570593275841386,0.1570593275841386
NJstar-STRICT,30,10,64,NJstar_STRICT_completed_p30_rep10_seed64.csv,terminal:T13,terminal,1,0.32149,0.12078038953469018,-0.20070961046530983,0.20070961046530983
NJstar-STRICT,30,10,64,NJstar_STRICT_completed_p30_rep10_seed64.csv,internal:T14|T15,internal,2,0.07113,0.004976484753028102,-0.0661535152469719,0.0661535152469719
NJstar-STRICT,30,10,64,NJstar_STRICT_completed_p30_rep10_seed64.csv,terminal:T14,terminal,1,0.34439,0.12209763012946312,-0.22229236987053685,0.22229236987053685
NJstar-STRICT,30,10,64,NJstar_STRICT_completed_p30_rep10_seed64.csv,terminal:T15,terminal,1,0.24256,0.11377416165267924,-0.12878583834732077,0.12878583834732077
NJstar-STRICT,30,11,65,NJstar_STRICT_completed_p30_rep11_seed65.csv,terminal:T1,terminal,1,0.05696,0.04200198647808067,-0.014958013521919326,0.014958013521919326
NJstar-STRICT,30,11,65,NJstar_STRICT_completed_p30_rep11_seed65.csv,internal:T2|T3,internal,2,0.03472,0.023331244149343067,-0.011388755850656934,0.011388755850656934
NJstar-STRICT,30,11,65,NJstar_STRICT_completed_p30_rep11_seed65.csv,terminal:T2,terminal,1,0.02433,0.02095775450850105,-0.003372245491498952,0.003372245491498952
NJstar-STRICT,30,11,65,NJstar_STRICT_completed_p30_rep11_seed65.csv,terminal:T3,terminal,1,0.02231,0.02007439439166812,-0.0022356056083318795,0.0022356056083318795
NJstar-STRICT,30,11,65,NJstar_STRICT_completed_p30_rep11_seed65.csv,internal:T1|T2|T3,internal,3,0.01863,0.007384441515301217,-0.011245558484698784,0.011245558484698784
NJstar-STRICT,30,11,65,NJstar_STRICT_completed_p30_rep11_seed65.csv,terminal:T4,terminal,1,0.07771,0.05493411950732418,-0.022775880492675822,0.022775880492675822
NJstar-STRICT,30,11,65,NJstar_STRICT_completed_p30_rep11_seed65.csv,internal:T1|T2|T3|T4,internal,4,0.04682,0.02385922676896892,-0.02296077323103108,0.02296077323103108
NJstar-STRICT,30,11,65,NJstar_STRICT_completed_p30_rep11_seed65.csv,terminal:T5,terminal,1,0.12997,0.07386700039657046,-0.05610299960342954,0.05610299960342954
NJstar-STRICT,30,11,65,NJstar_STRICT_completed_p30_rep11_seed65.csv,internal:T1|T2|T3|T4|T5,internal,5,0.03057,0.0034629925947760555,-0.027107007405223944,0.027107007405223944
NJstar-STRICT,30,11,65,NJstar_STRICT_completed_p30_rep11_seed65.csv,terminal:T6,terminal,1,0.14605,0.08358683220442983,-0.06246316779557018,0.06246316779557018
NJstar-STRICT,30,11,65,NJstar_STRICT_completed_p30_rep11_seed65.csv,internal:T1|T2|T3|T4|T5|T6,internal,6,0.0721,0.022717455235123786,-0.04938254476487621,0.04938254476487621
NJstar-STRICT,30,11,65,NJstar_STRICT_completed_p30_rep11_seed65.csv,internal:T10|T7|T8|T9,internal,4,0.08603,0.009060656966532306,-0.0769693430334677,0.0769693430334677
NJstar-STRICT,30,11,65,NJstar_STRICT_completed_p30_rep11_seed65.csv,internal:T7|T8|T9,internal,3,0.05128,0.0,-0.05128,0.05128
NJstar-STRICT,30,11,65,NJstar_STRICT_completed_p30_rep11_seed65.csv,internal:T7|T8,internal,2,0.02354,0.0,-0.02354,0.02354
NJstar-STRICT,30,11,65,NJstar_STRICT_completed_p30_rep11_seed65.csv,terminal:T7,terminal,1,0.11573,0.0942750531396549,-0.021454946860345103,0.021454946860345103
NJstar-STRICT,30,11,65,NJstar_STRICT_completed_p30_rep11_seed65.csv,terminal:T8,terminal,1,0.11535,0.10773006962605246,-0.007619930373947537,0.007619930373947537
NJstar-STRICT,30,11,65,NJstar_STRICT_completed_p30_rep11_seed65.csv,terminal:T9,terminal,1,0.12153,0.09612531939862454,-0.025404680601375462,0.025404680601375462
NJstar-STRICT,30,11,65,NJstar_STRICT_completed_p30_rep11_seed65.csv,terminal:T10,terminal,1,0.18189,0.10494754684808398,-0.07694245315191602,0.07694245315191602
NJstar-STRICT,30,11,65,NJstar_STRICT_completed_p30_rep11_seed65.csv,internal:T11|T12|T13|T14|T15,internal,5,0.11651,0.022600226126923202,-0.09390977387307681,0.09390977387307681
NJstar-STRICT,30,11,65,NJstar_STRICT_completed_p30_rep11_seed65.csv,internal:T11|T12,internal,2,0.22637,0.043387652675171064,-0.18298234732482893,0.18298234732482893
NJstar-STRICT,30,11,65,NJstar_STRICT_completed_p30_rep11_seed65.csv,terminal:T11,terminal,1,0.16094,0.0866136760892795,-0.0743263239107205,0.0743263239107205
NJstar-STRICT,30,11,65,NJstar_STRICT_completed_p30_rep11_seed65.csv,terminal:T12,terminal,1,0.14942,0.08637542456224578,-0.06304457543775421,0.06304457543775421
NJstar-STRICT,30,11,65,NJstar_STRICT_completed_p30_rep11_seed65.csv,internal:T13|T14|T15,internal,3,0.18561,0.02261911854305499,-0.162990881456945,0.162990881456945
NJstar-STRICT,30,11,65,NJstar_STRICT_completed_p30_rep11_seed65.csv,terminal:T13,terminal,1,0.32149,0.1204437232482996,-0.2010462767517004,0.2010462767517004
NJstar-STRICT,30,11,65,NJstar_STRICT_completed_p30_rep11_seed65.csv,internal:T14|T15,internal,2,0.07113,0.008219259005942243,-0.06291074099405776,0.06291074099405776
NJstar-STRICT,30,11,65,NJstar_STRICT_completed_p30_rep11_seed65.csv,terminal:T14,terminal,1,0.34439,0.12177002154203913,-0.22261997845796083,0.22261997845796083
NJstar-STRICT,30,11,65,NJstar_STRICT_completed_p30_rep11_seed65.csv,terminal:T15,terminal,1,0.24256,0.11410177024010325,-0.12845822975989674,0.12845822975989674
NJstar-STRICT,30,12,66,NJstar_STRICT_completed_p30_rep12_seed66.csv,terminal:T1,terminal,1,0.05696,0.039017615483288366,-0.01794238451671163,0.01794238451671163
NJstar-STRICT,30,12,66,NJstar_STRICT_completed_p30_rep12_seed66.csv,internal:T2|T3,internal,2,0.03472,0.02671533454392414,-0.008004665456075862,0.008004665456075862
NJstar-STRICT,30,12,66,NJstar_STRICT_completed_p30_rep12_seed66.csv,terminal:T2,terminal,1,0.02433,0.02003968281856156,-0.0042903171814384425,0.0042903171814384425
NJstar-STRICT,30,12,66,NJstar_STRICT_completed_p30_rep12_seed66.csv,terminal:T3,terminal,1,0.02231,0.02099246608160759,-0.00131753391839241,0.00131753391839241
NJstar-STRICT,30,12,66,NJstar_STRICT_completed_p30_rep12_seed66.csv,internal:T1|T2|T3,internal,3,0.01863,0.03430290634046024,0.015672906340460237,0.015672906340460237
NJstar-STRICT,30,12,66,NJstar_STRICT_completed_p30_rep12_seed66.csv,terminal:T4,terminal,1,0.07771,0.083943939946943,0.006233939946943004,0.006233939946943004
NJstar-STRICT,30,12,66,NJstar_STRICT_completed_p30_rep12_seed66.csv,internal:T1|T2|T3|T4,internal,4,0.04682,0.0,-0.04682,0.04682
NJstar-STRICT,30,12,66,NJstar_STRICT_completed_p30_rep12_seed66.csv,terminal:T5,terminal,1,0.12997,0.07282507397323594,-0.05714492602676406,0.05714492602676406
NJstar-STRICT,30,12,66,NJstar_STRICT_completed_p30_rep12_seed66.csv,internal:T1|T2|T3|T4|T5,internal,5,0.03057,0.0022221688026636288,-0.02834783119733637,0.02834783119733637
NJstar-STRICT,30,12,66,NJstar_STRICT_completed_p30_rep12_seed66.csv,terminal:T6,terminal,1,0.14605,0.0792796352476204,-0.06677036475237962,0.06677036475237962
NJstar-STRICT,30,12,66,NJstar_STRICT_completed_p30_rep12_seed66.csv,internal:T1|T2|T3|T4|T5|T6,internal,6,0.0721,0.024200268393662423,-0.04789973160633758,0.04789973160633758
NJstar-STRICT,30,12,66,NJstar_STRICT_completed_p30_rep12_seed66.csv,internal:T10|T7|T8|T9,internal,4,0.08603,0.021288127916707214,-0.06474187208329278,0.06474187208329278
NJstar-STRICT,30,12,66,NJstar_STRICT_completed_p30_rep12_seed66.csv,internal:T7|T8|T9,internal,3,0.05128,0.015519893060826994,-0.035760106939173,0.035760106939173
NJstar-STRICT,30,12,66,NJstar_STRICT_completed_p30_rep12_seed66.csv,internal:T7|T8,internal,2,0.02354,0.004915974922884433,-0.018624025077115566,0.018624025077115566
NJstar-STRICT,30,12,66,NJstar_STRICT_completed_p30_rep12_seed66.csv,terminal:T7,terminal,1,0.11573,0.07065835115254421,-0.04507164884745579,0.04507164884745579
NJstar-STRICT,30,12,66,NJstar_STRICT_completed_p30_rep12_seed66.csv,terminal:T8,terminal,1,0.11535,0.07634334068278381,-0.03900665931721618,0.03900665931721618
NJstar-STRICT,30,12,66,NJstar_STRICT_completed_p30_rep12_seed66.csv,terminal:T9,terminal,1,0.12153,0.07559051384042277,-0.04593948615957723,0.04593948615957723
NJstar-STRICT,30,12,66,NJstar_STRICT_completed_p30_rep12_seed66.csv,terminal:T10,terminal,1,0.18189,0.09560510456969676,-0.08628489543030324,0.08628489543030324
NJstar-STRICT,30,12,66,NJstar_STRICT_completed_p30_rep12_seed66.csv,internal:T11|T12|T13|T14|T15,internal,5,0.11651,0.017076357175248892,-0.09943364282475112,0.09943364282475112
NJstar-STRICT,30,12,66,NJstar_STRICT_completed_p30_rep12_seed66.csv,internal:T11|T12,internal,2,0.22637,0.038623234080667396,-0.1877467659193326,0.1877467659193326
NJstar-STRICT,30,12,66,NJstar_STRICT_completed_p30_rep12_seed66.csv,terminal:T11,terminal,1,0.16094,0.08385194866862516,-0.07708805133137484,0.07708805133137484
NJstar-STRICT,30,12,66,NJstar_STRICT_completed_p30_rep12_seed66.csv,terminal:T12,terminal,1,0.14942,0.08913715198290013,-0.06028284801709986,0.06028284801709986
NJstar-STRICT,30,12,66,NJstar_STRICT_completed_p30_rep12_seed66.csv,internal:T13|T14|T15,internal,3,0.18561,0.027024033552449145,-0.15858596644755085,0.15858596644755085
NJstar-STRICT,30,12,66,NJstar_STRICT_completed_p30_rep12_seed66.csv,terminal:T13,terminal,1,0.32149,0.12101452082995287,-0.20047547917004713,0.20047547917004713
NJstar-STRICT,30,12,66,NJstar_STRICT_completed_p30_rep12_seed66.csv,internal:T14|T15,internal,2,0.07113,0.007648461424288987,-0.06348153857571101,0.06348153857571101
NJstar-STRICT,30,12,66,NJstar_STRICT_completed_p30_rep12_seed66.csv,terminal:T14,terminal,1,0.34439,0.12319078827145327,-0.2211992117285467,0.2211992117285467
NJstar-STRICT,30,12,66,NJstar_STRICT_completed_p30_rep12_seed66.csv,terminal:T15,terminal,1,0.24256,0.11268100351068912,-0.1298789964893109,0.1298789964893109
NJstar-STRICT,30,13,67,NJstar_STRICT_completed_p30_rep13_seed67.csv,terminal:T1,terminal,1,0.05696,0.060343458738860364,0.0033834587388603676,0.0033834587388603676
NJstar-STRICT,30,13,67,NJstar_STRICT_completed_p30_rep13_seed67.csv,internal:T2|T3,internal,2,0.03472,0.0,-0.03472,0.03472
NJstar-STRICT,30,13,67,NJstar_STRICT_completed_p30_rep13_seed67.csv,terminal:T2,terminal,1,0.02433,0.06854003125568271,0.04421003125568271,0.04421003125568271
NJstar-STRICT,30,13,67,NJstar_STRICT_completed_p30_rep13_seed67.csv,terminal:T3,terminal,1,0.02231,0.06061562500046414,0.03830562500046414,0.03830562500046414
NJstar-STRICT,30,13,67,NJstar_STRICT_completed_p30_rep13_seed67.csv,internal:T1|T2|T3,internal,3,0.01863,0.007427808606719464,-0.011202191393280537,0.011202191393280537
NJstar-STRICT,30,13,67,NJstar_STRICT_completed_p30_rep13_seed67.csv,terminal:T4,terminal,1,0.07771,0.07598927440349557,-0.0017207255965044355,0.0017207255965044355
NJstar-STRICT,30,13,67,NJstar_STRICT_completed_p30_rep13_seed67.csv,internal:T1|T2|T3|T4,internal,4,0.04682,0.0,-0.04682,0.04682
NJstar-STRICT,30,13,67,NJstar_STRICT_completed_p30_rep13_seed67.csv,terminal:T5,terminal,1,0.12997,0.07626539943407197,-0.05370460056592803,0.05370460056592803
NJstar-STRICT,30,13,67,NJstar_STRICT_completed_p30_rep13_seed67.csv,internal:T1|T2|T3|T4|T5,internal,5,0.03057,0.009826083426651963,-0.020743916573348037,0.020743916573348037
NJstar-STRICT,30,13,67,NJstar_STRICT_completed_p30_rep13_seed67.csv,terminal:T6,terminal,1,0.14605,0.08380242599347175,-0.062247574006528264,0.062247574006528264
NJstar-STRICT,30,13,67,NJstar_STRICT_completed_p30_rep13_seed67.csv,internal:T1|T2|T3|T4|T5|T6,internal,6,0.0721,0.019663154926854547,-0.05243684507314545,0.05243684507314545
NJstar-STRICT,30,13,67,NJstar_STRICT_completed_p30_rep13_seed67.csv,internal:T10|T7|T8|T9,internal,4,0.08603,0.016970467578333284,-0.06905953242166671,0.06905953242166671
NJstar-STRICT,30,13,67,NJstar_STRICT_completed_p30_rep13_seed67.csv,internal:T7|T8|T9,internal,3,0.05128,0.015854206748876935,-0.035425793251123064,0.035425793251123064
NJstar-STRICT,30,13,67,NJstar_STRICT_completed_p30_rep13_seed67.csv,internal:T7|T8,internal,2,0.02354,0.004441114780436933,-0.019098885219563065,0.019098885219563065
NJstar-STRICT,30,13,67,NJstar_STRICT_completed_p30_rep13_seed67.csv,terminal:T7,terminal,1,0.11573,0.06999836140414327,-0.04573163859585673,0.04573163859585673
NJstar-STRICT,30,13,67,NJstar_STRICT_completed_p30_rep13_seed67.csv,terminal:T8,terminal,1,0.11535,0.07700333043118462,-0.03834666956881537,0.03834666956881537
NJstar-STRICT,30,13,67,NJstar_STRICT_completed_p30_rep13_seed67.csv,terminal:T9,terminal,1,0.12153,0.0760653739828703,-0.045464626017129695,0.045464626017129695
NJstar-STRICT,30,13,67,NJstar_STRICT_completed_p30_rep13_seed67.csv,terminal:T10,terminal,1,0.18189,0.095429077595796,-0.086460922404204,0.086460922404204
NJstar-STRICT,30,13,67,NJstar_STRICT_completed_p30_rep13_seed67.csv,internal:T11|T12|T13|T14|T15,internal,5,0.11651,0.01807077336685806,-0.09843922663314195,0.09843922663314195
NJstar-STRICT,30,13,67,NJstar_STRICT_completed_p30_rep13_seed67.csv,internal:T11|T12,internal,2,0.22637,0.0,-0.22637,0.22637
NJstar-STRICT,30,13,67,NJstar_STRICT_completed_p30_rep13_seed67.csv,terminal:T11,terminal,1,0.16094,0.13548709347230417,-0.02545290652769583,0.02545290652769583
NJstar-STRICT,30,13,67,NJstar_STRICT_completed_p30_rep13_seed67.csv,terminal:T12,terminal,1,0.14942,0.12604914754425287,-0.023370852455747132,0.023370852455747132
NJstar-STRICT,30,13,67,NJstar_STRICT_completed_p30_rep13_seed67.csv,internal:T13|T14|T15,internal,3,0.18561,0.02644430257040717,-0.15916569742959283,0.15916569742959283
NJstar-STRICT,30,13,67,NJstar_STRICT_completed_p30_rep13_seed67.csv,terminal:T13,terminal,1,0.32149,0.12187983740485143,-0.19961016259514858,0.19961016259514858
NJstar-STRICT,30,13,67,NJstar_STRICT_completed_p30_rep13_seed67.csv,internal:T14|T15,internal,2,0.07113,0.006783144849390437,-0.06434685515060956,0.06434685515060956
NJstar-STRICT,30,13,67,NJstar_STRICT_completed_p30_rep13_seed67.csv,terminal:T14,terminal,1,0.34439,0.12184930770166309,-0.2225406922983369,0.2225406922983369
NJstar-STRICT,30,13,67,NJstar_STRICT_completed_p30_rep13_seed67.csv,terminal:T15,terminal,1,0.24256,0.11402248408047926,-0.12853751591952073,0.12853751591952073
NJstar-STRICT,30,14,68,NJstar_STRICT_completed_p30_rep14_seed68.csv,terminal:T1,terminal,1,0.05696,0.0412825104785547,-0.0156774895214453,0.0156774895214453
NJstar-STRICT,30,14,68,NJstar_STRICT_completed_p30_rep14_seed68.csv,internal:T2|T3,internal,2,0.03472,0.02405072014886895,-0.010669279851131051,0.010669279851131051
NJstar-STRICT,30,14,68,NJstar_STRICT_completed_p30_rep14_seed68.csv,terminal:T2,terminal,1,0.02433,0.020823400320517958,-0.0035065996794820427,0.0035065996794820427
NJstar-STRICT,30,14,68,NJstar_STRICT_completed_p30_rep14_seed68.csv,terminal:T3,terminal,1,0.02231,0.02020874857965122,-0.0021012514203487785,0.0021012514203487785
NJstar-STRICT,30,14,68,NJstar_STRICT_completed_p30_rep14_seed68.csv,internal:T1|T2|T3,internal,3,0.01863,0.008758760725879517,-0.009871239274120484,0.009871239274120484
NJstar-STRICT,30,14,68,NJstar_STRICT_completed_p30_rep14_seed68.csv,terminal:T4,terminal,1,0.07771,0.0562473973005441,-0.0214626026994559,0.0214626026994559
NJstar-STRICT,30,14,68,NJstar_STRICT_completed_p30_rep14_seed68.csv,internal:T1|T2|T3|T4,internal,4,0.04682,0.019894403177341313,-0.026925596822658687,0.026925596822658687
NJstar-STRICT,30,14,68,NJstar_STRICT_completed_p30_rep14_seed68.csv,terminal:T5,terminal,1,0.12997,0.07637984970875178,-0.05359015029124822,0.05359015029124822
NJstar-STRICT,30,14,68,NJstar_STRICT_completed_p30_rep14_seed68.csv,internal:T1|T2|T3|T4|T5,internal,5,0.03057,0.006351108308897638,-0.024218891691102362,0.024218891691102362
NJstar-STRICT,30,14,68,NJstar_STRICT_completed_p30_rep14_seed68.csv,terminal:T6,terminal,1,0.14605,0.08496705690746593,-0.06108294309253408,0.06108294309253408
NJstar-STRICT,30,14,68,NJstar_STRICT_completed_p30_rep14_seed68.csv,internal:T1|T2|T3|T4|T5|T6,internal,6,0.0721,0.020154109405816995,-0.051945890594183,0.051945890594183
NJstar-STRICT,30,14,68,NJstar_STRICT_completed_p30_rep14_seed68.csv,internal:T10|T7|T8|T9,internal,4,0.08603,0.016405489781130475,-0.06962451021886952,0.06962451021886952
NJstar-STRICT,30,14,68,NJstar_STRICT_completed_p30_rep14_seed68.csv,internal:T7|T8|T9,internal,3,0.05128,0.017913449674502993,-0.033366550325497006,0.033366550325497006
NJstar-STRICT,30,14,68,NJstar_STRICT_completed_p30_rep14_seed68.csv,internal:T7|T8,internal,2,0.02354,0.0020123989753839037,-0.021527601024616094,0.021527601024616094
NJstar-STRICT,30,14,68,NJstar_STRICT_completed_p30_rep14_seed68.csv,terminal:T7,terminal,1,0.11573,0.07205615432619787,-0.04367384567380213,0.04367384567380213
NJstar-STRICT,30,14,68,NJstar_STRICT_completed_p30_rep14_seed68.csv,terminal:T8,terminal,1,0.11535,0.07494553750913013,-0.04040446249086986,0.04040446249086986
NJstar-STRICT,30,14,68,NJstar_STRICT_completed_p30_rep14_seed68.csv,terminal:T9,terminal,1,0.12153,0.0749743647263972,-0.046555635273602805,0.046555635273602805
NJstar-STRICT,30,14,68,NJstar_STRICT_completed_p30_rep14_seed68.csv,terminal:T10,terminal,1,0.18189,0.09535264829236295,-0.08653735170763704,0.08653735170763704
NJstar-STRICT,30,14,68,NJstar_STRICT_completed_p30_rep14_seed68.csv,internal:T11|T12|T13|T14|T15,internal,5,0.11651,0.022582551058997362,-0.09392744894100263,0.09392744894100263
NJstar-STRICT,30,14,68,NJstar_STRICT_completed_p30_rep14_seed68.csv,internal:T11|T12,internal,2,0.22637,0.0429462894100373,-0.18342371058996268,0.18342371058996268
NJstar-STRICT,30,14,68,NJstar_STRICT_completed_p30_rep14_seed68.csv,terminal:T11,terminal,1,0.16094,0.08812687787371665,-0.07281312212628335,0.07281312212628335
NJstar-STRICT,30,14,68,NJstar_STRICT_completed_p30_rep14_seed68.csv,terminal:T12,terminal,1,0.14942,0.08486222277780861,-0.06455777722219139,0.06455777722219139
NJstar-STRICT,30,14,68,NJstar_STRICT_completed_p30_rep14_seed68.csv,internal:T13|T14|T15,internal,3,0.18561,0.023364183882822156,-0.16224581611717784,0.16224581611717784
NJstar-STRICT,30,14,68,NJstar_STRICT_completed_p30_rep14_seed68.csv,terminal:T13,terminal,1,0.32149,0.1219476909152782,-0.19954230908472181,0.19954230908472181
NJstar-STRICT,30,14,68,NJstar_STRICT_completed_p30_rep14_seed68.csv,internal:T14|T15,internal,2,0.07113,0.008681206902510426,-0.062448793097489574,0.062448793097489574
NJstar-STRICT,30,14,68,NJstar_STRICT_completed_p30_rep14_seed68.csv,terminal:T14,terminal,1,0.34439,0.1218291911052776,-0.22256080889472238,0.22256080889472238
NJstar-STRICT,30,14,68,NJstar_STRICT_completed_p30_rep14_seed68.csv,terminal:T15,terminal,1,0.24256,0.11404260067686475,-0.12851739932313525,0.12851739932313525
NJstar-STRICT,30,15,69,NJstar_STRICT_completed_p30_rep15_seed69.csv,terminal:T1,terminal,1,0.05696,0.04036110830508398,-0.016598891694916018,0.016598891694916018
NJstar-STRICT,30,15,69,NJstar_STRICT_completed_p30_rep15_seed69.csv,internal:T2|T3,internal,2,0.03472,0.02497212232233975,-0.00974787767766025,0.00974787767766025
NJstar-STRICT,30,15,69,NJstar_STRICT_completed_p30_rep15_seed69.csv,terminal:T2,terminal,1,0.02433,0.020881135717059126,-0.003448864282940875,0.003448864282940875
NJstar-STRICT,30,15,69,NJstar_STRICT_completed_p30_rep15_seed69.csv,terminal:T3,terminal,1,0.02231,0.020151013183110043,-0.0021589868168899566,0.0021589868168899566
NJstar-STRICT,30,15,69,NJstar_STRICT_completed_p30_rep15_seed69.csv,internal:T1|T2|T3,internal,3,0.01863,0.006791603320427107,-0.011838396679572894,0.011838396679572894
NJstar-STRICT,30,15,69,NJstar_STRICT_completed_p30_rep15_seed69.csv,terminal:T4,terminal,1,0.07771,0.055832171112382464,-0.021877828887617537,0.021877828887617537
NJstar-STRICT,30,15,69,NJstar_STRICT_completed_p30_rep15_seed69.csv,internal:T1|T2|T3|T4,internal,4,0.04682,0.021570485809889132,-0.02524951419011087,0.02524951419011087
NJstar-STRICT,30,15,69,NJstar_STRICT_completed_p30_rep15_seed69.csv,terminal:T5,terminal,1,0.12997,0.07552144359927786,-0.054448556400722145,0.054448556400722145
NJstar-STRICT,30,15,69,NJstar_STRICT_completed_p30_rep15_seed69.csv,internal:T1|T2|T3|T4|T5,internal,5,0.03057,0.0073495273035514555,-0.023220472696448544,0.023220472696448544
NJstar-STRICT,30,15,69,NJstar_STRICT_completed_p30_rep15_seed69.csv,terminal:T6,terminal,1,0.14605,0.08418353968732474,-0.06186646031267527,0.06186646031267527
NJstar-STRICT,30,15,69,NJstar_STRICT_completed_p30_rep15_seed69.csv,internal:T1|T2|T3|T4|T5|T6,internal,6,0.0721,0.022122746801097243,-0.049977253198902755,0.049977253198902755
NJstar-STRICT,30,15,69,NJstar_STRICT_completed_p30_rep15_seed69.csv,internal:T10|T7|T8|T9,internal,4,0.08603,0.010065043721533301,-0.0759649562784667,0.0759649562784667
NJstar-STRICT,30,15,69,NJstar_STRICT_completed_p30_rep15_seed69.csv,internal:T7|T8|T9,internal,3,0.05128,0.005160530512340686,-0.04611946948765931,0.04611946948765931
NJstar-STRICT,30,15,69,NJstar_STRICT_completed_p30_rep15_seed69.csv,internal:T7|T8,internal,2,0.02354,0.012466361889632148,-0.01107363811036785,0.01107363811036785
NJstar-STRICT,30,15,69,NJstar_STRICT_completed_p30_rep15_seed69.csv,terminal:T7,terminal,1,0.11573,0.07795267527851886,-0.03777732472148114,0.03777732472148114
NJstar-STRICT,30,15,69,NJstar_STRICT_completed_p30_rep15_seed69.csv,terminal:T8,terminal,1,0.11535,0.06904901655680909,-0.046300983443190905,0.046300983443190905
NJstar-STRICT,30,15,69,NJstar_STRICT_completed_p30_rep15_seed69.csv,terminal:T9,terminal,1,0.12153,0.08902716661112088,-0.03250283338887912,0.03250283338887912
NJstar-STRICT,30,15,69,NJstar_STRICT_completed_p30_rep15_seed69.csv,terminal:T10,terminal,1,0.18189,0.10095485788746218,-0.08093514211253781,0.08093514211253781
NJstar-STRICT,30,15,69,NJstar_STRICT_completed_p30_rep15_seed69.csv,internal:T11|T12|T13|T14|T15,internal,5,0.11651,0.026949772072958948,-0.08956022792704105,0.08956022792704105
NJstar-STRICT,30,15,69,NJstar_STRICT_completed_p30_rep15_seed69.csv,internal:T11|T12,internal,2,0.22637,0.0033282868626473717,-0.2230417131373526,0.2230417131373526
NJstar-STRICT,30,15,69,NJstar_STRICT_completed_p30_rep15_seed69.csv,terminal:T11,terminal,1,0.16094,0.12089506316280202,-0.04004493683719798,0.04004493683719798
NJstar-STRICT,30,15,69,NJstar_STRICT_completed_p30_rep15_seed69.csv,terminal:T12,terminal,1,0.14942,0.12114061887961336,-0.028279381120386637,0.028279381120386637
NJstar-STRICT,30,15,69,NJstar_STRICT_completed_p30_rep15_seed69.csv,internal:T13|T14|T15,internal,3,0.18561,0.02658531870981417,-0.15902468129018582,0.15902468129018582
NJstar-STRICT,30,15,69,NJstar_STRICT_completed_p30_rep15_seed69.csv,terminal:T13,terminal,1,0.32149,0.1187185207253559,-0.20277147927464412,0.20277147927464412
NJstar-STRICT,30,15,69,NJstar_STRICT_completed_p30_rep15_seed69.csv,internal:T14|T15,internal,2,0.07113,0.00994446152888595,-0.06118553847111405,0.06118553847111405
NJstar-STRICT,30,15,69,NJstar_STRICT_completed_p30_rep15_seed69.csv,terminal:T14,terminal,1,0.34439,0.12304554313332236,-0.2213444568666776,0.2213444568666776
NJstar-STRICT,30,15,69,NJstar_STRICT_completed_p30_rep15_seed69.csv,terminal:T15,terminal,1,0.24256,0.11282624864882004,-0.12973375135117995,0.12973375135117995
NJstar-STRICT,30,16,70,NJstar_STRICT_completed_p30_rep16_seed70.csv,terminal:T1,terminal,1,0.05696,0.0415593814753268,-0.015400618524673199,0.015400618524673199
NJstar-STRICT,30,16,70,NJstar_STRICT_completed_p30_rep16_seed70.csv,internal:T2|T3,internal,2,0.03472,4.874730778896134e-06,-0.0347151252692211,0.0347151252692211
NJstar-STRICT,30,16,70,NJstar_STRICT_completed_p30_rep16_seed70.csv,terminal:T2,terminal,1,0.02433,0.0449292056287804,0.0205992056287804,0.0205992056287804
NJstar-STRICT,30,16,70,NJstar_STRICT_completed_p30_rep16_seed70.csv,terminal:T3,terminal,1,0.02231,0.04364089211402459,0.02133089211402459,0.02133089211402459
NJstar-STRICT,30,16,70,NJstar_STRICT_completed_p30_rep16_seed70.csv,internal:T1|T2|T3,internal,3,0.01863,0.007546012001608539,-0.011083987998391462,0.011083987998391462
NJstar-STRICT,30,16,70,NJstar_STRICT_completed_p30_rep16_seed70.csv,terminal:T4,terminal,1,0.07771,0.05380160703215247,-0.023908392967847532,0.023908392967847532
NJstar-STRICT,30,16,70,NJstar_STRICT_completed_p30_rep16_seed70.csv,internal:T1|T2|T3|T4,internal,4,0.04682,0.02036252520584161,-0.02645747479415839,0.02645747479415839
NJstar-STRICT,30,16,70,NJstar_STRICT_completed_p30_rep16_seed70.csv,terminal:T5,terminal,1,0.12997,0.07741500096307179,-0.052554999036928216,0.052554999036928216
NJstar-STRICT,30,16,70,NJstar_STRICT_completed_p30_rep16_seed70.csv,internal:T1|T2|T3|T4|T5,internal,5,0.03057,0.00739442883907637,-0.02317557116092363,0.02317557116092363
NJstar-STRICT,30,16,70,NJstar_STRICT_completed_p30_rep16_seed70.csv,terminal:T6,terminal,1,0.14605,0.08410811131456417,-0.06194188868543585,0.06194188868543585
NJstar-STRICT,30,16,70,NJstar_STRICT_completed_p30_rep16_seed70.csv,internal:T1|T2|T3|T4|T5|T6,internal,6,0.0721,0.020376053790234185,-0.05172394620976581,0.05172394620976581
NJstar-STRICT,30,16,70,NJstar_STRICT_completed_p30_rep16_seed70.csv,internal:T10|T7|T8|T9,internal,4,0.08603,0.017459499131744584,-0.06857050086825542,0.06857050086825542
NJstar-STRICT,30,16,70,NJstar_STRICT_completed_p30_rep16_seed70.csv,internal:T7|T8|T9,internal,3,0.05128,0.014568141087069539,-0.03671185891293046,0.03671185891293046
NJstar-STRICT,30,16,70,NJstar_STRICT_completed_p30_rep16_seed70.csv,internal:T7|T8,internal,2,0.02354,0.0,-0.02354,0.02354
NJstar-STRICT,30,16,70,NJstar_STRICT_completed_p30_rep16_seed70.csv,terminal:T7,terminal,1,0.11573,0.07436221340383076,-0.04136778659616924,0.04136778659616924
NJstar-STRICT,30,16,70,NJstar_STRICT_completed_p30_rep16_seed70.csv,terminal:T8,terminal,1,0.11535,0.08077915623807344,-0.034570843761926554,0.034570843761926554
NJstar-STRICT,30,16,70,NJstar_STRICT_completed_p30_rep16_seed70.csv,terminal:T9,terminal,1,0.12153,0.07696145748060503,-0.044568542519394974,0.044568542519394974
NJstar-STRICT,30,16,70,NJstar_STRICT_completed_p30_rep16_seed70.csv,terminal:T10,terminal,1,0.18189,0.09603451446237285,-0.08585548553762715,0.08585548553762715
NJstar-STRICT,30,16,70,NJstar_STRICT_completed_p30_rep16_seed70.csv,internal:T11|T12|T13|T14|T15,internal,5,0.11651,0.02204573910920748,-0.09446426089079252,0.09446426089079252
NJstar-STRICT,30,16,70,NJstar_STRICT_completed_p30_rep16_seed70.csv,internal:T11|T12,internal,2,0.22637,0.0,-0.22637,0.22637
NJstar-STRICT,30,16,70,NJstar_STRICT_completed_p30_rep16_seed70.csv,terminal:T11,terminal,1,0.16094,0.13092754849508634,-0.030012451504913662,0.030012451504913662
NJstar-STRICT,30,16,70,NJstar_STRICT_completed_p30_rep16_seed70.csv,terminal:T12,terminal,1,0.14942,0.12923045647738157,-0.020189543522618425,0.020189543522618425
NJstar-STRICT,30,16,70,NJstar_STRICT_completed_p30_rep16_seed70.csv,internal:T13|T14|T15,internal,3,0.18561,0.0065471746175751215,-0.17906282538242488,0.17906282538242488
NJstar-STRICT,30,16,70,NJstar_STRICT_completed_p30_rep16_seed70.csv,terminal:T13,terminal,1,0.32149,0.13838450345945502,-0.18310549654054498,0.18310549654054498
NJstar-STRICT,30,16,70,NJstar_STRICT_completed_p30_rep16_seed70.csv,internal:T14|T15,internal,2,0.07113,0.0,-0.07113,0.07113
NJstar-STRICT,30,16,70,NJstar_STRICT_completed_p30_rep16_seed70.csv,terminal:T14,terminal,1,0.34439,0.14482829492243632,-0.19956170507756366,0.19956170507756366
NJstar-STRICT,30,16,70,NJstar_STRICT_completed_p30_rep16_seed70.csv,terminal:T15,terminal,1,0.24256,0.14220215488799764,-0.10035784511200235,0.10035784511200235
NJstar-STRICT,30,17,71,NJstar_STRICT_completed_p30_rep17_seed71.csv,terminal:T1,terminal,1,0.05696,0.041131437172677796,-0.0158285628273222,0.0158285628273222
NJstar-STRICT,30,17,71,NJstar_STRICT_completed_p30_rep17_seed71.csv,internal:T2|T3,internal,2,0.03472,0.02420179345474598,-0.010518206545254021,0.010518206545254021
NJstar-STRICT,30,17,71,NJstar_STRICT_completed_p30_rep17_seed71.csv,terminal:T2,terminal,1,0.02433,0.02116483692600003,-0.0031651630739999714,0.0031651630739999714
NJstar-STRICT,30,17,71,NJstar_STRICT_completed_p30_rep17_seed71.csv,terminal:T3,terminal,1,0.02231,0.019867311974169122,-0.0024426880258308775,0.0024426880258308775
NJstar-STRICT,30,17,71,NJstar_STRICT_completed_p30_rep17_seed71.csv,internal:T1|T2|T3,internal,3,0.01863,0.010818465526840512,-0.007811534473159489,0.007811534473159489
NJstar-STRICT,30,17,71,NJstar_STRICT_completed_p30_rep17_seed71.csv,terminal:T4,terminal,1,0.07771,0.05448842446454567,-0.023221575535454328,0.023221575535454328
NJstar-STRICT,30,17,71,NJstar_STRICT_completed_p30_rep17_seed71.csv,internal:T1|T2|T3|T4,internal,4,0.04682,0.01573104148587811,-0.03108895851412189,0.03108895851412189
NJstar-STRICT,30,17,71,NJstar_STRICT_completed_p30_rep17_seed71.csv,terminal:T5,terminal,1,0.12997,0.0790794885341187,-0.050890511465881305,0.050890511465881305
NJstar-STRICT,30,17,71,NJstar_STRICT_completed_p30_rep17_seed71.csv,internal:T1|T2|T3|T4|T5,internal,5,0.03057,0.01511667862435769,-0.01545332137564231,0.01545332137564231
NJstar-STRICT,30,17,71,NJstar_STRICT_completed_p30_rep17_seed71.csv,terminal:T6,terminal,1,0.14605,0.07807800520555076,-0.06797199479444925,0.06797199479444925
NJstar-STRICT,30,17,71,NJstar_STRICT_completed_p30_rep17_seed71.csv,internal:T1|T2|T3|T4|T5|T6,internal,6,0.0721,0.01932892510242013,-0.052771074897579866,0.052771074897579866
NJstar-STRICT,30,17,71,NJstar_STRICT_completed_p30_rep17_seed71.csv,internal:T10|T7|T8|T9,internal,4,0.08603,0.02502553720848212,-0.061004462791517874,0.061004462791517874
NJstar-STRICT,30,17,71,NJstar_STRICT_completed_p30_rep17_seed71.csv,internal:T7|T8|T9,internal,3,0.05128,0.012439687060852649,-0.03884031293914735,0.03884031293914735
NJstar-STRICT,30,17,71,NJstar_STRICT_completed_p30_rep17_seed71.csv,internal:T7|T8,internal,2,0.02354,0.00543808981240756,-0.01810191018759244,0.01810191018759244
NJstar-STRICT,30,17,71,NJstar_STRICT_completed_p30_rep17_seed71.csv,terminal:T7,terminal,1,0.11573,0.07324010369386144,-0.04248989630613856,0.04248989630613856
NJstar-STRICT,30,17,71,NJstar_STRICT_completed_p30_rep17_seed71.csv,terminal:T8,terminal,1,0.11535,0.07376158814146652,-0.04158841185853347,0.04158841185853347
NJstar-STRICT,30,17,71,NJstar_STRICT_completed_p30_rep17_seed71.csv,terminal:T9,terminal,1,0.12153,0.07506839895089962,-0.04646160104910038,0.04646160104910038
NJstar-STRICT,30,17,71,NJstar_STRICT_completed_p30_rep17_seed71.csv,terminal:T10,terminal,1,0.18189,0.09629618423287747,-0.08559381576712252,0.08559381576712252
NJstar-STRICT,30,17,71,NJstar_STRICT_completed_p30_rep17_seed71.csv,internal:T11|T12|T13|T14|T15,internal,5,0.11651,0.005465146928103842,-0.11104485307189615,0.11104485307189615
NJstar-STRICT,30,17,71,NJstar_STRICT_completed_p30_rep17_seed71.csv,internal:T11|T12,internal,2,0.22637,0.05731717947825032,-0.16905282052174966,0.16905282052174966
NJstar-STRICT,30,17,71,NJstar_STRICT_completed_p30_rep17_seed71.csv,terminal:T11,terminal,1,0.16094,0.08540214141171312,-0.07553785858828688,0.07553785858828688
NJstar-STRICT,30,17,71,NJstar_STRICT_completed_p30_rep17_seed71.csv,terminal:T12,terminal,1,0.14942,0.08758695923981219,-0.06183304076018781,0.06183304076018781
NJstar-STRICT,30,17,71,NJstar_STRICT_completed_p30_rep17_seed71.csv,internal:T13|T14|T15,internal,3,0.18561,0.013616713669404564,-0.17199328633059544,0.17199328633059544
NJstar-STRICT,30,17,71,NJstar_STRICT_completed_p30_rep17_seed71.csv,terminal:T13,terminal,1,0.32149,0.1508781991701195,-0.1706118008298805,0.1706118008298805
NJstar-STRICT,30,17,71,NJstar_STRICT_completed_p30_rep17_seed71.csv,internal:T14|T15,internal,2,0.07113,0.02790386780606622,-0.04322613219393378,0.04322613219393378
NJstar-STRICT,30,17,71,NJstar_STRICT_completed_p30_rep17_seed71.csv,terminal:T14,terminal,1,0.34439,0.11796741421633643,-0.22642258578366353,0.22642258578366353
NJstar-STRICT,30,17,71,NJstar_STRICT_completed_p30_rep17_seed71.csv,terminal:T15,terminal,1,0.24256,0.11790437756580609,-0.12465562243419391,0.12465562243419391
NJstar-STRICT,30,18,72,NJstar_STRICT_completed_p30_rep18_seed72.csv,terminal:T1,terminal,1,0.05696,0.033025115826854,-0.023934884173145994,0.023934884173145994
NJstar-STRICT,30,18,72,NJstar_STRICT_completed_p30_rep18_seed72.csv,internal:T2|T3,internal,2,0.03472,0.010920477730816636,-0.023799522269183367,0.023799522269183367
NJstar-STRICT,30,18,72,NJstar_STRICT_completed_p30_rep18_seed72.csv,terminal:T2,terminal,1,0.02433,0.030640138565316572,0.006310138565316571,0.006310138565316571
NJstar-STRICT,30,18,72,NJstar_STRICT_completed_p30_rep18_seed72.csv,terminal:T3,terminal,1,0.02231,0.010392010334852509,-0.011917989665147491,0.011917989665147491
NJstar-STRICT,30,18,72,NJstar_STRICT_completed_p30_rep18_seed72.csv,internal:T1|T2|T3,internal,3,0.01863,0.004965471623244529,-0.013664528376755473,0.013664528376755473
NJstar-STRICT,30,18,72,NJstar_STRICT_completed_p30_rep18_seed72.csv,terminal:T4,terminal,1,0.07771,0.05229256329328239,-0.02541743670671761,0.02541743670671761
NJstar-STRICT,30,18,72,NJstar_STRICT_completed_p30_rep18_seed72.csv,internal:T1|T2|T3|T4,internal,4,0.04682,0.03564308377686379,-0.011176916223136213,0.011176916223136213
NJstar-STRICT,30,18,72,NJstar_STRICT_completed_p30_rep18_seed72.csv,terminal:T5,terminal,1,0.12997,0.07983779933848442,-0.05013220066151558,0.05013220066151558
NJstar-STRICT,30,18,72,NJstar_STRICT_completed_p30_rep18_seed72.csv,internal:T1|T2|T3|T4|T5,internal,5,0.03057,0.0032955220700119697,-0.02727447792998803,0.02727447792998803
NJstar-STRICT,30,18,72,NJstar_STRICT_completed_p30_rep18_seed72.csv,terminal:T6,terminal,1,0.14605,0.08428462005342352,-0.06176537994657649,0.06176537994657649
NJstar-STRICT,30,18,72,NJstar_STRICT_completed_p30_rep18_seed72.csv,internal:T1|T2|T3|T4|T5|T6,internal,6,0.0721,0.022733116794008783,-0.04936688320599121,0.04936688320599121
NJstar-STRICT,30,18,72,NJstar_STRICT_completed_p30_rep18_seed72.csv,internal:T10|T7|T8|T9,internal,4,0.08603,0.016954825709330622,-0.06907517429066937,0.06907517429066937
NJstar-STRICT,30,18,72,NJstar_STRICT_completed_p30_rep18_seed72.csv,internal:T7|T8|T9,internal,3,0.05128,0.014433538773043627,-0.036846461226956374,0.036846461226956374
NJstar-STRICT,30,18,72,NJstar_STRICT_completed_p30_rep18_seed72.csv,internal:T7|T8,internal,2,0.02354,0.0,-0.02354,0.02354
NJstar-STRICT,30,18,72,NJstar_STRICT_completed_p30_rep18_seed72.csv,terminal:T7,terminal,1,0.11573,0.08203998031872416,-0.03369001968127584,0.03369001968127584
NJstar-STRICT,30,18,72,NJstar_STRICT_completed_p30_rep18_seed72.csv,terminal:T8,terminal,1,0.11535,0.08244104164567873,-0.03290895835432127,0.03290895835432127
NJstar-STRICT,30,18,72,NJstar_STRICT_completed_p30_rep18_seed72.csv,terminal:T9,terminal,1,0.12153,0.0727569111991313,-0.0487730888008687,0.0487730888008687
NJstar-STRICT,30,18,72,NJstar_STRICT_completed_p30_rep18_seed72.csv,terminal:T10,terminal,1,0.18189,0.09569226185190736,-0.08619773814809263,0.08619773814809263
NJstar-STRICT,30,18,72,NJstar_STRICT_completed_p30_rep18_seed72.csv,internal:T11|T12|T13|T14|T15,internal,5,0.11651,0.019895080693796013,-0.09661491930620399,0.09661491930620399
NJstar-STRICT,30,18,72,NJstar_STRICT_completed_p30_rep18_seed72.csv,internal:T11|T12,internal,2,0.22637,0.0418322513799525,-0.1845377486200475,0.1845377486200475
NJstar-STRICT,30,18,72,NJstar_STRICT_completed_p30_rep18_seed72.csv,terminal:T11,terminal,1,0.16094,0.08766845602897096,-0.07327154397102904,0.07327154397102904
NJstar-STRICT,30,18,72,NJstar_STRICT_completed_p30_rep18_seed72.csv,terminal:T12,terminal,1,0.14942,0.08532064462255434,-0.06409935537744565,0.06409935537744565
NJstar-STRICT,30,18,72,NJstar_STRICT_completed_p30_rep18_seed72.csv,internal:T13|T14|T15,internal,3,0.18561,0.02412610211551442,-0.16148389788448558,0.16148389788448558
NJstar-STRICT,30,18,72,NJstar_STRICT_completed_p30_rep18_seed72.csv,terminal:T13,terminal,1,0.32149,0.12168419194541416,-0.19980580805458584,0.19980580805458584
NJstar-STRICT,30,18,72,NJstar_STRICT_completed_p30_rep18_seed72.csv,internal:T14|T15,internal,2,0.07113,0.006978790308827618,-0.06415120969117238,0.06415120969117238
NJstar-STRICT,30,18,72,NJstar_STRICT_completed_p30_rep18_seed72.csv,terminal:T14,terminal,1,0.34439,0.1237534339499013,-0.22063656605009868,0.22063656605009868
NJstar-STRICT,30,18,72,NJstar_STRICT_completed_p30_rep18_seed72.csv,terminal:T15,terminal,1,0.24256,0.11211835783224104,-0.13044164216775894,0.13044164216775894
NJstar-STRICT,30,19,73,NJstar_STRICT_completed_p30_rep19_seed73.csv,terminal:T1,terminal,1,0.05696,0.0431316115998933,-0.013828388400106695,0.013828388400106695
NJstar-STRICT,30,19,73,NJstar_STRICT_completed_p30_rep19_seed73.csv,internal:T2|T3,internal,2,0.03472,0.0,-0.03472,0.03472
NJstar-STRICT,30,19,73,NJstar_STRICT_completed_p30_rep19_seed73.csv,terminal:T2,terminal,1,0.02433,0.04666599442728152,0.022335994427281517,0.022335994427281517
NJstar-STRICT,30,19,73,NJstar_STRICT_completed_p30_rep19_seed73.csv,terminal:T3,terminal,1,0.02231,0.041233242902517946,0.018923242902517946,0.018923242902517946
NJstar-STRICT,30,19,73,NJstar_STRICT_completed_p30_rep19_seed73.csv,internal:T1|T2|T3,internal,3,0.01863,0.00936174922572243,-0.009268250774277571,0.009268250774277571
NJstar-STRICT,30,19,73,NJstar_STRICT_completed_p30_rep19_seed73.csv,terminal:T4,terminal,1,0.07771,0.053754801742374465,-0.023955198257625536,0.023955198257625536
NJstar-STRICT,30,19,73,NJstar_STRICT_completed_p30_rep19_seed73.csv,internal:T1|T2|T3|T4,internal,4,0.04682,0.014365848371918042,-0.03245415162808196,0.03245415162808196
NJstar-STRICT,30,19,73,NJstar_STRICT_completed_p30_rep19_seed73.csv,terminal:T5,terminal,1,0.12997,0.08221329563694608,-0.04775670436305392,0.04775670436305392
NJstar-STRICT,30,19,73,NJstar_STRICT_completed_p30_rep19_seed73.csv,internal:T1|T2|T3|T4|T5,internal,5,0.03057,0.014028279644323833,-0.016541720355676165,0.016541720355676165
NJstar-STRICT,30,19,73,NJstar_STRICT_completed_p30_rep19_seed73.csv,terminal:T6,terminal,1,0.14605,0.08215358872329971,-0.0638964112767003,0.0638964112767003
NJstar-STRICT,30,19,73,NJstar_STRICT_completed_p30_rep19_seed73.csv,internal:T1|T2|T3|T4|T5|T6,internal,6,0.0721,0.021444716628822948,-0.05065528337117705,0.05065528337117705
NJstar-STRICT,30,19,73,NJstar_STRICT_completed_p30_rep19_seed73.csv,internal:T10|T7|T8|T9,internal,4,0.08603,0.01941602640420845,-0.06661397359579155,0.06661397359579155
NJstar-STRICT,30,19,73,NJstar_STRICT_completed_p30_rep19_seed73.csv,internal:T7|T8|T9,internal,3,0.05128,0.014726733827182483,-0.03655326617281752,0.03655326617281752
NJstar-STRICT,30,19,73,NJstar_STRICT_completed_p30_rep19_seed73.csv,internal:T7|T8,internal,2,0.02354,0.005980669068438553,-0.017559330931561444,0.017559330931561444
NJstar-STRICT,30,19,73,NJstar_STRICT_completed_p30_rep19_seed73.csv,terminal:T7,terminal,1,0.11573,0.06902263433285706,-0.04670736566714294,0.04670736566714294
NJstar-STRICT,30,19,73,NJstar_STRICT_completed_p30_rep19_seed73.csv,terminal:T8,terminal,1,0.11535,0.07797905750247096,-0.037370942497529036,0.037370942497529036
NJstar-STRICT,30,19,73,NJstar_STRICT_completed_p30_rep19_seed73.csv,terminal:T9,terminal,1,0.12153,0.0772030849606025,-0.044326915039397494,0.044326915039397494
NJstar-STRICT,30,19,73,NJstar_STRICT_completed_p30_rep19_seed73.csv,terminal:T10,terminal,1,0.18189,0.0930563699581718,-0.08883363004182819,0.08883363004182819
NJstar-STRICT,30,19,73,NJstar_STRICT_completed_p30_rep19_seed73.csv,internal:T11|T12|T13|T14|T15,internal,5,0.11651,0.017699646641061217,-0.09881035335893879,0.09881035335893879
NJstar-STRICT,30,19,73,NJstar_STRICT_completed_p30_rep19_seed73.csv,internal:T11|T12,internal,2,0.22637,0.046381010747580276,-0.1799889892524197,0.1799889892524197
NJstar-STRICT,30,19,73,NJstar_STRICT_completed_p30_rep19_seed73.csv,terminal:T11,terminal,1,0.16094,0.08823585284616638,-0.07270414715383362,0.07270414715383362
NJstar-STRICT,30,19,73,NJstar_STRICT_completed_p30_rep19_seed73.csv,terminal:T12,terminal,1,0.14942,0.08475324780535898,-0.06466675219464102,0.06466675219464102
NJstar-STRICT,30,19,73,NJstar_STRICT_completed_p30_rep19_seed73.csv,internal:T13|T14|T15,internal,3,0.18561,0.020161502896500743,-0.16544849710349926,0.16544849710349926
NJstar-STRICT,30,19,73,NJstar_STRICT_completed_p30_rep19_seed73.csv,terminal:T13,terminal,1,0.32149,0.12479557091172391,-0.19669442908827608,0.19669442908827608
NJstar-STRICT,30,19,73,NJstar_STRICT_completed_p30_rep19_seed73.csv,internal:T14|T15,internal,2,0.07113,0.003867411342517908,-0.0672625886574821,0.0672625886574821
NJstar-STRICT,30,19,73,NJstar_STRICT_completed_p30_rep19_seed73.csv,terminal:T14,terminal,1,0.34439,0.11719750608596283,-0.22719249391403715,0.22719249391403715
NJstar-STRICT,30,19,73,NJstar_STRICT_completed_p30_rep19_seed73.csv,terminal:T15,terminal,1,0.24256,0.1186742856961796,-0.1238857143038204,0.1238857143038204
NJstar-STRICT,30,22,76,NJstar_STRICT_completed_p30_rep22_seed76.csv,terminal:T1,terminal,1,0.05696,0.04090204895340707,-0.016057951046592925,0.016057951046592925
NJstar-STRICT,30,22,76,NJstar_STRICT_completed_p30_rep22_seed76.csv,internal:T2|T3,internal,2,0.03472,0.024431181674016606,-0.010288818325983395,0.010288818325983395
NJstar-STRICT,30,22,76,NJstar_STRICT_completed_p30_rep22_seed76.csv,terminal:T2,terminal,1,0.02433,0.021492867116132793,-0.0028371328838672077,0.0028371328838672077
NJstar-STRICT,30,22,76,NJstar_STRICT_completed_p30_rep22_seed76.csv,terminal:T3,terminal,1,0.02231,0.019539281784036355,-0.0027707182159636447,0.0027707182159636447
NJstar-STRICT,30,22,76,NJstar_STRICT_completed_p30_rep22_seed76.csv,internal:T1|T2|T3,internal,3,0.01863,0.007224977206038393,-0.011405022793961607,0.011405022793961607
NJstar-STRICT,30,22,76,NJstar_STRICT_completed_p30_rep22_seed76.csv,terminal:T4,terminal,1,0.07771,0.05492245022617191,-0.02278754977382809,0.02278754977382809
NJstar-STRICT,30,22,76,NJstar_STRICT_completed_p30_rep22_seed76.csv,internal:T1|T2|T3|T4,internal,4,0.04682,0.020713379005947358,-0.026106620994052643,0.026106620994052643
NJstar-STRICT,30,22,76,NJstar_STRICT_completed_p30_rep22_seed76.csv,terminal:T5,terminal,1,0.12997,0.07761102364786235,-0.052358976352137654,0.052358976352137654
NJstar-STRICT,30,22,76,NJstar_STRICT_completed_p30_rep22_seed76.csv,internal:T1|T2|T3|T4|T5,internal,5,0.03057,0.007455323460225686,-0.023114676539774313,0.023114676539774313
NJstar-STRICT,30,22,76,NJstar_STRICT_completed_p30_rep22_seed76.csv,terminal:T6,terminal,1,0.14605,0.0848257115042445,-0.06122428849575551,0.06122428849575551
NJstar-STRICT,30,22,76,NJstar_STRICT_completed_p30_rep22_seed76.csv,internal:T1|T2|T3|T4|T5|T6,internal,6,0.0721,0.026051519554324304,-0.046048480445675694,0.046048480445675694
NJstar-STRICT,30,22,76,NJstar_STRICT_completed_p30_rep22_seed76.csv,internal:T10|T7|T8|T9,internal,4,0.08603,0.015107273503172574,-0.07092272649682742,0.07092272649682742
NJstar-STRICT,30,22,76,NJstar_STRICT_completed_p30_rep22_seed76.csv,internal:T7|T8|T9,internal,3,0.05128,0.011727964932368447,-0.03955203506763155,0.03955203506763155
NJstar-STRICT,30,22,76,NJstar_STRICT_completed_p30_rep22_seed76.csv,internal:T7|T8,internal,2,0.02354,0.008983549123465471,-0.014556450876534528,0.014556450876534528
NJstar-STRICT,30,22,76,NJstar_STRICT_completed_p30_rep22_seed76.csv,terminal:T7,terminal,1,0.11573,0.07142832341431782,-0.04430167658568218,0.04430167658568218
NJstar-STRICT,30,22,76,NJstar_STRICT_completed_p30_rep22_seed76.csv,terminal:T8,terminal,1,0.11535,0.07557336842101019,-0.03977663157898981,0.03977663157898981
NJstar-STRICT,30,22,76,NJstar_STRICT_completed_p30_rep22_seed76.csv,terminal:T9,terminal,1,0.12153,0.07152293963984171,-0.050007060360158284,0.050007060360158284
NJstar-STRICT,30,22,76,NJstar_STRICT_completed_p30_rep22_seed76.csv,terminal:T10,terminal,1,0.18189,0.09804117463129487,-0.08384882536870512,0.08384882536870512
NJstar-STRICT,30,22,76,NJstar_STRICT_completed_p30_rep22_seed76.csv,internal:T11|T12|T13|T14|T15,internal,5,0.11651,0.014906078209529001,-0.10160392179047101,0.10160392179047101
NJstar-STRICT,30,22,76,NJstar_STRICT_completed_p30_rep22_seed76.csv,internal:T11|T12,internal,2,0.22637,0.04510047977993101,-0.18126952022006898,0.18126952022006898
NJstar-STRICT,30,22,76,NJstar_STRICT_completed_p30_rep22_seed76.csv,terminal:T11,terminal,1,0.16094,0.08521653671711478,-0.07572346328288522,0.07572346328288522
NJstar-STRICT,30,22,76,NJstar_STRICT_completed_p30_rep22_seed76.csv,terminal:T12,terminal,1,0.14942,0.08777256393441057,-0.06164743606558942,0.06164743606558942
NJstar-STRICT,30,22,76,NJstar_STRICT_completed_p30_rep22_seed76.csv,internal:T13|T14|T15,internal,3,0.18561,0.026306484206322655,-0.15930351579367735,0.15930351579367735
NJstar-STRICT,30,22,76,NJstar_STRICT_completed_p30_rep22_seed76.csv,terminal:T13,terminal,1,0.32149,0.12073020282590034,-0.20075979717409964,0.20075979717409964
NJstar-STRICT,30,22,76,NJstar_STRICT_completed_p30_rep22_seed76.csv,internal:T14|T15,internal,2,0.07113,0.0,-0.07113,0.07113
NJstar-STRICT,30,22,76,NJstar_STRICT_completed_p30_rep22_seed76.csv,terminal:T14,terminal,1,0.34439,0.1327968998004253,-0.21159310019957467,0.21159310019957467
NJstar-STRICT,30,22,76,NJstar_STRICT_completed_p30_rep22_seed76.csv,terminal:T15,terminal,1,0.24256,0.11931709678005684,-0.12324290321994316,0.12324290321994316
NJstar-STRICT,30,23,77,NJstar_STRICT_completed_p30_rep23_seed77.csv,terminal:T1,terminal,1,0.05696,0.04116160679347392,-0.015798393206526075,0.015798393206526075
NJstar-STRICT,30,23,77,NJstar_STRICT_completed_p30_rep23_seed77.csv,internal:T2|T3,internal,2,0.03472,0.024171623833949853,-0.010548376166050148,0.010548376166050148
NJstar-STRICT,30,23,77,NJstar_STRICT_completed_p30_rep23_seed77.csv,terminal:T2,terminal,1,0.02433,0.021533333244394586,-0.0027966667556054148,0.0027966667556054148
NJstar-STRICT,30,23,77,NJstar_STRICT_completed_p30_rep23_seed77.csv,terminal:T3,terminal,1,0.02231,0.019498815655774538,-0.002811184344225462,0.002811184344225462
NJstar-STRICT,30,23,77,NJstar_STRICT_completed_p30_rep23_seed77.csv,internal:T1|T2|T3,internal,3,0.01863,0.007582898745740994,-0.011047101254259006,0.011047101254259006
NJstar-STRICT,30,23,77,NJstar_STRICT_completed_p30_rep23_seed77.csv,terminal:T4,terminal,1,0.07771,0.055143772623004725,-0.022566227376995276,0.022566227376995276
NJstar-STRICT,30,23,77,NJstar_STRICT_completed_p30_rep23_seed77.csv,internal:T1|T2|T3|T4,internal,4,0.04682,0.019659220893274702,-0.027160779106725298,0.027160779106725298
NJstar-STRICT,30,23,77,NJstar_STRICT_completed_p30_rep23_seed77.csv,terminal:T5,terminal,1,0.12997,0.07707955637782553,-0.052890443622174474,0.052890443622174474
NJstar-STRICT,30,23,77,NJstar_STRICT_completed_p30_rep23_seed77.csv,internal:T1|T2|T3|T4|T5,internal,5,0.03057,0.007951480828599752,-0.02261851917140025,0.02261851917140025
NJstar-STRICT,30,23,77,NJstar_STRICT_completed_p30_rep23_seed77.csv,terminal:T6,terminal,1,0.14605,0.08500805071969535,-0.061041949280304666,0.061041949280304666
NJstar-STRICT,30,23,77,NJstar_STRICT_completed_p30_rep23_seed77.csv,internal:T1|T2|T3|T4|T5|T6,internal,6,0.0721,0.020649134363375374,-0.051450865636624626,0.051450865636624626
NJstar-STRICT,30,23,77,NJstar_STRICT_completed_p30_rep23_seed77.csv,internal:T10|T7|T8|T9,internal,4,0.08603,0.016216644559286324,-0.06981335544071367,0.06981335544071367
NJstar-STRICT,30,23,77,NJstar_STRICT_completed_p30_rep23_seed77.csv,internal:T7|T8|T9,internal,3,0.05128,0.015286598320205472,-0.03599340167979453,0.03599340167979453
NJstar-STRICT,30,23,77,NJstar_STRICT_completed_p30_rep23_seed77.csv,internal:T7|T8,internal,2,0.02354,0.004380416408402502,-0.019159583591597498,0.019159583591597498
NJstar-STRICT,30,23,77,NJstar_STRICT_completed_p30_rep23_seed77.csv,terminal:T7,terminal,1,0.11573,0.07061038573654849,-0.04511961426345151,0.04511961426345151
NJstar-STRICT,30,23,77,NJstar_STRICT_completed_p30_rep23_seed77.csv,terminal:T8,terminal,1,0.11535,0.07639130609877955,-0.03895869390122045,0.03895869390122045
NJstar-STRICT,30,23,77,NJstar_STRICT_completed_p30_rep23_seed77.csv,terminal:T9,terminal,1,0.12153,0.07612607235490469,-0.04540392764509531,0.04540392764509531
NJstar-STRICT,30,23,77,NJstar_STRICT_completed_p30_rep23_seed77.csv,terminal:T10,terminal,1,0.18189,0.09611856620991727,-0.08577143379008273,0.08577143379008273
NJstar-STRICT,30,23,77,NJstar_STRICT_completed_p30_rep23_seed77.csv,internal:T11|T12|T13|T14|T15,internal,5,0.11651,0.022274001366458476,-0.09423599863354153,0.09423599863354153
NJstar-STRICT,30,23,77,NJstar_STRICT_completed_p30_rep23_seed77.csv,internal:T11|T12,internal,2,0.22637,0.042482745114489524,-0.18388725488551047,0.18388725488551047
NJstar-STRICT,30,23,77,NJstar_STRICT_completed_p30_rep23_seed77.csv,terminal:T11,terminal,1,0.16094,0.0878581902447635,-0.0730818097552365,0.0730818097552365
NJstar-STRICT,30,23,77,NJstar_STRICT_completed_p30_rep23_seed77.csv,terminal:T12,terminal,1,0.14942,0.08513091040676188,-0.06428908959323812,0.06428908959323812
NJstar-STRICT,30,23,77,NJstar_STRICT_completed_p30_rep23_seed77.csv,internal:T13|T14|T15,internal,3,0.18561,0.007356828706999737,-0.17825317129300025,0.17825317129300025
NJstar-STRICT,30,23,77,NJstar_STRICT_completed_p30_rep23_seed77.csv,terminal:T13,terminal,1,0.32149,0.1378588003095926,-0.1836311996904074,0.1836311996904074
NJstar-STRICT,30,23,77,NJstar_STRICT_completed_p30_rep23_seed77.csv,internal:T14|T15,internal,2,0.07113,0.0,-0.07113,0.07113
NJstar-STRICT,30,23,77,NJstar_STRICT_completed_p30_rep23_seed77.csv,terminal:T14,terminal,1,0.34439,0.14274727932697023,-0.20164272067302974,0.20164272067302974
NJstar-STRICT,30,23,77,NJstar_STRICT_completed_p30_rep23_seed77.csv,terminal:T15,terminal,1,0.24256,0.1390733072227346,-0.10348669277726541,0.10348669277726541
NJstar-STRICT,30,25,79,NJstar_STRICT_completed_p30_rep25_seed79.csv,terminal:T1,terminal,1,0.05696,0.04550273221492832,-0.011457267785071674,0.011457267785071674
NJstar-STRICT,30,25,79,NJstar_STRICT_completed_p30_rep25_seed79.csv,internal:T2|T3,internal,2,0.03472,0.02305223315915946,-0.011667766840840543,0.011667766840840543
NJstar-STRICT,30,25,79,NJstar_STRICT_completed_p30_rep25_seed79.csv,terminal:T2,terminal,1,0.02433,0.022681750716965803,-0.0016482492830341977,0.0016482492830341977
NJstar-STRICT,30,25,79,NJstar_STRICT_completed_p30_rep25_seed79.csv,terminal:T3,terminal,1,0.02231,0.018350398183203366,-0.003959601816796634,0.003959601816796634
NJstar-STRICT,30,25,79,NJstar_STRICT_completed_p30_rep25_seed79.csv,internal:T1|T2|T3,internal,3,0.01863,0.007645438229623121,-0.01098456177037688,0.01098456177037688
NJstar-STRICT,30,25,79,NJstar_STRICT_completed_p30_rep25_seed79.csv,terminal:T4,terminal,1,0.07771,0.05511511328626848,-0.02259488671373152,0.02259488671373152
NJstar-STRICT,30,25,79,NJstar_STRICT_completed_p30_rep25_seed79.csv,internal:T1|T2|T3|T4,internal,4,0.04682,0.020552434692022063,-0.026267565307977938,0.026267565307977938
NJstar-STRICT,30,25,79,NJstar_STRICT_completed_p30_rep25_seed79.csv,terminal:T5,terminal,1,0.12997,0.07596741051842641,-0.05400258948157359,0.05400258948157359
NJstar-STRICT,30,25,79,NJstar_STRICT_completed_p30_rep25_seed79.csv,internal:T1|T2|T3|T4|T5,internal,5,0.03057,0.008284512103764172,-0.022285487896235828,0.022285487896235828
NJstar-STRICT,30,25,79,NJstar_STRICT_completed_p30_rep25_seed79.csv,terminal:T6,terminal,1,0.14605,0.08328065796505459,-0.06276934203494543,0.06276934203494543
NJstar-STRICT,30,25,79,NJstar_STRICT_completed_p30_rep25_seed79.csv,internal:T1|T2|T3|T4|T5|T6,internal,6,0.0721,0.020687930874934857,-0.051412069125065143,0.051412069125065143
NJstar-STRICT,30,25,79,NJstar_STRICT_completed_p30_rep25_seed79.csv,internal:T10|T7|T8|T9,internal,4,0.08603,0.015199333051516162,-0.07083066694848383,0.07083066694848383
NJstar-STRICT,30,25,79,NJstar_STRICT_completed_p30_rep25_seed79.csv,internal:T7|T8|T9,internal,3,0.05128,0.012003283051829445,-0.03927671694817055,0.03927671694817055
NJstar-STRICT,30,25,79,NJstar_STRICT_completed_p30_rep25_seed79.csv,internal:T7|T8,internal,2,0.02354,0.00687218951213931,-0.016667810487860688,0.016667810487860688
NJstar-STRICT,30,25,79,NJstar_STRICT_completed_p30_rep25_seed79.csv,terminal:T7,terminal,1,0.11573,0.07024405693636827,-0.045485943063631726,0.045485943063631726
NJstar-STRICT,30,25,79,NJstar_STRICT_completed_p30_rep25_seed79.csv,terminal:T8,terminal,1,0.11535,0.07675763489895973,-0.03859236510104026,0.03859236510104026
NJstar-STRICT,30,25,79,NJstar_STRICT_completed_p30_rep25_seed79.csv,terminal:T9,terminal,1,0.12153,0.0736342992511679,-0.04789570074883209,0.04789570074883209
NJstar-STRICT,30,25,79,NJstar_STRICT_completed_p30_rep25_seed79.csv,terminal:T10,terminal,1,0.18189,0.09675050739002883,-0.08513949260997117,0.08513949260997117
NJstar-STRICT,30,25,79,NJstar_STRICT_completed_p30_rep25_seed79.csv,internal:T11|T12|T13|T14|T15,internal,5,0.11651,0.023911318010019205,-0.0925986819899808,0.0925986819899808
NJstar-STRICT,30,25,79,NJstar_STRICT_completed_p30_rep25_seed79.csv,internal:T11|T12,internal,2,0.22637,0.00011174653635316743,-0.2262582534636468,0.2262582534636468
NJstar-STRICT,30,25,79,NJstar_STRICT_completed_p30_rep25_seed79.csv,terminal:T11,terminal,1,0.16094,0.1292777603333184,-0.03166223966668161,0.03166223966668161
NJstar-STRICT,30,25,79,NJstar_STRICT_completed_p30_rep25_seed79.csv,terminal:T12,terminal,1,0.14942,0.1290840635568011,-0.020335936443198893,0.020335936443198893
NJstar-STRICT,30,25,79,NJstar_STRICT_completed_p30_rep25_seed79.csv,internal:T13|T14|T15,internal,3,0.18561,0.021595599147145955,-0.16401440085285404,0.16401440085285404
NJstar-STRICT,30,25,79,NJstar_STRICT_completed_p30_rep25_seed79.csv,terminal:T13,terminal,1,0.32149,0.12201130366072567,-0.19947869633927434,0.19947869633927434
NJstar-STRICT,30,25,79,NJstar_STRICT_completed_p30_rep25_seed79.csv,internal:T14|T15,internal,2,0.07113,0.008274495459373683,-0.06285550454062631,0.06285550454062631
NJstar-STRICT,30,25,79,NJstar_STRICT_completed_p30_rep25_seed79.csv,terminal:T14,terminal,1,0.34439,0.1235282799711586,-0.22086172002884136,0.22086172002884136
NJstar-STRICT,30,25,79,NJstar_STRICT_completed_p30_rep25_seed79.csv,terminal:T15,terminal,1,0.24256,0.11234351181098375,-0.13021648818901627,0.13021648818901627
NJstar-STRICT,30,26,80,NJstar_STRICT_completed_p30_rep26_seed80.csv,terminal:T1,terminal,1,0.05696,0.04837844660772561,-0.008581553392274385,0.008581553392274385
NJstar-STRICT,30,26,80,NJstar_STRICT_completed_p30_rep26_seed80.csv,internal:T2|T3,internal,2,0.03472,0.0,-0.03472,0.03472
NJstar-STRICT,30,26,80,NJstar_STRICT_completed_p30_rep26_seed80.csv,terminal:T2,terminal,1,0.02433,0.05351147371554416,0.02918147371554416,0.02918147371554416
NJstar-STRICT,30,26,80,NJstar_STRICT_completed_p30_rep26_seed80.csv,terminal:T3,terminal,1,0.02231,0.05127276334616318,0.02896276334616318,0.02896276334616318
NJstar-STRICT,30,26,80,NJstar_STRICT_completed_p30_rep26_seed80.csv,internal:T1|T2|T3,internal,3,0.01863,0.0020142337417076656,-0.016615766258292336,0.016615766258292336
NJstar-STRICT,30,26,80,NJstar_STRICT_completed_p30_rep26_seed80.csv,terminal:T4,terminal,1,0.07771,0.052482307283418746,-0.025227692716581256,0.025227692716581256
NJstar-STRICT,30,26,80,NJstar_STRICT_completed_p30_rep26_seed80.csv,internal:T1|T2|T3|T4,internal,4,0.04682,0.02068095605189151,-0.02613904394810849,0.02613904394810849
NJstar-STRICT,30,26,80,NJstar_STRICT_completed_p30_rep26_seed80.csv,terminal:T5,terminal,1,0.12997,0.07581936500169519,-0.05415063499830482,0.05415063499830482
NJstar-STRICT,30,26,80,NJstar_STRICT_completed_p30_rep26_seed80.csv,internal:T1|T2|T3|T4|T5,internal,5,0.03057,0.004159831343325195,-0.026410168656674806,0.026410168656674806
NJstar-STRICT,30,26,80,NJstar_STRICT_completed_p30_rep26_seed80.csv,terminal:T6,terminal,1,0.14605,0.0850044156367695,-0.061045584363230515,0.061045584363230515
NJstar-STRICT,30,26,80,NJstar_STRICT_completed_p30_rep26_seed80.csv,internal:T1|T2|T3|T4|T5|T6,internal,6,0.0721,0.022448091742307368,-0.049651908257692626,0.049651908257692626
NJstar-STRICT,30,26,80,NJstar_STRICT_completed_p30_rep26_seed80.csv,internal:T10|T7|T8|T9,internal,4,0.08603,0.017432177675448007,-0.06859782232455199,0.06859782232455199
NJstar-STRICT,30,26,80,NJstar_STRICT_completed_p30_rep26_seed80.csv,internal:T7|T8|T9,internal,3,0.05128,0.01710289788750964,-0.03417710211249036,0.03417710211249036
NJstar-STRICT,30,26,80,NJstar_STRICT_completed_p30_rep26_seed80.csv,internal:T7|T8,internal,2,0.02354,0.0025115147716147784,-0.02102848522838522,0.02102848522838522
NJstar-STRICT,30,26,80,NJstar_STRICT_completed_p30_rep26_seed80.csv,terminal:T7,terminal,1,0.11573,0.07024500601679763,-0.04548499398320237,0.04548499398320237
NJstar-STRICT,30,26,80,NJstar_STRICT_completed_p30_rep26_seed80.csv,terminal:T8,terminal,1,0.11535,0.07675668581853035,-0.03859331418146965,0.03859331418146965
NJstar-STRICT,30,26,80,NJstar_STRICT_completed_p30_rep26_seed80.csv,terminal:T9,terminal,1,0.12153,0.07799497399169245,-0.043535026008307554,0.043535026008307554
NJstar-STRICT,30,26,80,NJstar_STRICT_completed_p30_rep26_seed80.csv,terminal:T10,terminal,1,0.18189,0.09925376254067578,-0.08263623745932422,0.08263623745932422
NJstar-STRICT,30,26,80,NJstar_STRICT_completed_p30_rep26_seed80.csv,internal:T11|T12|T13|T14|T15,internal,5,0.11651,0.01679669919276893,-0.09971330080723106,0.09971330080723106
NJstar-STRICT,30,26,80,NJstar_STRICT_completed_p30_rep26_seed80.csv,internal:T11|T12,internal,2,0.22637,0.0,-0.22637,0.22637
NJstar-STRICT,30,26,80,NJstar_STRICT_completed_p30_rep26_seed80.csv,terminal:T11,terminal,1,0.16094,0.13396062835178352,-0.026979371648216482,0.026979371648216482
NJstar-STRICT,30,26,80,NJstar_STRICT_completed_p30_rep26_seed80.csv,terminal:T12,terminal,1,0.14942,0.1289303946876583,-0.020489605312341702,0.020489605312341702
NJstar-STRICT,30,26,80,NJstar_STRICT_completed_p30_rep26_seed80.csv,internal:T13|T14|T15,internal,3,0.18561,0.02878025818157799,-0.15682974181842202,0.15682974181842202
NJstar-STRICT,30,26,80,NJstar_STRICT_completed_p30_rep26_seed80.csv,terminal:T13,terminal,1,0.32149,0.12346671381276576,-0.19802328618723425,0.19802328618723425
NJstar-STRICT,30,26,80,NJstar_STRICT_completed_p30_rep26_seed80.csv,internal:T14|T15,internal,2,0.07113,0.0051962684414761295,-0.06593373155852388,0.06593373155852388
NJstar-STRICT,30,26,80,NJstar_STRICT_completed_p30_rep26_seed80.csv,terminal:T14,terminal,1,0.34439,0.12293701310966798,-0.221452986890332,0.221452986890332
NJstar-STRICT,30,26,80,NJstar_STRICT_completed_p30_rep26_seed80.csv,terminal:T15,terminal,1,0.24256,0.11293477867247438,-0.12962522132752563,0.12962522132752563
NJstar-STRICT,30,27,81,NJstar_STRICT_completed_p30_rep27_seed81.csv,terminal:T1,terminal,1,0.05696,0.041787956785636494,-0.015172043214363502,0.015172043214363502
NJstar-STRICT,30,27,81,NJstar_STRICT_completed_p30_rep27_seed81.csv,internal:T2|T3,internal,2,0.03472,0.023545273841787017,-0.011174726158212984,0.011174726158212984
NJstar-STRICT,30,27,81,NJstar_STRICT_completed_p30_rep27_seed81.csv,terminal:T2,terminal,1,0.02433,0.021289350564207835,-0.0030406494357921657,0.0030406494357921657
NJstar-STRICT,30,27,81,NJstar_STRICT_completed_p30_rep27_seed81.csv,terminal:T3,terminal,1,0.02231,0.019742798335961313,-0.0025672016640386867,0.0025672016640386867
NJstar-STRICT,30,27,81,NJstar_STRICT_completed_p30_rep27_seed81.csv,internal:T1|T2|T3,internal,3,0.01863,0.007551664310278588,-0.011078335689721414,0.011078335689721414
NJstar-STRICT,30,27,81,NJstar_STRICT_completed_p30_rep27_seed81.csv,terminal:T4,terminal,1,0.07771,0.055104359217150234,-0.022605640782849767,0.022605640782849767
NJstar-STRICT,30,27,81,NJstar_STRICT_completed_p30_rep27_seed81.csv,internal:T1|T2|T3|T4,internal,4,0.04682,0.0185620935982318,-0.0282579064017682,0.0282579064017682
NJstar-STRICT,30,27,81,NJstar_STRICT_completed_p30_rep27_seed81.csv,terminal:T5,terminal,1,0.12997,0.07688508550737137,-0.05308491449262863,0.05308491449262863
NJstar-STRICT,30,27,81,NJstar_STRICT_completed_p30_rep27_seed81.csv,internal:T1|T2|T3|T4|T5,internal,5,0.03057,0.009275992789607033,-0.021294007210392967,0.021294007210392967
NJstar-STRICT,30,27,81,NJstar_STRICT_completed_p30_rep27_seed81.csv,terminal:T6,terminal,1,0.14605,0.08511320470160971,-0.0609367952983903,0.0609367952983903
NJstar-STRICT,30,27,81,NJstar_STRICT_completed_p30_rep27_seed81.csv,internal:T1|T2|T3|T4|T5|T6,internal,6,0.0721,0.020170835039386815,-0.051929164960613186,0.051929164960613186
NJstar-STRICT,30,27,81,NJstar_STRICT_completed_p30_rep27_seed81.csv,internal:T10|T7|T8|T9,internal,4,0.08603,0.016737041088498314,-0.06929295891150168,0.06929295891150168
NJstar-STRICT,30,27,81,NJstar_STRICT_completed_p30_rep27_seed81.csv,internal:T7|T8|T9,internal,3,0.05128,0.01548319065789091,-0.03579680934210909,0.03579680934210909
NJstar-STRICT,30,27,81,NJstar_STRICT_completed_p30_rep27_seed81.csv,internal:T7|T8,internal,2,0.02354,0.004003604775099809,-0.01953639522490019,0.01953639522490019
NJstar-STRICT,30,27,81,NJstar_STRICT_completed_p30_rep27_seed81.csv,terminal:T7,terminal,1,0.11573,0.07076728259984143,-0.04496271740015857,0.04496271740015857
NJstar-STRICT,30,27,81,NJstar_STRICT_completed_p30_rep27_seed81.csv,terminal:T8,terminal,1,0.11535,0.07623440923548656,-0.03911559076451343,0.03911559076451343
NJstar-STRICT,30,27,81,NJstar_STRICT_completed_p30_rep27_seed81.csv,terminal:T9,terminal,1,0.12153,0.07650288398820743,-0.04502711601179257,0.04502711601179257
NJstar-STRICT,30,27,81,NJstar_STRICT_completed_p30_rep27_seed81.csv,terminal:T10,terminal,1,0.18189,0.0959459303552277,-0.0859440696447723,0.0859440696447723
NJstar-STRICT,30,27,81,NJstar_STRICT_completed_p30_rep27_seed81.csv,internal:T11|T12|T13|T14|T15,internal,5,0.11651,0.021605425265196865,-0.09490457473480314,0.09490457473480314
NJstar-STRICT,30,27,81,NJstar_STRICT_completed_p30_rep27_seed81.csv,internal:T11|T12,internal,2,0.22637,0.04320105298254183,-0.18316894701745817,0.18316894701745817
NJstar-STRICT,30,27,81,NJstar_STRICT_completed_p30_rep27_seed81.csv,terminal:T11,terminal,1,0.16094,0.08833012786589771,-0.07260987213410229,0.07260987213410229
NJstar-STRICT,30,27,81,NJstar_STRICT_completed_p30_rep27_seed81.csv,terminal:T12,terminal,1,0.14942,0.08465897278562763,-0.06476102721437237,0.06476102721437237
NJstar-STRICT,30,27,81,NJstar_STRICT_completed_p30_rep27_seed81.csv,internal:T13|T14|T15,internal,3,0.18561,0.023309919586038404,-0.1623000804139616,0.1623000804139616
NJstar-STRICT,30,27,81,NJstar_STRICT_completed_p30_rep27_seed81.csv,terminal:T13,terminal,1,0.32149,0.12171032421270453,-0.19977967578729547,0.19977967578729547
NJstar-STRICT,30,27,81,NJstar_STRICT_completed_p30_rep27_seed81.csv,internal:T14|T15,internal,2,0.07113,0.006952658041537373,-0.06417734195846263,0.06417734195846263
NJstar-STRICT,30,27,81,NJstar_STRICT_completed_p30_rep27_seed81.csv,terminal:T14,terminal,1,0.34439,0.12281039918046947,-0.2215796008195305,0.2215796008195305
NJstar-STRICT,30,27,81,NJstar_STRICT_completed_p30_rep27_seed81.csv,terminal:T15,terminal,1,0.24256,0.11306139260167292,-0.12949860739832708,0.12949860739832708
NJstar-STRICT,30,28,82,NJstar_STRICT_completed_p30_rep28_seed82.csv,terminal:T1,terminal,1,0.05696,0.04625446834391269,-0.010705531656087307,0.010705531656087307
NJstar-STRICT,30,28,82,NJstar_STRICT_completed_p30_rep28_seed82.csv,internal:T2|T3,internal,2,0.03472,0.0,-0.03472,0.03472
NJstar-STRICT,30,28,82,NJstar_STRICT_completed_p30_rep28_seed82.csv,terminal:T2,terminal,1,0.02433,0.0538716089374258,0.029541608937425797,0.029541608937425797
NJstar-STRICT,30,28,82,NJstar_STRICT_completed_p30_rep28_seed82.csv,terminal:T3,terminal,1,0.02231,0.04595346413003942,0.023643464130039423,0.023643464130039423
NJstar-STRICT,30,28,82,NJstar_STRICT_completed_p30_rep28_seed82.csv,internal:T1|T2|T3,internal,3,0.01863,0.007022820226051809,-0.011607179773948192,0.011607179773948192
NJstar-STRICT,30,28,82,NJstar_STRICT_completed_p30_rep28_seed82.csv,terminal:T4,terminal,1,0.07771,0.056764164056400244,-0.020945835943599757,0.020945835943599757
NJstar-STRICT,30,28,82,NJstar_STRICT_completed_p30_rep28_seed82.csv,internal:T1|T2|T3|T4,internal,4,0.04682,0.014414311044737517,-0.03240568895526248,0.03240568895526248
NJstar-STRICT,30,28,82,NJstar_STRICT_completed_p30_rep28_seed82.csv,terminal:T5,terminal,1,0.12997,0.07990762248367421,-0.05006237751632579,0.05006237751632579
NJstar-STRICT,30,28,82,NJstar_STRICT_completed_p30_rep28_seed82.csv,internal:T1|T2|T3|T4|T5,internal,5,0.03057,0.00564076569044781,-0.02492923430955219,0.02492923430955219
NJstar-STRICT,30,28,82,NJstar_STRICT_completed_p30_rep28_seed82.csv,terminal:T6,terminal,1,0.14605,0.08109834445889379,-0.06495165554110623,0.06495165554110623
NJstar-STRICT,30,28,82,NJstar_STRICT_completed_p30_rep28_seed82.csv,internal:T1|T2|T3|T4|T5|T6,internal,6,0.0721,0.02247975218118901,-0.049620247818810984,0.049620247818810984
NJstar-STRICT,30,28,82,NJstar_STRICT_completed_p30_rep28_seed82.csv,internal:T10|T7|T8|T9,internal,4,0.08603,0.012058582186162355,-0.07397141781383765,0.07397141781383765
NJstar-STRICT,30,28,82,NJstar_STRICT_completed_p30_rep28_seed82.csv,internal:T7|T8|T9,internal,3,0.05128,0.020627038313989043,-0.030652961686010956,0.030652961686010956
NJstar-STRICT,30,28,82,NJstar_STRICT_completed_p30_rep28_seed82.csv,internal:T7|T8,internal,2,0.02354,0.002436633105537684,-0.021103366894462315,0.021103366894462315
NJstar-STRICT,30,28,82,NJstar_STRICT_completed_p30_rep28_seed82.csv,terminal:T7,terminal,1,0.11573,0.07057419221383582,-0.04515580778616418,0.04515580778616418
NJstar-STRICT,30,28,82,NJstar_STRICT_completed_p30_rep28_seed82.csv,terminal:T8,terminal,1,0.11535,0.0764274996214922,-0.03892250037850779,0.03892250037850779
NJstar-STRICT,30,28,82,NJstar_STRICT_completed_p30_rep28_seed82.csv,terminal:T9,terminal,1,0.12153,0.07691422053028986,-0.04461577946971014,0.04461577946971014
NJstar-STRICT,30,28,82,NJstar_STRICT_completed_p30_rep28_seed82.csv,terminal:T10,terminal,1,0.18189,0.09170961829814347,-0.09018038170185652,0.09018038170185652
NJstar-STRICT,30,28,82,NJstar_STRICT_completed_p30_rep28_seed82.csv,internal:T11|T12|T13|T14|T15,internal,5,0.11651,0.023270317965283848,-0.09323968203471615,0.09323968203471615
NJstar-STRICT,30,28,82,NJstar_STRICT_completed_p30_rep28_seed82.csv,internal:T11|T12,internal,2,0.22637,0.04352313303473839,-0.1828468669652616,0.1828468669652616
NJstar-STRICT,30,28,82,NJstar_STRICT_completed_p30_rep28_seed82.csv,terminal:T11,terminal,1,0.16094,0.08750344430350027,-0.07343655569649973,0.07343655569649973
NJstar-STRICT,30,28,82,NJstar_STRICT_completed_p30_rep28_seed82.csv,terminal:T12,terminal,1,0.14942,0.08548565634802496,-0.06393434365197503,0.06393434365197503
NJstar-STRICT,30,28,82,NJstar_STRICT_completed_p30_rep28_seed82.csv,internal:T13|T14|T15,internal,3,0.18561,0.0,-0.18561,0.18561
NJstar-STRICT,30,28,82,NJstar_STRICT_completed_p30_rep28_seed82.csv,terminal:T13,terminal,1,0.32149,0.14499951604545347,-0.17649048395454653,0.17649048395454653
NJstar-STRICT,30,28,82,NJstar_STRICT_completed_p30_rep28_seed82.csv,internal:T14|T15,internal,2,0.07113,0.03141856943248233,-0.03971143056751767,0.03971143056751767
NJstar-STRICT,30,28,82,NJstar_STRICT_completed_p30_rep28_seed82.csv,terminal:T14,terminal,1,0.34439,0.12207859775004372,-0.22231140224995627,0.22231140224995627
NJstar-STRICT,30,28,82,NJstar_STRICT_completed_p30_rep28_seed82.csv,terminal:T15,terminal,1,0.24256,0.11379319403209866,-0.12876680596790135,0.12876680596790135
NJstar-STRICT,30,29,83,NJstar_STRICT_completed_p30_rep29_seed83.csv,terminal:T1,terminal,1,0.05696,0.0419140624369479,-0.015045937563052093,0.015045937563052093
NJstar-STRICT,30,29,83,NJstar_STRICT_completed_p30_rep29_seed83.csv,internal:T2|T3,internal,2,0.03472,0.023485086276745875,-0.011234913723254126,0.011234913723254126
NJstar-STRICT,30,29,83,NJstar_STRICT_completed_p30_rep29_seed83.csv,terminal:T2,terminal,1,0.02433,0.021388188994676167,-0.002941811005323834,0.002941811005323834
NJstar-STRICT,30,29,83,NJstar_STRICT_completed_p30_rep29_seed83.csv,terminal:T3,terminal,1,0.02231,0.019643959905492978,-0.0026660400945070217,0.0026660400945070217
NJstar-STRICT,30,29,83,NJstar_STRICT_completed_p30_rep29_seed83.csv,internal:T1|T2|T3,internal,3,0.01863,0.007720136611411056,-0.010909863388588945,0.010909863388588945
NJstar-STRICT,30,29,83,NJstar_STRICT_completed_p30_rep29_seed83.csv,terminal:T4,terminal,1,0.07771,0.05513049940938302,-0.02257950059061698,0.02257950059061698
NJstar-STRICT,30,29,83,NJstar_STRICT_completed_p30_rep29_seed83.csv,internal:T1|T2|T3|T4,internal,4,0.04682,0.020678403458132703,-0.026141596541867297,0.026141596541867297
NJstar-STRICT,30,29,83,NJstar_STRICT_completed_p30_rep29_seed83.csv,terminal:T5,terminal,1,0.12997,0.07869079702694826,-0.051279202973051746,0.051279202973051746
NJstar-STRICT,30,29,83,NJstar_STRICT_completed_p30_rep29_seed83.csv,internal:T1|T2|T3|T4|T5,internal,5,0.03057,0.005786831759876651,-0.02478316824012335,0.02478316824012335
NJstar-STRICT,30,29,83,NJstar_STRICT_completed_p30_rep29_seed83.csv,terminal:T6,terminal,1,0.14605,0.08405086484250494,-0.06199913515749507,0.06199913515749507
NJstar-STRICT,30,29,83,NJstar_STRICT_completed_p30_rep29_seed83.csv,internal:T1|T2|T3|T4|T5|T6,internal,6,0.0721,0.02013317384404295,-0.05196682615595705,0.05196682615595705
NJstar-STRICT,30,29,83,NJstar_STRICT_completed_p30_rep29_seed83.csv,internal:T10|T7|T8|T9,internal,4,0.08603,0.017950714493889984,-0.06807928550611,0.06807928550611
NJstar-STRICT,30,29,83,NJstar_STRICT_completed_p30_rep29_seed83.csv,internal:T7|T8|T9,internal,3,0.05128,0.0,-0.05128,0.05128
NJstar-STRICT,30,29,83,NJstar_STRICT_completed_p30_rep29_seed83.csv,internal:T7|T8,internal,2,0.02354,0.018582228690924806,-0.004957771309075192,0.004957771309075192
NJstar-STRICT,30,29,83,NJstar_STRICT_completed_p30_rep29_seed83.csv,terminal:T7,terminal,1,0.11573,0.07064676901143788,-0.04508323098856212,0.04508323098856212
NJstar-STRICT,30,29,83,NJstar_STRICT_completed_p30_rep29_seed83.csv,terminal:T8,terminal,1,0.11535,0.0763549228238901,-0.038995077176109894,0.038995077176109894
NJstar-STRICT,30,29,83,NJstar_STRICT_completed_p30_rep29_seed83.csv,terminal:T9,terminal,1,0.12153,0.0900066059684886,-0.0315233940315114,0.0315233940315114
NJstar-STRICT,30,29,83,NJstar_STRICT_completed_p30_rep29_seed83.csv,terminal:T10,terminal,1,0.18189,0.09742448506469592,-0.08446551493530408,0.08446551493530408
NJstar-STRICT,30,29,83,NJstar_STRICT_completed_p30_rep29_seed83.csv,internal:T11|T12|T13|T14|T15,internal,5,0.11651,0.023660090928715922,-0.09284990907128408,0.09284990907128408
NJstar-STRICT,30,29,83,NJstar_STRICT_completed_p30_rep29_seed83.csv,internal:T11|T12,internal,2,0.22637,0.04207813326065249,-0.1842918667393475,0.1842918667393475
NJstar-STRICT,30,29,83,NJstar_STRICT_completed_p30_rep29_seed83.csv,terminal:T11,terminal,1,0.16094,0.08780091828529223,-0.07313908171470777,0.07313908171470777
NJstar-STRICT,30,29,83,NJstar_STRICT_completed_p30_rep29_seed83.csv,terminal:T12,terminal,1,0.14942,0.08518818236623313,-0.06423181763376687,0.06423181763376687
NJstar-STRICT,30,29,83,NJstar_STRICT_completed_p30_rep29_seed83.csv,internal:T13|T14|T15,internal,3,0.18561,0.02349536682001408,-0.16211463317998592,0.16211463317998592
NJstar-STRICT,30,29,83,NJstar_STRICT_completed_p30_rep29_seed83.csv,terminal:T13,terminal,1,0.32149,0.12150310166653557,-0.19998689833346445,0.19998689833346445
NJstar-STRICT,30,29,83,NJstar_STRICT_completed_p30_rep29_seed83.csv,internal:T14|T15,internal,2,0.07113,0.007159880587706258,-0.06397011941229375,0.06397011941229375
NJstar-STRICT,30,29,83,NJstar_STRICT_completed_p30_rep29_seed83.csv,terminal:T14,terminal,1,0.34439,0.12246964450580122,-0.22192035549419875,0.22192035549419875
NJstar-STRICT,30,29,83,NJstar_STRICT_completed_p30_rep29_seed83.csv,terminal:T15,terminal,1,0.24256,0.1134021472763412,-0.12915785272365882,0.12915785272365882
NJstar-STRICT,30,30,84,NJstar_STRICT_completed_p30_rep30_seed84.csv,terminal:T1,terminal,1,0.05696,0.041915558432555323,-0.015044441567444673,0.015044441567444673
NJstar-STRICT,30,30,84,NJstar_STRICT_completed_p30_rep30_seed84.csv,internal:T2|T3,internal,2,0.03472,0.02312541420418012,-0.01159458579581988,0.01159458579581988
NJstar-STRICT,30,30,84,NJstar_STRICT_completed_p30_rep30_seed84.csv,terminal:T2,terminal,1,0.02433,0.02069143332615963,-0.0036385666738403717,0.0036385666738403717
NJstar-STRICT,30,30,84,NJstar_STRICT_completed_p30_rep30_seed84.csv,terminal:T3,terminal,1,0.02231,0.02034071557400957,-0.0019692844259904287,0.0019692844259904287
NJstar-STRICT,30,30,84,NJstar_STRICT_completed_p30_rep30_seed84.csv,internal:T1|T2|T3,internal,3,0.01863,0.007133886157867413,-0.011496113842132588,0.011496113842132588
NJstar-STRICT,30,30,84,NJstar_STRICT_completed_p30_rep30_seed84.csv,terminal:T4,terminal,1,0.07771,0.05535070417670839,-0.02235929582329161,0.02235929582329161
NJstar-STRICT,30,30,84,NJstar_STRICT_completed_p30_rep30_seed84.csv,internal:T1|T2|T3|T4,internal,4,0.04682,0.020730078329063224,-0.026089921670936777,0.026089921670936777
NJstar-STRICT,30,30,84,NJstar_STRICT_completed_p30_rep30_seed84.csv,terminal:T5,terminal,1,0.12997,0.07615747998062916,-0.05381252001937084,0.05381252001937084
NJstar-STRICT,30,30,84,NJstar_STRICT_completed_p30_rep30_seed84.csv,internal:T1|T2|T3|T4|T5,internal,5,0.03057,0.007582634090230089,-0.02298736590976991,0.02298736590976991
NJstar-STRICT,30,30,84,NJstar_STRICT_completed_p30_rep30_seed84.csv,terminal:T6,terminal,1,0.14605,0.08458245733343323,-0.06146754266656679,0.06146754266656679
NJstar-STRICT,30,30,84,NJstar_STRICT_completed_p30_rep30_seed84.csv,internal:T1|T2|T3|T4|T5|T6,internal,6,0.0721,0.020021815994351086,-0.05207818400564891,0.05207818400564891
NJstar-STRICT,30,30,84,NJstar_STRICT_completed_p30_rep30_seed84.csv,internal:T10|T7|T8|T9,internal,4,0.08603,0.011002277594324724,-0.07502772240567528,0.07502772240567528
NJstar-STRICT,30,30,84,NJstar_STRICT_completed_p30_rep30_seed84.csv,internal:T7|T8|T9,internal,3,0.05128,0.0016120638758329066,-0.04966793612416709,0.04966793612416709
NJstar-STRICT,30,30,84,NJstar_STRICT_completed_p30_rep30_seed84.csv,internal:T7|T8,internal,2,0.02354,0.0,-0.02354,0.02354
NJstar-STRICT,30,30,84,NJstar_STRICT_completed_p30_rep30_seed84.csv,terminal:T7,terminal,1,0.11573,0.09187254136048345,-0.02385745863951655,0.02385745863951655
NJstar-STRICT,30,30,84,NJstar_STRICT_completed_p30_rep30_seed84.csv,terminal:T8,terminal,1,0.11535,0.10168367829376823,-0.013666321706231763,0.013666321706231763
NJstar-STRICT,30,30,84,NJstar_STRICT_completed_p30_rep30_seed84.csv,terminal:T9,terminal,1,0.12153,0.09522737732819364,-0.02630262267180636,0.02630262267180636
NJstar-STRICT,30,30,84,NJstar_STRICT_completed_p30_rep30_seed84.csv,terminal:T10,terminal,1,0.18189,0.09678595456973947,-0.08510404543026052,0.08510404543026052
NJstar-STRICT,30,30,84,NJstar_STRICT_completed_p30_rep30_seed84.csv,internal:T11|T12|T13|T14|T15,internal,5,0.11651,0.02339173526873276,-0.09311826473126725,0.09311826473126725
NJstar-STRICT,30,30,84,NJstar_STRICT_completed_p30_rep30_seed84.csv,internal:T11|T12,internal,2,0.22637,0.0,-0.22637,0.22637
NJstar-STRICT,30,30,84,NJstar_STRICT_completed_p30_rep30_seed84.csv,terminal:T11,terminal,1,0.16094,0.13032627344127626,-0.03061372655872374,0.03061372655872374
NJstar-STRICT,30,30,84,NJstar_STRICT_completed_p30_rep30_seed84.csv,terminal:T12,terminal,1,0.14942,0.12817943004704851,-0.021240569952951482,0.021240569952951482
NJstar-STRICT,30,30,84,NJstar_STRICT_completed_p30_rep30_seed84.csv,internal:T13|T14|T15,internal,3,0.18561,0.0026530345826375175,-0.18295696541736248,0.18295696541736248
NJstar-STRICT,30,30,84,NJstar_STRICT_completed_p30_rep30_seed84.csv,terminal:T13,terminal,1,0.32149,0.14366398869573824,-0.17782601130426176,0.17782601130426176
NJstar-STRICT,30,30,84,NJstar_STRICT_completed_p30_rep30_seed84.csv,internal:T14|T15,internal,2,0.07113,0.0279780245532685,-0.043151975446731494,0.043151975446731494
NJstar-STRICT,30,30,84,NJstar_STRICT_completed_p30_rep30_seed84.csv,terminal:T14,terminal,1,0.34439,0.1223567568115898,-0.22203324318841017,0.22203324318841017
NJstar-STRICT,30,30,84,NJstar_STRICT_completed_p30_rep30_seed84.csv,terminal:T15,terminal,1,0.24256,0.11351503497055251,-0.12904496502944748,0.12904496502944748
NJstar-STRICT,50,2,56,NJstar_STRICT_completed_p50_rep02_seed56.csv,terminal:T1,terminal,1,0.05696,0.06729942768313571,0.010339427683135713,0.010339427683135713
NJstar-STRICT,50,2,56,NJstar_STRICT_completed_p50_rep02_seed56.csv,internal:T2|T3,internal,2,0.03472,0.0,-0.03472,0.03472
NJstar-STRICT,50,2,56,NJstar_STRICT_completed_p50_rep02_seed56.csv,terminal:T2,terminal,1,0.02433,0.07380356506044965,0.04947356506044964,0.04947356506044964
NJstar-STRICT,50,2,56,NJstar_STRICT_completed_p50_rep02_seed56.csv,terminal:T3,terminal,1,0.02231,0.0678837745827897,0.0455737745827897,0.0455737745827897
NJstar-STRICT,50,2,56,NJstar_STRICT_completed_p50_rep02_seed56.csv,internal:T1|T2|T3,internal,3,0.01863,0.010219644594468563,-0.008410355405531438,0.008410355405531438
NJstar-STRICT,50,2,56,NJstar_STRICT_completed_p50_rep02_seed56.csv,terminal:T4,terminal,1,0.07771,0.08244467322890267,0.004734673228902669,0.004734673228902669
NJstar-STRICT,50,2,56,NJstar_STRICT_completed_p50_rep02_seed56.csv,internal:T1|T2|T3|T4,internal,4,0.04682,0.0,-0.04682,0.04682
NJstar-STRICT,50,2,56,NJstar_STRICT_completed_p50_rep02_seed56.csv,terminal:T5,terminal,1,0.12997,0.0844875609870724,-0.0454824390129276,0.0454824390129276
NJstar-STRICT,50,2,56,NJstar_STRICT_completed_p50_rep02_seed56.csv,internal:T1|T2|T3|T4|T5,internal,5,0.03057,0.0022017559904546472,-0.02836824400954535,0.02836824400954535
NJstar-STRICT,50,2,56,NJstar_STRICT_completed_p50_rep02_seed56.csv,terminal:T6,terminal,1,0.14605,0.08158027047531008,-0.06446972952468993,0.06446972952468993
NJstar-STRICT,50,2,56,NJstar_STRICT_completed_p50_rep02_seed56.csv,internal:T1|T2|T3|T4|T5|T6,internal,6,0.0721,0.01723215082608794,-0.05486784917391206,0.05486784917391206
NJstar-STRICT,50,2,56,NJstar_STRICT_completed_p50_rep02_seed56.csv,internal:T10|T7|T8|T9,internal,4,0.08603,0.02021812607793538,-0.06581187392206461,0.06581187392206461
NJstar-STRICT,50,2,56,NJstar_STRICT_completed_p50_rep02_seed56.csv,internal:T7|T8|T9,internal,3,0.05128,0.0029863935249734657,-0.048293606475026535,0.048293606475026535
NJstar-STRICT,50,2,56,NJstar_STRICT_completed_p50_rep02_seed56.csv,internal:T7|T8,internal,2,0.02354,0.0,-0.02354,0.02354
NJstar-STRICT,50,2,56,NJstar_STRICT_completed_p50_rep02_seed56.csv,terminal:T7,terminal,1,0.11573,0.0831659250414375,-0.032564074958562506,0.032564074958562506
NJstar-STRICT,50,2,56,NJstar_STRICT_completed_p50_rep02_seed56.csv,terminal:T8,terminal,1,0.11535,0.09472077173981318,-0.020629228260186816,0.020629228260186816
NJstar-STRICT,50,2,56,NJstar_STRICT_completed_p50_rep02_seed56.csv,terminal:T9,terminal,1,0.12153,0.0865587299876647,-0.0349712700123353,0.0349712700123353
NJstar-STRICT,50,2,56,NJstar_STRICT_completed_p50_rep02_seed56.csv,terminal:T10,terminal,1,0.18189,0.09636233536644004,-0.08552766463355996,0.08552766463355996
NJstar-STRICT,50,2,56,NJstar_STRICT_completed_p50_rep02_seed56.csv,internal:T11|T12|T13|T14|T15,internal,5,0.11651,0.006109139462191641,-0.11040086053780836,0.11040086053780836
NJstar-STRICT,50,2,56,NJstar_STRICT_completed_p50_rep02_seed56.csv,internal:T11|T12,internal,2,0.22637,0.05292407240804663,-0.17344592759195337,0.17344592759195337
NJstar-STRICT,50,2,56,NJstar_STRICT_completed_p50_rep02_seed56.csv,terminal:T11,terminal,1,0.16094,0.09203716748154565,-0.06890283251845435,0.06890283251845435
NJstar-STRICT,50,2,56,NJstar_STRICT_completed_p50_rep02_seed56.csv,terminal:T12,terminal,1,0.14942,0.08095193316997969,-0.06846806683002031,0.06846806683002031
NJstar-STRICT,50,2,56,NJstar_STRICT_completed_p50_rep02_seed56.csv,internal:T13|T14|T15,internal,3,0.18561,0.03724194772637819,-0.14836805227362182,0.14836805227362182
NJstar-STRICT,50,2,56,NJstar_STRICT_completed_p50_rep02_seed56.csv,terminal:T13,terminal,1,0.32149,0.12235693577491333,-0.19913306422508667,0.19913306422508667
NJstar-STRICT,50,2,56,NJstar_STRICT_completed_p50_rep02_seed56.csv,internal:T14|T15,internal,2,0.07113,0.006306046479328589,-0.06482395352067141,0.06482395352067141
NJstar-STRICT,50,2,56,NJstar_STRICT_completed_p50_rep02_seed56.csv,terminal:T14,terminal,1,0.34439,0.12445604549395602,-0.21993395450604397,0.21993395450604397
NJstar-STRICT,50,2,56,NJstar_STRICT_completed_p50_rep02_seed56.csv,terminal:T15,terminal,1,0.24256,0.11141574628818632,-0.13114425371181368,0.13114425371181368
NJstar-STRICT,50,5,59,NJstar_STRICT_completed_p50_rep05_seed59.csv,terminal:T1,terminal,1,0.05696,0.0406204915066086,-0.0163395084933914,0.0163395084933914
NJstar-STRICT,50,5,59,NJstar_STRICT_completed_p50_rep05_seed59.csv,internal:T2|T3,internal,2,0.03472,0.02501670113826207,-0.00970329886173793,0.00970329886173793
NJstar-STRICT,50,5,59,NJstar_STRICT_completed_p50_rep05_seed59.csv,terminal:T2,terminal,1,0.02433,0.020735498268973154,-0.0035945017310268466,0.0035945017310268466
NJstar-STRICT,50,5,59,NJstar_STRICT_completed_p50_rep05_seed59.csv,terminal:T3,terminal,1,0.02231,0.02029665063119601,-0.0020133493688039884,0.0020133493688039884
NJstar-STRICT,50,5,59,NJstar_STRICT_completed_p50_rep05_seed59.csv,internal:T1|T2|T3,internal,3,0.01863,0.006123895040230035,-0.012506104959769965,0.012506104959769965
NJstar-STRICT,50,5,59,NJstar_STRICT_completed_p50_rep05_seed59.csv,terminal:T4,terminal,1,0.07771,0.054774564265483064,-0.022935435734516937,0.022935435734516937
NJstar-STRICT,50,5,59,NJstar_STRICT_completed_p50_rep05_seed59.csv,internal:T1|T2|T3|T4,internal,4,0.04682,0.020447853949698724,-0.026372146050301276,0.026372146050301276
NJstar-STRICT,50,5,59,NJstar_STRICT_completed_p50_rep05_seed59.csv,terminal:T5,terminal,1,0.12997,0.07724063110923032,-0.05272936889076968,0.05272936889076968
NJstar-STRICT,50,5,59,NJstar_STRICT_completed_p50_rep05_seed59.csv,internal:T1|T2|T3|T4|T5,internal,5,0.03057,0.008656459374012233,-0.021913540625987767,0.021913540625987767
NJstar-STRICT,50,5,59,NJstar_STRICT_completed_p50_rep05_seed59.csv,terminal:T6,terminal,1,0.14605,0.08493064439982755,-0.06111935560017247,0.06111935560017247
NJstar-STRICT,50,5,59,NJstar_STRICT_completed_p50_rep05_seed59.csv,internal:T1|T2|T3|T4|T5|T6,internal,6,0.0721,0.019625211834636787,-0.05247478816536321,0.05247478816536321
NJstar-STRICT,50,5,59,NJstar_STRICT_completed_p50_rep05_seed59.csv,internal:T10|T7|T8|T9,internal,4,0.08603,0.01134162494152408,-0.07468837505847592,0.07468837505847592
NJstar-STRICT,50,5,59,NJstar_STRICT_completed_p50_rep05_seed59.csv,internal:T7|T8|T9,internal,3,0.05128,0.0,-0.05128,0.05128
NJstar-STRICT,50,5,59,NJstar_STRICT_completed_p50_rep05_seed59.csv,internal:T7|T8,internal,2,0.02354,0.0,-0.02354,0.02354
NJstar-STRICT,50,5,59,NJstar_STRICT_completed_p50_rep05_seed59.csv,terminal:T7,terminal,1,0.11573,0.09859030210549556,-0.017139697894504438,0.017139697894504438
NJstar-STRICT,50,5,59,NJstar_STRICT_completed_p50_rep05_seed59.csv,terminal:T8,terminal,1,0.11535,0.09986492850263264,-0.015485071497367359,0.015485071497367359
NJstar-STRICT,50,5,59,NJstar_STRICT_completed_p50_rep05_seed59.csv,terminal:T9,terminal,1,0.12153,0.0942791953431461,-0.027250804656853894,0.027250804656853894
NJstar-STRICT,50,5,59,NJstar_STRICT_completed_p50_rep05_seed59.csv,terminal:T10,terminal,1,0.18189,0.1023566950137674,-0.0795333049862326,0.0795333049862326
NJstar-STRICT,50,5,59,NJstar_STRICT_completed_p50_rep05_seed59.csv,internal:T11|T12|T13|T14|T15,internal,5,0.11651,0.021465345946616914,-0.09504465405338308,0.09504465405338308
NJstar-STRICT,50,5,59,NJstar_STRICT_completed_p50_rep05_seed59.csv,internal:T11|T12,internal,2,0.22637,0.0,-0.22637,0.22637
NJstar-STRICT,50,5,59,NJstar_STRICT_completed_p50_rep05_seed59.csv,terminal:T11,terminal,1,0.16094,0.13260597286302245,-0.028334027136977552,0.028334027136977552
NJstar-STRICT,50,5,59,NJstar_STRICT_completed_p50_rep05_seed59.csv,terminal:T12,terminal,1,0.14942,0.1276853018383628,-0.0217346981616372,0.0217346981616372
NJstar-STRICT,50,5,59,NJstar_STRICT_completed_p50_rep05_seed59.csv,internal:T13|T14|T15,internal,3,0.18561,0.008703886409124317,-0.17690611359087569,0.17690611359087569
NJstar-STRICT,50,5,59,NJstar_STRICT_completed_p50_rep05_seed59.csv,terminal:T13,terminal,1,0.32149,0.13558521072290905,-0.18590478927709095,0.18590478927709095
NJstar-STRICT,50,5,59,NJstar_STRICT_completed_p50_rep05_seed59.csv,internal:T14|T15,internal,2,0.07113,0.0,-0.07113,0.07113
NJstar-STRICT,50,5,59,NJstar_STRICT_completed_p50_rep05_seed59.csv,terminal:T14,terminal,1,0.34439,0.14699229922810114,-0.19739770077189883,0.19739770077189883
NJstar-STRICT,50,5,59,NJstar_STRICT_completed_p50_rep05_seed59.csv,terminal:T15,terminal,1,0.24256,0.13667458594817572,-0.10588541405182428,0.10588541405182428
NJstar-STRICT,50,6,60,NJstar_STRICT_completed_p50_rep06_seed60.csv,terminal:T1,terminal,1,0.05696,0.04154734229631822,-0.015412657703681776,0.015412657703681776
NJstar-STRICT,50,6,60,NJstar_STRICT_completed_p50_rep06_seed60.csv,internal:T2|T3,internal,2,0.03472,0.023826757031222803,-0.010893242968777198,0.010893242968777198
NJstar-STRICT,50,6,60,NJstar_STRICT_completed_p50_rep06_seed60.csv,terminal:T2,terminal,1,0.02433,0.021171730373262237,-0.003158269626737764,0.003158269626737764
NJstar-STRICT,50,6,60,NJstar_STRICT_completed_p50_rep06_seed60.csv,terminal:T3,terminal,1,0.02231,0.01986041852690703,-0.0024495814730929703,0.0024495814730929703
NJstar-STRICT,50,6,60,NJstar_STRICT_completed_p50_rep06_seed60.csv,internal:T1|T2|T3,internal,3,0.01863,0.010187642729784716,-0.008442357270215285,0.008442357270215285
NJstar-STRICT,50,6,60,NJstar_STRICT_completed_p50_rep06_seed60.csv,terminal:T4,terminal,1,0.07771,0.051590763529040164,-0.026119236470959838,0.026119236470959838
NJstar-STRICT,50,6,60,NJstar_STRICT_completed_p50_rep06_seed60.csv,internal:T1|T2|T3|T4,internal,4,0.04682,0.020361612946185312,-0.02645838705381469,0.02645838705381469
NJstar-STRICT,50,6,60,NJstar_STRICT_completed_p50_rep06_seed60.csv,terminal:T5,terminal,1,0.12997,0.07749753662398712,-0.052472463376012884,0.052472463376012884
NJstar-STRICT,50,6,60,NJstar_STRICT_completed_p50_rep06_seed60.csv,internal:T1|T2|T3|T4|T5,internal,5,0.03057,0.006380379813035166,-0.024189620186964834,0.024189620186964834
NJstar-STRICT,50,6,60,NJstar_STRICT_completed_p50_rep06_seed60.csv,terminal:T6,terminal,1,0.14605,0.0834616704742385,-0.06258832952576152,0.06258832952576152
NJstar-STRICT,50,6,60,NJstar_STRICT_completed_p50_rep06_seed60.csv,internal:T1|T2|T3|T4|T5|T6,internal,6,0.0721,0.025423970328796227,-0.04667602967120377,0.04667602967120377
NJstar-STRICT,50,6,60,NJstar_STRICT_completed_p50_rep06_seed60.csv,internal:T10|T7|T8|T9,internal,4,0.08603,0.020161039690651777,-0.06586896030934822,0.06586896030934822
NJstar-STRICT,50,6,60,NJstar_STRICT_completed_p50_rep06_seed60.csv,internal:T7|T8|T9,internal,3,0.05128,0.009758265362795098,-0.041521734637204905,0.041521734637204905
NJstar-STRICT,50,6,60,NJstar_STRICT_completed_p50_rep06_seed60.csv,internal:T7|T8,internal,2,0.02354,0.007433422000648518,-0.01610657799935148,0.01610657799935148
NJstar-STRICT,50,6,60,NJstar_STRICT_completed_p50_rep06_seed60.csv,terminal:T7,terminal,1,0.11573,0.07060634772372154,-0.04512365227627846,0.04512365227627846
NJstar-STRICT,50,6,60,NJstar_STRICT_completed_p50_rep06_seed60.csv,terminal:T8,terminal,1,0.11535,0.07639534411160644,-0.03895465588839356,0.03895465588839356
NJstar-STRICT,50,6,60,NJstar_STRICT_completed_p50_rep06_seed60.csv,terminal:T9,terminal,1,0.12153,0.08313390214916307,-0.03839609785083693,0.03839609785083693
NJstar-STRICT,50,6,60,NJstar_STRICT_completed_p50_rep06_seed60.csv,terminal:T10,terminal,1,0.18189,0.09717397144630587,-0.08471602855369413,0.08471602855369413
NJstar-STRICT,50,6,60,NJstar_STRICT_completed_p50_rep06_seed60.csv,internal:T11|T12|T13|T14|T15,internal,5,0.11651,0.0117916525329396,-0.10471834746706041,0.10471834746706041
NJstar-STRICT,50,6,60,NJstar_STRICT_completed_p50_rep06_seed60.csv,internal:T11|T12,internal,2,0.22637,0.042452663584347385,-0.1839173364156526,0.1839173364156526
NJstar-STRICT,50,6,60,NJstar_STRICT_completed_p50_rep06_seed60.csv,terminal:T11,terminal,1,0.16094,0.08973897305250157,-0.07120102694749843,0.07120102694749843
NJstar-STRICT,50,6,60,NJstar_STRICT_completed_p50_rep06_seed60.csv,terminal:T12,terminal,1,0.14942,0.08325012759902375,-0.06616987240097624,0.06616987240097624
NJstar-STRICT,50,6,60,NJstar_STRICT_completed_p50_rep06_seed60.csv,internal:T13|T14|T15,internal,3,0.18561,0.005281945948992032,-0.18032805405100796,0.18032805405100796
NJstar-STRICT,50,6,60,NJstar_STRICT_completed_p50_rep06_seed60.csv,terminal:T13,terminal,1,0.32149,0.14545100491709173,-0.17603899508290827,0.17603899508290827
NJstar-STRICT,50,6,60,NJstar_STRICT_completed_p50_rep06_seed60.csv,internal:T14|T15,internal,2,0.07113,0.0,-0.07113,0.07113
NJstar-STRICT,50,6,60,NJstar_STRICT_completed_p50_rep06_seed60.csv,terminal:T14,terminal,1,0.34439,0.15028313597591617,-0.1941068640240838,0.1941068640240838
NJstar-STRICT,50,6,60,NJstar_STRICT_completed_p50_rep06_seed60.csv,terminal:T15,terminal,1,0.24256,0.14464636558166527,-0.09791363441833473,0.09791363441833473
NJstar-STRICT,50,7,61,NJstar_STRICT_completed_p50_rep07_seed61.csv,terminal:T1,terminal,1,0.05696,0.07680482319372924,0.01984482319372924,0.01984482319372924
NJstar-STRICT,50,7,61,NJstar_STRICT_completed_p50_rep07_seed61.csv,internal:T2|T3,internal,2,0.03472,0.022084165878728794,-0.012635834121271207,0.012635834121271207
NJstar-STRICT,50,7,61,NJstar_STRICT_completed_p50_rep07_seed61.csv,terminal:T2,terminal,1,0.02433,0.0528036757242676,0.028473675724267598,0.028473675724267598
NJstar-STRICT,50,7,61,NJstar_STRICT_completed_p50_rep07_seed61.csv,terminal:T3,terminal,1,0.02231,0.049173273805125844,0.026863273805125844,0.026863273805125844
NJstar-STRICT,50,7,61,NJstar_STRICT_completed_p50_rep07_seed61.csv,internal:T1|T2|T3,internal,3,0.01863,0.0,-0.01863,0.01863
NJstar-STRICT,50,7,61,NJstar_STRICT_completed_p50_rep07_seed61.csv,terminal:T4,terminal,1,0.07771,0.07216278220434123,-0.005547217795658768,0.005547217795658768
NJstar-STRICT,50,7,61,NJstar_STRICT_completed_p50_rep07_seed61.csv,internal:T1|T2|T3|T4,internal,4,0.04682,0.0,-0.04682,0.04682
NJstar-STRICT,50,7,61,NJstar_STRICT_completed_p50_rep07_seed61.csv,terminal:T5,terminal,1,0.12997,0.0865541148075572,-0.0434158851924428,0.0434158851924428
NJstar-STRICT,50,7,61,NJstar_STRICT_completed_p50_rep07_seed61.csv,internal:T1|T2|T3|T4|T5,internal,5,0.03057,0.014556896276101737,-0.01601310372389826,0.01601310372389826
NJstar-STRICT,50,7,61,NJstar_STRICT_completed_p50_rep07_seed61.csv,terminal:T6,terminal,1,0.14605,0.09091383718624038,-0.05513616281375963,0.05513616281375963
NJstar-STRICT,50,7,61,NJstar_STRICT_completed_p50_rep07_seed61.csv,internal:T1|T2|T3|T4|T5|T6,internal,6,0.0721,0.004013214022503672,-0.06808678597749633,0.06808678597749633
NJstar-STRICT,50,7,61,NJstar_STRICT_completed_p50_rep07_seed61.csv,internal:T10|T7|T8|T9,internal,4,0.08603,0.02192462279057678,-0.06410537720942322,0.06410537720942322
NJstar-STRICT,50,7,61,NJstar_STRICT_completed_p50_rep07_seed61.csv,internal:T7|T8|T9,internal,3,0.05128,0.006183920379486733,-0.04509607962051326,0.04509607962051326
NJstar-STRICT,50,7,61,NJstar_STRICT_completed_p50_rep07_seed61.csv,internal:T7|T8,internal,2,0.02354,0.0156606553213025,-0.007879344678697497,0.007879344678697497
NJstar-STRICT,50,7,61,NJstar_STRICT_completed_p50_rep07_seed61.csv,terminal:T7,terminal,1,0.11573,0.0695532768363763,-0.0461767231636237,0.0461767231636237
NJstar-STRICT,50,7,61,NJstar_STRICT_completed_p50_rep07_seed61.csv,terminal:T8,terminal,1,0.11535,0.07744841499895176,-0.03790158500104823,0.03790158500104823
NJstar-STRICT,50,7,61,NJstar_STRICT_completed_p50_rep07_seed61.csv,terminal:T9,terminal,1,0.12153,0.06484583344200467,-0.056684166557995325,0.056684166557995325
NJstar-STRICT,50,7,61,NJstar_STRICT_completed_p50_rep07_seed61.csv,terminal:T10,terminal,1,0.18189,0.09272730528301987,-0.08916269471698013,0.08916269471698013
NJstar-STRICT,50,7,61,NJstar_STRICT_completed_p50_rep07_seed61.csv,internal:T11|T12|T13|T14|T15,internal,5,0.11651,0.03140325531836797,-0.08510674468163204,0.08510674468163204
NJstar-STRICT,50,7,61,NJstar_STRICT_completed_p50_rep07_seed61.csv,internal:T11|T12,internal,2,0.22637,0.04466094169924726,-0.18170905830075273,0.18170905830075273
NJstar-STRICT,50,7,61,NJstar_STRICT_completed_p50_rep07_seed61.csv,terminal:T11,terminal,1,0.16094,0.08394086357535228,-0.07699913642464772,0.07699913642464772
NJstar-STRICT,50,7,61,NJstar_STRICT_completed_p50_rep07_seed61.csv,terminal:T12,terminal,1,0.14942,0.08904823707617299,-0.06037176292382701,0.06037176292382701
NJstar-STRICT,50,7,61,NJstar_STRICT_completed_p50_rep07_seed61.csv,internal:T13|T14|T15,internal,3,0.18561,0.014818972035669167,-0.17079102796433082,0.17079102796433082
NJstar-STRICT,50,7,61,NJstar_STRICT_completed_p50_rep07_seed61.csv,terminal:T13,terminal,1,0.32149,0.12407112096014816,-0.19741887903985184,0.19741887903985184
NJstar-STRICT,50,7,61,NJstar_STRICT_completed_p50_rep07_seed61.csv,internal:T14|T15,internal,2,0.07113,0.010470293460245852,-0.060659706539754145,0.060659706539754145
NJstar-STRICT,50,7,61,NJstar_STRICT_completed_p50_rep07_seed61.csv,terminal:T14,terminal,1,0.34439,0.1284570683372957,-0.21593293166270427,0.21593293166270427
NJstar-STRICT,50,7,61,NJstar_STRICT_completed_p50_rep07_seed61.csv,terminal:T15,terminal,1,0.24256,0.10741472344484676,-0.13514527655515324,0.13514527655515324
NJstar-STRICT,50,8,62,NJstar_STRICT_completed_p50_rep08_seed62.csv,terminal:T1,terminal,1,0.05696,0.037434136411995965,-0.019525863588004032,0.019525863588004032
NJstar-STRICT,50,8,62,NJstar_STRICT_completed_p50_rep08_seed62.csv,internal:T2|T3,internal,2,0.03472,0.0,-0.03472,0.03472
NJstar-STRICT,50,8,62,NJstar_STRICT_completed_p50_rep08_seed62.csv,terminal:T2,terminal,1,0.02433,0.05114582083576519,0.026815820835765187,0.026815820835765187
NJstar-STRICT,50,8,62,NJstar_STRICT_completed_p50_rep08_seed62.csv,terminal:T3,terminal,1,0.02231,0.04942513034676492,0.02711513034676492,0.02711513034676492
NJstar-STRICT,50,8,62,NJstar_STRICT_completed_p50_rep08_seed62.csv,internal:T1|T2|T3,internal,3,0.01863,0.0019012556438919009,-0.016728744356108098,0.016728744356108098
NJstar-STRICT,50,8,62,NJstar_STRICT_completed_p50_rep08_seed62.csv,terminal:T4,terminal,1,0.07771,0.05152317743595788,-0.026186822564042124,0.026186822564042124
NJstar-STRICT,50,8,62,NJstar_STRICT_completed_p50_rep08_seed62.csv,internal:T1|T2|T3|T4,internal,4,0.04682,0.021360475701513133,-0.025459524298486868,0.025459524298486868
NJstar-STRICT,50,8,62,NJstar_STRICT_completed_p50_rep08_seed62.csv,terminal:T5,terminal,1,0.12997,0.07502523394177137,-0.054944766058228636,0.054944766058228636
NJstar-STRICT,50,8,62,NJstar_STRICT_completed_p50_rep08_seed62.csv,internal:T1|T2|T3|T4|T5,internal,5,0.03057,0.012218646518761705,-0.018351353481238293,0.018351353481238293
NJstar-STRICT,50,8,62,NJstar_STRICT_completed_p50_rep08_seed62.csv,terminal:T6,terminal,1,0.14605,0.08159396778285821,-0.0644560322171418,0.0644560322171418
NJstar-STRICT,50,8,62,NJstar_STRICT_completed_p50_rep08_seed62.csv,internal:T1|T2|T3|T4|T5|T6,internal,6,0.0721,0.016765834906814433,-0.05533416509318556,0.05533416509318556
NJstar-STRICT,50,8,62,NJstar_STRICT_completed_p50_rep08_seed62.csv,internal:T10|T7|T8|T9,internal,4,0.08603,0.010968813403555502,-0.07506118659644449,0.07506118659644449
NJstar-STRICT,50,8,62,NJstar_STRICT_completed_p50_rep08_seed62.csv,internal:T7|T8|T9,internal,3,0.05128,0.02484938385247349,-0.02643061614752651,0.02643061614752651
NJstar-STRICT,50,8,62,NJstar_STRICT_completed_p50_rep08_seed62.csv,internal:T7|T8,internal,2,0.02354,0.0,-0.02354,0.02354
NJstar-STRICT,50,8,62,NJstar_STRICT_completed_p50_rep08_seed62.csv,terminal:T7,terminal,1,0.11573,0.07304444592531407,-0.042685554074685925,0.042685554074685925
NJstar-STRICT,50,8,62,NJstar_STRICT_completed_p50_rep08_seed62.csv,terminal:T8,terminal,1,0.11535,0.08189361812669245,-0.033456381873307545,0.033456381873307545
NJstar-STRICT,50,8,62,NJstar_STRICT_completed_p50_rep08_seed62.csv,terminal:T9,terminal,1,0.12153,0.0775738137056994,-0.043956186294300606,0.043956186294300606
NJstar-STRICT,50,8,62,NJstar_STRICT_completed_p50_rep08_seed62.csv,terminal:T10,terminal,1,0.18189,0.09384852129756113,-0.08804147870243886,0.08804147870243886
NJstar-STRICT,50,8,62,NJstar_STRICT_completed_p50_rep08_seed62.csv,internal:T11|T12|T13|T14|T15,internal,5,0.11651,0.009100658609661598,-0.1074093413903384,0.1074093413903384
NJstar-STRICT,50,8,62,NJstar_STRICT_completed_p50_rep08_seed62.csv,internal:T11|T12,internal,2,0.22637,0.057984340662521984,-0.168385659337478,0.168385659337478
NJstar-STRICT,50,8,62,NJstar_STRICT_completed_p50_rep08_seed62.csv,terminal:T11,terminal,1,0.16094,0.08940303112635226,-0.07153696887364774,0.07153696887364774
NJstar-STRICT,50,8,62,NJstar_STRICT_completed_p50_rep08_seed62.csv,terminal:T12,terminal,1,0.14942,0.08358606952517307,-0.06583393047482693,0.06583393047482693
NJstar-STRICT,50,8,62,NJstar_STRICT_completed_p50_rep08_seed62.csv,internal:T13|T14|T15,internal,3,0.18561,0.0,-0.18561,0.18561
NJstar-STRICT,50,8,62,NJstar_STRICT_completed_p50_rep08_seed62.csv,terminal:T13,terminal,1,0.32149,0.15436488625757497,-0.16712511374242503,0.16712511374242503
NJstar-STRICT,50,8,62,NJstar_STRICT_completed_p50_rep08_seed62.csv,internal:T14|T15,internal,2,0.07113,0.0,-0.07113,0.07113
NJstar-STRICT,50,8,62,NJstar_STRICT_completed_p50_rep08_seed62.csv,terminal:T14,terminal,1,0.34439,0.1642726369271227,-0.18011736307287726,0.18011736307287726
NJstar-STRICT,50,8,62,NJstar_STRICT_completed_p50_rep08_seed62.csv,terminal:T15,terminal,1,0.24256,0.19308754544756154,-0.049472454552438455,0.049472454552438455
NJstar-STRICT,50,9,63,NJstar_STRICT_completed_p50_rep09_seed63.csv,terminal:T1,terminal,1,0.05696,0.058908216656389636,0.0019482166563896397,0.0019482166563896397
NJstar-STRICT,50,9,63,NJstar_STRICT_completed_p50_rep09_seed63.csv,internal:T2|T3,internal,2,0.03472,0.0,-0.03472,0.03472
NJstar-STRICT,50,9,63,NJstar_STRICT_completed_p50_rep09_seed63.csv,terminal:T2,terminal,1,0.02433,0.05765339974473382,0.03332339974473382,0.03332339974473382
NJstar-STRICT,50,9,63,NJstar_STRICT_completed_p50_rep09_seed63.csv,terminal:T3,terminal,1,0.02231,0.05379288154060161,0.03148288154060161,0.03148288154060161
NJstar-STRICT,50,9,63,NJstar_STRICT_completed_p50_rep09_seed63.csv,internal:T1|T2|T3,internal,3,0.01863,0.0035407039083529238,-0.015089296091647077,0.015089296091647077
NJstar-STRICT,50,9,63,NJstar_STRICT_completed_p50_rep09_seed63.csv,terminal:T4,terminal,1,0.07771,0.04858586470739816,-0.02912413529260184,0.02912413529260184
NJstar-STRICT,50,9,63,NJstar_STRICT_completed_p50_rep09_seed63.csv,internal:T1|T2|T3|T4,internal,4,0.04682,0.012114159281463928,-0.03470584071853607,0.03470584071853607
NJstar-STRICT,50,9,63,NJstar_STRICT_completed_p50_rep09_seed63.csv,terminal:T5,terminal,1,0.12997,0.0740167833813164,-0.055953216618683604,0.055953216618683604
NJstar-STRICT,50,9,63,NJstar_STRICT_completed_p50_rep09_seed63.csv,internal:T1|T2|T3|T4|T5,internal,5,0.03057,0.0,-0.03057,0.03057
NJstar-STRICT,50,9,63,NJstar_STRICT_completed_p50_rep09_seed63.csv,terminal:T6,terminal,1,0.14605,0.08437286537725092,-0.0616771346227491,0.0616771346227491
NJstar-STRICT,50,9,63,NJstar_STRICT_completed_p50_rep09_seed63.csv,internal:T1|T2|T3|T4|T5|T6,internal,6,0.0721,0.033438041034500286,-0.03866195896549971,0.03866195896549971
NJstar-STRICT,50,9,63,NJstar_STRICT_completed_p50_rep09_seed63.csv,internal:T10|T7|T8|T9,internal,4,0.08603,0.009394142762694213,-0.07663585723730579,0.07663585723730579
NJstar-STRICT,50,9,63,NJstar_STRICT_completed_p50_rep09_seed63.csv,internal:T7|T8|T9,internal,3,0.05128,0.0,-0.05128,0.05128
NJstar-STRICT,50,9,63,NJstar_STRICT_completed_p50_rep09_seed63.csv,internal:T7|T8,internal,2,0.02354,0.0,-0.02354,0.02354
NJstar-STRICT,50,9,63,NJstar_STRICT_completed_p50_rep09_seed63.csv,terminal:T7,terminal,1,0.11573,0.09382042800674875,-0.021909571993251248,0.021909571993251248
NJstar-STRICT,50,9,63,NJstar_STRICT_completed_p50_rep09_seed63.csv,terminal:T8,terminal,1,0.11535,0.10675090229989735,-0.008599097700102643,0.008599097700102643
NJstar-STRICT,50,9,63,NJstar_STRICT_completed_p50_rep09_seed63.csv,terminal:T9,terminal,1,0.12153,0.09624068309963765,-0.025289316900362346,0.025289316900362346
NJstar-STRICT,50,9,63,NJstar_STRICT_completed_p50_rep09_seed63.csv,terminal:T10,terminal,1,0.18189,0.10219201172351199,-0.07969798827648801,0.07969798827648801
NJstar-STRICT,50,9,63,NJstar_STRICT_completed_p50_rep09_seed63.csv,internal:T11|T12|T13|T14|T15,internal,5,0.11651,0.022354017167337727,-0.09415598283266227,0.09415598283266227
NJstar-STRICT,50,9,63,NJstar_STRICT_completed_p50_rep09_seed63.csv,internal:T11|T12,internal,2,0.22637,0.04098732314815458,-0.1853826768518454,0.1853826768518454
NJstar-STRICT,50,9,63,NJstar_STRICT_completed_p50_rep09_seed63.csv,terminal:T11,terminal,1,0.16094,0.08654275021377374,-0.07439724978622626,0.07439724978622626
NJstar-STRICT,50,9,63,NJstar_STRICT_completed_p50_rep09_seed63.csv,terminal:T12,terminal,1,0.14942,0.08644635043775153,-0.06297364956224846,0.06297364956224846
NJstar-STRICT,50,9,63,NJstar_STRICT_completed_p50_rep09_seed63.csv,internal:T13|T14|T15,internal,3,0.18561,0.0031235735489593087,-0.18248642645104068,0.18248642645104068
NJstar-STRICT,50,9,63,NJstar_STRICT_completed_p50_rep09_seed63.csv,terminal:T13,terminal,1,0.32149,0.14823457354578945,-0.17325542645421055,0.17325542645421055
NJstar-STRICT,50,9,63,NJstar_STRICT_completed_p50_rep09_seed63.csv,internal:T14|T15,internal,2,0.07113,0.025824731245974335,-0.045305268754025664,0.045305268754025664
NJstar-STRICT,50,9,63,NJstar_STRICT_completed_p50_rep09_seed63.csv,terminal:T14,terminal,1,0.34439,0.1244685511014342,-0.21992144889856577,0.21992144889856577
NJstar-STRICT,50,9,63,NJstar_STRICT_completed_p50_rep09_seed63.csv,terminal:T15,terminal,1,0.24256,0.11140324068070818,-0.13115675931929183,0.13115675931929183
NJstar-STRICT,50,12,66,NJstar_STRICT_completed_p50_rep12_seed66.csv,terminal:T1,terminal,1,0.05696,0.07241502710370021,0.015455027103700211,0.015455027103700211
NJstar-STRICT,50,12,66,NJstar_STRICT_completed_p50_rep12_seed66.csv,internal:T2|T3,internal,2,0.03472,0.054564870565915594,0.019844870565915593,0.019844870565915593
NJstar-STRICT,50,12,66,NJstar_STRICT_completed_p50_rep12_seed66.csv,terminal:T2,terminal,1,0.02433,0.020987909018819095,-0.0033420909811809063,0.0033420909811809063
NJstar-STRICT,50,12,66,NJstar_STRICT_completed_p50_rep12_seed66.csv,terminal:T3,terminal,1,0.02231,0.020044239881350165,-0.002265760118649835,0.002265760118649835
NJstar-STRICT,50,12,66,NJstar_STRICT_completed_p50_rep12_seed66.csv,internal:T1|T2|T3,internal,3,0.01863,0.0,-0.01863,0.01863
NJstar-STRICT,50,12,66,NJstar_STRICT_completed_p50_rep12_seed66.csv,terminal:T4,terminal,1,0.07771,0.07893713280599726,0.0012271328059972608,0.0012271328059972608
NJstar-STRICT,50,12,66,NJstar_STRICT_completed_p50_rep12_seed66.csv,internal:T1|T2|T3|T4,internal,4,0.04682,0.0,-0.04682,0.04682
NJstar-STRICT,50,12,66,NJstar_STRICT_completed_p50_rep12_seed66.csv,terminal:T5,terminal,1,0.12997,0.07687968288341757,-0.053090317116582436,0.053090317116582436
NJstar-STRICT,50,12,66,NJstar_STRICT_completed_p50_rep12_seed66.csv,internal:T1|T2|T3|T4|T5,internal,5,0.03057,0.001713873560558153,-0.028856126439441847,0.028856126439441847
NJstar-STRICT,50,12,66,NJstar_STRICT_completed_p50_rep12_seed66.csv,terminal:T6,terminal,1,0.14605,0.08474959333453859,-0.061300406665461424,0.061300406665461424
NJstar-STRICT,50,12,66,NJstar_STRICT_completed_p50_rep12_seed66.csv,internal:T1|T2|T3|T4|T5|T6,internal,6,0.0721,0.023137833976234336,-0.04896216602376566,0.04896216602376566
NJstar-STRICT,50,12,66,NJstar_STRICT_completed_p50_rep12_seed66.csv,internal:T10|T7|T8|T9,internal,4,0.08603,0.01587813467280818,-0.07015186532719181,0.07015186532719181
NJstar-STRICT,50,12,66,NJstar_STRICT_completed_p50_rep12_seed66.csv,internal:T7|T8|T9,internal,3,0.05128,0.015647208837285865,-0.03563279116271413,0.03563279116271413
NJstar-STRICT,50,12,66,NJstar_STRICT_completed_p50_rep12_seed66.csv,internal:T7|T8,internal,2,0.02354,0.00420233882112755,-0.019337661178872447,0.019337661178872447
NJstar-STRICT,50,12,66,NJstar_STRICT_completed_p50_rep12_seed66.csv,terminal:T7,terminal,1,0.11573,0.07022136302546551,-0.045508636974534486,0.045508636974534486
NJstar-STRICT,50,12,66,NJstar_STRICT_completed_p50_rep12_seed66.csv,terminal:T8,terminal,1,0.11535,0.0767803288098625,-0.03856967119013749,0.03856967119013749
NJstar-STRICT,50,12,66,NJstar_STRICT_completed_p50_rep12_seed66.csv,terminal:T9,terminal,1,0.12153,0.07630414994217967,-0.04522585005782033,0.04522585005782033
NJstar-STRICT,50,12,66,NJstar_STRICT_completed_p50_rep12_seed66.csv,terminal:T10,terminal,1,0.18189,0.09731739035206814,-0.08457260964793185,0.08457260964793185
NJstar-STRICT,50,12,66,NJstar_STRICT_completed_p50_rep12_seed66.csv,internal:T11|T12|T13|T14|T15,internal,5,0.11651,0.02309238481494466,-0.09341761518505534,0.09341761518505534
NJstar-STRICT,50,12,66,NJstar_STRICT_completed_p50_rep12_seed66.csv,internal:T11|T12,internal,2,0.22637,0.04268728806518538,-0.1836827119348146,0.1836827119348146
NJstar-STRICT,50,12,66,NJstar_STRICT_completed_p50_rep12_seed66.csv,terminal:T11,terminal,1,0.16094,0.08742437877331521,-0.07351562122668479,0.07351562122668479
NJstar-STRICT,50,12,66,NJstar_STRICT_completed_p50_rep12_seed66.csv,terminal:T12,terminal,1,0.14942,0.08556472187821014,-0.06385527812178986,0.06385527812178986
NJstar-STRICT,50,12,66,NJstar_STRICT_completed_p50_rep12_seed66.csv,internal:T13|T14|T15,internal,3,0.18561,0.02211592548382609,-0.1634940745161739,0.1634940745161739
NJstar-STRICT,50,12,66,NJstar_STRICT_completed_p50_rep12_seed66.csv,terminal:T13,terminal,1,0.32149,0.12163561784691947,-0.19985438215308055,0.19985438215308055
NJstar-STRICT,50,12,66,NJstar_STRICT_completed_p50_rep12_seed66.csv,internal:T14|T15,internal,2,0.07113,0.0,-0.07113,0.07113
NJstar-STRICT,50,12,66,NJstar_STRICT_completed_p50_rep12_seed66.csv,terminal:T14,terminal,1,0.34439,0.1316144580677484,-0.21277554193225157,0.21277554193225157
NJstar-STRICT,50,12,66,NJstar_STRICT_completed_p50_rep12_seed66.csv,terminal:T15,terminal,1,0.24256,0.11853225754376297,-0.12402774245623703,0.12402774245623703
NJstar-STRICT,50,13,67,NJstar_STRICT_completed_p50_rep13_seed67.csv,terminal:T1,terminal,1,0.05696,0.11593765294966445,0.05897765294966445,0.05897765294966445
NJstar-STRICT,50,13,67,NJstar_STRICT_completed_p50_rep13_seed67.csv,internal:T2|T3,internal,2,0.03472,0.009611941925382398,-0.025108058074617603,0.025108058074617603
NJstar-STRICT,50,13,67,NJstar_STRICT_completed_p50_rep13_seed67.csv,terminal:T2,terminal,1,0.02433,0.07843447343538142,0.05410447343538141,0.05410447343538141
NJstar-STRICT,50,13,67,NJstar_STRICT_completed_p50_rep13_seed67.csv,terminal:T3,terminal,1,0.02231,0.08179638673173524,0.059486386731735244,0.059486386731735244
NJstar-STRICT,50,13,67,NJstar_STRICT_completed_p50_rep13_seed67.csv,internal:T1|T2|T3,internal,3,0.01863,0.0,-0.01863,0.01863
NJstar-STRICT,50,13,67,NJstar_STRICT_completed_p50_rep13_seed67.csv,terminal:T4,terminal,1,0.07771,0.09143504990974896,0.01372504990974896,0.01372504990974896
NJstar-STRICT,50,13,67,NJstar_STRICT_completed_p50_rep13_seed67.csv,internal:T1|T2|T3|T4,internal,4,0.04682,0.0,-0.04682,0.04682
NJstar-STRICT,50,13,67,NJstar_STRICT_completed_p50_rep13_seed67.csv,terminal:T5,terminal,1,0.12997,0.09377481822090046,-0.03619518177909954,0.03619518177909954
NJstar-STRICT,50,13,67,NJstar_STRICT_completed_p50_rep13_seed67.csv,internal:T1|T2|T3|T4|T5,internal,5,0.03057,0.0,-0.03057,0.03057
NJstar-STRICT,50,13,67,NJstar_STRICT_completed_p50_rep13_seed67.csv,terminal:T6,terminal,1,0.14605,0.09525276294233948,-0.05079723705766054,0.05079723705766054
NJstar-STRICT,50,13,67,NJstar_STRICT_completed_p50_rep13_seed67.csv,internal:T1|T2|T3|T4|T5|T6,internal,6,0.0721,0.009535825849970276,-0.06256417415002972,0.06256417415002972
NJstar-STRICT,50,13,67,NJstar_STRICT_completed_p50_rep13_seed67.csv,internal:T10|T7|T8|T9,internal,4,0.08603,0.006193975157927173,-0.07983602484207282,0.07983602484207282
NJstar-STRICT,50,13,67,NJstar_STRICT_completed_p50_rep13_seed67.csv,internal:T7|T8|T9,internal,3,0.05128,0.020961264953884756,-0.030318735046115243,0.030318735046115243
NJstar-STRICT,50,13,67,NJstar_STRICT_completed_p50_rep13_seed67.csv,internal:T7|T8,internal,2,0.02354,0.0018632733369585248,-0.021676726663041473,0.021676726663041473
NJstar-STRICT,50,13,67,NJstar_STRICT_completed_p50_rep13_seed67.csv,terminal:T7,terminal,1,0.11573,0.06325835916412441,-0.05247164083587559,0.05247164083587559
NJstar-STRICT,50,13,67,NJstar_STRICT_completed_p50_rep13_seed67.csv,terminal:T8,terminal,1,0.11535,0.08374333267120357,-0.031606667328796426,0.031606667328796426
NJstar-STRICT,50,13,67,NJstar_STRICT_completed_p50_rep13_seed67.csv,terminal:T9,terminal,1,0.12153,0.07864321542634867,-0.04288678457365133,0.04288678457365133
NJstar-STRICT,50,13,67,NJstar_STRICT_completed_p50_rep13_seed67.csv,terminal:T10,terminal,1,0.18189,0.1049793049662563,-0.07691069503374369,0.07691069503374369
NJstar-STRICT,50,13,67,NJstar_STRICT_completed_p50_rep13_seed67.csv,internal:T11|T12|T13|T14|T15,internal,5,0.11651,0.0223403471885345,-0.0941696528114655,0.0941696528114655
NJstar-STRICT,50,13,67,NJstar_STRICT_completed_p50_rep13_seed67.csv,internal:T11|T12,internal,2,0.22637,0.0,-0.22637,0.22637
NJstar-STRICT,50,13,67,NJstar_STRICT_completed_p50_rep13_seed67.csv,terminal:T11,terminal,1,0.16094,0.13352107373790342,-0.027418926262096577,0.027418926262096577
NJstar-STRICT,50,13,67,NJstar_STRICT_completed_p50_rep13_seed67.csv,terminal:T12,terminal,1,0.14942,0.13308815293731832,-0.016331847062681676,0.016331847062681676
NJstar-STRICT,50,13,67,NJstar_STRICT_completed_p50_rep13_seed67.csv,internal:T13|T14|T15,internal,3,0.18561,0.023680404018094275,-0.16192959598190573,0.16192959598190573
NJstar-STRICT,50,13,67,NJstar_STRICT_completed_p50_rep13_seed67.csv,terminal:T13,terminal,1,0.32149,0.12118434591067008,-0.20030565408932993,0.20030565408932993
NJstar-STRICT,50,13,67,NJstar_STRICT_completed_p50_rep13_seed67.csv,internal:T14|T15,internal,2,0.07113,0.0,-0.07113,0.07113
NJstar-STRICT,50,13,67,NJstar_STRICT_completed_p50_rep13_seed67.csv,terminal:T14,terminal,1,0.34439,0.13067783639450298,-0.213712163605497,0.213712163605497
NJstar-STRICT,50,13,67,NJstar_STRICT_completed_p50_rep13_seed67.csv,terminal:T15,terminal,1,0.24256,0.12253672942323596,-0.12002327057676404,0.12002327057676404
NJstar-STRICT,50,14,68,NJstar_STRICT_completed_p50_rep14_seed68.csv,terminal:T1,terminal,1,0.05696,0.06337248785004133,0.006412487850041337,0.006412487850041337
NJstar-STRICT,50,14,68,NJstar_STRICT_completed_p50_rep14_seed68.csv,internal:T2|T3,internal,2,0.03472,0.0,-0.03472,0.03472
NJstar-STRICT,50,14,68,NJstar_STRICT_completed_p50_rep14_seed68.csv,terminal:T2,terminal,1,0.02433,0.07270244247907014,0.04837244247907013,0.04837244247907013
NJstar-STRICT,50,14,68,NJstar_STRICT_completed_p50_rep14_seed68.csv,terminal:T3,terminal,1,0.02231,0.06399551617302039,0.041685516173020395,0.041685516173020395
NJstar-STRICT,50,14,68,NJstar_STRICT_completed_p50_rep14_seed68.csv,internal:T1|T2|T3,internal,3,0.01863,0.007593114440716015,-0.011036885559283987,0.011036885559283987
NJstar-STRICT,50,14,68,NJstar_STRICT_completed_p50_rep14_seed68.csv,terminal:T4,terminal,1,0.07771,0.07760629439865595,-0.00010370560134405349,0.00010370560134405349
NJstar-STRICT,50,14,68,NJstar_STRICT_completed_p50_rep14_seed68.csv,internal:T1|T2|T3|T4,internal,4,0.04682,0.0,-0.04682,0.04682
NJstar-STRICT,50,14,68,NJstar_STRICT_completed_p50_rep14_seed68.csv,terminal:T5,terminal,1,0.12997,0.07935498866355875,-0.05061501133644125,0.05061501133644125
NJstar-STRICT,50,14,68,NJstar_STRICT_completed_p50_rep14_seed68.csv,internal:T1|T2|T3|T4|T5,internal,5,0.03057,0.0044304376575238546,-0.026139562342476146,0.026139562342476146
NJstar-STRICT,50,14,68,NJstar_STRICT_completed_p50_rep14_seed68.csv,terminal:T6,terminal,1,0.14605,0.08547796855057414,-0.06057203144942587,0.06057203144942587
NJstar-STRICT,50,14,68,NJstar_STRICT_completed_p50_rep14_seed68.csv,internal:T1|T2|T3|T4|T5|T6,internal,6,0.0721,0.019776760278332653,-0.052323239721667344,0.052323239721667344
NJstar-STRICT,50,14,68,NJstar_STRICT_completed_p50_rep14_seed68.csv,internal:T10|T7|T8|T9,internal,4,0.08603,0.015222726095503375,-0.07080727390449662,0.07080727390449662
NJstar-STRICT,50,14,68,NJstar_STRICT_completed_p50_rep14_seed68.csv,internal:T7|T8|T9,internal,3,0.05128,0.014565580690471376,-0.03671441930952862,0.03671441930952862
NJstar-STRICT,50,14,68,NJstar_STRICT_completed_p50_rep14_seed68.csv,internal:T7|T8,internal,2,0.02354,0.005803460818574692,-0.017736539181425308,0.017736539181425308
NJstar-STRICT,50,14,68,NJstar_STRICT_completed_p50_rep14_seed68.csv,terminal:T7,terminal,1,0.11573,0.06998190958466237,-0.04574809041533763,0.04574809041533763
NJstar-STRICT,50,14,68,NJstar_STRICT_completed_p50_rep14_seed68.csv,terminal:T8,terminal,1,0.11535,0.07701978225066562,-0.03833021774933437,0.03833021774933437
NJstar-STRICT,50,14,68,NJstar_STRICT_completed_p50_rep14_seed68.csv,terminal:T9,terminal,1,0.12153,0.07695648478401904,-0.04457351521598096,0.04457351521598096
NJstar-STRICT,50,14,68,NJstar_STRICT_completed_p50_rep14_seed68.csv,terminal:T10,terminal,1,0.18189,0.09776470781534066,-0.08412529218465933,0.08412529218465933
NJstar-STRICT,50,14,68,NJstar_STRICT_completed_p50_rep14_seed68.csv,internal:T11|T12|T13|T14|T15,internal,5,0.11651,0.01199327398716151,-0.1045167260128385,0.1045167260128385
NJstar-STRICT,50,14,68,NJstar_STRICT_completed_p50_rep14_seed68.csv,internal:T11|T12,internal,2,0.22637,0.05286907543081478,-0.1735009245691852,0.1735009245691852
NJstar-STRICT,50,14,68,NJstar_STRICT_completed_p50_rep14_seed68.csv,terminal:T11,terminal,1,0.16094,0.0873034838951287,-0.0736365161048713,0.0736365161048713
NJstar-STRICT,50,14,68,NJstar_STRICT_completed_p50_rep14_seed68.csv,terminal:T12,terminal,1,0.14942,0.08568561675639663,-0.06373438324360337,0.06373438324360337
NJstar-STRICT,50,14,68,NJstar_STRICT_completed_p50_rep14_seed68.csv,internal:T13|T14|T15,internal,3,0.18561,0.0,-0.18561,0.18561
NJstar-STRICT,50,14,68,NJstar_STRICT_completed_p50_rep14_seed68.csv,terminal:T13,terminal,1,0.32149,0.15451648429444045,-0.16697351570555954,0.16697351570555954
NJstar-STRICT,50,14,68,NJstar_STRICT_completed_p50_rep14_seed68.csv,internal:T14|T15,internal,2,0.07113,0.0,-0.07113,0.07113
NJstar-STRICT,50,14,68,NJstar_STRICT_completed_p50_rep14_seed68.csv,terminal:T14,terminal,1,0.34439,0.16205379811920742,-0.18233620188079255,0.18233620188079255
NJstar-STRICT,50,14,68,NJstar_STRICT_completed_p50_rep14_seed68.csv,terminal:T15,terminal,1,0.24256,0.1642644063018094,-0.07829559369819059,0.07829559369819059
NJstar-STRICT,50,15,69,NJstar_STRICT_completed_p50_rep15_seed69.csv,terminal:T1,terminal,1,0.05696,0.04028808735660048,-0.016671912643399518,0.016671912643399518
NJstar-STRICT,50,15,69,NJstar_STRICT_completed_p50_rep15_seed69.csv,internal:T2|T3,internal,2,0.03472,0.025095664467275007,-0.009624335532724994,0.009624335532724994
NJstar-STRICT,50,15,69,NJstar_STRICT_completed_p50_rep15_seed69.csv,terminal:T2,terminal,1,0.02433,0.020950366006741123,-0.003379633993258878,0.003379633993258878
NJstar-STRICT,50,15,69,NJstar_STRICT_completed_p50_rep15_seed69.csv,terminal:T3,terminal,1,0.02231,0.020081782893428,-0.002228217106571999,0.002228217106571999
NJstar-STRICT,50,15,69,NJstar_STRICT_completed_p50_rep15_seed69.csv,internal:T1|T2|T3,internal,3,0.01863,0.008656575249039452,-0.009973424750960549,0.009973424750960549
NJstar-STRICT,50,15,69,NJstar_STRICT_completed_p50_rep15_seed69.csv,terminal:T4,terminal,1,0.07771,0.05710842690664175,-0.02060157309335825,0.02060157309335825
NJstar-STRICT,50,15,69,NJstar_STRICT_completed_p50_rep15_seed69.csv,internal:T1|T2|T3|T4,internal,4,0.04682,0.017332160922076907,-0.029487839077923093,0.029487839077923093
NJstar-STRICT,50,15,69,NJstar_STRICT_completed_p50_rep15_seed69.csv,terminal:T5,terminal,1,0.12997,0.07746531668365096,-0.05250468331634904,0.05250468331634904
NJstar-STRICT,50,15,69,NJstar_STRICT_completed_p50_rep15_seed69.csv,internal:T1|T2|T3|T4|T5,internal,5,0.03057,0.007191095700758385,-0.023378904299241617,0.023378904299241617
NJstar-STRICT,50,15,69,NJstar_STRICT_completed_p50_rep15_seed69.csv,terminal:T6,terminal,1,0.14605,0.08553648832232857,-0.06051351167767144,0.06051351167767144
NJstar-STRICT,50,15,69,NJstar_STRICT_completed_p50_rep15_seed69.csv,internal:T1|T2|T3|T4|T5|T6,internal,6,0.0721,0.020809198490503566,-0.05129080150949643,0.05129080150949643
NJstar-STRICT,50,15,69,NJstar_STRICT_completed_p50_rep15_seed69.csv,internal:T10|T7|T8|T9,internal,4,0.08603,0.011151635797054789,-0.0748783642029452,0.0748783642029452
NJstar-STRICT,50,15,69,NJstar_STRICT_completed_p50_rep15_seed69.csv,internal:T7|T8|T9,internal,3,0.05128,0.0,-0.05128,0.05128
NJstar-STRICT,50,15,69,NJstar_STRICT_completed_p50_rep15_seed69.csv,internal:T7|T8,internal,2,0.02354,0.0,-0.02354,0.02354
NJstar-STRICT,50,15,69,NJstar_STRICT_completed_p50_rep15_seed69.csv,terminal:T7,terminal,1,0.11573,0.10009004955661678,-0.01563995044338322,0.01563995044338322
NJstar-STRICT,50,15,69,NJstar_STRICT_completed_p50_rep15_seed69.csv,terminal:T8,terminal,1,0.11535,0.10008197325544116,-0.015268026744558835,0.015268026744558835
NJstar-STRICT,50,15,69,NJstar_STRICT_completed_p50_rep15_seed69.csv,terminal:T9,terminal,1,0.12153,0.09632410900821523,-0.025205890991784774,0.025205890991784774
NJstar-STRICT,50,15,69,NJstar_STRICT_completed_p50_rep15_seed69.csv,terminal:T10,terminal,1,0.18189,0.10158529266664297,-0.08030470733335703,0.08030470733335703
NJstar-STRICT,50,15,69,NJstar_STRICT_completed_p50_rep15_seed69.csv,internal:T11|T12|T13|T14|T15,internal,5,0.11651,0.023013068891516466,-0.09349693110848353,0.09349693110848353
NJstar-STRICT,50,15,69,NJstar_STRICT_completed_p50_rep15_seed69.csv,internal:T11|T12,internal,2,0.22637,0.0,-0.22637,0.22637
NJstar-STRICT,50,15,69,NJstar_STRICT_completed_p50_rep15_seed69.csv,terminal:T11,terminal,1,0.16094,0.13025951378952888,-0.03068048621047112,0.03068048621047112
NJstar-STRICT,50,15,69,NJstar_STRICT_completed_p50_rep15_seed69.csv,terminal:T12,terminal,1,0.14942,0.12730725422317304,-0.022112745776826953,0.022112745776826953
NJstar-STRICT,50,15,69,NJstar_STRICT_completed_p50_rep15_seed69.csv,internal:T13|T14|T15,internal,3,0.18561,0.022492601193897073,-0.16311739880610293,0.16311739880610293
NJstar-STRICT,50,15,69,NJstar_STRICT_completed_p50_rep15_seed69.csv,terminal:T13,terminal,1,0.32149,0.12167875330047412,-0.19981124669952588,0.19981124669952588
NJstar-STRICT,50,15,69,NJstar_STRICT_completed_p50_rep15_seed69.csv,internal:T14|T15,internal,2,0.07113,0.0,-0.07113,0.07113
NJstar-STRICT,50,15,69,NJstar_STRICT_completed_p50_rep15_seed69.csv,terminal:T14,terminal,1,0.34439,0.13053120890028394,-0.21385879109971603,0.21385879109971603
NJstar-STRICT,50,15,69,NJstar_STRICT_completed_p50_rep15_seed69.csv,terminal:T15,terminal,1,0.24256,0.12036712736675155,-0.12219287263324845,0.12219287263324845
NJstar-STRICT,50,17,71,NJstar_STRICT_completed_p50_rep17_seed71.csv,terminal:T1,terminal,1,0.05696,0.024171275468982123,-0.032788724531017874,0.032788724531017874
NJstar-STRICT,50,17,71,NJstar_STRICT_completed_p50_rep17_seed71.csv,internal:T2|T3,internal,2,0.03472,0.04116195515844146,0.0064419551584414605,0.0064419551584414605
NJstar-STRICT,50,17,71,NJstar_STRICT_completed_p50_rep17_seed71.csv,terminal:T2,terminal,1,0.02433,0.021050608569529273,-0.003279391430470728,0.003279391430470728
NJstar-STRICT,50,17,71,NJstar_STRICT_completed_p50_rep17_seed71.csv,terminal:T3,terminal,1,0.02231,0.019981540330639907,-0.002328459669360093,0.002328459669360093
NJstar-STRICT,50,17,71,NJstar_STRICT_completed_p50_rep17_seed71.csv,internal:T1|T2|T3,internal,3,0.01863,0.008571513618771601,-0.0100584863812284,0.0100584863812284
NJstar-STRICT,50,17,71,NJstar_STRICT_completed_p50_rep17_seed71.csv,terminal:T4,terminal,1,0.07771,0.06838372821739801,-0.009326271782601994,0.009326271782601994
NJstar-STRICT,50,17,71,NJstar_STRICT_completed_p50_rep17_seed71.csv,internal:T1|T2|T3|T4,internal,4,0.04682,0.0,-0.04682,0.04682
NJstar-STRICT,50,17,71,NJstar_STRICT_completed_p50_rep17_seed71.csv,terminal:T5,terminal,1,0.12997,0.07752271480132229,-0.05244728519867771,0.05244728519867771
NJstar-STRICT,50,17,71,NJstar_STRICT_completed_p50_rep17_seed71.csv,internal:T1|T2|T3|T4|T5,internal,5,0.03057,0.01605057784592823,-0.01451942215407177,0.01451942215407177
NJstar-STRICT,50,17,71,NJstar_STRICT_completed_p50_rep17_seed71.csv,terminal:T6,terminal,1,0.14605,0.090626806151984,-0.055423193848016014,0.055423193848016014
NJstar-STRICT,50,17,71,NJstar_STRICT_completed_p50_rep17_seed71.csv,internal:T1|T2|T3|T4|T5|T6,internal,6,0.0721,0.02068318954094925,-0.05141681045905075,0.05141681045905075
NJstar-STRICT,50,17,71,NJstar_STRICT_completed_p50_rep17_seed71.csv,internal:T10|T7|T8|T9,internal,4,0.08603,0.018117489851466172,-0.06791251014853382,0.06791251014853382
NJstar-STRICT,50,17,71,NJstar_STRICT_completed_p50_rep17_seed71.csv,internal:T7|T8|T9,internal,3,0.05128,0.0,-0.05128,0.05128
NJstar-STRICT,50,17,71,NJstar_STRICT_completed_p50_rep17_seed71.csv,internal:T7|T8,internal,2,0.02354,0.021708267713702593,-0.001831732286297405,0.001831732286297405
NJstar-STRICT,50,17,71,NJstar_STRICT_completed_p50_rep17_seed71.csv,terminal:T7,terminal,1,0.11573,0.0716399593615433,-0.0440900406384567,0.0440900406384567
NJstar-STRICT,50,17,71,NJstar_STRICT_completed_p50_rep17_seed71.csv,terminal:T8,terminal,1,0.11535,0.07536173247378468,-0.039988267526215315,0.039988267526215315
NJstar-STRICT,50,17,71,NJstar_STRICT_completed_p50_rep17_seed71.csv,terminal:T9,terminal,1,0.12153,0.08730925735435002,-0.034220742645649976,0.034220742645649976
NJstar-STRICT,50,17,71,NJstar_STRICT_completed_p50_rep17_seed71.csv,terminal:T10,terminal,1,0.18189,0.09419124500283965,-0.08769875499716034,0.08769875499716034
NJstar-STRICT,50,17,71,NJstar_STRICT_completed_p50_rep17_seed71.csv,internal:T11|T12|T13|T14|T15,internal,5,0.11651,0.012469859088869484,-0.10404014091113052,0.10404014091113052
NJstar-STRICT,50,17,71,NJstar_STRICT_completed_p50_rep17_seed71.csv,internal:T11|T12,internal,2,0.22637,0.0,-0.22637,0.22637
NJstar-STRICT,50,17,71,NJstar_STRICT_completed_p50_rep17_seed71.csv,terminal:T11,terminal,1,0.16094,0.13733959826897146,-0.023600401731028536,0.023600401731028536
NJstar-STRICT,50,17,71,NJstar_STRICT_completed_p50_rep17_seed71.csv,terminal:T12,terminal,1,0.14942,0.1572954839980924,0.007875483998092403,0.007875483998092403
NJstar-STRICT,50,17,71,NJstar_STRICT_completed_p50_rep17_seed71.csv,internal:T13|T14|T15,internal,3,0.18561,0.0315093596303538,-0.1541006403696462,0.1541006403696462
NJstar-STRICT,50,17,71,NJstar_STRICT_completed_p50_rep17_seed71.csv,terminal:T13,terminal,1,0.32149,0.12312856269618978,-0.19836143730381023,0.19836143730381023
NJstar-STRICT,50,17,71,NJstar_STRICT_completed_p50_rep17_seed71.csv,internal:T14|T15,internal,2,0.07113,0.008372896810705384,-0.06275710318929462,0.06275710318929462
NJstar-STRICT,50,17,71,NJstar_STRICT_completed_p50_rep17_seed71.csv,terminal:T14,terminal,1,0.34439,0.12300593787773051,-0.22138406212226946,0.22138406212226946
NJstar-STRICT,50,17,71,NJstar_STRICT_completed_p50_rep17_seed71.csv,terminal:T15,terminal,1,0.24256,0.11286585390441187,-0.12969414609558813,0.12969414609558813
NJstar-STRICT,50,18,72,NJstar_STRICT_completed_p50_rep18_seed72.csv,terminal:T1,terminal,1,0.05696,0.03474591640300598,-0.02221408359699402,0.02221408359699402
NJstar-STRICT,50,18,72,NJstar_STRICT_completed_p50_rep18_seed72.csv,internal:T2|T3,internal,2,0.03472,0.03546477679197406,0.0007447767919740583,0.0007447767919740583
NJstar-STRICT,50,18,72,NJstar_STRICT_completed_p50_rep18_seed72.csv,terminal:T2,terminal,1,0.02433,0.02098303174564142,-0.0033469682543585816,0.0033469682543585816
NJstar-STRICT,50,18,72,NJstar_STRICT_completed_p50_rep18_seed72.csv,terminal:T3,terminal,1,0.02231,0.020049117154527903,-0.0022608828454720974,0.0022608828454720974
NJstar-STRICT,50,18,72,NJstar_STRICT_completed_p50_rep18_seed72.csv,internal:T1|T2|T3,internal,3,0.01863,0.009109100429578437,-0.009520899570421563,0.009520899570421563
NJstar-STRICT,50,18,72,NJstar_STRICT_completed_p50_rep18_seed72.csv,terminal:T4,terminal,1,0.07771,0.07871966525691301,0.0010096652569130116,0.0010096652569130116
NJstar-STRICT,50,18,72,NJstar_STRICT_completed_p50_rep18_seed72.csv,internal:T1|T2|T3|T4,internal,4,0.04682,0.0072837555070589715,-0.039536244492941026,0.039536244492941026
NJstar-STRICT,50,18,72,NJstar_STRICT_completed_p50_rep18_seed72.csv,terminal:T5,terminal,1,0.12997,0.08169641698824266,-0.04827358301175734,0.04827358301175734
NJstar-STRICT,50,18,72,NJstar_STRICT_completed_p50_rep18_seed72.csv,internal:T1|T2|T3|T4|T5,internal,5,0.03057,0.0,-0.03057,0.03057
NJstar-STRICT,50,18,72,NJstar_STRICT_completed_p50_rep18_seed72.csv,terminal:T6,terminal,1,0.14605,0.08961210989057224,-0.05643789010942778,0.05643789010942778
NJstar-STRICT,50,18,72,NJstar_STRICT_completed_p50_rep18_seed72.csv,internal:T1|T2|T3|T4|T5|T6,internal,6,0.0721,0.026903350757940578,-0.04519664924205942,0.04519664924205942
NJstar-STRICT,50,18,72,NJstar_STRICT_completed_p50_rep18_seed72.csv,internal:T10|T7|T8|T9,internal,4,0.08603,0.011213439990658694,-0.0748165600093413,0.0748165600093413
NJstar-STRICT,50,18,72,NJstar_STRICT_completed_p50_rep18_seed72.csv,internal:T7|T8|T9,internal,3,0.05128,0.0014585815052998632,-0.049821418494700134,0.049821418494700134
NJstar-STRICT,50,18,72,NJstar_STRICT_completed_p50_rep18_seed72.csv,internal:T7|T8,internal,2,0.02354,0.0,-0.02354,0.02354
NJstar-STRICT,50,18,72,NJstar_STRICT_completed_p50_rep18_seed72.csv,terminal:T7,terminal,1,0.11573,0.09805626785421882,-0.017673732145781176,0.017673732145781176
NJstar-STRICT,50,18,72,NJstar_STRICT_completed_p50_rep18_seed72.csv,terminal:T8,terminal,1,0.11535,0.10874495584640098,-0.006605044153599013,0.006605044153599013
NJstar-STRICT,50,18,72,NJstar_STRICT_completed_p50_rep18_seed72.csv,terminal:T9,terminal,1,0.12153,0.09584093356962224,-0.025689066430377758,0.025689066430377758
NJstar-STRICT,50,18,72,NJstar_STRICT_completed_p50_rep18_seed72.csv,terminal:T10,terminal,1,0.18189,0.10049913415267503,-0.08139086584732497,0.08139086584732497
NJstar-STRICT,50,18,72,NJstar_STRICT_completed_p50_rep18_seed72.csv,internal:T11|T12|T13|T14|T15,internal,5,0.11651,0.013324288980830979,-0.10318571101916903,0.10318571101916903
NJstar-STRICT,50,18,72,NJstar_STRICT_completed_p50_rep18_seed72.csv,internal:T11|T12,internal,2,0.22637,0.04966085548182383,-0.17670914451817615,0.17670914451817615
NJstar-STRICT,50,18,72,NJstar_STRICT_completed_p50_rep18_seed72.csv,terminal:T11,terminal,1,0.16094,0.08801778697318521,-0.07292221302681479,0.07292221302681479
NJstar-STRICT,50,18,72,NJstar_STRICT_completed_p50_rep18_seed72.csv,terminal:T12,terminal,1,0.14942,0.08497131367834009,-0.06444868632165991,0.06444868632165991
NJstar-STRICT,50,18,72,NJstar_STRICT_completed_p50_rep18_seed72.csv,internal:T13|T14|T15,internal,3,0.18561,0.0,-0.18561,0.18561
NJstar-STRICT,50,18,72,NJstar_STRICT_completed_p50_rep18_seed72.csv,terminal:T13,terminal,1,0.32149,0.14067486427636464,-0.18081513572363536,0.18081513572363536
NJstar-STRICT,50,18,72,NJstar_STRICT_completed_p50_rep18_seed72.csv,internal:T14|T15,internal,2,0.07113,0.0,-0.07113,0.07113
NJstar-STRICT,50,18,72,NJstar_STRICT_completed_p50_rep18_seed72.csv,terminal:T14,terminal,1,0.34439,0.1623204850153137,-0.18206951498468626,0.18206951498468626
NJstar-STRICT,50,18,72,NJstar_STRICT_completed_p50_rep18_seed72.csv,terminal:T15,terminal,1,0.24256,0.16309143199713094,-0.07946856800286906,0.07946856800286906
NJstar-STRICT,50,19,73,NJstar_STRICT_completed_p50_rep19_seed73.csv,terminal:T1,terminal,1,0.05696,0.06448821838371314,0.007528218383713148,0.007528218383713148
NJstar-STRICT,50,19,73,NJstar_STRICT_completed_p50_rep19_seed73.csv,internal:T2|T3,internal,2,0.03472,0.0,-0.03472,0.03472
NJstar-STRICT,50,19,73,NJstar_STRICT_completed_p50_rep19_seed73.csv,terminal:T2,terminal,1,0.02433,0.06418156679039413,0.03985156679039413,0.03985156679039413
NJstar-STRICT,50,19,73,NJstar_STRICT_completed_p50_rep19_seed73.csv,terminal:T3,terminal,1,0.02231,0.06233015952049381,0.040020159520493814,0.040020159520493814
NJstar-STRICT,50,19,73,NJstar_STRICT_completed_p50_rep19_seed73.csv,internal:T1|T2|T3,internal,3,0.01863,0.0,-0.01863,0.01863
NJstar-STRICT,50,19,73,NJstar_STRICT_completed_p50_rep19_seed73.csv,terminal:T4,terminal,1,0.07771,0.057755786988842255,-0.019954213011157747,0.019954213011157747
NJstar-STRICT,50,19,73,NJstar_STRICT_completed_p50_rep19_seed73.csv,internal:T1|T2|T3|T4,internal,4,0.04682,0.009223174828739267,-0.037596825171260735,0.037596825171260735
NJstar-STRICT,50,19,73,NJstar_STRICT_completed_p50_rep19_seed73.csv,terminal:T5,terminal,1,0.12997,0.07632084929759149,-0.05364915070240851,0.05364915070240851
NJstar-STRICT,50,19,73,NJstar_STRICT_completed_p50_rep19_seed73.csv,internal:T1|T2|T3|T4|T5,internal,5,0.03057,0.008546209954117341,-0.02202379004588266,0.02202379004588266
NJstar-STRICT,50,19,73,NJstar_STRICT_completed_p50_rep19_seed73.csv,terminal:T6,terminal,1,0.14605,0.08594897127643024,-0.060101028723569774,0.060101028723569774
NJstar-STRICT,50,19,73,NJstar_STRICT_completed_p50_rep19_seed73.csv,internal:T1|T2|T3|T4|T5|T6,internal,6,0.0721,0.020388655273096447,-0.05171134472690355,0.05171134472690355
NJstar-STRICT,50,19,73,NJstar_STRICT_completed_p50_rep19_seed73.csv,internal:T10|T7|T8|T9,internal,4,0.08603,0.005377971737708902,-0.08065202826229109,0.08065202826229109
NJstar-STRICT,50,19,73,NJstar_STRICT_completed_p50_rep19_seed73.csv,internal:T7|T8|T9,internal,3,0.05128,0.0,-0.05128,0.05128
NJstar-STRICT,50,19,73,NJstar_STRICT_completed_p50_rep19_seed73.csv,internal:T7|T8,internal,2,0.02354,0.03134916601822522,0.007809166018225219,0.007809166018225219
NJstar-STRICT,50,19,73,NJstar_STRICT_completed_p50_rep19_seed73.csv,terminal:T7,terminal,1,0.11573,0.06975091626525541,-0.04597908373474459,0.04597908373474459
NJstar-STRICT,50,19,73,NJstar_STRICT_completed_p50_rep19_seed73.csv,terminal:T8,terminal,1,0.11535,0.07725077557007262,-0.03809922442992737,0.03809922442992737
NJstar-STRICT,50,19,73,NJstar_STRICT_completed_p50_rep19_seed73.csv,terminal:T9,terminal,1,0.12153,0.09717119712495104,-0.024358802875048963,0.024358802875048963
NJstar-STRICT,50,19,73,NJstar_STRICT_completed_p50_rep19_seed73.csv,terminal:T10,terminal,1,0.18189,0.09972549006923602,-0.08216450993076398,0.08216450993076398
NJstar-STRICT,50,19,73,NJstar_STRICT_completed_p50_rep19_seed73.csv,internal:T11|T12|T13|T14|T15,internal,5,0.11651,0.026708298259096916,-0.08980170174090309,0.08980170174090309
NJstar-STRICT,50,19,73,NJstar_STRICT_completed_p50_rep19_seed73.csv,internal:T11|T12,internal,2,0.22637,0.0414626897209655,-0.18490731027903448,0.18490731027903448
NJstar-STRICT,50,19,73,NJstar_STRICT_completed_p50_rep19_seed73.csv,terminal:T11,terminal,1,0.16094,0.08714866372167504,-0.07379133627832496,0.07379133627832496
NJstar-STRICT,50,19,73,NJstar_STRICT_completed_p50_rep19_seed73.csv,terminal:T12,terminal,1,0.14942,0.0858404369298504,-0.0635795630701496,0.0635795630701496
NJstar-STRICT,50,19,73,NJstar_STRICT_completed_p50_rep19_seed73.csv,internal:T13|T14|T15,internal,3,0.18561,0.02234117264056792,-0.16326882735943207,0.16326882735943207
NJstar-STRICT,50,19,73,NJstar_STRICT_completed_p50_rep19_seed73.csv,terminal:T13,terminal,1,0.32149,0.12053897874927397,-0.20095102125072603,0.20095102125072603
NJstar-STRICT,50,19,73,NJstar_STRICT_completed_p50_rep19_seed73.csv,internal:T14|T15,internal,2,0.07113,0.008514529878310341,-0.06261547012168966,0.06261547012168966
NJstar-STRICT,50,19,73,NJstar_STRICT_completed_p50_rep19_seed73.csv,terminal:T14,terminal,1,0.34439,0.1240719034266272,-0.22031809657337276,0.22031809657337276
NJstar-STRICT,50,19,73,NJstar_STRICT_completed_p50_rep19_seed73.csv,terminal:T15,terminal,1,0.24256,0.11179988835551523,-0.13076011164448476,0.13076011164448476
NJstar-STRICT,50,20,74,NJstar_STRICT_completed_p50_rep20_seed74.csv,terminal:T1,terminal,1,0.05696,0.04070997540470326,-0.016250024595296737,0.016250024595296737
NJstar-STRICT,50,20,74,NJstar_STRICT_completed_p50_rep20_seed74.csv,internal:T2|T3,internal,2,0.03472,0.013627343441862557,-0.021092656558137444,0.021092656558137444
NJstar-STRICT,50,20,74,NJstar_STRICT_completed_p50_rep20_seed74.csv,terminal:T2,terminal,1,0.02433,0.030427960011587363,0.0060979600115873625,0.0060979600115873625
NJstar-STRICT,50,20,74,NJstar_STRICT_completed_p50_rep20_seed74.csv,terminal:T3,terminal,1,0.02231,0.010604188888581778,-0.011705811111418222,0.011705811111418222
NJstar-STRICT,50,20,74,NJstar_STRICT_completed_p50_rep20_seed74.csv,internal:T1|T2|T3,internal,3,0.01863,0.007766652861708803,-0.010863347138291197,0.010863347138291197
NJstar-STRICT,50,20,74,NJstar_STRICT_completed_p50_rep20_seed74.csv,terminal:T4,terminal,1,0.07771,0.05473685232924746,-0.022973147670752543,0.022973147670752543
NJstar-STRICT,50,20,74,NJstar_STRICT_completed_p50_rep20_seed74.csv,internal:T1|T2|T3|T4,internal,4,0.04682,0.02003323594301216,-0.02678676405698784,0.02678676405698784
NJstar-STRICT,50,20,74,NJstar_STRICT_completed_p50_rep20_seed74.csv,terminal:T5,terminal,1,0.12997,0.07586173317021647,-0.054108266829783536,0.054108266829783536
NJstar-STRICT,50,20,74,NJstar_STRICT_completed_p50_rep20_seed74.csv,internal:T1|T2|T3|T4|T5,internal,5,0.03057,0.008488102148394934,-0.022081897851605067,0.022081897851605067
NJstar-STRICT,50,20,74,NJstar_STRICT_completed_p50_rep20_seed74.csv,terminal:T6,terminal,1,0.14605,0.08374719940378413,-0.06230280059621589,0.06230280059621589
NJstar-STRICT,50,20,74,NJstar_STRICT_completed_p50_rep20_seed74.csv,internal:T1|T2|T3|T4|T5|T6,internal,6,0.0721,0.02199937102061003,-0.050100628979389966,0.050100628979389966
NJstar-STRICT,50,20,74,NJstar_STRICT_completed_p50_rep20_seed74.csv,internal:T10|T7|T8|T9,internal,4,0.08603,0.015284122986873398,-0.0707458770131266,0.0707458770131266
NJstar-STRICT,50,20,74,NJstar_STRICT_completed_p50_rep20_seed74.csv,internal:T7|T8|T9,internal,3,0.05128,0.016296998512629515,-0.034983001487370484,0.034983001487370484
NJstar-STRICT,50,20,74,NJstar_STRICT_completed_p50_rep20_seed74.csv,internal:T7|T8,internal,2,0.02354,0.004195305684223553,-0.019344694315776446,0.019344694315776446
NJstar-STRICT,50,20,74,NJstar_STRICT_completed_p50_rep20_seed74.csv,terminal:T7,terminal,1,0.11573,0.06979467612889603,-0.04593532387110397,0.04593532387110397
NJstar-STRICT,50,20,74,NJstar_STRICT_completed_p50_rep20_seed74.csv,terminal:T8,terminal,1,0.11535,0.07720701570643199,-0.03814298429356801,0.03814298429356801
NJstar-STRICT,50,20,74,NJstar_STRICT_completed_p50_rep20_seed74.csv,terminal:T9,terminal,1,0.12153,0.07631118307908367,-0.045218816920916324,0.045218816920916324
NJstar-STRICT,50,20,74,NJstar_STRICT_completed_p50_rep20_seed74.csv,terminal:T10,terminal,1,0.18189,0.09715944248275302,-0.08473055751724698,0.08473055751724698
NJstar-STRICT,50,20,74,NJstar_STRICT_completed_p50_rep20_seed74.csv,internal:T11|T12|T13|T14|T15,internal,5,0.11651,0.02207379912510787,-0.09443620087489213,0.09443620087489213
NJstar-STRICT,50,20,74,NJstar_STRICT_completed_p50_rep20_seed74.csv,internal:T11|T12,internal,2,0.22637,0.043657633730287373,-0.1827123662697126,0.1827123662697126
NJstar-STRICT,50,20,74,NJstar_STRICT_completed_p50_rep20_seed74.csv,terminal:T11,terminal,1,0.16094,0.08645702248048436,-0.07448297751951564,0.07448297751951564
NJstar-STRICT,50,20,74,NJstar_STRICT_completed_p50_rep20_seed74.csv,terminal:T12,terminal,1,0.14942,0.08653207817104094,-0.06288792182895905,0.06288792182895905
NJstar-STRICT,50,20,74,NJstar_STRICT_completed_p50_rep20_seed74.csv,internal:T13|T14|T15,internal,3,0.18561,0.005624812786419064,-0.17998518721358092,0.17998518721358092
NJstar-STRICT,50,20,74,NJstar_STRICT_completed_p50_rep20_seed74.csv,terminal:T13,terminal,1,0.32149,0.13701106416996828,-0.18447893583003172,0.18447893583003172
NJstar-STRICT,50,20,74,NJstar_STRICT_completed_p50_rep20_seed74.csv,internal:T14|T15,internal,2,0.07113,0.0,-0.07113,0.07113
NJstar-STRICT,50,20,74,NJstar_STRICT_completed_p50_rep20_seed74.csv,terminal:T14,terminal,1,0.34439,0.1483912476851231,-0.19599875231487687,0.19599875231487687
NJstar-STRICT,50,20,74,NJstar_STRICT_completed_p50_rep20_seed74.csv,terminal:T15,terminal,1,0.24256,0.13538684200904763,-0.10717315799095237,0.10717315799095237
NJstar-STRICT,50,21,75,NJstar_STRICT_completed_p50_rep21_seed75.csv,terminal:T1,terminal,1,0.05696,0.04227994950791982,-0.014680050492080175,0.014680050492080175
NJstar-STRICT,50,21,75,NJstar_STRICT_completed_p50_rep21_seed75.csv,internal:T2|T3,internal,2,0.03472,0.0,-0.03472,0.03472
NJstar-STRICT,50,21,75,NJstar_STRICT_completed_p50_rep21_seed75.csv,terminal:T2,terminal,1,0.02433,0.041938655321744456,0.017608655321744455,0.017608655321744455
NJstar-STRICT,50,21,75,NJstar_STRICT_completed_p50_rep21_seed75.csv,terminal:T3,terminal,1,0.02231,0.04761316205761916,0.02530316205761916,0.02530316205761916
NJstar-STRICT,50,21,75,NJstar_STRICT_completed_p50_rep21_seed75.csv,internal:T1|T2|T3,internal,3,0.01863,0.0018491842515563157,-0.016780815748443687,0.016780815748443687
NJstar-STRICT,50,21,75,NJstar_STRICT_completed_p50_rep21_seed75.csv,terminal:T4,terminal,1,0.07771,0.05421322274711656,-0.02349677725288344,0.02349677725288344
NJstar-STRICT,50,21,75,NJstar_STRICT_completed_p50_rep21_seed75.csv,internal:T1|T2|T3|T4,internal,4,0.04682,0.023795872570215888,-0.023024127429784113,0.023024127429784113
NJstar-STRICT,50,21,75,NJstar_STRICT_completed_p50_rep21_seed75.csv,terminal:T5,terminal,1,0.12997,0.0764483640847333,-0.05352163591526671,0.05352163591526671
NJstar-STRICT,50,21,75,NJstar_STRICT_completed_p50_rep21_seed75.csv,internal:T1|T2|T3|T4|T5,internal,5,0.03057,0.008218232953396592,-0.02235176704660341,0.02235176704660341
NJstar-STRICT,50,21,75,NJstar_STRICT_completed_p50_rep21_seed75.csv,terminal:T6,terminal,1,0.14605,0.08543258276568276,-0.06061741723431725,0.06061741723431725
NJstar-STRICT,50,21,75,NJstar_STRICT_completed_p50_rep21_seed75.csv,internal:T1|T2|T3|T4|T5|T6,internal,6,0.0721,0.01944160203000755,-0.05265839796999244,0.05265839796999244
NJstar-STRICT,50,21,75,NJstar_STRICT_completed_p50_rep21_seed75.csv,internal:T10|T7|T8|T9,internal,4,0.08603,0.017323486095597463,-0.06870651390440254,0.06870651390440254
NJstar-STRICT,50,21,75,NJstar_STRICT_completed_p50_rep21_seed75.csv,internal:T7|T8|T9,internal,3,0.05128,0.015053866093308289,-0.03622613390669171,0.03622613390669171
NJstar-STRICT,50,21,75,NJstar_STRICT_completed_p50_rep21_seed75.csv,internal:T7|T8,internal,2,0.02354,0.003950881932871521,-0.01958911806712848,0.01958911806712848
NJstar-STRICT,50,21,75,NJstar_STRICT_completed_p50_rep21_seed75.csv,terminal:T7,terminal,1,0.11573,0.07145591286611556,-0.044274087133884435,0.044274087133884435
NJstar-STRICT,50,21,75,NJstar_STRICT_completed_p50_rep21_seed75.csv,terminal:T8,terminal,1,0.11535,0.07554577896921241,-0.03980422103078758,0.03980422103078758
NJstar-STRICT,50,21,75,NJstar_STRICT_completed_p50_rep21_seed75.csv,terminal:T9,terminal,1,0.12153,0.07721711563701619,-0.044312884362983807,0.044312884362983807
NJstar-STRICT,50,21,75,NJstar_STRICT_completed_p50_rep21_seed75.csv,terminal:T10,terminal,1,0.18189,0.09617232626502627,-0.08571767373497373,0.08571767373497373
NJstar-STRICT,50,21,75,NJstar_STRICT_completed_p50_rep21_seed75.csv,internal:T11|T12|T13|T14|T15,internal,5,0.11651,0.023808968099509605,-0.0927010319004904,0.0927010319004904
NJstar-STRICT,50,21,75,NJstar_STRICT_completed_p50_rep21_seed75.csv,internal:T11|T12,internal,2,0.22637,0.042213506607976015,-0.18415649339202397,0.18415649339202397
NJstar-STRICT,50,21,75,NJstar_STRICT_completed_p50_rep21_seed75.csv,terminal:T11,terminal,1,0.16094,0.08872421473339519,-0.07221578526660481,0.07221578526660481
NJstar-STRICT,50,21,75,NJstar_STRICT_completed_p50_rep21_seed75.csv,terminal:T12,terminal,1,0.14942,0.08426488591813011,-0.06515511408186989,0.06515511408186989
NJstar-STRICT,50,21,75,NJstar_STRICT_completed_p50_rep21_seed75.csv,internal:T13|T14|T15,internal,3,0.18561,0.022702803473106218,-0.16290719652689378,0.16290719652689378
NJstar-STRICT,50,21,75,NJstar_STRICT_completed_p50_rep21_seed75.csv,terminal:T13,terminal,1,0.32149,0.1233978682761464,-0.1980921317238536,0.1980921317238536
NJstar-STRICT,50,21,75,NJstar_STRICT_completed_p50_rep21_seed75.csv,internal:T14|T15,internal,2,0.07113,0.0,-0.07113,0.07113
NJstar-STRICT,50,21,75,NJstar_STRICT_completed_p50_rep21_seed75.csv,terminal:T14,terminal,1,0.34439,0.1280394698710885,-0.21635053012891148,0.21635053012891148
NJstar-STRICT,50,21,75,NJstar_STRICT_completed_p50_rep21_seed75.csv,terminal:T15,terminal,1,0.24256,0.12017481617076335,-0.12238518382923665,0.12238518382923665
NJstar-STRICT,50,22,76,NJstar_STRICT_completed_p50_rep22_seed76.csv,terminal:T1,terminal,1,0.05696,0.04379384480752833,-0.01316615519247167,0.01316615519247167
NJstar-STRICT,50,22,76,NJstar_STRICT_completed_p50_rep22_seed76.csv,internal:T2|T3,internal,2,0.03472,0.021539385819895365,-0.013180614180104636,0.013180614180104636
NJstar-STRICT,50,22,76,NJstar_STRICT_completed_p50_rep22_seed76.csv,terminal:T2,terminal,1,0.02433,0.02170940963079441,-0.002620590369205592,0.002620590369205592
NJstar-STRICT,50,22,76,NJstar_STRICT_completed_p50_rep22_seed76.csv,terminal:T3,terminal,1,0.02231,0.01932273926937474,-0.00298726073062526,0.00298726073062526
NJstar-STRICT,50,22,76,NJstar_STRICT_completed_p50_rep22_seed76.csv,internal:T1|T2|T3,internal,3,0.01863,0.025199283075033153,0.006569283075033152,0.006569283075033152
NJstar-STRICT,50,22,76,NJstar_STRICT_completed_p50_rep22_seed76.csv,terminal:T4,terminal,1,0.07771,0.037270560474135704,-0.0404394395258643,0.0404394395258643
NJstar-STRICT,50,22,76,NJstar_STRICT_completed_p50_rep22_seed76.csv,internal:T1|T2|T3|T4,internal,4,0.04682,0.014059976524964928,-0.03276002347503507,0.03276002347503507
NJstar-STRICT,50,22,76,NJstar_STRICT_completed_p50_rep22_seed76.csv,terminal:T5,terminal,1,0.12997,0.08459632867376733,-0.04537367132623267,0.04537367132623267
NJstar-STRICT,50,22,76,NJstar_STRICT_completed_p50_rep22_seed76.csv,internal:T1|T2|T3|T4|T5,internal,5,0.03057,0.0,-0.03057,0.03057
NJstar-STRICT,50,22,76,NJstar_STRICT_completed_p50_rep22_seed76.csv,terminal:T6,terminal,1,0.14605,0.08546256183706348,-0.06058743816293653,0.06058743816293653
NJstar-STRICT,50,22,76,NJstar_STRICT_completed_p50_rep22_seed76.csv,internal:T1|T2|T3|T4|T5|T6,internal,6,0.0721,0.0331735690992612,-0.038926430900738794,0.038926430900738794
NJstar-STRICT,50,22,76,NJstar_STRICT_completed_p50_rep22_seed76.csv,internal:T10|T7|T8|T9,internal,4,0.08603,0.011006826587799745,-0.07502317341220024,0.07502317341220024
NJstar-STRICT,50,22,76,NJstar_STRICT_completed_p50_rep22_seed76.csv,internal:T7|T8|T9,internal,3,0.05128,0.0,-0.05128,0.05128
NJstar-STRICT,50,22,76,NJstar_STRICT_completed_p50_rep22_seed76.csv,internal:T7|T8,internal,2,0.02354,0.02140054190778903,-0.0021394580922109684,0.0021394580922109684
NJstar-STRICT,50,22,76,NJstar_STRICT_completed_p50_rep22_seed76.csv,terminal:T7,terminal,1,0.11573,0.07182911649875537,-0.04390088350124463,0.04390088350124463
NJstar-STRICT,50,22,76,NJstar_STRICT_completed_p50_rep22_seed76.csv,terminal:T8,terminal,1,0.11535,0.07517257533657266,-0.04017742466342733,0.04017742466342733
NJstar-STRICT,50,22,76,NJstar_STRICT_completed_p50_rep22_seed76.csv,terminal:T9,terminal,1,0.12153,0.06505095163730355,-0.056479048362696446,0.056479048362696446
NJstar-STRICT,50,22,76,NJstar_STRICT_completed_p50_rep22_seed76.csv,terminal:T10,terminal,1,0.18189,0.09485169205004249,-0.08703830794995751,0.08703830794995751
NJstar-STRICT,50,22,76,NJstar_STRICT_completed_p50_rep22_seed76.csv,internal:T11|T12|T13|T14|T15,internal,5,0.11651,0.028698625506463352,-0.08781137449353665,0.08781137449353665
NJstar-STRICT,50,22,76,NJstar_STRICT_completed_p50_rep22_seed76.csv,internal:T11|T12,internal,2,0.22637,0.051828522427741525,-0.17454147757225846,0.17454147757225846
NJstar-STRICT,50,22,76,NJstar_STRICT_completed_p50_rep22_seed76.csv,terminal:T11,terminal,1,0.16094,0.08936037093451221,-0.07157962906548779,0.07157962906548779
NJstar-STRICT,50,22,76,NJstar_STRICT_completed_p50_rep22_seed76.csv,terminal:T12,terminal,1,0.14942,0.08362872971701311,-0.06579127028298688,0.06579127028298688
NJstar-STRICT,50,22,76,NJstar_STRICT_completed_p50_rep22_seed76.csv,internal:T13|T14|T15,internal,3,0.18561,0.005676083538762924,-0.17993391646123708,0.17993391646123708
NJstar-STRICT,50,22,76,NJstar_STRICT_completed_p50_rep22_seed76.csv,terminal:T13,terminal,1,0.32149,0.13223784255418072,-0.18925215744581927,0.18925215744581927
NJstar-STRICT,50,22,76,NJstar_STRICT_completed_p50_rep22_seed76.csv,internal:T14|T15,internal,2,0.07113,0.0,-0.07113,0.07113
NJstar-STRICT,50,22,76,NJstar_STRICT_completed_p50_rep22_seed76.csv,terminal:T14,terminal,1,0.34439,0.13772344010002746,-0.2066665598999725,0.2066665598999725
NJstar-STRICT,50,22,76,NJstar_STRICT_completed_p50_rep22_seed76.csv,terminal:T15,terminal,1,0.24256,0.12843757024560065,-0.11412242975439935,0.11412242975439935
NJstar-STRICT,50,24,78,NJstar_STRICT_completed_p50_rep24_seed78.csv,terminal:T1,terminal,1,0.05696,0.05519390284716855,-0.00176609715283145,0.00176609715283145
NJstar-STRICT,50,24,78,NJstar_STRICT_completed_p50_rep24_seed78.csv,internal:T2|T3,internal,2,0.03472,0.0,-0.03472,0.03472
NJstar-STRICT,50,24,78,NJstar_STRICT_completed_p50_rep24_seed78.csv,terminal:T2,terminal,1,0.02433,0.057861916146037834,0.03353191614603783,0.03353191614603783
NJstar-STRICT,50,24,78,NJstar_STRICT_completed_p50_rep24_seed78.csv,terminal:T3,terminal,1,0.02231,0.06756359416087901,0.04525359416087901,0.04525359416087901
NJstar-STRICT,50,24,78,NJstar_STRICT_completed_p50_rep24_seed78.csv,internal:T1|T2|T3,internal,3,0.01863,0.0,-0.01863,0.01863
NJstar-STRICT,50,24,78,NJstar_STRICT_completed_p50_rep24_seed78.csv,terminal:T4,terminal,1,0.07771,0.06117632578205774,-0.01653367421794226,0.01653367421794226
NJstar-STRICT,50,24,78,NJstar_STRICT_completed_p50_rep24_seed78.csv,internal:T1|T2|T3|T4,internal,4,0.04682,0.009640668359938131,-0.03717933164006187,0.03717933164006187
NJstar-STRICT,50,24,78,NJstar_STRICT_completed_p50_rep24_seed78.csv,terminal:T5,terminal,1,0.12997,0.07734512132178778,-0.05262487867821222,0.05262487867821222
NJstar-STRICT,50,24,78,NJstar_STRICT_completed_p50_rep24_seed78.csv,internal:T1|T2|T3|T4|T5,internal,5,0.03057,0.006935296388945928,-0.023634703611054072,0.023634703611054072
NJstar-STRICT,50,24,78,NJstar_STRICT_completed_p50_rep24_seed78.csv,terminal:T6,terminal,1,0.14605,0.08577285713479559,-0.06027714286520443,0.06027714286520443
NJstar-STRICT,50,24,78,NJstar_STRICT_completed_p50_rep24_seed78.csv,internal:T1|T2|T3|T4|T5|T6,internal,6,0.0721,0.021950438350077428,-0.05014956164992257,0.05014956164992257
NJstar-STRICT,50,24,78,NJstar_STRICT_completed_p50_rep24_seed78.csv,internal:T10|T7|T8|T9,internal,4,0.08603,0.006185533751053417,-0.07984446624894657,0.07984446624894657
NJstar-STRICT,50,24,78,NJstar_STRICT_completed_p50_rep24_seed78.csv,internal:T7|T8|T9,internal,3,0.05128,0.02276893838197492,-0.02851106161802508,0.02851106161802508
NJstar-STRICT,50,24,78,NJstar_STRICT_completed_p50_rep24_seed78.csv,internal:T7|T8,internal,2,0.02354,0.0009896963411312244,-0.022550303658868773,0.022550303658868773
NJstar-STRICT,50,24,78,NJstar_STRICT_completed_p50_rep24_seed78.csv,terminal:T7,terminal,1,0.11573,0.07091380442056583,-0.04481619557943417,0.04481619557943417
NJstar-STRICT,50,24,78,NJstar_STRICT_completed_p50_rep24_seed78.csv,terminal:T8,terminal,1,0.11535,0.07608788741476219,-0.039262112585237804,0.039262112585237804
NJstar-STRICT,50,24,78,NJstar_STRICT_completed_p50_rep24_seed78.csv,terminal:T9,terminal,1,0.12153,0.0778764550042846,-0.0436535449957154,0.0436535449957154
NJstar-STRICT,50,24,78,NJstar_STRICT_completed_p50_rep24_seed78.csv,terminal:T10,terminal,1,0.18189,0.10292846925469508,-0.07896153074530492,0.07896153074530492
NJstar-STRICT,50,24,78,NJstar_STRICT_completed_p50_rep24_seed78.csv,internal:T11|T12|T13|T14|T15,internal,5,0.11651,0.025218029202320177,-0.09129197079767983,0.09129197079767983
NJstar-STRICT,50,24,78,NJstar_STRICT_completed_p50_rep24_seed78.csv,internal:T11|T12,internal,2,0.22637,0.042548756110370164,-0.18382124388962984,0.18382124388962984
NJstar-STRICT,50,24,78,NJstar_STRICT_completed_p50_rep24_seed78.csv,terminal:T11,terminal,1,0.16094,0.08641530402823026,-0.07452469597176974,0.07452469597176974
NJstar-STRICT,50,24,78,NJstar_STRICT_completed_p50_rep24_seed78.csv,terminal:T12,terminal,1,0.14942,0.08657379662329504,-0.06284620337670496,0.06284620337670496
NJstar-STRICT,50,24,78,NJstar_STRICT_completed_p50_rep24_seed78.csv,internal:T13|T14|T15,internal,3,0.18561,0.007919366520486946,-0.17769063347951305,0.17769063347951305
NJstar-STRICT,50,24,78,NJstar_STRICT_completed_p50_rep24_seed78.csv,terminal:T13,terminal,1,0.32149,0.1335920236955836,-0.1878979763044164,0.1878979763044164
NJstar-STRICT,50,24,78,NJstar_STRICT_completed_p50_rep24_seed78.csv,internal:T14|T15,internal,2,0.07113,0.0,-0.07113,0.07113
NJstar-STRICT,50,24,78,NJstar_STRICT_completed_p50_rep24_seed78.csv,terminal:T14,terminal,1,0.34439,0.14557512952140295,-0.19881487047859703,0.19881487047859703
NJstar-STRICT,50,24,78,NJstar_STRICT_completed_p50_rep24_seed78.csv,terminal:T15,terminal,1,0.24256,0.13269465817455212,-0.10986534182544788,0.10986534182544788
NJstar-STRICT,50,25,79,NJstar_STRICT_completed_p50_rep25_seed79.csv,terminal:T1,terminal,1,0.05696,0.04329423756560949,-0.013665762434390508,0.013665762434390508
NJstar-STRICT,50,25,79,NJstar_STRICT_completed_p50_rep25_seed79.csv,internal:T2|T3,internal,2,0.03472,0.0224200479444161,-0.012299952055583901,0.012299952055583901
NJstar-STRICT,50,25,79,NJstar_STRICT_completed_p50_rep25_seed79.csv,terminal:T2,terminal,1,0.02433,0.021466926208288134,-0.002863073791711867,0.002863073791711867
NJstar-STRICT,50,25,79,NJstar_STRICT_completed_p50_rep25_seed79.csv,terminal:T3,terminal,1,0.02231,0.01956522269188103,-0.0027447773081189716,0.0027447773081189716
NJstar-STRICT,50,25,79,NJstar_STRICT_completed_p50_rep25_seed79.csv,internal:T1|T2|T3,internal,3,0.01863,0.007192932296364249,-0.011437067703635753,0.011437067703635753
NJstar-STRICT,50,25,79,NJstar_STRICT_completed_p50_rep25_seed79.csv,terminal:T4,terminal,1,0.07771,0.05440794305214972,-0.02330205694785028,0.02330205694785028
NJstar-STRICT,50,25,79,NJstar_STRICT_completed_p50_rep25_seed79.csv,internal:T1|T2|T3|T4,internal,4,0.04682,0.03902281577538927,-0.0077971842246107315,0.0077971842246107315
NJstar-STRICT,50,25,79,NJstar_STRICT_completed_p50_rep25_seed79.csv,terminal:T5,terminal,1,0.12997,0.1016448364611631,-0.028325163538836906,0.028325163538836906
NJstar-STRICT,50,25,79,NJstar_STRICT_completed_p50_rep25_seed79.csv,internal:T1|T2|T3|T4|T5,internal,5,0.03057,0.0,-0.03057,0.03057
NJstar-STRICT,50,25,79,NJstar_STRICT_completed_p50_rep25_seed79.csv,terminal:T6,terminal,1,0.14605,0.08842011536266726,-0.05762988463733275,0.05762988463733275
NJstar-STRICT,50,25,79,NJstar_STRICT_completed_p50_rep25_seed79.csv,internal:T1|T2|T3|T4|T5|T6,internal,6,0.0721,0.009911517741317794,-0.062188482258682204,0.062188482258682204
NJstar-STRICT,50,25,79,NJstar_STRICT_completed_p50_rep25_seed79.csv,internal:T10|T7|T8|T9,internal,4,0.08603,0.016472209428052807,-0.06955779057194719,0.06955779057194719
NJstar-STRICT,50,25,79,NJstar_STRICT_completed_p50_rep25_seed79.csv,internal:T7|T8|T9,internal,3,0.05128,0.004082350060619435,-0.04719764993938057,0.04719764993938057
NJstar-STRICT,50,25,79,NJstar_STRICT_completed_p50_rep25_seed79.csv,internal:T7|T8,internal,2,0.02354,0.0,-0.02354,0.02354
NJstar-STRICT,50,25,79,NJstar_STRICT_completed_p50_rep25_seed79.csv,terminal:T7,terminal,1,0.11573,0.08585789971260549,-0.02987210028739451,0.02987210028739451
NJstar-STRICT,50,25,79,NJstar_STRICT_completed_p50_rep25_seed79.csv,terminal:T8,terminal,1,0.11535,0.09547191347505232,-0.019878086524947672,0.019878086524947672
NJstar-STRICT,50,25,79,NJstar_STRICT_completed_p50_rep25_seed79.csv,terminal:T9,terminal,1,0.12153,0.08651612583048746,-0.03501387416951254,0.03501387416951254
NJstar-STRICT,50,25,79,NJstar_STRICT_completed_p50_rep25_seed79.csv,terminal:T10,terminal,1,0.18189,0.09468309243311793,-0.08720690756688207,0.08720690756688207
NJstar-STRICT,50,25,79,NJstar_STRICT_completed_p50_rep25_seed79.csv,internal:T11|T12|T13|T14|T15,internal,5,0.11651,0.023443386039873827,-0.09306661396012618,0.09306661396012618
NJstar-STRICT,50,25,79,NJstar_STRICT_completed_p50_rep25_seed79.csv,internal:T11|T12,internal,2,0.22637,0.0,-0.22637,0.22637
NJstar-STRICT,50,25,79,NJstar_STRICT_completed_p50_rep25_seed79.csv,terminal:T11,terminal,1,0.16094,0.13082990471303985,-0.030110095286960153,0.030110095286960153
NJstar-STRICT,50,25,79,NJstar_STRICT_completed_p50_rep25_seed79.csv,terminal:T12,terminal,1,0.14942,0.12736287498628265,-0.022057125013717344,0.022057125013717344
NJstar-STRICT,50,25,79,NJstar_STRICT_completed_p50_rep25_seed79.csv,internal:T13|T14|T15,internal,3,0.18561,0.021125863158063033,-0.16448413684193697,0.16448413684193697
NJstar-STRICT,50,25,79,NJstar_STRICT_completed_p50_rep25_seed79.csv,terminal:T13,terminal,1,0.32149,0.12168366480714006,-0.19980633519285995,0.19980633519285995
NJstar-STRICT,50,25,79,NJstar_STRICT_completed_p50_rep25_seed79.csv,internal:T14|T15,internal,2,0.07113,0.008181027691603344,-0.06294897230839666,0.06294897230839666
NJstar-STRICT,50,25,79,NJstar_STRICT_completed_p50_rep25_seed79.csv,terminal:T14,terminal,1,0.34439,0.12314177296546937,-0.22124822703453062,0.22124822703453062
NJstar-STRICT,50,25,79,NJstar_STRICT_completed_p50_rep25_seed79.csv,terminal:T15,terminal,1,0.24256,0.11273001881667298,-0.129829981183327,0.129829981183327
NJstar-STRICT,50,26,80,NJstar_STRICT_completed_p50_rep26_seed80.csv,terminal:T1,terminal,1,0.05696,0.050371890548282054,-0.0065881094517179425,0.0065881094517179425
NJstar-STRICT,50,26,80,NJstar_STRICT_completed_p50_rep26_seed80.csv,internal:T2|T3,internal,2,0.03472,0.0,-0.03472,0.03472
NJstar-STRICT,50,26,80,NJstar_STRICT_completed_p50_rep26_seed80.csv,terminal:T2,terminal,1,0.02433,0.04961243950601616,0.02528243950601616,0.02528243950601616
NJstar-STRICT,50,26,80,NJstar_STRICT_completed_p50_rep26_seed80.csv,terminal:T3,terminal,1,0.02231,0.04873901525679637,0.026429015256796373,0.026429015256796373
NJstar-STRICT,50,26,80,NJstar_STRICT_completed_p50_rep26_seed80.csv,internal:T1|T2|T3,internal,3,0.01863,0.0005323799859476447,-0.018097620014052355,0.018097620014052355
NJstar-STRICT,50,26,80,NJstar_STRICT_completed_p50_rep26_seed80.csv,terminal:T4,terminal,1,0.07771,0.055443940491958235,-0.022266059508041766,0.022266059508041766
NJstar-STRICT,50,26,80,NJstar_STRICT_completed_p50_rep26_seed80.csv,internal:T1|T2|T3|T4,internal,4,0.04682,0.02274773033036208,-0.024072269669637922,0.024072269669637922
NJstar-STRICT,50,26,80,NJstar_STRICT_completed_p50_rep26_seed80.csv,terminal:T5,terminal,1,0.12997,0.07815176303328496,-0.051818236966715045,0.051818236966715045
NJstar-STRICT,50,26,80,NJstar_STRICT_completed_p50_rep26_seed80.csv,internal:T1|T2|T3|T4|T5,internal,5,0.03057,0.0019864707180336457,-0.028583529281966353,0.028583529281966353
NJstar-STRICT,50,26,80,NJstar_STRICT_completed_p50_rep26_seed80.csv,terminal:T6,terminal,1,0.14605,0.07764119330605311,-0.0684088066939469,0.0684088066939469
NJstar-STRICT,50,26,80,NJstar_STRICT_completed_p50_rep26_seed80.csv,internal:T1|T2|T3|T4|T5|T6,internal,6,0.0721,0.022559269640923103,-0.0495407303590769,0.0495407303590769
NJstar-STRICT,50,26,80,NJstar_STRICT_completed_p50_rep26_seed80.csv,internal:T10|T7|T8|T9,internal,4,0.08603,0.021720959184241145,-0.06430904081575885,0.06430904081575885
NJstar-STRICT,50,26,80,NJstar_STRICT_completed_p50_rep26_seed80.csv,internal:T7|T8|T9,internal,3,0.05128,0.004325113210739802,-0.0469548867892602,0.0469548867892602
NJstar-STRICT,50,26,80,NJstar_STRICT_completed_p50_rep26_seed80.csv,internal:T7|T8,internal,2,0.02354,0.014179811554104584,-0.009360188445895415,0.009360188445895415
NJstar-STRICT,50,26,80,NJstar_STRICT_completed_p50_rep26_seed80.csv,terminal:T7,terminal,1,0.11573,0.06913887171671418,-0.04659112828328582,0.04659112828328582
NJstar-STRICT,50,26,80,NJstar_STRICT_completed_p50_rep26_seed80.csv,terminal:T8,terminal,1,0.11535,0.07786282011861377,-0.03748717988138622,0.03748717988138622
NJstar-STRICT,50,26,80,NJstar_STRICT_completed_p50_rep26_seed80.csv,terminal:T9,terminal,1,0.12153,0.06442900977090282,-0.057100990229097176,0.057100990229097176
NJstar-STRICT,50,26,80,NJstar_STRICT_completed_p50_rep26_seed80.csv,terminal:T10,terminal,1,0.18189,0.09625510558446097,-0.08563489441553902,0.08563489441553902
NJstar-STRICT,50,26,80,NJstar_STRICT_completed_p50_rep26_seed80.csv,internal:T11|T12|T13|T14|T15,internal,5,0.11651,0.007773238613308842,-0.10873676138669117,0.10873676138669117
NJstar-STRICT,50,26,80,NJstar_STRICT_completed_p50_rep26_seed80.csv,internal:T11|T12,internal,2,0.22637,0.0,-0.22637,0.22637
NJstar-STRICT,50,26,80,NJstar_STRICT_completed_p50_rep26_seed80.csv,terminal:T11,terminal,1,0.16094,0.14337185621705126,-0.017568143782948742,0.017568143782948742
NJstar-STRICT,50,26,80,NJstar_STRICT_completed_p50_rep26_seed80.csv,terminal:T12,terminal,1,0.14942,0.15040276932480964,0.0009827693248096459,0.0009827693248096459
NJstar-STRICT,50,26,80,NJstar_STRICT_completed_p50_rep26_seed80.csv,internal:T13|T14|T15,internal,3,0.18561,0.026376262220914375,-0.15923373777908562,0.15923373777908562
NJstar-STRICT,50,26,80,NJstar_STRICT_completed_p50_rep26_seed80.csv,terminal:T13,terminal,1,0.32149,0.13673671405891982,-0.18475328594108018,0.18475328594108018
NJstar-STRICT,50,26,80,NJstar_STRICT_completed_p50_rep26_seed80.csv,internal:T14|T15,internal,2,0.07113,0.0,-0.07113,0.07113
NJstar-STRICT,50,26,80,NJstar_STRICT_completed_p50_rep26_seed80.csv,terminal:T14,terminal,1,0.34439,0.14523053927611362,-0.19915946072388635,0.19915946072388635
NJstar-STRICT,50,26,80,NJstar_STRICT_completed_p50_rep26_seed80.csv,terminal:T15,terminal,1,0.24256,0.13656966386294794,-0.10599033613705205,0.10599033613705205
NJstar-STRICT,50,27,81,NJstar_STRICT_completed_p50_rep27_seed81.csv,terminal:T1,terminal,1,0.05696,0.04210015568516986,-0.014859844314830138,0.014859844314830138
NJstar-STRICT,50,27,81,NJstar_STRICT_completed_p50_rep27_seed81.csv,internal:T2|T3,internal,2,0.03472,0.023233074942253885,-0.011486925057746115,0.011486925057746115
NJstar-STRICT,50,27,81,NJstar_STRICT_completed_p50_rep27_seed81.csv,terminal:T2,terminal,1,0.02433,0.020409786676341614,-0.003920213323658387,0.003920213323658387
NJstar-STRICT,50,27,81,NJstar_STRICT_completed_p50_rep27_seed81.csv,terminal:T3,terminal,1,0.02231,0.02062236222382759,-0.0016876377761724098,0.0016876377761724098
NJstar-STRICT,50,27,81,NJstar_STRICT_completed_p50_rep27_seed81.csv,internal:T1|T2|T3,internal,3,0.01863,0.008461283841436344,-0.010168716158563657,0.010168716158563657
NJstar-STRICT,50,27,81,NJstar_STRICT_completed_p50_rep27_seed81.csv,terminal:T4,terminal,1,0.07771,0.054590109334236754,-0.023119890665763247,0.023119890665763247
NJstar-STRICT,50,27,81,NJstar_STRICT_completed_p50_rep27_seed81.csv,internal:T1|T2|T3|T4,internal,4,0.04682,0.020617898602197652,-0.02620210139780235,0.02620210139780235
NJstar-STRICT,50,27,81,NJstar_STRICT_completed_p50_rep27_seed81.csv,terminal:T5,terminal,1,0.12997,0.07655883228711716,-0.053411167712882845,0.053411167712882845
NJstar-STRICT,50,27,81,NJstar_STRICT_completed_p50_rep27_seed81.csv,internal:T1|T2|T3|T4|T5,internal,5,0.03057,0.007018461877001106,-0.023551538122998893,0.023551538122998893
NJstar-STRICT,50,27,81,NJstar_STRICT_completed_p50_rep27_seed81.csv,terminal:T6,terminal,1,0.14605,0.0837796205137806,-0.06227037948621941,0.06227037948621941
NJstar-STRICT,50,27,81,NJstar_STRICT_completed_p50_rep27_seed81.csv,internal:T1|T2|T3|T4|T5|T6,internal,6,0.0721,0.021054984217493796,-0.0510450157825062,0.0510450157825062
NJstar-STRICT,50,27,81,NJstar_STRICT_completed_p50_rep27_seed81.csv,internal:T10|T7|T8|T9,internal,4,0.08603,0.01610729067895587,-0.06992270932104412,0.06992270932104412
NJstar-STRICT,50,27,81,NJstar_STRICT_completed_p50_rep27_seed81.csv,internal:T7|T8|T9,internal,3,0.05128,0.016087254020127336,-0.03519274597987267,0.03519274597987267
NJstar-STRICT,50,27,81,NJstar_STRICT_completed_p50_rep27_seed81.csv,internal:T7|T8,internal,2,0.02354,0.004405436001140624,-0.019134563998859374,0.019134563998859374
NJstar-STRICT,50,27,81,NJstar_STRICT_completed_p50_rep27_seed81.csv,terminal:T7,terminal,1,0.11573,0.07086287534274759,-0.044867124657252413,0.044867124657252413
NJstar-STRICT,50,27,81,NJstar_STRICT_completed_p50_rep27_seed81.csv,terminal:T8,terminal,1,0.11535,0.0761388164925804,-0.03921118350741959,0.03921118350741959
NJstar-STRICT,50,27,81,NJstar_STRICT_completed_p50_rep27_seed81.csv,terminal:T9,terminal,1,0.12153,0.07711153850739369,-0.04441846149260631,0.04441846149260631
NJstar-STRICT,50,27,81,NJstar_STRICT_completed_p50_rep27_seed81.csv,terminal:T10,terminal,1,0.18189,0.09487109466923531,-0.08701890533076469,0.08701890533076469
NJstar-STRICT,50,27,81,NJstar_STRICT_completed_p50_rep27_seed81.csv,internal:T11|T12|T13|T14|T15,internal,5,0.11651,0.022161223272128713,-0.09434877672787129,0.09434877672787129
NJstar-STRICT,50,27,81,NJstar_STRICT_completed_p50_rep27_seed81.csv,internal:T11|T12,internal,2,0.22637,0.04349421860194536,-0.18287578139805463,0.18287578139805463
NJstar-STRICT,50,27,81,NJstar_STRICT_completed_p50_rep27_seed81.csv,terminal:T11,terminal,1,0.16094,0.0877130010798125,-0.0732269989201875,0.0732269989201875
NJstar-STRICT,50,27,81,NJstar_STRICT_completed_p50_rep27_seed81.csv,terminal:T12,terminal,1,0.14942,0.08527609957171285,-0.06414390042828715,0.06414390042828715
NJstar-STRICT,50,27,81,NJstar_STRICT_completed_p50_rep27_seed81.csv,internal:T13|T14|T15,internal,3,0.18561,0.022821857681588363,-0.16278814231841163,0.16278814231841163
NJstar-STRICT,50,27,81,NJstar_STRICT_completed_p50_rep27_seed81.csv,terminal:T13,terminal,1,0.32149,0.12152311693997193,-0.19996688306002808,0.19996688306002808
NJstar-STRICT,50,27,81,NJstar_STRICT_completed_p50_rep27_seed81.csv,internal:T14|T15,internal,2,0.07113,0.007139865314269945,-0.06399013468573006,0.06399013468573006
NJstar-STRICT,50,27,81,NJstar_STRICT_completed_p50_rep27_seed81.csv,terminal:T14,terminal,1,0.34439,0.12264114165444649,-0.22174885834555347,0.22174885834555347
NJstar-STRICT,50,27,81,NJstar_STRICT_completed_p50_rep27_seed81.csv,terminal:T15,terminal,1,0.24256,0.11323065012769583,-0.12932934987230416,0.12932934987230416
NJstar-STRICT,50,28,82,NJstar_STRICT_completed_p50_rep28_seed82.csv,terminal:T1,terminal,1,0.05696,0.05516484787725528,-0.0017951521227447184,0.0017951521227447184
NJstar-STRICT,50,28,82,NJstar_STRICT_completed_p50_rep28_seed82.csv,internal:T2|T3,internal,2,0.03472,0.0,-0.03472,0.03472
NJstar-STRICT,50,28,82,NJstar_STRICT_completed_p50_rep28_seed82.csv,terminal:T2,terminal,1,0.02433,0.0680101177949931,0.04368011779499309,0.04368011779499309
NJstar-STRICT,50,28,82,NJstar_STRICT_completed_p50_rep28_seed82.csv,terminal:T3,terminal,1,0.02231,0.060056889166877646,0.03774688916687764,0.03774688916687764
NJstar-STRICT,50,28,82,NJstar_STRICT_completed_p50_rep28_seed82.csv,internal:T1|T2|T3,internal,3,0.01863,0.0,-0.01863,0.01863
NJstar-STRICT,50,28,82,NJstar_STRICT_completed_p50_rep28_seed82.csv,terminal:T4,terminal,1,0.07771,0.06460987009267326,-0.013100129907326744,0.013100129907326744
NJstar-STRICT,50,28,82,NJstar_STRICT_completed_p50_rep28_seed82.csv,internal:T1|T2|T3|T4,internal,4,0.04682,0.01062379486176748,-0.03619620513823252,0.03619620513823252
NJstar-STRICT,50,28,82,NJstar_STRICT_completed_p50_rep28_seed82.csv,terminal:T5,terminal,1,0.12997,0.0768868948688439,-0.053083105131156105,0.053083105131156105
NJstar-STRICT,50,28,82,NJstar_STRICT_completed_p50_rep28_seed82.csv,internal:T1|T2|T3|T4|T5,internal,5,0.03057,0.008160560094763151,-0.022409439905236847,0.022409439905236847
NJstar-STRICT,50,28,82,NJstar_STRICT_completed_p50_rep28_seed82.csv,terminal:T6,terminal,1,0.14605,0.08542456021696253,-0.060625439783037485,0.060625439783037485
NJstar-STRICT,50,28,82,NJstar_STRICT_completed_p50_rep28_seed82.csv,internal:T1|T2|T3|T4|T5|T6,internal,6,0.0721,0.019298662279573046,-0.05280133772042695,0.05280133772042695
NJstar-STRICT,50,28,82,NJstar_STRICT_completed_p50_rep28_seed82.csv,internal:T10|T7|T8|T9,internal,4,0.08603,0.005646269885181435,-0.08038373011481856,0.08038373011481856
NJstar-STRICT,50,28,82,NJstar_STRICT_completed_p50_rep28_seed82.csv,internal:T7|T8|T9,internal,3,0.05128,0.0,-0.05128,0.05128
NJstar-STRICT,50,28,82,NJstar_STRICT_completed_p50_rep28_seed82.csv,internal:T7|T8,internal,2,0.02354,0.029196270973387346,0.005656270973387348,0.005656270973387348
NJstar-STRICT,50,28,82,NJstar_STRICT_completed_p50_rep28_seed82.csv,terminal:T7,terminal,1,0.11573,0.0699486260909227,-0.0457813739090773,0.0457813739090773
NJstar-STRICT,50,28,82,NJstar_STRICT_completed_p50_rep28_seed82.csv,terminal:T8,terminal,1,0.11535,0.0770530657444053,-0.03829693425559469,0.03829693425559469
NJstar-STRICT,50,28,82,NJstar_STRICT_completed_p50_rep28_seed82.csv,terminal:T9,terminal,1,0.12153,0.1053124144965732,-0.016217585503426793,0.016217585503426793
NJstar-STRICT,50,28,82,NJstar_STRICT_completed_p50_rep28_seed82.csv,terminal:T10,terminal,1,0.18189,0.10430035608347503,-0.07758964391652497,0.07758964391652497
NJstar-STRICT,50,28,82,NJstar_STRICT_completed_p50_rep28_seed82.csv,internal:T11|T12|T13|T14|T15,internal,5,0.11651,0.021933804600134707,-0.0945761953998653,0.0945761953998653
NJstar-STRICT,50,28,82,NJstar_STRICT_completed_p50_rep28_seed82.csv,internal:T11|T12,internal,2,0.22637,0.043842542514569476,-0.1825274574854305,0.1825274574854305
NJstar-STRICT,50,28,82,NJstar_STRICT_completed_p50_rep28_seed82.csv,terminal:T11,terminal,1,0.16094,0.08904032082604589,-0.07189967917395411,0.07189967917395411
NJstar-STRICT,50,28,82,NJstar_STRICT_completed_p50_rep28_seed82.csv,terminal:T12,terminal,1,0.14942,0.08394877982547937,-0.06547122017452063,0.06547122017452063
NJstar-STRICT,50,28,82,NJstar_STRICT_completed_p50_rep28_seed82.csv,internal:T13|T14|T15,internal,3,0.18561,0.0,-0.18561,0.18561
NJstar-STRICT,50,28,82,NJstar_STRICT_completed_p50_rep28_seed82.csv,terminal:T13,terminal,1,0.32149,0.14585686781798432,-0.17563313218201568,0.17563313218201568
NJstar-STRICT,50,28,82,NJstar_STRICT_completed_p50_rep28_seed82.csv,internal:T14|T15,internal,2,0.07113,0.03114644327811434,-0.03998355672188566,0.03998355672188566
NJstar-STRICT,50,28,82,NJstar_STRICT_completed_p50_rep28_seed82.csv,terminal:T14,terminal,1,0.34439,0.12174745287558002,-0.22264254712441994,0.22264254712441994
NJstar-STRICT,50,28,82,NJstar_STRICT_completed_p50_rep28_seed82.csv,terminal:T15,terminal,1,0.24256,0.11412433890656236,-0.12843566109343763,0.12843566109343763
NJstar-STRICT,50,29,83,NJstar_STRICT_completed_p50_rep29_seed83.csv,terminal:T1,terminal,1,0.05696,0.039271973907470066,-0.01768802609252993,0.01768802609252993
NJstar-STRICT,50,29,83,NJstar_STRICT_completed_p50_rep29_seed83.csv,internal:T2|T3,internal,2,0.03472,0.004383787814072127,-0.030336212185927875,0.030336212185927875
NJstar-STRICT,50,29,83,NJstar_STRICT_completed_p50_rep29_seed83.csv,terminal:T2,terminal,1,0.02433,0.03584951682261993,0.011519516822619928,0.011519516822619928
NJstar-STRICT,50,29,83,NJstar_STRICT_completed_p50_rep29_seed83.csv,terminal:T3,terminal,1,0.02231,0.005182632077549325,-0.017127367922450676,0.017127367922450676
NJstar-STRICT,50,29,83,NJstar_STRICT_completed_p50_rep29_seed83.csv,internal:T1|T2|T3,internal,3,0.01863,0.015395813832337377,-0.0032341861676626234,0.0032341861676626234
NJstar-STRICT,50,29,83,NJstar_STRICT_completed_p50_rep29_seed83.csv,terminal:T4,terminal,1,0.07771,0.04654265183998692,-0.031167348160013084,0.031167348160013084
NJstar-STRICT,50,29,83,NJstar_STRICT_completed_p50_rep29_seed83.csv,internal:T1|T2|T3|T4,internal,4,0.04682,0.03141676679808428,-0.015403233201915723,0.015403233201915723
NJstar-STRICT,50,29,83,NJstar_STRICT_completed_p50_rep29_seed83.csv,terminal:T5,terminal,1,0.12997,0.0801151349908851,-0.0498548650091149,0.0498548650091149
NJstar-STRICT,50,29,83,NJstar_STRICT_completed_p50_rep29_seed83.csv,internal:T1|T2|T3|T4|T5,internal,5,0.03057,0.007470547167923028,-0.023099452832076973,0.023099452832076973
NJstar-STRICT,50,29,83,NJstar_STRICT_completed_p50_rep29_seed83.csv,terminal:T6,terminal,1,0.14605,0.08135196352661844,-0.06469803647338157,0.06469803647338157
NJstar-STRICT,50,29,83,NJstar_STRICT_completed_p50_rep29_seed83.csv,internal:T1|T2|T3|T4|T5|T6,internal,6,0.0721,0.016450255473953977,-0.05564974452604602,0.05564974452604602
NJstar-STRICT,50,29,83,NJstar_STRICT_completed_p50_rep29_seed83.csv,internal:T10|T7|T8|T9,internal,4,0.08603,0.0,-0.08603,0.08603
NJstar-STRICT,50,29,83,NJstar_STRICT_completed_p50_rep29_seed83.csv,internal:T7|T8|T9,internal,3,0.05128,0.0,-0.05128,0.05128
NJstar-STRICT,50,29,83,NJstar_STRICT_completed_p50_rep29_seed83.csv,internal:T7|T8,internal,2,0.02354,0.031668856614466175,0.008128856614466176,0.008128856614466176
NJstar-STRICT,50,29,83,NJstar_STRICT_completed_p50_rep29_seed83.csv,terminal:T7,terminal,1,0.11573,0.06966829880824325,-0.046061701191756746,0.046061701191756746
NJstar-STRICT,50,29,83,NJstar_STRICT_completed_p50_rep29_seed83.csv,terminal:T8,terminal,1,0.11535,0.07733339302708474,-0.03801660697291526,0.03801660697291526
NJstar-STRICT,50,29,83,NJstar_STRICT_completed_p50_rep29_seed83.csv,terminal:T9,terminal,1,0.12153,0.11079608412214505,-0.010733915877854952,0.010733915877854952
NJstar-STRICT,50,29,83,NJstar_STRICT_completed_p50_rep29_seed83.csv,terminal:T10,terminal,1,0.18189,0.11041930147478232,-0.07147069852521767,0.07147069852521767
NJstar-STRICT,50,29,83,NJstar_STRICT_completed_p50_rep29_seed83.csv,internal:T11|T12|T13|T14|T15,internal,5,0.11651,0.023247331139072864,-0.09326266886092714,0.09326266886092714
NJstar-STRICT,50,29,83,NJstar_STRICT_completed_p50_rep29_seed83.csv,internal:T11|T12,internal,2,0.22637,0.0,-0.22637,0.22637
NJstar-STRICT,50,29,83,NJstar_STRICT_completed_p50_rep29_seed83.csv,terminal:T11,terminal,1,0.16094,0.12715186301989687,-0.033788136980103134,0.033788136980103134
NJstar-STRICT,50,29,83,NJstar_STRICT_completed_p50_rep29_seed83.csv,terminal:T12,terminal,1,0.14942,0.13398854036708815,-0.015431459632911843,0.015431459632911843
NJstar-STRICT,50,29,83,NJstar_STRICT_completed_p50_rep29_seed83.csv,internal:T13|T14|T15,internal,3,0.18561,0.031982217087171805,-0.1536277829128282,0.1536277829128282
NJstar-STRICT,50,29,83,NJstar_STRICT_completed_p50_rep29_seed83.csv,terminal:T13,terminal,1,0.32149,0.12247886877426861,-0.19901113122573139,0.19901113122573139
NJstar-STRICT,50,29,83,NJstar_STRICT_completed_p50_rep29_seed83.csv,internal:T14|T15,internal,2,0.07113,0.0,-0.07113,0.07113
NJstar-STRICT,50,29,83,NJstar_STRICT_completed_p50_rep29_seed83.csv,terminal:T14,terminal,1,0.34439,0.11491063177315039,-0.22947936822684958,0.22947936822684958
NJstar-STRICT,50,29,83,NJstar_STRICT_completed_p50_rep29_seed83.csv,terminal:T15,terminal,1,0.24256,0.11887496084774526,-0.12368503915225473,0.12368503915225473
NJstar-STRICT,65,4,58,NJstar_STRICT_completed_p65_rep04_seed58.csv,terminal:T1,terminal,1,0.05696,0.04538946477097682,-0.011570535229023175,0.011570535229023175
NJstar-STRICT,65,4,58,NJstar_STRICT_completed_p65_rep04_seed58.csv,internal:T2|T3,internal,2,0.03472,0.0,-0.03472,0.03472
NJstar-STRICT,65,4,58,NJstar_STRICT_completed_p65_rep04_seed58.csv,terminal:T2,terminal,1,0.02433,0.04205844869884768,0.01772844869884768,0.01772844869884768
NJstar-STRICT,65,4,58,NJstar_STRICT_completed_p65_rep04_seed58.csv,terminal:T3,terminal,1,0.02231,0.04194811461850811,0.019638114618508107,0.019638114618508107
NJstar-STRICT,65,4,58,NJstar_STRICT_completed_p65_rep04_seed58.csv,internal:T1|T2|T3,internal,3,0.01863,0.03225232851266441,0.013622328512664407,0.013622328512664407
NJstar-STRICT,65,4,58,NJstar_STRICT_completed_p65_rep04_seed58.csv,terminal:T4,terminal,1,0.07771,0.03060628801679934,-0.047103711983200666,0.047103711983200666
NJstar-STRICT,65,4,58,NJstar_STRICT_completed_p65_rep04_seed58.csv,internal:T1|T2|T3|T4,internal,4,0.04682,0.003294480605201889,-0.04352551939479811,0.04352551939479811
NJstar-STRICT,65,4,58,NJstar_STRICT_completed_p65_rep04_seed58.csv,terminal:T5,terminal,1,0.12997,0.09780865700698671,-0.03216134299301329,0.03216134299301329
NJstar-STRICT,65,4,58,NJstar_STRICT_completed_p65_rep04_seed58.csv,internal:T1|T2|T3|T4|T5,internal,5,0.03057,0.0,-0.03057,0.03057
NJstar-STRICT,65,4,58,NJstar_STRICT_completed_p65_rep04_seed58.csv,terminal:T6,terminal,1,0.14605,0.08630392234508492,-0.05974607765491509,0.05974607765491509
NJstar-STRICT,65,4,58,NJstar_STRICT_completed_p65_rep04_seed58.csv,internal:T1|T2|T3|T4|T5|T6,internal,6,0.0721,0.022730679659824622,-0.049369320340175375,0.049369320340175375
NJstar-STRICT,65,4,58,NJstar_STRICT_completed_p65_rep04_seed58.csv,internal:T10|T7|T8|T9,internal,4,0.08603,0.0,-0.08603,0.08603
NJstar-STRICT,65,4,58,NJstar_STRICT_completed_p65_rep04_seed58.csv,internal:T7|T8|T9,internal,3,0.05128,0.023222725227093986,-0.028057274772906014,0.028057274772906014
NJstar-STRICT,65,4,58,NJstar_STRICT_completed_p65_rep04_seed58.csv,internal:T7|T8,internal,2,0.02354,0.005210280968834033,-0.018329719031165967,0.018329719031165967
NJstar-STRICT,65,4,58,NJstar_STRICT_completed_p65_rep04_seed58.csv,terminal:T7,terminal,1,0.11573,0.07056317167224134,-0.04516682832775866,0.04516682832775866
NJstar-STRICT,65,4,58,NJstar_STRICT_completed_p65_rep04_seed58.csv,terminal:T8,terminal,1,0.11535,0.0764385201630867,-0.03891147983691329,0.03891147983691329
NJstar-STRICT,65,4,58,NJstar_STRICT_completed_p65_rep04_seed58.csv,terminal:T9,terminal,1,0.12153,0.07529620779447309,-0.04623379220552691,0.04623379220552691
NJstar-STRICT,65,4,58,NJstar_STRICT_completed_p65_rep04_seed58.csv,terminal:T10,terminal,1,0.18189,0.12222461992137777,-0.059665380078622224,0.059665380078622224
NJstar-STRICT,65,4,58,NJstar_STRICT_completed_p65_rep04_seed58.csv,internal:T11|T12|T13|T14|T15,internal,5,0.11651,0.0014289683562000095,-0.1150810316438,0.1150810316438
NJstar-STRICT,65,4,58,NJstar_STRICT_completed_p65_rep04_seed58.csv,internal:T11|T12,internal,2,0.22637,0.0,-0.22637,0.22637
NJstar-STRICT,65,4,58,NJstar_STRICT_completed_p65_rep04_seed58.csv,terminal:T11,terminal,1,0.16094,0.14634594083881358,-0.014594059161186418,0.014594059161186418
NJstar-STRICT,65,4,58,NJstar_STRICT_completed_p65_rep04_seed58.csv,terminal:T12,terminal,1,0.14942,0.15365004540171112,0.004230045401711124,0.004230045401711124
NJstar-STRICT,65,4,58,NJstar_STRICT_completed_p65_rep04_seed58.csv,internal:T13|T14|T15,internal,3,0.18561,0.04893163436962573,-0.13667836563037428,0.13667836563037428
NJstar-STRICT,65,4,58,NJstar_STRICT_completed_p65_rep04_seed58.csv,terminal:T13,terminal,1,0.32149,0.12292665406559172,-0.19856334593440828,0.19856334593440828
NJstar-STRICT,65,4,58,NJstar_STRICT_completed_p65_rep04_seed58.csv,internal:T14|T15,internal,2,0.07113,0.009579541433472435,-0.06155045856652756,0.06155045856652756
NJstar-STRICT,65,4,58,NJstar_STRICT_completed_p65_rep04_seed58.csv,terminal:T14,terminal,1,0.34439,0.12131796105993747,-0.2230720389400625,0.2230720389400625
NJstar-STRICT,65,4,58,NJstar_STRICT_completed_p65_rep04_seed58.csv,terminal:T15,terminal,1,0.24256,0.11455383072220486,-0.12800616927779512,0.12800616927779512
NJstar-STRICT,65,5,59,NJstar_STRICT_completed_p65_rep05_seed59.csv,terminal:T1,terminal,1,0.05696,0.04346838664980081,-0.013491613350199189,0.013491613350199189
NJstar-STRICT,65,5,59,NJstar_STRICT_completed_p65_rep05_seed59.csv,internal:T2|T3,internal,2,0.03472,0.02216880599507007,-0.01255119400492993,0.01255119400492993
NJstar-STRICT,65,5,59,NJstar_STRICT_completed_p65_rep05_seed59.csv,terminal:T2,terminal,1,0.02433,0.01962507640857762,-0.0047049235914223796,0.0047049235914223796
NJstar-STRICT,65,5,59,NJstar_STRICT_completed_p65_rep05_seed59.csv,terminal:T3,terminal,1,0.02231,0.02140707249159163,-0.0009029275084083688,0.0009029275084083688
NJstar-STRICT,65,5,59,NJstar_STRICT_completed_p65_rep05_seed59.csv,internal:T1|T2|T3,internal,3,0.01863,0.006848864876855401,-0.0117811351231446,0.0117811351231446
NJstar-STRICT,65,5,59,NJstar_STRICT_completed_p65_rep05_seed59.csv,terminal:T4,terminal,1,0.07771,0.055819755282489315,-0.021890244717510686,0.021890244717510686
NJstar-STRICT,65,5,59,NJstar_STRICT_completed_p65_rep05_seed59.csv,internal:T1|T2|T3|T4,internal,4,0.04682,0.07537306081821896,0.028553060818218956,0.028553060818218956
NJstar-STRICT,65,5,59,NJstar_STRICT_completed_p65_rep05_seed59.csv,terminal:T5,terminal,1,0.12997,0.1243362985718839,-0.005633701428116103,0.005633701428116103
NJstar-STRICT,65,5,59,NJstar_STRICT_completed_p65_rep05_seed59.csv,internal:T1|T2|T3|T4|T5,internal,5,0.03057,0.0,-0.03057,0.03057
NJstar-STRICT,65,5,59,NJstar_STRICT_completed_p65_rep05_seed59.csv,terminal:T6,terminal,1,0.14605,0.12350097516667868,-0.02254902483332133,0.02254902483332133
NJstar-STRICT,65,5,59,NJstar_STRICT_completed_p65_rep05_seed59.csv,internal:T1|T2|T3|T4|T5|T6,internal,6,0.0721,0.0,-0.0721,0.0721
NJstar-STRICT,65,5,59,NJstar_STRICT_completed_p65_rep05_seed59.csv,internal:T10|T7|T8|T9,internal,4,0.08603,0.017200137006641854,-0.06882986299335814,0.06882986299335814
NJstar-STRICT,65,5,59,NJstar_STRICT_completed_p65_rep05_seed59.csv,internal:T7|T8|T9,internal,3,0.05128,0.004282115703253591,-0.04699788429674641,0.04699788429674641
NJstar-STRICT,65,5,59,NJstar_STRICT_completed_p65_rep05_seed59.csv,internal:T7|T8,internal,2,0.02354,0.0,-0.02354,0.02354
NJstar-STRICT,65,5,59,NJstar_STRICT_completed_p65_rep05_seed59.csv,terminal:T7,terminal,1,0.11573,0.08570878600451831,-0.030021213995481688,0.030021213995481688
NJstar-STRICT,65,5,59,NJstar_STRICT_completed_p65_rep05_seed59.csv,terminal:T8,terminal,1,0.11535,0.09773853782758883,-0.017611462172411163,0.017611462172411163
NJstar-STRICT,65,5,59,NJstar_STRICT_completed_p65_rep05_seed59.csv,terminal:T9,terminal,1,0.12153,0.09178259157227293,-0.029747408427727065,0.029747408427727065
NJstar-STRICT,65,5,59,NJstar_STRICT_completed_p65_rep05_seed59.csv,terminal:T10,terminal,1,0.18189,0.09934049225270111,-0.08254950774729888,0.08254950774729888
NJstar-STRICT,65,5,59,NJstar_STRICT_completed_p65_rep05_seed59.csv,internal:T11|T12|T13|T14|T15,internal,5,0.11651,0.003609945401217907,-0.11290005459878209,0.11290005459878209
NJstar-STRICT,65,5,59,NJstar_STRICT_completed_p65_rep05_seed59.csv,internal:T11|T12,internal,2,0.22637,0.0,-0.22637,0.22637
NJstar-STRICT,65,5,59,NJstar_STRICT_completed_p65_rep05_seed59.csv,terminal:T11,terminal,1,0.16094,0.14375055490181302,-0.017189445098186984,0.017189445098186984
NJstar-STRICT,65,5,59,NJstar_STRICT_completed_p65_rep05_seed59.csv,terminal:T12,terminal,1,0.14942,0.14419921756088128,-0.005220782439118721,0.005220782439118721
NJstar-STRICT,65,5,59,NJstar_STRICT_completed_p65_rep05_seed59.csv,internal:T13|T14|T15,internal,3,0.18561,0.0,-0.18561,0.18561
NJstar-STRICT,65,5,59,NJstar_STRICT_completed_p65_rep05_seed59.csv,terminal:T13,terminal,1,0.32149,0.15316888191873276,-0.16832111808126723,0.16832111808126723
NJstar-STRICT,65,5,59,NJstar_STRICT_completed_p65_rep05_seed59.csv,internal:T14|T15,internal,2,0.07113,0.0,-0.07113,0.07113
NJstar-STRICT,65,5,59,NJstar_STRICT_completed_p65_rep05_seed59.csv,terminal:T14,terminal,1,0.34439,0.15854498369598577,-0.1858450163040142,0.1858450163040142
NJstar-STRICT,65,5,59,NJstar_STRICT_completed_p65_rep05_seed59.csv,terminal:T15,terminal,1,0.24256,0.11892711544109065,-0.12363288455890935,0.12363288455890935
NJstar-STRICT,65,9,63,NJstar_STRICT_completed_p65_rep09_seed63.csv,terminal:T1,terminal,1,0.05696,0.03661029694412921,-0.020349703055870784,0.020349703055870784
NJstar-STRICT,65,9,63,NJstar_STRICT_completed_p65_rep09_seed63.csv,internal:T2|T3,internal,2,0.03472,0.0,-0.03472,0.03472
NJstar-STRICT,65,9,63,NJstar_STRICT_completed_p65_rep09_seed63.csv,terminal:T2,terminal,1,0.02433,0.05196665535642097,0.02763665535642097,0.02763665535642097
NJstar-STRICT,65,9,63,NJstar_STRICT_completed_p65_rep09_seed63.csv,terminal:T3,terminal,1,0.02231,0.04843620479063643,0.026126204790636428,0.026126204790636428
NJstar-STRICT,65,9,63,NJstar_STRICT_completed_p65_rep09_seed63.csv,internal:T1|T2|T3,internal,3,0.01863,1.1088190696487008e-05,-0.018618911809303515,0.018618911809303515
NJstar-STRICT,65,9,63,NJstar_STRICT_completed_p65_rep09_seed63.csv,terminal:T4,terminal,1,0.07771,0.05390024396876762,-0.02380975603123238,0.02380975603123238
NJstar-STRICT,65,9,63,NJstar_STRICT_completed_p65_rep09_seed63.csv,internal:T1|T2|T3|T4,internal,4,0.04682,0.027391125628403134,-0.019428874371596867,0.019428874371596867
NJstar-STRICT,65,9,63,NJstar_STRICT_completed_p65_rep09_seed63.csv,terminal:T5,terminal,1,0.12997,0.07667906544634326,-0.053290934553656744,0.053290934553656744
NJstar-STRICT,65,9,63,NJstar_STRICT_completed_p65_rep09_seed63.csv,internal:T1|T2|T3|T4|T5,internal,5,0.03057,0.004658002077708486,-0.025911997922291513,0.025911997922291513
NJstar-STRICT,65,9,63,NJstar_STRICT_completed_p65_rep09_seed63.csv,terminal:T6,terminal,1,0.14605,0.08866019129115404,-0.05738980870884597,0.05738980870884597
NJstar-STRICT,65,9,63,NJstar_STRICT_completed_p65_rep09_seed63.csv,internal:T1|T2|T3|T4|T5|T6,internal,6,0.0721,0.012065864487333447,-0.06003413551266655,0.06003413551266655
NJstar-STRICT,65,9,63,NJstar_STRICT_completed_p65_rep09_seed63.csv,internal:T10|T7|T8|T9,internal,4,0.08603,0.0,-0.08603,0.08603
NJstar-STRICT,65,9,63,NJstar_STRICT_completed_p65_rep09_seed63.csv,internal:T7|T8|T9,internal,3,0.05128,0.0,-0.05128,0.05128
NJstar-STRICT,65,9,63,NJstar_STRICT_completed_p65_rep09_seed63.csv,internal:T7|T8,internal,2,0.02354,0.0,-0.02354,0.02354
NJstar-STRICT,65,9,63,NJstar_STRICT_completed_p65_rep09_seed63.csv,terminal:T7,terminal,1,0.11573,0.11168370469778807,-0.0040462953022119275,0.0040462953022119275
NJstar-STRICT,65,9,63,NJstar_STRICT_completed_p65_rep09_seed63.csv,terminal:T8,terminal,1,0.11535,0.11648749010829852,0.0011374901082985278,0.0011374901082985278
NJstar-STRICT,65,9,63,NJstar_STRICT_completed_p65_rep09_seed63.csv,terminal:T9,terminal,1,0.12153,0.10588277604909212,-0.015647223950907882,0.015647223950907882
NJstar-STRICT,65,9,63,NJstar_STRICT_completed_p65_rep09_seed63.csv,terminal:T10,terminal,1,0.18189,0.11494155639023466,-0.06694844360976533,0.06694844360976533
NJstar-STRICT,65,9,63,NJstar_STRICT_completed_p65_rep09_seed63.csv,internal:T11|T12|T13|T14|T15,internal,5,0.11651,0.0,-0.11651,0.11651
NJstar-STRICT,65,9,63,NJstar_STRICT_completed_p65_rep09_seed63.csv,internal:T11|T12,internal,2,0.22637,0.07349496084149758,-0.15287503915850242,0.15287503915850242
NJstar-STRICT,65,9,63,NJstar_STRICT_completed_p65_rep09_seed63.csv,terminal:T11,terminal,1,0.16094,0.08854082377671205,-0.07239917622328795,0.07239917622328795
NJstar-STRICT,65,9,63,NJstar_STRICT_completed_p65_rep09_seed63.csv,terminal:T12,terminal,1,0.14942,0.08444827687481332,-0.06497172312518668,0.06497172312518668
NJstar-STRICT,65,9,63,NJstar_STRICT_completed_p65_rep09_seed63.csv,internal:T13|T14|T15,internal,3,0.18561,0.005334989192324035,-0.18027501080767597,0.18027501080767597
NJstar-STRICT,65,9,63,NJstar_STRICT_completed_p65_rep09_seed63.csv,terminal:T13,terminal,1,0.32149,0.17388807507551157,-0.14760192492448843,0.14760192492448843
NJstar-STRICT,65,9,63,NJstar_STRICT_completed_p65_rep09_seed63.csv,internal:T14|T15,internal,2,0.07113,0.052550840629737736,-0.018579159370262263,0.018579159370262263
NJstar-STRICT,65,9,63,NJstar_STRICT_completed_p65_rep09_seed63.csv,terminal:T14,terminal,1,0.34439,0.12217933910062463,-0.22221066089937536,0.22221066089937536
NJstar-STRICT,65,9,63,NJstar_STRICT_completed_p65_rep09_seed63.csv,terminal:T15,terminal,1,0.24256,0.11369245268151777,-0.1288675473184822,0.1288675473184822
NJstar-STRICT,65,12,66,NJstar_STRICT_completed_p65_rep12_seed66.csv,terminal:T1,terminal,1,0.05696,0.06687639693548982,0.009916396935489818,0.009916396935489818
NJstar-STRICT,65,12,66,NJstar_STRICT_completed_p65_rep12_seed66.csv,internal:T2|T3,internal,2,0.03472,0.0540980195312257,0.0193780195312257,0.0193780195312257
NJstar-STRICT,65,12,66,NJstar_STRICT_completed_p65_rep12_seed66.csv,terminal:T2,terminal,1,0.02433,0.022078235063452994,-0.0022517649365470065,0.0022517649365470065
NJstar-STRICT,65,12,66,NJstar_STRICT_completed_p65_rep12_seed66.csv,terminal:T3,terminal,1,0.02231,0.018953913836716164,-0.0033560861632838355,0.0033560861632838355
NJstar-STRICT,65,12,66,NJstar_STRICT_completed_p65_rep12_seed66.csv,internal:T1|T2|T3,internal,3,0.01863,0.0,-0.01863,0.01863
NJstar-STRICT,65,12,66,NJstar_STRICT_completed_p65_rep12_seed66.csv,terminal:T4,terminal,1,0.07771,0.08021671163350347,0.0025067116335034667,0.0025067116335034667
NJstar-STRICT,65,12,66,NJstar_STRICT_completed_p65_rep12_seed66.csv,internal:T1|T2|T3|T4,internal,4,0.04682,0.0,-0.04682,0.04682
NJstar-STRICT,65,12,66,NJstar_STRICT_completed_p65_rep12_seed66.csv,terminal:T5,terminal,1,0.12997,0.0815860750775895,-0.048383924922410504,0.048383924922410504
NJstar-STRICT,65,12,66,NJstar_STRICT_completed_p65_rep12_seed66.csv,internal:T1|T2|T3|T4|T5,internal,5,0.03057,0.0003268029167926135,-0.030243197083207385,0.030243197083207385
NJstar-STRICT,65,12,66,NJstar_STRICT_completed_p65_rep12_seed66.csv,terminal:T6,terminal,1,0.14605,0.08661784809426958,-0.05943215190573044,0.05943215190573044
NJstar-STRICT,65,12,66,NJstar_STRICT_completed_p65_rep12_seed66.csv,internal:T1|T2|T3|T4|T5|T6,internal,6,0.0721,0.025045653404517386,-0.04705434659548261,0.04705434659548261
NJstar-STRICT,65,12,66,NJstar_STRICT_completed_p65_rep12_seed66.csv,internal:T10|T7|T8|T9,internal,4,0.08603,0.017868700218337953,-0.06816129978166205,0.06816129978166205
NJstar-STRICT,65,12,66,NJstar_STRICT_completed_p65_rep12_seed66.csv,internal:T7|T8|T9,internal,3,0.05128,0.014119517120261691,-0.037160482879738305,0.037160482879738305
NJstar-STRICT,65,12,66,NJstar_STRICT_completed_p65_rep12_seed66.csv,internal:T7|T8,internal,2,0.02354,0.003542670452534223,-0.019997329547465775,0.019997329547465775
NJstar-STRICT,65,12,66,NJstar_STRICT_completed_p65_rep12_seed66.csv,terminal:T7,terminal,1,0.11573,0.07095404086639293,-0.044775959133607074,0.044775959133607074
NJstar-STRICT,65,12,66,NJstar_STRICT_completed_p65_rep12_seed66.csv,terminal:T8,terminal,1,0.11535,0.07604765096893507,-0.03930234903106493,0.03930234903106493
NJstar-STRICT,65,12,66,NJstar_STRICT_completed_p65_rep12_seed66.csv,terminal:T9,terminal,1,0.12153,0.076963818310773,-0.044566181689227005,0.044566181689227005
NJstar-STRICT,65,12,66,NJstar_STRICT_completed_p65_rep12_seed66.csv,terminal:T10,terminal,1,0.18189,0.09566329946696332,-0.08622670053303667,0.08622670053303667
NJstar-STRICT,65,12,66,NJstar_STRICT_completed_p65_rep12_seed66.csv,internal:T11|T12|T13|T14|T15,internal,5,0.11651,0.022805261370216854,-0.09370473862978315,0.09370473862978315
NJstar-STRICT,65,12,66,NJstar_STRICT_completed_p65_rep12_seed66.csv,internal:T11|T12,internal,2,0.22637,5.4659609132145704e-05,-0.22631534039086784,0.22631534039086784
NJstar-STRICT,65,12,66,NJstar_STRICT_completed_p65_rep12_seed66.csv,terminal:T11,terminal,1,0.16094,0.1291221069745229,-0.031817893025477106,0.031817893025477106
NJstar-STRICT,65,12,66,NJstar_STRICT_completed_p65_rep12_seed66.csv,terminal:T12,terminal,1,0.14942,0.12843766115550684,-0.02098233884449316,0.02098233884449316
NJstar-STRICT,65,12,66,NJstar_STRICT_completed_p65_rep12_seed66.csv,internal:T13|T14|T15,internal,3,0.18561,0.022123222099800808,-0.1634867779001992,0.1634867779001992
NJstar-STRICT,65,12,66,NJstar_STRICT_completed_p65_rep12_seed66.csv,terminal:T13,terminal,1,0.32149,0.12141474498062459,-0.2000752550193754,0.2000752550193754
NJstar-STRICT,65,12,66,NJstar_STRICT_completed_p65_rep12_seed66.csv,internal:T14|T15,internal,2,0.07113,6.778515706419153e-07,-0.07112932214842936,0.07112932214842936
NJstar-STRICT,65,12,66,NJstar_STRICT_completed_p65_rep12_seed66.csv,terminal:T14,terminal,1,0.34439,0.13176508328017095,-0.21262491671982903,0.21262491671982903
NJstar-STRICT,65,12,66,NJstar_STRICT_completed_p65_rep12_seed66.csv,terminal:T15,terminal,1,0.24256,0.11860182734606473,-0.12395817265393527,0.12395817265393527
NJstar-STRICT,65,15,69,NJstar_STRICT_completed_p65_rep15_seed69.csv,terminal:T1,terminal,1,0.05696,0.06201613367314836,0.005056133673148361,0.005056133673148361
NJstar-STRICT,65,15,69,NJstar_STRICT_completed_p65_rep15_seed69.csv,internal:T2|T3,internal,2,0.03472,0.04176732163738727,0.00704732163738727,0.00704732163738727
NJstar-STRICT,65,15,69,NJstar_STRICT_completed_p65_rep15_seed69.csv,terminal:T2,terminal,1,0.02433,0.021641693847612782,-0.002688306152387219,0.002688306152387219
NJstar-STRICT,65,15,69,NJstar_STRICT_completed_p65_rep15_seed69.csv,terminal:T3,terminal,1,0.02231,0.019390455052556453,-0.002919544947443547,0.002919544947443547
NJstar-STRICT,65,15,69,NJstar_STRICT_completed_p65_rep15_seed69.csv,internal:T1|T2|T3,internal,3,0.01863,0.0,-0.01863,0.01863
NJstar-STRICT,65,15,69,NJstar_STRICT_completed_p65_rep15_seed69.csv,terminal:T4,terminal,1,0.07771,0.06912594158788253,-0.00858405841211747,0.00858405841211747
NJstar-STRICT,65,15,69,NJstar_STRICT_completed_p65_rep15_seed69.csv,internal:T1|T2|T3|T4,internal,4,0.04682,0.0,-0.04682,0.04682
NJstar-STRICT,65,15,69,NJstar_STRICT_completed_p65_rep15_seed69.csv,terminal:T5,terminal,1,0.12997,0.06765497171736427,-0.06231502828263573,0.06231502828263573
NJstar-STRICT,65,15,69,NJstar_STRICT_completed_p65_rep15_seed69.csv,internal:T1|T2|T3|T4|T5,internal,5,0.03057,0.0,-0.03057,0.03057
NJstar-STRICT,65,15,69,NJstar_STRICT_completed_p65_rep15_seed69.csv,terminal:T6,terminal,1,0.14605,0.1206824928923631,-0.02536750710763691,0.02536750710763691
NJstar-STRICT,65,15,69,NJstar_STRICT_completed_p65_rep15_seed69.csv,internal:T1|T2|T3|T4|T5|T6,internal,6,0.0721,0.025487345772579918,-0.04661265422742008,0.04661265422742008
NJstar-STRICT,65,15,69,NJstar_STRICT_completed_p65_rep15_seed69.csv,internal:T10|T7|T8|T9,internal,4,0.08603,0.009190997331075408,-0.07683900266892459,0.07683900266892459
NJstar-STRICT,65,15,69,NJstar_STRICT_completed_p65_rep15_seed69.csv,internal:T7|T8|T9,internal,3,0.05128,0.0,-0.05128,0.05128
NJstar-STRICT,65,15,69,NJstar_STRICT_completed_p65_rep15_seed69.csv,internal:T7|T8,internal,2,0.02354,0.0,-0.02354,0.02354
NJstar-STRICT,65,15,69,NJstar_STRICT_completed_p65_rep15_seed69.csv,terminal:T7,terminal,1,0.11573,0.07735252547461866,-0.038377474525381344,0.038377474525381344
NJstar-STRICT,65,15,69,NJstar_STRICT_completed_p65_rep15_seed69.csv,terminal:T8,terminal,1,0.11535,0.10701470479491561,-0.008335295205084386,0.008335295205084386
NJstar-STRICT,65,15,69,NJstar_STRICT_completed_p65_rep15_seed69.csv,terminal:T9,terminal,1,0.12153,0.10458639696270632,-0.016943603037293684,0.016943603037293684
NJstar-STRICT,65,15,69,NJstar_STRICT_completed_p65_rep15_seed69.csv,terminal:T10,terminal,1,0.18189,0.10882871177441815,-0.07306128822558185,0.07306128822558185
NJstar-STRICT,65,15,69,NJstar_STRICT_completed_p65_rep15_seed69.csv,internal:T11|T12|T13|T14|T15,internal,5,0.11651,0.006039952559381075,-0.11047004744061893,0.11047004744061893
NJstar-STRICT,65,15,69,NJstar_STRICT_completed_p65_rep15_seed69.csv,internal:T11|T12,internal,2,0.22637,0.0,-0.22637,0.22637
NJstar-STRICT,65,15,69,NJstar_STRICT_completed_p65_rep15_seed69.csv,terminal:T11,terminal,1,0.16094,0.14569192924533417,-0.015248070754665832,0.015248070754665832
NJstar-STRICT,65,15,69,NJstar_STRICT_completed_p65_rep15_seed69.csv,terminal:T12,terminal,1,0.14942,0.1790722204408771,0.029652220440877092,0.029652220440877092
NJstar-STRICT,65,15,69,NJstar_STRICT_completed_p65_rep15_seed69.csv,internal:T13|T14|T15,internal,3,0.18561,0.045337683291368086,-0.1402723167086319,0.1402723167086319
NJstar-STRICT,65,15,69,NJstar_STRICT_completed_p65_rep15_seed69.csv,terminal:T13,terminal,1,0.32149,0.12182686002033323,-0.19966313997966678,0.19966313997966678
NJstar-STRICT,65,15,69,NJstar_STRICT_completed_p65_rep15_seed69.csv,internal:T14|T15,internal,2,0.07113,0.0001997015959502367,-0.07093029840404977,0.07093029840404977
NJstar-STRICT,65,15,69,NJstar_STRICT_completed_p65_rep15_seed69.csv,terminal:T14,terminal,1,0.34439,0.13086633481862994,-0.21352366518137003,0.21352366518137003
NJstar-STRICT,65,15,69,NJstar_STRICT_completed_p65_rep15_seed69.csv,terminal:T15,terminal,1,0.24256,0.11827829823942901,-0.12428170176057099,0.12428170176057099
NJstar-STRICT,65,19,73,NJstar_STRICT_completed_p65_rep19_seed73.csv,terminal:T1,terminal,1,0.05696,0.07829704216754937,0.021337042167549378,0.021337042167549378
NJstar-STRICT,65,19,73,NJstar_STRICT_completed_p65_rep19_seed73.csv,internal:T2|T3,internal,2,0.03472,0.0,-0.03472,0.03472
NJstar-STRICT,65,19,73,NJstar_STRICT_completed_p65_rep19_seed73.csv,terminal:T2,terminal,1,0.02433,0.08863128150289078,0.06430128150289077,0.06430128150289077
NJstar-STRICT,65,19,73,NJstar_STRICT_completed_p65_rep19_seed73.csv,terminal:T3,terminal,1,0.02231,0.07808492683335912,0.05577492683335912,0.05577492683335912
NJstar-STRICT,65,19,73,NJstar_STRICT_completed_p65_rep19_seed73.csv,internal:T1|T2|T3,internal,3,0.01863,0.014763916489309442,-0.0038660835106905586,0.0038660835106905586
NJstar-STRICT,65,19,73,NJstar_STRICT_completed_p65_rep19_seed73.csv,terminal:T4,terminal,1,0.07771,0.10224149054886944,0.02453149054886944,0.02453149054886944
NJstar-STRICT,65,19,73,NJstar_STRICT_completed_p65_rep19_seed73.csv,internal:T1|T2|T3|T4,internal,4,0.04682,0.0,-0.04682,0.04682
NJstar-STRICT,65,19,73,NJstar_STRICT_completed_p65_rep19_seed73.csv,terminal:T5,terminal,1,0.12997,0.049662997196272506,-0.08030700280372749,0.08030700280372749
NJstar-STRICT,65,19,73,NJstar_STRICT_completed_p65_rep19_seed73.csv,internal:T1|T2|T3|T4|T5,internal,5,0.03057,0.0,-0.03057,0.03057
NJstar-STRICT,65,19,73,NJstar_STRICT_completed_p65_rep19_seed73.csv,terminal:T6,terminal,1,0.14605,0.09797608167184423,-0.04807391832815579,0.04807391832815579
NJstar-STRICT,65,19,73,NJstar_STRICT_completed_p65_rep19_seed73.csv,internal:T1|T2|T3|T4|T5|T6,internal,6,0.0721,0.003848711588339021,-0.06825128841166098,0.06825128841166098
NJstar-STRICT,65,19,73,NJstar_STRICT_completed_p65_rep19_seed73.csv,internal:T10|T7|T8|T9,internal,4,0.08603,0.016590989396051994,-0.069439010603948,0.069439010603948
NJstar-STRICT,65,19,73,NJstar_STRICT_completed_p65_rep19_seed73.csv,internal:T7|T8|T9,internal,3,0.05128,0.0,-0.05128,0.05128
NJstar-STRICT,65,19,73,NJstar_STRICT_completed_p65_rep19_seed73.csv,internal:T7|T8,internal,2,0.02354,0.019198091580475425,-0.004341908419524573,0.004341908419524573
NJstar-STRICT,65,19,73,NJstar_STRICT_completed_p65_rep19_seed73.csv,terminal:T7,terminal,1,0.11573,0.07003699987916331,-0.045693000120836685,0.045693000120836685
NJstar-STRICT,65,19,73,NJstar_STRICT_completed_p65_rep19_seed73.csv,terminal:T8,terminal,1,0.11535,0.07696469195616461,-0.03838530804383539,0.03838530804383539
NJstar-STRICT,65,19,73,NJstar_STRICT_completed_p65_rep19_seed73.csv,terminal:T9,terminal,1,0.12153,0.09084882694199958,-0.030681173058000416,0.030681173058000416
NJstar-STRICT,65,19,73,NJstar_STRICT_completed_p65_rep19_seed73.csv,terminal:T10,terminal,1,0.18189,0.09509475793434229,-0.08679524206565771,0.08679524206565771
NJstar-STRICT,65,19,73,NJstar_STRICT_completed_p65_rep19_seed73.csv,internal:T11|T12|T13|T14|T15,internal,5,0.11651,0.02581659557921343,-0.09069340442078658,0.09069340442078658
NJstar-STRICT,65,19,73,NJstar_STRICT_completed_p65_rep19_seed73.csv,internal:T11|T12,internal,2,0.22637,0.041044794382745095,-0.1853252056172549,0.1853252056172549
NJstar-STRICT,65,19,73,NJstar_STRICT_completed_p65_rep19_seed73.csv,terminal:T11,terminal,1,0.16094,0.0877594961962823,-0.0731805038037177,0.0731805038037177
NJstar-STRICT,65,19,73,NJstar_STRICT_completed_p65_rep19_seed73.csv,terminal:T12,terminal,1,0.14942,0.08522960445524304,-0.06419039554475696,0.06419039554475696
NJstar-STRICT,65,19,73,NJstar_STRICT_completed_p65_rep19_seed73.csv,internal:T13|T14|T15,internal,3,0.18561,0.022273397228918072,-0.16333660277108192,0.16333660277108192
NJstar-STRICT,65,19,73,NJstar_STRICT_completed_p65_rep19_seed73.csv,terminal:T13,terminal,1,0.32149,0.1195674938526428,-0.20192250614735718,0.20192250614735718
NJstar-STRICT,65,19,73,NJstar_STRICT_completed_p65_rep19_seed73.csv,internal:T14|T15,internal,2,0.07113,0.008853781573746706,-0.06227621842625329,0.06227621842625329
NJstar-STRICT,65,19,73,NJstar_STRICT_completed_p65_rep19_seed73.csv,terminal:T14,terminal,1,0.34439,0.1247628244582867,-0.2196271755417133,0.2196271755417133
NJstar-STRICT,65,19,73,NJstar_STRICT_completed_p65_rep19_seed73.csv,terminal:T15,terminal,1,0.24256,0.11110896732385563,-0.13145103267614439,0.13145103267614439
NJstar-STRICT,65,22,76,NJstar_STRICT_completed_p65_rep22_seed76.csv,terminal:T1,terminal,1,0.05696,0.044480986305909416,-0.01247901369409058,0.01247901369409058
NJstar-STRICT,65,22,76,NJstar_STRICT_completed_p65_rep22_seed76.csv,internal:T2|T3,internal,2,0.03472,0.020852244321514182,-0.013867755678485819,0.013867755678485819
NJstar-STRICT,65,22,76,NJstar_STRICT_completed_p65_rep22_seed76.csv,terminal:T2,terminal,1,0.02433,0.021274842980202827,-0.0030551570197971736,0.0030551570197971736
NJstar-STRICT,65,22,76,NJstar_STRICT_completed_p65_rep22_seed76.csv,terminal:T3,terminal,1,0.02231,0.019757305919966404,-0.0025526940800335955,0.0025526940800335955
NJstar-STRICT,65,22,76,NJstar_STRICT_completed_p65_rep22_seed76.csv,internal:T1|T2|T3,internal,3,0.01863,0.061109674112617335,0.042479674112617334,0.042479674112617334
NJstar-STRICT,65,22,76,NJstar_STRICT_completed_p65_rep22_seed76.csv,terminal:T4,terminal,1,0.07771,0.15663951327944925,0.07892951327944925,0.07892951327944925
NJstar-STRICT,65,22,76,NJstar_STRICT_completed_p65_rep22_seed76.csv,internal:T1|T2|T3|T4,internal,4,0.04682,0.0,-0.04682,0.04682
NJstar-STRICT,65,22,76,NJstar_STRICT_completed_p65_rep22_seed76.csv,terminal:T5,terminal,1,0.12997,0.11650602514467712,-0.013463974855322886,0.013463974855322886
NJstar-STRICT,65,22,76,NJstar_STRICT_completed_p65_rep22_seed76.csv,internal:T1|T2|T3|T4|T5,internal,5,0.03057,0.004242745702568564,-0.026327254297431435,0.026327254297431435
NJstar-STRICT,65,22,76,NJstar_STRICT_completed_p65_rep22_seed76.csv,terminal:T6,terminal,1,0.14605,0.09493230576103016,-0.05111769423896985,0.05111769423896985
NJstar-STRICT,65,22,76,NJstar_STRICT_completed_p65_rep22_seed76.csv,internal:T1|T2|T3|T4|T5|T6,internal,6,0.0721,0.002819450143260527,-0.06928054985673947,0.06928054985673947
NJstar-STRICT,65,22,76,NJstar_STRICT_completed_p65_rep22_seed76.csv,internal:T10|T7|T8|T9,internal,4,0.08603,0.006366567383750842,-0.07966343261624916,0.07966343261624916
NJstar-STRICT,65,22,76,NJstar_STRICT_completed_p65_rep22_seed76.csv,internal:T7|T8|T9,internal,3,0.05128,0.0,-0.05128,0.05128
NJstar-STRICT,65,22,76,NJstar_STRICT_completed_p65_rep22_seed76.csv,internal:T7|T8,internal,2,0.02354,0.0,-0.02354,0.02354
NJstar-STRICT,65,22,76,NJstar_STRICT_completed_p65_rep22_seed76.csv,terminal:T7,terminal,1,0.11573,0.12323225667764671,0.007502256677646715,0.007502256677646715
NJstar-STRICT,65,22,76,NJstar_STRICT_completed_p65_rep22_seed76.csv,terminal:T8,terminal,1,0.11535,0.09286540225945304,-0.022484597740546952,0.022484597740546952
NJstar-STRICT,65,22,76,NJstar_STRICT_completed_p65_rep22_seed76.csv,terminal:T9,terminal,1,0.12153,0.08995714585728934,-0.03157285414271066,0.03157285414271066
NJstar-STRICT,65,22,76,NJstar_STRICT_completed_p65_rep22_seed76.csv,terminal:T10,terminal,1,0.18189,0.07824097533604918,-0.10364902466395082,0.10364902466395082
NJstar-STRICT,65,22,76,NJstar_STRICT_completed_p65_rep22_seed76.csv,internal:T11|T12|T13|T14|T15,internal,5,0.11651,0.024497357398923447,-0.09201264260107656,0.09201264260107656
NJstar-STRICT,65,22,76,NJstar_STRICT_completed_p65_rep22_seed76.csv,internal:T11|T12,internal,2,0.22637,0.07089434360795509,-0.15547565639204491,0.15547565639204491
NJstar-STRICT,65,22,76,NJstar_STRICT_completed_p65_rep22_seed76.csv,terminal:T11,terminal,1,0.16094,0.09022638842486659,-0.07071361157513341,0.07071361157513341
NJstar-STRICT,65,22,76,NJstar_STRICT_completed_p65_rep22_seed76.csv,terminal:T12,terminal,1,0.14942,0.08276271222665871,-0.06665728777334129,0.06665728777334129
NJstar-STRICT,65,22,76,NJstar_STRICT_completed_p65_rep22_seed76.csv,internal:T13|T14|T15,internal,3,0.18561,0.0,-0.18561,0.18561
NJstar-STRICT,65,22,76,NJstar_STRICT_completed_p65_rep22_seed76.csv,terminal:T13,terminal,1,0.32149,0.10536663789937138,-0.2161233621006286,0.2161233621006286
NJstar-STRICT,65,22,76,NJstar_STRICT_completed_p65_rep22_seed76.csv,internal:T14|T15,internal,2,0.07113,0.006509794142619742,-0.06462020585738026,0.06462020585738026
NJstar-STRICT,65,22,76,NJstar_STRICT_completed_p65_rep22_seed76.csv,terminal:T14,terminal,1,0.34439,0.13269573309268204,-0.21169426690731794,0.21169426690731794
NJstar-STRICT,65,22,76,NJstar_STRICT_completed_p65_rep22_seed76.csv,terminal:T15,terminal,1,0.24256,0.11709858841665349,-0.1254614115833465,0.1254614115833465
NJstar-STRICT,65,23,77,NJstar_STRICT_completed_p65_rep23_seed77.csv,terminal:T1,terminal,1,0.05696,0.0386282222402268,-0.018331777759773196,0.018331777759773196
NJstar-STRICT,65,23,77,NJstar_STRICT_completed_p65_rep23_seed77.csv,internal:T2|T3,internal,2,0.03472,0.0,-0.03472,0.03472
NJstar-STRICT,65,23,77,NJstar_STRICT_completed_p65_rep23_seed77.csv,terminal:T2,terminal,1,0.02433,0.04122088228389788,0.016890882283897877,0.016890882283897877
NJstar-STRICT,65,23,77,NJstar_STRICT_completed_p65_rep23_seed77.csv,terminal:T3,terminal,1,0.02231,0.060929197471375554,0.03861919747137556,0.03861919747137556
NJstar-STRICT,65,23,77,NJstar_STRICT_completed_p65_rep23_seed77.csv,internal:T1|T2|T3,internal,3,0.01863,0.00361263486774714,-0.015017365132252861,0.015017365132252861
NJstar-STRICT,65,23,77,NJstar_STRICT_completed_p65_rep23_seed77.csv,terminal:T4,terminal,1,0.07771,0.0649695125929093,-0.012740487407090703,0.012740487407090703
NJstar-STRICT,65,23,77,NJstar_STRICT_completed_p65_rep23_seed77.csv,internal:T1|T2|T3|T4,internal,4,0.04682,0.027154439881469185,-0.019665560118530816,0.019665560118530816
NJstar-STRICT,65,23,77,NJstar_STRICT_completed_p65_rep23_seed77.csv,terminal:T5,terminal,1,0.12997,0.07541246824013481,-0.05455753175986519,0.05455753175986519
NJstar-STRICT,65,23,77,NJstar_STRICT_completed_p65_rep23_seed77.csv,internal:T1|T2|T3|T4|T5,internal,5,0.03057,0.013060286507517685,-0.017509713492482315,0.017509713492482315
NJstar-STRICT,65,23,77,NJstar_STRICT_completed_p65_rep23_seed77.csv,terminal:T6,terminal,1,0.14605,0.08494325647288657,-0.06110674352711344,0.06110674352711344
NJstar-STRICT,65,23,77,NJstar_STRICT_completed_p65_rep23_seed77.csv,internal:T1|T2|T3|T4|T5|T6,internal,6,0.0721,0.002475668643079143,-0.06962433135692085,0.06962433135692085
NJstar-STRICT,65,23,77,NJstar_STRICT_completed_p65_rep23_seed77.csv,internal:T10|T7|T8|T9,internal,4,0.08603,0.01608800375417212,-0.06994199624582788,0.06994199624582788
NJstar-STRICT,65,23,77,NJstar_STRICT_completed_p65_rep23_seed77.csv,internal:T7|T8|T9,internal,3,0.05128,0.0,-0.05128,0.05128
NJstar-STRICT,65,23,77,NJstar_STRICT_completed_p65_rep23_seed77.csv,internal:T7|T8,internal,2,0.02354,0.0,-0.02354,0.02354
NJstar-STRICT,65,23,77,NJstar_STRICT_completed_p65_rep23_seed77.csv,terminal:T7,terminal,1,0.11573,0.10784452652569013,-0.007885473474309873,0.007885473474309873
NJstar-STRICT,65,23,77,NJstar_STRICT_completed_p65_rep23_seed77.csv,terminal:T8,terminal,1,0.11535,0.07440447881367511,-0.040945521186324885,0.040945521186324885
NJstar-STRICT,65,23,77,NJstar_STRICT_completed_p65_rep23_seed77.csv,terminal:T9,terminal,1,0.12153,0.09597335758169033,-0.02555664241830967,0.02555664241830967
NJstar-STRICT,65,23,77,NJstar_STRICT_completed_p65_rep23_seed77.csv,terminal:T10,terminal,1,0.18189,0.10634735169821151,-0.07554264830178849,0.07554264830178849
NJstar-STRICT,65,23,77,NJstar_STRICT_completed_p65_rep23_seed77.csv,internal:T11|T12|T13|T14|T15,internal,5,0.11651,0.0,-0.11651,0.11651
NJstar-STRICT,65,23,77,NJstar_STRICT_completed_p65_rep23_seed77.csv,internal:T11|T12,internal,2,0.22637,0.0,-0.22637,0.22637
NJstar-STRICT,65,23,77,NJstar_STRICT_completed_p65_rep23_seed77.csv,terminal:T11,terminal,1,0.16094,0.134958135846242,-0.025981864153758,0.025981864153758
NJstar-STRICT,65,23,77,NJstar_STRICT_completed_p65_rep23_seed77.csv,terminal:T12,terminal,1,0.14942,0.16160186580919997,0.012181865809199971,0.012181865809199971
NJstar-STRICT,65,23,77,NJstar_STRICT_completed_p65_rep23_seed77.csv,internal:T13|T14|T15,internal,3,0.18561,0.015411323724219704,-0.17019867627578028,0.17019867627578028
NJstar-STRICT,65,23,77,NJstar_STRICT_completed_p65_rep23_seed77.csv,terminal:T13,terminal,1,0.32149,0.17917949360394847,-0.14231050639605153,0.14231050639605153
NJstar-STRICT,65,23,77,NJstar_STRICT_completed_p65_rep23_seed77.csv,internal:T14|T15,internal,2,0.07113,0.0,-0.07113,0.07113
NJstar-STRICT,65,23,77,NJstar_STRICT_completed_p65_rep23_seed77.csv,terminal:T14,terminal,1,0.34439,0.15135887674697684,-0.19303112325302313,0.19303112325302313
NJstar-STRICT,65,23,77,NJstar_STRICT_completed_p65_rep23_seed77.csv,terminal:T15,terminal,1,0.24256,0.1707148120485176,-0.0718451879514824,0.0718451879514824
NJstar-STRICT,65,25,79,NJstar_STRICT_completed_p65_rep25_seed79.csv,terminal:T1,terminal,1,0.05696,0.04055467483340269,-0.016405325166597304,0.016405325166597304
NJstar-STRICT,65,25,79,NJstar_STRICT_completed_p65_rep25_seed79.csv,internal:T2|T3,internal,2,0.03472,0.022423250560737542,-0.012296749439262459,0.012296749439262459
NJstar-STRICT,65,25,79,NJstar_STRICT_completed_p65_rep25_seed79.csv,terminal:T2,terminal,1,0.02433,0.01800379090086097,-0.00632620909913903,0.00632620909913903
NJstar-STRICT,65,25,79,NJstar_STRICT_completed_p65_rep25_seed79.csv,terminal:T3,terminal,1,0.02231,0.023028357999308257,0.000718357999308257,0.000718357999308257
NJstar-STRICT,65,25,79,NJstar_STRICT_completed_p65_rep25_seed79.csv,internal:T1|T2|T3,internal,3,0.01863,0.06461028105118874,0.04598028105118874,0.04598028105118874
NJstar-STRICT,65,25,79,NJstar_STRICT_completed_p65_rep25_seed79.csv,terminal:T4,terminal,1,0.07771,0.11062134343625872,0.03291134343625872,0.03291134343625872
NJstar-STRICT,65,25,79,NJstar_STRICT_completed_p65_rep25_seed79.csv,internal:T1|T2|T3|T4,internal,4,0.04682,0.0,-0.04682,0.04682
NJstar-STRICT,65,25,79,NJstar_STRICT_completed_p65_rep25_seed79.csv,terminal:T5,terminal,1,0.12997,0.18324276810308626,0.05327276810308626,0.05327276810308626
NJstar-STRICT,65,25,79,NJstar_STRICT_completed_p65_rep25_seed79.csv,internal:T1|T2|T3|T4|T5,internal,5,0.03057,0.0,-0.03057,0.03057
NJstar-STRICT,65,25,79,NJstar_STRICT_completed_p65_rep25_seed79.csv,terminal:T6,terminal,1,0.14605,0.11597178105208525,-0.030078218947914764,0.030078218947914764
NJstar-STRICT,65,25,79,NJstar_STRICT_completed_p65_rep25_seed79.csv,internal:T1|T2|T3|T4|T5|T6,internal,6,0.0721,0.0,-0.0721,0.0721
NJstar-STRICT,65,25,79,NJstar_STRICT_completed_p65_rep25_seed79.csv,internal:T10|T7|T8|T9,internal,4,0.08603,0.008182548078461657,-0.07784745192153834,0.07784745192153834
NJstar-STRICT,65,25,79,NJstar_STRICT_completed_p65_rep25_seed79.csv,internal:T7|T8|T9,internal,3,0.05128,0.0,-0.05128,0.05128
NJstar-STRICT,65,25,79,NJstar_STRICT_completed_p65_rep25_seed79.csv,internal:T7|T8,internal,2,0.02354,0.0,-0.02354,0.02354
NJstar-STRICT,65,25,79,NJstar_STRICT_completed_p65_rep25_seed79.csv,terminal:T7,terminal,1,0.11573,0.11238113339928064,-0.003348866600719355,0.003348866600719355
NJstar-STRICT,65,25,79,NJstar_STRICT_completed_p65_rep25_seed79.csv,terminal:T8,terminal,1,0.11535,0.099597212134137,-0.015752787865862997,0.015752787865862997
NJstar-STRICT,65,25,79,NJstar_STRICT_completed_p65_rep25_seed79.csv,terminal:T9,terminal,1,0.12153,0.09608112058678574,-0.025448879413214262,0.025448879413214262
NJstar-STRICT,65,25,79,NJstar_STRICT_completed_p65_rep25_seed79.csv,terminal:T10,terminal,1,0.18189,0.09846497436782936,-0.08342502563217064,0.08342502563217064
NJstar-STRICT,65,25,79,NJstar_STRICT_completed_p65_rep25_seed79.csv,internal:T11|T12|T13|T14|T15,internal,5,0.11651,0.0,-0.11651,0.11651
NJstar-STRICT,65,25,79,NJstar_STRICT_completed_p65_rep25_seed79.csv,internal:T11|T12,internal,2,0.22637,0.0,-0.22637,0.22637
NJstar-STRICT,65,25,79,NJstar_STRICT_completed_p65_rep25_seed79.csv,terminal:T11,terminal,1,0.16094,0.11557444313705934,-0.045365556862940665,0.045365556862940665
NJstar-STRICT,65,25,79,NJstar_STRICT_completed_p65_rep25_seed79.csv,terminal:T12,terminal,1,0.14942,0.16605181584201786,0.016631815842017866,0.016631815842017866
NJstar-STRICT,65,25,79,NJstar_STRICT_completed_p65_rep25_seed79.csv,internal:T13|T14|T15,internal,3,0.18561,0.04274169142739386,-0.14286830857260613,0.14286830857260613
NJstar-STRICT,65,25,79,NJstar_STRICT_completed_p65_rep25_seed79.csv,terminal:T13,terminal,1,0.32149,0.12133446471376803,-0.20015553528623198,0.20015553528623198
NJstar-STRICT,65,25,79,NJstar_STRICT_completed_p65_rep25_seed79.csv,internal:T14|T15,internal,2,0.07113,0.002993086079544569,-0.06813691392045543,0.06813691392045543
NJstar-STRICT,65,25,79,NJstar_STRICT_completed_p65_rep25_seed79.csv,terminal:T14,terminal,1,0.34439,0.12732585496745777,-0.2170641450325422,0.2170641450325422
NJstar-STRICT,65,25,79,NJstar_STRICT_completed_p65_rep25_seed79.csv,terminal:T15,terminal,1,0.24256,0.10854593681468475,-0.13401406318531525,0.13401406318531525
NJstar-STRICT,65,26,80,NJstar_STRICT_completed_p65_rep26_seed80.csv,terminal:T1,terminal,1,0.05696,0.02355014590760564,-0.03340985409239436,0.03340985409239436
NJstar-STRICT,65,26,80,NJstar_STRICT_completed_p65_rep26_seed80.csv,internal:T2|T3,internal,2,0.03472,0.006948366634457599,-0.027771633365542402,0.027771633365542402
NJstar-STRICT,65,26,80,NJstar_STRICT_completed_p65_rep26_seed80.csv,terminal:T2,terminal,1,0.02433,0.05830542150280786,0.03397542150280786,0.03397542150280786
NJstar-STRICT,65,26,80,NJstar_STRICT_completed_p65_rep26_seed80.csv,terminal:T3,terminal,1,0.02231,0.04815714909972401,0.02584714909972401,0.02584714909972401
NJstar-STRICT,65,26,80,NJstar_STRICT_completed_p65_rep26_seed80.csv,internal:T1|T2|T3,internal,3,0.01863,0.0,-0.01863,0.01863
NJstar-STRICT,65,26,80,NJstar_STRICT_completed_p65_rep26_seed80.csv,terminal:T4,terminal,1,0.07771,0.0632318445149987,-0.014478155485001296,0.014478155485001296
NJstar-STRICT,65,26,80,NJstar_STRICT_completed_p65_rep26_seed80.csv,internal:T1|T2|T3|T4,internal,4,0.04682,0.005096774796508544,-0.041723225203491456,0.041723225203491456
NJstar-STRICT,65,26,80,NJstar_STRICT_completed_p65_rep26_seed80.csv,terminal:T5,terminal,1,0.12997,0.07584589546863885,-0.054124104531361156,0.054124104531361156
NJstar-STRICT,65,26,80,NJstar_STRICT_completed_p65_rep26_seed80.csv,internal:T1|T2|T3|T4|T5,internal,5,0.03057,0.017224108987261563,-0.013345891012738437,0.013345891012738437
NJstar-STRICT,65,26,80,NJstar_STRICT_completed_p65_rep26_seed80.csv,terminal:T6,terminal,1,0.14605,0.12031165042784572,-0.02573834957215429,0.02573834957215429
NJstar-STRICT,65,26,80,NJstar_STRICT_completed_p65_rep26_seed80.csv,internal:T1|T2|T3|T4|T5|T6,internal,6,0.0721,0.0,-0.0721,0.0721
NJstar-STRICT,65,26,80,NJstar_STRICT_completed_p65_rep26_seed80.csv,internal:T10|T7|T8|T9,internal,4,0.08603,0.0,-0.08603,0.08603
NJstar-STRICT,65,26,80,NJstar_STRICT_completed_p65_rep26_seed80.csv,internal:T7|T8|T9,internal,3,0.05128,0.0,-0.05128,0.05128
NJstar-STRICT,65,26,80,NJstar_STRICT_completed_p65_rep26_seed80.csv,internal:T7|T8,internal,2,0.02354,0.0,-0.02354,0.02354
NJstar-STRICT,65,26,80,NJstar_STRICT_completed_p65_rep26_seed80.csv,terminal:T7,terminal,1,0.11573,0.13448921202702618,0.018759212027026184,0.018759212027026184
NJstar-STRICT,65,26,80,NJstar_STRICT_completed_p65_rep26_seed80.csv,terminal:T8,terminal,1,0.11535,0.14062012174371752,0.025270121743717525,0.025270121743717525
NJstar-STRICT,65,26,80,NJstar_STRICT_completed_p65_rep26_seed80.csv,terminal:T9,terminal,1,0.12153,0.050642686920451555,-0.07088731307954844,0.07088731307954844
NJstar-STRICT,65,26,80,NJstar_STRICT_completed_p65_rep26_seed80.csv,terminal:T10,terminal,1,0.18189,0.13883309470462887,-0.04305690529537112,0.04305690529537112
NJstar-STRICT,65,26,80,NJstar_STRICT_completed_p65_rep26_seed80.csv,internal:T11|T12|T13|T14|T15,internal,5,0.11651,0.001674360703202092,-0.11483563929679791,0.11483563929679791
NJstar-STRICT,65,26,80,NJstar_STRICT_completed_p65_rep26_seed80.csv,internal:T11|T12,internal,2,0.22637,0.014541752844546707,-0.2118282471554533,0.2118282471554533
NJstar-STRICT,65,26,80,NJstar_STRICT_completed_p65_rep26_seed80.csv,terminal:T11,terminal,1,0.16094,0.148891427038254,-0.012048572961745996,0.012048572961745996
NJstar-STRICT,65,26,80,NJstar_STRICT_completed_p65_rep26_seed80.csv,terminal:T12,terminal,1,0.14942,0.14418904115884673,-0.005230958841153266,0.005230958841153266
NJstar-STRICT,65,26,80,NJstar_STRICT_completed_p65_rep26_seed80.csv,internal:T13|T14|T15,internal,3,0.18561,0.0,-0.18561,0.18561
NJstar-STRICT,65,26,80,NJstar_STRICT_completed_p65_rep26_seed80.csv,terminal:T13,terminal,1,0.32149,0.16307378128142674,-0.15841621871857325,0.15841621871857325
NJstar-STRICT,65,26,80,NJstar_STRICT_completed_p65_rep26_seed80.csv,internal:T14|T15,internal,2,0.07113,0.0,-0.07113,0.07113
NJstar-STRICT,65,26,80,NJstar_STRICT_completed_p65_rep26_seed80.csv,terminal:T14,terminal,1,0.34439,0.18727977398519785,-0.15711022601480212,0.15711022601480212
NJstar-STRICT,65,26,80,NJstar_STRICT_completed_p65_rep26_seed80.csv,terminal:T15,terminal,1,0.24256,0.262259868962988,0.019699868962987976,0.019699868962987976
NJstar-STRICT,65,29,83,NJstar_STRICT_completed_p65_rep29_seed83.csv,terminal:T1,terminal,1,0.05696,0.06729440534777714,0.010334405347777145,0.010334405347777145
NJstar-STRICT,65,29,83,NJstar_STRICT_completed_p65_rep29_seed83.csv,internal:T2|T3,internal,2,0.03472,0.0,-0.03472,0.03472
NJstar-STRICT,65,29,83,NJstar_STRICT_completed_p65_rep29_seed83.csv,terminal:T2,terminal,1,0.02433,0.06350361253671365,0.03917361253671364,0.03917361253671364
NJstar-STRICT,65,29,83,NJstar_STRICT_completed_p65_rep29_seed83.csv,terminal:T3,terminal,1,0.02231,0.04150492992961736,0.019194929929617358,0.019194929929617358
NJstar-STRICT,65,29,83,NJstar_STRICT_completed_p65_rep29_seed83.csv,internal:T1|T2|T3,internal,3,0.01863,0.0,-0.01863,0.01863
NJstar-STRICT,65,29,83,NJstar_STRICT_completed_p65_rep29_seed83.csv,terminal:T4,terminal,1,0.07771,0.06384634583370505,-0.013863654166294953,0.013863654166294953
NJstar-STRICT,65,29,83,NJstar_STRICT_completed_p65_rep29_seed83.csv,internal:T1|T2|T3|T4,internal,4,0.04682,0.004365255398527867,-0.04245474460147213,0.04245474460147213
NJstar-STRICT,65,29,83,NJstar_STRICT_completed_p65_rep29_seed83.csv,terminal:T5,terminal,1,0.12997,0.08832008640440818,-0.04164991359559182,0.04164991359559182
NJstar-STRICT,65,29,83,NJstar_STRICT_completed_p65_rep29_seed83.csv,internal:T1|T2|T3|T4|T5,internal,5,0.03057,0.003914344544517896,-0.026655655455482104,0.026655655455482104
NJstar-STRICT,65,29,83,NJstar_STRICT_completed_p65_rep29_seed83.csv,terminal:T6,terminal,1,0.14605,0.0847186968564666,-0.06133130314353341,0.06133130314353341
NJstar-STRICT,65,29,83,NJstar_STRICT_completed_p65_rep29_seed83.csv,internal:T1|T2|T3|T4|T5|T6,internal,6,0.0721,0.023511345558659424,-0.04858865444134057,0.04858865444134057
NJstar-STRICT,65,29,83,NJstar_STRICT_completed_p65_rep29_seed83.csv,internal:T10|T7|T8|T9,internal,4,0.08603,0.0,-0.08603,0.08603
NJstar-STRICT,65,29,83,NJstar_STRICT_completed_p65_rep29_seed83.csv,internal:T7|T8|T9,internal,3,0.05128,0.0,-0.05128,0.05128
NJstar-STRICT,65,29,83,NJstar_STRICT_completed_p65_rep29_seed83.csv,internal:T7|T8,internal,2,0.02354,0.0,-0.02354,0.02354
NJstar-STRICT,65,29,83,NJstar_STRICT_completed_p65_rep29_seed83.csv,terminal:T7,terminal,1,0.11573,0.11828313377434911,0.0025531337743491117,0.0025531337743491117
NJstar-STRICT,65,29,83,NJstar_STRICT_completed_p65_rep29_seed83.csv,terminal:T8,terminal,1,0.11535,0.1311318246952556,0.015781824695255617,0.015781824695255617
NJstar-STRICT,65,29,83,NJstar_STRICT_completed_p65_rep29_seed83.csv,terminal:T9,terminal,1,0.12153,0.09127780256735386,-0.030252197432646136,0.030252197432646136
NJstar-STRICT,65,29,83,NJstar_STRICT_completed_p65_rep29_seed83.csv,terminal:T10,terminal,1,0.18189,0.1082353745716777,-0.0736546254283223,0.0736546254283223
NJstar-STRICT,65,29,83,NJstar_STRICT_completed_p65_rep29_seed83.csv,internal:T11|T12|T13|T14|T15,internal,5,0.11651,0.01494332685004848,-0.10156667314995152,0.10156667314995152
NJstar-STRICT,65,29,83,NJstar_STRICT_completed_p65_rep29_seed83.csv,internal:T11|T12,internal,2,0.22637,0.0,-0.22637,0.22637
NJstar-STRICT,65,29,83,NJstar_STRICT_completed_p65_rep29_seed83.csv,terminal:T11,terminal,1,0.16094,0.15459094625386832,-0.006349053746131678,0.006349053746131678
NJstar-STRICT,65,29,83,NJstar_STRICT_completed_p65_rep29_seed83.csv,terminal:T12,terminal,1,0.14942,0.13475867705752798,-0.014661322942472022,0.014661322942472022
NJstar-STRICT,65,29,83,NJstar_STRICT_completed_p65_rep29_seed83.csv,internal:T13|T14|T15,internal,3,0.18561,0.01631676291645824,-0.16929323708354177,0.16929323708354177
NJstar-STRICT,65,29,83,NJstar_STRICT_completed_p65_rep29_seed83.csv,terminal:T13,terminal,1,0.32149,0.11474742546322086,-0.20674257453677913,0.20674257453677913
NJstar-STRICT,65,29,83,NJstar_STRICT_completed_p65_rep29_seed83.csv,internal:T14|T15,internal,2,0.07113,0.008261963501407267,-0.06286803649859274,0.06286803649859274
NJstar-STRICT,65,29,83,NJstar_STRICT_completed_p65_rep29_seed83.csv,terminal:T14,terminal,1,0.34439,0.11868691608990817,-0.2257030839100918,0.2257030839100918
NJstar-STRICT,65,29,83,NJstar_STRICT_completed_p65_rep29_seed83.csv,terminal:T15,terminal,1,0.24256,0.1171848756922343,-0.1253751243077657,0.1253751243077657
