method,pct_missing,replicate,mask_seed,file,path,success_tree,error_message_tree,nj_tree_file,missingness_actual,n_pairs_total,n_missing,n_observed,optimized_variables,imputed_variables,n_neighbors_requested,n_neighbors_effective,knn_weights,knn_metric,RMSE_miss,MAE_miss,Pearson_miss,Spearman_miss,runtime_seconds,success,success_numerical,success_valid_matrix,epochs_used,convergence_epoch,max_abs_error_observed,mean_abs_error_observed,RF,nRF,shared_splits,ref_splits,est_splits,split_precision,split_recall,split_F1,false_positive_splits,false_negative_splits,nj_vs_ML_pat_MAE,nj_vs_ML_pat_RMSE,nj_vs_ML_pat_Pearson,nj_vs_ML_pat_Spearman,input_vs_ML_pat_MAE,input_vs_ML_pat_RMSE,input_vs_ML_pat_Pearson,input_vs_ML_pat_Spearman,n_taxa,matched_matrix_labels_json
KNN-Impute,30,1,55,KNNimpute_completed_p30_rep01_seed55.csv,knn_impute_outputs/completed_matrices/KNNimpute_completed_p30_rep01_seed55.csv,True,,KNN-Impute_NJ_p30_rep01_seed55.treefile,0.3047619047619048,105,32,73,0,32,5,5,distance,nan_euclidean,0.0263159369818703,0.0213775765234776,0.9319764355784892,0.8625366568914956,3.9521467860031407,True,True,True,0,0,0.0,0.0,8.0,0.3333333333333333,8.0,12.0,12.0,0.6666666666666666,0.6666666666666666,0.6666666666666666,Allenopithecus_nigroviridis_KJ434962|Cercopithecus_neglectus_MW160353;Cercopithecus_albogularis_KC757391|Cercopithecus_diana_KJ434958|Cercopithecus_mitis_KJ434956;Cercocebus_atys_KT159932|Cercocebus_chrysogaster_KC757390|Cercocebus_torquatus_KJ434959|Cercopithecus_lhoesti_KJ434957;Allenopithecus_nigroviridis_KJ434962|Cercopithecus_albogularis_KC757391|Cercopithecus_diana_KJ434958|Cercopithecus_mitis_KJ434956|Cercopithecus_neglectus_MW160353,Cercopithecus_diana_KJ434958|Cercopithecus_neglectus_MW160353;Cercopithecus_albogularis_KC757391|Cercopithecus_lhoesti_KJ434957|Cercopithecus_mitis_KJ434956;Allenopithecus_nigroviridis_KJ434962|Cercocebus_atys_KT159932|Cercocebus_chrysogaster_KC757390|Cercocebus_torquatus_KJ434959;Cercopithecus_albogularis_KC757391|Cercopithecus_diana_KJ434958|Cercopithecus_lhoesti_KJ434957|Cercopithecus_mitis_KJ434956|Cercopithecus_neglectus_MW160353,0.1431090468829968,0.15951371955124763,0.9578581613930244,0.9037735849056603,0.14288949152850494,0.15944653971236597,0.9369633759443502,0.8613311217084803,15,"{""0"":""Allenopithecus_nigroviridis_KJ434962"",""1"":""Cercocebus_atys_KT159932"",""2"":""Cercocebus_torquatus_KJ434959"",""3"":""Cercocebus_chrysogaster_KC757390"",""4"":""Cercopithecus_aethiops_AY863426"",""5"":""Chlorocebus_aethiops_C1_KU682691"",""6"":""Chlorocebus_aethiops_MN816163"",""7"":""Chlorocebus_cynosuros_C3_KU682693"",""8"":""Chlorocebus_cynosuros_KM262190"",""9"":""Chlorocebus_djamdjamensis_C5_KU682695"",""10"":""Cercopithecus_albogularis_KC757391"",""11"":""Cercopithecus_mitis_KJ434956"",""12"":""Cercopithecus_lhoesti_KJ434957"",""13"":""Cercopithecus_diana_KJ434958"",""14"":""Cercopithecus_neglectus_MW160353""}"
KNN-Impute,30,2,56,KNNimpute_completed_p30_rep02_seed56.csv,knn_impute_outputs/completed_matrices/KNNimpute_completed_p30_rep02_seed56.csv,True,,KNN-Impute_NJ_p30_rep02_seed56.treefile,0.3047619047619048,105,32,73,0,32,5,5,distance,nan_euclidean,0.0360060770408805,0.0251383903304726,0.8673606201233284,0.8687683284457477,0.0026424170064274,True,True,True,0,0,0.0,0.0,10.0,0.4166666666666667,7.0,12.0,12.0,0.5833333333333334,0.5833333333333334,0.5833333333333334,Cercocebus_chrysogaster_KC757390|Cercocebus_torquatus_KJ434959;Cercopithecus_lhoesti_KJ434957|Cercopithecus_mitis_KJ434956;Chlorocebus_aethiops_C1_KU682691|Chlorocebus_aethiops_MN816163|Chlorocebus_cynosuros_KM262190;Cercopithecus_aethiops_AY863426|Chlorocebus_aethiops_C1_KU682691|Chlorocebus_aethiops_MN816163|Chlorocebus_cynosuros_KM262190;Allenopithecus_nigroviridis_KJ434962|Cercocebus_atys_KT159932|Cercocebus_chrysogaster_KC757390|Cercocebus_torquatus_KJ434959|Cercopithecus_diana_KJ434958|Cercopithecus_neglectus_MW160353,Cercocebus_atys_KT159932|Cercocebus_torquatus_KJ434959;Cercopithecus_albogularis_KC757391|Cercopithecus_mitis_KJ434956;Chlorocebus_cynosuros_C3_KU682693|Chlorocebus_cynosuros_KM262190;Cercopithecus_aethiops_AY863426|Chlorocebus_aethiops_C1_KU682691|Chlorocebus_aethiops_MN816163;Cercopithecus_albogularis_KC757391|Cercopithecus_diana_KJ434958|Cercopithecus_lhoesti_KJ434957|Cercopithecus_mitis_KJ434956|Cercopithecus_neglectus_MW160353,0.14401281714236505,0.15985872307247517,0.9267189261055583,0.9034936761351855,0.14406878127952027,0.16010625188843466,0.9140877930406197,0.8692204022392701,15,"{""0"":""Allenopithecus_nigroviridis_KJ434962"",""1"":""Cercocebus_atys_KT159932"",""2"":""Cercocebus_torquatus_KJ434959"",""3"":""Cercocebus_chrysogaster_KC757390"",""4"":""Cercopithecus_aethiops_AY863426"",""5"":""Chlorocebus_aethiops_C1_KU682691"",""6"":""Chlorocebus_aethiops_MN816163"",""7"":""Chlorocebus_cynosuros_C3_KU682693"",""8"":""Chlorocebus_cynosuros_KM262190"",""9"":""Chlorocebus_djamdjamensis_C5_KU682695"",""10"":""Cercopithecus_albogularis_KC757391"",""11"":""Cercopithecus_mitis_KJ434956"",""12"":""Cercopithecus_lhoesti_KJ434957"",""13"":""Cercopithecus_diana_KJ434958"",""14"":""Cercopithecus_neglectus_MW160353""}"
KNN-Impute,30,3,57,KNNimpute_completed_p30_rep03_seed57.csv,knn_impute_outputs/completed_matrices/KNNimpute_completed_p30_rep03_seed57.csv,True,,KNN-Impute_NJ_p30_rep03_seed57.treefile,0.3047619047619048,105,32,73,0,32,5,5,distance,nan_euclidean,0.0371877486885352,0.029454320480229,0.8192521261910133,0.7456011730205278,0.0021936789999017,True,True,True,0,0,0.0,0.0,4.0,0.16666666666666666,10.0,12.0,12.0,0.8333333333333334,0.8333333333333334,0.8333333333333334,Cercopithecus_albogularis_KC757391|Cercopithecus_diana_KJ434958|Cercopithecus_mitis_KJ434956|Cercopithecus_neglectus_MW160353;Chlorocebus_aethiops_C1_KU682691|Chlorocebus_aethiops_MN816163|Chlorocebus_cynosuros_C3_KU682693|Chlorocebus_cynosuros_KM262190,Cercopithecus_aethiops_AY863426|Chlorocebus_aethiops_C1_KU682691|Chlorocebus_aethiops_MN816163;Cercopithecus_albogularis_KC757391|Cercopithecus_lhoesti_KJ434957|Cercopithecus_mitis_KJ434956,0.1444751364980103,0.1615651092767874,0.9207037704988507,0.8890006220194899,0.14538411237277934,0.16323358263501594,0.8833189039272386,0.8358905245697698,15,"{""0"":""Allenopithecus_nigroviridis_KJ434962"",""1"":""Cercocebus_atys_KT159932"",""2"":""Cercocebus_torquatus_KJ434959"",""3"":""Cercocebus_chrysogaster_KC757390"",""4"":""Cercopithecus_aethiops_AY863426"",""5"":""Chlorocebus_aethiops_C1_KU682691"",""6"":""Chlorocebus_aethiops_MN816163"",""7"":""Chlorocebus_cynosuros_C3_KU682693"",""8"":""Chlorocebus_cynosuros_KM262190"",""9"":""Chlorocebus_djamdjamensis_C5_KU682695"",""10"":""Cercopithecus_albogularis_KC757391"",""11"":""Cercopithecus_mitis_KJ434956"",""12"":""Cercopithecus_lhoesti_KJ434957"",""13"":""Cercopithecus_diana_KJ434958"",""14"":""Cercopithecus_neglectus_MW160353""}"
KNN-Impute,30,4,58,KNNimpute_completed_p30_rep04_seed58.csv,knn_impute_outputs/completed_matrices/KNNimpute_completed_p30_rep04_seed58.csv,True,,KNN-Impute_NJ_p30_rep04_seed58.treefile,0.3047619047619048,105,32,73,0,32,5,5,distance,nan_euclidean,0.0317961503592024,0.0233088984078296,0.8620173928905029,0.7606304985337242,0.0025024260103236,True,True,True,0,0,0.0,0.0,14.0,0.5833333333333334,5.0,12.0,12.0,0.4166666666666667,0.4166666666666667,0.4166666666666667,Cercopithecus_aethiops_AY863426|Chlorocebus_cynosuros_KM262190;Chlorocebus_aethiops_C1_KU682691|Chlorocebus_cynosuros_C3_KU682693;Cercopithecus_diana_KJ434958|Cercopithecus_lhoesti_KJ434957|Cercopithecus_neglectus_MW160353;Chlorocebus_aethiops_C1_KU682691|Chlorocebus_cynosuros_C3_KU682693|Chlorocebus_djamdjamensis_C5_KU682695;Cercopithecus_aethiops_AY863426|Chlorocebus_aethiops_C1_KU682691|Chlorocebus_cynosuros_C3_KU682693|Chlorocebus_cynosuros_KM262190|Chlorocebus_djamdjamensis_C5_KU682695;Cercocebus_atys_KT159932|Cercocebus_chrysogaster_KC757390|Cercocebus_torquatus_KJ434959|Cercopithecus_diana_KJ434958|Cercopithecus_lhoesti_KJ434957|Cercopithecus_neglectus_MW160353;Allenopithecus_nigroviridis_KJ434962|Cercopithecus_aethiops_AY863426|Chlorocebus_aethiops_C1_KU682691|Chlorocebus_aethiops_MN816163|Chlorocebus_cynosuros_C3_KU682693|Chlorocebus_cynosuros_KM262190|Chlorocebus_djamdjamensis_C5_KU682695,Chlorocebus_aethiops_C1_KU682691|Chlorocebus_aethiops_MN816163;Chlorocebus_cynosuros_C3_KU682693|Chlorocebus_cynosuros_KM262190;Cercopithecus_aethiops_AY863426|Chlorocebus_aethiops_C1_KU682691|Chlorocebus_aethiops_MN816163;Cercopithecus_albogularis_KC757391|Cercopithecus_lhoesti_KJ434957|Cercopithecus_mitis_KJ434956;Allenopithecus_nigroviridis_KJ434962|Cercocebus_atys_KT159932|Cercocebus_chrysogaster_KC757390|Cercocebus_torquatus_KJ434959;Cercopithecus_aethiops_AY863426|Chlorocebus_aethiops_C1_KU682691|Chlorocebus_aethiops_MN816163|Chlorocebus_cynosuros_C3_KU682693|Chlorocebus_cynosuros_KM262190;Cercopithecus_albogularis_KC757391|Cercopithecus_diana_KJ434958|Cercopithecus_lhoesti_KJ434957|Cercopithecus_mitis_KJ434956|Cercopithecus_neglectus_MW160353,0.14422984146893336,0.16094637523914132,0.9166048812721745,0.8553908355795148,0.1434657341305887,0.16030052195122152,0.915076336066233,0.8813601492846775,15,"{""0"":""Allenopithecus_nigroviridis_KJ434962"",""1"":""Cercocebus_atys_KT159932"",""2"":""Cercocebus_torquatus_KJ434959"",""3"":""Cercocebus_chrysogaster_KC757390"",""4"":""Cercopithecus_aethiops_AY863426"",""5"":""Chlorocebus_aethiops_C1_KU682691"",""6"":""Chlorocebus_aethiops_MN816163"",""7"":""Chlorocebus_cynosuros_C3_KU682693"",""8"":""Chlorocebus_cynosuros_KM262190"",""9"":""Chlorocebus_djamdjamensis_C5_KU682695"",""10"":""Cercopithecus_albogularis_KC757391"",""11"":""Cercopithecus_mitis_KJ434956"",""12"":""Cercopithecus_lhoesti_KJ434957"",""13"":""Cercopithecus_diana_KJ434958"",""14"":""Cercopithecus_neglectus_MW160353""}"
KNN-Impute,30,5,59,KNNimpute_completed_p30_rep05_seed59.csv,knn_impute_outputs/completed_matrices/KNNimpute_completed_p30_rep05_seed59.csv,True,,KNN-Impute_NJ_p30_rep05_seed59.treefile,0.3047619047619048,105,32,73,0,32,5,5,distance,nan_euclidean,0.0370019895130576,0.0295963246284039,0.7179873297012657,0.251099706744868,0.0022606670099776,True,True,True,0,0,0.0,0.0,16.0,0.6666666666666666,4.0,12.0,12.0,0.3333333333333333,0.3333333333333333,0.3333333333333333,Allenopithecus_nigroviridis_KJ434962|Cercopithecus_mitis_KJ434956;Cercocebus_atys_KT159932|Cercocebus_chrysogaster_KC757390;Cercopithecus_lhoesti_KJ434957|Cercopithecus_neglectus_MW160353;Chlorocebus_cynosuros_KM262190|Chlorocebus_djamdjamensis_C5_KU682695;Allenopithecus_nigroviridis_KJ434962|Cercopithecus_albogularis_KC757391|Cercopithecus_mitis_KJ434956;Cercopithecus_diana_KJ434958|Cercopithecus_lhoesti_KJ434957|Cercopithecus_neglectus_MW160353;Cercopithecus_aethiops_AY863426|Chlorocebus_aethiops_C1_KU682691|Chlorocebus_aethiops_MN816163|Chlorocebus_cynosuros_C3_KU682693;Allenopithecus_nigroviridis_KJ434962|Cercocebus_atys_KT159932|Cercocebus_chrysogaster_KC757390|Cercocebus_torquatus_KJ434959|Cercopithecus_albogularis_KC757391|Cercopithecus_mitis_KJ434956,Cercocebus_atys_KT159932|Cercocebus_torquatus_KJ434959;Cercopithecus_albogularis_KC757391|Cercopithecus_mitis_KJ434956;Cercopithecus_diana_KJ434958|Cercopithecus_neglectus_MW160353;Chlorocebus_cynosuros_C3_KU682693|Chlorocebus_cynosuros_KM262190;Cercopithecus_albogularis_KC757391|Cercopithecus_lhoesti_KJ434957|Cercopithecus_mitis_KJ434956;Allenopithecus_nigroviridis_KJ434962|Cercocebus_atys_KT159932|Cercocebus_chrysogaster_KC757390|Cercocebus_torquatus_KJ434959;Cercopithecus_aethiops_AY863426|Chlorocebus_aethiops_C1_KU682691|Chlorocebus_aethiops_MN816163|Chlorocebus_cynosuros_C3_KU682693|Chlorocebus_cynosuros_KM262190;Cercopithecus_albogularis_KC757391|Cercopithecus_diana_KJ434958|Cercopithecus_lhoesti_KJ434957|Cercopithecus_mitis_KJ434956|Cercopithecus_neglectus_MW160353,0.14559570729538787,0.16428623599772774,0.9018310297725837,0.8381297947335683,0.14527756631406713,0.16445309340903205,0.860862003588709,0.7301264772962887,15,"{""0"":""Allenopithecus_nigroviridis_KJ434962"",""1"":""Cercocebus_atys_KT159932"",""2"":""Cercocebus_torquatus_KJ434959"",""3"":""Cercocebus_chrysogaster_KC757390"",""4"":""Cercopithecus_aethiops_AY863426"",""5"":""Chlorocebus_aethiops_C1_KU682691"",""6"":""Chlorocebus_aethiops_MN816163"",""7"":""Chlorocebus_cynosuros_C3_KU682693"",""8"":""Chlorocebus_cynosuros_KM262190"",""9"":""Chlorocebus_djamdjamensis_C5_KU682695"",""10"":""Cercopithecus_albogularis_KC757391"",""11"":""Cercopithecus_mitis_KJ434956"",""12"":""Cercopithecus_lhoesti_KJ434957"",""13"":""Cercopithecus_diana_KJ434958"",""14"":""Cercopithecus_neglectus_MW160353""}"
KNN-Impute,30,6,60,KNNimpute_completed_p30_rep06_seed60.csv,knn_impute_outputs/completed_matrices/KNNimpute_completed_p30_rep06_seed60.csv,True,,KNN-Impute_NJ_p30_rep06_seed60.treefile,0.3047619047619048,105,32,73,0,32,5,5,distance,nan_euclidean,0.028626590294666,0.0249495953914161,0.9012935396514902,0.8295454545454545,0.0051183870091335,True,True,True,0,0,0.0,0.0,12.0,0.5,6.0,12.0,12.0,0.5,0.5,0.5,Allenopithecus_nigroviridis_KJ434962|Cercopithecus_lhoesti_KJ434957;Cercopithecus_aethiops_AY863426|Chlorocebus_djamdjamensis_C5_KU682695;Chlorocebus_aethiops_C1_KU682691|Chlorocebus_aethiops_MN816163|Chlorocebus_cynosuros_C3_KU682693;Allenopithecus_nigroviridis_KJ434962|Cercopithecus_albogularis_KC757391|Cercopithecus_lhoesti_KJ434957|Cercopithecus_mitis_KJ434956;Cercopithecus_aethiops_AY863426|Chlorocebus_aethiops_C1_KU682691|Chlorocebus_aethiops_MN816163|Chlorocebus_cynosuros_C3_KU682693|Chlorocebus_djamdjamensis_C5_KU682695;Allenopithecus_nigroviridis_KJ434962|Cercocebus_atys_KT159932|Cercocebus_chrysogaster_KC757390|Cercocebus_torquatus_KJ434959|Cercopithecus_albogularis_KC757391|Cercopithecus_lhoesti_KJ434957|Cercopithecus_mitis_KJ434956,Chlorocebus_cynosuros_C3_KU682693|Chlorocebus_cynosuros_KM262190;Cercopithecus_aethiops_AY863426|Chlorocebus_aethiops_C1_KU682691|Chlorocebus_aethiops_MN816163;Cercopithecus_albogularis_KC757391|Cercopithecus_lhoesti_KJ434957|Cercopithecus_mitis_KJ434956;Allenopithecus_nigroviridis_KJ434962|Cercocebus_atys_KT159932|Cercocebus_chrysogaster_KC757390|Cercocebus_torquatus_KJ434959;Cercopithecus_aethiops_AY863426|Chlorocebus_aethiops_C1_KU682691|Chlorocebus_aethiops_MN816163|Chlorocebus_cynosuros_C3_KU682693|Chlorocebus_cynosuros_KM262190;Cercopithecus_albogularis_KC757391|Cercopithecus_diana_KJ434958|Cercopithecus_lhoesti_KJ434957|Cercopithecus_mitis_KJ434956|Cercopithecus_neglectus_MW160353,0.14462013641993682,0.16304257982183284,0.9232664591439229,0.846278250051835,0.14401124377428404,0.1620867950896045,0.9075846211231792,0.7927016379846569,15,"{""0"":""Allenopithecus_nigroviridis_KJ434962"",""1"":""Cercocebus_atys_KT159932"",""2"":""Cercocebus_torquatus_KJ434959"",""3"":""Cercocebus_chrysogaster_KC757390"",""4"":""Cercopithecus_aethiops_AY863426"",""5"":""Chlorocebus_aethiops_C1_KU682691"",""6"":""Chlorocebus_aethiops_MN816163"",""7"":""Chlorocebus_cynosuros_C3_KU682693"",""8"":""Chlorocebus_cynosuros_KM262190"",""9"":""Chlorocebus_djamdjamensis_C5_KU682695"",""10"":""Cercopithecus_albogularis_KC757391"",""11"":""Cercopithecus_mitis_KJ434956"",""12"":""Cercopithecus_lhoesti_KJ434957"",""13"":""Cercopithecus_diana_KJ434958"",""14"":""Cercopithecus_neglectus_MW160353""}"
KNN-Impute,30,7,61,KNNimpute_completed_p30_rep07_seed61.csv,knn_impute_outputs/completed_matrices/KNNimpute_completed_p30_rep07_seed61.csv,True,,KNN-Impute_NJ_p30_rep07_seed61.treefile,0.3047619047619048,105,32,73,0,32,5,5,distance,nan_euclidean,0.026064913849875,0.0209394985035553,0.9284040447425808,0.7844574780058651,0.0026659770082915,True,True,True,0,0,0.0,0.0,16.0,0.6666666666666666,4.0,12.0,12.0,0.3333333333333333,0.3333333333333333,0.3333333333333333,Allenopithecus_nigroviridis_KJ434962|Cercopithecus_lhoesti_KJ434957;Cercocebus_atys_KT159932|Cercocebus_chrysogaster_KC757390;Cercopithecus_aethiops_AY863426|Chlorocebus_aethiops_MN816163;Chlorocebus_cynosuros_C3_KU682693|Chlorocebus_djamdjamensis_C5_KU682695;Cercopithecus_albogularis_KC757391|Cercopithecus_mitis_KJ434956|Cercopithecus_neglectus_MW160353;Cercopithecus_aethiops_AY863426|Chlorocebus_aethiops_C1_KU682691|Chlorocebus_aethiops_MN816163|Chlorocebus_cynosuros_KM262190;Cercopithecus_albogularis_KC757391|Cercopithecus_diana_KJ434958|Cercopithecus_mitis_KJ434956|Cercopithecus_neglectus_MW160353;Allenopithecus_nigroviridis_KJ434962|Cercocebus_atys_KT159932|Cercocebus_chrysogaster_KC757390|Cercocebus_torquatus_KJ434959|Cercopithecus_lhoesti_KJ434957,Cercocebus_atys_KT159932|Cercocebus_torquatus_KJ434959;Cercopithecus_diana_KJ434958|Cercopithecus_neglectus_MW160353;Chlorocebus_aethiops_C1_KU682691|Chlorocebus_aethiops_MN816163;Chlorocebus_cynosuros_C3_KU682693|Chlorocebus_cynosuros_KM262190;Cercopithecus_albogularis_KC757391|Cercopithecus_lhoesti_KJ434957|Cercopithecus_mitis_KJ434956;Allenopithecus_nigroviridis_KJ434962|Cercocebus_atys_KT159932|Cercocebus_chrysogaster_KC757390|Cercocebus_torquatus_KJ434959;Cercopithecus_aethiops_AY863426|Chlorocebus_aethiops_C1_KU682691|Chlorocebus_aethiops_MN816163|Chlorocebus_cynosuros_C3_KU682693|Chlorocebus_cynosuros_KM262190;Cercopithecus_albogularis_KC757391|Cercopithecus_diana_KJ434958|Cercopithecus_lhoesti_KJ434957|Cercopithecus_mitis_KJ434956|Cercopithecus_neglectus_MW160353,0.14242916867261954,0.15888650977324628,0.9546803145005083,0.9264669292971179,0.14278911900845975,0.1596216022504413,0.9305752535903559,0.8562098279079412,15,"{""0"":""Allenopithecus_nigroviridis_KJ434962"",""1"":""Cercocebus_atys_KT159932"",""2"":""Cercocebus_torquatus_KJ434959"",""3"":""Cercocebus_chrysogaster_KC757390"",""4"":""Cercopithecus_aethiops_AY863426"",""5"":""Chlorocebus_aethiops_C1_KU682691"",""6"":""Chlorocebus_aethiops_MN816163"",""7"":""Chlorocebus_cynosuros_C3_KU682693"",""8"":""Chlorocebus_cynosuros_KM262190"",""9"":""Chlorocebus_djamdjamensis_C5_KU682695"",""10"":""Cercopithecus_albogularis_KC757391"",""11"":""Cercopithecus_mitis_KJ434956"",""12"":""Cercopithecus_lhoesti_KJ434957"",""13"":""Cercopithecus_diana_KJ434958"",""14"":""Cercopithecus_neglectus_MW160353""}"
KNN-Impute,30,8,62,KNNimpute_completed_p30_rep08_seed62.csv,knn_impute_outputs/completed_matrices/KNNimpute_completed_p30_rep08_seed62.csv,True,,KNN-Impute_NJ_p30_rep08_seed62.treefile,0.3047619047619048,105,32,73,0,32,5,5,distance,nan_euclidean,0.029820147265112,0.0263339907577342,0.9365755053587104,0.875733137829912,0.0024868439941201,True,True,True,0,0,0.0,0.0,12.0,0.5,6.0,12.0,12.0,0.5,0.5,0.5,Cercopithecus_aethiops_AY863426|Chlorocebus_cynosuros_KM262190;Cercopithecus_diana_KJ434958|Cercopithecus_lhoesti_KJ434957;Chlorocebus_aethiops_C1_KU682691|Chlorocebus_cynosuros_C3_KU682693;Cercopithecus_diana_KJ434958|Cercopithecus_lhoesti_KJ434957|Cercopithecus_neglectus_MW160353;Chlorocebus_aethiops_C1_KU682691|Chlorocebus_aethiops_MN816163|Chlorocebus_cynosuros_C3_KU682693;Chlorocebus_aethiops_C1_KU682691|Chlorocebus_aethiops_MN816163|Chlorocebus_cynosuros_C3_KU682693|Chlorocebus_djamdjamensis_C5_KU682695,Cercopithecus_diana_KJ434958|Cercopithecus_neglectus_MW160353;Chlorocebus_aethiops_C1_KU682691|Chlorocebus_aethiops_MN816163;Chlorocebus_cynosuros_C3_KU682693|Chlorocebus_cynosuros_KM262190;Cercopithecus_aethiops_AY863426|Chlorocebus_aethiops_C1_KU682691|Chlorocebus_aethiops_MN816163;Cercopithecus_albogularis_KC757391|Cercopithecus_lhoesti_KJ434957|Cercopithecus_mitis_KJ434956;Cercopithecus_aethiops_AY863426|Chlorocebus_aethiops_C1_KU682691|Chlorocebus_aethiops_MN816163|Chlorocebus_cynosuros_C3_KU682693|Chlorocebus_cynosuros_KM262190,0.1439423320262421,0.15983284573086856,0.9597115548255513,0.9002073398299812,0.14443315474306667,0.1609570690979655,0.9274796316280915,0.8728592162554426,15,"{""0"":""Allenopithecus_nigroviridis_KJ434962"",""1"":""Cercocebus_atys_KT159932"",""2"":""Cercocebus_torquatus_KJ434959"",""3"":""Cercocebus_chrysogaster_KC757390"",""4"":""Cercopithecus_aethiops_AY863426"",""5"":""Chlorocebus_aethiops_C1_KU682691"",""6"":""Chlorocebus_aethiops_MN816163"",""7"":""Chlorocebus_cynosuros_C3_KU682693"",""8"":""Chlorocebus_cynosuros_KM262190"",""9"":""Chlorocebus_djamdjamensis_C5_KU682695"",""10"":""Cercopithecus_albogularis_KC757391"",""11"":""Cercopithecus_mitis_KJ434956"",""12"":""Cercopithecus_lhoesti_KJ434957"",""13"":""Cercopithecus_diana_KJ434958"",""14"":""Cercopithecus_neglectus_MW160353""}"
KNN-Impute,30,9,63,KNNimpute_completed_p30_rep09_seed63.csv,knn_impute_outputs/completed_matrices/KNNimpute_completed_p30_rep09_seed63.csv,True,,KNN-Impute_NJ_p30_rep09_seed63.treefile,0.3047619047619048,105,32,73,0,32,5,5,distance,nan_euclidean,0.0282194335885035,0.0208557407201036,0.907458711171812,0.8442082111436948,0.0056831099936971,True,True,True,0,0,0.0,0.0,14.0,0.5833333333333334,5.0,12.0,12.0,0.4166666666666667,0.4166666666666667,0.4166666666666667,Cercocebus_atys_KT159932|Cercocebus_chrysogaster_KC757390;Allenopithecus_nigroviridis_KJ434962|Cercopithecus_albogularis_KC757391|Cercopithecus_mitis_KJ434956;Cercopithecus_diana_KJ434958|Cercopithecus_lhoesti_KJ434957|Cercopithecus_neglectus_MW160353;Chlorocebus_aethiops_C1_KU682691|Chlorocebus_aethiops_MN816163|Chlorocebus_djamdjamensis_C5_KU682695;Cercopithecus_aethiops_AY863426|Chlorocebus_aethiops_C1_KU682691|Chlorocebus_aethiops_MN816163|Chlorocebus_djamdjamensis_C5_KU682695;Cercopithecus_aethiops_AY863426|Chlorocebus_aethiops_C1_KU682691|Chlorocebus_aethiops_MN816163|Chlorocebus_cynosuros_C3_KU682693|Chlorocebus_djamdjamensis_C5_KU682695;Allenopithecus_nigroviridis_KJ434962|Cercopithecus_albogularis_KC757391|Cercopithecus_diana_KJ434958|Cercopithecus_lhoesti_KJ434957|Cercopithecus_mitis_KJ434956|Cercopithecus_neglectus_MW160353,Cercocebus_atys_KT159932|Cercocebus_torquatus_KJ434959;Chlorocebus_cynosuros_C3_KU682693|Chlorocebus_cynosuros_KM262190;Cercopithecus_aethiops_AY863426|Chlorocebus_aethiops_C1_KU682691|Chlorocebus_aethiops_MN816163;Cercopithecus_albogularis_KC757391|Cercopithecus_lhoesti_KJ434957|Cercopithecus_mitis_KJ434956;Allenopithecus_nigroviridis_KJ434962|Cercocebus_atys_KT159932|Cercocebus_chrysogaster_KC757390|Cercocebus_torquatus_KJ434959;Cercopithecus_aethiops_AY863426|Chlorocebus_aethiops_C1_KU682691|Chlorocebus_aethiops_MN816163|Chlorocebus_cynosuros_C3_KU682693|Chlorocebus_cynosuros_KM262190;Cercopithecus_albogularis_KC757391|Cercopithecus_diana_KJ434958|Cercopithecus_lhoesti_KJ434957|Cercopithecus_mitis_KJ434956|Cercopithecus_neglectus_MW160353,0.14286484455954732,0.1593813412983669,0.9394494611828027,0.8947335683184738,0.14276359282683637,0.1592943104633444,0.9290850916677521,0.8550590918515446,15,"{""0"":""Allenopithecus_nigroviridis_KJ434962"",""1"":""Cercocebus_atys_KT159932"",""2"":""Cercocebus_torquatus_KJ434959"",""3"":""Cercocebus_chrysogaster_KC757390"",""4"":""Cercopithecus_aethiops_AY863426"",""5"":""Chlorocebus_aethiops_C1_KU682691"",""6"":""Chlorocebus_aethiops_MN816163"",""7"":""Chlorocebus_cynosuros_C3_KU682693"",""8"":""Chlorocebus_cynosuros_KM262190"",""9"":""Chlorocebus_djamdjamensis_C5_KU682695"",""10"":""Cercopithecus_albogularis_KC757391"",""11"":""Cercopithecus_mitis_KJ434956"",""12"":""Cercopithecus_lhoesti_KJ434957"",""13"":""Cercopithecus_diana_KJ434958"",""14"":""Cercopithecus_neglectus_MW160353""}"
KNN-Impute,30,10,64,KNNimpute_completed_p30_rep10_seed64.csv,knn_impute_outputs/completed_matrices/KNNimpute_completed_p30_rep10_seed64.csv,True,,KNN-Impute_NJ_p30_rep10_seed64.treefile,0.3047619047619048,105,32,73,0,32,5,5,distance,nan_euclidean,0.0275567374928816,0.0213272239990996,0.9245602404771108,0.7708944281524927,0.0026230229996144,True,True,True,0,0,0.0,0.0,8.0,0.3333333333333333,8.0,12.0,12.0,0.6666666666666666,0.6666666666666666,0.6666666666666666,Cercocebus_chrysogaster_KC757390|Cercocebus_torquatus_KJ434959;Chlorocebus_aethiops_C1_KU682691|Chlorocebus_aethiops_MN816163|Chlorocebus_cynosuros_C3_KU682693|Chlorocebus_cynosuros_KM262190;Allenopithecus_nigroviridis_KJ434962|Cercocebus_atys_KT159932|Cercocebus_chrysogaster_KC757390|Cercocebus_torquatus_KJ434959|Cercopithecus_lhoesti_KJ434957;Allenopithecus_nigroviridis_KJ434962|Cercocebus_atys_KT159932|Cercocebus_chrysogaster_KC757390|Cercocebus_torquatus_KJ434959|Cercopithecus_diana_KJ434958|Cercopithecus_lhoesti_KJ434957|Cercopithecus_neglectus_MW160353,Cercocebus_atys_KT159932|Cercocebus_torquatus_KJ434959;Cercopithecus_aethiops_AY863426|Chlorocebus_aethiops_C1_KU682691|Chlorocebus_aethiops_MN816163;Cercopithecus_albogularis_KC757391|Cercopithecus_lhoesti_KJ434957|Cercopithecus_mitis_KJ434956;Cercopithecus_albogularis_KC757391|Cercopithecus_diana_KJ434958|Cercopithecus_lhoesti_KJ434957|Cercopithecus_mitis_KJ434956|Cercopithecus_neglectus_MW160353,0.14306584478080875,0.1592575356117158,0.951925778080108,0.9409807173958117,0.14287031430919958,0.1594133345711592,0.9291903694360049,0.8777835372174995,15,"{""0"":""Allenopithecus_nigroviridis_KJ434962"",""1"":""Cercocebus_atys_KT159932"",""2"":""Cercocebus_torquatus_KJ434959"",""3"":""Cercocebus_chrysogaster_KC757390"",""4"":""Cercopithecus_aethiops_AY863426"",""5"":""Chlorocebus_aethiops_C1_KU682691"",""6"":""Chlorocebus_aethiops_MN816163"",""7"":""Chlorocebus_cynosuros_C3_KU682693"",""8"":""Chlorocebus_cynosuros_KM262190"",""9"":""Chlorocebus_djamdjamensis_C5_KU682695"",""10"":""Cercopithecus_albogularis_KC757391"",""11"":""Cercopithecus_mitis_KJ434956"",""12"":""Cercopithecus_lhoesti_KJ434957"",""13"":""Cercopithecus_diana_KJ434958"",""14"":""Cercopithecus_neglectus_MW160353""}"
KNN-Impute,30,11,65,KNNimpute_completed_p30_rep11_seed65.csv,knn_impute_outputs/completed_matrices/KNNimpute_completed_p30_rep11_seed65.csv,True,,KNN-Impute_NJ_p30_rep11_seed65.treefile,0.3047619047619048,105,32,73,0,32,5,5,distance,nan_euclidean,0.0291640905612107,0.0238394173490285,0.9023968359481148,0.7954545454545454,0.0024519849976059,True,True,True,0,0,0.0,0.0,16.0,0.6666666666666666,4.0,12.0,12.0,0.3333333333333333,0.3333333333333333,0.3333333333333333,Cercocebus_atys_KT159932|Cercocebus_chrysogaster_KC757390;Cercopithecus_aethiops_AY863426|Chlorocebus_cynosuros_C3_KU682693;Cercopithecus_diana_KJ434958|Cercopithecus_lhoesti_KJ434957;Chlorocebus_aethiops_C1_KU682691|Chlorocebus_cynosuros_KM262190;Cercopithecus_diana_KJ434958|Cercopithecus_lhoesti_KJ434957|Cercopithecus_neglectus_MW160353;Chlorocebus_aethiops_C1_KU682691|Chlorocebus_aethiops_MN816163|Chlorocebus_cynosuros_KM262190;Cercocebus_atys_KT159932|Cercocebus_chrysogaster_KC757390|Cercocebus_torquatus_KJ434959|Cercopithecus_diana_KJ434958|Cercopithecus_lhoesti_KJ434957|Cercopithecus_neglectus_MW160353;Allenopithecus_nigroviridis_KJ434962|Cercocebus_atys_KT159932|Cercocebus_chrysogaster_KC757390|Cercocebus_torquatus_KJ434959|Cercopithecus_diana_KJ434958|Cercopithecus_lhoesti_KJ434957|Cercopithecus_neglectus_MW160353,Cercocebus_atys_KT159932|Cercocebus_torquatus_KJ434959;Cercopithecus_diana_KJ434958|Cercopithecus_neglectus_MW160353;Chlorocebus_aethiops_C1_KU682691|Chlorocebus_aethiops_MN816163;Chlorocebus_cynosuros_C3_KU682693|Chlorocebus_cynosuros_KM262190;Cercopithecus_aethiops_AY863426|Chlorocebus_aethiops_C1_KU682691|Chlorocebus_aethiops_MN816163;Cercopithecus_albogularis_KC757391|Cercopithecus_lhoesti_KJ434957|Cercopithecus_mitis_KJ434956;Allenopithecus_nigroviridis_KJ434962|Cercocebus_atys_KT159932|Cercocebus_chrysogaster_KC757390|Cercocebus_torquatus_KJ434959;Cercopithecus_albogularis_KC757391|Cercopithecus_diana_KJ434958|Cercopithecus_lhoesti_KJ434957|Cercopithecus_mitis_KJ434956|Cercopithecus_neglectus_MW160353,0.14396622819019042,0.16089284956902133,0.9430943331265711,0.9287684014099108,0.14365755995359933,0.16069442741188053,0.9222280262558324,0.8393738337134564,15,"{""0"":""Allenopithecus_nigroviridis_KJ434962"",""1"":""Cercocebus_atys_KT159932"",""2"":""Cercocebus_torquatus_KJ434959"",""3"":""Cercocebus_chrysogaster_KC757390"",""4"":""Cercopithecus_aethiops_AY863426"",""5"":""Chlorocebus_aethiops_C1_KU682691"",""6"":""Chlorocebus_aethiops_MN816163"",""7"":""Chlorocebus_cynosuros_C3_KU682693"",""8"":""Chlorocebus_cynosuros_KM262190"",""9"":""Chlorocebus_djamdjamensis_C5_KU682695"",""10"":""Cercopithecus_albogularis_KC757391"",""11"":""Cercopithecus_mitis_KJ434956"",""12"":""Cercopithecus_lhoesti_KJ434957"",""13"":""Cercopithecus_diana_KJ434958"",""14"":""Cercopithecus_neglectus_MW160353""}"
KNN-Impute,30,12,66,KNNimpute_completed_p30_rep12_seed66.csv,knn_impute_outputs/completed_matrices/KNNimpute_completed_p30_rep12_seed66.csv,True,,KNN-Impute_NJ_p30_rep12_seed66.treefile,0.3047619047619048,105,32,73,0,32,5,5,distance,nan_euclidean,0.0267594628008892,0.0191553983386363,0.9077512983766244,0.8082844574780058,0.0025104290107265,True,True,True,0,0,0.0,0.0,10.0,0.4166666666666667,7.0,12.0,12.0,0.5833333333333334,0.5833333333333334,0.5833333333333334,Allenopithecus_nigroviridis_KJ434962|Cercopithecus_diana_KJ434958;Cercopithecus_aethiops_AY863426|Chlorocebus_cynosuros_C3_KU682693;Chlorocebus_aethiops_C1_KU682691|Chlorocebus_aethiops_MN816163|Chlorocebus_cynosuros_KM262190;Allenopithecus_nigroviridis_KJ434962|Cercocebus_atys_KT159932|Cercocebus_chrysogaster_KC757390|Cercocebus_torquatus_KJ434959|Cercopithecus_diana_KJ434958;Allenopithecus_nigroviridis_KJ434962|Cercocebus_atys_KT159932|Cercocebus_chrysogaster_KC757390|Cercocebus_torquatus_KJ434959|Cercopithecus_diana_KJ434958|Cercopithecus_neglectus_MW160353,Cercopithecus_diana_KJ434958|Cercopithecus_neglectus_MW160353;Chlorocebus_cynosuros_C3_KU682693|Chlorocebus_cynosuros_KM262190;Cercopithecus_aethiops_AY863426|Chlorocebus_aethiops_C1_KU682691|Chlorocebus_aethiops_MN816163;Allenopithecus_nigroviridis_KJ434962|Cercocebus_atys_KT159932|Cercocebus_chrysogaster_KC757390|Cercocebus_torquatus_KJ434959;Cercopithecus_albogularis_KC757391|Cercopithecus_diana_KJ434958|Cercopithecus_lhoesti_KJ434957|Cercopithecus_mitis_KJ434956|Cercopithecus_neglectus_MW160353,0.14230768025000198,0.1587445671478552,0.9502937726731013,0.8761351855691477,0.142245393243913,0.1588210687891704,0.9295927393879574,0.8688782915198009,15,"{""0"":""Allenopithecus_nigroviridis_KJ434962"",""1"":""Cercocebus_atys_KT159932"",""2"":""Cercocebus_torquatus_KJ434959"",""3"":""Cercocebus_chrysogaster_KC757390"",""4"":""Cercopithecus_aethiops_AY863426"",""5"":""Chlorocebus_aethiops_C1_KU682691"",""6"":""Chlorocebus_aethiops_MN816163"",""7"":""Chlorocebus_cynosuros_C3_KU682693"",""8"":""Chlorocebus_cynosuros_KM262190"",""9"":""Chlorocebus_djamdjamensis_C5_KU682695"",""10"":""Cercopithecus_albogularis_KC757391"",""11"":""Cercopithecus_mitis_KJ434956"",""12"":""Cercopithecus_lhoesti_KJ434957"",""13"":""Cercopithecus_diana_KJ434958"",""14"":""Cercopithecus_neglectus_MW160353""}"
KNN-Impute,30,13,67,KNNimpute_completed_p30_rep13_seed67.csv,knn_impute_outputs/completed_matrices/KNNimpute_completed_p30_rep13_seed67.csv,True,,KNN-Impute_NJ_p30_rep13_seed67.treefile,0.3047619047619048,105,32,73,0,32,5,5,distance,nan_euclidean,0.0298533817066416,0.0249350241940577,0.9197694964011196,0.8394428152492668,0.0026590210036374,True,True,True,0,0,0.0,0.0,14.0,0.5833333333333334,5.0,12.0,12.0,0.4166666666666667,0.4166666666666667,0.4166666666666667,Cercopithecus_aethiops_AY863426|Chlorocebus_aethiops_MN816163;Chlorocebus_aethiops_C1_KU682691|Chlorocebus_djamdjamensis_C5_KU682695;Cercopithecus_aethiops_AY863426|Chlorocebus_aethiops_C1_KU682691|Chlorocebus_aethiops_MN816163|Chlorocebus_djamdjamensis_C5_KU682695;Allenopithecus_nigroviridis_KJ434962|Cercocebus_atys_KT159932|Cercocebus_chrysogaster_KC757390|Cercocebus_torquatus_KJ434959|Cercopithecus_diana_KJ434958;Cercopithecus_aethiops_AY863426|Chlorocebus_aethiops_C1_KU682691|Chlorocebus_aethiops_MN816163|Chlorocebus_cynosuros_C3_KU682693|Chlorocebus_djamdjamensis_C5_KU682695;Allenopithecus_nigroviridis_KJ434962|Cercocebus_atys_KT159932|Cercocebus_chrysogaster_KC757390|Cercocebus_torquatus_KJ434959|Cercopithecus_albogularis_KC757391|Cercopithecus_diana_KJ434958|Cercopithecus_mitis_KJ434956;Cercopithecus_aethiops_AY863426|Cercopithecus_neglectus_MW160353|Chlorocebus_aethiops_C1_KU682691|Chlorocebus_aethiops_MN816163|Chlorocebus_cynosuros_C3_KU682693|Chlorocebus_cynosuros_KM262190|Chlorocebus_djamdjamensis_C5_KU682695,Cercopithecus_diana_KJ434958|Cercopithecus_neglectus_MW160353;Chlorocebus_aethiops_C1_KU682691|Chlorocebus_aethiops_MN816163;Chlorocebus_cynosuros_C3_KU682693|Chlorocebus_cynosuros_KM262190;Cercopithecus_aethiops_AY863426|Chlorocebus_aethiops_C1_KU682691|Chlorocebus_aethiops_MN816163;Cercopithecus_albogularis_KC757391|Cercopithecus_lhoesti_KJ434957|Cercopithecus_mitis_KJ434956;Cercopithecus_aethiops_AY863426|Chlorocebus_aethiops_C1_KU682691|Chlorocebus_aethiops_MN816163|Chlorocebus_cynosuros_C3_KU682693|Chlorocebus_cynosuros_KM262190;Cercopithecus_albogularis_KC757391|Cercopithecus_diana_KJ434958|Cercopithecus_lhoesti_KJ434957|Cercopithecus_mitis_KJ434956|Cercopithecus_neglectus_MW160353,0.1441528738002664,0.1602350701920698,0.9336861174206056,0.8210864607091023,0.143961315322582,0.16027316593874488,0.929281715058811,0.8493157785610616,15,"{""0"":""Allenopithecus_nigroviridis_KJ434962"",""1"":""Cercocebus_atys_KT159932"",""2"":""Cercocebus_torquatus_KJ434959"",""3"":""Cercocebus_chrysogaster_KC757390"",""4"":""Cercopithecus_aethiops_AY863426"",""5"":""Chlorocebus_aethiops_C1_KU682691"",""6"":""Chlorocebus_aethiops_MN816163"",""7"":""Chlorocebus_cynosuros_C3_KU682693"",""8"":""Chlorocebus_cynosuros_KM262190"",""9"":""Chlorocebus_djamdjamensis_C5_KU682695"",""10"":""Cercopithecus_albogularis_KC757391"",""11"":""Cercopithecus_mitis_KJ434956"",""12"":""Cercopithecus_lhoesti_KJ434957"",""13"":""Cercopithecus_diana_KJ434958"",""14"":""Cercopithecus_neglectus_MW160353""}"
KNN-Impute,30,14,68,KNNimpute_completed_p30_rep14_seed68.csv,knn_impute_outputs/completed_matrices/KNNimpute_completed_p30_rep14_seed68.csv,True,,KNN-Impute_NJ_p30_rep14_seed68.treefile,0.3047619047619048,105,32,73,0,32,5,5,distance,nan_euclidean,0.0305932256117704,0.0234016367117225,0.8793755262102478,0.7148093841642228,0.0022757020051358,True,True,True,0,0,0.0,0.0,12.0,0.5,6.0,12.0,12.0,0.5,0.5,0.5,Cercopithecus_aethiops_AY863426|Chlorocebus_cynosuros_KM262190;Chlorocebus_cynosuros_C3_KU682693|Chlorocebus_djamdjamensis_C5_KU682695;Cercocebus_atys_KT159932|Cercocebus_chrysogaster_KC757390|Cercocebus_torquatus_KJ434959|Cercopithecus_diana_KJ434958;Chlorocebus_aethiops_C1_KU682691|Chlorocebus_aethiops_MN816163|Chlorocebus_cynosuros_C3_KU682693|Chlorocebus_djamdjamensis_C5_KU682695;Cercocebus_atys_KT159932|Cercocebus_chrysogaster_KC757390|Cercocebus_torquatus_KJ434959|Cercopithecus_diana_KJ434958|Cercopithecus_neglectus_MW160353;Allenopithecus_nigroviridis_KJ434962|Cercopithecus_aethiops_AY863426|Chlorocebus_aethiops_C1_KU682691|Chlorocebus_aethiops_MN816163|Chlorocebus_cynosuros_C3_KU682693|Chlorocebus_cynosuros_KM262190|Chlorocebus_djamdjamensis_C5_KU682695,Cercopithecus_diana_KJ434958|Cercopithecus_neglectus_MW160353;Chlorocebus_cynosuros_C3_KU682693|Chlorocebus_cynosuros_KM262190;Cercopithecus_aethiops_AY863426|Chlorocebus_aethiops_C1_KU682691|Chlorocebus_aethiops_MN816163;Allenopithecus_nigroviridis_KJ434962|Cercocebus_atys_KT159932|Cercocebus_chrysogaster_KC757390|Cercocebus_torquatus_KJ434959;Cercopithecus_aethiops_AY863426|Chlorocebus_aethiops_C1_KU682691|Chlorocebus_aethiops_MN816163|Chlorocebus_cynosuros_C3_KU682693|Chlorocebus_cynosuros_KM262190;Cercopithecus_albogularis_KC757391|Cercopithecus_diana_KJ434958|Cercopithecus_lhoesti_KJ434957|Cercopithecus_mitis_KJ434956|Cercopithecus_neglectus_MW160353,0.14332267500449922,0.1607462499569874,0.9127392429295614,0.8046962471490773,0.1434955623458839,0.16102907989454338,0.901209355541411,0.789010989010989,15,"{""0"":""Allenopithecus_nigroviridis_KJ434962"",""1"":""Cercocebus_atys_KT159932"",""2"":""Cercocebus_torquatus_KJ434959"",""3"":""Cercocebus_chrysogaster_KC757390"",""4"":""Cercopithecus_aethiops_AY863426"",""5"":""Chlorocebus_aethiops_C1_KU682691"",""6"":""Chlorocebus_aethiops_MN816163"",""7"":""Chlorocebus_cynosuros_C3_KU682693"",""8"":""Chlorocebus_cynosuros_KM262190"",""9"":""Chlorocebus_djamdjamensis_C5_KU682695"",""10"":""Cercopithecus_albogularis_KC757391"",""11"":""Cercopithecus_mitis_KJ434956"",""12"":""Cercopithecus_lhoesti_KJ434957"",""13"":""Cercopithecus_diana_KJ434958"",""14"":""Cercopithecus_neglectus_MW160353""}"
KNN-Impute,30,15,69,KNNimpute_completed_p30_rep15_seed69.csv,knn_impute_outputs/completed_matrices/KNNimpute_completed_p30_rep15_seed69.csv,True,,KNN-Impute_NJ_p30_rep15_seed69.treefile,0.3047619047619048,105,32,73,0,32,5,5,distance,nan_euclidean,0.0354772207169584,0.0245027438123603,0.8073273805273898,0.7980205278592374,0.0023757360031595,True,True,True,0,0,0.0,0.0,14.0,0.5833333333333334,5.0,12.0,12.0,0.4166666666666667,0.4166666666666667,0.4166666666666667,Cercocebus_chrysogaster_KC757390|Cercocebus_torquatus_KJ434959;Cercopithecus_aethiops_AY863426|Chlorocebus_djamdjamensis_C5_KU682695;Cercopithecus_albogularis_KC757391|Cercopithecus_lhoesti_KJ434957;Allenopithecus_nigroviridis_KJ434962|Cercopithecus_diana_KJ434958|Cercopithecus_neglectus_MW160353;Chlorocebus_aethiops_C1_KU682691|Chlorocebus_aethiops_MN816163|Chlorocebus_cynosuros_C3_KU682693;Chlorocebus_aethiops_C1_KU682691|Chlorocebus_aethiops_MN816163|Chlorocebus_cynosuros_C3_KU682693|Chlorocebus_cynosuros_KM262190;Allenopithecus_nigroviridis_KJ434962|Cercopithecus_albogularis_KC757391|Cercopithecus_diana_KJ434958|Cercopithecus_lhoesti_KJ434957|Cercopithecus_mitis_KJ434956|Cercopithecus_neglectus_MW160353,Cercocebus_atys_KT159932|Cercocebus_torquatus_KJ434959;Cercopithecus_albogularis_KC757391|Cercopithecus_mitis_KJ434956;Chlorocebus_cynosuros_C3_KU682693|Chlorocebus_cynosuros_KM262190;Cercopithecus_aethiops_AY863426|Chlorocebus_aethiops_C1_KU682691|Chlorocebus_aethiops_MN816163;Allenopithecus_nigroviridis_KJ434962|Cercocebus_atys_KT159932|Cercocebus_chrysogaster_KC757390|Cercocebus_torquatus_KJ434959;Cercopithecus_aethiops_AY863426|Chlorocebus_aethiops_C1_KU682691|Chlorocebus_aethiops_MN816163|Chlorocebus_cynosuros_C3_KU682693|Chlorocebus_cynosuros_KM262190;Cercopithecus_albogularis_KC757391|Cercopithecus_diana_KJ434958|Cercopithecus_lhoesti_KJ434957|Cercopithecus_mitis_KJ434956|Cercopithecus_neglectus_MW160353,0.1443915691741441,0.16148801181065695,0.909137532494308,0.9010470661414057,0.14387135666121778,0.1609147940251952,0.9030741046825941,0.8783951897159443,15,"{""0"":""Allenopithecus_nigroviridis_KJ434962"",""1"":""Cercocebus_atys_KT159932"",""2"":""Cercocebus_torquatus_KJ434959"",""3"":""Cercocebus_chrysogaster_KC757390"",""4"":""Cercopithecus_aethiops_AY863426"",""5"":""Chlorocebus_aethiops_C1_KU682691"",""6"":""Chlorocebus_aethiops_MN816163"",""7"":""Chlorocebus_cynosuros_C3_KU682693"",""8"":""Chlorocebus_cynosuros_KM262190"",""9"":""Chlorocebus_djamdjamensis_C5_KU682695"",""10"":""Cercopithecus_albogularis_KC757391"",""11"":""Cercopithecus_mitis_KJ434956"",""12"":""Cercopithecus_lhoesti_KJ434957"",""13"":""Cercopithecus_diana_KJ434958"",""14"":""Cercopithecus_neglectus_MW160353""}"
KNN-Impute,30,16,70,KNNimpute_completed_p30_rep16_seed70.csv,knn_impute_outputs/completed_matrices/KNNimpute_completed_p30_rep16_seed70.csv,True,,KNN-Impute_NJ_p30_rep16_seed70.treefile,0.3047619047619048,105,32,73,0,32,5,5,distance,nan_euclidean,0.0349002613860653,0.0250376640232934,0.8585792557517344,0.814882697947214,0.0022885280050104,True,True,True,0,0,0.0,0.0,12.0,0.5,6.0,12.0,12.0,0.5,0.5,0.5,Cercocebus_atys_KT159932|Cercocebus_chrysogaster_KC757390;Chlorocebus_aethiops_C1_KU682691|Chlorocebus_cynosuros_C3_KU682693;Chlorocebus_cynosuros_KM262190|Chlorocebus_djamdjamensis_C5_KU682695;Cercopithecus_aethiops_AY863426|Chlorocebus_aethiops_C1_KU682691|Chlorocebus_cynosuros_C3_KU682693;Cercopithecus_diana_KJ434958|Cercopithecus_lhoesti_KJ434957|Cercopithecus_neglectus_MW160353;Cercopithecus_aethiops_AY863426|Chlorocebus_aethiops_C1_KU682691|Chlorocebus_aethiops_MN816163|Chlorocebus_cynosuros_C3_KU682693,Cercocebus_atys_KT159932|Cercocebus_torquatus_KJ434959;Chlorocebus_aethiops_C1_KU682691|Chlorocebus_aethiops_MN816163;Chlorocebus_cynosuros_C3_KU682693|Chlorocebus_cynosuros_KM262190;Cercopithecus_aethiops_AY863426|Chlorocebus_aethiops_C1_KU682691|Chlorocebus_aethiops_MN816163;Cercopithecus_albogularis_KC757391|Cercopithecus_lhoesti_KJ434957|Cercopithecus_mitis_KJ434956;Cercopithecus_aethiops_AY863426|Chlorocebus_aethiops_C1_KU682691|Chlorocebus_aethiops_MN816163|Chlorocebus_cynosuros_C3_KU682693|Chlorocebus_cynosuros_KM262190,0.14353390942578578,0.15949811345840073,0.9208717136930304,0.8941944847605224,0.1439925960324443,0.16050432384809654,0.9045484562480623,0.8394464026539497,15,"{""0"":""Allenopithecus_nigroviridis_KJ434962"",""1"":""Cercocebus_atys_KT159932"",""2"":""Cercocebus_torquatus_KJ434959"",""3"":""Cercocebus_chrysogaster_KC757390"",""4"":""Cercopithecus_aethiops_AY863426"",""5"":""Chlorocebus_aethiops_C1_KU682691"",""6"":""Chlorocebus_aethiops_MN816163"",""7"":""Chlorocebus_cynosuros_C3_KU682693"",""8"":""Chlorocebus_cynosuros_KM262190"",""9"":""Chlorocebus_djamdjamensis_C5_KU682695"",""10"":""Cercopithecus_albogularis_KC757391"",""11"":""Cercopithecus_mitis_KJ434956"",""12"":""Cercopithecus_lhoesti_KJ434957"",""13"":""Cercopithecus_diana_KJ434958"",""14"":""Cercopithecus_neglectus_MW160353""}"
KNN-Impute,30,17,71,KNNimpute_completed_p30_rep17_seed71.csv,knn_impute_outputs/completed_matrices/KNNimpute_completed_p30_rep17_seed71.csv,True,,KNN-Impute_NJ_p30_rep17_seed71.treefile,0.3047619047619048,105,32,73,0,32,5,5,distance,nan_euclidean,0.0324114904970038,0.0246180395363808,0.8830125963752445,0.8394428152492668,0.0022834849951323,True,True,True,0,0,0.0,0.0,8.0,0.3333333333333333,8.0,12.0,12.0,0.6666666666666666,0.6666666666666666,0.6666666666666666,Cercocebus_chrysogaster_KC757390|Cercocebus_torquatus_KJ434959;Chlorocebus_aethiops_C1_KU682691|Chlorocebus_aethiops_MN816163|Chlorocebus_cynosuros_KM262190;Cercopithecus_aethiops_AY863426|Chlorocebus_aethiops_C1_KU682691|Chlorocebus_aethiops_MN816163|Chlorocebus_cynosuros_KM262190;Cercopithecus_albogularis_KC757391|Cercopithecus_diana_KJ434958|Cercopithecus_mitis_KJ434956|Cercopithecus_neglectus_MW160353,Cercocebus_atys_KT159932|Cercocebus_torquatus_KJ434959;Chlorocebus_cynosuros_C3_KU682693|Chlorocebus_cynosuros_KM262190;Cercopithecus_aethiops_AY863426|Chlorocebus_aethiops_C1_KU682691|Chlorocebus_aethiops_MN816163;Cercopithecus_albogularis_KC757391|Cercopithecus_lhoesti_KJ434957|Cercopithecus_mitis_KJ434956,0.1434632026431862,0.1589862946878057,0.9545659461927866,0.87322206095791,0.1439101981803685,0.1599743662275872,0.9241743534821877,0.8755857350196973,15,"{""0"":""Allenopithecus_nigroviridis_KJ434962"",""1"":""Cercocebus_atys_KT159932"",""2"":""Cercocebus_torquatus_KJ434959"",""3"":""Cercocebus_chrysogaster_KC757390"",""4"":""Cercopithecus_aethiops_AY863426"",""5"":""Chlorocebus_aethiops_C1_KU682691"",""6"":""Chlorocebus_aethiops_MN816163"",""7"":""Chlorocebus_cynosuros_C3_KU682693"",""8"":""Chlorocebus_cynosuros_KM262190"",""9"":""Chlorocebus_djamdjamensis_C5_KU682695"",""10"":""Cercopithecus_albogularis_KC757391"",""11"":""Cercopithecus_mitis_KJ434956"",""12"":""Cercopithecus_lhoesti_KJ434957"",""13"":""Cercopithecus_diana_KJ434958"",""14"":""Cercopithecus_neglectus_MW160353""}"
KNN-Impute,30,18,72,KNNimpute_completed_p30_rep18_seed72.csv,knn_impute_outputs/completed_matrices/KNNimpute_completed_p30_rep18_seed72.csv,True,,KNN-Impute_NJ_p30_rep18_seed72.treefile,0.3047619047619048,105,32,73,0,32,5,5,distance,nan_euclidean,0.0340221158641122,0.0271239481436143,0.8388737988770388,0.6708211143695014,0.0032799150067148,True,True,True,0,0,0.0,0.0,16.0,0.6666666666666666,4.0,12.0,12.0,0.3333333333333333,0.3333333333333333,0.3333333333333333,Allenopithecus_nigroviridis_KJ434962|Cercopithecus_neglectus_MW160353;Cercocebus_chrysogaster_KC757390|Cercocebus_torquatus_KJ434959;Cercopithecus_diana_KJ434958|Cercopithecus_lhoesti_KJ434957;Chlorocebus_aethiops_C1_KU682691|Chlorocebus_cynosuros_C3_KU682693;Chlorocebus_aethiops_C1_KU682691|Chlorocebus_aethiops_MN816163|Chlorocebus_cynosuros_C3_KU682693;Chlorocebus_aethiops_C1_KU682691|Chlorocebus_aethiops_MN816163|Chlorocebus_cynosuros_C3_KU682693|Chlorocebus_cynosuros_KM262190;Cercocebus_atys_KT159932|Cercocebus_chrysogaster_KC757390|Cercocebus_torquatus_KJ434959|Cercopithecus_diana_KJ434958|Cercopithecus_lhoesti_KJ434957;Allenopithecus_nigroviridis_KJ434962|Cercocebus_atys_KT159932|Cercocebus_chrysogaster_KC757390|Cercocebus_torquatus_KJ434959|Cercopithecus_diana_KJ434958|Cercopithecus_lhoesti_KJ434957|Cercopithecus_neglectus_MW160353,Cercocebus_atys_KT159932|Cercocebus_torquatus_KJ434959;Cercopithecus_diana_KJ434958|Cercopithecus_neglectus_MW160353;Chlorocebus_aethiops_C1_KU682691|Chlorocebus_aethiops_MN816163;Chlorocebus_cynosuros_C3_KU682693|Chlorocebus_cynosuros_KM262190;Cercopithecus_aethiops_AY863426|Chlorocebus_aethiops_C1_KU682691|Chlorocebus_aethiops_MN816163;Cercopithecus_albogularis_KC757391|Cercopithecus_lhoesti_KJ434957|Cercopithecus_mitis_KJ434956;Allenopithecus_nigroviridis_KJ434962|Cercocebus_atys_KT159932|Cercocebus_chrysogaster_KC757390|Cercocebus_torquatus_KJ434959;Cercopithecus_albogularis_KC757391|Cercopithecus_diana_KJ434958|Cercopithecus_lhoesti_KJ434957|Cercopithecus_mitis_KJ434956|Cercopithecus_neglectus_MW160353,0.14439213716133034,0.16171077511300833,0.9051861358215143,0.7971076093717603,0.14455745975310855,0.1619839921458712,0.8975196564282037,0.8148973667841592,15,"{""0"":""Allenopithecus_nigroviridis_KJ434962"",""1"":""Cercocebus_atys_KT159932"",""2"":""Cercocebus_torquatus_KJ434959"",""3"":""Cercocebus_chrysogaster_KC757390"",""4"":""Cercopithecus_aethiops_AY863426"",""5"":""Chlorocebus_aethiops_C1_KU682691"",""6"":""Chlorocebus_aethiops_MN816163"",""7"":""Chlorocebus_cynosuros_C3_KU682693"",""8"":""Chlorocebus_cynosuros_KM262190"",""9"":""Chlorocebus_djamdjamensis_C5_KU682695"",""10"":""Cercopithecus_albogularis_KC757391"",""11"":""Cercopithecus_mitis_KJ434956"",""12"":""Cercopithecus_lhoesti_KJ434957"",""13"":""Cercopithecus_diana_KJ434958"",""14"":""Cercopithecus_neglectus_MW160353""}"
KNN-Impute,30,19,73,KNNimpute_completed_p30_rep19_seed73.csv,knn_impute_outputs/completed_matrices/KNNimpute_completed_p30_rep19_seed73.csv,True,,KNN-Impute_NJ_p30_rep19_seed73.treefile,0.3047619047619048,105,32,73,0,32,5,5,distance,nan_euclidean,0.0351450702186811,0.0258886457490363,0.8038395938772908,0.7613636363636362,0.0027997069992125,True,True,True,0,0,0.0,0.0,10.0,0.4166666666666667,7.0,12.0,12.0,0.5833333333333334,0.5833333333333334,0.5833333333333334,Allenopithecus_nigroviridis_KJ434962|Cercopithecus_lhoesti_KJ434957;Cercocebus_atys_KT159932|Cercocebus_chrysogaster_KC757390;Chlorocebus_aethiops_C1_KU682691|Chlorocebus_aethiops_MN816163|Chlorocebus_cynosuros_C3_KU682693|Chlorocebus_cynosuros_KM262190;Cercocebus_atys_KT159932|Cercocebus_chrysogaster_KC757390|Cercocebus_torquatus_KJ434959|Cercopithecus_albogularis_KC757391|Cercopithecus_mitis_KJ434956;Cercocebus_atys_KT159932|Cercocebus_chrysogaster_KC757390|Cercocebus_torquatus_KJ434959|Cercopithecus_albogularis_KC757391|Cercopithecus_diana_KJ434958|Cercopithecus_mitis_KJ434956|Cercopithecus_neglectus_MW160353,Cercocebus_atys_KT159932|Cercocebus_torquatus_KJ434959;Cercopithecus_aethiops_AY863426|Chlorocebus_aethiops_C1_KU682691|Chlorocebus_aethiops_MN816163;Cercopithecus_albogularis_KC757391|Cercopithecus_lhoesti_KJ434957|Cercopithecus_mitis_KJ434956;Allenopithecus_nigroviridis_KJ434962|Cercocebus_atys_KT159932|Cercocebus_chrysogaster_KC757390|Cercocebus_torquatus_KJ434959;Cercopithecus_albogularis_KC757391|Cercopithecus_diana_KJ434958|Cercopithecus_lhoesti_KJ434957|Cercopithecus_mitis_KJ434956|Cercopithecus_neglectus_MW160353,0.14432918183198462,0.1612106282479741,0.9265920066737409,0.8426498030271615,0.14429743054993968,0.16139441375630842,0.903791673178963,0.8539601907526435,15,"{""0"":""Allenopithecus_nigroviridis_KJ434962"",""1"":""Cercocebus_atys_KT159932"",""2"":""Cercocebus_torquatus_KJ434959"",""3"":""Cercocebus_chrysogaster_KC757390"",""4"":""Cercopithecus_aethiops_AY863426"",""5"":""Chlorocebus_aethiops_C1_KU682691"",""6"":""Chlorocebus_aethiops_MN816163"",""7"":""Chlorocebus_cynosuros_C3_KU682693"",""8"":""Chlorocebus_cynosuros_KM262190"",""9"":""Chlorocebus_djamdjamensis_C5_KU682695"",""10"":""Cercopithecus_albogularis_KC757391"",""11"":""Cercopithecus_mitis_KJ434956"",""12"":""Cercopithecus_lhoesti_KJ434957"",""13"":""Cercopithecus_diana_KJ434958"",""14"":""Cercopithecus_neglectus_MW160353""}"
KNN-Impute,30,20,74,KNNimpute_completed_p30_rep20_seed74.csv,knn_impute_outputs/completed_matrices/KNNimpute_completed_p30_rep20_seed74.csv,True,,KNN-Impute_NJ_p30_rep20_seed74.treefile,0.3047619047619048,105,32,73,0,32,5,5,distance,nan_euclidean,0.0305511804745127,0.0256411871654522,0.8812062384618795,0.6140029325513195,0.002357839999604,True,True,True,0,0,0.0,0.0,12.0,0.5,6.0,12.0,12.0,0.5,0.5,0.5,Cercopithecus_lhoesti_KJ434957|Cercopithecus_neglectus_MW160353;Chlorocebus_cynosuros_C3_KU682693|Chlorocebus_cynosuros_KM262190|Chlorocebus_djamdjamensis_C5_KU682695;Cercocebus_atys_KT159932|Cercocebus_chrysogaster_KC757390|Cercocebus_torquatus_KJ434959|Cercopithecus_diana_KJ434958;Cercopithecus_aethiops_AY863426|Chlorocebus_cynosuros_C3_KU682693|Chlorocebus_cynosuros_KM262190|Chlorocebus_djamdjamensis_C5_KU682695;Cercopithecus_albogularis_KC757391|Cercopithecus_lhoesti_KJ434957|Cercopithecus_mitis_KJ434956|Cercopithecus_neglectus_MW160353;Allenopithecus_nigroviridis_KJ434962|Cercopithecus_aethiops_AY863426|Chlorocebus_aethiops_C1_KU682691|Chlorocebus_aethiops_MN816163|Chlorocebus_cynosuros_C3_KU682693|Chlorocebus_cynosuros_KM262190|Chlorocebus_djamdjamensis_C5_KU682695,Cercopithecus_diana_KJ434958|Cercopithecus_neglectus_MW160353;Cercopithecus_aethiops_AY863426|Chlorocebus_aethiops_C1_KU682691|Chlorocebus_aethiops_MN816163;Cercopithecus_albogularis_KC757391|Cercopithecus_lhoesti_KJ434957|Cercopithecus_mitis_KJ434956;Allenopithecus_nigroviridis_KJ434962|Cercocebus_atys_KT159932|Cercocebus_chrysogaster_KC757390|Cercocebus_torquatus_KJ434959;Cercopithecus_aethiops_AY863426|Chlorocebus_aethiops_C1_KU682691|Chlorocebus_aethiops_MN816163|Chlorocebus_cynosuros_C3_KU682693|Chlorocebus_cynosuros_KM262190;Cercopithecus_albogularis_KC757391|Cercopithecus_diana_KJ434958|Cercopithecus_lhoesti_KJ434957|Cercopithecus_mitis_KJ434956|Cercopithecus_neglectus_MW160353,0.14463180302222994,0.1631668738899446,0.8967317810231047,0.75200082935932,0.14421534204694536,0.1626128919502202,0.8899396669788774,0.7745386688782916,15,"{""0"":""Allenopithecus_nigroviridis_KJ434962"",""1"":""Cercocebus_atys_KT159932"",""2"":""Cercocebus_torquatus_KJ434959"",""3"":""Cercocebus_chrysogaster_KC757390"",""4"":""Cercopithecus_aethiops_AY863426"",""5"":""Chlorocebus_aethiops_C1_KU682691"",""6"":""Chlorocebus_aethiops_MN816163"",""7"":""Chlorocebus_cynosuros_C3_KU682693"",""8"":""Chlorocebus_cynosuros_KM262190"",""9"":""Chlorocebus_djamdjamensis_C5_KU682695"",""10"":""Cercopithecus_albogularis_KC757391"",""11"":""Cercopithecus_mitis_KJ434956"",""12"":""Cercopithecus_lhoesti_KJ434957"",""13"":""Cercopithecus_diana_KJ434958"",""14"":""Cercopithecus_neglectus_MW160353""}"
KNN-Impute,30,21,75,KNNimpute_completed_p30_rep21_seed75.csv,knn_impute_outputs/completed_matrices/KNNimpute_completed_p30_rep21_seed75.csv,True,,KNN-Impute_NJ_p30_rep21_seed75.treefile,0.3047619047619048,105,32,73,0,32,5,5,distance,nan_euclidean,0.0320620862699102,0.0267746015924334,0.8923681767792508,0.7613636363636362,0.0021698500058846,True,True,True,0,0,0.0,0.0,16.0,0.6666666666666666,4.0,12.0,12.0,0.3333333333333333,0.3333333333333333,0.3333333333333333,Allenopithecus_nigroviridis_KJ434962|Cercopithecus_diana_KJ434958;Cercocebus_atys_KT159932|Cercocebus_chrysogaster_KC757390;Cercopithecus_aethiops_AY863426|Chlorocebus_aethiops_MN816163;Chlorocebus_cynosuros_KM262190|Chlorocebus_djamdjamensis_C5_KU682695;Allenopithecus_nigroviridis_KJ434962|Cercopithecus_diana_KJ434958|Cercopithecus_neglectus_MW160353;Cercocebus_atys_KT159932|Cercocebus_chrysogaster_KC757390|Cercocebus_torquatus_KJ434959|Cercopithecus_lhoesti_KJ434957;Cercopithecus_aethiops_AY863426|Chlorocebus_aethiops_C1_KU682691|Chlorocebus_aethiops_MN816163|Chlorocebus_cynosuros_KM262190|Chlorocebus_djamdjamensis_C5_KU682695;Cercocebus_atys_KT159932|Cercocebus_chrysogaster_KC757390|Cercocebus_torquatus_KJ434959|Cercopithecus_albogularis_KC757391|Cercopithecus_lhoesti_KJ434957|Cercopithecus_mitis_KJ434956,Cercocebus_atys_KT159932|Cercocebus_torquatus_KJ434959;Cercopithecus_diana_KJ434958|Cercopithecus_neglectus_MW160353;Chlorocebus_aethiops_C1_KU682691|Chlorocebus_aethiops_MN816163;Chlorocebus_cynosuros_C3_KU682693|Chlorocebus_cynosuros_KM262190;Cercopithecus_albogularis_KC757391|Cercopithecus_lhoesti_KJ434957|Cercopithecus_mitis_KJ434956;Allenopithecus_nigroviridis_KJ434962|Cercocebus_atys_KT159932|Cercocebus_chrysogaster_KC757390|Cercocebus_torquatus_KJ434959;Cercopithecus_aethiops_AY863426|Chlorocebus_aethiops_C1_KU682691|Chlorocebus_aethiops_MN816163|Chlorocebus_cynosuros_C3_KU682693|Chlorocebus_cynosuros_KM262190;Cercopithecus_albogularis_KC757391|Cercopithecus_diana_KJ434958|Cercopithecus_lhoesti_KJ434957|Cercopithecus_mitis_KJ434956|Cercopithecus_neglectus_MW160353,0.14462993965718196,0.16169060544651806,0.9280257037374544,0.8259485797221645,0.14455634587979485,0.1618006084211401,0.907408688641959,0.8170744349989632,15,"{""0"":""Allenopithecus_nigroviridis_KJ434962"",""1"":""Cercocebus_atys_KT159932"",""2"":""Cercocebus_torquatus_KJ434959"",""3"":""Cercocebus_chrysogaster_KC757390"",""4"":""Cercopithecus_aethiops_AY863426"",""5"":""Chlorocebus_aethiops_C1_KU682691"",""6"":""Chlorocebus_aethiops_MN816163"",""7"":""Chlorocebus_cynosuros_C3_KU682693"",""8"":""Chlorocebus_cynosuros_KM262190"",""9"":""Chlorocebus_djamdjamensis_C5_KU682695"",""10"":""Cercopithecus_albogularis_KC757391"",""11"":""Cercopithecus_mitis_KJ434956"",""12"":""Cercopithecus_lhoesti_KJ434957"",""13"":""Cercopithecus_diana_KJ434958"",""14"":""Cercopithecus_neglectus_MW160353""}"
KNN-Impute,30,22,76,KNNimpute_completed_p30_rep22_seed76.csv,knn_impute_outputs/completed_matrices/KNNimpute_completed_p30_rep22_seed76.csv,True,,KNN-Impute_NJ_p30_rep22_seed76.treefile,0.3047619047619048,105,32,73,0,32,5,5,distance,nan_euclidean,0.0328275861720901,0.0280368779249918,0.894766084997401,0.8288123167155425,0.0021037730039097,True,True,True,0,0,0.0,0.0,14.0,0.5833333333333334,5.0,12.0,12.0,0.4166666666666667,0.4166666666666667,0.4166666666666667,Cercopithecus_aethiops_AY863426|Chlorocebus_aethiops_MN816163;Chlorocebus_cynosuros_KM262190|Chlorocebus_djamdjamensis_C5_KU682695;Cercocebus_atys_KT159932|Cercocebus_chrysogaster_KC757390|Cercocebus_torquatus_KJ434959|Cercopithecus_neglectus_MW160353;Cercocebus_atys_KT159932|Cercocebus_chrysogaster_KC757390|Cercocebus_torquatus_KJ434959|Cercopithecus_diana_KJ434958|Cercopithecus_neglectus_MW160353;Cercopithecus_aethiops_AY863426|Chlorocebus_aethiops_C1_KU682691|Chlorocebus_aethiops_MN816163|Chlorocebus_cynosuros_KM262190|Chlorocebus_djamdjamensis_C5_KU682695;Cercocebus_atys_KT159932|Cercocebus_chrysogaster_KC757390|Cercocebus_torquatus_KJ434959|Cercopithecus_diana_KJ434958|Cercopithecus_lhoesti_KJ434957|Cercopithecus_neglectus_MW160353;Allenopithecus_nigroviridis_KJ434962|Cercocebus_atys_KT159932|Cercocebus_chrysogaster_KC757390|Cercocebus_torquatus_KJ434959|Cercopithecus_diana_KJ434958|Cercopithecus_lhoesti_KJ434957|Cercopithecus_neglectus_MW160353,Cercopithecus_diana_KJ434958|Cercopithecus_neglectus_MW160353;Chlorocebus_aethiops_C1_KU682691|Chlorocebus_aethiops_MN816163;Chlorocebus_cynosuros_C3_KU682693|Chlorocebus_cynosuros_KM262190;Cercopithecus_albogularis_KC757391|Cercopithecus_lhoesti_KJ434957|Cercopithecus_mitis_KJ434956;Allenopithecus_nigroviridis_KJ434962|Cercocebus_atys_KT159932|Cercocebus_chrysogaster_KC757390|Cercocebus_torquatus_KJ434959;Cercopithecus_aethiops_AY863426|Chlorocebus_aethiops_C1_KU682691|Chlorocebus_aethiops_MN816163|Chlorocebus_cynosuros_C3_KU682693|Chlorocebus_cynosuros_KM262190;Cercopithecus_albogularis_KC757391|Cercopithecus_diana_KJ434958|Cercopithecus_lhoesti_KJ434957|Cercopithecus_mitis_KJ434956|Cercopithecus_neglectus_MW160353,0.14684897321825355,0.16456782109718218,0.9192222209530541,0.8888347501555048,0.14494069317286146,0.16199236860094846,0.9053321775681129,0.81611030478955,15,"{""0"":""Allenopithecus_nigroviridis_KJ434962"",""1"":""Cercocebus_atys_KT159932"",""2"":""Cercocebus_torquatus_KJ434959"",""3"":""Cercocebus_chrysogaster_KC757390"",""4"":""Cercopithecus_aethiops_AY863426"",""5"":""Chlorocebus_aethiops_C1_KU682691"",""6"":""Chlorocebus_aethiops_MN816163"",""7"":""Chlorocebus_cynosuros_C3_KU682693"",""8"":""Chlorocebus_cynosuros_KM262190"",""9"":""Chlorocebus_djamdjamensis_C5_KU682695"",""10"":""Cercopithecus_albogularis_KC757391"",""11"":""Cercopithecus_mitis_KJ434956"",""12"":""Cercopithecus_lhoesti_KJ434957"",""13"":""Cercopithecus_diana_KJ434958"",""14"":""Cercopithecus_neglectus_MW160353""}"
KNN-Impute,30,23,77,KNNimpute_completed_p30_rep23_seed77.csv,knn_impute_outputs/completed_matrices/KNNimpute_completed_p30_rep23_seed77.csv,True,,KNN-Impute_NJ_p30_rep23_seed77.treefile,0.3047619047619048,105,32,73,0,32,5,5,distance,nan_euclidean,0.0291037201969326,0.0205205632438334,0.8898739869761366,0.87316715542522,0.0037373459927039,True,True,True,0,0,0.0,0.0,12.0,0.5,6.0,12.0,12.0,0.5,0.5,0.5,Cercocebus_chrysogaster_KC757390|Cercocebus_torquatus_KJ434959;Cercopithecus_aethiops_AY863426|Chlorocebus_cynosuros_C3_KU682693;Chlorocebus_cynosuros_KM262190|Chlorocebus_djamdjamensis_C5_KU682695;Cercopithecus_diana_KJ434958|Cercopithecus_lhoesti_KJ434957|Cercopithecus_neglectus_MW160353;Cercopithecus_aethiops_AY863426|Chlorocebus_cynosuros_C3_KU682693|Chlorocebus_cynosuros_KM262190|Chlorocebus_djamdjamensis_C5_KU682695;Allenopithecus_nigroviridis_KJ434962|Cercocebus_atys_KT159932|Cercocebus_chrysogaster_KC757390|Cercocebus_torquatus_KJ434959|Cercopithecus_diana_KJ434958|Cercopithecus_lhoesti_KJ434957|Cercopithecus_neglectus_MW160353,Cercocebus_atys_KT159932|Cercocebus_torquatus_KJ434959;Chlorocebus_cynosuros_C3_KU682693|Chlorocebus_cynosuros_KM262190;Cercopithecus_aethiops_AY863426|Chlorocebus_aethiops_C1_KU682691|Chlorocebus_aethiops_MN816163;Cercopithecus_albogularis_KC757391|Cercopithecus_lhoesti_KJ434957|Cercopithecus_mitis_KJ434956;Cercopithecus_aethiops_AY863426|Chlorocebus_aethiops_C1_KU682691|Chlorocebus_aethiops_MN816163|Chlorocebus_cynosuros_C3_KU682693|Chlorocebus_cynosuros_KM262190;Cercopithecus_albogularis_KC757391|Cercopithecus_diana_KJ434958|Cercopithecus_lhoesti_KJ434957|Cercopithecus_mitis_KJ434956|Cercopithecus_neglectus_MW160353,0.1424747056191202,0.1588893231525616,0.9377290065129447,0.906344598797429,0.14266144350073504,0.1593194776090273,0.9203400450739884,0.8825627202985693,15,"{""0"":""Allenopithecus_nigroviridis_KJ434962"",""1"":""Cercocebus_atys_KT159932"",""2"":""Cercocebus_torquatus_KJ434959"",""3"":""Cercocebus_chrysogaster_KC757390"",""4"":""Cercopithecus_aethiops_AY863426"",""5"":""Chlorocebus_aethiops_C1_KU682691"",""6"":""Chlorocebus_aethiops_MN816163"",""7"":""Chlorocebus_cynosuros_C3_KU682693"",""8"":""Chlorocebus_cynosuros_KM262190"",""9"":""Chlorocebus_djamdjamensis_C5_KU682695"",""10"":""Cercopithecus_albogularis_KC757391"",""11"":""Cercopithecus_mitis_KJ434956"",""12"":""Cercopithecus_lhoesti_KJ434957"",""13"":""Cercopithecus_diana_KJ434958"",""14"":""Cercopithecus_neglectus_MW160353""}"
KNN-Impute,30,24,78,KNNimpute_completed_p30_rep24_seed78.csv,knn_impute_outputs/completed_matrices/KNNimpute_completed_p30_rep24_seed78.csv,True,,KNN-Impute_NJ_p30_rep24_seed78.treefile,0.3047619047619048,105,32,73,0,32,5,5,distance,nan_euclidean,0.0318676597655412,0.0211479752682561,0.8875962354356203,0.8409090909090908,0.0022807869972893,True,True,True,0,0,0.0,0.0,10.0,0.4166666666666667,7.0,12.0,12.0,0.5833333333333334,0.5833333333333334,0.5833333333333334,Cercopithecus_aethiops_AY863426|Chlorocebus_cynosuros_C3_KU682693;Allenopithecus_nigroviridis_KJ434962|Cercopithecus_diana_KJ434958|Cercopithecus_neglectus_MW160353;Chlorocebus_aethiops_C1_KU682691|Chlorocebus_aethiops_MN816163|Chlorocebus_cynosuros_KM262190;Allenopithecus_nigroviridis_KJ434962|Cercocebus_atys_KT159932|Cercocebus_chrysogaster_KC757390|Cercocebus_torquatus_KJ434959|Cercopithecus_diana_KJ434958|Cercopithecus_neglectus_MW160353;Allenopithecus_nigroviridis_KJ434962|Cercocebus_atys_KT159932|Cercocebus_chrysogaster_KC757390|Cercocebus_torquatus_KJ434959|Cercopithecus_diana_KJ434958|Cercopithecus_lhoesti_KJ434957|Cercopithecus_neglectus_MW160353,Chlorocebus_cynosuros_C3_KU682693|Chlorocebus_cynosuros_KM262190;Cercopithecus_aethiops_AY863426|Chlorocebus_aethiops_C1_KU682691|Chlorocebus_aethiops_MN816163;Cercopithecus_albogularis_KC757391|Cercopithecus_lhoesti_KJ434957|Cercopithecus_mitis_KJ434956;Allenopithecus_nigroviridis_KJ434962|Cercocebus_atys_KT159932|Cercocebus_chrysogaster_KC757390|Cercocebus_torquatus_KJ434959;Cercopithecus_albogularis_KC757391|Cercopithecus_diana_KJ434958|Cercopithecus_lhoesti_KJ434957|Cercopithecus_mitis_KJ434956|Cercopithecus_neglectus_MW160353,0.14312534314981545,0.15931813904443118,0.922056004429905,0.9118391042919344,0.1427616562466439,0.15882819709950996,0.9199638916343303,0.8883475015550487,15,"{""0"":""Allenopithecus_nigroviridis_KJ434962"",""1"":""Cercocebus_atys_KT159932"",""2"":""Cercocebus_torquatus_KJ434959"",""3"":""Cercocebus_chrysogaster_KC757390"",""4"":""Cercopithecus_aethiops_AY863426"",""5"":""Chlorocebus_aethiops_C1_KU682691"",""6"":""Chlorocebus_aethiops_MN816163"",""7"":""Chlorocebus_cynosuros_C3_KU682693"",""8"":""Chlorocebus_cynosuros_KM262190"",""9"":""Chlorocebus_djamdjamensis_C5_KU682695"",""10"":""Cercopithecus_albogularis_KC757391"",""11"":""Cercopithecus_mitis_KJ434956"",""12"":""Cercopithecus_lhoesti_KJ434957"",""13"":""Cercopithecus_diana_KJ434958"",""14"":""Cercopithecus_neglectus_MW160353""}"
KNN-Impute,30,25,79,KNNimpute_completed_p30_rep25_seed79.csv,knn_impute_outputs/completed_matrices/KNNimpute_completed_p30_rep25_seed79.csv,True,,KNN-Impute_NJ_p30_rep25_seed79.treefile,0.3047619047619048,105,32,73,0,32,5,5,distance,nan_euclidean,0.0324848833205517,0.0239712025729204,0.8676037856835797,0.8101173020527858,0.0030269750131992,True,True,True,0,0,0.0,0.0,12.0,0.5,6.0,12.0,12.0,0.5,0.5,0.5,Cercopithecus_aethiops_AY863426|Chlorocebus_aethiops_MN816163;Cercopithecus_albogularis_KC757391|Cercopithecus_lhoesti_KJ434957;Chlorocebus_aethiops_C1_KU682691|Chlorocebus_cynosuros_C3_KU682693;Cercopithecus_aethiops_AY863426|Chlorocebus_aethiops_C1_KU682691|Chlorocebus_aethiops_MN816163|Chlorocebus_cynosuros_C3_KU682693;Cercocebus_atys_KT159932|Cercocebus_chrysogaster_KC757390|Cercocebus_torquatus_KJ434959|Cercopithecus_diana_KJ434958|Cercopithecus_neglectus_MW160353;Allenopithecus_nigroviridis_KJ434962|Cercopithecus_aethiops_AY863426|Chlorocebus_aethiops_C1_KU682691|Chlorocebus_aethiops_MN816163|Chlorocebus_cynosuros_C3_KU682693|Chlorocebus_cynosuros_KM262190|Chlorocebus_djamdjamensis_C5_KU682695,Cercopithecus_albogularis_KC757391|Cercopithecus_mitis_KJ434956;Chlorocebus_aethiops_C1_KU682691|Chlorocebus_aethiops_MN816163;Chlorocebus_cynosuros_C3_KU682693|Chlorocebus_cynosuros_KM262190;Cercopithecus_aethiops_AY863426|Chlorocebus_aethiops_C1_KU682691|Chlorocebus_aethiops_MN816163;Allenopithecus_nigroviridis_KJ434962|Cercocebus_atys_KT159932|Cercocebus_chrysogaster_KC757390|Cercocebus_torquatus_KJ434959;Cercopithecus_albogularis_KC757391|Cercopithecus_diana_KJ434958|Cercopithecus_lhoesti_KJ434957|Cercopithecus_mitis_KJ434956|Cercopithecus_neglectus_MW160353,0.1443292725994275,0.16070325553442522,0.9274824585015874,0.8938005390835578,0.14366757920947348,0.16013695803993078,0.9171857380800055,0.8753783951897159,15,"{""0"":""Allenopithecus_nigroviridis_KJ434962"",""1"":""Cercocebus_atys_KT159932"",""2"":""Cercocebus_torquatus_KJ434959"",""3"":""Cercocebus_chrysogaster_KC757390"",""4"":""Cercopithecus_aethiops_AY863426"",""5"":""Chlorocebus_aethiops_C1_KU682691"",""6"":""Chlorocebus_aethiops_MN816163"",""7"":""Chlorocebus_cynosuros_C3_KU682693"",""8"":""Chlorocebus_cynosuros_KM262190"",""9"":""Chlorocebus_djamdjamensis_C5_KU682695"",""10"":""Cercopithecus_albogularis_KC757391"",""11"":""Cercopithecus_mitis_KJ434956"",""12"":""Cercopithecus_lhoesti_KJ434957"",""13"":""Cercopithecus_diana_KJ434958"",""14"":""Cercopithecus_neglectus_MW160353""}"
KNN-Impute,30,26,80,KNNimpute_completed_p30_rep26_seed80.csv,knn_impute_outputs/completed_matrices/KNNimpute_completed_p30_rep26_seed80.csv,True,,KNN-Impute_NJ_p30_rep26_seed80.treefile,0.3047619047619048,105,32,73,0,32,5,5,distance,nan_euclidean,0.0278032220215758,0.0215467447361447,0.9259165840479338,0.7415689149560116,0.0023323560017161,True,True,True,0,0,0.0,0.0,16.0,0.6666666666666666,4.0,12.0,12.0,0.3333333333333333,0.3333333333333333,0.3333333333333333,Cercocebus_atys_KT159932|Cercocebus_chrysogaster_KC757390;Cercopithecus_aethiops_AY863426|Chlorocebus_cynosuros_KM262190;Cercopithecus_lhoesti_KJ434957|Cercopithecus_neglectus_MW160353;Allenopithecus_nigroviridis_KJ434962|Cercopithecus_lhoesti_KJ434957|Cercopithecus_neglectus_MW160353;Cercopithecus_aethiops_AY863426|Chlorocebus_cynosuros_C3_KU682693|Chlorocebus_cynosuros_KM262190;Cercopithecus_aethiops_AY863426|Chlorocebus_aethiops_MN816163|Chlorocebus_cynosuros_C3_KU682693|Chlorocebus_cynosuros_KM262190;Cercocebus_atys_KT159932|Cercocebus_chrysogaster_KC757390|Cercocebus_torquatus_KJ434959|Cercopithecus_albogularis_KC757391|Cercopithecus_mitis_KJ434956;Cercopithecus_aethiops_AY863426|Cercopithecus_diana_KJ434958|Chlorocebus_aethiops_C1_KU682691|Chlorocebus_aethiops_MN816163|Chlorocebus_cynosuros_C3_KU682693|Chlorocebus_cynosuros_KM262190|Chlorocebus_djamdjamensis_C5_KU682695,Cercocebus_atys_KT159932|Cercocebus_torquatus_KJ434959;Cercopithecus_diana_KJ434958|Cercopithecus_neglectus_MW160353;Chlorocebus_aethiops_C1_KU682691|Chlorocebus_aethiops_MN816163;Chlorocebus_cynosuros_C3_KU682693|Chlorocebus_cynosuros_KM262190;Cercopithecus_aethiops_AY863426|Chlorocebus_aethiops_C1_KU682691|Chlorocebus_aethiops_MN816163;Cercopithecus_albogularis_KC757391|Cercopithecus_lhoesti_KJ434957|Cercopithecus_mitis_KJ434956;Allenopithecus_nigroviridis_KJ434962|Cercocebus_atys_KT159932|Cercocebus_chrysogaster_KC757390|Cercocebus_torquatus_KJ434959;Cercopithecus_albogularis_KC757391|Cercopithecus_diana_KJ434958|Cercopithecus_lhoesti_KJ434957|Cercopithecus_mitis_KJ434956|Cercopithecus_neglectus_MW160353,0.14277327181727795,0.1599700548047245,0.9250049822855627,0.8793904208998549,0.14292869682112277,0.1600986314801052,0.913043665957305,0.8383682355380467,15,"{""0"":""Allenopithecus_nigroviridis_KJ434962"",""1"":""Cercocebus_atys_KT159932"",""2"":""Cercocebus_torquatus_KJ434959"",""3"":""Cercocebus_chrysogaster_KC757390"",""4"":""Cercopithecus_aethiops_AY863426"",""5"":""Chlorocebus_aethiops_C1_KU682691"",""6"":""Chlorocebus_aethiops_MN816163"",""7"":""Chlorocebus_cynosuros_C3_KU682693"",""8"":""Chlorocebus_cynosuros_KM262190"",""9"":""Chlorocebus_djamdjamensis_C5_KU682695"",""10"":""Cercopithecus_albogularis_KC757391"",""11"":""Cercopithecus_mitis_KJ434956"",""12"":""Cercopithecus_lhoesti_KJ434957"",""13"":""Cercopithecus_diana_KJ434958"",""14"":""Cercopithecus_neglectus_MW160353""}"
KNN-Impute,30,27,81,KNNimpute_completed_p30_rep27_seed81.csv,knn_impute_outputs/completed_matrices/KNNimpute_completed_p30_rep27_seed81.csv,True,,KNN-Impute_NJ_p30_rep27_seed81.treefile,0.3047619047619048,105,32,73,0,32,5,5,distance,nan_euclidean,0.0358386485528447,0.0303043845770474,0.7716156358702779,0.5546187683284457,0.0023457729985238,True,True,True,0,0,0.0,0.0,10.0,0.4166666666666667,7.0,12.0,12.0,0.5833333333333334,0.5833333333333334,0.5833333333333334,Allenopithecus_nigroviridis_KJ434962|Cercopithecus_lhoesti_KJ434957;Cercocebus_chrysogaster_KC757390|Cercocebus_torquatus_KJ434959;Allenopithecus_nigroviridis_KJ434962|Cercopithecus_albogularis_KC757391|Cercopithecus_lhoesti_KJ434957|Cercopithecus_mitis_KJ434956;Cercocebus_atys_KT159932|Cercocebus_chrysogaster_KC757390|Cercocebus_torquatus_KJ434959|Cercopithecus_diana_KJ434958;Allenopithecus_nigroviridis_KJ434962|Cercopithecus_albogularis_KC757391|Cercopithecus_lhoesti_KJ434957|Cercopithecus_mitis_KJ434956|Cercopithecus_neglectus_MW160353,Cercocebus_atys_KT159932|Cercocebus_torquatus_KJ434959;Cercopithecus_diana_KJ434958|Cercopithecus_neglectus_MW160353;Cercopithecus_albogularis_KC757391|Cercopithecus_lhoesti_KJ434957|Cercopithecus_mitis_KJ434956;Allenopithecus_nigroviridis_KJ434962|Cercocebus_atys_KT159932|Cercocebus_chrysogaster_KC757390|Cercocebus_torquatus_KJ434959;Cercopithecus_albogularis_KC757391|Cercopithecus_diana_KJ434958|Cercopithecus_lhoesti_KJ434957|Cercopithecus_mitis_KJ434956|Cercopithecus_neglectus_MW160353,0.14584135867893272,0.1648092148725526,0.9037744084413891,0.8235123367198839,0.14552043952644692,0.16478842724300394,0.8589700560663881,0.753877254820651,15,"{""0"":""Allenopithecus_nigroviridis_KJ434962"",""1"":""Cercocebus_atys_KT159932"",""2"":""Cercocebus_torquatus_KJ434959"",""3"":""Cercocebus_chrysogaster_KC757390"",""4"":""Cercopithecus_aethiops_AY863426"",""5"":""Chlorocebus_aethiops_C1_KU682691"",""6"":""Chlorocebus_aethiops_MN816163"",""7"":""Chlorocebus_cynosuros_C3_KU682693"",""8"":""Chlorocebus_cynosuros_KM262190"",""9"":""Chlorocebus_djamdjamensis_C5_KU682695"",""10"":""Cercopithecus_albogularis_KC757391"",""11"":""Cercopithecus_mitis_KJ434956"",""12"":""Cercopithecus_lhoesti_KJ434957"",""13"":""Cercopithecus_diana_KJ434958"",""14"":""Cercopithecus_neglectus_MW160353""}"
KNN-Impute,30,28,82,KNNimpute_completed_p30_rep28_seed82.csv,knn_impute_outputs/completed_matrices/KNNimpute_completed_p30_rep28_seed82.csv,True,,KNN-Impute_NJ_p30_rep28_seed82.treefile,0.3047619047619048,105,32,73,0,32,5,5,distance,nan_euclidean,0.0302064310690166,0.0238829506402497,0.8801496023249256,0.8042521994134896,0.0024571269896114,True,True,True,0,0,0.0,0.0,8.0,0.3333333333333333,8.0,12.0,12.0,0.6666666666666666,0.6666666666666666,0.6666666666666666,Allenopithecus_nigroviridis_KJ434962|Cercopithecus_diana_KJ434958;Allenopithecus_nigroviridis_KJ434962|Cercopithecus_albogularis_KC757391|Cercopithecus_diana_KJ434958|Cercopithecus_mitis_KJ434956;Cercocebus_atys_KT159932|Cercocebus_chrysogaster_KC757390|Cercocebus_torquatus_KJ434959|Cercopithecus_neglectus_MW160353;Cercocebus_atys_KT159932|Cercocebus_chrysogaster_KC757390|Cercocebus_torquatus_KJ434959|Cercopithecus_lhoesti_KJ434957|Cercopithecus_neglectus_MW160353,Cercopithecus_diana_KJ434958|Cercopithecus_neglectus_MW160353;Cercopithecus_albogularis_KC757391|Cercopithecus_lhoesti_KJ434957|Cercopithecus_mitis_KJ434956;Allenopithecus_nigroviridis_KJ434962|Cercocebus_atys_KT159932|Cercocebus_chrysogaster_KC757390|Cercocebus_torquatus_KJ434959;Cercopithecus_albogularis_KC757391|Cercopithecus_diana_KJ434958|Cercopithecus_lhoesti_KJ434957|Cercopithecus_mitis_KJ434956|Cercopithecus_neglectus_MW160353,0.14338515266405388,0.16023481046456886,0.9455914430946513,0.915353514410118,0.14368617108821427,0.1608950993741825,0.9153153549031317,0.8367095168981962,15,"{""0"":""Allenopithecus_nigroviridis_KJ434962"",""1"":""Cercocebus_atys_KT159932"",""2"":""Cercocebus_torquatus_KJ434959"",""3"":""Cercocebus_chrysogaster_KC757390"",""4"":""Cercopithecus_aethiops_AY863426"",""5"":""Chlorocebus_aethiops_C1_KU682691"",""6"":""Chlorocebus_aethiops_MN816163"",""7"":""Chlorocebus_cynosuros_C3_KU682693"",""8"":""Chlorocebus_cynosuros_KM262190"",""9"":""Chlorocebus_djamdjamensis_C5_KU682695"",""10"":""Cercopithecus_albogularis_KC757391"",""11"":""Cercopithecus_mitis_KJ434956"",""12"":""Cercopithecus_lhoesti_KJ434957"",""13"":""Cercopithecus_diana_KJ434958"",""14"":""Cercopithecus_neglectus_MW160353""}"
KNN-Impute,30,29,83,KNNimpute_completed_p30_rep29_seed83.csv,knn_impute_outputs/completed_matrices/KNNimpute_completed_p30_rep29_seed83.csv,True,,KNN-Impute_NJ_p30_rep29_seed83.treefile,0.3047619047619048,105,32,73,0,32,5,5,distance,nan_euclidean,0.0296034565687957,0.0245870324945408,0.9005740664029269,0.782991202346041,0.0021566859941231,True,True,True,0,0,0.0,0.0,8.0,0.3333333333333333,8.0,12.0,12.0,0.6666666666666666,0.6666666666666666,0.6666666666666666,Cercocebus_chrysogaster_KC757390|Cercocebus_torquatus_KJ434959;Cercopithecus_aethiops_AY863426|Chlorocebus_aethiops_C1_KU682691|Chlorocebus_aethiops_MN816163|Chlorocebus_cynosuros_C3_KU682693;Cercopithecus_albogularis_KC757391|Cercopithecus_diana_KJ434958|Cercopithecus_lhoesti_KJ434957|Cercopithecus_mitis_KJ434956;Cercopithecus_aethiops_AY863426|Cercopithecus_neglectus_MW160353|Chlorocebus_aethiops_C1_KU682691|Chlorocebus_aethiops_MN816163|Chlorocebus_cynosuros_C3_KU682693|Chlorocebus_cynosuros_KM262190|Chlorocebus_djamdjamensis_C5_KU682695,Cercocebus_atys_KT159932|Cercocebus_torquatus_KJ434959;Cercopithecus_diana_KJ434958|Cercopithecus_neglectus_MW160353;Chlorocebus_cynosuros_C3_KU682693|Chlorocebus_cynosuros_KM262190;Cercopithecus_albogularis_KC757391|Cercopithecus_diana_KJ434958|Cercopithecus_lhoesti_KJ434957|Cercopithecus_mitis_KJ434956|Cercopithecus_neglectus_MW160353,0.14359798479814515,0.16025730887298872,0.9636815608351448,0.9396433754924322,0.14383295276339506,0.16114374950427504,0.921382634879261,0.870277835372175,15,"{""0"":""Allenopithecus_nigroviridis_KJ434962"",""1"":""Cercocebus_atys_KT159932"",""2"":""Cercocebus_torquatus_KJ434959"",""3"":""Cercocebus_chrysogaster_KC757390"",""4"":""Cercopithecus_aethiops_AY863426"",""5"":""Chlorocebus_aethiops_C1_KU682691"",""6"":""Chlorocebus_aethiops_MN816163"",""7"":""Chlorocebus_cynosuros_C3_KU682693"",""8"":""Chlorocebus_cynosuros_KM262190"",""9"":""Chlorocebus_djamdjamensis_C5_KU682695"",""10"":""Cercopithecus_albogularis_KC757391"",""11"":""Cercopithecus_mitis_KJ434956"",""12"":""Cercopithecus_lhoesti_KJ434957"",""13"":""Cercopithecus_diana_KJ434958"",""14"":""Cercopithecus_neglectus_MW160353""}"
KNN-Impute,30,30,84,KNNimpute_completed_p30_rep30_seed84.csv,knn_impute_outputs/completed_matrices/KNNimpute_completed_p30_rep30_seed84.csv,True,,KNN-Impute_NJ_p30_rep30_seed84.treefile,0.3047619047619048,105,32,73,0,32,5,5,distance,nan_euclidean,0.0332305781248391,0.0253522546471312,0.8083844275168682,0.6928152492668621,0.0021974139963276,True,True,True,0,0,0.0,0.0,8.0,0.3333333333333333,8.0,12.0,12.0,0.6666666666666666,0.6666666666666666,0.6666666666666666,Cercopithecus_albogularis_KC757391|Cercopithecus_neglectus_MW160353;Cercopithecus_diana_KJ434958|Cercopithecus_lhoesti_KJ434957;Cercopithecus_albogularis_KC757391|Cercopithecus_mitis_KJ434956|Cercopithecus_neglectus_MW160353;Chlorocebus_aethiops_C1_KU682691|Chlorocebus_aethiops_MN816163|Chlorocebus_cynosuros_C3_KU682693|Chlorocebus_cynosuros_KM262190,Cercopithecus_albogularis_KC757391|Cercopithecus_mitis_KJ434956;Cercopithecus_diana_KJ434958|Cercopithecus_neglectus_MW160353;Cercopithecus_aethiops_AY863426|Chlorocebus_aethiops_C1_KU682691|Chlorocebus_aethiops_MN816163;Cercopithecus_albogularis_KC757391|Cercopithecus_lhoesti_KJ434957|Cercopithecus_mitis_KJ434956,0.1446053121214786,0.1618614873290081,0.9285824209771695,0.9299191374663072,0.1441339589760257,0.16159842786505385,0.9069985825203852,0.873854447439353,15,"{""0"":""Allenopithecus_nigroviridis_KJ434962"",""1"":""Cercocebus_atys_KT159932"",""2"":""Cercocebus_torquatus_KJ434959"",""3"":""Cercocebus_chrysogaster_KC757390"",""4"":""Cercopithecus_aethiops_AY863426"",""5"":""Chlorocebus_aethiops_C1_KU682691"",""6"":""Chlorocebus_aethiops_MN816163"",""7"":""Chlorocebus_cynosuros_C3_KU682693"",""8"":""Chlorocebus_cynosuros_KM262190"",""9"":""Chlorocebus_djamdjamensis_C5_KU682695"",""10"":""Cercopithecus_albogularis_KC757391"",""11"":""Cercopithecus_mitis_KJ434956"",""12"":""Cercopithecus_lhoesti_KJ434957"",""13"":""Cercopithecus_diana_KJ434958"",""14"":""Cercopithecus_neglectus_MW160353""}"
KNN-Impute,50,1,55,KNNimpute_completed_p50_rep01_seed55.csv,knn_impute_outputs/completed_matrices/KNNimpute_completed_p50_rep01_seed55.csv,True,,KNN-Impute_NJ_p50_rep01_seed55.treefile,0.4952380952380952,105,52,53,0,52,5,5,distance,nan_euclidean,0.0378034399565852,0.029264570298004,0.7742496947906723,0.6189703747972338,0.0022348740021698,True,True,True,0,0,0.0,0.0,16.0,0.6666666666666666,4.0,12.0,12.0,0.3333333333333333,0.3333333333333333,0.3333333333333333,Allenopithecus_nigroviridis_KJ434962|Cercopithecus_neglectus_MW160353;Cercocebus_chrysogaster_KC757390|Cercocebus_torquatus_KJ434959;Cercopithecus_diana_KJ434958|Cercopithecus_mitis_KJ434956;Cercopithecus_albogularis_KC757391|Cercopithecus_diana_KJ434958|Cercopithecus_mitis_KJ434956;Chlorocebus_aethiops_C1_KU682691|Chlorocebus_aethiops_MN816163|Chlorocebus_djamdjamensis_C5_KU682695;Allenopithecus_nigroviridis_KJ434962|Cercocebus_atys_KT159932|Cercocebus_chrysogaster_KC757390|Cercocebus_torquatus_KJ434959|Cercopithecus_neglectus_MW160353;Chlorocebus_aethiops_C1_KU682691|Chlorocebus_aethiops_MN816163|Chlorocebus_cynosuros_C3_KU682693|Chlorocebus_cynosuros_KM262190|Chlorocebus_djamdjamensis_C5_KU682695;Cercopithecus_aethiops_AY863426|Cercopithecus_lhoesti_KJ434957|Chlorocebus_aethiops_C1_KU682691|Chlorocebus_aethiops_MN816163|Chlorocebus_cynosuros_C3_KU682693|Chlorocebus_cynosuros_KM262190|Chlorocebus_djamdjamensis_C5_KU682695,Cercocebus_atys_KT159932|Cercocebus_torquatus_KJ434959;Cercopithecus_albogularis_KC757391|Cercopithecus_mitis_KJ434956;Cercopithecus_diana_KJ434958|Cercopithecus_neglectus_MW160353;Cercopithecus_aethiops_AY863426|Chlorocebus_aethiops_C1_KU682691|Chlorocebus_aethiops_MN816163;Cercopithecus_albogularis_KC757391|Cercopithecus_lhoesti_KJ434957|Cercopithecus_mitis_KJ434956;Allenopithecus_nigroviridis_KJ434962|Cercocebus_atys_KT159932|Cercocebus_chrysogaster_KC757390|Cercocebus_torquatus_KJ434959;Cercopithecus_aethiops_AY863426|Chlorocebus_aethiops_C1_KU682691|Chlorocebus_aethiops_MN816163|Chlorocebus_cynosuros_C3_KU682693|Chlorocebus_cynosuros_KM262190;Cercopithecus_albogularis_KC757391|Cercopithecus_diana_KJ434958|Cercopithecus_lhoesti_KJ434957|Cercopithecus_mitis_KJ434956|Cercopithecus_neglectus_MW160353,0.1500275919596678,0.16854396785547895,0.8673647883081005,0.7677793904208998,0.15020722474356,0.16820608063555592,0.8158250733660324,0.7160999377980509,15,"{""0"":""Allenopithecus_nigroviridis_KJ434962"",""1"":""Cercocebus_atys_KT159932"",""2"":""Cercocebus_torquatus_KJ434959"",""3"":""Cercocebus_chrysogaster_KC757390"",""4"":""Cercopithecus_aethiops_AY863426"",""5"":""Chlorocebus_aethiops_C1_KU682691"",""6"":""Chlorocebus_aethiops_MN816163"",""7"":""Chlorocebus_cynosuros_C3_KU682693"",""8"":""Chlorocebus_cynosuros_KM262190"",""9"":""Chlorocebus_djamdjamensis_C5_KU682695"",""10"":""Cercopithecus_albogularis_KC757391"",""11"":""Cercopithecus_mitis_KJ434956"",""12"":""Cercopithecus_lhoesti_KJ434957"",""13"":""Cercopithecus_diana_KJ434958"",""14"":""Cercopithecus_neglectus_MW160353""}"
KNN-Impute,50,2,56,KNNimpute_completed_p50_rep02_seed56.csv,knn_impute_outputs/completed_matrices/KNNimpute_completed_p50_rep02_seed56.csv,True,,KNN-Impute_NJ_p50_rep02_seed56.treefile,0.4952380952380952,105,52,53,0,52,5,5,distance,nan_euclidean,0.0341230247150283,0.0265135058760438,0.8630130499474211,0.8058567403739434,0.0035934710031142,True,True,True,0,0,0.0,0.0,10.0,0.4166666666666667,7.0,12.0,12.0,0.5833333333333334,0.5833333333333334,0.5833333333333334,Cercopithecus_lhoesti_KJ434957|Cercopithecus_mitis_KJ434956;Chlorocebus_aethiops_C1_KU682691|Chlorocebus_cynosuros_KM262190;Chlorocebus_aethiops_C1_KU682691|Chlorocebus_aethiops_MN816163|Chlorocebus_cynosuros_KM262190;Chlorocebus_aethiops_C1_KU682691|Chlorocebus_aethiops_MN816163|Chlorocebus_cynosuros_C3_KU682693|Chlorocebus_cynosuros_KM262190;Allenopithecus_nigroviridis_KJ434962|Cercocebus_atys_KT159932|Cercocebus_chrysogaster_KC757390|Cercocebus_torquatus_KJ434959|Cercopithecus_diana_KJ434958|Cercopithecus_neglectus_MW160353,Cercopithecus_albogularis_KC757391|Cercopithecus_mitis_KJ434956;Chlorocebus_aethiops_C1_KU682691|Chlorocebus_aethiops_MN816163;Chlorocebus_cynosuros_C3_KU682693|Chlorocebus_cynosuros_KM262190;Cercopithecus_aethiops_AY863426|Chlorocebus_aethiops_C1_KU682691|Chlorocebus_aethiops_MN816163;Cercopithecus_albogularis_KC757391|Cercopithecus_diana_KJ434958|Cercopithecus_lhoesti_KJ434957|Cercopithecus_mitis_KJ434956|Cercopithecus_neglectus_MW160353,0.14967974648492788,0.16604767116053995,0.91562146261191,0.8536491810076716,0.14944239812420054,0.1661383039859612,0.8753024727597178,0.7726207754509642,15,"{""0"":""Allenopithecus_nigroviridis_KJ434962"",""1"":""Cercocebus_atys_KT159932"",""2"":""Cercocebus_torquatus_KJ434959"",""3"":""Cercocebus_chrysogaster_KC757390"",""4"":""Cercopithecus_aethiops_AY863426"",""5"":""Chlorocebus_aethiops_C1_KU682691"",""6"":""Chlorocebus_aethiops_MN816163"",""7"":""Chlorocebus_cynosuros_C3_KU682693"",""8"":""Chlorocebus_cynosuros_KM262190"",""9"":""Chlorocebus_djamdjamensis_C5_KU682695"",""10"":""Cercopithecus_albogularis_KC757391"",""11"":""Cercopithecus_mitis_KJ434956"",""12"":""Cercopithecus_lhoesti_KJ434957"",""13"":""Cercopithecus_diana_KJ434958"",""14"":""Cercopithecus_neglectus_MW160353""}"
KNN-Impute,50,3,57,KNNimpute_completed_p50_rep03_seed57.csv,knn_impute_outputs/completed_matrices/KNNimpute_completed_p50_rep03_seed57.csv,True,,KNN-Impute_NJ_p50_rep03_seed57.treefile,0.4952380952380952,105,52,53,0,52,5,5,distance,nan_euclidean,0.0459145579302785,0.0353722878784348,0.6946737294996774,0.5891744215828567,0.0022295329981716,True,True,True,0,0,0.0,0.0,6.0,0.25,9.0,12.0,12.0,0.75,0.75,0.75,Cercopithecus_albogularis_KC757391|Cercopithecus_diana_KJ434958|Cercopithecus_neglectus_MW160353;Cercopithecus_albogularis_KC757391|Cercopithecus_diana_KJ434958|Cercopithecus_mitis_KJ434956|Cercopithecus_neglectus_MW160353;Allenopithecus_nigroviridis_KJ434962|Cercopithecus_aethiops_AY863426|Chlorocebus_aethiops_C1_KU682691|Chlorocebus_aethiops_MN816163|Chlorocebus_cynosuros_C3_KU682693|Chlorocebus_cynosuros_KM262190|Chlorocebus_djamdjamensis_C5_KU682695,Cercopithecus_albogularis_KC757391|Cercopithecus_mitis_KJ434956;Cercopithecus_albogularis_KC757391|Cercopithecus_lhoesti_KJ434957|Cercopithecus_mitis_KJ434956;Allenopithecus_nigroviridis_KJ434962|Cercocebus_atys_KT159932|Cercocebus_chrysogaster_KC757390|Cercocebus_torquatus_KJ434959,0.15343667212680615,0.17191457366181892,0.8337405322348842,0.8150632386481443,0.15363101926316838,0.17299383345540076,0.7728151201011961,0.7240099523118391,15,"{""0"":""Allenopithecus_nigroviridis_KJ434962"",""1"":""Cercocebus_atys_KT159932"",""2"":""Cercocebus_torquatus_KJ434959"",""3"":""Cercocebus_chrysogaster_KC757390"",""4"":""Cercopithecus_aethiops_AY863426"",""5"":""Chlorocebus_aethiops_C1_KU682691"",""6"":""Chlorocebus_aethiops_MN816163"",""7"":""Chlorocebus_cynosuros_C3_KU682693"",""8"":""Chlorocebus_cynosuros_KM262190"",""9"":""Chlorocebus_djamdjamensis_C5_KU682695"",""10"":""Cercopithecus_albogularis_KC757391"",""11"":""Cercopithecus_mitis_KJ434956"",""12"":""Cercopithecus_lhoesti_KJ434957"",""13"":""Cercopithecus_diana_KJ434958"",""14"":""Cercopithecus_neglectus_MW160353""}"
KNN-Impute,50,4,58,KNNimpute_completed_p50_rep04_seed58.csv,knn_impute_outputs/completed_matrices/KNNimpute_completed_p50_rep04_seed58.csv,True,,KNN-Impute_NJ_p50_rep04_seed58.treefile,0.4952380952380952,105,52,53,0,52,5,5,distance,nan_euclidean,0.0322921571254156,0.0255287026254623,0.8594365926095732,0.792794331085119,0.0029805859958287,True,True,True,0,0,0.0,0.0,14.0,0.5833333333333334,5.0,12.0,12.0,0.4166666666666667,0.4166666666666667,0.4166666666666667,Cercocebus_atys_KT159932|Cercocebus_chrysogaster_KC757390;Chlorocebus_aethiops_C1_KU682691|Chlorocebus_cynosuros_C3_KU682693;Allenopithecus_nigroviridis_KJ434962|Cercopithecus_albogularis_KC757391|Cercopithecus_mitis_KJ434956;Cercopithecus_diana_KJ434958|Cercopithecus_lhoesti_KJ434957|Cercopithecus_neglectus_MW160353;Chlorocebus_aethiops_C1_KU682691|Chlorocebus_cynosuros_C3_KU682693|Chlorocebus_cynosuros_KM262190;Cercopithecus_aethiops_AY863426|Chlorocebus_aethiops_C1_KU682691|Chlorocebus_cynosuros_C3_KU682693|Chlorocebus_cynosuros_KM262190;Cercocebus_atys_KT159932|Cercocebus_chrysogaster_KC757390|Cercocebus_torquatus_KJ434959|Cercopithecus_diana_KJ434958|Cercopithecus_lhoesti_KJ434957|Cercopithecus_neglectus_MW160353,Cercocebus_atys_KT159932|Cercocebus_torquatus_KJ434959;Chlorocebus_aethiops_C1_KU682691|Chlorocebus_aethiops_MN816163;Chlorocebus_cynosuros_C3_KU682693|Chlorocebus_cynosuros_KM262190;Cercopithecus_aethiops_AY863426|Chlorocebus_aethiops_C1_KU682691|Chlorocebus_aethiops_MN816163;Cercopithecus_albogularis_KC757391|Cercopithecus_lhoesti_KJ434957|Cercopithecus_mitis_KJ434956;Allenopithecus_nigroviridis_KJ434962|Cercocebus_atys_KT159932|Cercocebus_chrysogaster_KC757390|Cercocebus_torquatus_KJ434959;Cercopithecus_albogularis_KC757391|Cercopithecus_diana_KJ434958|Cercopithecus_lhoesti_KJ434957|Cercopithecus_mitis_KJ434956|Cercopithecus_neglectus_MW160353,0.1488713672181351,0.16563468373374546,0.9147350849410437,0.8614347916234708,0.14879641828225,0.165918578354407,0.8862383289247372,0.8206925150321376,15,"{""0"":""Allenopithecus_nigroviridis_KJ434962"",""1"":""Cercocebus_atys_KT159932"",""2"":""Cercocebus_torquatus_KJ434959"",""3"":""Cercocebus_chrysogaster_KC757390"",""4"":""Cercopithecus_aethiops_AY863426"",""5"":""Chlorocebus_aethiops_C1_KU682691"",""6"":""Chlorocebus_aethiops_MN816163"",""7"":""Chlorocebus_cynosuros_C3_KU682693"",""8"":""Chlorocebus_cynosuros_KM262190"",""9"":""Chlorocebus_djamdjamensis_C5_KU682695"",""10"":""Cercopithecus_albogularis_KC757391"",""11"":""Cercopithecus_mitis_KJ434956"",""12"":""Cercopithecus_lhoesti_KJ434957"",""13"":""Cercopithecus_diana_KJ434958"",""14"":""Cercopithecus_neglectus_MW160353""}"
KNN-Impute,50,5,59,KNNimpute_completed_p50_rep05_seed59.csv,knn_impute_outputs/completed_matrices/KNNimpute_completed_p50_rep05_seed59.csv,True,,KNN-Impute_NJ_p50_rep05_seed59.treefile,0.4952380952380952,105,52,53,0,52,5,5,distance,nan_euclidean,0.040647015250169,0.0312803556115358,0.74497128965007,0.5569879620934005,0.0029668009956367,True,True,True,0,0,0.0,0.0,10.0,0.4166666666666667,7.0,12.0,12.0,0.5833333333333334,0.5833333333333334,0.5833333333333334,Allenopithecus_nigroviridis_KJ434962|Cercopithecus_mitis_KJ434956;Cercocebus_chrysogaster_KC757390|Cercocebus_torquatus_KJ434959;Allenopithecus_nigroviridis_KJ434962|Cercopithecus_albogularis_KC757391|Cercopithecus_mitis_KJ434956;Cercopithecus_diana_KJ434958|Cercopithecus_lhoesti_KJ434957|Cercopithecus_neglectus_MW160353;Allenopithecus_nigroviridis_KJ434962|Cercocebus_atys_KT159932|Cercocebus_chrysogaster_KC757390|Cercocebus_torquatus_KJ434959|Cercopithecus_albogularis_KC757391|Cercopithecus_mitis_KJ434956,Cercocebus_atys_KT159932|Cercocebus_torquatus_KJ434959;Cercopithecus_albogularis_KC757391|Cercopithecus_mitis_KJ434956;Cercopithecus_albogularis_KC757391|Cercopithecus_lhoesti_KJ434957|Cercopithecus_mitis_KJ434956;Allenopithecus_nigroviridis_KJ434962|Cercocebus_atys_KT159932|Cercocebus_chrysogaster_KC757390|Cercocebus_torquatus_KJ434959;Cercopithecus_albogularis_KC757391|Cercopithecus_diana_KJ434958|Cercopithecus_lhoesti_KJ434957|Cercopithecus_mitis_KJ434956|Cercopithecus_neglectus_MW160353,0.1522094768400879,0.17093025384956223,0.8478644182804628,0.7794007878913539,0.15184786384152463,0.1708580633216171,0.8085156410551991,0.7294526228488493,15,"{""0"":""Allenopithecus_nigroviridis_KJ434962"",""1"":""Cercocebus_atys_KT159932"",""2"":""Cercocebus_torquatus_KJ434959"",""3"":""Cercocebus_chrysogaster_KC757390"",""4"":""Cercopithecus_aethiops_AY863426"",""5"":""Chlorocebus_aethiops_C1_KU682691"",""6"":""Chlorocebus_aethiops_MN816163"",""7"":""Chlorocebus_cynosuros_C3_KU682693"",""8"":""Chlorocebus_cynosuros_KM262190"",""9"":""Chlorocebus_djamdjamensis_C5_KU682695"",""10"":""Cercopithecus_albogularis_KC757391"",""11"":""Cercopithecus_mitis_KJ434956"",""12"":""Cercopithecus_lhoesti_KJ434957"",""13"":""Cercopithecus_diana_KJ434958"",""14"":""Cercopithecus_neglectus_MW160353""}"
KNN-Impute,50,6,60,KNNimpute_completed_p50_rep06_seed60.csv,knn_impute_outputs/completed_matrices/KNNimpute_completed_p50_rep06_seed60.csv,True,,KNN-Impute_NJ_p50_rep06_seed60.treefile,0.4952380952380952,105,52,53,0,52,5,5,distance,nan_euclidean,0.0371726211101157,0.0318176966257822,0.7531683146914265,0.6955519508238709,0.0022670839971397,True,True,True,0,0,0.0,0.0,14.0,0.5833333333333334,5.0,12.0,12.0,0.4166666666666667,0.4166666666666667,0.4166666666666667,Allenopithecus_nigroviridis_KJ434962|Cercopithecus_lhoesti_KJ434957;Cercopithecus_diana_KJ434958|Chlorocebus_djamdjamensis_C5_KU682695;Chlorocebus_aethiops_C1_KU682691|Chlorocebus_aethiops_MN816163|Chlorocebus_cynosuros_C3_KU682693;Cercocebus_atys_KT159932|Cercocebus_chrysogaster_KC757390|Cercocebus_torquatus_KJ434959|Cercopithecus_neglectus_MW160353;Cercopithecus_aethiops_AY863426|Chlorocebus_aethiops_C1_KU682691|Chlorocebus_aethiops_MN816163|Chlorocebus_cynosuros_C3_KU682693;Cercocebus_atys_KT159932|Cercocebus_chrysogaster_KC757390|Cercocebus_torquatus_KJ434959|Cercopithecus_albogularis_KC757391|Cercopithecus_mitis_KJ434956|Cercopithecus_neglectus_MW160353;Cercopithecus_aethiops_AY863426|Cercopithecus_diana_KJ434958|Chlorocebus_aethiops_C1_KU682691|Chlorocebus_aethiops_MN816163|Chlorocebus_cynosuros_C3_KU682693|Chlorocebus_cynosuros_KM262190|Chlorocebus_djamdjamensis_C5_KU682695,Cercopithecus_diana_KJ434958|Cercopithecus_neglectus_MW160353;Chlorocebus_cynosuros_C3_KU682693|Chlorocebus_cynosuros_KM262190;Cercopithecus_aethiops_AY863426|Chlorocebus_aethiops_C1_KU682691|Chlorocebus_aethiops_MN816163;Cercopithecus_albogularis_KC757391|Cercopithecus_lhoesti_KJ434957|Cercopithecus_mitis_KJ434956;Allenopithecus_nigroviridis_KJ434962|Cercocebus_atys_KT159932|Cercocebus_chrysogaster_KC757390|Cercocebus_torquatus_KJ434959;Cercopithecus_albogularis_KC757391|Cercopithecus_diana_KJ434958|Cercopithecus_lhoesti_KJ434957|Cercopithecus_mitis_KJ434956|Cercopithecus_neglectus_MW160353;Cercopithecus_aethiops_AY863426|Chlorocebus_aethiops_C1_KU682691|Chlorocebus_aethiops_MN816163|Chlorocebus_cynosuros_C3_KU682693|Chlorocebus_cynosuros_KM262190|Chlorocebus_djamdjamensis_C5_KU682695,0.15111280848630165,0.17045814775175264,0.868686336978447,0.7606261662865437,0.15134582941025532,0.17105530958969076,0.8146636519484447,0.6790275761973874,15,"{""0"":""Allenopithecus_nigroviridis_KJ434962"",""1"":""Cercocebus_atys_KT159932"",""2"":""Cercocebus_torquatus_KJ434959"",""3"":""Cercocebus_chrysogaster_KC757390"",""4"":""Cercopithecus_aethiops_AY863426"",""5"":""Chlorocebus_aethiops_C1_KU682691"",""6"":""Chlorocebus_aethiops_MN816163"",""7"":""Chlorocebus_cynosuros_C3_KU682693"",""8"":""Chlorocebus_cynosuros_KM262190"",""9"":""Chlorocebus_djamdjamensis_C5_KU682695"",""10"":""Cercopithecus_albogularis_KC757391"",""11"":""Cercopithecus_mitis_KJ434956"",""12"":""Cercopithecus_lhoesti_KJ434957"",""13"":""Cercopithecus_diana_KJ434958"",""14"":""Cercopithecus_neglectus_MW160353""}"
KNN-Impute,50,7,61,KNNimpute_completed_p50_rep07_seed61.csv,knn_impute_outputs/completed_matrices/KNNimpute_completed_p50_rep07_seed61.csv,True,,KNN-Impute_NJ_p50_rep07_seed61.treefile,0.4952380952380952,105,52,53,0,52,5,5,distance,nan_euclidean,0.0377417943334133,0.0292710604749926,0.7312784131721813,0.5841372833603687,0.0021696179901482,True,True,True,0,0,0.0,0.0,14.0,0.5833333333333334,5.0,12.0,12.0,0.4166666666666667,0.4166666666666667,0.4166666666666667,Allenopithecus_nigroviridis_KJ434962|Cercocebus_torquatus_KJ434959;Cercocebus_atys_KT159932|Cercocebus_chrysogaster_KC757390;Cercopithecus_albogularis_KC757391|Cercopithecus_diana_KJ434958;Cercopithecus_mitis_KJ434956|Cercopithecus_neglectus_MW160353;Cercopithecus_albogularis_KC757391|Cercopithecus_diana_KJ434958|Cercopithecus_lhoesti_KJ434957;Cercopithecus_aethiops_AY863426|Chlorocebus_aethiops_C1_KU682691|Chlorocebus_aethiops_MN816163|Chlorocebus_cynosuros_KM262190;Allenopithecus_nigroviridis_KJ434962|Cercocebus_atys_KT159932|Cercocebus_chrysogaster_KC757390|Cercocebus_torquatus_KJ434959|Cercopithecus_mitis_KJ434956|Cercopithecus_neglectus_MW160353,Cercocebus_atys_KT159932|Cercocebus_torquatus_KJ434959;Cercopithecus_albogularis_KC757391|Cercopithecus_mitis_KJ434956;Cercopithecus_diana_KJ434958|Cercopithecus_neglectus_MW160353;Chlorocebus_cynosuros_C3_KU682693|Chlorocebus_cynosuros_KM262190;Cercocebus_atys_KT159932|Cercocebus_chrysogaster_KC757390|Cercocebus_torquatus_KJ434959;Cercopithecus_albogularis_KC757391|Cercopithecus_lhoesti_KJ434957|Cercopithecus_mitis_KJ434956;Cercopithecus_albogularis_KC757391|Cercopithecus_diana_KJ434958|Cercopithecus_lhoesti_KJ434957|Cercopithecus_mitis_KJ434956|Cercopithecus_neglectus_MW160353,0.15026847097179424,0.16850426980445868,0.8545504600533036,0.8380157578270786,0.15059464559017077,0.16880191461535152,0.8156757769037566,0.79955421936554,15,"{""0"":""Allenopithecus_nigroviridis_KJ434962"",""1"":""Cercocebus_atys_KT159932"",""2"":""Cercocebus_torquatus_KJ434959"",""3"":""Cercocebus_chrysogaster_KC757390"",""4"":""Cercopithecus_aethiops_AY863426"",""5"":""Chlorocebus_aethiops_C1_KU682691"",""6"":""Chlorocebus_aethiops_MN816163"",""7"":""Chlorocebus_cynosuros_C3_KU682693"",""8"":""Chlorocebus_cynosuros_KM262190"",""9"":""Chlorocebus_djamdjamensis_C5_KU682695"",""10"":""Cercopithecus_albogularis_KC757391"",""11"":""Cercopithecus_mitis_KJ434956"",""12"":""Cercopithecus_lhoesti_KJ434957"",""13"":""Cercopithecus_diana_KJ434958"",""14"":""Cercopithecus_neglectus_MW160353""}"
KNN-Impute,50,8,62,KNNimpute_completed_p50_rep08_seed62.csv,knn_impute_outputs/completed_matrices/KNNimpute_completed_p50_rep08_seed62.csv,True,,KNN-Impute_NJ_p50_rep08_seed62.treefile,0.4952380952380952,105,52,53,0,52,5,5,distance,nan_euclidean,0.0358771469702992,0.0301762544792465,0.7889695813227887,0.839494578673269,0.0021775569912279,True,True,True,0,0,0.0,0.0,18.0,0.75,3.0,12.0,12.0,0.25,0.25,0.25,Cercocebus_atys_KT159932|Cercocebus_chrysogaster_KC757390;Cercopithecus_aethiops_AY863426|Chlorocebus_cynosuros_KM262190;Cercopithecus_albogularis_KC757391|Cercopithecus_lhoesti_KJ434957;Cercopithecus_mitis_KJ434956|Chlorocebus_djamdjamensis_C5_KU682695;Chlorocebus_aethiops_C1_KU682691|Chlorocebus_cynosuros_C3_KU682693;Allenopithecus_nigroviridis_KJ434962|Cercopithecus_diana_KJ434958|Cercopithecus_neglectus_MW160353;Chlorocebus_aethiops_C1_KU682691|Chlorocebus_aethiops_MN816163|Chlorocebus_cynosuros_C3_KU682693;Allenopithecus_nigroviridis_KJ434962|Cercocebus_atys_KT159932|Cercocebus_chrysogaster_KC757390|Cercocebus_torquatus_KJ434959|Cercopithecus_diana_KJ434958|Cercopithecus_neglectus_MW160353;Cercopithecus_aethiops_AY863426|Cercopithecus_mitis_KJ434956|Chlorocebus_aethiops_C1_KU682691|Chlorocebus_aethiops_MN816163|Chlorocebus_cynosuros_C3_KU682693|Chlorocebus_cynosuros_KM262190|Chlorocebus_djamdjamensis_C5_KU682695,Cercocebus_atys_KT159932|Cercocebus_torquatus_KJ434959;Cercopithecus_albogularis_KC757391|Cercopithecus_mitis_KJ434956;Chlorocebus_aethiops_C1_KU682691|Chlorocebus_aethiops_MN816163;Chlorocebus_cynosuros_C3_KU682693|Chlorocebus_cynosuros_KM262190;Cercopithecus_aethiops_AY863426|Chlorocebus_aethiops_C1_KU682691|Chlorocebus_aethiops_MN816163;Cercopithecus_albogularis_KC757391|Cercopithecus_lhoesti_KJ434957|Cercopithecus_mitis_KJ434956;Allenopithecus_nigroviridis_KJ434962|Cercocebus_atys_KT159932|Cercocebus_chrysogaster_KC757390|Cercocebus_torquatus_KJ434959;Cercopithecus_albogularis_KC757391|Cercopithecus_diana_KJ434958|Cercopithecus_lhoesti_KJ434957|Cercopithecus_mitis_KJ434956|Cercopithecus_neglectus_MW160353;Cercopithecus_aethiops_AY863426|Chlorocebus_aethiops_C1_KU682691|Chlorocebus_aethiops_MN816163|Chlorocebus_cynosuros_C3_KU682693|Chlorocebus_cynosuros_KM262190|Chlorocebus_djamdjamensis_C5_KU682695,0.15106980121004554,0.16777174126225758,0.892536874373704,0.8852685050798258,0.15003948583403912,0.16762219571120957,0.863721294329777,0.8205059091851545,15,"{""0"":""Allenopithecus_nigroviridis_KJ434962"",""1"":""Cercocebus_atys_KT159932"",""2"":""Cercocebus_torquatus_KJ434959"",""3"":""Cercocebus_chrysogaster_KC757390"",""4"":""Cercopithecus_aethiops_AY863426"",""5"":""Chlorocebus_aethiops_C1_KU682691"",""6"":""Chlorocebus_aethiops_MN816163"",""7"":""Chlorocebus_cynosuros_C3_KU682693"",""8"":""Chlorocebus_cynosuros_KM262190"",""9"":""Chlorocebus_djamdjamensis_C5_KU682695"",""10"":""Cercopithecus_albogularis_KC757391"",""11"":""Cercopithecus_mitis_KJ434956"",""12"":""Cercopithecus_lhoesti_KJ434957"",""13"":""Cercopithecus_diana_KJ434958"",""14"":""Cercopithecus_neglectus_MW160353""}"
KNN-Impute,50,9,63,KNNimpute_completed_p50_rep09_seed63.csv,knn_impute_outputs/completed_matrices/KNNimpute_completed_p50_rep09_seed63.csv,True,,KNN-Impute_NJ_p50_rep09_seed63.treefile,0.4952380952380952,105,52,53,0,52,5,5,distance,nan_euclidean,0.0327728057002244,0.0271814559494363,0.8344401380737482,0.6797575343635277,0.0044560469978023,True,True,True,0,0,0.0,0.0,8.0,0.3333333333333333,8.0,12.0,12.0,0.6666666666666666,0.6666666666666666,0.6666666666666666,Cercocebus_atys_KT159932|Cercocebus_chrysogaster_KC757390;Cercopithecus_aethiops_AY863426|Chlorocebus_aethiops_MN816163;Cercopithecus_diana_KJ434958|Cercopithecus_lhoesti_KJ434957|Cercopithecus_neglectus_MW160353;Cercopithecus_aethiops_AY863426|Chlorocebus_aethiops_C1_KU682691|Chlorocebus_aethiops_MN816163|Chlorocebus_djamdjamensis_C5_KU682695,Cercocebus_atys_KT159932|Cercocebus_torquatus_KJ434959;Chlorocebus_aethiops_C1_KU682691|Chlorocebus_aethiops_MN816163;Cercopithecus_albogularis_KC757391|Cercopithecus_lhoesti_KJ434957|Cercopithecus_mitis_KJ434956;Cercopithecus_aethiops_AY863426|Chlorocebus_aethiops_C1_KU682691|Chlorocebus_aethiops_MN816163|Chlorocebus_cynosuros_C3_KU682693|Chlorocebus_cynosuros_KM262190,0.149207759964587,0.1679705999289353,0.8981578753206537,0.7958946713663695,0.14872187068368697,0.1674997475339976,0.8503478538967874,0.6925253991291727,15,"{""0"":""Allenopithecus_nigroviridis_KJ434962"",""1"":""Cercocebus_atys_KT159932"",""2"":""Cercocebus_torquatus_KJ434959"",""3"":""Cercocebus_chrysogaster_KC757390"",""4"":""Cercopithecus_aethiops_AY863426"",""5"":""Chlorocebus_aethiops_C1_KU682691"",""6"":""Chlorocebus_aethiops_MN816163"",""7"":""Chlorocebus_cynosuros_C3_KU682693"",""8"":""Chlorocebus_cynosuros_KM262190"",""9"":""Chlorocebus_djamdjamensis_C5_KU682695"",""10"":""Cercopithecus_albogularis_KC757391"",""11"":""Cercopithecus_mitis_KJ434956"",""12"":""Cercopithecus_lhoesti_KJ434957"",""13"":""Cercopithecus_diana_KJ434958"",""14"":""Cercopithecus_neglectus_MW160353""}"
KNN-Impute,50,10,64,KNNimpute_completed_p50_rep10_seed64.csv,knn_impute_outputs/completed_matrices/KNNimpute_completed_p50_rep10_seed64.csv,True,,KNN-Impute_NJ_p50_rep10_seed64.treefile,0.4952380952380952,105,52,53,0,52,5,5,distance,nan_euclidean,0.0342540298367476,0.0276093652564549,0.8598162815877385,0.815931016818919,0.0036599000013666,True,True,True,0,0,0.0,0.0,10.0,0.4166666666666667,7.0,12.0,12.0,0.5833333333333334,0.5833333333333334,0.5833333333333334,Cercocebus_chrysogaster_KC757390|Cercocebus_torquatus_KJ434959;Chlorocebus_aethiops_C1_KU682691|Chlorocebus_cynosuros_C3_KU682693|Chlorocebus_cynosuros_KM262190;Chlorocebus_aethiops_C1_KU682691|Chlorocebus_aethiops_MN816163|Chlorocebus_cynosuros_C3_KU682693|Chlorocebus_cynosuros_KM262190;Allenopithecus_nigroviridis_KJ434962|Cercocebus_atys_KT159932|Cercocebus_chrysogaster_KC757390|Cercocebus_torquatus_KJ434959|Cercopithecus_lhoesti_KJ434957;Allenopithecus_nigroviridis_KJ434962|Cercocebus_atys_KT159932|Cercocebus_chrysogaster_KC757390|Cercocebus_torquatus_KJ434959|Cercopithecus_albogularis_KC757391|Cercopithecus_lhoesti_KJ434957|Cercopithecus_mitis_KJ434956,Cercocebus_atys_KT159932|Cercocebus_torquatus_KJ434959;Chlorocebus_aethiops_C1_KU682691|Chlorocebus_aethiops_MN816163;Cercopithecus_aethiops_AY863426|Chlorocebus_aethiops_C1_KU682691|Chlorocebus_aethiops_MN816163;Cercopithecus_albogularis_KC757391|Cercopithecus_lhoesti_KJ434957|Cercopithecus_mitis_KJ434956;Cercopithecus_albogularis_KC757391|Cercopithecus_diana_KJ434958|Cercopithecus_lhoesti_KJ434957|Cercopithecus_mitis_KJ434956|Cercopithecus_neglectus_MW160353,0.15009813117562312,0.1665649727320957,0.9271337205707856,0.8475533900062201,0.14999068238746838,0.16706637842194008,0.8728526674986681,0.7879431888865851,15,"{""0"":""Allenopithecus_nigroviridis_KJ434962"",""1"":""Cercocebus_atys_KT159932"",""2"":""Cercocebus_torquatus_KJ434959"",""3"":""Cercocebus_chrysogaster_KC757390"",""4"":""Cercopithecus_aethiops_AY863426"",""5"":""Chlorocebus_aethiops_C1_KU682691"",""6"":""Chlorocebus_aethiops_MN816163"",""7"":""Chlorocebus_cynosuros_C3_KU682693"",""8"":""Chlorocebus_cynosuros_KM262190"",""9"":""Chlorocebus_djamdjamensis_C5_KU682695"",""10"":""Cercopithecus_albogularis_KC757391"",""11"":""Cercopithecus_mitis_KJ434956"",""12"":""Cercopithecus_lhoesti_KJ434957"",""13"":""Cercopithecus_diana_KJ434958"",""14"":""Cercopithecus_neglectus_MW160353""}"
KNN-Impute,50,11,65,KNNimpute_completed_p50_rep11_seed65.csv,knn_impute_outputs/completed_matrices/KNNimpute_completed_p50_rep11_seed65.csv,True,,KNN-Impute_NJ_p50_rep11_seed65.treefile,0.4952380952380952,105,52,53,0,52,5,5,distance,nan_euclidean,0.0331314577825097,0.0266091460540608,0.8584064212286011,0.811747630837531,0.0022509999980684,True,True,True,0,0,0.0,0.0,14.0,0.5833333333333334,5.0,12.0,12.0,0.4166666666666667,0.4166666666666667,0.4166666666666667,Cercocebus_chrysogaster_KC757390|Cercocebus_torquatus_KJ434959;Cercopithecus_aethiops_AY863426|Chlorocebus_aethiops_MN816163;Cercopithecus_lhoesti_KJ434957|Cercopithecus_neglectus_MW160353;Chlorocebus_aethiops_C1_KU682691|Chlorocebus_cynosuros_C3_KU682693;Cercopithecus_aethiops_AY863426|Chlorocebus_aethiops_MN816163|Chlorocebus_cynosuros_KM262190;Cercopithecus_diana_KJ434958|Cercopithecus_lhoesti_KJ434957|Cercopithecus_neglectus_MW160353;Allenopithecus_nigroviridis_KJ434962|Cercocebus_atys_KT159932|Cercocebus_chrysogaster_KC757390|Cercocebus_torquatus_KJ434959|Cercopithecus_albogularis_KC757391|Cercopithecus_mitis_KJ434956,Cercocebus_atys_KT159932|Cercocebus_torquatus_KJ434959;Cercopithecus_diana_KJ434958|Cercopithecus_neglectus_MW160353;Chlorocebus_aethiops_C1_KU682691|Chlorocebus_aethiops_MN816163;Chlorocebus_cynosuros_C3_KU682693|Chlorocebus_cynosuros_KM262190;Cercopithecus_aethiops_AY863426|Chlorocebus_aethiops_C1_KU682691|Chlorocebus_aethiops_MN816163;Cercopithecus_albogularis_KC757391|Cercopithecus_lhoesti_KJ434957|Cercopithecus_mitis_KJ434956;Cercopithecus_albogularis_KC757391|Cercopithecus_diana_KJ434958|Cercopithecus_lhoesti_KJ434957|Cercopithecus_mitis_KJ434956|Cercopithecus_neglectus_MW160353,0.14822877569314294,0.16419480097811576,0.9460309999791439,0.8892597968069664,0.14944619829084338,0.16630571639536562,0.8728712047006497,0.8246838067592784,15,"{""0"":""Allenopithecus_nigroviridis_KJ434962"",""1"":""Cercocebus_atys_KT159932"",""2"":""Cercocebus_torquatus_KJ434959"",""3"":""Cercocebus_chrysogaster_KC757390"",""4"":""Cercopithecus_aethiops_AY863426"",""5"":""Chlorocebus_aethiops_C1_KU682691"",""6"":""Chlorocebus_aethiops_MN816163"",""7"":""Chlorocebus_cynosuros_C3_KU682693"",""8"":""Chlorocebus_cynosuros_KM262190"",""9"":""Chlorocebus_djamdjamensis_C5_KU682695"",""10"":""Cercopithecus_albogularis_KC757391"",""11"":""Cercopithecus_mitis_KJ434956"",""12"":""Cercopithecus_lhoesti_KJ434957"",""13"":""Cercopithecus_diana_KJ434958"",""14"":""Cercopithecus_neglectus_MW160353""}"
KNN-Impute,50,12,66,KNNimpute_completed_p50_rep12_seed66.csv,knn_impute_outputs/completed_matrices/KNNimpute_completed_p50_rep12_seed66.csv,True,,KNN-Impute_NJ_p50_rep12_seed66.treefile,0.4952380952380952,105,52,53,0,52,5,5,distance,nan_euclidean,0.0332366287193302,0.023442634184427,0.8150462813294531,0.7740117817809271,0.0022733990044798,True,True,True,0,0,0.0,0.0,12.0,0.5,6.0,12.0,12.0,0.5,0.5,0.5,Cercopithecus_lhoesti_KJ434957|Cercopithecus_neglectus_MW160353;Chlorocebus_aethiops_C1_KU682691|Chlorocebus_cynosuros_KM262190;Chlorocebus_aethiops_C1_KU682691|Chlorocebus_aethiops_MN816163|Chlorocebus_cynosuros_KM262190;Cercopithecus_albogularis_KC757391|Cercopithecus_lhoesti_KJ434957|Cercopithecus_mitis_KJ434956|Cercopithecus_neglectus_MW160353;Chlorocebus_aethiops_C1_KU682691|Chlorocebus_aethiops_MN816163|Chlorocebus_cynosuros_C3_KU682693|Chlorocebus_cynosuros_KM262190;Cercopithecus_aethiops_AY863426|Cercopithecus_diana_KJ434958|Chlorocebus_aethiops_C1_KU682691|Chlorocebus_aethiops_MN816163|Chlorocebus_cynosuros_C3_KU682693|Chlorocebus_cynosuros_KM262190|Chlorocebus_djamdjamensis_C5_KU682695,Cercopithecus_diana_KJ434958|Cercopithecus_neglectus_MW160353;Chlorocebus_aethiops_C1_KU682691|Chlorocebus_aethiops_MN816163;Chlorocebus_cynosuros_C3_KU682693|Chlorocebus_cynosuros_KM262190;Cercopithecus_aethiops_AY863426|Chlorocebus_aethiops_C1_KU682691|Chlorocebus_aethiops_MN816163;Cercopithecus_albogularis_KC757391|Cercopithecus_lhoesti_KJ434957|Cercopithecus_mitis_KJ434956;Cercopithecus_albogularis_KC757391|Cercopithecus_diana_KJ434958|Cercopithecus_lhoesti_KJ434957|Cercopithecus_mitis_KJ434956|Cercopithecus_neglectus_MW160353,0.14733111144611205,0.16450973741333288,0.8907939036608471,0.8262803234501347,0.1478698700147059,0.16500819810183703,0.8680031421408269,0.8336927223719676,15,"{""0"":""Allenopithecus_nigroviridis_KJ434962"",""1"":""Cercocebus_atys_KT159932"",""2"":""Cercocebus_torquatus_KJ434959"",""3"":""Cercocebus_chrysogaster_KC757390"",""4"":""Cercopithecus_aethiops_AY863426"",""5"":""Chlorocebus_aethiops_C1_KU682691"",""6"":""Chlorocebus_aethiops_MN816163"",""7"":""Chlorocebus_cynosuros_C3_KU682693"",""8"":""Chlorocebus_cynosuros_KM262190"",""9"":""Chlorocebus_djamdjamensis_C5_KU682695"",""10"":""Cercopithecus_albogularis_KC757391"",""11"":""Cercopithecus_mitis_KJ434956"",""12"":""Cercopithecus_lhoesti_KJ434957"",""13"":""Cercopithecus_diana_KJ434958"",""14"":""Cercopithecus_neglectus_MW160353""}"
KNN-Impute,50,13,67,KNNimpute_completed_p50_rep13_seed67.csv,knn_impute_outputs/completed_matrices/KNNimpute_completed_p50_rep13_seed67.csv,True,,KNN-Impute_NJ_p50_rep13_seed67.treefile,0.4952380952380952,105,52,53,0,52,5,5,distance,nan_euclidean,0.0333908878645234,0.0253361219138282,0.8460692954651584,0.7605224963715529,0.0020706619980046,True,True,True,0,0,0.0,0.0,14.0,0.5833333333333334,5.0,12.0,12.0,0.4166666666666667,0.4166666666666667,0.4166666666666667,Cercopithecus_aethiops_AY863426|Chlorocebus_aethiops_MN816163;Cercopithecus_lhoesti_KJ434957|Cercopithecus_neglectus_MW160353;Chlorocebus_aethiops_C1_KU682691|Chlorocebus_cynosuros_C3_KU682693;Cercopithecus_aethiops_AY863426|Chlorocebus_aethiops_C1_KU682691|Chlorocebus_aethiops_MN816163|Chlorocebus_cynosuros_C3_KU682693;Allenopithecus_nigroviridis_KJ434962|Cercocebus_atys_KT159932|Cercocebus_chrysogaster_KC757390|Cercocebus_torquatus_KJ434959|Cercopithecus_diana_KJ434958;Cercopithecus_aethiops_AY863426|Chlorocebus_aethiops_C1_KU682691|Chlorocebus_aethiops_MN816163|Chlorocebus_cynosuros_C3_KU682693|Chlorocebus_djamdjamensis_C5_KU682695;Allenopithecus_nigroviridis_KJ434962|Cercocebus_atys_KT159932|Cercocebus_chrysogaster_KC757390|Cercocebus_torquatus_KJ434959|Cercopithecus_albogularis_KC757391|Cercopithecus_diana_KJ434958|Cercopithecus_mitis_KJ434956,Cercopithecus_diana_KJ434958|Cercopithecus_neglectus_MW160353;Chlorocebus_aethiops_C1_KU682691|Chlorocebus_aethiops_MN816163;Chlorocebus_cynosuros_C3_KU682693|Chlorocebus_cynosuros_KM262190;Cercopithecus_aethiops_AY863426|Chlorocebus_aethiops_C1_KU682691|Chlorocebus_aethiops_MN816163;Cercopithecus_albogularis_KC757391|Cercopithecus_lhoesti_KJ434957|Cercopithecus_mitis_KJ434956;Cercopithecus_aethiops_AY863426|Chlorocebus_aethiops_C1_KU682691|Chlorocebus_aethiops_MN816163|Chlorocebus_cynosuros_C3_KU682693|Chlorocebus_cynosuros_KM262190;Cercopithecus_albogularis_KC757391|Cercopithecus_diana_KJ434958|Cercopithecus_lhoesti_KJ434957|Cercopithecus_mitis_KJ434956|Cercopithecus_neglectus_MW160353,0.14895093233355725,0.16559562213640688,0.8892441460595613,0.8201223304996889,0.1487550891623217,0.165630072996503,0.8765000048370768,0.8299709724238026,15,"{""0"":""Allenopithecus_nigroviridis_KJ434962"",""1"":""Cercocebus_atys_KT159932"",""2"":""Cercocebus_torquatus_KJ434959"",""3"":""Cercocebus_chrysogaster_KC757390"",""4"":""Cercopithecus_aethiops_AY863426"",""5"":""Chlorocebus_aethiops_C1_KU682691"",""6"":""Chlorocebus_aethiops_MN816163"",""7"":""Chlorocebus_cynosuros_C3_KU682693"",""8"":""Chlorocebus_cynosuros_KM262190"",""9"":""Chlorocebus_djamdjamensis_C5_KU682695"",""10"":""Cercopithecus_albogularis_KC757391"",""11"":""Cercopithecus_mitis_KJ434956"",""12"":""Cercopithecus_lhoesti_KJ434957"",""13"":""Cercopithecus_diana_KJ434958"",""14"":""Cercopithecus_neglectus_MW160353""}"
KNN-Impute,50,14,68,KNNimpute_completed_p50_rep14_seed68.csv,knn_impute_outputs/completed_matrices/KNNimpute_completed_p50_rep14_seed68.csv,True,,KNN-Impute_NJ_p50_rep14_seed68.treefile,0.4952380952380952,105,52,53,0,52,5,5,distance,nan_euclidean,0.0299893361614373,0.0220416006844081,0.8927799421338625,0.8192606505592077,0.0038077719946159,True,True,True,0,0,0.0,0.0,10.0,0.4166666666666667,7.0,12.0,12.0,0.5833333333333334,0.5833333333333334,0.5833333333333334,Cercopithecus_neglectus_MW160353|Chlorocebus_djamdjamensis_C5_KU682695;Cercocebus_atys_KT159932|Cercocebus_chrysogaster_KC757390|Cercocebus_torquatus_KJ434959|Cercopithecus_diana_KJ434958;Chlorocebus_aethiops_C1_KU682691|Chlorocebus_aethiops_MN816163|Chlorocebus_cynosuros_C3_KU682693|Chlorocebus_cynosuros_KM262190;Allenopithecus_nigroviridis_KJ434962|Cercocebus_atys_KT159932|Cercocebus_chrysogaster_KC757390|Cercocebus_torquatus_KJ434959|Cercopithecus_diana_KJ434958;Cercopithecus_aethiops_AY863426|Cercopithecus_neglectus_MW160353|Chlorocebus_aethiops_C1_KU682691|Chlorocebus_aethiops_MN816163|Chlorocebus_cynosuros_C3_KU682693|Chlorocebus_cynosuros_KM262190|Chlorocebus_djamdjamensis_C5_KU682695,Cercopithecus_diana_KJ434958|Cercopithecus_neglectus_MW160353;Cercopithecus_aethiops_AY863426|Chlorocebus_aethiops_C1_KU682691|Chlorocebus_aethiops_MN816163;Allenopithecus_nigroviridis_KJ434962|Cercocebus_atys_KT159932|Cercocebus_chrysogaster_KC757390|Cercocebus_torquatus_KJ434959;Cercopithecus_albogularis_KC757391|Cercopithecus_diana_KJ434958|Cercopithecus_lhoesti_KJ434957|Cercopithecus_mitis_KJ434956|Cercopithecus_neglectus_MW160353;Cercopithecus_aethiops_AY863426|Chlorocebus_aethiops_C1_KU682691|Chlorocebus_aethiops_MN816163|Chlorocebus_cynosuros_C3_KU682693|Chlorocebus_cynosuros_KM262190|Chlorocebus_djamdjamensis_C5_KU682695,0.14661955714123134,0.1631533551761099,0.9002094406203527,0.7968484345842836,0.1472815543890816,0.16342604397949925,0.9019997526239613,0.8187849885963094,15,"{""0"":""Allenopithecus_nigroviridis_KJ434962"",""1"":""Cercocebus_atys_KT159932"",""2"":""Cercocebus_torquatus_KJ434959"",""3"":""Cercocebus_chrysogaster_KC757390"",""4"":""Cercopithecus_aethiops_AY863426"",""5"":""Chlorocebus_aethiops_C1_KU682691"",""6"":""Chlorocebus_aethiops_MN816163"",""7"":""Chlorocebus_cynosuros_C3_KU682693"",""8"":""Chlorocebus_cynosuros_KM262190"",""9"":""Chlorocebus_djamdjamensis_C5_KU682695"",""10"":""Cercopithecus_albogularis_KC757391"",""11"":""Cercopithecus_mitis_KJ434956"",""12"":""Cercopithecus_lhoesti_KJ434957"",""13"":""Cercopithecus_diana_KJ434958"",""14"":""Cercopithecus_neglectus_MW160353""}"
KNN-Impute,50,15,69,KNNimpute_completed_p50_rep15_seed69.csv,knn_impute_outputs/completed_matrices/KNNimpute_completed_p50_rep15_seed69.csv,True,,KNN-Impute_NJ_p50_rep15_seed69.treefile,0.4952380952380952,105,52,53,0,52,5,5,distance,nan_euclidean,0.0319618199239746,0.0251931877567996,0.7779843492687196,0.7145052505762827,0.0029029569996055,True,True,True,0,0,0.0,0.0,16.0,0.6666666666666666,4.0,12.0,12.0,0.3333333333333333,0.3333333333333333,0.3333333333333333,Allenopithecus_nigroviridis_KJ434962|Cercopithecus_mitis_KJ434956;Cercocebus_chrysogaster_KC757390|Cercocebus_torquatus_KJ434959;Cercopithecus_albogularis_KC757391|Cercopithecus_lhoesti_KJ434957;Chlorocebus_aethiops_C1_KU682691|Chlorocebus_cynosuros_C3_KU682693;Chlorocebus_aethiops_MN816163|Chlorocebus_cynosuros_KM262190;Cercopithecus_aethiops_AY863426|Chlorocebus_aethiops_C1_KU682691|Chlorocebus_cynosuros_C3_KU682693;Allenopithecus_nigroviridis_KJ434962|Cercopithecus_diana_KJ434958|Cercopithecus_mitis_KJ434956|Cercopithecus_neglectus_MW160353;Allenopithecus_nigroviridis_KJ434962|Cercopithecus_albogularis_KC757391|Cercopithecus_diana_KJ434958|Cercopithecus_lhoesti_KJ434957|Cercopithecus_mitis_KJ434956|Cercopithecus_neglectus_MW160353,Cercocebus_atys_KT159932|Cercocebus_torquatus_KJ434959;Cercopithecus_albogularis_KC757391|Cercopithecus_mitis_KJ434956;Chlorocebus_aethiops_C1_KU682691|Chlorocebus_aethiops_MN816163;Chlorocebus_cynosuros_C3_KU682693|Chlorocebus_cynosuros_KM262190;Cercopithecus_aethiops_AY863426|Chlorocebus_aethiops_C1_KU682691|Chlorocebus_aethiops_MN816163;Cercopithecus_albogularis_KC757391|Cercopithecus_lhoesti_KJ434957|Cercopithecus_mitis_KJ434956;Allenopithecus_nigroviridis_KJ434962|Cercocebus_atys_KT159932|Cercocebus_chrysogaster_KC757390|Cercocebus_torquatus_KJ434959;Cercopithecus_albogularis_KC757391|Cercopithecus_diana_KJ434958|Cercopithecus_lhoesti_KJ434957|Cercopithecus_mitis_KJ434956|Cercopithecus_neglectus_MW160353,0.14799344462806233,0.16398745160022282,0.9216124621527151,0.8723408666804894,0.148116994732729,0.16450843106612695,0.887289500585998,0.8327804271200497,15,"{""0"":""Allenopithecus_nigroviridis_KJ434962"",""1"":""Cercocebus_atys_KT159932"",""2"":""Cercocebus_torquatus_KJ434959"",""3"":""Cercocebus_chrysogaster_KC757390"",""4"":""Cercopithecus_aethiops_AY863426"",""5"":""Chlorocebus_aethiops_C1_KU682691"",""6"":""Chlorocebus_aethiops_MN816163"",""7"":""Chlorocebus_cynosuros_C3_KU682693"",""8"":""Chlorocebus_cynosuros_KM262190"",""9"":""Chlorocebus_djamdjamensis_C5_KU682695"",""10"":""Cercopithecus_albogularis_KC757391"",""11"":""Cercopithecus_mitis_KJ434956"",""12"":""Cercopithecus_lhoesti_KJ434957"",""13"":""Cercopithecus_diana_KJ434958"",""14"":""Cercopithecus_neglectus_MW160353""}"
KNN-Impute,50,16,70,KNNimpute_completed_p50_rep16_seed70.csv,knn_impute_outputs/completed_matrices/KNNimpute_completed_p50_rep16_seed70.csv,True,,KNN-Impute_NJ_p50_rep16_seed70.treefile,0.4952380952380952,105,52,53,0,52,5,5,distance,nan_euclidean,0.037359267553534,0.0297089225687692,0.7942868638896067,0.7524118500811064,0.0023729560052743,True,True,True,0,0,0.0,0.0,6.0,0.25,9.0,12.0,12.0,0.75,0.75,0.75,Cercocebus_atys_KT159932|Cercocebus_chrysogaster_KC757390;Cercopithecus_aethiops_AY863426|Chlorocebus_aethiops_C1_KU682691;Cercopithecus_aethiops_AY863426|Chlorocebus_aethiops_C1_KU682691|Chlorocebus_cynosuros_C3_KU682693|Chlorocebus_cynosuros_KM262190,Cercocebus_atys_KT159932|Cercocebus_torquatus_KJ434959;Chlorocebus_aethiops_C1_KU682691|Chlorocebus_aethiops_MN816163;Cercopithecus_aethiops_AY863426|Chlorocebus_aethiops_C1_KU682691|Chlorocebus_aethiops_MN816163,0.1511480709570341,0.16819058035032874,0.9037684210543445,0.8342732738959153,0.15045571984264836,0.16808168198192458,0.8402676319169037,0.7417271407837445,15,"{""0"":""Allenopithecus_nigroviridis_KJ434962"",""1"":""Cercocebus_atys_KT159932"",""2"":""Cercocebus_torquatus_KJ434959"",""3"":""Cercocebus_chrysogaster_KC757390"",""4"":""Cercopithecus_aethiops_AY863426"",""5"":""Chlorocebus_aethiops_C1_KU682691"",""6"":""Chlorocebus_aethiops_MN816163"",""7"":""Chlorocebus_cynosuros_C3_KU682693"",""8"":""Chlorocebus_cynosuros_KM262190"",""9"":""Chlorocebus_djamdjamensis_C5_KU682695"",""10"":""Cercopithecus_albogularis_KC757391"",""11"":""Cercopithecus_mitis_KJ434956"",""12"":""Cercopithecus_lhoesti_KJ434957"",""13"":""Cercopithecus_diana_KJ434958"",""14"":""Cercopithecus_neglectus_MW160353""}"
KNN-Impute,50,17,71,KNNimpute_completed_p50_rep17_seed71.csv,knn_impute_outputs/completed_matrices/KNNimpute_completed_p50_rep17_seed71.csv,True,,KNN-Impute_NJ_p50_rep17_seed71.treefile,0.4952380952380952,105,52,53,0,52,5,5,distance,nan_euclidean,0.034821196610495,0.0246854301379373,0.7768735696672407,0.7471185861862887,0.0025223439879482,True,True,True,0,0,0.0,0.0,18.0,0.75,3.0,12.0,12.0,0.25,0.25,0.25,Allenopithecus_nigroviridis_KJ434962|Chlorocebus_cynosuros_C3_KU682693;Cercocebus_chrysogaster_KC757390|Cercocebus_torquatus_KJ434959;Cercopithecus_aethiops_AY863426|Chlorocebus_cynosuros_KM262190;Cercopithecus_albogularis_KC757391|Cercopithecus_diana_KJ434958;Cercopithecus_lhoesti_KJ434957|Cercopithecus_mitis_KJ434956;Cercopithecus_aethiops_AY863426|Chlorocebus_aethiops_C1_KU682691|Chlorocebus_aethiops_MN816163|Chlorocebus_cynosuros_KM262190;Cercopithecus_albogularis_KC757391|Cercopithecus_diana_KJ434958|Cercopithecus_lhoesti_KJ434957|Cercopithecus_mitis_KJ434956;Cercopithecus_aethiops_AY863426|Chlorocebus_aethiops_C1_KU682691|Chlorocebus_aethiops_MN816163|Chlorocebus_cynosuros_KM262190|Chlorocebus_djamdjamensis_C5_KU682695;Allenopithecus_nigroviridis_KJ434962|Cercopithecus_aethiops_AY863426|Chlorocebus_aethiops_C1_KU682691|Chlorocebus_aethiops_MN816163|Chlorocebus_cynosuros_C3_KU682693|Chlorocebus_cynosuros_KM262190|Chlorocebus_djamdjamensis_C5_KU682695,Cercocebus_atys_KT159932|Cercocebus_torquatus_KJ434959;Cercopithecus_albogularis_KC757391|Cercopithecus_mitis_KJ434956;Cercopithecus_diana_KJ434958|Cercopithecus_neglectus_MW160353;Chlorocebus_cynosuros_C3_KU682693|Chlorocebus_cynosuros_KM262190;Cercopithecus_aethiops_AY863426|Chlorocebus_aethiops_C1_KU682691|Chlorocebus_aethiops_MN816163;Cercopithecus_albogularis_KC757391|Cercopithecus_lhoesti_KJ434957|Cercopithecus_mitis_KJ434956;Allenopithecus_nigroviridis_KJ434962|Cercocebus_atys_KT159932|Cercocebus_chrysogaster_KC757390|Cercocebus_torquatus_KJ434959;Cercopithecus_aethiops_AY863426|Chlorocebus_aethiops_C1_KU682691|Chlorocebus_aethiops_MN816163|Chlorocebus_cynosuros_C3_KU682693|Chlorocebus_cynosuros_KM262190;Cercopithecus_aethiops_AY863426|Chlorocebus_aethiops_C1_KU682691|Chlorocebus_aethiops_MN816163|Chlorocebus_cynosuros_C3_KU682693|Chlorocebus_cynosuros_KM262190|Chlorocebus_djamdjamensis_C5_KU682695,0.14871809948826598,0.1655895743124891,0.88878349079632,0.8182251710553596,0.14807654123850159,0.1648858320383437,0.8727306603987648,0.8257412398921833,15,"{""0"":""Allenopithecus_nigroviridis_KJ434962"",""1"":""Cercocebus_atys_KT159932"",""2"":""Cercocebus_torquatus_KJ434959"",""3"":""Cercocebus_chrysogaster_KC757390"",""4"":""Cercopithecus_aethiops_AY863426"",""5"":""Chlorocebus_aethiops_C1_KU682691"",""6"":""Chlorocebus_aethiops_MN816163"",""7"":""Chlorocebus_cynosuros_C3_KU682693"",""8"":""Chlorocebus_cynosuros_KM262190"",""9"":""Chlorocebus_djamdjamensis_C5_KU682695"",""10"":""Cercopithecus_albogularis_KC757391"",""11"":""Cercopithecus_mitis_KJ434956"",""12"":""Cercopithecus_lhoesti_KJ434957"",""13"":""Cercopithecus_diana_KJ434958"",""14"":""Cercopithecus_neglectus_MW160353""}"
KNN-Impute,50,18,72,KNNimpute_completed_p50_rep18_seed72.csv,knn_impute_outputs/completed_matrices/KNNimpute_completed_p50_rep18_seed72.csv,True,,KNN-Impute_NJ_p50_rep18_seed72.treefile,0.4952380952380952,105,52,53,0,52,5,5,distance,nan_euclidean,0.0307411989133248,0.0247351669820514,0.9013423833676032,0.8563134978229316,0.0022644119890173,True,True,True,0,0,0.0,0.0,16.0,0.6666666666666666,4.0,12.0,12.0,0.3333333333333333,0.3333333333333333,0.3333333333333333,Allenopithecus_nigroviridis_KJ434962|Cercopithecus_neglectus_MW160353;Chlorocebus_aethiops_C1_KU682691|Chlorocebus_cynosuros_C3_KU682693;Chlorocebus_aethiops_C1_KU682691|Chlorocebus_aethiops_MN816163|Chlorocebus_cynosuros_C3_KU682693;Cercocebus_atys_KT159932|Cercocebus_chrysogaster_KC757390|Cercocebus_torquatus_KJ434959|Cercopithecus_lhoesti_KJ434957;Cercopithecus_aethiops_AY863426|Chlorocebus_aethiops_C1_KU682691|Chlorocebus_aethiops_MN816163|Chlorocebus_cynosuros_C3_KU682693;Cercocebus_atys_KT159932|Cercocebus_chrysogaster_KC757390|Cercocebus_torquatus_KJ434959|Cercopithecus_diana_KJ434958|Cercopithecus_lhoesti_KJ434957;Cercopithecus_aethiops_AY863426|Chlorocebus_aethiops_C1_KU682691|Chlorocebus_aethiops_MN816163|Chlorocebus_cynosuros_C3_KU682693|Chlorocebus_djamdjamensis_C5_KU682695;Allenopithecus_nigroviridis_KJ434962|Cercocebus_atys_KT159932|Cercocebus_chrysogaster_KC757390|Cercocebus_torquatus_KJ434959|Cercopithecus_diana_KJ434958|Cercopithecus_lhoesti_KJ434957|Cercopithecus_neglectus_MW160353,Cercopithecus_diana_KJ434958|Cercopithecus_neglectus_MW160353;Chlorocebus_aethiops_C1_KU682691|Chlorocebus_aethiops_MN816163;Chlorocebus_cynosuros_C3_KU682693|Chlorocebus_cynosuros_KM262190;Cercopithecus_aethiops_AY863426|Chlorocebus_aethiops_C1_KU682691|Chlorocebus_aethiops_MN816163;Cercopithecus_albogularis_KC757391|Cercopithecus_lhoesti_KJ434957|Cercopithecus_mitis_KJ434956;Allenopithecus_nigroviridis_KJ434962|Cercocebus_atys_KT159932|Cercocebus_chrysogaster_KC757390|Cercocebus_torquatus_KJ434959;Cercopithecus_aethiops_AY863426|Chlorocebus_aethiops_C1_KU682691|Chlorocebus_aethiops_MN816163|Chlorocebus_cynosuros_C3_KU682693|Chlorocebus_cynosuros_KM262190;Cercopithecus_albogularis_KC757391|Cercopithecus_diana_KJ434958|Cercopithecus_lhoesti_KJ434957|Cercopithecus_mitis_KJ434956|Cercopithecus_neglectus_MW160353,0.1481642422260227,0.16328444274587423,0.9435125512523208,0.8845220816918931,0.14834924764784124,0.16413728058814012,0.906916715791523,0.8236782085838689,15,"{""0"":""Allenopithecus_nigroviridis_KJ434962"",""1"":""Cercocebus_atys_KT159932"",""2"":""Cercocebus_torquatus_KJ434959"",""3"":""Cercocebus_chrysogaster_KC757390"",""4"":""Cercopithecus_aethiops_AY863426"",""5"":""Chlorocebus_aethiops_C1_KU682691"",""6"":""Chlorocebus_aethiops_MN816163"",""7"":""Chlorocebus_cynosuros_C3_KU682693"",""8"":""Chlorocebus_cynosuros_KM262190"",""9"":""Chlorocebus_djamdjamensis_C5_KU682695"",""10"":""Cercopithecus_albogularis_KC757391"",""11"":""Cercopithecus_mitis_KJ434956"",""12"":""Cercopithecus_lhoesti_KJ434957"",""13"":""Cercopithecus_diana_KJ434958"",""14"":""Cercopithecus_neglectus_MW160353""}"
KNN-Impute,50,19,73,KNNimpute_completed_p50_rep19_seed73.csv,knn_impute_outputs/completed_matrices/KNNimpute_completed_p50_rep19_seed73.csv,True,,KNN-Impute_NJ_p50_rep19_seed73.treefile,0.4952380952380952,105,52,53,0,52,5,5,distance,nan_euclidean,0.0384301844288059,0.0293513486680517,0.8187445821583839,0.8365064458294202,0.0025184669939335,True,True,True,0,0,0.0,0.0,14.0,0.5833333333333334,5.0,12.0,12.0,0.4166666666666667,0.4166666666666667,0.4166666666666667,Allenopithecus_nigroviridis_KJ434962|Chlorocebus_djamdjamensis_C5_KU682695;Cercocebus_atys_KT159932|Cercocebus_chrysogaster_KC757390;Cercopithecus_aethiops_AY863426|Chlorocebus_cynosuros_KM262190;Cercopithecus_lhoesti_KJ434957|Cercopithecus_mitis_KJ434956;Chlorocebus_aethiops_C1_KU682691|Chlorocebus_cynosuros_C3_KU682693;Chlorocebus_aethiops_C1_KU682691|Chlorocebus_aethiops_MN816163|Chlorocebus_cynosuros_C3_KU682693;Allenopithecus_nigroviridis_KJ434962|Cercopithecus_aethiops_AY863426|Chlorocebus_aethiops_C1_KU682691|Chlorocebus_aethiops_MN816163|Chlorocebus_cynosuros_C3_KU682693|Chlorocebus_cynosuros_KM262190|Chlorocebus_djamdjamensis_C5_KU682695,Cercocebus_atys_KT159932|Cercocebus_torquatus_KJ434959;Cercopithecus_albogularis_KC757391|Cercopithecus_mitis_KJ434956;Chlorocebus_aethiops_C1_KU682691|Chlorocebus_aethiops_MN816163;Chlorocebus_cynosuros_C3_KU682693|Chlorocebus_cynosuros_KM262190;Cercopithecus_aethiops_AY863426|Chlorocebus_aethiops_C1_KU682691|Chlorocebus_aethiops_MN816163;Allenopithecus_nigroviridis_KJ434962|Cercocebus_atys_KT159932|Cercocebus_chrysogaster_KC757390|Cercocebus_torquatus_KJ434959;Cercopithecus_aethiops_AY863426|Chlorocebus_aethiops_C1_KU682691|Chlorocebus_aethiops_MN816163|Chlorocebus_cynosuros_C3_KU682693|Chlorocebus_cynosuros_KM262190|Chlorocebus_djamdjamensis_C5_KU682695,0.15124887957181957,0.167092869958197,0.9157797848812476,0.80744349989633,0.15079318346029824,0.16724579165476963,0.8694694798065348,0.7939767779390421,15,"{""0"":""Allenopithecus_nigroviridis_KJ434962"",""1"":""Cercocebus_atys_KT159932"",""2"":""Cercocebus_torquatus_KJ434959"",""3"":""Cercocebus_chrysogaster_KC757390"",""4"":""Cercopithecus_aethiops_AY863426"",""5"":""Chlorocebus_aethiops_C1_KU682691"",""6"":""Chlorocebus_aethiops_MN816163"",""7"":""Chlorocebus_cynosuros_C3_KU682693"",""8"":""Chlorocebus_cynosuros_KM262190"",""9"":""Chlorocebus_djamdjamensis_C5_KU682695"",""10"":""Cercopithecus_albogularis_KC757391"",""11"":""Cercopithecus_mitis_KJ434956"",""12"":""Cercopithecus_lhoesti_KJ434957"",""13"":""Cercopithecus_diana_KJ434958"",""14"":""Cercopithecus_neglectus_MW160353""}"
KNN-Impute,50,20,74,KNNimpute_completed_p50_rep20_seed74.csv,knn_impute_outputs/completed_matrices/KNNimpute_completed_p50_rep20_seed74.csv,True,,KNN-Impute_NJ_p50_rep20_seed74.treefile,0.4952380952380952,105,52,53,0,52,5,5,distance,nan_euclidean,0.0405529326697016,0.0325107969659241,0.7677198472364178,0.5321437718774013,0.0022260480036493,True,True,True,0,0,0.0,0.0,16.0,0.6666666666666666,4.0,12.0,12.0,0.3333333333333333,0.3333333333333333,0.3333333333333333,Cercocebus_chrysogaster_KC757390|Cercocebus_torquatus_KJ434959;Cercopithecus_aethiops_AY863426|Chlorocebus_djamdjamensis_C5_KU682695;Cercopithecus_lhoesti_KJ434957|Cercopithecus_neglectus_MW160353;Cercocebus_atys_KT159932|Cercocebus_chrysogaster_KC757390|Cercocebus_torquatus_KJ434959|Cercopithecus_diana_KJ434958;Cercopithecus_aethiops_AY863426|Chlorocebus_cynosuros_C3_KU682693|Chlorocebus_cynosuros_KM262190|Chlorocebus_djamdjamensis_C5_KU682695;Cercopithecus_albogularis_KC757391|Cercopithecus_lhoesti_KJ434957|Cercopithecus_mitis_KJ434956|Cercopithecus_neglectus_MW160353;Cercopithecus_aethiops_AY863426|Chlorocebus_aethiops_C1_KU682691|Chlorocebus_cynosuros_C3_KU682693|Chlorocebus_cynosuros_KM262190|Chlorocebus_djamdjamensis_C5_KU682695;Allenopithecus_nigroviridis_KJ434962|Cercopithecus_aethiops_AY863426|Chlorocebus_aethiops_C1_KU682691|Chlorocebus_aethiops_MN816163|Chlorocebus_cynosuros_C3_KU682693|Chlorocebus_cynosuros_KM262190|Chlorocebus_djamdjamensis_C5_KU682695,Cercocebus_atys_KT159932|Cercocebus_torquatus_KJ434959;Cercopithecus_diana_KJ434958|Cercopithecus_neglectus_MW160353;Chlorocebus_aethiops_C1_KU682691|Chlorocebus_aethiops_MN816163;Cercopithecus_aethiops_AY863426|Chlorocebus_aethiops_C1_KU682691|Chlorocebus_aethiops_MN816163;Cercopithecus_albogularis_KC757391|Cercopithecus_lhoesti_KJ434957|Cercopithecus_mitis_KJ434956;Allenopithecus_nigroviridis_KJ434962|Cercocebus_atys_KT159932|Cercocebus_chrysogaster_KC757390|Cercocebus_torquatus_KJ434959;Cercopithecus_aethiops_AY863426|Chlorocebus_aethiops_C1_KU682691|Chlorocebus_aethiops_MN816163|Chlorocebus_cynosuros_C3_KU682693|Chlorocebus_cynosuros_KM262190;Cercopithecus_albogularis_KC757391|Cercopithecus_diana_KJ434958|Cercopithecus_lhoesti_KJ434957|Cercopithecus_mitis_KJ434956|Cercopithecus_neglectus_MW160353,0.1523630707375982,0.17245459079902964,0.8204023178754313,0.599699357246527,0.15232283114202888,0.1727595293012765,0.7641204896063011,0.5969210035247772,15,"{""0"":""Allenopithecus_nigroviridis_KJ434962"",""1"":""Cercocebus_atys_KT159932"",""2"":""Cercocebus_torquatus_KJ434959"",""3"":""Cercocebus_chrysogaster_KC757390"",""4"":""Cercopithecus_aethiops_AY863426"",""5"":""Chlorocebus_aethiops_C1_KU682691"",""6"":""Chlorocebus_aethiops_MN816163"",""7"":""Chlorocebus_cynosuros_C3_KU682693"",""8"":""Chlorocebus_cynosuros_KM262190"",""9"":""Chlorocebus_djamdjamensis_C5_KU682695"",""10"":""Cercopithecus_albogularis_KC757391"",""11"":""Cercopithecus_mitis_KJ434956"",""12"":""Cercopithecus_lhoesti_KJ434957"",""13"":""Cercopithecus_diana_KJ434958"",""14"":""Cercopithecus_neglectus_MW160353""}"
KNN-Impute,50,21,75,KNNimpute_completed_p50_rep21_seed75.csv,knn_impute_outputs/completed_matrices/KNNimpute_completed_p50_rep21_seed75.csv,True,,KNN-Impute_NJ_p50_rep21_seed75.treefile,0.4952380952380952,105,52,53,0,52,5,5,distance,nan_euclidean,0.0386584431677792,0.0319268492268561,0.7563068528551344,0.5217279945359856,0.0022155230108182,True,True,True,0,0,0.0,0.0,14.0,0.5833333333333334,5.0,12.0,12.0,0.4166666666666667,0.4166666666666667,0.4166666666666667,Allenopithecus_nigroviridis_KJ434962|Cercopithecus_diana_KJ434958;Cercocebus_atys_KT159932|Cercocebus_chrysogaster_KC757390;Cercopithecus_neglectus_MW160353|Chlorocebus_djamdjamensis_C5_KU682695;Cercopithecus_aethiops_AY863426|Chlorocebus_aethiops_C1_KU682691|Chlorocebus_aethiops_MN816163|Chlorocebus_cynosuros_C3_KU682693;Cercocebus_atys_KT159932|Cercocebus_chrysogaster_KC757390|Cercocebus_torquatus_KJ434959|Cercopithecus_albogularis_KC757391|Cercopithecus_mitis_KJ434956;Cercocebus_atys_KT159932|Cercocebus_chrysogaster_KC757390|Cercocebus_torquatus_KJ434959|Cercopithecus_albogularis_KC757391|Cercopithecus_lhoesti_KJ434957|Cercopithecus_mitis_KJ434956;Cercopithecus_aethiops_AY863426|Cercopithecus_neglectus_MW160353|Chlorocebus_aethiops_C1_KU682691|Chlorocebus_aethiops_MN816163|Chlorocebus_cynosuros_C3_KU682693|Chlorocebus_cynosuros_KM262190|Chlorocebus_djamdjamensis_C5_KU682695,Cercocebus_atys_KT159932|Cercocebus_torquatus_KJ434959;Cercopithecus_diana_KJ434958|Cercopithecus_neglectus_MW160353;Chlorocebus_cynosuros_C3_KU682693|Chlorocebus_cynosuros_KM262190;Cercopithecus_albogularis_KC757391|Cercopithecus_lhoesti_KJ434957|Cercopithecus_mitis_KJ434956;Allenopithecus_nigroviridis_KJ434962|Cercocebus_atys_KT159932|Cercocebus_chrysogaster_KC757390|Cercocebus_torquatus_KJ434959;Cercopithecus_albogularis_KC757391|Cercopithecus_diana_KJ434958|Cercopithecus_lhoesti_KJ434957|Cercopithecus_mitis_KJ434956|Cercopithecus_neglectus_MW160353;Cercopithecus_aethiops_AY863426|Chlorocebus_aethiops_C1_KU682691|Chlorocebus_aethiops_MN816163|Chlorocebus_cynosuros_C3_KU682693|Chlorocebus_cynosuros_KM262190|Chlorocebus_djamdjamensis_C5_KU682695,0.15166077176667722,0.17129709548708846,0.8339670914210143,0.7115799295044577,0.15124513077314694,0.1710391011427745,0.7919074253376844,0.650622019489944,15,"{""0"":""Allenopithecus_nigroviridis_KJ434962"",""1"":""Cercocebus_atys_KT159932"",""2"":""Cercocebus_torquatus_KJ434959"",""3"":""Cercocebus_chrysogaster_KC757390"",""4"":""Cercopithecus_aethiops_AY863426"",""5"":""Chlorocebus_aethiops_C1_KU682691"",""6"":""Chlorocebus_aethiops_MN816163"",""7"":""Chlorocebus_cynosuros_C3_KU682693"",""8"":""Chlorocebus_cynosuros_KM262190"",""9"":""Chlorocebus_djamdjamensis_C5_KU682695"",""10"":""Cercopithecus_albogularis_KC757391"",""11"":""Cercopithecus_mitis_KJ434956"",""12"":""Cercopithecus_lhoesti_KJ434957"",""13"":""Cercopithecus_diana_KJ434958"",""14"":""Cercopithecus_neglectus_MW160353""}"
KNN-Impute,50,22,76,KNNimpute_completed_p50_rep22_seed76.csv,knn_impute_outputs/completed_matrices/KNNimpute_completed_p50_rep22_seed76.csv,True,,KNN-Impute_NJ_p50_rep22_seed76.treefile,0.4952380952380952,105,52,53,0,52,5,5,distance,nan_euclidean,0.0373764670578826,0.0325502024781834,0.8194472629237424,0.8176385213011184,0.0038694649992976,True,True,True,0,0,0.0,0.0,12.0,0.5,6.0,12.0,12.0,0.5,0.5,0.5,Allenopithecus_nigroviridis_KJ434962|Cercopithecus_neglectus_MW160353;Cercopithecus_albogularis_KC757391|Chlorocebus_djamdjamensis_C5_KU682695;Cercopithecus_albogularis_KC757391|Cercopithecus_mitis_KJ434956|Chlorocebus_djamdjamensis_C5_KU682695;Cercocebus_atys_KT159932|Cercocebus_chrysogaster_KC757390|Cercocebus_torquatus_KJ434959|Cercopithecus_lhoesti_KJ434957;Cercocebus_atys_KT159932|Cercocebus_chrysogaster_KC757390|Cercocebus_torquatus_KJ434959|Cercopithecus_diana_KJ434958|Cercopithecus_lhoesti_KJ434957;Allenopithecus_nigroviridis_KJ434962|Cercocebus_atys_KT159932|Cercocebus_chrysogaster_KC757390|Cercocebus_torquatus_KJ434959|Cercopithecus_diana_KJ434958|Cercopithecus_lhoesti_KJ434957|Cercopithecus_neglectus_MW160353,Cercopithecus_albogularis_KC757391|Cercopithecus_mitis_KJ434956;Cercopithecus_diana_KJ434958|Cercopithecus_neglectus_MW160353;Cercopithecus_albogularis_KC757391|Cercopithecus_lhoesti_KJ434957|Cercopithecus_mitis_KJ434956;Allenopithecus_nigroviridis_KJ434962|Cercocebus_atys_KT159932|Cercocebus_chrysogaster_KC757390|Cercocebus_torquatus_KJ434959;Cercopithecus_albogularis_KC757391|Cercopithecus_diana_KJ434958|Cercopithecus_lhoesti_KJ434957|Cercopithecus_mitis_KJ434956|Cercopithecus_neglectus_MW160353;Cercopithecus_aethiops_AY863426|Chlorocebus_aethiops_C1_KU682691|Chlorocebus_aethiops_MN816163|Chlorocebus_cynosuros_C3_KU682693|Chlorocebus_cynosuros_KM262190|Chlorocebus_djamdjamensis_C5_KU682695,0.15255521343481268,0.17047861779767348,0.8724097575912169,0.851244038979888,0.15175303741383822,0.16999695372974494,0.8462502638487339,0.756043956043956,15,"{""0"":""Allenopithecus_nigroviridis_KJ434962"",""1"":""Cercocebus_atys_KT159932"",""2"":""Cercocebus_torquatus_KJ434959"",""3"":""Cercocebus_chrysogaster_KC757390"",""4"":""Cercopithecus_aethiops_AY863426"",""5"":""Chlorocebus_aethiops_C1_KU682691"",""6"":""Chlorocebus_aethiops_MN816163"",""7"":""Chlorocebus_cynosuros_C3_KU682693"",""8"":""Chlorocebus_cynosuros_KM262190"",""9"":""Chlorocebus_djamdjamensis_C5_KU682695"",""10"":""Cercopithecus_albogularis_KC757391"",""11"":""Cercopithecus_mitis_KJ434956"",""12"":""Cercopithecus_lhoesti_KJ434957"",""13"":""Cercopithecus_diana_KJ434958"",""14"":""Cercopithecus_neglectus_MW160353""}"
KNN-Impute,50,23,77,KNNimpute_completed_p50_rep23_seed77.csv,knn_impute_outputs/completed_matrices/KNNimpute_completed_p50_rep23_seed77.csv,True,,KNN-Impute_NJ_p50_rep23_seed77.treefile,0.4952380952380952,105,52,53,0,52,5,5,distance,nan_euclidean,0.0326135916859388,0.025595996256999,0.8385724141348627,0.755826859045505,0.0022134949977044,True,True,True,0,0,0.0,0.0,10.0,0.4166666666666667,7.0,12.0,12.0,0.5833333333333334,0.5833333333333334,0.5833333333333334,Cercocebus_chrysogaster_KC757390|Cercocebus_torquatus_KJ434959;Cercopithecus_aethiops_AY863426|Chlorocebus_cynosuros_C3_KU682693;Chlorocebus_cynosuros_KM262190|Chlorocebus_djamdjamensis_C5_KU682695;Cercopithecus_diana_KJ434958|Cercopithecus_lhoesti_KJ434957|Cercopithecus_neglectus_MW160353;Cercopithecus_aethiops_AY863426|Chlorocebus_cynosuros_C3_KU682693|Chlorocebus_cynosuros_KM262190|Chlorocebus_djamdjamensis_C5_KU682695,Cercocebus_atys_KT159932|Cercocebus_torquatus_KJ434959;Chlorocebus_cynosuros_C3_KU682693|Chlorocebus_cynosuros_KM262190;Cercopithecus_aethiops_AY863426|Chlorocebus_aethiops_C1_KU682691|Chlorocebus_aethiops_MN816163;Cercopithecus_albogularis_KC757391|Cercopithecus_lhoesti_KJ434957|Cercopithecus_mitis_KJ434956;Cercopithecus_aethiops_AY863426|Chlorocebus_aethiops_C1_KU682691|Chlorocebus_aethiops_MN816163|Chlorocebus_cynosuros_C3_KU682693|Chlorocebus_cynosuros_KM262190,0.1483815043894304,0.16570194940135813,0.9204346463185453,0.8800124403897988,0.14884709705101049,0.166801974393619,0.8636955372720878,0.7663902135600248,15,"{""0"":""Allenopithecus_nigroviridis_KJ434962"",""1"":""Cercocebus_atys_KT159932"",""2"":""Cercocebus_torquatus_KJ434959"",""3"":""Cercocebus_chrysogaster_KC757390"",""4"":""Cercopithecus_aethiops_AY863426"",""5"":""Chlorocebus_aethiops_C1_KU682691"",""6"":""Chlorocebus_aethiops_MN816163"",""7"":""Chlorocebus_cynosuros_C3_KU682693"",""8"":""Chlorocebus_cynosuros_KM262190"",""9"":""Chlorocebus_djamdjamensis_C5_KU682695"",""10"":""Cercopithecus_albogularis_KC757391"",""11"":""Cercopithecus_mitis_KJ434956"",""12"":""Cercopithecus_lhoesti_KJ434957"",""13"":""Cercopithecus_diana_KJ434958"",""14"":""Cercopithecus_neglectus_MW160353""}"
KNN-Impute,50,24,78,KNNimpute_completed_p50_rep24_seed78.csv,knn_impute_outputs/completed_matrices/KNNimpute_completed_p50_rep24_seed78.csv,True,,KNN-Impute_NJ_p50_rep24_seed78.treefile,0.4952380952380952,105,52,53,0,52,5,5,distance,nan_euclidean,0.0274541567509352,0.0203040159071618,0.9019922851644164,0.9088192606505592,0.002385210013017,True,True,True,0,0,0.0,0.0,6.0,0.25,9.0,12.0,12.0,0.75,0.75,0.75,Allenopithecus_nigroviridis_KJ434962|Cercopithecus_diana_KJ434958|Cercopithecus_neglectus_MW160353;Allenopithecus_nigroviridis_KJ434962|Cercocebus_atys_KT159932|Cercocebus_chrysogaster_KC757390|Cercocebus_torquatus_KJ434959|Cercopithecus_diana_KJ434958|Cercopithecus_neglectus_MW160353;Allenopithecus_nigroviridis_KJ434962|Cercocebus_atys_KT159932|Cercocebus_chrysogaster_KC757390|Cercocebus_torquatus_KJ434959|Cercopithecus_diana_KJ434958|Cercopithecus_lhoesti_KJ434957|Cercopithecus_neglectus_MW160353,Cercopithecus_albogularis_KC757391|Cercopithecus_lhoesti_KJ434957|Cercopithecus_mitis_KJ434956;Allenopithecus_nigroviridis_KJ434962|Cercocebus_atys_KT159932|Cercocebus_chrysogaster_KC757390|Cercocebus_torquatus_KJ434959;Cercopithecus_albogularis_KC757391|Cercopithecus_diana_KJ434958|Cercopithecus_lhoesti_KJ434957|Cercopithecus_mitis_KJ434956|Cercopithecus_neglectus_MW160353,0.1459593802873917,0.16207057095727698,0.9324098312304215,0.9080758863777731,0.14643622494729797,0.16263746239530735,0.9167404433973602,0.8828633630520423,15,"{""0"":""Allenopithecus_nigroviridis_KJ434962"",""1"":""Cercocebus_atys_KT159932"",""2"":""Cercocebus_torquatus_KJ434959"",""3"":""Cercocebus_chrysogaster_KC757390"",""4"":""Cercopithecus_aethiops_AY863426"",""5"":""Chlorocebus_aethiops_C1_KU682691"",""6"":""Chlorocebus_aethiops_MN816163"",""7"":""Chlorocebus_cynosuros_C3_KU682693"",""8"":""Chlorocebus_cynosuros_KM262190"",""9"":""Chlorocebus_djamdjamensis_C5_KU682695"",""10"":""Cercopithecus_albogularis_KC757391"",""11"":""Cercopithecus_mitis_KJ434956"",""12"":""Cercopithecus_lhoesti_KJ434957"",""13"":""Cercopithecus_diana_KJ434958"",""14"":""Cercopithecus_neglectus_MW160353""}"
KNN-Impute,50,25,79,KNNimpute_completed_p50_rep25_seed79.csv,knn_impute_outputs/completed_matrices/KNNimpute_completed_p50_rep25_seed79.csv,True,,KNN-Impute_NJ_p50_rep25_seed79.treefile,0.4952380952380952,105,52,53,0,52,5,5,distance,nan_euclidean,0.0377493054270813,0.0285592806414391,0.7473864146857161,0.7830615555365833,0.0028072529967175,True,True,True,0,0,0.0,0.0,16.0,0.6666666666666666,4.0,12.0,12.0,0.3333333333333333,0.3333333333333333,0.3333333333333333,Cercocebus_chrysogaster_KC757390|Cercocebus_torquatus_KJ434959;Cercopithecus_aethiops_AY863426|Chlorocebus_aethiops_MN816163;Cercopithecus_lhoesti_KJ434957|Cercopithecus_mitis_KJ434956;Chlorocebus_aethiops_C1_KU682691|Chlorocebus_cynosuros_C3_KU682693;Chlorocebus_aethiops_C1_KU682691|Chlorocebus_cynosuros_C3_KU682693|Chlorocebus_djamdjamensis_C5_KU682695;Chlorocebus_aethiops_C1_KU682691|Chlorocebus_cynosuros_C3_KU682693|Chlorocebus_cynosuros_KM262190|Chlorocebus_djamdjamensis_C5_KU682695;Cercocebus_atys_KT159932|Cercocebus_chrysogaster_KC757390|Cercocebus_torquatus_KJ434959|Cercopithecus_diana_KJ434958|Cercopithecus_neglectus_MW160353;Allenopithecus_nigroviridis_KJ434962|Cercopithecus_aethiops_AY863426|Chlorocebus_aethiops_C1_KU682691|Chlorocebus_aethiops_MN816163|Chlorocebus_cynosuros_C3_KU682693|Chlorocebus_cynosuros_KM262190|Chlorocebus_djamdjamensis_C5_KU682695,Cercocebus_atys_KT159932|Cercocebus_torquatus_KJ434959;Cercopithecus_albogularis_KC757391|Cercopithecus_mitis_KJ434956;Chlorocebus_aethiops_C1_KU682691|Chlorocebus_aethiops_MN816163;Chlorocebus_cynosuros_C3_KU682693|Chlorocebus_cynosuros_KM262190;Cercopithecus_aethiops_AY863426|Chlorocebus_aethiops_C1_KU682691|Chlorocebus_aethiops_MN816163;Allenopithecus_nigroviridis_KJ434962|Cercocebus_atys_KT159932|Cercocebus_chrysogaster_KC757390|Cercocebus_torquatus_KJ434959;Cercopithecus_aethiops_AY863426|Chlorocebus_aethiops_C1_KU682691|Chlorocebus_aethiops_MN816163|Chlorocebus_cynosuros_C3_KU682693|Chlorocebus_cynosuros_KM262190;Cercopithecus_albogularis_KC757391|Cercopithecus_diana_KJ434958|Cercopithecus_lhoesti_KJ434957|Cercopithecus_mitis_KJ434956|Cercopithecus_neglectus_MW160353,0.14913779364823304,0.16578952656671994,0.8870314347558775,0.7972527472527472,0.14959225324729525,0.16629661010977081,0.8467321001855908,0.795200082935932,15,"{""0"":""Allenopithecus_nigroviridis_KJ434962"",""1"":""Cercocebus_atys_KT159932"",""2"":""Cercocebus_torquatus_KJ434959"",""3"":""Cercocebus_chrysogaster_KC757390"",""4"":""Cercopithecus_aethiops_AY863426"",""5"":""Chlorocebus_aethiops_C1_KU682691"",""6"":""Chlorocebus_aethiops_MN816163"",""7"":""Chlorocebus_cynosuros_C3_KU682693"",""8"":""Chlorocebus_cynosuros_KM262190"",""9"":""Chlorocebus_djamdjamensis_C5_KU682695"",""10"":""Cercopithecus_albogularis_KC757391"",""11"":""Cercopithecus_mitis_KJ434956"",""12"":""Cercopithecus_lhoesti_KJ434957"",""13"":""Cercopithecus_diana_KJ434958"",""14"":""Cercopithecus_neglectus_MW160353""}"
KNN-Impute,50,26,80,KNNimpute_completed_p50_rep26_seed80.csv,knn_impute_outputs/completed_matrices/KNNimpute_completed_p50_rep26_seed80.csv,True,,KNN-Impute_NJ_p50_rep26_seed80.treefile,0.4952380952380952,105,52,53,0,52,5,5,distance,nan_euclidean,0.0338170356721275,0.0264747116595034,0.807041876330868,0.737215060189533,0.0025653699995018,True,True,True,0,0,0.0,0.0,16.0,0.6666666666666666,4.0,12.0,12.0,0.3333333333333333,0.3333333333333333,0.3333333333333333,Allenopithecus_nigroviridis_KJ434962|Cercopithecus_lhoesti_KJ434957;Cercocebus_atys_KT159932|Cercocebus_chrysogaster_KC757390;Cercopithecus_aethiops_AY863426|Cercopithecus_diana_KJ434958;Allenopithecus_nigroviridis_KJ434962|Cercopithecus_lhoesti_KJ434957|Cercopithecus_neglectus_MW160353;Chlorocebus_aethiops_C1_KU682691|Chlorocebus_aethiops_MN816163|Chlorocebus_cynosuros_C3_KU682693|Chlorocebus_cynosuros_KM262190;Cercocebus_atys_KT159932|Cercocebus_chrysogaster_KC757390|Cercocebus_torquatus_KJ434959|Cercopithecus_albogularis_KC757391|Cercopithecus_mitis_KJ434956;Chlorocebus_aethiops_C1_KU682691|Chlorocebus_aethiops_MN816163|Chlorocebus_cynosuros_C3_KU682693|Chlorocebus_cynosuros_KM262190|Chlorocebus_djamdjamensis_C5_KU682695;Cercopithecus_aethiops_AY863426|Cercopithecus_diana_KJ434958|Chlorocebus_aethiops_C1_KU682691|Chlorocebus_aethiops_MN816163|Chlorocebus_cynosuros_C3_KU682693|Chlorocebus_cynosuros_KM262190|Chlorocebus_djamdjamensis_C5_KU682695,Cercocebus_atys_KT159932|Cercocebus_torquatus_KJ434959;Cercopithecus_diana_KJ434958|Cercopithecus_neglectus_MW160353;Cercopithecus_aethiops_AY863426|Chlorocebus_aethiops_C1_KU682691|Chlorocebus_aethiops_MN816163;Cercopithecus_albogularis_KC757391|Cercopithecus_lhoesti_KJ434957|Cercopithecus_mitis_KJ434956;Allenopithecus_nigroviridis_KJ434962|Cercocebus_atys_KT159932|Cercocebus_chrysogaster_KC757390|Cercocebus_torquatus_KJ434959;Cercopithecus_aethiops_AY863426|Chlorocebus_aethiops_C1_KU682691|Chlorocebus_aethiops_MN816163|Chlorocebus_cynosuros_C3_KU682693|Chlorocebus_cynosuros_KM262190;Cercopithecus_albogularis_KC757391|Cercopithecus_diana_KJ434958|Cercopithecus_lhoesti_KJ434957|Cercopithecus_mitis_KJ434956|Cercopithecus_neglectus_MW160353;Cercopithecus_aethiops_AY863426|Chlorocebus_aethiops_C1_KU682691|Chlorocebus_aethiops_MN816163|Chlorocebus_cynosuros_C3_KU682693|Chlorocebus_cynosuros_KM262190|Chlorocebus_djamdjamensis_C5_KU682695,0.14851797354729454,0.16639121283755062,0.8713942815242423,0.8060854240099523,0.14801380149795224,0.16627631766673553,0.8494711623997042,0.8069458843043749,15,"{""0"":""Allenopithecus_nigroviridis_KJ434962"",""1"":""Cercocebus_atys_KT159932"",""2"":""Cercocebus_torquatus_KJ434959"",""3"":""Cercocebus_chrysogaster_KC757390"",""4"":""Cercopithecus_aethiops_AY863426"",""5"":""Chlorocebus_aethiops_C1_KU682691"",""6"":""Chlorocebus_aethiops_MN816163"",""7"":""Chlorocebus_cynosuros_C3_KU682693"",""8"":""Chlorocebus_cynosuros_KM262190"",""9"":""Chlorocebus_djamdjamensis_C5_KU682695"",""10"":""Cercopithecus_albogularis_KC757391"",""11"":""Cercopithecus_mitis_KJ434956"",""12"":""Cercopithecus_lhoesti_KJ434957"",""13"":""Cercopithecus_diana_KJ434958"",""14"":""Cercopithecus_neglectus_MW160353""}"
KNN-Impute,50,27,81,KNNimpute_completed_p50_rep27_seed81.csv,knn_impute_outputs/completed_matrices/KNNimpute_completed_p50_rep27_seed81.csv,True,,KNN-Impute_NJ_p50_rep27_seed81.treefile,0.4952380952380952,105,52,53,0,52,5,5,distance,nan_euclidean,0.0428766794426636,0.0365973965487961,0.757771943620044,0.5467429352002049,0.0045920150005258,True,True,True,0,0,0.0,0.0,14.0,0.5833333333333334,5.0,12.0,12.0,0.4166666666666667,0.4166666666666667,0.4166666666666667,Cercocebus_chrysogaster_KC757390|Cercocebus_torquatus_KJ434959;Cercopithecus_aethiops_AY863426|Chlorocebus_cynosuros_C3_KU682693;Cercopithecus_albogularis_KC757391|Cercopithecus_lhoesti_KJ434957;Chlorocebus_aethiops_C1_KU682691|Chlorocebus_aethiops_MN816163|Chlorocebus_cynosuros_KM262190;Cercocebus_atys_KT159932|Cercocebus_chrysogaster_KC757390|Cercocebus_torquatus_KJ434959|Cercopithecus_diana_KJ434958;Cercocebus_atys_KT159932|Cercocebus_chrysogaster_KC757390|Cercocebus_torquatus_KJ434959|Cercopithecus_diana_KJ434958|Cercopithecus_neglectus_MW160353;Allenopithecus_nigroviridis_KJ434962|Cercopithecus_aethiops_AY863426|Chlorocebus_aethiops_C1_KU682691|Chlorocebus_aethiops_MN816163|Chlorocebus_cynosuros_C3_KU682693|Chlorocebus_cynosuros_KM262190|Chlorocebus_djamdjamensis_C5_KU682695,Cercocebus_atys_KT159932|Cercocebus_torquatus_KJ434959;Cercopithecus_albogularis_KC757391|Cercopithecus_mitis_KJ434956;Cercopithecus_diana_KJ434958|Cercopithecus_neglectus_MW160353;Chlorocebus_cynosuros_C3_KU682693|Chlorocebus_cynosuros_KM262190;Cercopithecus_aethiops_AY863426|Chlorocebus_aethiops_C1_KU682691|Chlorocebus_aethiops_MN816163;Allenopithecus_nigroviridis_KJ434962|Cercocebus_atys_KT159932|Cercocebus_chrysogaster_KC757390|Cercocebus_torquatus_KJ434959;Cercopithecus_albogularis_KC757391|Cercopithecus_diana_KJ434958|Cercopithecus_lhoesti_KJ434957|Cercopithecus_mitis_KJ434956|Cercopithecus_neglectus_MW160353,0.15465825116355678,0.1743048031409699,0.8335274666085304,0.7377047480821065,0.1545319825172562,0.17476565359154983,0.7667298248823523,0.6470972423802612,15,"{""0"":""Allenopithecus_nigroviridis_KJ434962"",""1"":""Cercocebus_atys_KT159932"",""2"":""Cercocebus_torquatus_KJ434959"",""3"":""Cercocebus_chrysogaster_KC757390"",""4"":""Cercopithecus_aethiops_AY863426"",""5"":""Chlorocebus_aethiops_C1_KU682691"",""6"":""Chlorocebus_aethiops_MN816163"",""7"":""Chlorocebus_cynosuros_C3_KU682693"",""8"":""Chlorocebus_cynosuros_KM262190"",""9"":""Chlorocebus_djamdjamensis_C5_KU682695"",""10"":""Cercopithecus_albogularis_KC757391"",""11"":""Cercopithecus_mitis_KJ434956"",""12"":""Cercopithecus_lhoesti_KJ434957"",""13"":""Cercopithecus_diana_KJ434958"",""14"":""Cercopithecus_neglectus_MW160353""}"
KNN-Impute,50,28,82,KNNimpute_completed_p50_rep28_seed82.csv,knn_impute_outputs/completed_matrices/KNNimpute_completed_p50_rep28_seed82.csv,True,,KNN-Impute_NJ_p50_rep28_seed82.treefile,0.4952380952380952,105,52,53,0,52,5,5,distance,nan_euclidean,0.0333213883490111,0.0243341256141076,0.8101464841134121,0.7787927943310852,0.0042535870015854,True,True,True,0,0,0.0,0.0,12.0,0.5,6.0,12.0,12.0,0.5,0.5,0.5,Allenopithecus_nigroviridis_KJ434962|Cercopithecus_diana_KJ434958;Cercopithecus_albogularis_KC757391|Cercopithecus_neglectus_MW160353;Cercopithecus_lhoesti_KJ434957|Cercopithecus_mitis_KJ434956;Chlorocebus_cynosuros_C3_KU682693|Chlorocebus_cynosuros_KM262190|Chlorocebus_djamdjamensis_C5_KU682695;Cercocebus_atys_KT159932|Cercocebus_chrysogaster_KC757390|Cercocebus_torquatus_KJ434959|Cercopithecus_albogularis_KC757391|Cercopithecus_neglectus_MW160353;Cercocebus_atys_KT159932|Cercocebus_chrysogaster_KC757390|Cercocebus_torquatus_KJ434959|Cercopithecus_albogularis_KC757391|Cercopithecus_lhoesti_KJ434957|Cercopithecus_mitis_KJ434956|Cercopithecus_neglectus_MW160353,Cercopithecus_albogularis_KC757391|Cercopithecus_mitis_KJ434956;Cercopithecus_diana_KJ434958|Cercopithecus_neglectus_MW160353;Cercopithecus_albogularis_KC757391|Cercopithecus_lhoesti_KJ434957|Cercopithecus_mitis_KJ434956;Allenopithecus_nigroviridis_KJ434962|Cercocebus_atys_KT159932|Cercocebus_chrysogaster_KC757390|Cercocebus_torquatus_KJ434959;Cercopithecus_aethiops_AY863426|Chlorocebus_aethiops_C1_KU682691|Chlorocebus_aethiops_MN816163|Chlorocebus_cynosuros_C3_KU682693|Chlorocebus_cynosuros_KM262190;Cercopithecus_albogularis_KC757391|Cercopithecus_diana_KJ434958|Cercopithecus_lhoesti_KJ434957|Cercopithecus_mitis_KJ434956|Cercopithecus_neglectus_MW160353,0.14740128655955442,0.16376288781319454,0.9089193370307983,0.8695521459672403,0.1477285658212967,0.16421795922934662,0.8813066375832819,0.8310906075057017,15,"{""0"":""Allenopithecus_nigroviridis_KJ434962"",""1"":""Cercocebus_atys_KT159932"",""2"":""Cercocebus_torquatus_KJ434959"",""3"":""Cercocebus_chrysogaster_KC757390"",""4"":""Cercopithecus_aethiops_AY863426"",""5"":""Chlorocebus_aethiops_C1_KU682691"",""6"":""Chlorocebus_aethiops_MN816163"",""7"":""Chlorocebus_cynosuros_C3_KU682693"",""8"":""Chlorocebus_cynosuros_KM262190"",""9"":""Chlorocebus_djamdjamensis_C5_KU682695"",""10"":""Cercopithecus_albogularis_KC757391"",""11"":""Cercopithecus_mitis_KJ434956"",""12"":""Cercopithecus_lhoesti_KJ434957"",""13"":""Cercopithecus_diana_KJ434958"",""14"":""Cercopithecus_neglectus_MW160353""}"
KNN-Impute,50,29,83,KNNimpute_completed_p50_rep29_seed83.csv,knn_impute_outputs/completed_matrices/KNNimpute_completed_p50_rep29_seed83.csv,True,,KNN-Impute_NJ_p50_rep29_seed83.treefile,0.4952380952380952,105,52,53,0,52,5,5,distance,nan_euclidean,0.035350001019244,0.0287729931310154,0.8393898073661261,0.7004183385981388,0.0027165879873791,True,True,True,0,0,0.0,0.0,10.0,0.4166666666666667,7.0,12.0,12.0,0.5833333333333334,0.5833333333333334,0.5833333333333334,Cercocebus_chrysogaster_KC757390|Cercocebus_torquatus_KJ434959;Cercopithecus_aethiops_AY863426|Chlorocebus_aethiops_C1_KU682691;Cercopithecus_aethiops_AY863426|Chlorocebus_aethiops_C1_KU682691|Chlorocebus_cynosuros_C3_KU682693|Chlorocebus_cynosuros_KM262190;Cercopithecus_albogularis_KC757391|Cercopithecus_lhoesti_KJ434957|Cercopithecus_mitis_KJ434956|Cercopithecus_neglectus_MW160353;Allenopithecus_nigroviridis_KJ434962|Cercopithecus_aethiops_AY863426|Chlorocebus_aethiops_C1_KU682691|Chlorocebus_aethiops_MN816163|Chlorocebus_cynosuros_C3_KU682693|Chlorocebus_cynosuros_KM262190|Chlorocebus_djamdjamensis_C5_KU682695,Cercocebus_atys_KT159932|Cercocebus_torquatus_KJ434959;Cercopithecus_diana_KJ434958|Cercopithecus_neglectus_MW160353;Chlorocebus_aethiops_C1_KU682691|Chlorocebus_aethiops_MN816163;Cercopithecus_aethiops_AY863426|Chlorocebus_aethiops_C1_KU682691|Chlorocebus_aethiops_MN816163;Allenopithecus_nigroviridis_KJ434962|Cercocebus_atys_KT159932|Cercocebus_chrysogaster_KC757390|Cercocebus_torquatus_KJ434959,0.15025668745829956,0.16762102127506404,0.8905536203228738,0.8023533070702883,0.1505162011726337,0.1685317559927515,0.8517041037234148,0.7331536388140161,15,"{""0"":""Allenopithecus_nigroviridis_KJ434962"",""1"":""Cercocebus_atys_KT159932"",""2"":""Cercocebus_torquatus_KJ434959"",""3"":""Cercocebus_chrysogaster_KC757390"",""4"":""Cercopithecus_aethiops_AY863426"",""5"":""Chlorocebus_aethiops_C1_KU682691"",""6"":""Chlorocebus_aethiops_MN816163"",""7"":""Chlorocebus_cynosuros_C3_KU682693"",""8"":""Chlorocebus_cynosuros_KM262190"",""9"":""Chlorocebus_djamdjamensis_C5_KU682695"",""10"":""Cercopithecus_albogularis_KC757391"",""11"":""Cercopithecus_mitis_KJ434956"",""12"":""Cercopithecus_lhoesti_KJ434957"",""13"":""Cercopithecus_diana_KJ434958"",""14"":""Cercopithecus_neglectus_MW160353""}"
KNN-Impute,50,30,84,KNNimpute_completed_p50_rep30_seed84.csv,knn_impute_outputs/completed_matrices/KNNimpute_completed_p50_rep30_seed84.csv,True,,KNN-Impute_NJ_p50_rep30_seed84.treefile,0.4952380952380952,105,52,53,0,52,5,5,distance,nan_euclidean,0.0351374536020118,0.0283575640236918,0.8549753751533765,0.7083582344403654,0.0023419739882228,True,True,True,0,0,0.0,0.0,8.0,0.3333333333333333,8.0,12.0,12.0,0.6666666666666666,0.6666666666666666,0.6666666666666666,Cercopithecus_albogularis_KC757391|Cercopithecus_neglectus_MW160353;Cercopithecus_diana_KJ434958|Cercopithecus_lhoesti_KJ434957;Cercopithecus_albogularis_KC757391|Cercopithecus_mitis_KJ434956|Cercopithecus_neglectus_MW160353;Chlorocebus_cynosuros_C3_KU682693|Chlorocebus_cynosuros_KM262190|Chlorocebus_djamdjamensis_C5_KU682695,Cercopithecus_albogularis_KC757391|Cercopithecus_mitis_KJ434956;Cercopithecus_diana_KJ434958|Cercopithecus_neglectus_MW160353;Cercopithecus_albogularis_KC757391|Cercopithecus_lhoesti_KJ434957|Cercopithecus_mitis_KJ434956;Cercopithecus_aethiops_AY863426|Chlorocebus_aethiops_C1_KU682691|Chlorocebus_aethiops_MN816163|Chlorocebus_cynosuros_C3_KU682693|Chlorocebus_cynosuros_KM262190,0.15072429340765942,0.166954453481884,0.9088013169663468,0.8539705577441427,0.15024455982147372,0.16715525555549499,0.8729735409937497,0.7869583246941737,15,"{""0"":""Allenopithecus_nigroviridis_KJ434962"",""1"":""Cercocebus_atys_KT159932"",""2"":""Cercocebus_torquatus_KJ434959"",""3"":""Cercocebus_chrysogaster_KC757390"",""4"":""Cercopithecus_aethiops_AY863426"",""5"":""Chlorocebus_aethiops_C1_KU682691"",""6"":""Chlorocebus_aethiops_MN816163"",""7"":""Chlorocebus_cynosuros_C3_KU682693"",""8"":""Chlorocebus_cynosuros_KM262190"",""9"":""Chlorocebus_djamdjamensis_C5_KU682695"",""10"":""Cercopithecus_albogularis_KC757391"",""11"":""Cercopithecus_mitis_KJ434956"",""12"":""Cercopithecus_lhoesti_KJ434957"",""13"":""Cercopithecus_diana_KJ434958"",""14"":""Cercopithecus_neglectus_MW160353""}"
KNN-Impute,65,1,55,KNNimpute_completed_p65_rep01_seed55.csv,knn_impute_outputs/completed_matrices/KNNimpute_completed_p65_rep01_seed55.csv,True,,KNN-Impute_NJ_p65_rep01_seed55.treefile,0.6476190476190476,105,68,37,0,68,5,5,distance,nan_euclidean,0.0440440626813517,0.0376819403307116,0.6457096536252152,0.4737565370080543,0.0022447090013884,True,True,True,0,0,0.0,0.0,18.0,0.75,3.0,12.0,12.0,0.25,0.25,0.25,Allenopithecus_nigroviridis_KJ434962|Cercocebus_chrysogaster_KC757390;Chlorocebus_aethiops_C1_KU682691|Chlorocebus_cynosuros_KM262190;Chlorocebus_aethiops_MN816163|Chlorocebus_djamdjamensis_C5_KU682695;Allenopithecus_nigroviridis_KJ434962|Cercocebus_chrysogaster_KC757390|Cercopithecus_neglectus_MW160353;Cercopithecus_albogularis_KC757391|Cercopithecus_diana_KJ434958|Cercopithecus_mitis_KJ434956;Chlorocebus_aethiops_C1_KU682691|Chlorocebus_cynosuros_C3_KU682693|Chlorocebus_cynosuros_KM262190;Cercopithecus_albogularis_KC757391|Cercopithecus_diana_KJ434958|Cercopithecus_lhoesti_KJ434957|Cercopithecus_mitis_KJ434956;Chlorocebus_aethiops_C1_KU682691|Chlorocebus_aethiops_MN816163|Chlorocebus_cynosuros_C3_KU682693|Chlorocebus_cynosuros_KM262190|Chlorocebus_djamdjamensis_C5_KU682695;Allenopithecus_nigroviridis_KJ434962|Cercocebus_chrysogaster_KC757390|Cercopithecus_albogularis_KC757391|Cercopithecus_diana_KJ434958|Cercopithecus_lhoesti_KJ434957|Cercopithecus_mitis_KJ434956|Cercopithecus_neglectus_MW160353,Cercopithecus_diana_KJ434958|Cercopithecus_neglectus_MW160353;Chlorocebus_aethiops_C1_KU682691|Chlorocebus_aethiops_MN816163;Chlorocebus_cynosuros_C3_KU682693|Chlorocebus_cynosuros_KM262190;Cercocebus_atys_KT159932|Cercocebus_chrysogaster_KC757390|Cercocebus_torquatus_KJ434959;Cercopithecus_aethiops_AY863426|Chlorocebus_aethiops_C1_KU682691|Chlorocebus_aethiops_MN816163;Cercopithecus_albogularis_KC757391|Cercopithecus_lhoesti_KJ434957|Cercopithecus_mitis_KJ434956;Allenopithecus_nigroviridis_KJ434962|Cercocebus_atys_KT159932|Cercocebus_chrysogaster_KC757390|Cercocebus_torquatus_KJ434959;Cercopithecus_aethiops_AY863426|Chlorocebus_aethiops_C1_KU682691|Chlorocebus_aethiops_MN816163|Chlorocebus_cynosuros_C3_KU682693|Chlorocebus_cynosuros_KM262190;Cercopithecus_albogularis_KC757391|Cercopithecus_diana_KJ434958|Cercopithecus_lhoesti_KJ434957|Cercopithecus_mitis_KJ434956|Cercopithecus_neglectus_MW160353,0.15840058802688417,0.1781015286237587,0.7200979533094475,0.5461227451793489,0.1588558120589536,0.17903844624935772,0.6706060928971825,0.50866680489322,15,"{""0"":""Allenopithecus_nigroviridis_KJ434962"",""1"":""Cercocebus_atys_KT159932"",""2"":""Cercocebus_torquatus_KJ434959"",""3"":""Cercocebus_chrysogaster_KC757390"",""4"":""Cercopithecus_aethiops_AY863426"",""5"":""Chlorocebus_aethiops_C1_KU682691"",""6"":""Chlorocebus_aethiops_MN816163"",""7"":""Chlorocebus_cynosuros_C3_KU682693"",""8"":""Chlorocebus_cynosuros_KM262190"",""9"":""Chlorocebus_djamdjamensis_C5_KU682695"",""10"":""Cercopithecus_albogularis_KC757391"",""11"":""Cercopithecus_mitis_KJ434956"",""12"":""Cercopithecus_lhoesti_KJ434957"",""13"":""Cercopithecus_diana_KJ434958"",""14"":""Cercopithecus_neglectus_MW160353""}"
KNN-Impute,65,2,56,KNNimpute_completed_p65_rep02_seed56.csv,knn_impute_outputs/completed_matrices/KNNimpute_completed_p65_rep02_seed56.csv,True,,KNN-Impute_NJ_p65_rep02_seed56.treefile,0.6476190476190476,105,68,37,0,68,5,5,distance,nan_euclidean,0.0455552318389992,0.0366704529603788,0.61873724845084,0.6596938580753521,0.0026225550100207,True,True,True,0,0,0.0,0.0,16.0,0.6666666666666666,4.0,12.0,12.0,0.3333333333333333,0.3333333333333333,0.3333333333333333,Cercocebus_atys_KT159932|Cercocebus_chrysogaster_KC757390;Cercopithecus_aethiops_AY863426|Chlorocebus_cynosuros_C3_KU682693;Cercopithecus_lhoesti_KJ434957|Cercopithecus_mitis_KJ434956;Cercopithecus_aethiops_AY863426|Chlorocebus_cynosuros_C3_KU682693|Chlorocebus_cynosuros_KM262190;Cercopithecus_aethiops_AY863426|Chlorocebus_aethiops_MN816163|Chlorocebus_cynosuros_C3_KU682693|Chlorocebus_cynosuros_KM262190;Allenopithecus_nigroviridis_KJ434962|Cercocebus_atys_KT159932|Cercocebus_chrysogaster_KC757390|Cercocebus_torquatus_KJ434959|Chlorocebus_aethiops_C1_KU682691;Allenopithecus_nigroviridis_KJ434962|Cercocebus_atys_KT159932|Cercocebus_chrysogaster_KC757390|Cercocebus_torquatus_KJ434959|Cercopithecus_diana_KJ434958|Cercopithecus_neglectus_MW160353|Chlorocebus_aethiops_C1_KU682691;Cercopithecus_aethiops_AY863426|Cercopithecus_albogularis_KC757391|Cercopithecus_lhoesti_KJ434957|Cercopithecus_mitis_KJ434956|Chlorocebus_aethiops_MN816163|Chlorocebus_cynosuros_C3_KU682693|Chlorocebus_cynosuros_KM262190,Cercocebus_atys_KT159932|Cercocebus_torquatus_KJ434959;Cercopithecus_albogularis_KC757391|Cercopithecus_mitis_KJ434956;Chlorocebus_aethiops_C1_KU682691|Chlorocebus_aethiops_MN816163;Chlorocebus_cynosuros_C3_KU682693|Chlorocebus_cynosuros_KM262190;Cercopithecus_aethiops_AY863426|Chlorocebus_aethiops_C1_KU682691|Chlorocebus_aethiops_MN816163;Cercopithecus_aethiops_AY863426|Chlorocebus_aethiops_C1_KU682691|Chlorocebus_aethiops_MN816163|Chlorocebus_cynosuros_C3_KU682693|Chlorocebus_cynosuros_KM262190;Cercopithecus_albogularis_KC757391|Cercopithecus_diana_KJ434958|Cercopithecus_lhoesti_KJ434957|Cercopithecus_mitis_KJ434956|Cercopithecus_neglectus_MW160353;Cercopithecus_aethiops_AY863426|Chlorocebus_aethiops_C1_KU682691|Chlorocebus_aethiops_MN816163|Chlorocebus_cynosuros_C3_KU682693|Chlorocebus_cynosuros_KM262190|Chlorocebus_djamdjamensis_C5_KU682695,0.1563296738866447,0.17324482711033803,0.7307600931345117,0.7390835579514824,0.15833942977337978,0.17542836169162246,0.7291739417301509,0.7306137258967447,15,"{""0"":""Allenopithecus_nigroviridis_KJ434962"",""1"":""Cercocebus_atys_KT159932"",""2"":""Cercocebus_torquatus_KJ434959"",""3"":""Cercocebus_chrysogaster_KC757390"",""4"":""Cercopithecus_aethiops_AY863426"",""5"":""Chlorocebus_aethiops_C1_KU682691"",""6"":""Chlorocebus_aethiops_MN816163"",""7"":""Chlorocebus_cynosuros_C3_KU682693"",""8"":""Chlorocebus_cynosuros_KM262190"",""9"":""Chlorocebus_djamdjamensis_C5_KU682695"",""10"":""Cercopithecus_albogularis_KC757391"",""11"":""Cercopithecus_mitis_KJ434956"",""12"":""Cercopithecus_lhoesti_KJ434957"",""13"":""Cercopithecus_diana_KJ434958"",""14"":""Cercopithecus_neglectus_MW160353""}"
KNN-Impute,65,3,57,KNNimpute_completed_p65_rep03_seed57.csv,knn_impute_outputs/completed_matrices/KNNimpute_completed_p65_rep03_seed57.csv,True,,KNN-Impute_NJ_p65_rep03_seed57.treefile,0.6476190476190476,105,68,37,0,68,5,5,distance,nan_euclidean,0.0471947803618955,0.0342278415157593,0.6271844064918526,0.5202122380425239,0.0024568989902036,True,True,True,0,0,0.0,0.0,16.0,0.6666666666666666,4.0,12.0,12.0,0.3333333333333333,0.3333333333333333,0.3333333333333333,Allenopithecus_nigroviridis_KJ434962|Cercopithecus_mitis_KJ434956;Cercopithecus_albogularis_KC757391|Cercopithecus_diana_KJ434958;Cercopithecus_lhoesti_KJ434957|Cercopithecus_neglectus_MW160353;Allenopithecus_nigroviridis_KJ434962|Cercopithecus_albogularis_KC757391|Cercopithecus_diana_KJ434958|Cercopithecus_mitis_KJ434956;Cercocebus_atys_KT159932|Cercocebus_chrysogaster_KC757390|Cercocebus_torquatus_KJ434959|Chlorocebus_djamdjamensis_C5_KU682695;Allenopithecus_nigroviridis_KJ434962|Cercopithecus_albogularis_KC757391|Cercopithecus_diana_KJ434958|Cercopithecus_lhoesti_KJ434957|Cercopithecus_mitis_KJ434956|Cercopithecus_neglectus_MW160353;Allenopithecus_nigroviridis_KJ434962|Cercopithecus_albogularis_KC757391|Cercopithecus_diana_KJ434958|Cercopithecus_lhoesti_KJ434957|Cercopithecus_mitis_KJ434956|Cercopithecus_neglectus_MW160353|Chlorocebus_cynosuros_C3_KU682693;Cercocebus_atys_KT159932|Cercocebus_chrysogaster_KC757390|Cercocebus_torquatus_KJ434959|Cercopithecus_aethiops_AY863426|Chlorocebus_aethiops_C1_KU682691|Chlorocebus_aethiops_MN816163|Chlorocebus_djamdjamensis_C5_KU682695,Cercopithecus_albogularis_KC757391|Cercopithecus_mitis_KJ434956;Cercopithecus_diana_KJ434958|Cercopithecus_neglectus_MW160353;Chlorocebus_cynosuros_C3_KU682693|Chlorocebus_cynosuros_KM262190;Cercopithecus_albogularis_KC757391|Cercopithecus_lhoesti_KJ434957|Cercopithecus_mitis_KJ434956;Allenopithecus_nigroviridis_KJ434962|Cercocebus_atys_KT159932|Cercocebus_chrysogaster_KC757390|Cercocebus_torquatus_KJ434959;Cercopithecus_aethiops_AY863426|Chlorocebus_aethiops_C1_KU682691|Chlorocebus_aethiops_MN816163|Chlorocebus_cynosuros_C3_KU682693|Chlorocebus_cynosuros_KM262190;Cercopithecus_albogularis_KC757391|Cercopithecus_diana_KJ434958|Cercopithecus_lhoesti_KJ434957|Cercopithecus_mitis_KJ434956|Cercopithecus_neglectus_MW160353;Cercopithecus_aethiops_AY863426|Chlorocebus_aethiops_C1_KU682691|Chlorocebus_aethiops_MN816163|Chlorocebus_cynosuros_C3_KU682693|Chlorocebus_cynosuros_KM262190|Chlorocebus_djamdjamensis_C5_KU682695,0.1508639167702011,0.16942316556223433,0.7448644291114123,0.7158925979680697,0.15740209342858225,0.1777413632633365,0.7033815964028598,0.6590192826041883,15,"{""0"":""Allenopithecus_nigroviridis_KJ434962"",""1"":""Cercocebus_atys_KT159932"",""2"":""Cercocebus_torquatus_KJ434959"",""3"":""Cercocebus_chrysogaster_KC757390"",""4"":""Cercopithecus_aethiops_AY863426"",""5"":""Chlorocebus_aethiops_C1_KU682691"",""6"":""Chlorocebus_aethiops_MN816163"",""7"":""Chlorocebus_cynosuros_C3_KU682693"",""8"":""Chlorocebus_cynosuros_KM262190"",""9"":""Chlorocebus_djamdjamensis_C5_KU682695"",""10"":""Cercopithecus_albogularis_KC757391"",""11"":""Cercopithecus_mitis_KJ434956"",""12"":""Cercopithecus_lhoesti_KJ434957"",""13"":""Cercopithecus_diana_KJ434958"",""14"":""Cercopithecus_neglectus_MW160353""}"
KNN-Impute,65,4,58,KNNimpute_completed_p65_rep04_seed58.csv,knn_impute_outputs/completed_matrices/KNNimpute_completed_p65_rep04_seed58.csv,True,,KNN-Impute_NJ_p65_rep04_seed58.treefile,0.6476190476190476,105,68,37,0,68,5,5,distance,nan_euclidean,0.0442865111205588,0.0337909162891971,0.6577496533862316,0.7029430850860786,0.0023350859992206,True,True,True,0,0,0.0,0.0,16.0,0.6666666666666666,4.0,12.0,12.0,0.3333333333333333,0.3333333333333333,0.3333333333333333,Allenopithecus_nigroviridis_KJ434962|Cercopithecus_albogularis_KC757391;Cercocebus_chrysogaster_KC757390|Cercocebus_torquatus_KJ434959;Cercopithecus_mitis_KJ434956|Chlorocebus_cynosuros_C3_KU682693;Allenopithecus_nigroviridis_KJ434962|Cercopithecus_albogularis_KC757391|Chlorocebus_djamdjamensis_C5_KU682695;Cercocebus_atys_KT159932|Cercocebus_chrysogaster_KC757390|Cercocebus_torquatus_KJ434959|Cercopithecus_lhoesti_KJ434957;Cercopithecus_aethiops_AY863426|Chlorocebus_aethiops_C1_KU682691|Chlorocebus_aethiops_MN816163|Chlorocebus_cynosuros_KM262190;Allenopithecus_nigroviridis_KJ434962|Cercopithecus_albogularis_KC757391|Cercopithecus_diana_KJ434958|Cercopithecus_neglectus_MW160353|Chlorocebus_djamdjamensis_C5_KU682695;Cercopithecus_aethiops_AY863426|Cercopithecus_mitis_KJ434956|Chlorocebus_aethiops_C1_KU682691|Chlorocebus_aethiops_MN816163|Chlorocebus_cynosuros_C3_KU682693|Chlorocebus_cynosuros_KM262190,Cercocebus_atys_KT159932|Cercocebus_torquatus_KJ434959;Cercopithecus_albogularis_KC757391|Cercopithecus_mitis_KJ434956;Chlorocebus_cynosuros_C3_KU682693|Chlorocebus_cynosuros_KM262190;Cercopithecus_albogularis_KC757391|Cercopithecus_lhoesti_KJ434957|Cercopithecus_mitis_KJ434956;Allenopithecus_nigroviridis_KJ434962|Cercocebus_atys_KT159932|Cercocebus_chrysogaster_KC757390|Cercocebus_torquatus_KJ434959;Cercopithecus_aethiops_AY863426|Chlorocebus_aethiops_C1_KU682691|Chlorocebus_aethiops_MN816163|Chlorocebus_cynosuros_C3_KU682693|Chlorocebus_cynosuros_KM262190;Cercopithecus_albogularis_KC757391|Cercopithecus_diana_KJ434958|Cercopithecus_lhoesti_KJ434957|Cercopithecus_mitis_KJ434956|Cercopithecus_neglectus_MW160353;Cercopithecus_aethiops_AY863426|Chlorocebus_aethiops_C1_KU682691|Chlorocebus_aethiops_MN816163|Chlorocebus_cynosuros_C3_KU682693|Chlorocebus_cynosuros_KM262190|Chlorocebus_djamdjamensis_C5_KU682695,0.1573160387167408,0.1742340560153055,0.7834667387564109,0.8170744349989632,0.15689646773760843,0.17548718765864574,0.7587965503162735,0.7344080447854032,15,"{""0"":""Allenopithecus_nigroviridis_KJ434962"",""1"":""Cercocebus_atys_KT159932"",""2"":""Cercocebus_torquatus_KJ434959"",""3"":""Cercocebus_chrysogaster_KC757390"",""4"":""Cercopithecus_aethiops_AY863426"",""5"":""Chlorocebus_aethiops_C1_KU682691"",""6"":""Chlorocebus_aethiops_MN816163"",""7"":""Chlorocebus_cynosuros_C3_KU682693"",""8"":""Chlorocebus_cynosuros_KM262190"",""9"":""Chlorocebus_djamdjamensis_C5_KU682695"",""10"":""Cercopithecus_albogularis_KC757391"",""11"":""Cercopithecus_mitis_KJ434956"",""12"":""Cercopithecus_lhoesti_KJ434957"",""13"":""Cercopithecus_diana_KJ434958"",""14"":""Cercopithecus_neglectus_MW160353""}"
KNN-Impute,65,5,59,KNNimpute_completed_p65_rep05_seed59.csv,knn_impute_outputs/completed_matrices/KNNimpute_completed_p65_rep05_seed59.csv,True,,KNN-Impute_NJ_p65_rep05_seed59.treefile,0.6476190476190476,105,68,37,0,68,5,5,distance,nan_euclidean,0.0463808977101904,0.0388896617031632,0.7112052511874823,0.607550482879719,0.0025488770043011,True,True,True,0,0,0.0,0.0,10.0,0.4166666666666667,7.0,12.0,12.0,0.5833333333333334,0.5833333333333334,0.5833333333333334,Cercocebus_chrysogaster_KC757390|Cercocebus_torquatus_KJ434959;Allenopithecus_nigroviridis_KJ434962|Cercopithecus_diana_KJ434958|Cercopithecus_neglectus_MW160353;Allenopithecus_nigroviridis_KJ434962|Cercopithecus_diana_KJ434958|Cercopithecus_lhoesti_KJ434957|Cercopithecus_neglectus_MW160353;Cercopithecus_aethiops_AY863426|Chlorocebus_aethiops_C1_KU682691|Chlorocebus_aethiops_MN816163|Chlorocebus_cynosuros_C3_KU682693;Cercocebus_atys_KT159932|Cercocebus_chrysogaster_KC757390|Cercocebus_torquatus_KJ434959|Cercopithecus_albogularis_KC757391|Cercopithecus_mitis_KJ434956,Cercocebus_atys_KT159932|Cercocebus_torquatus_KJ434959;Chlorocebus_cynosuros_C3_KU682693|Chlorocebus_cynosuros_KM262190;Cercopithecus_albogularis_KC757391|Cercopithecus_lhoesti_KJ434957|Cercopithecus_mitis_KJ434956;Allenopithecus_nigroviridis_KJ434962|Cercocebus_atys_KT159932|Cercocebus_chrysogaster_KC757390|Cercocebus_torquatus_KJ434959;Cercopithecus_albogularis_KC757391|Cercopithecus_diana_KJ434958|Cercopithecus_lhoesti_KJ434957|Cercopithecus_mitis_KJ434956|Cercopithecus_neglectus_MW160353,0.16082513709607307,0.17995745381965955,0.841170643261559,0.7834957495334853,0.16131936917635087,0.18150492986406108,0.7313309460645858,0.6401306240928882,15,"{""0"":""Allenopithecus_nigroviridis_KJ434962"",""1"":""Cercocebus_atys_KT159932"",""2"":""Cercocebus_torquatus_KJ434959"",""3"":""Cercocebus_chrysogaster_KC757390"",""4"":""Cercopithecus_aethiops_AY863426"",""5"":""Chlorocebus_aethiops_C1_KU682691"",""6"":""Chlorocebus_aethiops_MN816163"",""7"":""Chlorocebus_cynosuros_C3_KU682693"",""8"":""Chlorocebus_cynosuros_KM262190"",""9"":""Chlorocebus_djamdjamensis_C5_KU682695"",""10"":""Cercopithecus_albogularis_KC757391"",""11"":""Cercopithecus_mitis_KJ434956"",""12"":""Cercopithecus_lhoesti_KJ434957"",""13"":""Cercopithecus_diana_KJ434958"",""14"":""Cercopithecus_neglectus_MW160353""}"
KNN-Impute,65,6,60,KNNimpute_completed_p65_rep06_seed60.csv,knn_impute_outputs/completed_matrices/KNNimpute_completed_p65_rep06_seed60.csv,True,,KNN-Impute_NJ_p65_rep06_seed60.treefile,0.6476190476190476,105,68,37,0,68,5,5,distance,nan_euclidean,0.0460023681426408,0.0381662320934234,0.7835091322258507,0.7122189563690499,0.0022188849980011,True,True,True,0,0,0.0,0.0,16.0,0.6666666666666666,4.0,12.0,12.0,0.3333333333333333,0.3333333333333333,0.3333333333333333,Cercopithecus_aethiops_AY863426|Chlorocebus_aethiops_MN816163;Cercopithecus_diana_KJ434958|Cercopithecus_lhoesti_KJ434957;Cercopithecus_aethiops_AY863426|Chlorocebus_aethiops_MN816163|Chlorocebus_djamdjamensis_C5_KU682695;Cercopithecus_albogularis_KC757391|Cercopithecus_mitis_KJ434956|Cercopithecus_neglectus_MW160353;Cercopithecus_diana_KJ434958|Cercopithecus_lhoesti_KJ434957|Chlorocebus_aethiops_C1_KU682691;Cercopithecus_aethiops_AY863426|Cercopithecus_diana_KJ434958|Cercopithecus_lhoesti_KJ434957|Chlorocebus_aethiops_C1_KU682691|Chlorocebus_aethiops_MN816163|Chlorocebus_djamdjamensis_C5_KU682695;Allenopithecus_nigroviridis_KJ434962|Cercocebus_atys_KT159932|Cercocebus_chrysogaster_KC757390|Cercocebus_torquatus_KJ434959|Cercopithecus_albogularis_KC757391|Cercopithecus_mitis_KJ434956|Cercopithecus_neglectus_MW160353;Cercopithecus_aethiops_AY863426|Cercopithecus_diana_KJ434958|Cercopithecus_lhoesti_KJ434957|Chlorocebus_aethiops_C1_KU682691|Chlorocebus_aethiops_MN816163|Chlorocebus_cynosuros_KM262190|Chlorocebus_djamdjamensis_C5_KU682695,Cercopithecus_diana_KJ434958|Cercopithecus_neglectus_MW160353;Chlorocebus_aethiops_C1_KU682691|Chlorocebus_aethiops_MN816163;Chlorocebus_cynosuros_C3_KU682693|Chlorocebus_cynosuros_KM262190;Cercopithecus_aethiops_AY863426|Chlorocebus_aethiops_C1_KU682691|Chlorocebus_aethiops_MN816163;Cercopithecus_albogularis_KC757391|Cercopithecus_lhoesti_KJ434957|Cercopithecus_mitis_KJ434956;Cercopithecus_aethiops_AY863426|Chlorocebus_aethiops_C1_KU682691|Chlorocebus_aethiops_MN816163|Chlorocebus_cynosuros_C3_KU682693|Chlorocebus_cynosuros_KM262190;Cercopithecus_albogularis_KC757391|Cercopithecus_diana_KJ434958|Cercopithecus_lhoesti_KJ434957|Cercopithecus_mitis_KJ434956|Cercopithecus_neglectus_MW160353;Cercopithecus_aethiops_AY863426|Chlorocebus_aethiops_C1_KU682691|Chlorocebus_aethiops_MN816163|Chlorocebus_cynosuros_C3_KU682693|Chlorocebus_cynosuros_KM262190|Chlorocebus_djamdjamensis_C5_KU682695,0.15833262533201953,0.17595037765649055,0.7908820009112114,0.6956043956043956,0.16090012737751724,0.178789143841773,0.7763941153819321,0.653721749948165,15,"{""0"":""Allenopithecus_nigroviridis_KJ434962"",""1"":""Cercocebus_atys_KT159932"",""2"":""Cercocebus_torquatus_KJ434959"",""3"":""Cercocebus_chrysogaster_KC757390"",""4"":""Cercopithecus_aethiops_AY863426"",""5"":""Chlorocebus_aethiops_C1_KU682691"",""6"":""Chlorocebus_aethiops_MN816163"",""7"":""Chlorocebus_cynosuros_C3_KU682693"",""8"":""Chlorocebus_cynosuros_KM262190"",""9"":""Chlorocebus_djamdjamensis_C5_KU682695"",""10"":""Cercopithecus_albogularis_KC757391"",""11"":""Cercopithecus_mitis_KJ434956"",""12"":""Cercopithecus_lhoesti_KJ434957"",""13"":""Cercopithecus_diana_KJ434958"",""14"":""Cercopithecus_neglectus_MW160353""}"
KNN-Impute,65,7,61,KNNimpute_completed_p65_rep07_seed61.csv,knn_impute_outputs/completed_matrices/KNNimpute_completed_p65_rep07_seed61.csv,True,,KNN-Impute_NJ_p65_rep07_seed61.treefile,0.6476190476190476,105,68,37,0,68,5,5,distance,nan_euclidean,0.0486473151197729,0.0382842418048731,0.6031040218250932,0.4330648547543611,0.0023513480118708,True,True,True,0,0,0.0,0.0,16.0,0.6666666666666666,4.0,12.0,12.0,0.3333333333333333,0.3333333333333333,0.3333333333333333,Cercocebus_atys_KT159932|Cercocebus_chrysogaster_KC757390;Cercopithecus_aethiops_AY863426|Chlorocebus_cynosuros_KM262190;Cercopithecus_albogularis_KC757391|Cercopithecus_lhoesti_KJ434957;Cercopithecus_mitis_KJ434956|Cercopithecus_neglectus_MW160353;Chlorocebus_aethiops_C1_KU682691|Chlorocebus_cynosuros_C3_KU682693;Cercopithecus_albogularis_KC757391|Cercopithecus_diana_KJ434958|Cercopithecus_lhoesti_KJ434957;Chlorocebus_aethiops_C1_KU682691|Chlorocebus_aethiops_MN816163|Chlorocebus_cynosuros_C3_KU682693;Allenopithecus_nigroviridis_KJ434962|Cercocebus_atys_KT159932|Cercocebus_chrysogaster_KC757390|Cercocebus_torquatus_KJ434959|Cercopithecus_mitis_KJ434956|Cercopithecus_neglectus_MW160353,Cercocebus_atys_KT159932|Cercocebus_torquatus_KJ434959;Cercopithecus_albogularis_KC757391|Cercopithecus_mitis_KJ434956;Cercopithecus_diana_KJ434958|Cercopithecus_neglectus_MW160353;Chlorocebus_aethiops_C1_KU682691|Chlorocebus_aethiops_MN816163;Chlorocebus_cynosuros_C3_KU682693|Chlorocebus_cynosuros_KM262190;Cercopithecus_aethiops_AY863426|Chlorocebus_aethiops_C1_KU682691|Chlorocebus_aethiops_MN816163;Cercopithecus_albogularis_KC757391|Cercopithecus_lhoesti_KJ434957|Cercopithecus_mitis_KJ434956;Cercopithecus_albogularis_KC757391|Cercopithecus_diana_KJ434958|Cercopithecus_lhoesti_KJ434957|Cercopithecus_mitis_KJ434956|Cercopithecus_neglectus_MW160353,0.16021888597125633,0.17976120443595117,0.7504260821380162,0.6941633837860252,0.16073582880068202,0.18073755782375253,0.6780071389875044,0.625233257308729,15,"{""0"":""Allenopithecus_nigroviridis_KJ434962"",""1"":""Cercocebus_atys_KT159932"",""2"":""Cercocebus_torquatus_KJ434959"",""3"":""Cercocebus_chrysogaster_KC757390"",""4"":""Cercopithecus_aethiops_AY863426"",""5"":""Chlorocebus_aethiops_C1_KU682691"",""6"":""Chlorocebus_aethiops_MN816163"",""7"":""Chlorocebus_cynosuros_C3_KU682693"",""8"":""Chlorocebus_cynosuros_KM262190"",""9"":""Chlorocebus_djamdjamensis_C5_KU682695"",""10"":""Cercopithecus_albogularis_KC757391"",""11"":""Cercopithecus_mitis_KJ434956"",""12"":""Cercopithecus_lhoesti_KJ434957"",""13"":""Cercopithecus_diana_KJ434958"",""14"":""Cercopithecus_neglectus_MW160353""}"
KNN-Impute,65,8,62,KNNimpute_completed_p65_rep08_seed62.csv,knn_impute_outputs/completed_matrices/KNNimpute_completed_p65_rep08_seed62.csv,True,,KNN-Impute_NJ_p65_rep08_seed62.treefile,0.6476190476190476,105,68,37,0,68,5,5,distance,nan_euclidean,0.0506632252011979,0.0391118854808064,0.4723120507523607,0.5280757338626559,0.0024271170113934,True,True,True,0,0,0.0,0.0,18.0,0.75,3.0,12.0,12.0,0.25,0.25,0.25,Allenopithecus_nigroviridis_KJ434962|Cercopithecus_neglectus_MW160353;Cercocebus_atys_KT159932|Cercocebus_chrysogaster_KC757390;Cercopithecus_aethiops_AY863426|Chlorocebus_djamdjamensis_C5_KU682695;Chlorocebus_aethiops_C1_KU682691|Chlorocebus_cynosuros_C3_KU682693;Allenopithecus_nigroviridis_KJ434962|Cercopithecus_diana_KJ434958|Cercopithecus_neglectus_MW160353;Cercopithecus_aethiops_AY863426|Chlorocebus_aethiops_MN816163|Chlorocebus_djamdjamensis_C5_KU682695;Cercocebus_atys_KT159932|Cercocebus_chrysogaster_KC757390|Cercocebus_torquatus_KJ434959|Chlorocebus_aethiops_C1_KU682691|Chlorocebus_cynosuros_C3_KU682693;Allenopithecus_nigroviridis_KJ434962|Cercopithecus_aethiops_AY863426|Cercopithecus_diana_KJ434958|Cercopithecus_neglectus_MW160353|Chlorocebus_aethiops_MN816163|Chlorocebus_djamdjamensis_C5_KU682695;Cercocebus_atys_KT159932|Cercocebus_chrysogaster_KC757390|Cercocebus_torquatus_KJ434959|Chlorocebus_aethiops_C1_KU682691|Chlorocebus_cynosuros_C3_KU682693|Chlorocebus_cynosuros_KM262190,Cercocebus_atys_KT159932|Cercocebus_torquatus_KJ434959;Cercopithecus_diana_KJ434958|Cercopithecus_neglectus_MW160353;Chlorocebus_aethiops_C1_KU682691|Chlorocebus_aethiops_MN816163;Chlorocebus_cynosuros_C3_KU682693|Chlorocebus_cynosuros_KM262190;Cercopithecus_aethiops_AY863426|Chlorocebus_aethiops_C1_KU682691|Chlorocebus_aethiops_MN816163;Allenopithecus_nigroviridis_KJ434962|Cercocebus_atys_KT159932|Cercocebus_chrysogaster_KC757390|Cercocebus_torquatus_KJ434959;Cercopithecus_aethiops_AY863426|Chlorocebus_aethiops_C1_KU682691|Chlorocebus_aethiops_MN816163|Chlorocebus_cynosuros_C3_KU682693|Chlorocebus_cynosuros_KM262190;Cercopithecus_albogularis_KC757391|Cercopithecus_diana_KJ434958|Cercopithecus_lhoesti_KJ434957|Cercopithecus_mitis_KJ434956|Cercopithecus_neglectus_MW160353;Cercopithecus_aethiops_AY863426|Chlorocebus_aethiops_C1_KU682691|Chlorocebus_aethiops_MN816163|Chlorocebus_cynosuros_C3_KU682693|Chlorocebus_cynosuros_KM262190|Chlorocebus_djamdjamensis_C5_KU682695,0.157662174424517,0.17400173097547988,0.6955174913794072,0.6706303130831434,0.15975107450226156,0.1761888938558134,0.6726267972833445,0.6745179348952933,15,"{""0"":""Allenopithecus_nigroviridis_KJ434962"",""1"":""Cercocebus_atys_KT159932"",""2"":""Cercocebus_torquatus_KJ434959"",""3"":""Cercocebus_chrysogaster_KC757390"",""4"":""Cercopithecus_aethiops_AY863426"",""5"":""Chlorocebus_aethiops_C1_KU682691"",""6"":""Chlorocebus_aethiops_MN816163"",""7"":""Chlorocebus_cynosuros_C3_KU682693"",""8"":""Chlorocebus_cynosuros_KM262190"",""9"":""Chlorocebus_djamdjamensis_C5_KU682695"",""10"":""Cercopithecus_albogularis_KC757391"",""11"":""Cercopithecus_mitis_KJ434956"",""12"":""Cercopithecus_lhoesti_KJ434957"",""13"":""Cercopithecus_diana_KJ434958"",""14"":""Cercopithecus_neglectus_MW160353""}"
KNN-Impute,65,9,63,KNNimpute_completed_p65_rep09_seed63.csv,knn_impute_outputs/completed_matrices/KNNimpute_completed_p65_rep09_seed63.csv,True,,KNN-Impute_NJ_p65_rep09_seed63.treefile,0.6476190476190476,105,68,37,0,68,5,5,distance,nan_euclidean,0.0451362035164075,0.0357181602212094,0.6411276281535998,0.4449746154139786,0.0024013600050238,True,True,True,0,0,0.0,0.0,14.0,0.5833333333333334,5.0,12.0,12.0,0.4166666666666667,0.4166666666666667,0.4166666666666667,Allenopithecus_nigroviridis_KJ434962|Chlorocebus_aethiops_C1_KU682691;Cercocebus_atys_KT159932|Cercocebus_chrysogaster_KC757390;Cercopithecus_aethiops_AY863426|Chlorocebus_aethiops_MN816163;Cercopithecus_diana_KJ434958|Cercopithecus_lhoesti_KJ434957|Cercopithecus_neglectus_MW160353;Cercocebus_atys_KT159932|Cercocebus_chrysogaster_KC757390|Cercocebus_torquatus_KJ434959|Chlorocebus_djamdjamensis_C5_KU682695;Cercopithecus_aethiops_AY863426|Chlorocebus_aethiops_MN816163|Chlorocebus_cynosuros_C3_KU682693|Chlorocebus_cynosuros_KM262190;Allenopithecus_nigroviridis_KJ434962|Cercopithecus_albogularis_KC757391|Cercopithecus_diana_KJ434958|Cercopithecus_lhoesti_KJ434957|Cercopithecus_mitis_KJ434956|Cercopithecus_neglectus_MW160353|Chlorocebus_aethiops_C1_KU682691,Cercocebus_atys_KT159932|Cercocebus_torquatus_KJ434959;Chlorocebus_aethiops_C1_KU682691|Chlorocebus_aethiops_MN816163;Cercopithecus_aethiops_AY863426|Chlorocebus_aethiops_C1_KU682691|Chlorocebus_aethiops_MN816163;Cercopithecus_albogularis_KC757391|Cercopithecus_lhoesti_KJ434957|Cercopithecus_mitis_KJ434956;Allenopithecus_nigroviridis_KJ434962|Cercocebus_atys_KT159932|Cercocebus_chrysogaster_KC757390|Cercocebus_torquatus_KJ434959;Cercopithecus_aethiops_AY863426|Chlorocebus_aethiops_C1_KU682691|Chlorocebus_aethiops_MN816163|Chlorocebus_cynosuros_C3_KU682693|Chlorocebus_cynosuros_KM262190;Cercopithecus_aethiops_AY863426|Chlorocebus_aethiops_C1_KU682691|Chlorocebus_aethiops_MN816163|Chlorocebus_cynosuros_C3_KU682693|Chlorocebus_cynosuros_KM262190|Chlorocebus_djamdjamensis_C5_KU682695,0.15998674051578923,0.18032529913777948,0.7024839060109404,0.5707236160066349,0.15771622117085812,0.17945932200983736,0.6577849626424142,0.48657474600870826,15,"{""0"":""Allenopithecus_nigroviridis_KJ434962"",""1"":""Cercocebus_atys_KT159932"",""2"":""Cercocebus_torquatus_KJ434959"",""3"":""Cercocebus_chrysogaster_KC757390"",""4"":""Cercopithecus_aethiops_AY863426"",""5"":""Chlorocebus_aethiops_C1_KU682691"",""6"":""Chlorocebus_aethiops_MN816163"",""7"":""Chlorocebus_cynosuros_C3_KU682693"",""8"":""Chlorocebus_cynosuros_KM262190"",""9"":""Chlorocebus_djamdjamensis_C5_KU682695"",""10"":""Cercopithecus_albogularis_KC757391"",""11"":""Cercopithecus_mitis_KJ434956"",""12"":""Cercopithecus_lhoesti_KJ434957"",""13"":""Cercopithecus_diana_KJ434958"",""14"":""Cercopithecus_neglectus_MW160353""}"
KNN-Impute,65,10,64,KNNimpute_completed_p65_rep10_seed64.csv,knn_impute_outputs/completed_matrices/KNNimpute_completed_p65_rep10_seed64.csv,True,,KNN-Impute_NJ_p65_rep10_seed64.treefile,0.6476190476190476,105,68,37,0,68,5,5,distance,nan_euclidean,0.0527841389340079,0.0435498465050116,0.5574024817018036,0.6071687597816543,0.0023241669987328,True,True,True,0,0,0.0,0.0,16.0,0.6666666666666666,4.0,12.0,12.0,0.3333333333333333,0.3333333333333333,0.3333333333333333,Allenopithecus_nigroviridis_KJ434962|Cercocebus_chrysogaster_KC757390;Cercopithecus_diana_KJ434958|Cercopithecus_neglectus_MW160353|Chlorocebus_aethiops_MN816163;Cercopithecus_aethiops_AY863426|Cercopithecus_diana_KJ434958|Cercopithecus_neglectus_MW160353|Chlorocebus_aethiops_MN816163;Allenopithecus_nigroviridis_KJ434962|Cercocebus_atys_KT159932|Cercocebus_chrysogaster_KC757390|Cercocebus_torquatus_KJ434959|Cercopithecus_lhoesti_KJ434957;Cercopithecus_aethiops_AY863426|Cercopithecus_diana_KJ434958|Cercopithecus_neglectus_MW160353|Chlorocebus_aethiops_MN816163|Chlorocebus_cynosuros_KM262190;Allenopithecus_nigroviridis_KJ434962|Cercocebus_atys_KT159932|Cercocebus_chrysogaster_KC757390|Cercocebus_torquatus_KJ434959|Cercopithecus_lhoesti_KJ434957|Chlorocebus_aethiops_C1_KU682691;Cercopithecus_aethiops_AY863426|Cercopithecus_diana_KJ434958|Cercopithecus_neglectus_MW160353|Chlorocebus_aethiops_MN816163|Chlorocebus_cynosuros_C3_KU682693|Chlorocebus_cynosuros_KM262190;Cercopithecus_aethiops_AY863426|Cercopithecus_diana_KJ434958|Cercopithecus_neglectus_MW160353|Chlorocebus_aethiops_MN816163|Chlorocebus_cynosuros_C3_KU682693|Chlorocebus_cynosuros_KM262190|Chlorocebus_djamdjamensis_C5_KU682695,Chlorocebus_aethiops_C1_KU682691|Chlorocebus_aethiops_MN816163;Chlorocebus_cynosuros_C3_KU682693|Chlorocebus_cynosuros_KM262190;Cercocebus_atys_KT159932|Cercocebus_chrysogaster_KC757390|Cercocebus_torquatus_KJ434959;Cercopithecus_aethiops_AY863426|Chlorocebus_aethiops_C1_KU682691|Chlorocebus_aethiops_MN816163;Cercopithecus_albogularis_KC757391|Cercopithecus_lhoesti_KJ434957|Cercopithecus_mitis_KJ434956;Cercopithecus_aethiops_AY863426|Chlorocebus_aethiops_C1_KU682691|Chlorocebus_aethiops_MN816163|Chlorocebus_cynosuros_C3_KU682693|Chlorocebus_cynosuros_KM262190;Cercopithecus_albogularis_KC757391|Cercopithecus_diana_KJ434958|Cercopithecus_lhoesti_KJ434957|Cercopithecus_mitis_KJ434956|Cercopithecus_neglectus_MW160353;Cercopithecus_aethiops_AY863426|Chlorocebus_aethiops_C1_KU682691|Chlorocebus_aethiops_MN816163|Chlorocebus_cynosuros_C3_KU682693|Chlorocebus_cynosuros_KM262190|Chlorocebus_djamdjamensis_C5_KU682695,0.16139174049680208,0.17893218454463777,0.6863293193741191,0.6527161517727554,0.16275790214528127,0.18081210403411643,0.6499136003777191,0.6228488492639436,15,"{""0"":""Allenopithecus_nigroviridis_KJ434962"",""1"":""Cercocebus_atys_KT159932"",""2"":""Cercocebus_torquatus_KJ434959"",""3"":""Cercocebus_chrysogaster_KC757390"",""4"":""Cercopithecus_aethiops_AY863426"",""5"":""Chlorocebus_aethiops_C1_KU682691"",""6"":""Chlorocebus_aethiops_MN816163"",""7"":""Chlorocebus_cynosuros_C3_KU682693"",""8"":""Chlorocebus_cynosuros_KM262190"",""9"":""Chlorocebus_djamdjamensis_C5_KU682695"",""10"":""Cercopithecus_albogularis_KC757391"",""11"":""Cercopithecus_mitis_KJ434956"",""12"":""Cercopithecus_lhoesti_KJ434957"",""13"":""Cercopithecus_diana_KJ434958"",""14"":""Cercopithecus_neglectus_MW160353""}"
KNN-Impute,65,11,65,KNNimpute_completed_p65_rep11_seed65.csv,knn_impute_outputs/completed_matrices/KNNimpute_completed_p65_rep11_seed65.csv,True,,KNN-Impute_NJ_p65_rep11_seed65.treefile,0.6476190476190476,105,68,37,0,68,5,5,distance,nan_euclidean,0.0363700798984299,0.0277133698152849,0.7265032917637521,0.7368019238844142,0.002175782006816,True,True,True,0,0,0.0,0.0,20.0,0.8333333333333334,2.0,12.0,12.0,0.16666666666666666,0.16666666666666666,0.16666666666666666,Allenopithecus_nigroviridis_KJ434962|Chlorocebus_aethiops_C1_KU682691;Cercopithecus_aethiops_AY863426|Cercopithecus_lhoesti_KJ434957;Cercopithecus_albogularis_KC757391|Cercopithecus_diana_KJ434958;Chlorocebus_aethiops_MN816163|Chlorocebus_cynosuros_KM262190;Cercopithecus_albogularis_KC757391|Cercopithecus_diana_KJ434958|Cercopithecus_mitis_KJ434956;Chlorocebus_aethiops_MN816163|Chlorocebus_cynosuros_KM262190|Chlorocebus_djamdjamensis_C5_KU682695;Allenopithecus_nigroviridis_KJ434962|Cercopithecus_aethiops_AY863426|Cercopithecus_lhoesti_KJ434957|Chlorocebus_aethiops_C1_KU682691;Chlorocebus_aethiops_MN816163|Chlorocebus_cynosuros_C3_KU682693|Chlorocebus_cynosuros_KM262190|Chlorocebus_djamdjamensis_C5_KU682695;Cercocebus_atys_KT159932|Cercocebus_chrysogaster_KC757390|Cercocebus_torquatus_KJ434959|Cercopithecus_albogularis_KC757391|Cercopithecus_diana_KJ434958|Cercopithecus_mitis_KJ434956;Cercocebus_atys_KT159932|Cercocebus_chrysogaster_KC757390|Cercocebus_torquatus_KJ434959|Cercopithecus_albogularis_KC757391|Cercopithecus_diana_KJ434958|Cercopithecus_mitis_KJ434956|Cercopithecus_neglectus_MW160353,Cercopithecus_albogularis_KC757391|Cercopithecus_mitis_KJ434956;Cercopithecus_diana_KJ434958|Cercopithecus_neglectus_MW160353;Chlorocebus_aethiops_C1_KU682691|Chlorocebus_aethiops_MN816163;Chlorocebus_cynosuros_C3_KU682693|Chlorocebus_cynosuros_KM262190;Cercopithecus_aethiops_AY863426|Chlorocebus_aethiops_C1_KU682691|Chlorocebus_aethiops_MN816163;Cercopithecus_albogularis_KC757391|Cercopithecus_lhoesti_KJ434957|Cercopithecus_mitis_KJ434956;Allenopithecus_nigroviridis_KJ434962|Cercocebus_atys_KT159932|Cercocebus_chrysogaster_KC757390|Cercocebus_torquatus_KJ434959;Cercopithecus_aethiops_AY863426|Chlorocebus_aethiops_C1_KU682691|Chlorocebus_aethiops_MN816163|Chlorocebus_cynosuros_C3_KU682693|Chlorocebus_cynosuros_KM262190;Cercopithecus_albogularis_KC757391|Cercopithecus_diana_KJ434958|Cercopithecus_lhoesti_KJ434957|Cercopithecus_mitis_KJ434956|Cercopithecus_neglectus_MW160353;Cercopithecus_aethiops_AY863426|Chlorocebus_aethiops_C1_KU682691|Chlorocebus_aethiops_MN816163|Chlorocebus_cynosuros_C3_KU682693|Chlorocebus_cynosuros_KM262190|Chlorocebus_djamdjamensis_C5_KU682695,0.153758720448564,0.1687206296065767,0.8212176105449671,0.8267364710760937,0.15257069039705676,0.16782571207915206,0.8056871236796913,0.7746527057847812,15,"{""0"":""Allenopithecus_nigroviridis_KJ434962"",""1"":""Cercocebus_atys_KT159932"",""2"":""Cercocebus_torquatus_KJ434959"",""3"":""Cercocebus_chrysogaster_KC757390"",""4"":""Cercopithecus_aethiops_AY863426"",""5"":""Chlorocebus_aethiops_C1_KU682691"",""6"":""Chlorocebus_aethiops_MN816163"",""7"":""Chlorocebus_cynosuros_C3_KU682693"",""8"":""Chlorocebus_cynosuros_KM262190"",""9"":""Chlorocebus_djamdjamensis_C5_KU682695"",""10"":""Cercopithecus_albogularis_KC757391"",""11"":""Cercopithecus_mitis_KJ434956"",""12"":""Cercopithecus_lhoesti_KJ434957"",""13"":""Cercopithecus_diana_KJ434958"",""14"":""Cercopithecus_neglectus_MW160353""}"
KNN-Impute,65,12,66,KNNimpute_completed_p65_rep12_seed66.csv,knn_impute_outputs/completed_matrices/KNNimpute_completed_p65_rep12_seed66.csv,True,,KNN-Impute_NJ_p65_rep12_seed66.treefile,0.6476190476190476,105,68,37,0,68,5,5,distance,nan_euclidean,0.0438825860539667,0.0349981966891546,0.6037049045534277,0.4872313623697369,0.0020905779965687,True,True,True,0,0,0.0,0.0,22.0,0.9166666666666666,1.0,12.0,12.0,0.08333333333333333,0.08333333333333333,0.08333333333333333,Cercocebus_chrysogaster_KC757390|Cercocebus_torquatus_KJ434959;Cercopithecus_aethiops_AY863426|Chlorocebus_cynosuros_C3_KU682693;Cercopithecus_albogularis_KC757391|Cercopithecus_lhoesti_KJ434957;Cercopithecus_mitis_KJ434956|Chlorocebus_aethiops_C1_KU682691;Chlorocebus_aethiops_MN816163|Chlorocebus_cynosuros_KM262190;Allenopithecus_nigroviridis_KJ434962|Cercopithecus_diana_KJ434958|Cercopithecus_neglectus_MW160353;Cercocebus_atys_KT159932|Cercopithecus_albogularis_KC757391|Cercopithecus_lhoesti_KJ434957;Cercopithecus_aethiops_AY863426|Chlorocebus_aethiops_MN816163|Chlorocebus_cynosuros_C3_KU682693|Chlorocebus_cynosuros_KM262190;Allenopithecus_nigroviridis_KJ434962|Cercocebus_chrysogaster_KC757390|Cercocebus_torquatus_KJ434959|Cercopithecus_diana_KJ434958|Cercopithecus_neglectus_MW160353;Cercocebus_atys_KT159932|Cercopithecus_albogularis_KC757391|Cercopithecus_lhoesti_KJ434957|Cercopithecus_mitis_KJ434956|Chlorocebus_aethiops_C1_KU682691;Cercopithecus_aethiops_AY863426|Chlorocebus_aethiops_MN816163|Chlorocebus_cynosuros_C3_KU682693|Chlorocebus_cynosuros_KM262190|Chlorocebus_djamdjamensis_C5_KU682695,Cercocebus_atys_KT159932|Cercocebus_torquatus_KJ434959;Cercopithecus_albogularis_KC757391|Cercopithecus_mitis_KJ434956;Chlorocebus_aethiops_C1_KU682691|Chlorocebus_aethiops_MN816163;Chlorocebus_cynosuros_C3_KU682693|Chlorocebus_cynosuros_KM262190;Cercocebus_atys_KT159932|Cercocebus_chrysogaster_KC757390|Cercocebus_torquatus_KJ434959;Cercopithecus_aethiops_AY863426|Chlorocebus_aethiops_C1_KU682691|Chlorocebus_aethiops_MN816163;Cercopithecus_albogularis_KC757391|Cercopithecus_lhoesti_KJ434957|Cercopithecus_mitis_KJ434956;Allenopithecus_nigroviridis_KJ434962|Cercocebus_atys_KT159932|Cercocebus_chrysogaster_KC757390|Cercocebus_torquatus_KJ434959;Cercopithecus_aethiops_AY863426|Chlorocebus_aethiops_C1_KU682691|Chlorocebus_aethiops_MN816163|Chlorocebus_cynosuros_C3_KU682693|Chlorocebus_cynosuros_KM262190;Cercopithecus_albogularis_KC757391|Cercopithecus_diana_KJ434958|Cercopithecus_lhoesti_KJ434957|Cercopithecus_mitis_KJ434956|Cercopithecus_neglectus_MW160353;Cercopithecus_aethiops_AY863426|Chlorocebus_aethiops_C1_KU682691|Chlorocebus_aethiops_MN816163|Chlorocebus_cynosuros_C3_KU682693|Chlorocebus_cynosuros_KM262190|Chlorocebus_djamdjamensis_C5_KU682695,0.1614123216162403,0.18022648059098303,0.615182759019596,0.5189508604602944,0.15792507620109544,0.1775552372976873,0.6812676415953118,0.5681422351233671,15,"{""0"":""Allenopithecus_nigroviridis_KJ434962"",""1"":""Cercocebus_atys_KT159932"",""2"":""Cercocebus_torquatus_KJ434959"",""3"":""Cercocebus_chrysogaster_KC757390"",""4"":""Cercopithecus_aethiops_AY863426"",""5"":""Chlorocebus_aethiops_C1_KU682691"",""6"":""Chlorocebus_aethiops_MN816163"",""7"":""Chlorocebus_cynosuros_C3_KU682693"",""8"":""Chlorocebus_cynosuros_KM262190"",""9"":""Chlorocebus_djamdjamensis_C5_KU682695"",""10"":""Cercopithecus_albogularis_KC757391"",""11"":""Cercopithecus_mitis_KJ434956"",""12"":""Cercopithecus_lhoesti_KJ434957"",""13"":""Cercopithecus_diana_KJ434958"",""14"":""Cercopithecus_neglectus_MW160353""}"
KNN-Impute,65,13,67,KNNimpute_completed_p65_rep13_seed67.csv,knn_impute_outputs/completed_matrices/KNNimpute_completed_p65_rep13_seed67.csv,True,,KNN-Impute_NJ_p65_rep13_seed67.treefile,0.6476190476190476,105,68,37,0,68,5,5,distance,nan_euclidean,0.0516339273312654,0.0402643581904373,0.6089433488666756,0.6054510058403633,0.0027134259871672,True,True,True,0,0,0.0,0.0,18.0,0.75,3.0,12.0,12.0,0.25,0.25,0.25,Allenopithecus_nigroviridis_KJ434962|Cercocebus_chrysogaster_KC757390;Cercopithecus_aethiops_AY863426|Chlorocebus_aethiops_MN816163;Cercopithecus_neglectus_MW160353|Chlorocebus_djamdjamensis_C5_KU682695;Chlorocebus_aethiops_C1_KU682691|Chlorocebus_cynosuros_KM262190;Cercopithecus_aethiops_AY863426|Cercopithecus_lhoesti_KJ434957|Chlorocebus_aethiops_MN816163;Cercopithecus_aethiops_AY863426|Cercopithecus_lhoesti_KJ434957|Chlorocebus_aethiops_MN816163|Chlorocebus_cynosuros_C3_KU682693;Allenopithecus_nigroviridis_KJ434962|Cercocebus_atys_KT159932|Cercocebus_chrysogaster_KC757390|Cercocebus_torquatus_KJ434959|Cercopithecus_albogularis_KC757391|Cercopithecus_mitis_KJ434956;Cercopithecus_aethiops_AY863426|Cercopithecus_lhoesti_KJ434957|Cercopithecus_neglectus_MW160353|Chlorocebus_aethiops_MN816163|Chlorocebus_cynosuros_C3_KU682693|Chlorocebus_djamdjamensis_C5_KU682695;Allenopithecus_nigroviridis_KJ434962|Cercocebus_atys_KT159932|Cercocebus_chrysogaster_KC757390|Cercocebus_torquatus_KJ434959|Cercopithecus_albogularis_KC757391|Cercopithecus_diana_KJ434958|Cercopithecus_mitis_KJ434956,Cercopithecus_diana_KJ434958|Cercopithecus_neglectus_MW160353;Chlorocebus_aethiops_C1_KU682691|Chlorocebus_aethiops_MN816163;Chlorocebus_cynosuros_C3_KU682693|Chlorocebus_cynosuros_KM262190;Cercocebus_atys_KT159932|Cercocebus_chrysogaster_KC757390|Cercocebus_torquatus_KJ434959;Cercopithecus_aethiops_AY863426|Chlorocebus_aethiops_C1_KU682691|Chlorocebus_aethiops_MN816163;Cercopithecus_albogularis_KC757391|Cercopithecus_lhoesti_KJ434957|Cercopithecus_mitis_KJ434956;Cercopithecus_aethiops_AY863426|Chlorocebus_aethiops_C1_KU682691|Chlorocebus_aethiops_MN816163|Chlorocebus_cynosuros_C3_KU682693|Chlorocebus_cynosuros_KM262190;Cercopithecus_albogularis_KC757391|Cercopithecus_diana_KJ434958|Cercopithecus_lhoesti_KJ434957|Cercopithecus_mitis_KJ434956|Cercopithecus_neglectus_MW160353;Cercopithecus_aethiops_AY863426|Chlorocebus_aethiops_C1_KU682691|Chlorocebus_aethiops_MN816163|Chlorocebus_cynosuros_C3_KU682693|Chlorocebus_cynosuros_KM262190|Chlorocebus_djamdjamensis_C5_KU682695,0.1588831695592906,0.17711096470980822,0.7397490003689581,0.6994194484760522,0.16093586797257078,0.1789374065977984,0.6927838618595971,0.6749429815467551,15,"{""0"":""Allenopithecus_nigroviridis_KJ434962"",""1"":""Cercocebus_atys_KT159932"",""2"":""Cercocebus_torquatus_KJ434959"",""3"":""Cercocebus_chrysogaster_KC757390"",""4"":""Cercopithecus_aethiops_AY863426"",""5"":""Chlorocebus_aethiops_C1_KU682691"",""6"":""Chlorocebus_aethiops_MN816163"",""7"":""Chlorocebus_cynosuros_C3_KU682693"",""8"":""Chlorocebus_cynosuros_KM262190"",""9"":""Chlorocebus_djamdjamensis_C5_KU682695"",""10"":""Cercopithecus_albogularis_KC757391"",""11"":""Cercopithecus_mitis_KJ434956"",""12"":""Cercopithecus_lhoesti_KJ434957"",""13"":""Cercopithecus_diana_KJ434958"",""14"":""Cercopithecus_neglectus_MW160353""}"
KNN-Impute,65,14,68,KNNimpute_completed_p65_rep14_seed68.csv,knn_impute_outputs/completed_matrices/KNNimpute_completed_p65_rep14_seed68.csv,True,,KNN-Impute_NJ_p65_rep14_seed68.treefile,0.6476190476190476,105,68,37,0,68,5,5,distance,nan_euclidean,0.0363145412315931,0.0281850904763434,0.746379390385579,0.7064931098980799,0.0021293270110618,True,True,True,0,0,0.0,0.0,12.0,0.5,6.0,12.0,12.0,0.5,0.5,0.5,Cercocebus_atys_KT159932|Cercocebus_chrysogaster_KC757390;Cercopithecus_aethiops_AY863426|Chlorocebus_djamdjamensis_C5_KU682695;Cercopithecus_aethiops_AY863426|Chlorocebus_cynosuros_C3_KU682693|Chlorocebus_cynosuros_KM262190|Chlorocebus_djamdjamensis_C5_KU682695;Cercocebus_atys_KT159932|Cercocebus_chrysogaster_KC757390|Cercocebus_torquatus_KJ434959|Cercopithecus_diana_KJ434958|Cercopithecus_neglectus_MW160353;Allenopithecus_nigroviridis_KJ434962|Cercopithecus_aethiops_AY863426|Chlorocebus_aethiops_C1_KU682691|Chlorocebus_aethiops_MN816163|Chlorocebus_cynosuros_C3_KU682693|Chlorocebus_cynosuros_KM262190|Chlorocebus_djamdjamensis_C5_KU682695;Cercocebus_atys_KT159932|Cercocebus_chrysogaster_KC757390|Cercocebus_torquatus_KJ434959|Cercopithecus_albogularis_KC757391|Cercopithecus_diana_KJ434958|Cercopithecus_mitis_KJ434956|Cercopithecus_neglectus_MW160353,Cercocebus_atys_KT159932|Cercocebus_torquatus_KJ434959;Cercopithecus_aethiops_AY863426|Chlorocebus_aethiops_C1_KU682691|Chlorocebus_aethiops_MN816163;Cercopithecus_albogularis_KC757391|Cercopithecus_lhoesti_KJ434957|Cercopithecus_mitis_KJ434956;Allenopithecus_nigroviridis_KJ434962|Cercocebus_atys_KT159932|Cercocebus_chrysogaster_KC757390|Cercocebus_torquatus_KJ434959;Cercopithecus_aethiops_AY863426|Chlorocebus_aethiops_C1_KU682691|Chlorocebus_aethiops_MN816163|Chlorocebus_cynosuros_C3_KU682693|Chlorocebus_cynosuros_KM262190;Cercopithecus_albogularis_KC757391|Cercopithecus_diana_KJ434958|Cercopithecus_lhoesti_KJ434957|Cercopithecus_mitis_KJ434956|Cercopithecus_neglectus_MW160353,0.15009934144691017,0.16829085954317802,0.8751903109797294,0.7753887621812151,0.1523353547997439,0.16986648645055794,0.7921075436797695,0.7035869790586771,15,"{""0"":""Allenopithecus_nigroviridis_KJ434962"",""1"":""Cercocebus_atys_KT159932"",""2"":""Cercocebus_torquatus_KJ434959"",""3"":""Cercocebus_chrysogaster_KC757390"",""4"":""Cercopithecus_aethiops_AY863426"",""5"":""Chlorocebus_aethiops_C1_KU682691"",""6"":""Chlorocebus_aethiops_MN816163"",""7"":""Chlorocebus_cynosuros_C3_KU682693"",""8"":""Chlorocebus_cynosuros_KM262190"",""9"":""Chlorocebus_djamdjamensis_C5_KU682695"",""10"":""Cercopithecus_albogularis_KC757391"",""11"":""Cercopithecus_mitis_KJ434956"",""12"":""Cercopithecus_lhoesti_KJ434957"",""13"":""Cercopithecus_diana_KJ434958"",""14"":""Cercopithecus_neglectus_MW160353""}"
KNN-Impute,65,15,69,KNNimpute_completed_p65_rep15_seed69.csv,knn_impute_outputs/completed_matrices/KNNimpute_completed_p65_rep15_seed69.csv,True,,KNN-Impute_NJ_p65_rep15_seed69.treefile,0.6476190476190476,105,68,37,0,68,5,5,distance,nan_euclidean,0.0526425245591818,0.0414465070656369,0.2843642894631022,0.3266404550139328,0.0020995770028093,True,True,True,0,0,0.0,0.0,20.0,0.8333333333333334,2.0,12.0,12.0,0.16666666666666666,0.16666666666666666,0.16666666666666666,Allenopithecus_nigroviridis_KJ434962|Cercopithecus_aethiops_AY863426;Cercocebus_chrysogaster_KC757390|Cercocebus_torquatus_KJ434959;Cercopithecus_albogularis_KC757391|Chlorocebus_aethiops_MN816163;Chlorocebus_aethiops_C1_KU682691|Chlorocebus_cynosuros_C3_KU682693;Allenopithecus_nigroviridis_KJ434962|Cercopithecus_aethiops_AY863426|Chlorocebus_djamdjamensis_C5_KU682695;Cercopithecus_albogularis_KC757391|Cercopithecus_lhoesti_KJ434957|Chlorocebus_aethiops_MN816163;Chlorocebus_aethiops_C1_KU682691|Chlorocebus_cynosuros_C3_KU682693|Chlorocebus_cynosuros_KM262190;Cercocebus_atys_KT159932|Cercocebus_chrysogaster_KC757390|Cercocebus_torquatus_KJ434959|Cercopithecus_mitis_KJ434956;Cercopithecus_albogularis_KC757391|Cercopithecus_diana_KJ434958|Cercopithecus_lhoesti_KJ434957|Cercopithecus_neglectus_MW160353|Chlorocebus_aethiops_MN816163;Allenopithecus_nigroviridis_KJ434962|Cercopithecus_aethiops_AY863426|Chlorocebus_aethiops_C1_KU682691|Chlorocebus_cynosuros_C3_KU682693|Chlorocebus_cynosuros_KM262190|Chlorocebus_djamdjamensis_C5_KU682695,Cercocebus_atys_KT159932|Cercocebus_torquatus_KJ434959;Cercopithecus_albogularis_KC757391|Cercopithecus_mitis_KJ434956;Chlorocebus_aethiops_C1_KU682691|Chlorocebus_aethiops_MN816163;Chlorocebus_cynosuros_C3_KU682693|Chlorocebus_cynosuros_KM262190;Cercopithecus_aethiops_AY863426|Chlorocebus_aethiops_C1_KU682691|Chlorocebus_aethiops_MN816163;Cercopithecus_albogularis_KC757391|Cercopithecus_lhoesti_KJ434957|Cercopithecus_mitis_KJ434956;Allenopithecus_nigroviridis_KJ434962|Cercocebus_atys_KT159932|Cercocebus_chrysogaster_KC757390|Cercocebus_torquatus_KJ434959;Cercopithecus_aethiops_AY863426|Chlorocebus_aethiops_C1_KU682691|Chlorocebus_aethiops_MN816163|Chlorocebus_cynosuros_C3_KU682693|Chlorocebus_cynosuros_KM262190;Cercopithecus_albogularis_KC757391|Cercopithecus_diana_KJ434958|Cercopithecus_lhoesti_KJ434957|Cercopithecus_mitis_KJ434956|Cercopithecus_neglectus_MW160353;Cercopithecus_aethiops_AY863426|Chlorocebus_aethiops_C1_KU682691|Chlorocebus_aethiops_MN816163|Chlorocebus_cynosuros_C3_KU682693|Chlorocebus_cynosuros_KM262190|Chlorocebus_djamdjamensis_C5_KU682695,0.1618336837510929,0.17990936539622263,0.5512778974184885,0.5432614555256065,0.16140625151214333,0.17986852868870257,0.5359544546168301,0.5371967654986521,15,"{""0"":""Allenopithecus_nigroviridis_KJ434962"",""1"":""Cercocebus_atys_KT159932"",""2"":""Cercocebus_torquatus_KJ434959"",""3"":""Cercocebus_chrysogaster_KC757390"",""4"":""Cercopithecus_aethiops_AY863426"",""5"":""Chlorocebus_aethiops_C1_KU682691"",""6"":""Chlorocebus_aethiops_MN816163"",""7"":""Chlorocebus_cynosuros_C3_KU682693"",""8"":""Chlorocebus_cynosuros_KM262190"",""9"":""Chlorocebus_djamdjamensis_C5_KU682695"",""10"":""Cercopithecus_albogularis_KC757391"",""11"":""Cercopithecus_mitis_KJ434956"",""12"":""Cercopithecus_lhoesti_KJ434957"",""13"":""Cercopithecus_diana_KJ434958"",""14"":""Cercopithecus_neglectus_MW160353""}"
KNN-Impute,65,16,70,KNNimpute_completed_p65_rep16_seed70.csv,knn_impute_outputs/completed_matrices/KNNimpute_completed_p65_rep16_seed70.csv,True,,KNN-Impute_NJ_p65_rep16_seed70.treefile,0.6476190476190476,105,68,37,0,68,5,5,distance,nan_euclidean,0.0383947600683869,0.0312448624968002,0.7158846315472379,0.7068748329961445,0.002120635996107,True,True,True,0,0,0.0,0.0,12.0,0.5,6.0,12.0,12.0,0.5,0.5,0.5,Cercopithecus_aethiops_AY863426|Chlorocebus_aethiops_C1_KU682691;Cercopithecus_neglectus_MW160353|Chlorocebus_djamdjamensis_C5_KU682695;Cercopithecus_diana_KJ434958|Cercopithecus_neglectus_MW160353|Chlorocebus_djamdjamensis_C5_KU682695;Chlorocebus_aethiops_MN816163|Chlorocebus_cynosuros_C3_KU682693|Chlorocebus_cynosuros_KM262190;Allenopithecus_nigroviridis_KJ434962|Cercocebus_atys_KT159932|Cercocebus_chrysogaster_KC757390|Cercocebus_torquatus_KJ434959|Cercopithecus_albogularis_KC757391|Cercopithecus_mitis_KJ434956;Allenopithecus_nigroviridis_KJ434962|Cercocebus_atys_KT159932|Cercocebus_chrysogaster_KC757390|Cercocebus_torquatus_KJ434959|Cercopithecus_albogularis_KC757391|Cercopithecus_lhoesti_KJ434957|Cercopithecus_mitis_KJ434956,Cercopithecus_diana_KJ434958|Cercopithecus_neglectus_MW160353;Chlorocebus_aethiops_C1_KU682691|Chlorocebus_aethiops_MN816163;Cercopithecus_aethiops_AY863426|Chlorocebus_aethiops_C1_KU682691|Chlorocebus_aethiops_MN816163;Cercopithecus_albogularis_KC757391|Cercopithecus_lhoesti_KJ434957|Cercopithecus_mitis_KJ434956;Cercopithecus_albogularis_KC757391|Cercopithecus_diana_KJ434958|Cercopithecus_lhoesti_KJ434957|Cercopithecus_mitis_KJ434956|Cercopithecus_neglectus_MW160353;Cercopithecus_aethiops_AY863426|Chlorocebus_aethiops_C1_KU682691|Chlorocebus_aethiops_MN816163|Chlorocebus_cynosuros_C3_KU682693|Chlorocebus_cynosuros_KM262190|Chlorocebus_djamdjamensis_C5_KU682695,0.15347463539636022,0.16995688081184562,0.8728685367148099,0.8758241758241758,0.15507965655349598,0.17172453312768435,0.7958149299185856,0.7426394360356624,15,"{""0"":""Allenopithecus_nigroviridis_KJ434962"",""1"":""Cercocebus_atys_KT159932"",""2"":""Cercocebus_torquatus_KJ434959"",""3"":""Cercocebus_chrysogaster_KC757390"",""4"":""Cercopithecus_aethiops_AY863426"",""5"":""Chlorocebus_aethiops_C1_KU682691"",""6"":""Chlorocebus_aethiops_MN816163"",""7"":""Chlorocebus_cynosuros_C3_KU682693"",""8"":""Chlorocebus_cynosuros_KM262190"",""9"":""Chlorocebus_djamdjamensis_C5_KU682695"",""10"":""Cercopithecus_albogularis_KC757391"",""11"":""Cercopithecus_mitis_KJ434956"",""12"":""Cercopithecus_lhoesti_KJ434957"",""13"":""Cercopithecus_diana_KJ434958"",""14"":""Cercopithecus_neglectus_MW160353""}"
KNN-Impute,65,17,71,KNNimpute_completed_p65_rep17_seed71.csv,knn_impute_outputs/completed_matrices/KNNimpute_completed_p65_rep17_seed71.csv,True,,KNN-Impute_NJ_p65_rep17_seed71.treefile,0.6476190476190476,105,68,37,0,68,5,5,distance,nan_euclidean,0.0448722343624525,0.032079877962425,0.6714096710572192,0.7089361377256937,0.0023056099889799,True,True,True,0,0,0.0,0.0,18.0,0.75,3.0,12.0,12.0,0.25,0.25,0.25,Allenopithecus_nigroviridis_KJ434962|Cercopithecus_lhoesti_KJ434957;Cercocebus_chrysogaster_KC757390|Cercocebus_torquatus_KJ434959;Allenopithecus_nigroviridis_KJ434962|Cercopithecus_lhoesti_KJ434957|Chlorocebus_djamdjamensis_C5_KU682695;Cercopithecus_albogularis_KC757391|Cercopithecus_diana_KJ434958|Cercopithecus_neglectus_MW160353;Chlorocebus_aethiops_C1_KU682691|Chlorocebus_cynosuros_C3_KU682693|Chlorocebus_cynosuros_KM262190;Cercocebus_atys_KT159932|Cercocebus_chrysogaster_KC757390|Cercocebus_torquatus_KJ434959|Chlorocebus_aethiops_MN816163;Cercopithecus_aethiops_AY863426|Chlorocebus_aethiops_C1_KU682691|Chlorocebus_cynosuros_C3_KU682693|Chlorocebus_cynosuros_KM262190;Cercopithecus_albogularis_KC757391|Cercopithecus_diana_KJ434958|Cercopithecus_mitis_KJ434956|Cercopithecus_neglectus_MW160353;Allenopithecus_nigroviridis_KJ434962|Cercopithecus_aethiops_AY863426|Cercopithecus_lhoesti_KJ434957|Chlorocebus_aethiops_C1_KU682691|Chlorocebus_cynosuros_C3_KU682693|Chlorocebus_cynosuros_KM262190|Chlorocebus_djamdjamensis_C5_KU682695,Cercocebus_atys_KT159932|Cercocebus_torquatus_KJ434959;Cercopithecus_albogularis_KC757391|Cercopithecus_mitis_KJ434956;Chlorocebus_aethiops_C1_KU682691|Chlorocebus_aethiops_MN816163;Cercopithecus_aethiops_AY863426|Chlorocebus_aethiops_C1_KU682691|Chlorocebus_aethiops_MN816163;Cercopithecus_albogularis_KC757391|Cercopithecus_lhoesti_KJ434957|Cercopithecus_mitis_KJ434956;Allenopithecus_nigroviridis_KJ434962|Cercocebus_atys_KT159932|Cercocebus_chrysogaster_KC757390|Cercocebus_torquatus_KJ434959;Cercopithecus_aethiops_AY863426|Chlorocebus_aethiops_C1_KU682691|Chlorocebus_aethiops_MN816163|Chlorocebus_cynosuros_C3_KU682693|Chlorocebus_cynosuros_KM262190;Cercopithecus_albogularis_KC757391|Cercopithecus_diana_KJ434958|Cercopithecus_lhoesti_KJ434957|Cercopithecus_mitis_KJ434956|Cercopithecus_neglectus_MW160353;Cercopithecus_aethiops_AY863426|Chlorocebus_aethiops_C1_KU682691|Chlorocebus_aethiops_MN816163|Chlorocebus_cynosuros_C3_KU682693|Chlorocebus_cynosuros_KM262190|Chlorocebus_djamdjamensis_C5_KU682695,0.15368178607580563,0.17052651428502555,0.8075518197402215,0.802643582832262,0.15557791636144525,0.17218238631575056,0.7703131292852775,0.7902031930333817,15,"{""0"":""Allenopithecus_nigroviridis_KJ434962"",""1"":""Cercocebus_atys_KT159932"",""2"":""Cercocebus_torquatus_KJ434959"",""3"":""Cercocebus_chrysogaster_KC757390"",""4"":""Cercopithecus_aethiops_AY863426"",""5"":""Chlorocebus_aethiops_C1_KU682691"",""6"":""Chlorocebus_aethiops_MN816163"",""7"":""Chlorocebus_cynosuros_C3_KU682693"",""8"":""Chlorocebus_cynosuros_KM262190"",""9"":""Chlorocebus_djamdjamensis_C5_KU682695"",""10"":""Cercopithecus_albogularis_KC757391"",""11"":""Cercopithecus_mitis_KJ434956"",""12"":""Cercopithecus_lhoesti_KJ434957"",""13"":""Cercopithecus_diana_KJ434958"",""14"":""Cercopithecus_neglectus_MW160353""}"
KNN-Impute,65,18,72,KNNimpute_completed_p65_rep18_seed72.csv,knn_impute_outputs/completed_matrices/KNNimpute_completed_p65_rep18_seed72.csv,True,,KNN-Impute_NJ_p65_rep18_seed72.treefile,0.6476190476190476,105,68,37,0,68,5,5,distance,nan_euclidean,0.0392840166680067,0.0309241818942572,0.764753101952379,0.6498454021452837,0.0033657519961707,True,True,True,0,0,0.0,0.0,14.0,0.5833333333333334,5.0,12.0,12.0,0.4166666666666667,0.4166666666666667,0.4166666666666667,Allenopithecus_nigroviridis_KJ434962|Cercocebus_chrysogaster_KC757390;Cercopithecus_aethiops_AY863426|Chlorocebus_cynosuros_KM262190;Cercopithecus_lhoesti_KJ434957|Cercopithecus_mitis_KJ434956;Chlorocebus_aethiops_C1_KU682691|Chlorocebus_cynosuros_C3_KU682693;Chlorocebus_aethiops_MN816163|Chlorocebus_djamdjamensis_C5_KU682695;Cercopithecus_albogularis_KC757391|Cercopithecus_diana_KJ434958|Cercopithecus_neglectus_MW160353;Cercopithecus_aethiops_AY863426|Chlorocebus_aethiops_C1_KU682691|Chlorocebus_cynosuros_C3_KU682693|Chlorocebus_cynosuros_KM262190,Cercopithecus_albogularis_KC757391|Cercopithecus_mitis_KJ434956;Chlorocebus_aethiops_C1_KU682691|Chlorocebus_aethiops_MN816163;Chlorocebus_cynosuros_C3_KU682693|Chlorocebus_cynosuros_KM262190;Cercocebus_atys_KT159932|Cercocebus_chrysogaster_KC757390|Cercocebus_torquatus_KJ434959;Cercopithecus_aethiops_AY863426|Chlorocebus_aethiops_C1_KU682691|Chlorocebus_aethiops_MN816163;Cercopithecus_albogularis_KC757391|Cercopithecus_lhoesti_KJ434957|Cercopithecus_mitis_KJ434956;Cercopithecus_aethiops_AY863426|Chlorocebus_aethiops_C1_KU682691|Chlorocebus_aethiops_MN816163|Chlorocebus_cynosuros_C3_KU682693|Chlorocebus_cynosuros_KM262190,0.15447462590733926,0.1722563764441332,0.8493936963959439,0.8166182873730043,0.1547698596555759,0.17329629787121048,0.7809463274733869,0.6889487870619946,15,"{""0"":""Allenopithecus_nigroviridis_KJ434962"",""1"":""Cercocebus_atys_KT159932"",""2"":""Cercocebus_torquatus_KJ434959"",""3"":""Cercocebus_chrysogaster_KC757390"",""4"":""Cercopithecus_aethiops_AY863426"",""5"":""Chlorocebus_aethiops_C1_KU682691"",""6"":""Chlorocebus_aethiops_MN816163"",""7"":""Chlorocebus_cynosuros_C3_KU682693"",""8"":""Chlorocebus_cynosuros_KM262190"",""9"":""Chlorocebus_djamdjamensis_C5_KU682695"",""10"":""Cercopithecus_albogularis_KC757391"",""11"":""Cercopithecus_mitis_KJ434956"",""12"":""Cercopithecus_lhoesti_KJ434957"",""13"":""Cercopithecus_diana_KJ434958"",""14"":""Cercopithecus_neglectus_MW160353""}"
KNN-Impute,65,19,73,KNNimpute_completed_p65_rep19_seed73.csv,knn_impute_outputs/completed_matrices/KNNimpute_completed_p65_rep19_seed73.csv,True,,KNN-Impute_NJ_p65_rep19_seed73.treefile,0.6476190476190476,105,68,37,0,68,5,5,distance,nan_euclidean,0.0470888979075934,0.0377652212758026,0.5592169431278857,0.646180860403863,0.0035028109996346,True,True,True,0,0,0.0,0.0,16.0,0.6666666666666666,4.0,12.0,12.0,0.3333333333333333,0.3333333333333333,0.3333333333333333,Cercocebus_atys_KT159932|Cercocebus_chrysogaster_KC757390;Cercopithecus_aethiops_AY863426|Cercopithecus_diana_KJ434958;Cercopithecus_neglectus_MW160353|Chlorocebus_djamdjamensis_C5_KU682695;Chlorocebus_aethiops_C1_KU682691|Chlorocebus_cynosuros_C3_KU682693;Chlorocebus_aethiops_C1_KU682691|Chlorocebus_aethiops_MN816163|Chlorocebus_cynosuros_C3_KU682693;Cercopithecus_aethiops_AY863426|Cercopithecus_albogularis_KC757391|Cercopithecus_diana_KJ434958|Cercopithecus_lhoesti_KJ434957|Cercopithecus_mitis_KJ434956;Cercopithecus_neglectus_MW160353|Chlorocebus_aethiops_C1_KU682691|Chlorocebus_aethiops_MN816163|Chlorocebus_cynosuros_C3_KU682693|Chlorocebus_djamdjamensis_C5_KU682695;Cercopithecus_neglectus_MW160353|Chlorocebus_aethiops_C1_KU682691|Chlorocebus_aethiops_MN816163|Chlorocebus_cynosuros_C3_KU682693|Chlorocebus_cynosuros_KM262190|Chlorocebus_djamdjamensis_C5_KU682695,Cercocebus_atys_KT159932|Cercocebus_torquatus_KJ434959;Cercopithecus_diana_KJ434958|Cercopithecus_neglectus_MW160353;Chlorocebus_aethiops_C1_KU682691|Chlorocebus_aethiops_MN816163;Chlorocebus_cynosuros_C3_KU682693|Chlorocebus_cynosuros_KM262190;Cercopithecus_aethiops_AY863426|Chlorocebus_aethiops_C1_KU682691|Chlorocebus_aethiops_MN816163;Cercopithecus_aethiops_AY863426|Chlorocebus_aethiops_C1_KU682691|Chlorocebus_aethiops_MN816163|Chlorocebus_cynosuros_C3_KU682693|Chlorocebus_cynosuros_KM262190;Cercopithecus_albogularis_KC757391|Cercopithecus_diana_KJ434958|Cercopithecus_lhoesti_KJ434957|Cercopithecus_mitis_KJ434956|Cercopithecus_neglectus_MW160353;Cercopithecus_aethiops_AY863426|Chlorocebus_aethiops_C1_KU682691|Chlorocebus_aethiops_MN816163|Chlorocebus_cynosuros_C3_KU682693|Chlorocebus_cynosuros_KM262190|Chlorocebus_djamdjamensis_C5_KU682695,0.15883589842749143,0.1754352327960702,0.7859057792024154,0.7376632801161103,0.15880463183862215,0.17556806381217382,0.7102586127267063,0.6586357039187228,15,"{""0"":""Allenopithecus_nigroviridis_KJ434962"",""1"":""Cercocebus_atys_KT159932"",""2"":""Cercocebus_torquatus_KJ434959"",""3"":""Cercocebus_chrysogaster_KC757390"",""4"":""Cercopithecus_aethiops_AY863426"",""5"":""Chlorocebus_aethiops_C1_KU682691"",""6"":""Chlorocebus_aethiops_MN816163"",""7"":""Chlorocebus_cynosuros_C3_KU682693"",""8"":""Chlorocebus_cynosuros_KM262190"",""9"":""Chlorocebus_djamdjamensis_C5_KU682695"",""10"":""Cercopithecus_albogularis_KC757391"",""11"":""Cercopithecus_mitis_KJ434956"",""12"":""Cercopithecus_lhoesti_KJ434957"",""13"":""Cercopithecus_diana_KJ434958"",""14"":""Cercopithecus_neglectus_MW160353""}"
KNN-Impute,65,20,74,KNNimpute_completed_p65_rep20_seed74.csv,knn_impute_outputs/completed_matrices/KNNimpute_completed_p65_rep20_seed74.csv,True,,KNN-Impute_NJ_p65_rep20_seed74.treefile,0.6476190476190476,105,68,37,0,68,5,5,distance,nan_euclidean,0.0502123906291957,0.0398783934739236,0.5914688300738253,0.4954765812879336,0.0021813680068589,True,True,True,0,0,0.0,0.0,18.0,0.75,3.0,12.0,12.0,0.25,0.25,0.25,Cercocebus_chrysogaster_KC757390|Cercocebus_torquatus_KJ434959;Cercopithecus_aethiops_AY863426|Chlorocebus_aethiops_MN816163;Cercopithecus_lhoesti_KJ434957|Cercopithecus_neglectus_MW160353;Chlorocebus_aethiops_C1_KU682691|Chlorocebus_cynosuros_KM262190;Allenopithecus_nigroviridis_KJ434962|Cercocebus_chrysogaster_KC757390|Cercocebus_torquatus_KJ434959;Chlorocebus_aethiops_C1_KU682691|Chlorocebus_cynosuros_C3_KU682693|Chlorocebus_cynosuros_KM262190;Cercopithecus_albogularis_KC757391|Cercopithecus_lhoesti_KJ434957|Cercopithecus_mitis_KJ434956|Cercopithecus_neglectus_MW160353;Chlorocebus_aethiops_C1_KU682691|Chlorocebus_cynosuros_C3_KU682693|Chlorocebus_cynosuros_KM262190|Chlorocebus_djamdjamensis_C5_KU682695;Cercopithecus_aethiops_AY863426|Cercopithecus_diana_KJ434958|Chlorocebus_aethiops_C1_KU682691|Chlorocebus_aethiops_MN816163|Chlorocebus_cynosuros_C3_KU682693|Chlorocebus_cynosuros_KM262190|Chlorocebus_djamdjamensis_C5_KU682695,Cercocebus_atys_KT159932|Cercocebus_torquatus_KJ434959;Cercopithecus_diana_KJ434958|Cercopithecus_neglectus_MW160353;Chlorocebus_aethiops_C1_KU682691|Chlorocebus_aethiops_MN816163;Chlorocebus_cynosuros_C3_KU682693|Chlorocebus_cynosuros_KM262190;Cercocebus_atys_KT159932|Cercocebus_chrysogaster_KC757390|Cercocebus_torquatus_KJ434959;Cercopithecus_aethiops_AY863426|Chlorocebus_aethiops_C1_KU682691|Chlorocebus_aethiops_MN816163;Cercopithecus_albogularis_KC757391|Cercopithecus_lhoesti_KJ434957|Cercopithecus_mitis_KJ434956;Cercopithecus_aethiops_AY863426|Chlorocebus_aethiops_C1_KU682691|Chlorocebus_aethiops_MN816163|Chlorocebus_cynosuros_C3_KU682693|Chlorocebus_cynosuros_KM262190;Cercopithecus_albogularis_KC757391|Cercopithecus_diana_KJ434958|Cercopithecus_lhoesti_KJ434957|Cercopithecus_mitis_KJ434956|Cercopithecus_neglectus_MW160353,0.15777314187742028,0.17856661288676076,0.6844725494203804,0.5353825419863155,0.16068330157065483,0.18195584736133388,0.6143880522074338,0.4712004976155919,15,"{""0"":""Allenopithecus_nigroviridis_KJ434962"",""1"":""Cercocebus_atys_KT159932"",""2"":""Cercocebus_torquatus_KJ434959"",""3"":""Cercocebus_chrysogaster_KC757390"",""4"":""Cercopithecus_aethiops_AY863426"",""5"":""Chlorocebus_aethiops_C1_KU682691"",""6"":""Chlorocebus_aethiops_MN816163"",""7"":""Chlorocebus_cynosuros_C3_KU682693"",""8"":""Chlorocebus_cynosuros_KM262190"",""9"":""Chlorocebus_djamdjamensis_C5_KU682695"",""10"":""Cercopithecus_albogularis_KC757391"",""11"":""Cercopithecus_mitis_KJ434956"",""12"":""Cercopithecus_lhoesti_KJ434957"",""13"":""Cercopithecus_diana_KJ434958"",""14"":""Cercopithecus_neglectus_MW160353""}"
KNN-Impute,65,21,75,KNNimpute_completed_p65_rep21_seed75.csv,knn_impute_outputs/completed_matrices/KNNimpute_completed_p65_rep21_seed75.csv,True,,KNN-Impute_NJ_p65_rep21_seed75.treefile,0.6476190476190476,105,68,37,0,68,5,5,distance,nan_euclidean,0.0463734592543919,0.0372147055623116,0.6133006063126345,0.4021452838111233,0.0020690360106527,True,True,True,0,0,0.0,0.0,18.0,0.75,3.0,12.0,12.0,0.25,0.25,0.25,Cercocebus_chrysogaster_KC757390|Cercocebus_torquatus_KJ434959;Cercopithecus_aethiops_AY863426|Chlorocebus_cynosuros_KM262190;Cercopithecus_diana_KJ434958|Cercopithecus_lhoesti_KJ434957;Chlorocebus_aethiops_C1_KU682691|Chlorocebus_cynosuros_C3_KU682693;Allenopithecus_nigroviridis_KJ434962|Cercocebus_chrysogaster_KC757390|Cercocebus_torquatus_KJ434959;Chlorocebus_aethiops_C1_KU682691|Chlorocebus_aethiops_MN816163|Chlorocebus_cynosuros_C3_KU682693;Allenopithecus_nigroviridis_KJ434962|Cercocebus_chrysogaster_KC757390|Cercocebus_torquatus_KJ434959|Cercopithecus_diana_KJ434958|Cercopithecus_lhoesti_KJ434957;Allenopithecus_nigroviridis_KJ434962|Cercocebus_chrysogaster_KC757390|Cercocebus_torquatus_KJ434959|Cercopithecus_albogularis_KC757391|Cercopithecus_diana_KJ434958|Cercopithecus_lhoesti_KJ434957|Cercopithecus_mitis_KJ434956;Cercocebus_atys_KT159932|Cercopithecus_aethiops_AY863426|Chlorocebus_aethiops_C1_KU682691|Chlorocebus_aethiops_MN816163|Chlorocebus_cynosuros_C3_KU682693|Chlorocebus_cynosuros_KM262190|Chlorocebus_djamdjamensis_C5_KU682695,Cercocebus_atys_KT159932|Cercocebus_torquatus_KJ434959;Cercopithecus_diana_KJ434958|Cercopithecus_neglectus_MW160353;Chlorocebus_aethiops_C1_KU682691|Chlorocebus_aethiops_MN816163;Chlorocebus_cynosuros_C3_KU682693|Chlorocebus_cynosuros_KM262190;Cercocebus_atys_KT159932|Cercocebus_chrysogaster_KC757390|Cercocebus_torquatus_KJ434959;Cercopithecus_aethiops_AY863426|Chlorocebus_aethiops_C1_KU682691|Chlorocebus_aethiops_MN816163;Cercopithecus_albogularis_KC757391|Cercopithecus_lhoesti_KJ434957|Cercopithecus_mitis_KJ434956;Allenopithecus_nigroviridis_KJ434962|Cercocebus_atys_KT159932|Cercocebus_chrysogaster_KC757390|Cercocebus_torquatus_KJ434959;Cercopithecus_albogularis_KC757391|Cercopithecus_diana_KJ434958|Cercopithecus_lhoesti_KJ434957|Cercopithecus_mitis_KJ434956|Cercopithecus_neglectus_MW160353,0.15865223409662002,0.1792799954541111,0.6818940509755106,0.517489114658926,0.15873331741983082,0.179793943598645,0.6270640692773701,0.4745490358697905,15,"{""0"":""Allenopithecus_nigroviridis_KJ434962"",""1"":""Cercocebus_atys_KT159932"",""2"":""Cercocebus_torquatus_KJ434959"",""3"":""Cercocebus_chrysogaster_KC757390"",""4"":""Cercopithecus_aethiops_AY863426"",""5"":""Chlorocebus_aethiops_C1_KU682691"",""6"":""Chlorocebus_aethiops_MN816163"",""7"":""Chlorocebus_cynosuros_C3_KU682693"",""8"":""Chlorocebus_cynosuros_KM262190"",""9"":""Chlorocebus_djamdjamensis_C5_KU682695"",""10"":""Cercopithecus_albogularis_KC757391"",""11"":""Cercopithecus_mitis_KJ434956"",""12"":""Cercopithecus_lhoesti_KJ434957"",""13"":""Cercopithecus_diana_KJ434958"",""14"":""Cercopithecus_neglectus_MW160353""}"
KNN-Impute,65,22,76,KNNimpute_completed_p65_rep22_seed76.csv,knn_impute_outputs/completed_matrices/KNNimpute_completed_p65_rep22_seed76.csv,True,,KNN-Impute_NJ_p65_rep22_seed76.treefile,0.6476190476190476,105,68,37,0,68,5,5,distance,nan_euclidean,0.05226320574614,0.0425474418853641,0.4972784826562791,0.4083673703095773,0.0021459099953062,True,True,True,0,0,0.0,0.0,20.0,0.8333333333333334,2.0,12.0,12.0,0.16666666666666666,0.16666666666666666,0.16666666666666666,Cercocebus_atys_KT159932|Cercopithecus_mitis_KJ434956;Cercocebus_chrysogaster_KC757390|Cercocebus_torquatus_KJ434959;Cercopithecus_albogularis_KC757391|Chlorocebus_djamdjamensis_C5_KU682695;Cercopithecus_diana_KJ434958|Cercopithecus_lhoesti_KJ434957;Allenopithecus_nigroviridis_KJ434962|Chlorocebus_cynosuros_C3_KU682693|Chlorocebus_cynosuros_KM262190;Allenopithecus_nigroviridis_KJ434962|Cercopithecus_aethiops_AY863426|Chlorocebus_cynosuros_C3_KU682693|Chlorocebus_cynosuros_KM262190;Cercocebus_atys_KT159932|Cercocebus_chrysogaster_KC757390|Cercocebus_torquatus_KJ434959|Cercopithecus_mitis_KJ434956;Allenopithecus_nigroviridis_KJ434962|Cercopithecus_aethiops_AY863426|Chlorocebus_aethiops_C1_KU682691|Chlorocebus_aethiops_MN816163|Chlorocebus_cynosuros_C3_KU682693|Chlorocebus_cynosuros_KM262190;Cercocebus_atys_KT159932|Cercocebus_chrysogaster_KC757390|Cercocebus_torquatus_KJ434959|Cercopithecus_diana_KJ434958|Cercopithecus_lhoesti_KJ434957|Cercopithecus_mitis_KJ434956;Cercocebus_atys_KT159932|Cercocebus_chrysogaster_KC757390|Cercocebus_torquatus_KJ434959|Cercopithecus_diana_KJ434958|Cercopithecus_lhoesti_KJ434957|Cercopithecus_mitis_KJ434956|Cercopithecus_neglectus_MW160353,Cercocebus_atys_KT159932|Cercocebus_torquatus_KJ434959;Cercopithecus_albogularis_KC757391|Cercopithecus_mitis_KJ434956;Cercopithecus_diana_KJ434958|Cercopithecus_neglectus_MW160353;Cercocebus_atys_KT159932|Cercocebus_chrysogaster_KC757390|Cercocebus_torquatus_KJ434959;Cercopithecus_aethiops_AY863426|Chlorocebus_aethiops_C1_KU682691|Chlorocebus_aethiops_MN816163;Cercopithecus_albogularis_KC757391|Cercopithecus_lhoesti_KJ434957|Cercopithecus_mitis_KJ434956;Allenopithecus_nigroviridis_KJ434962|Cercocebus_atys_KT159932|Cercocebus_chrysogaster_KC757390|Cercocebus_torquatus_KJ434959;Cercopithecus_aethiops_AY863426|Chlorocebus_aethiops_C1_KU682691|Chlorocebus_aethiops_MN816163|Chlorocebus_cynosuros_C3_KU682693|Chlorocebus_cynosuros_KM262190;Cercopithecus_albogularis_KC757391|Cercopithecus_diana_KJ434958|Cercopithecus_lhoesti_KJ434957|Cercopithecus_mitis_KJ434956|Cercopithecus_neglectus_MW160353;Cercopithecus_aethiops_AY863426|Chlorocebus_aethiops_C1_KU682691|Chlorocebus_aethiops_MN816163|Chlorocebus_cynosuros_C3_KU682693|Chlorocebus_cynosuros_KM262190|Chlorocebus_djamdjamensis_C5_KU682695,0.16270664944755428,0.18341896085158188,0.6924866654360267,0.6970765083972631,0.1621511716495712,0.1835989157819906,0.6408228649086097,0.580955836616214,15,"{""0"":""Allenopithecus_nigroviridis_KJ434962"",""1"":""Cercocebus_atys_KT159932"",""2"":""Cercocebus_torquatus_KJ434959"",""3"":""Cercocebus_chrysogaster_KC757390"",""4"":""Cercopithecus_aethiops_AY863426"",""5"":""Chlorocebus_aethiops_C1_KU682691"",""6"":""Chlorocebus_aethiops_MN816163"",""7"":""Chlorocebus_cynosuros_C3_KU682693"",""8"":""Chlorocebus_cynosuros_KM262190"",""9"":""Chlorocebus_djamdjamensis_C5_KU682695"",""10"":""Cercopithecus_albogularis_KC757391"",""11"":""Cercopithecus_mitis_KJ434956"",""12"":""Cercopithecus_lhoesti_KJ434957"",""13"":""Cercopithecus_diana_KJ434958"",""14"":""Cercopithecus_neglectus_MW160353""}"
KNN-Impute,65,23,77,KNNimpute_completed_p65_rep23_seed77.csv,knn_impute_outputs/completed_matrices/KNNimpute_completed_p65_rep23_seed77.csv,True,,KNN-Impute_NJ_p65_rep23_seed77.treefile,0.6476190476190476,105,68,37,0,68,5,5,distance,nan_euclidean,0.0405608424897515,0.0346254309594456,0.6488249191688102,0.5903347711570026,0.0024064620083663,True,True,True,0,0,0.0,0.0,12.0,0.5,6.0,12.0,12.0,0.5,0.5,0.5,Cercocebus_atys_KT159932|Cercocebus_chrysogaster_KC757390;Cercopithecus_aethiops_AY863426|Chlorocebus_cynosuros_KM262190;Cercopithecus_albogularis_KC757391|Cercopithecus_lhoesti_KJ434957;Chlorocebus_cynosuros_C3_KU682693|Chlorocebus_djamdjamensis_C5_KU682695;Cercopithecus_aethiops_AY863426|Chlorocebus_aethiops_C1_KU682691|Chlorocebus_aethiops_MN816163|Chlorocebus_cynosuros_KM262190;Cercopithecus_albogularis_KC757391|Cercopithecus_diana_KJ434958|Cercopithecus_lhoesti_KJ434957|Cercopithecus_neglectus_MW160353,Cercocebus_atys_KT159932|Cercocebus_torquatus_KJ434959;Cercopithecus_albogularis_KC757391|Cercopithecus_mitis_KJ434956;Chlorocebus_cynosuros_C3_KU682693|Chlorocebus_cynosuros_KM262190;Cercopithecus_aethiops_AY863426|Chlorocebus_aethiops_C1_KU682691|Chlorocebus_aethiops_MN816163;Cercopithecus_albogularis_KC757391|Cercopithecus_lhoesti_KJ434957|Cercopithecus_mitis_KJ434956;Cercopithecus_aethiops_AY863426|Chlorocebus_aethiops_C1_KU682691|Chlorocebus_aethiops_MN816163|Chlorocebus_cynosuros_C3_KU682693|Chlorocebus_cynosuros_KM262190,0.15408123463360912,0.1729946413842453,0.8480660460838609,0.8420070495542193,0.1563976446468016,0.1751567680495686,0.7062172984526554,0.6002384408044785,15,"{""0"":""Allenopithecus_nigroviridis_KJ434962"",""1"":""Cercocebus_atys_KT159932"",""2"":""Cercocebus_torquatus_KJ434959"",""3"":""Cercocebus_chrysogaster_KC757390"",""4"":""Cercopithecus_aethiops_AY863426"",""5"":""Chlorocebus_aethiops_C1_KU682691"",""6"":""Chlorocebus_aethiops_MN816163"",""7"":""Chlorocebus_cynosuros_C3_KU682693"",""8"":""Chlorocebus_cynosuros_KM262190"",""9"":""Chlorocebus_djamdjamensis_C5_KU682695"",""10"":""Cercopithecus_albogularis_KC757391"",""11"":""Cercopithecus_mitis_KJ434956"",""12"":""Cercopithecus_lhoesti_KJ434957"",""13"":""Cercopithecus_diana_KJ434958"",""14"":""Cercopithecus_neglectus_MW160353""}"
KNN-Impute,65,24,78,KNNimpute_completed_p65_rep24_seed78.csv,knn_impute_outputs/completed_matrices/KNNimpute_completed_p65_rep24_seed78.csv,True,,KNN-Impute_NJ_p65_rep24_seed78.treefile,0.6476190476190476,105,68,37,0,68,5,5,distance,nan_euclidean,0.0417264722055009,0.0299692726866165,0.7472123723947856,0.8657479864106576,0.0022569630091311,True,True,True,0,0,0.0,0.0,14.0,0.5833333333333334,5.0,12.0,12.0,0.4166666666666667,0.4166666666666667,0.4166666666666667,Cercopithecus_aethiops_AY863426|Chlorocebus_cynosuros_KM262190;Cercopithecus_lhoesti_KJ434957|Chlorocebus_aethiops_C1_KU682691;Cercopithecus_aethiops_AY863426|Chlorocebus_aethiops_MN816163|Chlorocebus_cynosuros_KM262190;Cercopithecus_lhoesti_KJ434957|Chlorocebus_aethiops_C1_KU682691|Chlorocebus_djamdjamensis_C5_KU682695;Cercopithecus_aethiops_AY863426|Chlorocebus_aethiops_MN816163|Chlorocebus_cynosuros_C3_KU682693|Chlorocebus_cynosuros_KM262190;Allenopithecus_nigroviridis_KJ434962|Cercocebus_atys_KT159932|Cercocebus_chrysogaster_KC757390|Cercocebus_torquatus_KJ434959|Cercopithecus_diana_KJ434958|Cercopithecus_neglectus_MW160353;Cercopithecus_aethiops_AY863426|Cercopithecus_lhoesti_KJ434957|Chlorocebus_aethiops_C1_KU682691|Chlorocebus_aethiops_MN816163|Chlorocebus_cynosuros_C3_KU682693|Chlorocebus_cynosuros_KM262190|Chlorocebus_djamdjamensis_C5_KU682695,Chlorocebus_aethiops_C1_KU682691|Chlorocebus_aethiops_MN816163;Chlorocebus_cynosuros_C3_KU682693|Chlorocebus_cynosuros_KM262190;Cercopithecus_aethiops_AY863426|Chlorocebus_aethiops_C1_KU682691|Chlorocebus_aethiops_MN816163;Cercopithecus_albogularis_KC757391|Cercopithecus_lhoesti_KJ434957|Cercopithecus_mitis_KJ434956;Cercopithecus_aethiops_AY863426|Chlorocebus_aethiops_C1_KU682691|Chlorocebus_aethiops_MN816163|Chlorocebus_cynosuros_C3_KU682693|Chlorocebus_cynosuros_KM262190;Cercopithecus_albogularis_KC757391|Cercopithecus_diana_KJ434958|Cercopithecus_lhoesti_KJ434957|Cercopithecus_mitis_KJ434956|Cercopithecus_neglectus_MW160353;Cercopithecus_aethiops_AY863426|Chlorocebus_aethiops_C1_KU682691|Chlorocebus_aethiops_MN816163|Chlorocebus_cynosuros_C3_KU682693|Chlorocebus_cynosuros_KM262190|Chlorocebus_djamdjamensis_C5_KU682695,0.15536655140178154,0.17065938715902332,0.854177657256612,0.8539187227866474,0.15463059922002861,0.17029228327521417,0.8184751927454357,0.8437487041260625,15,"{""0"":""Allenopithecus_nigroviridis_KJ434962"",""1"":""Cercocebus_atys_KT159932"",""2"":""Cercocebus_torquatus_KJ434959"",""3"":""Cercocebus_chrysogaster_KC757390"",""4"":""Cercopithecus_aethiops_AY863426"",""5"":""Chlorocebus_aethiops_C1_KU682691"",""6"":""Chlorocebus_aethiops_MN816163"",""7"":""Chlorocebus_cynosuros_C3_KU682693"",""8"":""Chlorocebus_cynosuros_KM262190"",""9"":""Chlorocebus_djamdjamensis_C5_KU682695"",""10"":""Cercopithecus_albogularis_KC757391"",""11"":""Cercopithecus_mitis_KJ434956"",""12"":""Cercopithecus_lhoesti_KJ434957"",""13"":""Cercopithecus_diana_KJ434958"",""14"":""Cercopithecus_neglectus_MW160353""}"
KNN-Impute,65,25,79,KNNimpute_completed_p65_rep25_seed79.csv,knn_impute_outputs/completed_matrices/KNNimpute_completed_p65_rep25_seed79.csv,True,,KNN-Impute_NJ_p65_rep25_seed79.treefile,0.6476190476190476,105,68,37,0,68,5,5,distance,nan_euclidean,0.0470794799320046,0.0380415028400911,0.5621772731149935,0.5267015307096232,0.0021639240003423,True,True,True,0,0,0.0,0.0,18.0,0.75,3.0,12.0,12.0,0.25,0.25,0.25,Allenopithecus_nigroviridis_KJ434962|Cercopithecus_albogularis_KC757391;Cercopithecus_lhoesti_KJ434957|Cercopithecus_mitis_KJ434956;Chlorocebus_aethiops_C1_KU682691|Chlorocebus_cynosuros_C3_KU682693;Allenopithecus_nigroviridis_KJ434962|Cercopithecus_albogularis_KC757391|Chlorocebus_djamdjamensis_C5_KU682695;Chlorocebus_aethiops_C1_KU682691|Chlorocebus_aethiops_MN816163|Chlorocebus_cynosuros_C3_KU682693;Cercopithecus_diana_KJ434958|Cercopithecus_lhoesti_KJ434957|Cercopithecus_mitis_KJ434956|Cercopithecus_neglectus_MW160353;Chlorocebus_aethiops_C1_KU682691|Chlorocebus_aethiops_MN816163|Chlorocebus_cynosuros_C3_KU682693|Chlorocebus_cynosuros_KM262190;Allenopithecus_nigroviridis_KJ434962|Cercopithecus_albogularis_KC757391|Chlorocebus_aethiops_C1_KU682691|Chlorocebus_aethiops_MN816163|Chlorocebus_cynosuros_C3_KU682693|Chlorocebus_cynosuros_KM262190|Chlorocebus_djamdjamensis_C5_KU682695;Cercocebus_atys_KT159932|Cercocebus_chrysogaster_KC757390|Cercocebus_torquatus_KJ434959|Cercopithecus_diana_KJ434958|Cercopithecus_lhoesti_KJ434957|Cercopithecus_mitis_KJ434956|Cercopithecus_neglectus_MW160353,Cercopithecus_albogularis_KC757391|Cercopithecus_mitis_KJ434956;Chlorocebus_aethiops_C1_KU682691|Chlorocebus_aethiops_MN816163;Chlorocebus_cynosuros_C3_KU682693|Chlorocebus_cynosuros_KM262190;Cercopithecus_aethiops_AY863426|Chlorocebus_aethiops_C1_KU682691|Chlorocebus_aethiops_MN816163;Cercopithecus_albogularis_KC757391|Cercopithecus_lhoesti_KJ434957|Cercopithecus_mitis_KJ434956;Allenopithecus_nigroviridis_KJ434962|Cercocebus_atys_KT159932|Cercocebus_chrysogaster_KC757390|Cercocebus_torquatus_KJ434959;Cercopithecus_aethiops_AY863426|Chlorocebus_aethiops_C1_KU682691|Chlorocebus_aethiops_MN816163|Chlorocebus_cynosuros_C3_KU682693|Chlorocebus_cynosuros_KM262190;Cercopithecus_albogularis_KC757391|Cercopithecus_diana_KJ434958|Cercopithecus_lhoesti_KJ434957|Cercopithecus_mitis_KJ434956|Cercopithecus_neglectus_MW160353;Cercopithecus_aethiops_AY863426|Chlorocebus_aethiops_C1_KU682691|Chlorocebus_aethiops_MN816163|Chlorocebus_cynosuros_C3_KU682693|Chlorocebus_cynosuros_KM262190|Chlorocebus_djamdjamensis_C5_KU682695,0.15747444478786082,0.17674102265696334,0.7396111596482964,0.7194381090607505,0.1584547736803988,0.1780164142468046,0.673005487801013,0.6288617043334024,15,"{""0"":""Allenopithecus_nigroviridis_KJ434962"",""1"":""Cercocebus_atys_KT159932"",""2"":""Cercocebus_torquatus_KJ434959"",""3"":""Cercocebus_chrysogaster_KC757390"",""4"":""Cercopithecus_aethiops_AY863426"",""5"":""Chlorocebus_aethiops_C1_KU682691"",""6"":""Chlorocebus_aethiops_MN816163"",""7"":""Chlorocebus_cynosuros_C3_KU682693"",""8"":""Chlorocebus_cynosuros_KM262190"",""9"":""Chlorocebus_djamdjamensis_C5_KU682695"",""10"":""Cercopithecus_albogularis_KC757391"",""11"":""Cercopithecus_mitis_KJ434956"",""12"":""Cercopithecus_lhoesti_KJ434957"",""13"":""Cercopithecus_diana_KJ434958"",""14"":""Cercopithecus_neglectus_MW160353""}"
KNN-Impute,65,26,80,KNNimpute_completed_p65_rep26_seed80.csv,knn_impute_outputs/completed_matrices/KNNimpute_completed_p65_rep26_seed80.csv,True,,KNN-Impute_NJ_p65_rep26_seed80.treefile,0.6476190476190476,105,68,37,0,68,5,5,distance,nan_euclidean,0.0454467544442929,0.0366618889184038,0.5753499869195609,0.49616368286445,0.0022234279895201,True,True,True,0,0,0.0,0.0,20.0,0.8333333333333334,2.0,12.0,12.0,0.16666666666666666,0.16666666666666666,0.16666666666666666,Allenopithecus_nigroviridis_KJ434962|Cercopithecus_neglectus_MW160353;Cercocebus_atys_KT159932|Cercocebus_chrysogaster_KC757390;Cercopithecus_diana_KJ434958|Chlorocebus_djamdjamensis_C5_KU682695;Cercopithecus_lhoesti_KJ434957|Chlorocebus_cynosuros_C3_KU682693;Chlorocebus_aethiops_MN816163|Chlorocebus_cynosuros_KM262190;Cercopithecus_aethiops_AY863426|Cercopithecus_diana_KJ434958|Chlorocebus_djamdjamensis_C5_KU682695;Chlorocebus_aethiops_C1_KU682691|Chlorocebus_aethiops_MN816163|Chlorocebus_cynosuros_KM262190;Cercocebus_atys_KT159932|Cercocebus_chrysogaster_KC757390|Cercocebus_torquatus_KJ434959|Cercopithecus_albogularis_KC757391|Cercopithecus_mitis_KJ434956;Cercopithecus_lhoesti_KJ434957|Chlorocebus_aethiops_C1_KU682691|Chlorocebus_aethiops_MN816163|Chlorocebus_cynosuros_C3_KU682693|Chlorocebus_cynosuros_KM262190;Allenopithecus_nigroviridis_KJ434962|Cercocebus_atys_KT159932|Cercocebus_chrysogaster_KC757390|Cercocebus_torquatus_KJ434959|Cercopithecus_albogularis_KC757391|Cercopithecus_mitis_KJ434956|Cercopithecus_neglectus_MW160353,Cercocebus_atys_KT159932|Cercocebus_torquatus_KJ434959;Cercopithecus_diana_KJ434958|Cercopithecus_neglectus_MW160353;Chlorocebus_aethiops_C1_KU682691|Chlorocebus_aethiops_MN816163;Chlorocebus_cynosuros_C3_KU682693|Chlorocebus_cynosuros_KM262190;Cercopithecus_aethiops_AY863426|Chlorocebus_aethiops_C1_KU682691|Chlorocebus_aethiops_MN816163;Cercopithecus_albogularis_KC757391|Cercopithecus_lhoesti_KJ434957|Cercopithecus_mitis_KJ434956;Allenopithecus_nigroviridis_KJ434962|Cercocebus_atys_KT159932|Cercocebus_chrysogaster_KC757390|Cercocebus_torquatus_KJ434959;Cercopithecus_aethiops_AY863426|Chlorocebus_aethiops_C1_KU682691|Chlorocebus_aethiops_MN816163|Chlorocebus_cynosuros_C3_KU682693|Chlorocebus_cynosuros_KM262190;Cercopithecus_albogularis_KC757391|Cercopithecus_diana_KJ434958|Cercopithecus_lhoesti_KJ434957|Cercopithecus_mitis_KJ434956|Cercopithecus_neglectus_MW160353;Cercopithecus_aethiops_AY863426|Chlorocebus_aethiops_C1_KU682691|Chlorocebus_aethiops_MN816163|Chlorocebus_cynosuros_C3_KU682693|Chlorocebus_cynosuros_KM262190|Chlorocebus_djamdjamensis_C5_KU682695,0.15633186058004842,0.1733954081506651,0.7078902841092206,0.6909392494298154,0.15707111630720447,0.17499994665277033,0.688223338812646,0.6832469417375078,15,"{""0"":""Allenopithecus_nigroviridis_KJ434962"",""1"":""Cercocebus_atys_KT159932"",""2"":""Cercocebus_torquatus_KJ434959"",""3"":""Cercocebus_chrysogaster_KC757390"",""4"":""Cercopithecus_aethiops_AY863426"",""5"":""Chlorocebus_aethiops_C1_KU682691"",""6"":""Chlorocebus_aethiops_MN816163"",""7"":""Chlorocebus_cynosuros_C3_KU682693"",""8"":""Chlorocebus_cynosuros_KM262190"",""9"":""Chlorocebus_djamdjamensis_C5_KU682695"",""10"":""Cercopithecus_albogularis_KC757391"",""11"":""Cercopithecus_mitis_KJ434956"",""12"":""Cercopithecus_lhoesti_KJ434957"",""13"":""Cercopithecus_diana_KJ434958"",""14"":""Cercopithecus_neglectus_MW160353""}"
KNN-Impute,65,27,81,KNNimpute_completed_p65_rep27_seed81.csv,knn_impute_outputs/completed_matrices/KNNimpute_completed_p65_rep27_seed81.csv,True,,KNN-Impute_NJ_p65_rep27_seed81.treefile,0.6476190476190476,105,68,37,0,68,5,5,distance,nan_euclidean,0.0495245957303477,0.0428681079773755,0.7055422308402702,0.565560942092606,0.0033281279902439,True,True,True,0,0,0.0,0.0,14.0,0.5833333333333334,5.0,12.0,12.0,0.4166666666666667,0.4166666666666667,0.4166666666666667,Cercocebus_chrysogaster_KC757390|Cercocebus_torquatus_KJ434959;Cercopithecus_aethiops_AY863426|Chlorocebus_cynosuros_KM262190;Cercopithecus_lhoesti_KJ434957|Cercopithecus_mitis_KJ434956;Cercopithecus_aethiops_AY863426|Chlorocebus_cynosuros_C3_KU682693|Chlorocebus_cynosuros_KM262190;Cercocebus_atys_KT159932|Cercocebus_chrysogaster_KC757390|Cercocebus_torquatus_KJ434959|Cercopithecus_diana_KJ434958;Cercocebus_atys_KT159932|Cercocebus_chrysogaster_KC757390|Cercocebus_torquatus_KJ434959|Cercopithecus_diana_KJ434958|Cercopithecus_neglectus_MW160353;Allenopithecus_nigroviridis_KJ434962|Cercopithecus_aethiops_AY863426|Chlorocebus_aethiops_C1_KU682691|Chlorocebus_aethiops_MN816163|Chlorocebus_cynosuros_C3_KU682693|Chlorocebus_cynosuros_KM262190|Chlorocebus_djamdjamensis_C5_KU682695,Cercocebus_atys_KT159932|Cercocebus_torquatus_KJ434959;Cercopithecus_albogularis_KC757391|Cercopithecus_mitis_KJ434956;Cercopithecus_diana_KJ434958|Cercopithecus_neglectus_MW160353;Chlorocebus_cynosuros_C3_KU682693|Chlorocebus_cynosuros_KM262190;Cercopithecus_aethiops_AY863426|Chlorocebus_aethiops_C1_KU682691|Chlorocebus_aethiops_MN816163;Allenopithecus_nigroviridis_KJ434962|Cercocebus_atys_KT159932|Cercocebus_chrysogaster_KC757390|Cercocebus_torquatus_KJ434959;Cercopithecus_albogularis_KC757391|Cercopithecus_diana_KJ434958|Cercopithecus_lhoesti_KJ434957|Cercopithecus_mitis_KJ434956|Cercopithecus_neglectus_MW160353,0.16454370174415672,0.18431043285883217,0.80162576981896,0.7100352477710968,0.16392971009556234,0.18452771305147553,0.6921776553909861,0.5720713249015136,15,"{""0"":""Allenopithecus_nigroviridis_KJ434962"",""1"":""Cercocebus_atys_KT159932"",""2"":""Cercocebus_torquatus_KJ434959"",""3"":""Cercocebus_chrysogaster_KC757390"",""4"":""Cercopithecus_aethiops_AY863426"",""5"":""Chlorocebus_aethiops_C1_KU682691"",""6"":""Chlorocebus_aethiops_MN816163"",""7"":""Chlorocebus_cynosuros_C3_KU682693"",""8"":""Chlorocebus_cynosuros_KM262190"",""9"":""Chlorocebus_djamdjamensis_C5_KU682695"",""10"":""Cercopithecus_albogularis_KC757391"",""11"":""Cercopithecus_mitis_KJ434956"",""12"":""Cercopithecus_lhoesti_KJ434957"",""13"":""Cercopithecus_diana_KJ434958"",""14"":""Cercopithecus_neglectus_MW160353""}"
KNN-Impute,65,28,82,KNNimpute_completed_p65_rep28_seed82.csv,knn_impute_outputs/completed_matrices/KNNimpute_completed_p65_rep28_seed82.csv,True,,KNN-Impute_NJ_p65_rep28_seed82.treefile,0.6476190476190476,105,68,37,0,68,5,5,distance,nan_euclidean,0.0487236456530662,0.0385438469964538,0.5930588279732986,0.6620223689735466,0.0024125079944496,True,True,True,0,0,0.0,0.0,20.0,0.8333333333333334,2.0,12.0,12.0,0.16666666666666666,0.16666666666666666,0.16666666666666666,Allenopithecus_nigroviridis_KJ434962|Cercopithecus_aethiops_AY863426;Cercopithecus_diana_KJ434958|Chlorocebus_cynosuros_C3_KU682693;Cercopithecus_lhoesti_KJ434957|Cercopithecus_mitis_KJ434956;Cercopithecus_neglectus_MW160353|Chlorocebus_aethiops_C1_KU682691;Chlorocebus_aethiops_MN816163|Chlorocebus_cynosuros_KM262190;Chlorocebus_aethiops_MN816163|Chlorocebus_cynosuros_KM262190|Chlorocebus_djamdjamensis_C5_KU682695;Allenopithecus_nigroviridis_KJ434962|Cercopithecus_aethiops_AY863426|Cercopithecus_neglectus_MW160353|Chlorocebus_aethiops_C1_KU682691;Cercocebus_atys_KT159932|Cercocebus_chrysogaster_KC757390|Cercocebus_torquatus_KJ434959|Cercopithecus_albogularis_KC757391;Cercopithecus_diana_KJ434958|Chlorocebus_aethiops_MN816163|Chlorocebus_cynosuros_C3_KU682693|Chlorocebus_cynosuros_KM262190|Chlorocebus_djamdjamensis_C5_KU682695;Cercocebus_atys_KT159932|Cercocebus_chrysogaster_KC757390|Cercocebus_torquatus_KJ434959|Cercopithecus_albogularis_KC757391|Cercopithecus_lhoesti_KJ434957|Cercopithecus_mitis_KJ434956,Cercopithecus_albogularis_KC757391|Cercopithecus_mitis_KJ434956;Cercopithecus_diana_KJ434958|Cercopithecus_neglectus_MW160353;Chlorocebus_aethiops_C1_KU682691|Chlorocebus_aethiops_MN816163;Chlorocebus_cynosuros_C3_KU682693|Chlorocebus_cynosuros_KM262190;Cercopithecus_aethiops_AY863426|Chlorocebus_aethiops_C1_KU682691|Chlorocebus_aethiops_MN816163;Cercopithecus_albogularis_KC757391|Cercopithecus_lhoesti_KJ434957|Cercopithecus_mitis_KJ434956;Allenopithecus_nigroviridis_KJ434962|Cercocebus_atys_KT159932|Cercocebus_chrysogaster_KC757390|Cercocebus_torquatus_KJ434959;Cercopithecus_aethiops_AY863426|Chlorocebus_aethiops_C1_KU682691|Chlorocebus_aethiops_MN816163|Chlorocebus_cynosuros_C3_KU682693|Chlorocebus_cynosuros_KM262190;Cercopithecus_albogularis_KC757391|Cercopithecus_diana_KJ434958|Cercopithecus_lhoesti_KJ434957|Cercopithecus_mitis_KJ434956|Cercopithecus_neglectus_MW160353;Cercopithecus_aethiops_AY863426|Chlorocebus_aethiops_C1_KU682691|Chlorocebus_aethiops_MN816163|Chlorocebus_cynosuros_C3_KU682693|Chlorocebus_cynosuros_KM262190|Chlorocebus_djamdjamensis_C5_KU682695,0.16184636719721077,0.17792966845213964,0.696907276259635,0.7235538046858803,0.15951405712802436,0.17603363377893613,0.7317103925971644,0.7523636740617873,15,"{""0"":""Allenopithecus_nigroviridis_KJ434962"",""1"":""Cercocebus_atys_KT159932"",""2"":""Cercocebus_torquatus_KJ434959"",""3"":""Cercocebus_chrysogaster_KC757390"",""4"":""Cercopithecus_aethiops_AY863426"",""5"":""Chlorocebus_aethiops_C1_KU682691"",""6"":""Chlorocebus_aethiops_MN816163"",""7"":""Chlorocebus_cynosuros_C3_KU682693"",""8"":""Chlorocebus_cynosuros_KM262190"",""9"":""Chlorocebus_djamdjamensis_C5_KU682695"",""10"":""Cercopithecus_albogularis_KC757391"",""11"":""Cercopithecus_mitis_KJ434956"",""12"":""Cercopithecus_lhoesti_KJ434957"",""13"":""Cercopithecus_diana_KJ434958"",""14"":""Cercopithecus_neglectus_MW160353""}"
KNN-Impute,65,29,83,KNNimpute_completed_p65_rep29_seed83.csv,knn_impute_outputs/completed_matrices/KNNimpute_completed_p65_rep29_seed83.csv,True,,KNN-Impute_NJ_p65_rep29_seed83.treefile,0.6476190476190476,105,68,37,0,68,5,5,distance,nan_euclidean,0.0477828304544357,0.0387546661991289,0.6380128164472326,0.5492613658052448,0.0021558769949479,True,True,True,0,0,0.0,0.0,10.0,0.4166666666666667,7.0,12.0,12.0,0.5833333333333334,0.5833333333333334,0.5833333333333334,Allenopithecus_nigroviridis_KJ434962|Cercopithecus_lhoesti_KJ434957;Cercocebus_atys_KT159932|Cercocebus_chrysogaster_KC757390;Cercopithecus_aethiops_AY863426|Chlorocebus_aethiops_C1_KU682691;Allenopithecus_nigroviridis_KJ434962|Cercopithecus_diana_KJ434958|Cercopithecus_lhoesti_KJ434957|Cercopithecus_neglectus_MW160353;Cercocebus_atys_KT159932|Cercocebus_chrysogaster_KC757390|Cercocebus_torquatus_KJ434959|Cercopithecus_albogularis_KC757391|Cercopithecus_mitis_KJ434956,Cercocebus_atys_KT159932|Cercocebus_torquatus_KJ434959;Chlorocebus_aethiops_C1_KU682691|Chlorocebus_aethiops_MN816163;Cercopithecus_albogularis_KC757391|Cercopithecus_lhoesti_KJ434957|Cercopithecus_mitis_KJ434956;Allenopithecus_nigroviridis_KJ434962|Cercocebus_atys_KT159932|Cercocebus_chrysogaster_KC757390|Cercocebus_torquatus_KJ434959;Cercopithecus_albogularis_KC757391|Cercopithecus_diana_KJ434958|Cercopithecus_lhoesti_KJ434957|Cercopithecus_mitis_KJ434956|Cercopithecus_neglectus_MW160353,0.16109974200078395,0.17990909599413557,0.8382232320161911,0.7988388969521045,0.1610251003522319,0.1807162274741855,0.7140518898659866,0.6633423180592992,15,"{""0"":""Allenopithecus_nigroviridis_KJ434962"",""1"":""Cercocebus_atys_KT159932"",""2"":""Cercocebus_torquatus_KJ434959"",""3"":""Cercocebus_chrysogaster_KC757390"",""4"":""Cercopithecus_aethiops_AY863426"",""5"":""Chlorocebus_aethiops_C1_KU682691"",""6"":""Chlorocebus_aethiops_MN816163"",""7"":""Chlorocebus_cynosuros_C3_KU682693"",""8"":""Chlorocebus_cynosuros_KM262190"",""9"":""Chlorocebus_djamdjamensis_C5_KU682695"",""10"":""Cercopithecus_albogularis_KC757391"",""11"":""Cercopithecus_mitis_KJ434956"",""12"":""Cercopithecus_lhoesti_KJ434957"",""13"":""Cercopithecus_diana_KJ434958"",""14"":""Cercopithecus_neglectus_MW160353""}"
KNN-Impute,65,30,84,KNNimpute_completed_p65_rep30_seed84.csv,knn_impute_outputs/completed_matrices/KNNimpute_completed_p65_rep30_seed84.csv,True,,KNN-Impute_NJ_p65_rep30_seed84.treefile,0.6476190476190476,105,68,37,0,68,5,5,distance,nan_euclidean,0.04765751886637,0.0384832218292278,0.6484675491552264,0.7061113868000153,0.0024058489943854,True,True,True,0,0,0.0,0.0,22.0,0.9166666666666666,1.0,12.0,12.0,0.08333333333333333,0.08333333333333333,0.08333333333333333,Allenopithecus_nigroviridis_KJ434962|Chlorocebus_cynosuros_C3_KU682693;Cercocebus_chrysogaster_KC757390|Cercocebus_torquatus_KJ434959;Cercopithecus_albogularis_KC757391|Chlorocebus_aethiops_MN816163;Cercopithecus_mitis_KJ434956|Cercopithecus_neglectus_MW160353;Chlorocebus_cynosuros_KM262190|Chlorocebus_djamdjamensis_C5_KU682695;Allenopithecus_nigroviridis_KJ434962|Cercopithecus_lhoesti_KJ434957|Chlorocebus_cynosuros_C3_KU682693;Cercopithecus_albogularis_KC757391|Chlorocebus_aethiops_C1_KU682691|Chlorocebus_aethiops_MN816163;Cercocebus_atys_KT159932|Cercocebus_chrysogaster_KC757390|Cercocebus_torquatus_KJ434959|Cercopithecus_aethiops_AY863426;Cercopithecus_albogularis_KC757391|Chlorocebus_aethiops_C1_KU682691|Chlorocebus_aethiops_MN816163|Chlorocebus_cynosuros_KM262190|Chlorocebus_djamdjamensis_C5_KU682695;Cercocebus_atys_KT159932|Cercocebus_chrysogaster_KC757390|Cercocebus_torquatus_KJ434959|Cercopithecus_aethiops_AY863426|Cercopithecus_mitis_KJ434956|Cercopithecus_neglectus_MW160353;Cercopithecus_albogularis_KC757391|Cercopithecus_diana_KJ434958|Chlorocebus_aethiops_C1_KU682691|Chlorocebus_aethiops_MN816163|Chlorocebus_cynosuros_KM262190|Chlorocebus_djamdjamensis_C5_KU682695,Cercocebus_atys_KT159932|Cercocebus_torquatus_KJ434959;Cercopithecus_albogularis_KC757391|Cercopithecus_mitis_KJ434956;Cercopithecus_diana_KJ434958|Cercopithecus_neglectus_MW160353;Chlorocebus_aethiops_C1_KU682691|Chlorocebus_aethiops_MN816163;Chlorocebus_cynosuros_C3_KU682693|Chlorocebus_cynosuros_KM262190;Cercopithecus_aethiops_AY863426|Chlorocebus_aethiops_C1_KU682691|Chlorocebus_aethiops_MN816163;Cercopithecus_albogularis_KC757391|Cercopithecus_lhoesti_KJ434957|Cercopithecus_mitis_KJ434956;Allenopithecus_nigroviridis_KJ434962|Cercocebus_atys_KT159932|Cercocebus_chrysogaster_KC757390|Cercocebus_torquatus_KJ434959;Cercopithecus_aethiops_AY863426|Chlorocebus_aethiops_C1_KU682691|Chlorocebus_aethiops_MN816163|Chlorocebus_cynosuros_C3_KU682693|Chlorocebus_cynosuros_KM262190;Cercopithecus_albogularis_KC757391|Cercopithecus_diana_KJ434958|Cercopithecus_lhoesti_KJ434957|Cercopithecus_mitis_KJ434956|Cercopithecus_neglectus_MW160353;Cercopithecus_aethiops_AY863426|Chlorocebus_aethiops_C1_KU682691|Chlorocebus_aethiops_MN816163|Chlorocebus_cynosuros_C3_KU682693|Chlorocebus_cynosuros_KM262190|Chlorocebus_djamdjamensis_C5_KU682695,0.16223761928355535,0.18039785911683617,0.7242378801018009,0.7189612274517935,0.16007912927253554,0.17946490843644966,0.7244358590045383,0.7075886377773171,15,"{""0"":""Allenopithecus_nigroviridis_KJ434962"",""1"":""Cercocebus_atys_KT159932"",""2"":""Cercocebus_torquatus_KJ434959"",""3"":""Cercocebus_chrysogaster_KC757390"",""4"":""Cercopithecus_aethiops_AY863426"",""5"":""Chlorocebus_aethiops_C1_KU682691"",""6"":""Chlorocebus_aethiops_MN816163"",""7"":""Chlorocebus_cynosuros_C3_KU682693"",""8"":""Chlorocebus_cynosuros_KM262190"",""9"":""Chlorocebus_djamdjamensis_C5_KU682695"",""10"":""Cercopithecus_albogularis_KC757391"",""11"":""Cercopithecus_mitis_KJ434956"",""12"":""Cercopithecus_lhoesti_KJ434957"",""13"":""Cercopithecus_diana_KJ434958"",""14"":""Cercopithecus_neglectus_MW160353""}"
KNN-Impute,85,1,55,KNNimpute_completed_p85_rep01_seed55.csv,knn_impute_outputs/completed_matrices/KNNimpute_completed_p85_rep01_seed55.csv,True,,KNN-Impute_NJ_p85_rep01_seed55.treefile,0.8476190476190476,105,89,16,0,89,5,5,distance,nan_euclidean,0.064982215493947,0.056539355400051,0.198224002502248,0.2087163772557031,0.0023062200052663,True,True,True,0,0,0.0,0.0,22.0,0.9166666666666666,1.0,12.0,12.0,0.08333333333333333,0.08333333333333333,0.08333333333333333,Allenopithecus_nigroviridis_KJ434962|Cercopithecus_diana_KJ434958;Cercocebus_chrysogaster_KC757390|Chlorocebus_aethiops_C1_KU682691;Cercopithecus_mitis_KJ434956|Cercopithecus_neglectus_MW160353;Chlorocebus_aethiops_MN816163|Chlorocebus_djamdjamensis_C5_KU682695;Cercopithecus_lhoesti_KJ434957|Chlorocebus_aethiops_MN816163|Chlorocebus_djamdjamensis_C5_KU682695;Allenopithecus_nigroviridis_KJ434962|Cercopithecus_diana_KJ434958|Cercopithecus_mitis_KJ434956|Cercopithecus_neglectus_MW160353;Cercocebus_atys_KT159932|Cercocebus_torquatus_KJ434959|Cercopithecus_lhoesti_KJ434957|Chlorocebus_aethiops_MN816163|Chlorocebus_djamdjamensis_C5_KU682695;Allenopithecus_nigroviridis_KJ434962|Cercocebus_chrysogaster_KC757390|Cercopithecus_diana_KJ434958|Cercopithecus_mitis_KJ434956|Cercopithecus_neglectus_MW160353|Chlorocebus_aethiops_C1_KU682691;Cercocebus_atys_KT159932|Cercocebus_torquatus_KJ434959|Cercopithecus_lhoesti_KJ434957|Chlorocebus_aethiops_MN816163|Chlorocebus_cynosuros_C3_KU682693|Chlorocebus_djamdjamensis_C5_KU682695;Allenopithecus_nigroviridis_KJ434962|Cercocebus_chrysogaster_KC757390|Cercopithecus_diana_KJ434958|Cercopithecus_mitis_KJ434956|Cercopithecus_neglectus_MW160353|Chlorocebus_aethiops_C1_KU682691|Chlorocebus_cynosuros_KM262190;Cercocebus_atys_KT159932|Cercocebus_torquatus_KJ434959|Cercopithecus_albogularis_KC757391|Cercopithecus_lhoesti_KJ434957|Chlorocebus_aethiops_MN816163|Chlorocebus_cynosuros_C3_KU682693|Chlorocebus_djamdjamensis_C5_KU682695,Cercopithecus_albogularis_KC757391|Cercopithecus_mitis_KJ434956;Cercopithecus_diana_KJ434958|Cercopithecus_neglectus_MW160353;Chlorocebus_aethiops_C1_KU682691|Chlorocebus_aethiops_MN816163;Chlorocebus_cynosuros_C3_KU682693|Chlorocebus_cynosuros_KM262190;Cercocebus_atys_KT159932|Cercocebus_chrysogaster_KC757390|Cercocebus_torquatus_KJ434959;Cercopithecus_aethiops_AY863426|Chlorocebus_aethiops_C1_KU682691|Chlorocebus_aethiops_MN816163;Cercopithecus_albogularis_KC757391|Cercopithecus_lhoesti_KJ434957|Cercopithecus_mitis_KJ434956;Allenopithecus_nigroviridis_KJ434962|Cercocebus_atys_KT159932|Cercocebus_chrysogaster_KC757390|Cercocebus_torquatus_KJ434959;Cercopithecus_aethiops_AY863426|Chlorocebus_aethiops_C1_KU682691|Chlorocebus_aethiops_MN816163|Chlorocebus_cynosuros_C3_KU682693|Chlorocebus_cynosuros_KM262190;Cercopithecus_albogularis_KC757391|Cercopithecus_diana_KJ434958|Cercopithecus_lhoesti_KJ434957|Cercopithecus_mitis_KJ434956|Cercopithecus_neglectus_MW160353;Cercopithecus_aethiops_AY863426|Chlorocebus_aethiops_C1_KU682691|Chlorocebus_aethiops_MN816163|Chlorocebus_cynosuros_C3_KU682693|Chlorocebus_cynosuros_KM262190|Chlorocebus_djamdjamensis_C5_KU682695,0.18153318836511526,0.20406146089536295,0.3021803245791665,0.22772133526850508,0.18085908165952708,0.20395712114908346,0.2675737674368128,0.2139436035662451,15,"{""0"":""Allenopithecus_nigroviridis_KJ434962"",""1"":""Cercocebus_atys_KT159932"",""2"":""Cercocebus_torquatus_KJ434959"",""3"":""Cercocebus_chrysogaster_KC757390"",""4"":""Cercopithecus_aethiops_AY863426"",""5"":""Chlorocebus_aethiops_C1_KU682691"",""6"":""Chlorocebus_aethiops_MN816163"",""7"":""Chlorocebus_cynosuros_C3_KU682693"",""8"":""Chlorocebus_cynosuros_KM262190"",""9"":""Chlorocebus_djamdjamensis_C5_KU682695"",""10"":""Cercopithecus_albogularis_KC757391"",""11"":""Cercopithecus_mitis_KJ434956"",""12"":""Cercopithecus_lhoesti_KJ434957"",""13"":""Cercopithecus_diana_KJ434958"",""14"":""Cercopithecus_neglectus_MW160353""}"
KNN-Impute,85,2,56,KNNimpute_completed_p85_rep02_seed56.csv,knn_impute_outputs/completed_matrices/KNNimpute_completed_p85_rep02_seed56.csv,True,,KNN-Impute_NJ_p85_rep02_seed56.treefile,0.8476190476190476,105,89,16,0,89,5,5,distance,nan_euclidean,0.0655574756299788,0.0526027546395457,0.346818666094162,0.3089717398706163,0.0045476639934349,True,True,True,0,0,0.0,0.0,22.0,0.9166666666666666,1.0,12.0,12.0,0.08333333333333333,0.08333333333333333,0.08333333333333333,Allenopithecus_nigroviridis_KJ434962|Cercocebus_chrysogaster_KC757390;Cercopithecus_albogularis_KC757391|Cercopithecus_lhoesti_KJ434957;Cercopithecus_diana_KJ434958|Chlorocebus_cynosuros_C3_KU682693;Chlorocebus_cynosuros_KM262190|Chlorocebus_djamdjamensis_C5_KU682695;Allenopithecus_nigroviridis_KJ434962|Cercocebus_chrysogaster_KC757390|Cercopithecus_neglectus_MW160353;Cercopithecus_albogularis_KC757391|Cercopithecus_lhoesti_KJ434957|Chlorocebus_aethiops_MN816163;Allenopithecus_nigroviridis_KJ434962|Cercocebus_atys_KT159932|Cercocebus_chrysogaster_KC757390|Cercocebus_torquatus_KJ434959|Cercopithecus_neglectus_MW160353;Cercopithecus_albogularis_KC757391|Cercopithecus_diana_KJ434958|Cercopithecus_lhoesti_KJ434957|Chlorocebus_aethiops_MN816163|Chlorocebus_cynosuros_C3_KU682693;Allenopithecus_nigroviridis_KJ434962|Cercocebus_atys_KT159932|Cercocebus_chrysogaster_KC757390|Cercocebus_torquatus_KJ434959|Cercopithecus_aethiops_AY863426|Cercopithecus_neglectus_MW160353;Allenopithecus_nigroviridis_KJ434962|Cercocebus_atys_KT159932|Cercocebus_chrysogaster_KC757390|Cercocebus_torquatus_KJ434959|Cercopithecus_aethiops_AY863426|Cercopithecus_mitis_KJ434956|Cercopithecus_neglectus_MW160353;Cercopithecus_albogularis_KC757391|Cercopithecus_diana_KJ434958|Cercopithecus_lhoesti_KJ434957|Chlorocebus_aethiops_MN816163|Chlorocebus_cynosuros_C3_KU682693|Chlorocebus_cynosuros_KM262190|Chlorocebus_djamdjamensis_C5_KU682695,Cercopithecus_albogularis_KC757391|Cercopithecus_mitis_KJ434956;Cercopithecus_diana_KJ434958|Cercopithecus_neglectus_MW160353;Chlorocebus_aethiops_C1_KU682691|Chlorocebus_aethiops_MN816163;Chlorocebus_cynosuros_C3_KU682693|Chlorocebus_cynosuros_KM262190;Cercocebus_atys_KT159932|Cercocebus_chrysogaster_KC757390|Cercocebus_torquatus_KJ434959;Cercopithecus_aethiops_AY863426|Chlorocebus_aethiops_C1_KU682691|Chlorocebus_aethiops_MN816163;Cercopithecus_albogularis_KC757391|Cercopithecus_lhoesti_KJ434957|Cercopithecus_mitis_KJ434956;Allenopithecus_nigroviridis_KJ434962|Cercocebus_atys_KT159932|Cercocebus_chrysogaster_KC757390|Cercocebus_torquatus_KJ434959;Cercopithecus_aethiops_AY863426|Chlorocebus_aethiops_C1_KU682691|Chlorocebus_aethiops_MN816163|Chlorocebus_cynosuros_C3_KU682693|Chlorocebus_cynosuros_KM262190;Cercopithecus_albogularis_KC757391|Cercopithecus_diana_KJ434958|Cercopithecus_lhoesti_KJ434957|Cercopithecus_mitis_KJ434956|Cercopithecus_neglectus_MW160353;Cercopithecus_aethiops_AY863426|Chlorocebus_aethiops_C1_KU682691|Chlorocebus_aethiops_MN816163|Chlorocebus_cynosuros_C3_KU682693|Chlorocebus_cynosuros_KM262190|Chlorocebus_djamdjamensis_C5_KU682695,0.1798258132857229,0.2025862623858405,0.3441519995612598,0.2841488699979266,0.1773405966957028,0.2001812537133646,0.38785653269428105,0.33094546962471494,15,"{""0"":""Allenopithecus_nigroviridis_KJ434962"",""1"":""Cercocebus_atys_KT159932"",""2"":""Cercocebus_torquatus_KJ434959"",""3"":""Cercocebus_chrysogaster_KC757390"",""4"":""Cercopithecus_aethiops_AY863426"",""5"":""Chlorocebus_aethiops_C1_KU682691"",""6"":""Chlorocebus_aethiops_MN816163"",""7"":""Chlorocebus_cynosuros_C3_KU682693"",""8"":""Chlorocebus_cynosuros_KM262190"",""9"":""Chlorocebus_djamdjamensis_C5_KU682695"",""10"":""Cercopithecus_albogularis_KC757391"",""11"":""Cercopithecus_mitis_KJ434956"",""12"":""Cercopithecus_lhoesti_KJ434957"",""13"":""Cercopithecus_diana_KJ434958"",""14"":""Cercopithecus_neglectus_MW160353""}"
KNN-Impute,85,3,57,KNNimpute_completed_p85_rep03_seed57.csv,knn_impute_outputs/completed_matrices/KNNimpute_completed_p85_rep03_seed57.csv,True,,KNN-Impute_NJ_p85_rep03_seed57.treefile,0.8476190476190476,105,89,16,0,89,5,5,distance,nan_euclidean,0.0711994471174705,0.0625337179502156,0.0246066353976012,0.079805232791661,0.0022917030000826,True,True,True,0,0,0.0,0.0,22.0,0.9166666666666666,1.0,12.0,12.0,0.08333333333333333,0.08333333333333333,0.08333333333333333,Allenopithecus_nigroviridis_KJ434962|Cercopithecus_diana_KJ434958;Cercopithecus_albogularis_KC757391|Chlorocebus_aethiops_MN816163;Chlorocebus_aethiops_C1_KU682691|Chlorocebus_djamdjamensis_C5_KU682695;Cercocebus_atys_KT159932|Cercocebus_torquatus_KJ434959|Cercopithecus_mitis_KJ434956;Cercopithecus_albogularis_KC757391|Cercopithecus_lhoesti_KJ434957|Chlorocebus_aethiops_MN816163;Cercocebus_atys_KT159932|Cercocebus_torquatus_KJ434959|Cercopithecus_aethiops_AY863426|Cercopithecus_mitis_KJ434956;Cercopithecus_albogularis_KC757391|Cercopithecus_lhoesti_KJ434957|Cercopithecus_neglectus_MW160353|Chlorocebus_aethiops_MN816163;Cercopithecus_albogularis_KC757391|Cercopithecus_lhoesti_KJ434957|Cercopithecus_neglectus_MW160353|Chlorocebus_aethiops_MN816163|Chlorocebus_cynosuros_KM262190;Allenopithecus_nigroviridis_KJ434962|Cercocebus_atys_KT159932|Cercocebus_torquatus_KJ434959|Cercopithecus_aethiops_AY863426|Cercopithecus_diana_KJ434958|Cercopithecus_mitis_KJ434956;Cercocebus_chrysogaster_KC757390|Cercopithecus_albogularis_KC757391|Cercopithecus_lhoesti_KJ434957|Cercopithecus_neglectus_MW160353|Chlorocebus_aethiops_MN816163|Chlorocebus_cynosuros_KM262190;Cercocebus_chrysogaster_KC757390|Cercopithecus_albogularis_KC757391|Cercopithecus_lhoesti_KJ434957|Cercopithecus_neglectus_MW160353|Chlorocebus_aethiops_MN816163|Chlorocebus_cynosuros_C3_KU682693|Chlorocebus_cynosuros_KM262190,Cercopithecus_albogularis_KC757391|Cercopithecus_mitis_KJ434956;Cercopithecus_diana_KJ434958|Cercopithecus_neglectus_MW160353;Chlorocebus_aethiops_C1_KU682691|Chlorocebus_aethiops_MN816163;Chlorocebus_cynosuros_C3_KU682693|Chlorocebus_cynosuros_KM262190;Cercocebus_atys_KT159932|Cercocebus_chrysogaster_KC757390|Cercocebus_torquatus_KJ434959;Cercopithecus_aethiops_AY863426|Chlorocebus_aethiops_C1_KU682691|Chlorocebus_aethiops_MN816163;Cercopithecus_albogularis_KC757391|Cercopithecus_lhoesti_KJ434957|Cercopithecus_mitis_KJ434956;Allenopithecus_nigroviridis_KJ434962|Cercocebus_atys_KT159932|Cercocebus_chrysogaster_KC757390|Cercocebus_torquatus_KJ434959;Cercopithecus_aethiops_AY863426|Chlorocebus_aethiops_C1_KU682691|Chlorocebus_aethiops_MN816163|Chlorocebus_cynosuros_C3_KU682693|Chlorocebus_cynosuros_KM262190;Cercopithecus_albogularis_KC757391|Cercopithecus_diana_KJ434958|Cercopithecus_lhoesti_KJ434957|Cercopithecus_mitis_KJ434956|Cercopithecus_neglectus_MW160353;Cercopithecus_aethiops_AY863426|Chlorocebus_aethiops_C1_KU682691|Chlorocebus_aethiops_MN816163|Chlorocebus_cynosuros_C3_KU682693|Chlorocebus_cynosuros_KM262190|Chlorocebus_djamdjamensis_C5_KU682695,0.1844542659056651,0.20675521919483278,0.19323412108497023,0.19558366162139745,0.18395763015997751,0.20581025522008622,0.19532275791388848,0.2233747250682853,15,"{""0"":""Allenopithecus_nigroviridis_KJ434962"",""1"":""Cercocebus_atys_KT159932"",""2"":""Cercocebus_torquatus_KJ434959"",""3"":""Cercocebus_chrysogaster_KC757390"",""4"":""Cercopithecus_aethiops_AY863426"",""5"":""Chlorocebus_aethiops_C1_KU682691"",""6"":""Chlorocebus_aethiops_MN816163"",""7"":""Chlorocebus_cynosuros_C3_KU682693"",""8"":""Chlorocebus_cynosuros_KM262190"",""9"":""Chlorocebus_djamdjamensis_C5_KU682695"",""10"":""Cercopithecus_albogularis_KC757391"",""11"":""Cercopithecus_mitis_KJ434956"",""12"":""Cercopithecus_lhoesti_KJ434957"",""13"":""Cercopithecus_diana_KJ434958"",""14"":""Cercopithecus_neglectus_MW160353""}"
KNN-Impute,85,4,58,KNNimpute_completed_p85_rep04_seed58.csv,knn_impute_outputs/completed_matrices/KNNimpute_completed_p85_rep04_seed58.csv,True,,KNN-Impute_NJ_p85_rep04_seed58.treefile,0.8476190476190476,105,89,16,0,89,5,5,distance,nan_euclidean,0.0779090880170959,0.06730759276795,-0.0390987164127373,-0.0533537623425264,0.0023801799979992,True,True,True,0,0,0.0,0.0,24.0,1.0,0.0,12.0,12.0,0.0,0.0,,Allenopithecus_nigroviridis_KJ434962|Cercopithecus_neglectus_MW160353;Cercocebus_atys_KT159932|Cercopithecus_lhoesti_KJ434957;Cercopithecus_aethiops_AY863426|Chlorocebus_aethiops_MN816163;Chlorocebus_aethiops_C1_KU682691|Chlorocebus_cynosuros_KM262190;Cercocebus_atys_KT159932|Cercopithecus_lhoesti_KJ434957|Chlorocebus_cynosuros_C3_KU682693;Cercocebus_chrysogaster_KC757390|Cercopithecus_aethiops_AY863426|Chlorocebus_aethiops_MN816163;Cercocebus_atys_KT159932|Cercopithecus_lhoesti_KJ434957|Chlorocebus_cynosuros_C3_KU682693|Chlorocebus_djamdjamensis_C5_KU682695;Allenopithecus_nigroviridis_KJ434962|Cercocebus_chrysogaster_KC757390|Cercopithecus_aethiops_AY863426|Cercopithecus_neglectus_MW160353|Chlorocebus_aethiops_MN816163;Cercocebus_atys_KT159932|Cercopithecus_diana_KJ434958|Cercopithecus_lhoesti_KJ434957|Chlorocebus_cynosuros_C3_KU682693|Chlorocebus_djamdjamensis_C5_KU682695;Allenopithecus_nigroviridis_KJ434962|Cercocebus_chrysogaster_KC757390|Cercopithecus_aethiops_AY863426|Cercopithecus_mitis_KJ434956|Cercopithecus_neglectus_MW160353|Chlorocebus_aethiops_MN816163;Cercocebus_atys_KT159932|Cercopithecus_albogularis_KC757391|Cercopithecus_diana_KJ434958|Cercopithecus_lhoesti_KJ434957|Chlorocebus_cynosuros_C3_KU682693|Chlorocebus_djamdjamensis_C5_KU682695;Cercocebus_atys_KT159932|Cercocebus_torquatus_KJ434959|Cercopithecus_albogularis_KC757391|Cercopithecus_diana_KJ434958|Cercopithecus_lhoesti_KJ434957|Chlorocebus_cynosuros_C3_KU682693|Chlorocebus_djamdjamensis_C5_KU682695,Cercocebus_atys_KT159932|Cercocebus_torquatus_KJ434959;Cercopithecus_albogularis_KC757391|Cercopithecus_mitis_KJ434956;Cercopithecus_diana_KJ434958|Cercopithecus_neglectus_MW160353;Chlorocebus_aethiops_C1_KU682691|Chlorocebus_aethiops_MN816163;Chlorocebus_cynosuros_C3_KU682693|Chlorocebus_cynosuros_KM262190;Cercocebus_atys_KT159932|Cercocebus_chrysogaster_KC757390|Cercocebus_torquatus_KJ434959;Cercopithecus_aethiops_AY863426|Chlorocebus_aethiops_C1_KU682691|Chlorocebus_aethiops_MN816163;Cercopithecus_albogularis_KC757391|Cercopithecus_lhoesti_KJ434957|Cercopithecus_mitis_KJ434956;Allenopithecus_nigroviridis_KJ434962|Cercocebus_atys_KT159932|Cercocebus_chrysogaster_KC757390|Cercocebus_torquatus_KJ434959;Cercopithecus_aethiops_AY863426|Chlorocebus_aethiops_C1_KU682691|Chlorocebus_aethiops_MN816163|Chlorocebus_cynosuros_C3_KU682693|Chlorocebus_cynosuros_KM262190;Cercopithecus_albogularis_KC757391|Cercopithecus_diana_KJ434958|Cercopithecus_lhoesti_KJ434957|Cercopithecus_mitis_KJ434956|Cercopithecus_neglectus_MW160353;Cercopithecus_aethiops_AY863426|Chlorocebus_aethiops_C1_KU682691|Chlorocebus_aethiops_MN816163|Chlorocebus_cynosuros_C3_KU682693|Chlorocebus_cynosuros_KM262190|Chlorocebus_djamdjamensis_C5_KU682695,0.1914126113075935,0.21597492618972322,-0.057145629191594834,-0.14365540120257098,0.18942582379106335,0.21484125262497164,0.038283844132338055,-0.03259382127306656,15,"{""0"":""Allenopithecus_nigroviridis_KJ434962"",""1"":""Cercocebus_atys_KT159932"",""2"":""Cercocebus_torquatus_KJ434959"",""3"":""Cercocebus_chrysogaster_KC757390"",""4"":""Cercopithecus_aethiops_AY863426"",""5"":""Chlorocebus_aethiops_C1_KU682691"",""6"":""Chlorocebus_aethiops_MN816163"",""7"":""Chlorocebus_cynosuros_C3_KU682693"",""8"":""Chlorocebus_cynosuros_KM262190"",""9"":""Chlorocebus_djamdjamensis_C5_KU682695"",""10"":""Cercopithecus_albogularis_KC757391"",""11"":""Cercopithecus_mitis_KJ434956"",""12"":""Cercopithecus_lhoesti_KJ434957"",""13"":""Cercopithecus_diana_KJ434958"",""14"":""Cercopithecus_neglectus_MW160353""}"
KNN-Impute,85,5,59,KNNimpute_completed_p85_rep05_seed59.csv,knn_impute_outputs/completed_matrices/KNNimpute_completed_p85_rep05_seed59.csv,True,,KNN-Impute_NJ_p85_rep05_seed59.treefile,0.8476190476190476,105,89,16,0,89,5,5,distance,nan_euclidean,0.0766707660610925,0.0655855781816672,-0.0448990906479623,-0.0153217568947906,0.0024276000040117,True,True,True,0,0,0.0,0.0,24.0,1.0,0.0,12.0,12.0,0.0,0.0,,Allenopithecus_nigroviridis_KJ434962|Chlorocebus_cynosuros_C3_KU682693;Cercocebus_atys_KT159932|Chlorocebus_aethiops_C1_KU682691;Cercocebus_chrysogaster_KC757390|Cercopithecus_neglectus_MW160353;Cercopithecus_mitis_KJ434956|Chlorocebus_aethiops_MN816163;Allenopithecus_nigroviridis_KJ434962|Chlorocebus_cynosuros_C3_KU682693|Chlorocebus_cynosuros_KM262190;Cercocebus_atys_KT159932|Cercopithecus_lhoesti_KJ434957|Chlorocebus_aethiops_C1_KU682691;Cercocebus_torquatus_KJ434959|Cercopithecus_mitis_KJ434956|Chlorocebus_aethiops_MN816163;Cercocebus_atys_KT159932|Cercopithecus_albogularis_KC757391|Cercopithecus_lhoesti_KJ434957|Chlorocebus_aethiops_C1_KU682691;Allenopithecus_nigroviridis_KJ434962|Cercocebus_chrysogaster_KC757390|Cercopithecus_neglectus_MW160353|Chlorocebus_cynosuros_C3_KU682693|Chlorocebus_cynosuros_KM262190;Cercocebus_atys_KT159932|Cercopithecus_aethiops_AY863426|Cercopithecus_albogularis_KC757391|Cercopithecus_lhoesti_KJ434957|Chlorocebus_aethiops_C1_KU682691;Allenopithecus_nigroviridis_KJ434962|Cercocebus_chrysogaster_KC757390|Cercopithecus_neglectus_MW160353|Chlorocebus_cynosuros_C3_KU682693|Chlorocebus_cynosuros_KM262190|Chlorocebus_djamdjamensis_C5_KU682695;Allenopithecus_nigroviridis_KJ434962|Cercocebus_chrysogaster_KC757390|Cercopithecus_diana_KJ434958|Cercopithecus_neglectus_MW160353|Chlorocebus_cynosuros_C3_KU682693|Chlorocebus_cynosuros_KM262190|Chlorocebus_djamdjamensis_C5_KU682695,Cercocebus_atys_KT159932|Cercocebus_torquatus_KJ434959;Cercopithecus_albogularis_KC757391|Cercopithecus_mitis_KJ434956;Cercopithecus_diana_KJ434958|Cercopithecus_neglectus_MW160353;Chlorocebus_aethiops_C1_KU682691|Chlorocebus_aethiops_MN816163;Chlorocebus_cynosuros_C3_KU682693|Chlorocebus_cynosuros_KM262190;Cercocebus_atys_KT159932|Cercocebus_chrysogaster_KC757390|Cercocebus_torquatus_KJ434959;Cercopithecus_aethiops_AY863426|Chlorocebus_aethiops_C1_KU682691|Chlorocebus_aethiops_MN816163;Cercopithecus_albogularis_KC757391|Cercopithecus_lhoesti_KJ434957|Cercopithecus_mitis_KJ434956;Allenopithecus_nigroviridis_KJ434962|Cercocebus_atys_KT159932|Cercocebus_chrysogaster_KC757390|Cercocebus_torquatus_KJ434959;Cercopithecus_aethiops_AY863426|Chlorocebus_aethiops_C1_KU682691|Chlorocebus_aethiops_MN816163|Chlorocebus_cynosuros_C3_KU682693|Chlorocebus_cynosuros_KM262190;Cercopithecus_albogularis_KC757391|Cercopithecus_diana_KJ434958|Cercopithecus_lhoesti_KJ434957|Cercopithecus_mitis_KJ434956|Cercopithecus_neglectus_MW160353;Cercopithecus_aethiops_AY863426|Chlorocebus_aethiops_C1_KU682691|Chlorocebus_aethiops_MN816163|Chlorocebus_cynosuros_C3_KU682693|Chlorocebus_cynosuros_KM262190|Chlorocebus_djamdjamensis_C5_KU682695,0.1881198632209224,0.21099418297023512,0.1546737275520552,0.15676964544889072,0.1887186390779226,0.21227211895024342,0.13214090226977634,0.11094754302301471,15,"{""0"":""Allenopithecus_nigroviridis_KJ434962"",""1"":""Cercocebus_atys_KT159932"",""2"":""Cercocebus_torquatus_KJ434959"",""3"":""Cercocebus_chrysogaster_KC757390"",""4"":""Cercopithecus_aethiops_AY863426"",""5"":""Chlorocebus_aethiops_C1_KU682691"",""6"":""Chlorocebus_aethiops_MN816163"",""7"":""Chlorocebus_cynosuros_C3_KU682693"",""8"":""Chlorocebus_cynosuros_KM262190"",""9"":""Chlorocebus_djamdjamensis_C5_KU682695"",""10"":""Cercopithecus_albogularis_KC757391"",""11"":""Cercopithecus_mitis_KJ434956"",""12"":""Cercopithecus_lhoesti_KJ434957"",""13"":""Cercopithecus_diana_KJ434958"",""14"":""Cercopithecus_neglectus_MW160353""}"
KNN-Impute,85,6,60,KNNimpute_completed_p85_rep06_seed60.csv,knn_impute_outputs/completed_matrices/KNNimpute_completed_p85_rep06_seed60.csv,True,,KNN-Impute_NJ_p85_rep06_seed60.treefile,0.8476190476190476,105,89,16,0,89,5,5,distance,nan_euclidean,0.0819560675745394,0.0715345379648502,0.0562892336405062,0.1358434031881949,0.0023178160045063,True,True,True,0,0,0.0,0.0,24.0,1.0,0.0,12.0,12.0,0.0,0.0,,Allenopithecus_nigroviridis_KJ434962|Cercocebus_chrysogaster_KC757390;Cercopithecus_neglectus_MW160353|Chlorocebus_djamdjamensis_C5_KU682695;Allenopithecus_nigroviridis_KJ434962|Cercocebus_chrysogaster_KC757390|Chlorocebus_cynosuros_C3_KU682693;Cercopithecus_diana_KJ434958|Cercopithecus_neglectus_MW160353|Chlorocebus_djamdjamensis_C5_KU682695;Allenopithecus_nigroviridis_KJ434962|Cercocebus_chrysogaster_KC757390|Cercopithecus_mitis_KJ434956|Chlorocebus_cynosuros_C3_KU682693;Cercopithecus_albogularis_KC757391|Cercopithecus_diana_KJ434958|Cercopithecus_neglectus_MW160353|Chlorocebus_djamdjamensis_C5_KU682695;Allenopithecus_nigroviridis_KJ434962|Cercocebus_chrysogaster_KC757390|Cercopithecus_mitis_KJ434956|Chlorocebus_aethiops_C1_KU682691|Chlorocebus_cynosuros_C3_KU682693;Cercocebus_atys_KT159932|Cercopithecus_albogularis_KC757391|Cercopithecus_diana_KJ434958|Cercopithecus_neglectus_MW160353|Chlorocebus_djamdjamensis_C5_KU682695;Allenopithecus_nigroviridis_KJ434962|Cercocebus_chrysogaster_KC757390|Cercopithecus_mitis_KJ434956|Chlorocebus_aethiops_C1_KU682691|Chlorocebus_cynosuros_C3_KU682693|Chlorocebus_cynosuros_KM262190;Cercocebus_atys_KT159932|Cercocebus_torquatus_KJ434959|Cercopithecus_albogularis_KC757391|Cercopithecus_diana_KJ434958|Cercopithecus_neglectus_MW160353|Chlorocebus_djamdjamensis_C5_KU682695;Allenopithecus_nigroviridis_KJ434962|Cercocebus_chrysogaster_KC757390|Cercopithecus_aethiops_AY863426|Cercopithecus_mitis_KJ434956|Chlorocebus_aethiops_C1_KU682691|Chlorocebus_cynosuros_C3_KU682693|Chlorocebus_cynosuros_KM262190;Cercocebus_atys_KT159932|Cercocebus_torquatus_KJ434959|Cercopithecus_albogularis_KC757391|Cercopithecus_diana_KJ434958|Cercopithecus_lhoesti_KJ434957|Cercopithecus_neglectus_MW160353|Chlorocebus_djamdjamensis_C5_KU682695,Cercocebus_atys_KT159932|Cercocebus_torquatus_KJ434959;Cercopithecus_albogularis_KC757391|Cercopithecus_mitis_KJ434956;Cercopithecus_diana_KJ434958|Cercopithecus_neglectus_MW160353;Chlorocebus_aethiops_C1_KU682691|Chlorocebus_aethiops_MN816163;Chlorocebus_cynosuros_C3_KU682693|Chlorocebus_cynosuros_KM262190;Cercocebus_atys_KT159932|Cercocebus_chrysogaster_KC757390|Cercocebus_torquatus_KJ434959;Cercopithecus_aethiops_AY863426|Chlorocebus_aethiops_C1_KU682691|Chlorocebus_aethiops_MN816163;Cercopithecus_albogularis_KC757391|Cercopithecus_lhoesti_KJ434957|Cercopithecus_mitis_KJ434956;Allenopithecus_nigroviridis_KJ434962|Cercocebus_atys_KT159932|Cercocebus_chrysogaster_KC757390|Cercocebus_torquatus_KJ434959;Cercopithecus_aethiops_AY863426|Chlorocebus_aethiops_C1_KU682691|Chlorocebus_aethiops_MN816163|Chlorocebus_cynosuros_C3_KU682693|Chlorocebus_cynosuros_KM262190;Cercopithecus_albogularis_KC757391|Cercopithecus_diana_KJ434958|Cercopithecus_lhoesti_KJ434957|Cercopithecus_mitis_KJ434956|Cercopithecus_neglectus_MW160353;Cercopithecus_aethiops_AY863426|Chlorocebus_aethiops_C1_KU682691|Chlorocebus_aethiops_MN816163|Chlorocebus_cynosuros_C3_KU682693|Chlorocebus_cynosuros_KM262190|Chlorocebus_djamdjamensis_C5_KU682695,0.19171727571581576,0.21675201659616122,0.1490932479889197,0.13994401824590502,0.19430277816564523,0.21863437356670898,0.13842016132905818,0.1569511725057445,15,"{""0"":""Allenopithecus_nigroviridis_KJ434962"",""1"":""Cercocebus_atys_KT159932"",""2"":""Cercocebus_torquatus_KJ434959"",""3"":""Cercocebus_chrysogaster_KC757390"",""4"":""Cercopithecus_aethiops_AY863426"",""5"":""Chlorocebus_aethiops_C1_KU682691"",""6"":""Chlorocebus_aethiops_MN816163"",""7"":""Chlorocebus_cynosuros_C3_KU682693"",""8"":""Chlorocebus_cynosuros_KM262190"",""9"":""Chlorocebus_djamdjamensis_C5_KU682695"",""10"":""Cercopithecus_albogularis_KC757391"",""11"":""Cercopithecus_mitis_KJ434956"",""12"":""Cercopithecus_lhoesti_KJ434957"",""13"":""Cercopithecus_diana_KJ434958"",""14"":""Cercopithecus_neglectus_MW160353""}"
KNN-Impute,85,7,61,KNNimpute_completed_p85_rep07_seed61.csv,knn_impute_outputs/completed_matrices/KNNimpute_completed_p85_rep07_seed61.csv,True,,KNN-Impute_NJ_p85_rep07_seed61.treefile,0.8476190476190476,105,89,16,0,89,5,5,distance,nan_euclidean,0.0704025437659714,0.0586094667615139,0.1518067873050897,0.2995062989445012,0.0023932440089993,True,True,True,0,0,0.0,0.0,24.0,1.0,0.0,12.0,12.0,0.0,0.0,,Cercocebus_atys_KT159932|Cercopithecus_aethiops_AY863426;Cercocebus_chrysogaster_KC757390|Cercocebus_torquatus_KJ434959;Cercopithecus_albogularis_KC757391|Chlorocebus_aethiops_C1_KU682691;Cercopithecus_diana_KJ434958|Chlorocebus_cynosuros_KM262190;Allenopithecus_nigroviridis_KJ434962|Cercocebus_chrysogaster_KC757390|Cercocebus_torquatus_KJ434959;Cercocebus_atys_KT159932|Cercopithecus_aethiops_AY863426|Cercopithecus_neglectus_MW160353;Cercopithecus_diana_KJ434958|Chlorocebus_cynosuros_KM262190|Chlorocebus_djamdjamensis_C5_KU682695;Allenopithecus_nigroviridis_KJ434962|Cercocebus_chrysogaster_KC757390|Cercocebus_torquatus_KJ434959|Cercopithecus_lhoesti_KJ434957;Cercocebus_atys_KT159932|Cercopithecus_aethiops_AY863426|Cercopithecus_mitis_KJ434956|Cercopithecus_neglectus_MW160353;Cercopithecus_diana_KJ434958|Chlorocebus_cynosuros_C3_KU682693|Chlorocebus_cynosuros_KM262190|Chlorocebus_djamdjamensis_C5_KU682695;Cercocebus_atys_KT159932|Cercopithecus_aethiops_AY863426|Cercopithecus_albogularis_KC757391|Cercopithecus_mitis_KJ434956|Cercopithecus_neglectus_MW160353|Chlorocebus_aethiops_C1_KU682691;Cercocebus_atys_KT159932|Cercopithecus_aethiops_AY863426|Cercopithecus_albogularis_KC757391|Cercopithecus_mitis_KJ434956|Cercopithecus_neglectus_MW160353|Chlorocebus_aethiops_C1_KU682691|Chlorocebus_aethiops_MN816163,Cercocebus_atys_KT159932|Cercocebus_torquatus_KJ434959;Cercopithecus_albogularis_KC757391|Cercopithecus_mitis_KJ434956;Cercopithecus_diana_KJ434958|Cercopithecus_neglectus_MW160353;Chlorocebus_aethiops_C1_KU682691|Chlorocebus_aethiops_MN816163;Chlorocebus_cynosuros_C3_KU682693|Chlorocebus_cynosuros_KM262190;Cercocebus_atys_KT159932|Cercocebus_chrysogaster_KC757390|Cercocebus_torquatus_KJ434959;Cercopithecus_aethiops_AY863426|Chlorocebus_aethiops_C1_KU682691|Chlorocebus_aethiops_MN816163;Cercopithecus_albogularis_KC757391|Cercopithecus_lhoesti_KJ434957|Cercopithecus_mitis_KJ434956;Allenopithecus_nigroviridis_KJ434962|Cercocebus_atys_KT159932|Cercocebus_chrysogaster_KC757390|Cercocebus_torquatus_KJ434959;Cercopithecus_aethiops_AY863426|Chlorocebus_aethiops_C1_KU682691|Chlorocebus_aethiops_MN816163|Chlorocebus_cynosuros_C3_KU682693|Chlorocebus_cynosuros_KM262190;Cercopithecus_albogularis_KC757391|Cercopithecus_diana_KJ434958|Cercopithecus_lhoesti_KJ434957|Cercopithecus_mitis_KJ434956|Cercopithecus_neglectus_MW160353;Cercopithecus_aethiops_AY863426|Chlorocebus_aethiops_C1_KU682691|Chlorocebus_aethiops_MN816163|Chlorocebus_cynosuros_C3_KU682693|Chlorocebus_cynosuros_KM262190|Chlorocebus_djamdjamensis_C5_KU682695,0.17965114583071878,0.2000112360487604,0.29407530940325755,0.39540742276591334,0.18125262510537218,0.20128802968546594,0.3034277036236778,0.40445780634459877,15,"{""0"":""Allenopithecus_nigroviridis_KJ434962"",""1"":""Cercocebus_atys_KT159932"",""2"":""Cercocebus_torquatus_KJ434959"",""3"":""Cercocebus_chrysogaster_KC757390"",""4"":""Cercopithecus_aethiops_AY863426"",""5"":""Chlorocebus_aethiops_C1_KU682691"",""6"":""Chlorocebus_aethiops_MN816163"",""7"":""Chlorocebus_cynosuros_C3_KU682693"",""8"":""Chlorocebus_cynosuros_KM262190"",""9"":""Chlorocebus_djamdjamensis_C5_KU682695"",""10"":""Cercopithecus_albogularis_KC757391"",""11"":""Cercopithecus_mitis_KJ434956"",""12"":""Cercopithecus_lhoesti_KJ434957"",""13"":""Cercopithecus_diana_KJ434958"",""14"":""Cercopithecus_neglectus_MW160353""}"
KNN-Impute,85,8,62,KNNimpute_completed_p85_rep08_seed62.csv,knn_impute_outputs/completed_matrices/KNNimpute_completed_p85_rep08_seed62.csv,True,,KNN-Impute_NJ_p85_rep08_seed62.treefile,0.8476190476190476,105,89,16,0,89,5,5,distance,nan_euclidean,0.0663204942495223,0.0552570939438703,0.1462968033821735,0.32829417773238,0.0024986950011225,True,True,True,0,0,0.0,0.0,24.0,1.0,0.0,12.0,12.0,0.0,0.0,,Allenopithecus_nigroviridis_KJ434962|Cercopithecus_neglectus_MW160353;Cercocebus_chrysogaster_KC757390|Cercocebus_torquatus_KJ434959;Cercopithecus_aethiops_AY863426|Cercopithecus_lhoesti_KJ434957;Cercopithecus_albogularis_KC757391|Chlorocebus_aethiops_C1_KU682691;Cercopithecus_mitis_KJ434956|Chlorocebus_djamdjamensis_C5_KU682695;Cercocebus_chrysogaster_KC757390|Cercocebus_torquatus_KJ434959|Chlorocebus_cynosuros_C3_KU682693;Cercopithecus_aethiops_AY863426|Cercopithecus_lhoesti_KJ434957|Chlorocebus_cynosuros_KM262190;Cercopithecus_diana_KJ434958|Cercopithecus_mitis_KJ434956|Chlorocebus_djamdjamensis_C5_KU682695;Cercopithecus_aethiops_AY863426|Cercopithecus_lhoesti_KJ434957|Chlorocebus_aethiops_MN816163|Chlorocebus_cynosuros_KM262190;Cercocebus_chrysogaster_KC757390|Cercocebus_torquatus_KJ434959|Cercopithecus_albogularis_KC757391|Chlorocebus_aethiops_C1_KU682691|Chlorocebus_cynosuros_C3_KU682693;Cercocebus_atys_KT159932|Cercocebus_chrysogaster_KC757390|Cercocebus_torquatus_KJ434959|Cercopithecus_albogularis_KC757391|Chlorocebus_aethiops_C1_KU682691|Chlorocebus_cynosuros_C3_KU682693;Cercopithecus_aethiops_AY863426|Cercopithecus_diana_KJ434958|Cercopithecus_lhoesti_KJ434957|Cercopithecus_mitis_KJ434956|Chlorocebus_aethiops_MN816163|Chlorocebus_cynosuros_KM262190|Chlorocebus_djamdjamensis_C5_KU682695,Cercocebus_atys_KT159932|Cercocebus_torquatus_KJ434959;Cercopithecus_albogularis_KC757391|Cercopithecus_mitis_KJ434956;Cercopithecus_diana_KJ434958|Cercopithecus_neglectus_MW160353;Chlorocebus_aethiops_C1_KU682691|Chlorocebus_aethiops_MN816163;Chlorocebus_cynosuros_C3_KU682693|Chlorocebus_cynosuros_KM262190;Cercocebus_atys_KT159932|Cercocebus_chrysogaster_KC757390|Cercocebus_torquatus_KJ434959;Cercopithecus_aethiops_AY863426|Chlorocebus_aethiops_C1_KU682691|Chlorocebus_aethiops_MN816163;Cercopithecus_albogularis_KC757391|Cercopithecus_lhoesti_KJ434957|Cercopithecus_mitis_KJ434956;Allenopithecus_nigroviridis_KJ434962|Cercocebus_atys_KT159932|Cercocebus_chrysogaster_KC757390|Cercocebus_torquatus_KJ434959;Cercopithecus_aethiops_AY863426|Chlorocebus_aethiops_C1_KU682691|Chlorocebus_aethiops_MN816163|Chlorocebus_cynosuros_C3_KU682693|Chlorocebus_cynosuros_KM262190;Cercopithecus_albogularis_KC757391|Cercopithecus_diana_KJ434958|Cercopithecus_lhoesti_KJ434957|Cercopithecus_mitis_KJ434956|Cercopithecus_neglectus_MW160353;Cercopithecus_aethiops_AY863426|Chlorocebus_aethiops_C1_KU682691|Chlorocebus_aethiops_MN816163|Chlorocebus_cynosuros_C3_KU682693|Chlorocebus_cynosuros_KM262190|Chlorocebus_djamdjamensis_C5_KU682695,0.17600649350694436,0.1932125043813396,0.3926425238069297,0.38857557536802817,0.17784437840530357,0.19627777384838888,0.3547465539400039,0.4296081277213353,15,"{""0"":""Allenopithecus_nigroviridis_KJ434962"",""1"":""Cercocebus_atys_KT159932"",""2"":""Cercocebus_torquatus_KJ434959"",""3"":""Cercocebus_chrysogaster_KC757390"",""4"":""Cercopithecus_aethiops_AY863426"",""5"":""Chlorocebus_aethiops_C1_KU682691"",""6"":""Chlorocebus_aethiops_MN816163"",""7"":""Chlorocebus_cynosuros_C3_KU682693"",""8"":""Chlorocebus_cynosuros_KM262190"",""9"":""Chlorocebus_djamdjamensis_C5_KU682695"",""10"":""Cercopithecus_albogularis_KC757391"",""11"":""Cercopithecus_mitis_KJ434956"",""12"":""Cercopithecus_lhoesti_KJ434957"",""13"":""Cercopithecus_diana_KJ434958"",""14"":""Cercopithecus_neglectus_MW160353""}"
KNN-Impute,85,9,63,KNNimpute_completed_p85_rep09_seed63.csv,knn_impute_outputs/completed_matrices/KNNimpute_completed_p85_rep09_seed63.csv,True,,KNN-Impute_NJ_p85_rep09_seed63.treefile,0.8476190476190476,105,89,16,0,89,5,5,distance,nan_euclidean,0.0741075606267878,0.0606519847318092,0.2384660477993331,0.1253218812969423,0.0022775539982831,True,True,True,0,0,0.0,0.0,22.0,0.9166666666666666,1.0,12.0,12.0,0.08333333333333333,0.08333333333333333,0.08333333333333333,Allenopithecus_nigroviridis_KJ434962|Cercopithecus_albogularis_KC757391;Cercocebus_atys_KT159932|Chlorocebus_djamdjamensis_C5_KU682695;Cercopithecus_aethiops_AY863426|Chlorocebus_aethiops_MN816163;Cercopithecus_diana_KJ434958|Cercopithecus_mitis_KJ434956;Allenopithecus_nigroviridis_KJ434962|Cercopithecus_albogularis_KC757391|Cercopithecus_neglectus_MW160353;Cercocebus_atys_KT159932|Cercopithecus_lhoesti_KJ434957|Chlorocebus_djamdjamensis_C5_KU682695;Cercocebus_chrysogaster_KC757390|Cercopithecus_aethiops_AY863426|Chlorocebus_aethiops_MN816163;Cercopithecus_diana_KJ434958|Cercopithecus_mitis_KJ434956|Chlorocebus_cynosuros_C3_KU682693|Chlorocebus_cynosuros_KM262190;Cercocebus_atys_KT159932|Cercocebus_chrysogaster_KC757390|Cercopithecus_aethiops_AY863426|Cercopithecus_lhoesti_KJ434957|Chlorocebus_aethiops_MN816163|Chlorocebus_djamdjamensis_C5_KU682695;Allenopithecus_nigroviridis_KJ434962|Cercopithecus_albogularis_KC757391|Cercopithecus_diana_KJ434958|Cercopithecus_mitis_KJ434956|Cercopithecus_neglectus_MW160353|Chlorocebus_cynosuros_C3_KU682693|Chlorocebus_cynosuros_KM262190;Cercocebus_atys_KT159932|Cercocebus_chrysogaster_KC757390|Cercocebus_torquatus_KJ434959|Cercopithecus_aethiops_AY863426|Cercopithecus_lhoesti_KJ434957|Chlorocebus_aethiops_MN816163|Chlorocebus_djamdjamensis_C5_KU682695,Cercocebus_atys_KT159932|Cercocebus_torquatus_KJ434959;Cercopithecus_albogularis_KC757391|Cercopithecus_mitis_KJ434956;Cercopithecus_diana_KJ434958|Cercopithecus_neglectus_MW160353;Chlorocebus_aethiops_C1_KU682691|Chlorocebus_aethiops_MN816163;Cercocebus_atys_KT159932|Cercocebus_chrysogaster_KC757390|Cercocebus_torquatus_KJ434959;Cercopithecus_aethiops_AY863426|Chlorocebus_aethiops_C1_KU682691|Chlorocebus_aethiops_MN816163;Cercopithecus_albogularis_KC757391|Cercopithecus_lhoesti_KJ434957|Cercopithecus_mitis_KJ434956;Allenopithecus_nigroviridis_KJ434962|Cercocebus_atys_KT159932|Cercocebus_chrysogaster_KC757390|Cercocebus_torquatus_KJ434959;Cercopithecus_aethiops_AY863426|Chlorocebus_aethiops_C1_KU682691|Chlorocebus_aethiops_MN816163|Chlorocebus_cynosuros_C3_KU682693|Chlorocebus_cynosuros_KM262190;Cercopithecus_albogularis_KC757391|Cercopithecus_diana_KJ434958|Cercopithecus_lhoesti_KJ434957|Cercopithecus_mitis_KJ434956|Cercopithecus_neglectus_MW160353;Cercopithecus_aethiops_AY863426|Chlorocebus_aethiops_C1_KU682691|Chlorocebus_aethiops_MN816163|Chlorocebus_cynosuros_C3_KU682693|Chlorocebus_cynosuros_KM262190|Chlorocebus_djamdjamensis_C5_KU682695,0.1871462022487452,0.21320626286629626,0.1909923125301142,0.10443707236160067,0.18563517042701472,0.21264767175077814,0.2256950691181583,0.11090462830307167,15,"{""0"":""Allenopithecus_nigroviridis_KJ434962"",""1"":""Cercocebus_atys_KT159932"",""2"":""Cercocebus_torquatus_KJ434959"",""3"":""Cercocebus_chrysogaster_KC757390"",""4"":""Cercopithecus_aethiops_AY863426"",""5"":""Chlorocebus_aethiops_C1_KU682691"",""6"":""Chlorocebus_aethiops_MN816163"",""7"":""Chlorocebus_cynosuros_C3_KU682693"",""8"":""Chlorocebus_cynosuros_KM262190"",""9"":""Chlorocebus_djamdjamensis_C5_KU682695"",""10"":""Cercopithecus_albogularis_KC757391"",""11"":""Cercopithecus_mitis_KJ434956"",""12"":""Cercopithecus_lhoesti_KJ434957"",""13"":""Cercopithecus_diana_KJ434958"",""14"":""Cercopithecus_neglectus_MW160353""}"
KNN-Impute,85,10,64,KNNimpute_completed_p85_rep10_seed64.csv,knn_impute_outputs/completed_matrices/KNNimpute_completed_p85_rep10_seed64.csv,True,,KNN-Impute_NJ_p85_rep10_seed64.treefile,0.8476190476190476,105,89,16,0,89,5,5,distance,nan_euclidean,0.0702748201853962,0.0609254521279237,-0.0625639145431766,0.0094915023533548,0.0022228349989745,True,True,True,0,0,0.0,0.0,22.0,0.9166666666666666,1.0,12.0,12.0,0.08333333333333333,0.08333333333333333,0.08333333333333333,Allenopithecus_nigroviridis_KJ434962|Cercocebus_chrysogaster_KC757390;Cercocebus_atys_KT159932|Cercopithecus_mitis_KJ434956;Cercopithecus_aethiops_AY863426|Chlorocebus_djamdjamensis_C5_KU682695;Cercopithecus_albogularis_KC757391|Chlorocebus_cynosuros_C3_KU682693;Allenopithecus_nigroviridis_KJ434962|Cercocebus_chrysogaster_KC757390|Chlorocebus_aethiops_C1_KU682691;Cercocebus_torquatus_KJ434959|Cercopithecus_diana_KJ434958|Cercopithecus_neglectus_MW160353;Allenopithecus_nigroviridis_KJ434962|Cercocebus_atys_KT159932|Cercocebus_chrysogaster_KC757390|Cercopithecus_mitis_KJ434956|Chlorocebus_aethiops_C1_KU682691;Cercocebus_torquatus_KJ434959|Cercopithecus_aethiops_AY863426|Cercopithecus_diana_KJ434958|Cercopithecus_neglectus_MW160353|Chlorocebus_djamdjamensis_C5_KU682695;Allenopithecus_nigroviridis_KJ434962|Cercocebus_atys_KT159932|Cercocebus_chrysogaster_KC757390|Cercopithecus_mitis_KJ434956|Chlorocebus_aethiops_C1_KU682691|Chlorocebus_aethiops_MN816163;Allenopithecus_nigroviridis_KJ434962|Cercocebus_atys_KT159932|Cercocebus_chrysogaster_KC757390|Cercopithecus_mitis_KJ434956|Chlorocebus_aethiops_C1_KU682691|Chlorocebus_aethiops_MN816163|Chlorocebus_cynosuros_KM262190;Cercocebus_torquatus_KJ434959|Cercopithecus_aethiops_AY863426|Cercopithecus_albogularis_KC757391|Cercopithecus_diana_KJ434958|Cercopithecus_neglectus_MW160353|Chlorocebus_cynosuros_C3_KU682693|Chlorocebus_djamdjamensis_C5_KU682695,Cercocebus_atys_KT159932|Cercocebus_torquatus_KJ434959;Cercopithecus_albogularis_KC757391|Cercopithecus_mitis_KJ434956;Chlorocebus_aethiops_C1_KU682691|Chlorocebus_aethiops_MN816163;Chlorocebus_cynosuros_C3_KU682693|Chlorocebus_cynosuros_KM262190;Cercocebus_atys_KT159932|Cercocebus_chrysogaster_KC757390|Cercocebus_torquatus_KJ434959;Cercopithecus_aethiops_AY863426|Chlorocebus_aethiops_C1_KU682691|Chlorocebus_aethiops_MN816163;Cercopithecus_albogularis_KC757391|Cercopithecus_lhoesti_KJ434957|Cercopithecus_mitis_KJ434956;Allenopithecus_nigroviridis_KJ434962|Cercocebus_atys_KT159932|Cercocebus_chrysogaster_KC757390|Cercocebus_torquatus_KJ434959;Cercopithecus_aethiops_AY863426|Chlorocebus_aethiops_C1_KU682691|Chlorocebus_aethiops_MN816163|Chlorocebus_cynosuros_C3_KU682693|Chlorocebus_cynosuros_KM262190;Cercopithecus_albogularis_KC757391|Cercopithecus_diana_KJ434958|Cercopithecus_lhoesti_KJ434957|Cercopithecus_mitis_KJ434956|Cercopithecus_neglectus_MW160353;Cercopithecus_aethiops_AY863426|Chlorocebus_aethiops_C1_KU682691|Chlorocebus_aethiops_MN816163|Chlorocebus_cynosuros_C3_KU682693|Chlorocebus_cynosuros_KM262190|Chlorocebus_djamdjamensis_C5_KU682695,0.1812461554345865,0.20318739576454128,0.19817668958684784,0.22656023222060956,0.1832691256624774,0.20473749794137308,0.1281153715024303,0.15866178373921092,15,"{""0"":""Allenopithecus_nigroviridis_KJ434962"",""1"":""Cercocebus_atys_KT159932"",""2"":""Cercocebus_torquatus_KJ434959"",""3"":""Cercocebus_chrysogaster_KC757390"",""4"":""Cercopithecus_aethiops_AY863426"",""5"":""Chlorocebus_aethiops_C1_KU682691"",""6"":""Chlorocebus_aethiops_MN816163"",""7"":""Chlorocebus_cynosuros_C3_KU682693"",""8"":""Chlorocebus_cynosuros_KM262190"",""9"":""Chlorocebus_djamdjamensis_C5_KU682695"",""10"":""Cercopithecus_albogularis_KC757391"",""11"":""Cercopithecus_mitis_KJ434956"",""12"":""Cercopithecus_lhoesti_KJ434957"",""13"":""Cercopithecus_diana_KJ434958"",""14"":""Cercopithecus_neglectus_MW160353""}"
KNN-Impute,85,11,65,KNNimpute_completed_p85_rep11_seed65.csv,knn_impute_outputs/completed_matrices/KNNimpute_completed_p85_rep11_seed65.csv,True,,KNN-Impute_NJ_p85_rep11_seed65.treefile,0.8476190476190476,105,89,16,0,89,5,5,distance,nan_euclidean,0.0665272645188669,0.0565050608666987,0.0381975681211754,-0.0299284984678243,0.0024881489953259,True,True,True,0,0,0.0,0.0,22.0,0.9166666666666666,1.0,12.0,12.0,0.08333333333333333,0.08333333333333333,0.08333333333333333,Allenopithecus_nigroviridis_KJ434962|Chlorocebus_djamdjamensis_C5_KU682695;Cercocebus_atys_KT159932|Cercopithecus_mitis_KJ434956;Cercocebus_torquatus_KJ434959|Cercopithecus_neglectus_MW160353;Cercopithecus_aethiops_AY863426|Cercopithecus_albogularis_KC757391;Cercopithecus_diana_KJ434958|Cercopithecus_lhoesti_KJ434957;Cercocebus_chrysogaster_KC757390|Cercopithecus_aethiops_AY863426|Cercopithecus_albogularis_KC757391;Chlorocebus_aethiops_C1_KU682691|Chlorocebus_aethiops_MN816163|Chlorocebus_cynosuros_KM262190;Allenopithecus_nigroviridis_KJ434962|Cercocebus_torquatus_KJ434959|Cercopithecus_neglectus_MW160353|Chlorocebus_djamdjamensis_C5_KU682695;Cercocebus_chrysogaster_KC757390|Cercopithecus_aethiops_AY863426|Cercopithecus_albogularis_KC757391|Cercopithecus_diana_KJ434958|Cercopithecus_lhoesti_KJ434957;Allenopithecus_nigroviridis_KJ434962|Cercocebus_torquatus_KJ434959|Cercopithecus_neglectus_MW160353|Chlorocebus_aethiops_C1_KU682691|Chlorocebus_aethiops_MN816163|Chlorocebus_cynosuros_KM262190|Chlorocebus_djamdjamensis_C5_KU682695;Cercocebus_atys_KT159932|Cercocebus_chrysogaster_KC757390|Cercopithecus_aethiops_AY863426|Cercopithecus_albogularis_KC757391|Cercopithecus_diana_KJ434958|Cercopithecus_lhoesti_KJ434957|Cercopithecus_mitis_KJ434956,Cercocebus_atys_KT159932|Cercocebus_torquatus_KJ434959;Cercopithecus_albogularis_KC757391|Cercopithecus_mitis_KJ434956;Cercopithecus_diana_KJ434958|Cercopithecus_neglectus_MW160353;Chlorocebus_cynosuros_C3_KU682693|Chlorocebus_cynosuros_KM262190;Cercocebus_atys_KT159932|Cercocebus_chrysogaster_KC757390|Cercocebus_torquatus_KJ434959;Cercopithecus_aethiops_AY863426|Chlorocebus_aethiops_C1_KU682691|Chlorocebus_aethiops_MN816163;Cercopithecus_albogularis_KC757391|Cercopithecus_lhoesti_KJ434957|Cercopithecus_mitis_KJ434956;Allenopithecus_nigroviridis_KJ434962|Cercocebus_atys_KT159932|Cercocebus_chrysogaster_KC757390|Cercocebus_torquatus_KJ434959;Cercopithecus_aethiops_AY863426|Chlorocebus_aethiops_C1_KU682691|Chlorocebus_aethiops_MN816163|Chlorocebus_cynosuros_C3_KU682693|Chlorocebus_cynosuros_KM262190;Cercopithecus_albogularis_KC757391|Cercopithecus_diana_KJ434958|Cercopithecus_lhoesti_KJ434957|Cercopithecus_mitis_KJ434956|Cercopithecus_neglectus_MW160353;Cercopithecus_aethiops_AY863426|Chlorocebus_aethiops_C1_KU682691|Chlorocebus_aethiops_MN816163|Chlorocebus_cynosuros_C3_KU682693|Chlorocebus_cynosuros_KM262190|Chlorocebus_djamdjamensis_C5_KU682695,0.1789716999978489,0.2015485729907272,0.04870994490167188,-0.002374041053286336,0.17780517187170625,0.20124600559663064,0.13706475164986837,0.0932510885341074,15,"{""0"":""Allenopithecus_nigroviridis_KJ434962"",""1"":""Cercocebus_atys_KT159932"",""2"":""Cercocebus_torquatus_KJ434959"",""3"":""Cercocebus_chrysogaster_KC757390"",""4"":""Cercopithecus_aethiops_AY863426"",""5"":""Chlorocebus_aethiops_C1_KU682691"",""6"":""Chlorocebus_aethiops_MN816163"",""7"":""Chlorocebus_cynosuros_C3_KU682693"",""8"":""Chlorocebus_cynosuros_KM262190"",""9"":""Chlorocebus_djamdjamensis_C5_KU682695"",""10"":""Cercopithecus_albogularis_KC757391"",""11"":""Cercopithecus_mitis_KJ434956"",""12"":""Cercopithecus_lhoesti_KJ434957"",""13"":""Cercopithecus_diana_KJ434958"",""14"":""Cercopithecus_neglectus_MW160353""}"
KNN-Impute,85,12,66,KNNimpute_completed_p85_rep12_seed66.csv,knn_impute_outputs/completed_matrices/KNNimpute_completed_p85_rep12_seed66.csv,True,,KNN-Impute_NJ_p85_rep12_seed66.treefile,0.8476190476190476,105,89,16,0,89,5,5,distance,nan_euclidean,0.0711028799661807,0.0594666988728982,0.1954665496093516,0.1793837248893429,0.0023867689887993,True,True,True,0,0,0.0,0.0,24.0,1.0,0.0,12.0,12.0,0.0,0.0,,Cercocebus_torquatus_KJ434959|Cercopithecus_diana_KJ434958;Cercopithecus_albogularis_KC757391|Cercopithecus_lhoesti_KJ434957;Cercopithecus_mitis_KJ434956|Cercopithecus_neglectus_MW160353;Chlorocebus_aethiops_MN816163|Chlorocebus_cynosuros_KM262190;Chlorocebus_cynosuros_C3_KU682693|Chlorocebus_djamdjamensis_C5_KU682695;Cercocebus_atys_KT159932|Cercopithecus_albogularis_KC757391|Cercopithecus_lhoesti_KJ434957;Cercocebus_chrysogaster_KC757390|Cercocebus_torquatus_KJ434959|Cercopithecus_diana_KJ434958;Allenopithecus_nigroviridis_KJ434962|Cercocebus_chrysogaster_KC757390|Cercocebus_torquatus_KJ434959|Cercopithecus_diana_KJ434958;Cercocebus_atys_KT159932|Cercopithecus_albogularis_KC757391|Cercopithecus_lhoesti_KJ434957|Chlorocebus_aethiops_C1_KU682691;Allenopithecus_nigroviridis_KJ434962|Cercocebus_chrysogaster_KC757390|Cercocebus_torquatus_KJ434959|Cercopithecus_diana_KJ434958|Chlorocebus_aethiops_MN816163|Chlorocebus_cynosuros_KM262190;Cercocebus_atys_KT159932|Cercopithecus_albogularis_KC757391|Cercopithecus_lhoesti_KJ434957|Cercopithecus_mitis_KJ434956|Cercopithecus_neglectus_MW160353|Chlorocebus_aethiops_C1_KU682691;Cercocebus_atys_KT159932|Cercopithecus_aethiops_AY863426|Cercopithecus_albogularis_KC757391|Cercopithecus_lhoesti_KJ434957|Cercopithecus_mitis_KJ434956|Cercopithecus_neglectus_MW160353|Chlorocebus_aethiops_C1_KU682691,Cercocebus_atys_KT159932|Cercocebus_torquatus_KJ434959;Cercopithecus_albogularis_KC757391|Cercopithecus_mitis_KJ434956;Cercopithecus_diana_KJ434958|Cercopithecus_neglectus_MW160353;Chlorocebus_aethiops_C1_KU682691|Chlorocebus_aethiops_MN816163;Chlorocebus_cynosuros_C3_KU682693|Chlorocebus_cynosuros_KM262190;Cercocebus_atys_KT159932|Cercocebus_chrysogaster_KC757390|Cercocebus_torquatus_KJ434959;Cercopithecus_aethiops_AY863426|Chlorocebus_aethiops_C1_KU682691|Chlorocebus_aethiops_MN816163;Cercopithecus_albogularis_KC757391|Cercopithecus_lhoesti_KJ434957|Cercopithecus_mitis_KJ434956;Allenopithecus_nigroviridis_KJ434962|Cercocebus_atys_KT159932|Cercocebus_chrysogaster_KC757390|Cercocebus_torquatus_KJ434959;Cercopithecus_aethiops_AY863426|Chlorocebus_aethiops_C1_KU682691|Chlorocebus_aethiops_MN816163|Chlorocebus_cynosuros_C3_KU682693|Chlorocebus_cynosuros_KM262190;Cercopithecus_albogularis_KC757391|Cercopithecus_diana_KJ434958|Cercopithecus_lhoesti_KJ434957|Cercopithecus_mitis_KJ434956|Cercopithecus_neglectus_MW160353;Cercopithecus_aethiops_AY863426|Chlorocebus_aethiops_C1_KU682691|Chlorocebus_aethiops_MN816163|Chlorocebus_cynosuros_C3_KU682693|Chlorocebus_cynosuros_KM262190|Chlorocebus_djamdjamensis_C5_KU682695,0.1847686330329137,0.2063536078548922,0.3205388932943163,0.2957910014513788,0.1835130741028886,0.20686053381953107,0.27610520523526594,0.2622019489944018,15,"{""0"":""Allenopithecus_nigroviridis_KJ434962"",""1"":""Cercocebus_atys_KT159932"",""2"":""Cercocebus_torquatus_KJ434959"",""3"":""Cercocebus_chrysogaster_KC757390"",""4"":""Cercopithecus_aethiops_AY863426"",""5"":""Chlorocebus_aethiops_C1_KU682691"",""6"":""Chlorocebus_aethiops_MN816163"",""7"":""Chlorocebus_cynosuros_C3_KU682693"",""8"":""Chlorocebus_cynosuros_KM262190"",""9"":""Chlorocebus_djamdjamensis_C5_KU682695"",""10"":""Cercopithecus_albogularis_KC757391"",""11"":""Cercopithecus_mitis_KJ434956"",""12"":""Cercopithecus_lhoesti_KJ434957"",""13"":""Cercopithecus_diana_KJ434958"",""14"":""Cercopithecus_neglectus_MW160353""}"
KNN-Impute,85,13,67,KNNimpute_completed_p85_rep13_seed67.csv,knn_impute_outputs/completed_matrices/KNNimpute_completed_p85_rep13_seed67.csv,True,,KNN-Impute_NJ_p85_rep13_seed67.treefile,0.8476190476190476,105,89,16,0,89,5,5,distance,nan_euclidean,0.0752682508562128,0.0636947778109213,0.3008700126044782,0.2734539969521011,0.0020652040111599,True,True,True,0,0,0.0,0.0,20.0,0.8333333333333334,2.0,12.0,12.0,0.16666666666666666,0.16666666666666666,0.16666666666666666,Allenopithecus_nigroviridis_KJ434962|Cercopithecus_albogularis_KC757391;Cercopithecus_aethiops_AY863426|Cercopithecus_lhoesti_KJ434957;Chlorocebus_aethiops_C1_KU682691|Chlorocebus_cynosuros_C3_KU682693;Allenopithecus_nigroviridis_KJ434962|Cercopithecus_albogularis_KC757391|Cercopithecus_mitis_KJ434956;Cercopithecus_aethiops_AY863426|Cercopithecus_lhoesti_KJ434957|Chlorocebus_djamdjamensis_C5_KU682695;Cercopithecus_aethiops_AY863426|Cercopithecus_lhoesti_KJ434957|Chlorocebus_aethiops_C1_KU682691|Chlorocebus_cynosuros_C3_KU682693|Chlorocebus_djamdjamensis_C5_KU682695;Allenopithecus_nigroviridis_KJ434962|Cercocebus_atys_KT159932|Cercocebus_chrysogaster_KC757390|Cercocebus_torquatus_KJ434959|Cercopithecus_albogularis_KC757391|Cercopithecus_mitis_KJ434956;Cercopithecus_aethiops_AY863426|Cercopithecus_lhoesti_KJ434957|Chlorocebus_aethiops_C1_KU682691|Chlorocebus_cynosuros_C3_KU682693|Chlorocebus_cynosuros_KM262190|Chlorocebus_djamdjamensis_C5_KU682695;Allenopithecus_nigroviridis_KJ434962|Cercocebus_atys_KT159932|Cercocebus_chrysogaster_KC757390|Cercocebus_torquatus_KJ434959|Cercopithecus_albogularis_KC757391|Cercopithecus_mitis_KJ434956|Chlorocebus_aethiops_MN816163;Cercopithecus_aethiops_AY863426|Cercopithecus_lhoesti_KJ434957|Cercopithecus_neglectus_MW160353|Chlorocebus_aethiops_C1_KU682691|Chlorocebus_cynosuros_C3_KU682693|Chlorocebus_cynosuros_KM262190|Chlorocebus_djamdjamensis_C5_KU682695,Cercopithecus_albogularis_KC757391|Cercopithecus_mitis_KJ434956;Cercopithecus_diana_KJ434958|Cercopithecus_neglectus_MW160353;Chlorocebus_aethiops_C1_KU682691|Chlorocebus_aethiops_MN816163;Chlorocebus_cynosuros_C3_KU682693|Chlorocebus_cynosuros_KM262190;Cercopithecus_aethiops_AY863426|Chlorocebus_aethiops_C1_KU682691|Chlorocebus_aethiops_MN816163;Cercopithecus_albogularis_KC757391|Cercopithecus_lhoesti_KJ434957|Cercopithecus_mitis_KJ434956;Allenopithecus_nigroviridis_KJ434962|Cercocebus_atys_KT159932|Cercocebus_chrysogaster_KC757390|Cercocebus_torquatus_KJ434959;Cercopithecus_aethiops_AY863426|Chlorocebus_aethiops_C1_KU682691|Chlorocebus_aethiops_MN816163|Chlorocebus_cynosuros_C3_KU682693|Chlorocebus_cynosuros_KM262190;Cercopithecus_albogularis_KC757391|Cercopithecus_diana_KJ434958|Cercopithecus_lhoesti_KJ434957|Cercopithecus_mitis_KJ434956|Cercopithecus_neglectus_MW160353;Cercopithecus_aethiops_AY863426|Chlorocebus_aethiops_C1_KU682691|Chlorocebus_aethiops_MN816163|Chlorocebus_cynosuros_C3_KU682693|Chlorocebus_cynosuros_KM262190|Chlorocebus_djamdjamensis_C5_KU682695,0.19262576624060967,0.21376453855225808,0.4337263369549052,0.43956043956043955,0.18762406420777364,0.20950970271920014,0.4085124646017714,0.3702515253477254,15,"{""0"":""Allenopithecus_nigroviridis_KJ434962"",""1"":""Cercocebus_atys_KT159932"",""2"":""Cercocebus_torquatus_KJ434959"",""3"":""Cercocebus_chrysogaster_KC757390"",""4"":""Cercopithecus_aethiops_AY863426"",""5"":""Chlorocebus_aethiops_C1_KU682691"",""6"":""Chlorocebus_aethiops_MN816163"",""7"":""Chlorocebus_cynosuros_C3_KU682693"",""8"":""Chlorocebus_cynosuros_KM262190"",""9"":""Chlorocebus_djamdjamensis_C5_KU682695"",""10"":""Cercopithecus_albogularis_KC757391"",""11"":""Cercopithecus_mitis_KJ434956"",""12"":""Cercopithecus_lhoesti_KJ434957"",""13"":""Cercopithecus_diana_KJ434958"",""14"":""Cercopithecus_neglectus_MW160353""}"
KNN-Impute,85,14,68,KNNimpute_completed_p85_rep14_seed68.csv,knn_impute_outputs/completed_matrices/KNNimpute_completed_p85_rep14_seed68.csv,True,,KNN-Impute_NJ_p85_rep14_seed68.treefile,0.8476190476190476,105,89,16,0,89,5,5,distance,nan_euclidean,0.0629454675152835,0.0497234669524748,0.3738981392039691,0.4508682328907049,0.0024396069929935,True,True,True,0,0,0.0,0.0,24.0,1.0,0.0,12.0,12.0,0.0,0.0,,Cercocebus_chrysogaster_KC757390|Cercocebus_torquatus_KJ434959;Cercopithecus_aethiops_AY863426|Chlorocebus_cynosuros_KM262190;Cercopithecus_albogularis_KC757391|Chlorocebus_djamdjamensis_C5_KU682695;Cercopithecus_neglectus_MW160353|Chlorocebus_aethiops_MN816163;Cercocebus_chrysogaster_KC757390|Cercocebus_torquatus_KJ434959|Cercopithecus_diana_KJ434958;Cercopithecus_aethiops_AY863426|Chlorocebus_cynosuros_C3_KU682693|Chlorocebus_cynosuros_KM262190;Cercopithecus_albogularis_KC757391|Chlorocebus_aethiops_C1_KU682691|Chlorocebus_djamdjamensis_C5_KU682695;Cercocebus_chrysogaster_KC757390|Cercocebus_torquatus_KJ434959|Cercopithecus_diana_KJ434958|Cercopithecus_mitis_KJ434956;Cercopithecus_albogularis_KC757391|Cercopithecus_lhoesti_KJ434957|Chlorocebus_aethiops_C1_KU682691|Chlorocebus_djamdjamensis_C5_KU682695;Cercocebus_atys_KT159932|Cercocebus_chrysogaster_KC757390|Cercocebus_torquatus_KJ434959|Cercopithecus_diana_KJ434958|Cercopithecus_mitis_KJ434956;Cercopithecus_aethiops_AY863426|Cercopithecus_neglectus_MW160353|Chlorocebus_aethiops_MN816163|Chlorocebus_cynosuros_C3_KU682693|Chlorocebus_cynosuros_KM262190;Allenopithecus_nigroviridis_KJ434962|Cercocebus_atys_KT159932|Cercocebus_chrysogaster_KC757390|Cercocebus_torquatus_KJ434959|Cercopithecus_diana_KJ434958|Cercopithecus_mitis_KJ434956,Cercocebus_atys_KT159932|Cercocebus_torquatus_KJ434959;Cercopithecus_albogularis_KC757391|Cercopithecus_mitis_KJ434956;Cercopithecus_diana_KJ434958|Cercopithecus_neglectus_MW160353;Chlorocebus_aethiops_C1_KU682691|Chlorocebus_aethiops_MN816163;Chlorocebus_cynosuros_C3_KU682693|Chlorocebus_cynosuros_KM262190;Cercocebus_atys_KT159932|Cercocebus_chrysogaster_KC757390|Cercocebus_torquatus_KJ434959;Cercopithecus_aethiops_AY863426|Chlorocebus_aethiops_C1_KU682691|Chlorocebus_aethiops_MN816163;Cercopithecus_albogularis_KC757391|Cercopithecus_lhoesti_KJ434957|Cercopithecus_mitis_KJ434956;Allenopithecus_nigroviridis_KJ434962|Cercocebus_atys_KT159932|Cercocebus_chrysogaster_KC757390|Cercocebus_torquatus_KJ434959;Cercopithecus_aethiops_AY863426|Chlorocebus_aethiops_C1_KU682691|Chlorocebus_aethiops_MN816163|Chlorocebus_cynosuros_C3_KU682693|Chlorocebus_cynosuros_KM262190;Cercopithecus_albogularis_KC757391|Cercopithecus_diana_KJ434958|Cercopithecus_lhoesti_KJ434957|Cercopithecus_mitis_KJ434956|Cercopithecus_neglectus_MW160353;Cercopithecus_aethiops_AY863426|Chlorocebus_aethiops_C1_KU682691|Chlorocebus_aethiops_MN816163|Chlorocebus_cynosuros_C3_KU682693|Chlorocebus_cynosuros_KM262190|Chlorocebus_djamdjamensis_C5_KU682695,0.17188865095248465,0.1921362401861969,0.5503208066515892,0.5413953970557743,0.17347955658218267,0.19464196891558225,0.44672187209827957,0.4876321791416131,15,"{""0"":""Allenopithecus_nigroviridis_KJ434962"",""1"":""Cercocebus_atys_KT159932"",""2"":""Cercocebus_torquatus_KJ434959"",""3"":""Cercocebus_chrysogaster_KC757390"",""4"":""Cercopithecus_aethiops_AY863426"",""5"":""Chlorocebus_aethiops_C1_KU682691"",""6"":""Chlorocebus_aethiops_MN816163"",""7"":""Chlorocebus_cynosuros_C3_KU682693"",""8"":""Chlorocebus_cynosuros_KM262190"",""9"":""Chlorocebus_djamdjamensis_C5_KU682695"",""10"":""Cercopithecus_albogularis_KC757391"",""11"":""Cercopithecus_mitis_KJ434956"",""12"":""Cercopithecus_lhoesti_KJ434957"",""13"":""Cercopithecus_diana_KJ434958"",""14"":""Cercopithecus_neglectus_MW160353""}"
KNN-Impute,85,15,69,KNNimpute_completed_p85_rep15_seed69.csv,knn_impute_outputs/completed_matrices/KNNimpute_completed_p85_rep15_seed69.csv,True,,KNN-Impute_NJ_p85_rep15_seed69.treefile,0.8476190476190476,105,89,16,0,89,5,5,distance,nan_euclidean,0.0693515744924325,0.0588953903122077,0.1965381777012975,0.252434456928839,0.0024162719928426,True,True,True,0,0,0.0,0.0,24.0,1.0,0.0,12.0,12.0,0.0,0.0,,Cercocebus_atys_KT159932|Cercocebus_chrysogaster_KC757390;Cercopithecus_aethiops_AY863426|Chlorocebus_cynosuros_KM262190;Cercopithecus_albogularis_KC757391|Cercopithecus_neglectus_MW160353;Cercopithecus_lhoesti_KJ434957|Chlorocebus_aethiops_MN816163;Cercocebus_atys_KT159932|Cercocebus_chrysogaster_KC757390|Chlorocebus_aethiops_C1_KU682691;Cercocebus_atys_KT159932|Cercocebus_chrysogaster_KC757390|Chlorocebus_aethiops_C1_KU682691|Chlorocebus_cynosuros_C3_KU682693;Cercopithecus_albogularis_KC757391|Cercopithecus_lhoesti_KJ434957|Cercopithecus_neglectus_MW160353|Chlorocebus_aethiops_MN816163;Cercocebus_atys_KT159932|Cercocebus_chrysogaster_KC757390|Cercocebus_torquatus_KJ434959|Chlorocebus_aethiops_C1_KU682691|Chlorocebus_cynosuros_C3_KU682693;Cercopithecus_albogularis_KC757391|Cercopithecus_lhoesti_KJ434957|Cercopithecus_mitis_KJ434956|Cercopithecus_neglectus_MW160353|Chlorocebus_aethiops_MN816163;Allenopithecus_nigroviridis_KJ434962|Cercocebus_atys_KT159932|Cercocebus_chrysogaster_KC757390|Cercocebus_torquatus_KJ434959|Chlorocebus_aethiops_C1_KU682691|Chlorocebus_cynosuros_C3_KU682693;Allenopithecus_nigroviridis_KJ434962|Cercocebus_atys_KT159932|Cercocebus_chrysogaster_KC757390|Cercocebus_torquatus_KJ434959|Cercopithecus_diana_KJ434958|Chlorocebus_aethiops_C1_KU682691|Chlorocebus_cynosuros_C3_KU682693;Cercopithecus_aethiops_AY863426|Cercopithecus_albogularis_KC757391|Cercopithecus_lhoesti_KJ434957|Cercopithecus_mitis_KJ434956|Cercopithecus_neglectus_MW160353|Chlorocebus_aethiops_MN816163|Chlorocebus_cynosuros_KM262190,Cercocebus_atys_KT159932|Cercocebus_torquatus_KJ434959;Cercopithecus_albogularis_KC757391|Cercopithecus_mitis_KJ434956;Cercopithecus_diana_KJ434958|Cercopithecus_neglectus_MW160353;Chlorocebus_aethiops_C1_KU682691|Chlorocebus_aethiops_MN816163;Chlorocebus_cynosuros_C3_KU682693|Chlorocebus_cynosuros_KM262190;Cercocebus_atys_KT159932|Cercocebus_chrysogaster_KC757390|Cercocebus_torquatus_KJ434959;Cercopithecus_aethiops_AY863426|Chlorocebus_aethiops_C1_KU682691|Chlorocebus_aethiops_MN816163;Cercopithecus_albogularis_KC757391|Cercopithecus_lhoesti_KJ434957|Cercopithecus_mitis_KJ434956;Allenopithecus_nigroviridis_KJ434962|Cercocebus_atys_KT159932|Cercocebus_chrysogaster_KC757390|Cercocebus_torquatus_KJ434959;Cercopithecus_aethiops_AY863426|Chlorocebus_aethiops_C1_KU682691|Chlorocebus_aethiops_MN816163|Chlorocebus_cynosuros_C3_KU682693|Chlorocebus_cynosuros_KM262190;Cercopithecus_albogularis_KC757391|Cercopithecus_diana_KJ434958|Cercopithecus_lhoesti_KJ434957|Cercopithecus_mitis_KJ434956|Cercopithecus_neglectus_MW160353;Cercopithecus_aethiops_AY863426|Chlorocebus_aethiops_C1_KU682691|Chlorocebus_aethiops_MN816163|Chlorocebus_cynosuros_C3_KU682693|Chlorocebus_cynosuros_KM262190|Chlorocebus_djamdjamensis_C5_KU682695,0.1849264138662317,0.2052496021263988,0.38268432705287353,0.3824486833920796,0.18302620178689985,0.20503278670107383,0.33054457629925516,0.347211279286751,15,"{""0"":""Allenopithecus_nigroviridis_KJ434962"",""1"":""Cercocebus_atys_KT159932"",""2"":""Cercocebus_torquatus_KJ434959"",""3"":""Cercocebus_chrysogaster_KC757390"",""4"":""Cercopithecus_aethiops_AY863426"",""5"":""Chlorocebus_aethiops_C1_KU682691"",""6"":""Chlorocebus_aethiops_MN816163"",""7"":""Chlorocebus_cynosuros_C3_KU682693"",""8"":""Chlorocebus_cynosuros_KM262190"",""9"":""Chlorocebus_djamdjamensis_C5_KU682695"",""10"":""Cercopithecus_albogularis_KC757391"",""11"":""Cercopithecus_mitis_KJ434956"",""12"":""Cercopithecus_lhoesti_KJ434957"",""13"":""Cercopithecus_diana_KJ434958"",""14"":""Cercopithecus_neglectus_MW160353""}"
KNN-Impute,85,16,70,KNNimpute_completed_p85_rep16_seed70.csv,knn_impute_outputs/completed_matrices/KNNimpute_completed_p85_rep16_seed70.csv,True,,KNN-Impute_NJ_p85_rep16_seed70.treefile,0.8476190476190476,105,89,16,0,89,5,5,distance,nan_euclidean,0.0694603448196583,0.0570562296313452,0.3352421515089939,0.3272386789240722,0.0023569639888592,True,True,True,0,0,0.0,0.0,22.0,0.9166666666666666,1.0,12.0,12.0,0.08333333333333333,0.08333333333333333,0.08333333333333333,Allenopithecus_nigroviridis_KJ434962|Cercopithecus_diana_KJ434958;Cercocebus_atys_KT159932|Cercocebus_chrysogaster_KC757390;Cercopithecus_albogularis_KC757391|Cercopithecus_lhoesti_KJ434957;Chlorocebus_aethiops_MN816163|Chlorocebus_djamdjamensis_C5_KU682695;Allenopithecus_nigroviridis_KJ434962|Cercopithecus_diana_KJ434958|Cercopithecus_mitis_KJ434956;Chlorocebus_aethiops_C1_KU682691|Chlorocebus_cynosuros_C3_KU682693|Chlorocebus_cynosuros_KM262190;Cercocebus_torquatus_KJ434959|Chlorocebus_aethiops_C1_KU682691|Chlorocebus_cynosuros_C3_KU682693|Chlorocebus_cynosuros_KM262190;Allenopithecus_nigroviridis_KJ434962|Cercopithecus_albogularis_KC757391|Cercopithecus_diana_KJ434958|Cercopithecus_lhoesti_KJ434957|Cercopithecus_mitis_KJ434956;Allenopithecus_nigroviridis_KJ434962|Cercopithecus_aethiops_AY863426|Cercopithecus_albogularis_KC757391|Cercopithecus_diana_KJ434958|Cercopithecus_lhoesti_KJ434957|Cercopithecus_mitis_KJ434956;Cercocebus_torquatus_KJ434959|Chlorocebus_aethiops_C1_KU682691|Chlorocebus_aethiops_MN816163|Chlorocebus_cynosuros_C3_KU682693|Chlorocebus_cynosuros_KM262190|Chlorocebus_djamdjamensis_C5_KU682695;Allenopithecus_nigroviridis_KJ434962|Cercopithecus_aethiops_AY863426|Cercopithecus_albogularis_KC757391|Cercopithecus_diana_KJ434958|Cercopithecus_lhoesti_KJ434957|Cercopithecus_mitis_KJ434956|Cercopithecus_neglectus_MW160353,Cercocebus_atys_KT159932|Cercocebus_torquatus_KJ434959;Cercopithecus_albogularis_KC757391|Cercopithecus_mitis_KJ434956;Cercopithecus_diana_KJ434958|Cercopithecus_neglectus_MW160353;Chlorocebus_aethiops_C1_KU682691|Chlorocebus_aethiops_MN816163;Cercocebus_atys_KT159932|Cercocebus_chrysogaster_KC757390|Cercocebus_torquatus_KJ434959;Cercopithecus_aethiops_AY863426|Chlorocebus_aethiops_C1_KU682691|Chlorocebus_aethiops_MN816163;Cercopithecus_albogularis_KC757391|Cercopithecus_lhoesti_KJ434957|Cercopithecus_mitis_KJ434956;Allenopithecus_nigroviridis_KJ434962|Cercocebus_atys_KT159932|Cercocebus_chrysogaster_KC757390|Cercocebus_torquatus_KJ434959;Cercopithecus_aethiops_AY863426|Chlorocebus_aethiops_C1_KU682691|Chlorocebus_aethiops_MN816163|Chlorocebus_cynosuros_C3_KU682693|Chlorocebus_cynosuros_KM262190;Cercopithecus_albogularis_KC757391|Cercopithecus_diana_KJ434958|Cercopithecus_lhoesti_KJ434957|Cercopithecus_mitis_KJ434956|Cercopithecus_neglectus_MW160353;Cercopithecus_aethiops_AY863426|Chlorocebus_aethiops_C1_KU682691|Chlorocebus_aethiops_MN816163|Chlorocebus_cynosuros_C3_KU682693|Chlorocebus_cynosuros_KM262190|Chlorocebus_djamdjamensis_C5_KU682695,0.18007953902542728,0.20342191664205198,0.4183597946990193,0.33708272859216254,0.1816658933106164,0.2041305499830184,0.401418269340866,0.372299398714493,15,"{""0"":""Allenopithecus_nigroviridis_KJ434962"",""1"":""Cercocebus_atys_KT159932"",""2"":""Cercocebus_torquatus_KJ434959"",""3"":""Cercocebus_chrysogaster_KC757390"",""4"":""Cercopithecus_aethiops_AY863426"",""5"":""Chlorocebus_aethiops_C1_KU682691"",""6"":""Chlorocebus_aethiops_MN816163"",""7"":""Chlorocebus_cynosuros_C3_KU682693"",""8"":""Chlorocebus_cynosuros_KM262190"",""9"":""Chlorocebus_djamdjamensis_C5_KU682695"",""10"":""Cercopithecus_albogularis_KC757391"",""11"":""Cercopithecus_mitis_KJ434956"",""12"":""Cercopithecus_lhoesti_KJ434957"",""13"":""Cercopithecus_diana_KJ434958"",""14"":""Cercopithecus_neglectus_MW160353""}"
KNN-Impute,85,17,71,KNNimpute_completed_p85_rep17_seed71.csv,knn_impute_outputs/completed_matrices/KNNimpute_completed_p85_rep17_seed71.csv,True,,KNN-Impute_NJ_p85_rep17_seed71.treefile,0.8476190476190476,105,89,16,0,89,5,5,distance,nan_euclidean,0.0672537543233525,0.0575894023541126,0.2761787823390129,0.3576210810464506,0.002237510998384,True,True,True,0,0,0.0,0.0,24.0,1.0,0.0,12.0,12.0,0.0,0.0,,Allenopithecus_nigroviridis_KJ434962|Cercopithecus_albogularis_KC757391;Cercocebus_atys_KT159932|Chlorocebus_aethiops_MN816163;Cercocebus_chrysogaster_KC757390|Cercocebus_torquatus_KJ434959;Cercopithecus_mitis_KJ434956|Chlorocebus_cynosuros_KM262190;Allenopithecus_nigroviridis_KJ434962|Cercopithecus_albogularis_KC757391|Cercopithecus_diana_KJ434958;Cercocebus_atys_KT159932|Chlorocebus_aethiops_C1_KU682691|Chlorocebus_aethiops_MN816163;Cercocebus_chrysogaster_KC757390|Cercocebus_torquatus_KJ434959|Chlorocebus_djamdjamensis_C5_KU682695;Cercopithecus_aethiops_AY863426|Cercopithecus_mitis_KJ434956|Chlorocebus_cynosuros_KM262190;Allenopithecus_nigroviridis_KJ434962|Cercopithecus_albogularis_KC757391|Cercopithecus_diana_KJ434958|Chlorocebus_cynosuros_C3_KU682693;Allenopithecus_nigroviridis_KJ434962|Cercopithecus_albogularis_KC757391|Cercopithecus_diana_KJ434958|Cercopithecus_lhoesti_KJ434957|Chlorocebus_cynosuros_C3_KU682693;Cercocebus_atys_KT159932|Cercopithecus_aethiops_AY863426|Cercopithecus_mitis_KJ434956|Chlorocebus_aethiops_C1_KU682691|Chlorocebus_aethiops_MN816163|Chlorocebus_cynosuros_KM262190;Cercocebus_atys_KT159932|Cercopithecus_aethiops_AY863426|Cercopithecus_mitis_KJ434956|Cercopithecus_neglectus_MW160353|Chlorocebus_aethiops_C1_KU682691|Chlorocebus_aethiops_MN816163|Chlorocebus_cynosuros_KM262190,Cercocebus_atys_KT159932|Cercocebus_torquatus_KJ434959;Cercopithecus_albogularis_KC757391|Cercopithecus_mitis_KJ434956;Cercopithecus_diana_KJ434958|Cercopithecus_neglectus_MW160353;Chlorocebus_aethiops_C1_KU682691|Chlorocebus_aethiops_MN816163;Chlorocebus_cynosuros_C3_KU682693|Chlorocebus_cynosuros_KM262190;Cercocebus_atys_KT159932|Cercocebus_chrysogaster_KC757390|Cercocebus_torquatus_KJ434959;Cercopithecus_aethiops_AY863426|Chlorocebus_aethiops_C1_KU682691|Chlorocebus_aethiops_MN816163;Cercopithecus_albogularis_KC757391|Cercopithecus_lhoesti_KJ434957|Cercopithecus_mitis_KJ434956;Allenopithecus_nigroviridis_KJ434962|Cercocebus_atys_KT159932|Cercocebus_chrysogaster_KC757390|Cercocebus_torquatus_KJ434959;Cercopithecus_aethiops_AY863426|Chlorocebus_aethiops_C1_KU682691|Chlorocebus_aethiops_MN816163|Chlorocebus_cynosuros_C3_KU682693|Chlorocebus_cynosuros_KM262190;Cercopithecus_albogularis_KC757391|Cercopithecus_diana_KJ434958|Cercopithecus_lhoesti_KJ434957|Cercopithecus_mitis_KJ434956|Cercopithecus_neglectus_MW160353;Cercopithecus_aethiops_AY863426|Chlorocebus_aethiops_C1_KU682691|Chlorocebus_aethiops_MN816163|Chlorocebus_cynosuros_C3_KU682693|Chlorocebus_cynosuros_KM262190|Chlorocebus_djamdjamensis_C5_KU682695,0.1807609901239334,0.20351455386736067,0.3982644025654844,0.44518971594443285,0.18095552994470923,0.2031766630996355,0.38573946321760416,0.4119255523595182,15,"{""0"":""Allenopithecus_nigroviridis_KJ434962"",""1"":""Cercocebus_atys_KT159932"",""2"":""Cercocebus_torquatus_KJ434959"",""3"":""Cercocebus_chrysogaster_KC757390"",""4"":""Cercopithecus_aethiops_AY863426"",""5"":""Chlorocebus_aethiops_C1_KU682691"",""6"":""Chlorocebus_aethiops_MN816163"",""7"":""Chlorocebus_cynosuros_C3_KU682693"",""8"":""Chlorocebus_cynosuros_KM262190"",""9"":""Chlorocebus_djamdjamensis_C5_KU682695"",""10"":""Cercopithecus_albogularis_KC757391"",""11"":""Cercopithecus_mitis_KJ434956"",""12"":""Cercopithecus_lhoesti_KJ434957"",""13"":""Cercopithecus_diana_KJ434958"",""14"":""Cercopithecus_neglectus_MW160353""}"
KNN-Impute,85,18,72,KNNimpute_completed_p85_rep18_seed72.csv,knn_impute_outputs/completed_matrices/KNNimpute_completed_p85_rep18_seed72.csv,True,,KNN-Impute_NJ_p85_rep18_seed72.treefile,0.8476190476190476,105,89,16,0,89,5,5,distance,nan_euclidean,0.0687817910752108,0.0577205038975382,0.2203290855492268,0.3181994241869111,0.0023186420003185,True,True,True,0,0,0.0,0.0,24.0,1.0,0.0,12.0,12.0,0.0,0.0,,Allenopithecus_nigroviridis_KJ434962|Chlorocebus_cynosuros_C3_KU682693;Cercocebus_atys_KT159932|Cercocebus_chrysogaster_KC757390;Cercocebus_torquatus_KJ434959|Cercopithecus_diana_KJ434958;Cercopithecus_albogularis_KC757391|Chlorocebus_cynosuros_KM262190;Cercopithecus_lhoesti_KJ434957|Cercopithecus_mitis_KJ434956;Allenopithecus_nigroviridis_KJ434962|Chlorocebus_cynosuros_C3_KU682693|Chlorocebus_djamdjamensis_C5_KU682695;Cercocebus_torquatus_KJ434959|Cercopithecus_diana_KJ434958|Cercopithecus_neglectus_MW160353;Cercopithecus_lhoesti_KJ434957|Cercopithecus_mitis_KJ434956|Chlorocebus_aethiops_C1_KU682691;Cercopithecus_aethiops_AY863426|Cercopithecus_lhoesti_KJ434957|Cercopithecus_mitis_KJ434956|Chlorocebus_aethiops_C1_KU682691;Allenopithecus_nigroviridis_KJ434962|Cercocebus_atys_KT159932|Cercocebus_chrysogaster_KC757390|Chlorocebus_cynosuros_C3_KU682693|Chlorocebus_djamdjamensis_C5_KU682695;Allenopithecus_nigroviridis_KJ434962|Cercocebus_atys_KT159932|Cercocebus_chrysogaster_KC757390|Chlorocebus_aethiops_MN816163|Chlorocebus_cynosuros_C3_KU682693|Chlorocebus_djamdjamensis_C5_KU682695;Cercopithecus_aethiops_AY863426|Cercopithecus_albogularis_KC757391|Cercopithecus_lhoesti_KJ434957|Cercopithecus_mitis_KJ434956|Chlorocebus_aethiops_C1_KU682691|Chlorocebus_cynosuros_KM262190,Cercocebus_atys_KT159932|Cercocebus_torquatus_KJ434959;Cercopithecus_albogularis_KC757391|Cercopithecus_mitis_KJ434956;Cercopithecus_diana_KJ434958|Cercopithecus_neglectus_MW160353;Chlorocebus_aethiops_C1_KU682691|Chlorocebus_aethiops_MN816163;Chlorocebus_cynosuros_C3_KU682693|Chlorocebus_cynosuros_KM262190;Cercocebus_atys_KT159932|Cercocebus_chrysogaster_KC757390|Cercocebus_torquatus_KJ434959;Cercopithecus_aethiops_AY863426|Chlorocebus_aethiops_C1_KU682691|Chlorocebus_aethiops_MN816163;Cercopithecus_albogularis_KC757391|Cercopithecus_lhoesti_KJ434957|Cercopithecus_mitis_KJ434956;Allenopithecus_nigroviridis_KJ434962|Cercocebus_atys_KT159932|Cercocebus_chrysogaster_KC757390|Cercocebus_torquatus_KJ434959;Cercopithecus_aethiops_AY863426|Chlorocebus_aethiops_C1_KU682691|Chlorocebus_aethiops_MN816163|Chlorocebus_cynosuros_C3_KU682693|Chlorocebus_cynosuros_KM262190;Cercopithecus_albogularis_KC757391|Cercopithecus_diana_KJ434958|Cercopithecus_lhoesti_KJ434957|Cercopithecus_mitis_KJ434956|Cercopithecus_neglectus_MW160353;Cercopithecus_aethiops_AY863426|Chlorocebus_aethiops_C1_KU682691|Chlorocebus_aethiops_MN816163|Chlorocebus_cynosuros_C3_KU682693|Chlorocebus_cynosuros_KM262190|Chlorocebus_djamdjamensis_C5_KU682695,0.1805364611042685,0.20120662627586758,0.34847011114783255,0.4008811942774207,0.1805092203981541,0.20138900947155589,0.35000435881115377,0.3938863793520544,15,"{""0"":""Allenopithecus_nigroviridis_KJ434962"",""1"":""Cercocebus_atys_KT159932"",""2"":""Cercocebus_torquatus_KJ434959"",""3"":""Cercocebus_chrysogaster_KC757390"",""4"":""Cercopithecus_aethiops_AY863426"",""5"":""Chlorocebus_aethiops_C1_KU682691"",""6"":""Chlorocebus_aethiops_MN816163"",""7"":""Chlorocebus_cynosuros_C3_KU682693"",""8"":""Chlorocebus_cynosuros_KM262190"",""9"":""Chlorocebus_djamdjamensis_C5_KU682695"",""10"":""Cercopithecus_albogularis_KC757391"",""11"":""Cercopithecus_mitis_KJ434956"",""12"":""Cercopithecus_lhoesti_KJ434957"",""13"":""Cercopithecus_diana_KJ434958"",""14"":""Cercopithecus_neglectus_MW160353""}"
KNN-Impute,85,19,73,KNNimpute_completed_p85_rep19_seed73.csv,knn_impute_outputs/completed_matrices/KNNimpute_completed_p85_rep19_seed73.csv,True,,KNN-Impute_NJ_p85_rep19_seed73.treefile,0.8476190476190476,105,89,16,0,89,5,5,distance,nan_euclidean,0.0635681583710915,0.0515487565040367,0.3740838130226343,0.4087504256043583,0.0023432580055668,True,True,True,0,0,0.0,0.0,20.0,0.8333333333333334,2.0,12.0,12.0,0.16666666666666666,0.16666666666666666,0.16666666666666666,Cercopithecus_aethiops_AY863426|Cercopithecus_diana_KJ434958;Cercopithecus_lhoesti_KJ434957|Cercopithecus_mitis_KJ434956;Cercopithecus_neglectus_MW160353|Chlorocebus_aethiops_C1_KU682691;Cercopithecus_aethiops_AY863426|Cercopithecus_diana_KJ434958|Chlorocebus_cynosuros_C3_KU682693;Cercopithecus_neglectus_MW160353|Chlorocebus_aethiops_C1_KU682691|Chlorocebus_djamdjamensis_C5_KU682695;Allenopithecus_nigroviridis_KJ434962|Cercopithecus_aethiops_AY863426|Cercopithecus_diana_KJ434958|Chlorocebus_cynosuros_C3_KU682693;Cercocebus_atys_KT159932|Cercocebus_chrysogaster_KC757390|Cercocebus_torquatus_KJ434959|Cercopithecus_albogularis_KC757391;Cercocebus_atys_KT159932|Cercocebus_chrysogaster_KC757390|Cercocebus_torquatus_KJ434959|Cercopithecus_albogularis_KC757391|Chlorocebus_aethiops_MN816163;Cercocebus_atys_KT159932|Cercocebus_chrysogaster_KC757390|Cercocebus_torquatus_KJ434959|Cercopithecus_albogularis_KC757391|Chlorocebus_aethiops_MN816163|Chlorocebus_cynosuros_KM262190;Allenopithecus_nigroviridis_KJ434962|Cercopithecus_aethiops_AY863426|Cercopithecus_diana_KJ434958|Cercopithecus_neglectus_MW160353|Chlorocebus_aethiops_C1_KU682691|Chlorocebus_cynosuros_C3_KU682693|Chlorocebus_djamdjamensis_C5_KU682695,Cercopithecus_albogularis_KC757391|Cercopithecus_mitis_KJ434956;Cercopithecus_diana_KJ434958|Cercopithecus_neglectus_MW160353;Chlorocebus_aethiops_C1_KU682691|Chlorocebus_aethiops_MN816163;Chlorocebus_cynosuros_C3_KU682693|Chlorocebus_cynosuros_KM262190;Cercopithecus_aethiops_AY863426|Chlorocebus_aethiops_C1_KU682691|Chlorocebus_aethiops_MN816163;Cercopithecus_albogularis_KC757391|Cercopithecus_lhoesti_KJ434957|Cercopithecus_mitis_KJ434956;Allenopithecus_nigroviridis_KJ434962|Cercocebus_atys_KT159932|Cercocebus_chrysogaster_KC757390|Cercocebus_torquatus_KJ434959;Cercopithecus_aethiops_AY863426|Chlorocebus_aethiops_C1_KU682691|Chlorocebus_aethiops_MN816163|Chlorocebus_cynosuros_C3_KU682693|Chlorocebus_cynosuros_KM262190;Cercopithecus_albogularis_KC757391|Cercopithecus_diana_KJ434958|Cercopithecus_lhoesti_KJ434957|Cercopithecus_mitis_KJ434956|Cercopithecus_neglectus_MW160353;Cercopithecus_aethiops_AY863426|Chlorocebus_aethiops_C1_KU682691|Chlorocebus_aethiops_MN816163|Chlorocebus_cynosuros_C3_KU682693|Chlorocebus_cynosuros_KM262190|Chlorocebus_djamdjamensis_C5_KU682695,0.17661163681143588,0.1960259494518295,0.5701373112592225,0.5373833713456354,0.17467505241574757,0.196297144759226,0.4900385133359908,0.4643271822517105,15,"{""0"":""Allenopithecus_nigroviridis_KJ434962"",""1"":""Cercocebus_atys_KT159932"",""2"":""Cercocebus_torquatus_KJ434959"",""3"":""Cercocebus_chrysogaster_KC757390"",""4"":""Cercopithecus_aethiops_AY863426"",""5"":""Chlorocebus_aethiops_C1_KU682691"",""6"":""Chlorocebus_aethiops_MN816163"",""7"":""Chlorocebus_cynosuros_C3_KU682693"",""8"":""Chlorocebus_cynosuros_KM262190"",""9"":""Chlorocebus_djamdjamensis_C5_KU682695"",""10"":""Cercopithecus_albogularis_KC757391"",""11"":""Cercopithecus_mitis_KJ434956"",""12"":""Cercopithecus_lhoesti_KJ434957"",""13"":""Cercopithecus_diana_KJ434958"",""14"":""Cercopithecus_neglectus_MW160353""}"
KNN-Impute,85,20,74,KNNimpute_completed_p85_rep20_seed74.csv,knn_impute_outputs/completed_matrices/KNNimpute_completed_p85_rep20_seed74.csv,True,,KNN-Impute_NJ_p85_rep20_seed74.treefile,0.8476190476190476,105,89,16,0,89,5,5,distance,nan_euclidean,0.0750792827574287,0.063775239655279,0.1550136947623123,0.2438571755900459,0.0022215789940673,True,True,True,0,0,0.0,0.0,24.0,1.0,0.0,12.0,12.0,0.0,0.0,,Allenopithecus_nigroviridis_KJ434962|Cercocebus_atys_KT159932;Cercocebus_chrysogaster_KC757390|Cercocebus_torquatus_KJ434959;Cercopithecus_aethiops_AY863426|Cercopithecus_mitis_KJ434956;Cercopithecus_albogularis_KC757391|Cercopithecus_neglectus_MW160353;Chlorocebus_aethiops_MN816163|Chlorocebus_cynosuros_C3_KU682693;Allenopithecus_nigroviridis_KJ434962|Cercocebus_atys_KT159932|Cercopithecus_lhoesti_KJ434957;Cercopithecus_aethiops_AY863426|Cercopithecus_mitis_KJ434956|Chlorocebus_cynosuros_KM262190;Cercopithecus_albogularis_KC757391|Cercopithecus_neglectus_MW160353|Chlorocebus_djamdjamensis_C5_KU682695;Allenopithecus_nigroviridis_KJ434962|Cercocebus_atys_KT159932|Cercocebus_chrysogaster_KC757390|Cercocebus_torquatus_KJ434959|Cercopithecus_lhoesti_KJ434957;Cercopithecus_albogularis_KC757391|Cercopithecus_neglectus_MW160353|Chlorocebus_aethiops_MN816163|Chlorocebus_cynosuros_C3_KU682693|Chlorocebus_djamdjamensis_C5_KU682695;Allenopithecus_nigroviridis_KJ434962|Cercocebus_atys_KT159932|Cercocebus_chrysogaster_KC757390|Cercocebus_torquatus_KJ434959|Cercopithecus_lhoesti_KJ434957|Chlorocebus_aethiops_C1_KU682691;Allenopithecus_nigroviridis_KJ434962|Cercocebus_atys_KT159932|Cercocebus_chrysogaster_KC757390|Cercocebus_torquatus_KJ434959|Cercopithecus_diana_KJ434958|Cercopithecus_lhoesti_KJ434957|Chlorocebus_aethiops_C1_KU682691,Cercocebus_atys_KT159932|Cercocebus_torquatus_KJ434959;Cercopithecus_albogularis_KC757391|Cercopithecus_mitis_KJ434956;Cercopithecus_diana_KJ434958|Cercopithecus_neglectus_MW160353;Chlorocebus_aethiops_C1_KU682691|Chlorocebus_aethiops_MN816163;Chlorocebus_cynosuros_C3_KU682693|Chlorocebus_cynosuros_KM262190;Cercocebus_atys_KT159932|Cercocebus_chrysogaster_KC757390|Cercocebus_torquatus_KJ434959;Cercopithecus_aethiops_AY863426|Chlorocebus_aethiops_C1_KU682691|Chlorocebus_aethiops_MN816163;Cercopithecus_albogularis_KC757391|Cercopithecus_lhoesti_KJ434957|Cercopithecus_mitis_KJ434956;Allenopithecus_nigroviridis_KJ434962|Cercocebus_atys_KT159932|Cercocebus_chrysogaster_KC757390|Cercocebus_torquatus_KJ434959;Cercopithecus_aethiops_AY863426|Chlorocebus_aethiops_C1_KU682691|Chlorocebus_aethiops_MN816163|Chlorocebus_cynosuros_C3_KU682693|Chlorocebus_cynosuros_KM262190;Cercopithecus_albogularis_KC757391|Cercopithecus_diana_KJ434958|Cercopithecus_lhoesti_KJ434957|Cercopithecus_mitis_KJ434956|Cercopithecus_neglectus_MW160353;Cercopithecus_aethiops_AY863426|Chlorocebus_aethiops_C1_KU682691|Chlorocebus_aethiops_MN816163|Chlorocebus_cynosuros_C3_KU682693|Chlorocebus_cynosuros_KM262190|Chlorocebus_djamdjamensis_C5_KU682695,0.18726929692906683,0.20941262179283135,0.31082792533533155,0.26924113622226825,0.18628230394548037,0.21011491668496035,0.2230175571291332,0.24347050932959596,15,"{""0"":""Allenopithecus_nigroviridis_KJ434962"",""1"":""Cercocebus_atys_KT159932"",""2"":""Cercocebus_torquatus_KJ434959"",""3"":""Cercocebus_chrysogaster_KC757390"",""4"":""Cercopithecus_aethiops_AY863426"",""5"":""Chlorocebus_aethiops_C1_KU682691"",""6"":""Chlorocebus_aethiops_MN816163"",""7"":""Chlorocebus_cynosuros_C3_KU682693"",""8"":""Chlorocebus_cynosuros_KM262190"",""9"":""Chlorocebus_djamdjamensis_C5_KU682695"",""10"":""Cercopithecus_albogularis_KC757391"",""11"":""Cercopithecus_mitis_KJ434956"",""12"":""Cercopithecus_lhoesti_KJ434957"",""13"":""Cercopithecus_diana_KJ434958"",""14"":""Cercopithecus_neglectus_MW160353""}"
KNN-Impute,85,21,75,KNNimpute_completed_p85_rep21_seed75.csv,knn_impute_outputs/completed_matrices/KNNimpute_completed_p85_rep21_seed75.csv,True,,KNN-Impute_NJ_p85_rep21_seed75.treefile,0.8476190476190476,105,89,16,0,89,5,5,distance,nan_euclidean,0.0723966323041325,0.0614187834160373,0.1144222805856829,0.1337005392775053,0.002070251997793,True,True,True,0,0,0.0,0.0,24.0,1.0,0.0,12.0,12.0,0.0,0.0,,Allenopithecus_nigroviridis_KJ434962|Cercopithecus_diana_KJ434958;Cercocebus_chrysogaster_KC757390|Cercopithecus_lhoesti_KJ434957;Cercopithecus_albogularis_KC757391|Cercopithecus_neglectus_MW160353;Cercopithecus_mitis_KJ434956|Chlorocebus_aethiops_MN816163;Allenopithecus_nigroviridis_KJ434962|Cercopithecus_diana_KJ434958|Chlorocebus_djamdjamensis_C5_KU682695;Cercocebus_chrysogaster_KC757390|Cercopithecus_lhoesti_KJ434957|Chlorocebus_cynosuros_C3_KU682693;Cercopithecus_aethiops_AY863426|Cercopithecus_mitis_KJ434956|Chlorocebus_aethiops_MN816163;Cercocebus_chrysogaster_KC757390|Cercopithecus_lhoesti_KJ434957|Chlorocebus_cynosuros_C3_KU682693|Chlorocebus_cynosuros_KM262190;Cercopithecus_aethiops_AY863426|Cercopithecus_albogularis_KC757391|Cercopithecus_mitis_KJ434956|Cercopithecus_neglectus_MW160353|Chlorocebus_aethiops_MN816163;Cercocebus_torquatus_KJ434959|Cercopithecus_aethiops_AY863426|Cercopithecus_albogularis_KC757391|Cercopithecus_mitis_KJ434956|Cercopithecus_neglectus_MW160353|Chlorocebus_aethiops_MN816163;Allenopithecus_nigroviridis_KJ434962|Cercocebus_chrysogaster_KC757390|Cercopithecus_diana_KJ434958|Cercopithecus_lhoesti_KJ434957|Chlorocebus_cynosuros_C3_KU682693|Chlorocebus_cynosuros_KM262190|Chlorocebus_djamdjamensis_C5_KU682695;Cercocebus_torquatus_KJ434959|Cercopithecus_aethiops_AY863426|Cercopithecus_albogularis_KC757391|Cercopithecus_mitis_KJ434956|Cercopithecus_neglectus_MW160353|Chlorocebus_aethiops_C1_KU682691|Chlorocebus_aethiops_MN816163,Cercocebus_atys_KT159932|Cercocebus_torquatus_KJ434959;Cercopithecus_albogularis_KC757391|Cercopithecus_mitis_KJ434956;Cercopithecus_diana_KJ434958|Cercopithecus_neglectus_MW160353;Chlorocebus_aethiops_C1_KU682691|Chlorocebus_aethiops_MN816163;Chlorocebus_cynosuros_C3_KU682693|Chlorocebus_cynosuros_KM262190;Cercocebus_atys_KT159932|Cercocebus_chrysogaster_KC757390|Cercocebus_torquatus_KJ434959;Cercopithecus_aethiops_AY863426|Chlorocebus_aethiops_C1_KU682691|Chlorocebus_aethiops_MN816163;Cercopithecus_albogularis_KC757391|Cercopithecus_lhoesti_KJ434957|Cercopithecus_mitis_KJ434956;Allenopithecus_nigroviridis_KJ434962|Cercocebus_atys_KT159932|Cercocebus_chrysogaster_KC757390|Cercocebus_torquatus_KJ434959;Cercopithecus_aethiops_AY863426|Chlorocebus_aethiops_C1_KU682691|Chlorocebus_aethiops_MN816163|Chlorocebus_cynosuros_C3_KU682693|Chlorocebus_cynosuros_KM262190;Cercopithecus_albogularis_KC757391|Cercopithecus_diana_KJ434958|Cercopithecus_lhoesti_KJ434957|Cercopithecus_mitis_KJ434956|Cercopithecus_neglectus_MW160353;Cercopithecus_aethiops_AY863426|Chlorocebus_aethiops_C1_KU682691|Chlorocebus_aethiops_MN816163|Chlorocebus_cynosuros_C3_KU682693|Chlorocebus_cynosuros_KM262190|Chlorocebus_djamdjamensis_C5_KU682695,0.1881440843162029,0.2131413186026987,0.06202378879533133,0.007847812564793697,0.18576858018031536,0.21169553222879292,0.13366178602759846,0.0779092193614237,15,"{""0"":""Allenopithecus_nigroviridis_KJ434962"",""1"":""Cercocebus_atys_KT159932"",""2"":""Cercocebus_torquatus_KJ434959"",""3"":""Cercocebus_chrysogaster_KC757390"",""4"":""Cercopithecus_aethiops_AY863426"",""5"":""Chlorocebus_aethiops_C1_KU682691"",""6"":""Chlorocebus_aethiops_MN816163"",""7"":""Chlorocebus_cynosuros_C3_KU682693"",""8"":""Chlorocebus_cynosuros_KM262190"",""9"":""Chlorocebus_djamdjamensis_C5_KU682695"",""10"":""Cercopithecus_albogularis_KC757391"",""11"":""Cercopithecus_mitis_KJ434956"",""12"":""Cercopithecus_lhoesti_KJ434957"",""13"":""Cercopithecus_diana_KJ434958"",""14"":""Cercopithecus_neglectus_MW160353""}"
KNN-Impute,85,22,76,KNNimpute_completed_p85_rep22_seed76.csv,knn_impute_outputs/completed_matrices/KNNimpute_completed_p85_rep22_seed76.csv,True,,KNN-Impute_NJ_p85_rep22_seed76.treefile,0.8476190476190476,105,89,16,0,89,5,5,distance,nan_euclidean,0.0684563933569351,0.0591780437892819,0.2442238146291696,0.2654239019407559,0.0024254449963336,True,True,True,0,0,0.0,0.0,24.0,1.0,0.0,12.0,12.0,0.0,0.0,,Allenopithecus_nigroviridis_KJ434962|Chlorocebus_cynosuros_KM262190;Cercocebus_atys_KT159932|Cercocebus_chrysogaster_KC757390;Cercopithecus_albogularis_KC757391|Chlorocebus_aethiops_C1_KU682691;Cercopithecus_lhoesti_KJ434957|Cercopithecus_mitis_KJ434956;Cercopithecus_neglectus_MW160353|Chlorocebus_cynosuros_C3_KU682693;Allenopithecus_nigroviridis_KJ434962|Chlorocebus_cynosuros_KM262190|Chlorocebus_djamdjamensis_C5_KU682695;Cercocebus_atys_KT159932|Cercocebus_chrysogaster_KC757390|Cercopithecus_diana_KJ434958;Allenopithecus_nigroviridis_KJ434962|Cercopithecus_aethiops_AY863426|Chlorocebus_cynosuros_KM262190|Chlorocebus_djamdjamensis_C5_KU682695;Cercocebus_atys_KT159932|Cercocebus_chrysogaster_KC757390|Cercocebus_torquatus_KJ434959|Cercopithecus_diana_KJ434958;Cercopithecus_lhoesti_KJ434957|Cercopithecus_mitis_KJ434956|Cercopithecus_neglectus_MW160353|Chlorocebus_cynosuros_C3_KU682693;Cercocebus_atys_KT159932|Cercocebus_chrysogaster_KC757390|Cercocebus_torquatus_KJ434959|Cercopithecus_albogularis_KC757391|Cercopithecus_diana_KJ434958|Chlorocebus_aethiops_C1_KU682691;Cercocebus_atys_KT159932|Cercocebus_chrysogaster_KC757390|Cercocebus_torquatus_KJ434959|Cercopithecus_albogularis_KC757391|Cercopithecus_diana_KJ434958|Chlorocebus_aethiops_C1_KU682691|Chlorocebus_aethiops_MN816163,Cercocebus_atys_KT159932|Cercocebus_torquatus_KJ434959;Cercopithecus_albogularis_KC757391|Cercopithecus_mitis_KJ434956;Cercopithecus_diana_KJ434958|Cercopithecus_neglectus_MW160353;Chlorocebus_aethiops_C1_KU682691|Chlorocebus_aethiops_MN816163;Chlorocebus_cynosuros_C3_KU682693|Chlorocebus_cynosuros_KM262190;Cercocebus_atys_KT159932|Cercocebus_chrysogaster_KC757390|Cercocebus_torquatus_KJ434959;Cercopithecus_aethiops_AY863426|Chlorocebus_aethiops_C1_KU682691|Chlorocebus_aethiops_MN816163;Cercopithecus_albogularis_KC757391|Cercopithecus_lhoesti_KJ434957|Cercopithecus_mitis_KJ434956;Allenopithecus_nigroviridis_KJ434962|Cercocebus_atys_KT159932|Cercocebus_chrysogaster_KC757390|Cercocebus_torquatus_KJ434959;Cercopithecus_aethiops_AY863426|Chlorocebus_aethiops_C1_KU682691|Chlorocebus_aethiops_MN816163|Chlorocebus_cynosuros_C3_KU682693|Chlorocebus_cynosuros_KM262190;Cercopithecus_albogularis_KC757391|Cercopithecus_diana_KJ434958|Cercopithecus_lhoesti_KJ434957|Cercopithecus_mitis_KJ434956|Cercopithecus_neglectus_MW160353;Cercopithecus_aethiops_AY863426|Chlorocebus_aethiops_C1_KU682691|Chlorocebus_aethiops_MN816163|Chlorocebus_cynosuros_C3_KU682693|Chlorocebus_cynosuros_KM262190|Chlorocebus_djamdjamensis_C5_KU682695,0.18629859772522206,0.20740804600005064,0.4259295008948307,0.41948994401824585,0.18423570415771884,0.20667082585603358,0.3584344271535159,0.3319925357661207,15,"{""0"":""Allenopithecus_nigroviridis_KJ434962"",""1"":""Cercocebus_atys_KT159932"",""2"":""Cercocebus_torquatus_KJ434959"",""3"":""Cercocebus_chrysogaster_KC757390"",""4"":""Cercopithecus_aethiops_AY863426"",""5"":""Chlorocebus_aethiops_C1_KU682691"",""6"":""Chlorocebus_aethiops_MN816163"",""7"":""Chlorocebus_cynosuros_C3_KU682693"",""8"":""Chlorocebus_cynosuros_KM262190"",""9"":""Chlorocebus_djamdjamensis_C5_KU682695"",""10"":""Cercopithecus_albogularis_KC757391"",""11"":""Cercopithecus_mitis_KJ434956"",""12"":""Cercopithecus_lhoesti_KJ434957"",""13"":""Cercopithecus_diana_KJ434958"",""14"":""Cercopithecus_neglectus_MW160353""}"
KNN-Impute,85,23,77,KNNimpute_completed_p85_rep23_seed77.csv,knn_impute_outputs/completed_matrices/KNNimpute_completed_p85_rep23_seed77.csv,True,,KNN-Impute_NJ_p85_rep23_seed77.treefile,0.8476190476190476,105,89,16,0,89,5,5,distance,nan_euclidean,0.0669672490213459,0.0569249785232356,0.2408369580402941,0.3388321416411305,0.0023094200005289,True,True,True,0,0,0.0,0.0,22.0,0.9166666666666666,1.0,12.0,12.0,0.08333333333333333,0.08333333333333333,0.08333333333333333,Cercocebus_chrysogaster_KC757390|Chlorocebus_djamdjamensis_C5_KU682695;Cercopithecus_aethiops_AY863426|Cercopithecus_albogularis_KC757391;Cercopithecus_lhoesti_KJ434957|Cercopithecus_neglectus_MW160353;Cercopithecus_mitis_KJ434956|Chlorocebus_aethiops_C1_KU682691;Allenopithecus_nigroviridis_KJ434962|Cercocebus_atys_KT159932|Cercocebus_torquatus_KJ434959;Cercopithecus_aethiops_AY863426|Cercopithecus_albogularis_KC757391|Chlorocebus_aethiops_MN816163;Cercopithecus_diana_KJ434958|Cercopithecus_lhoesti_KJ434957|Cercopithecus_neglectus_MW160353;Allenopithecus_nigroviridis_KJ434962|Cercocebus_atys_KT159932|Cercocebus_torquatus_KJ434959|Chlorocebus_cynosuros_KM262190;Allenopithecus_nigroviridis_KJ434962|Cercocebus_atys_KT159932|Cercocebus_torquatus_KJ434959|Cercopithecus_mitis_KJ434956|Chlorocebus_aethiops_C1_KU682691|Chlorocebus_cynosuros_KM262190;Cercopithecus_aethiops_AY863426|Cercopithecus_albogularis_KC757391|Cercopithecus_diana_KJ434958|Cercopithecus_lhoesti_KJ434957|Cercopithecus_neglectus_MW160353|Chlorocebus_aethiops_MN816163;Cercopithecus_aethiops_AY863426|Cercopithecus_albogularis_KC757391|Cercopithecus_diana_KJ434958|Cercopithecus_lhoesti_KJ434957|Cercopithecus_neglectus_MW160353|Chlorocebus_aethiops_MN816163|Chlorocebus_cynosuros_C3_KU682693,Cercopithecus_albogularis_KC757391|Cercopithecus_mitis_KJ434956;Cercopithecus_diana_KJ434958|Cercopithecus_neglectus_MW160353;Chlorocebus_aethiops_C1_KU682691|Chlorocebus_aethiops_MN816163;Chlorocebus_cynosuros_C3_KU682693|Chlorocebus_cynosuros_KM262190;Cercocebus_atys_KT159932|Cercocebus_chrysogaster_KC757390|Cercocebus_torquatus_KJ434959;Cercopithecus_aethiops_AY863426|Chlorocebus_aethiops_C1_KU682691|Chlorocebus_aethiops_MN816163;Cercopithecus_albogularis_KC757391|Cercopithecus_lhoesti_KJ434957|Cercopithecus_mitis_KJ434956;Allenopithecus_nigroviridis_KJ434962|Cercocebus_atys_KT159932|Cercocebus_chrysogaster_KC757390|Cercocebus_torquatus_KJ434959;Cercopithecus_aethiops_AY863426|Chlorocebus_aethiops_C1_KU682691|Chlorocebus_aethiops_MN816163|Chlorocebus_cynosuros_C3_KU682693|Chlorocebus_cynosuros_KM262190;Cercopithecus_albogularis_KC757391|Cercopithecus_diana_KJ434958|Cercopithecus_lhoesti_KJ434957|Cercopithecus_mitis_KJ434956|Cercopithecus_neglectus_MW160353;Cercopithecus_aethiops_AY863426|Chlorocebus_aethiops_C1_KU682691|Chlorocebus_aethiops_MN816163|Chlorocebus_cynosuros_C3_KU682693|Chlorocebus_cynosuros_KM262190|Chlorocebus_djamdjamensis_C5_KU682695,0.1829788917147502,0.20597131011703665,0.29302967773570754,0.2849263943603566,0.18149246403727037,0.20451391538762442,0.3157804044249302,0.34934687953555876,15,"{""0"":""Allenopithecus_nigroviridis_KJ434962"",""1"":""Cercocebus_atys_KT159932"",""2"":""Cercocebus_torquatus_KJ434959"",""3"":""Cercocebus_chrysogaster_KC757390"",""4"":""Cercopithecus_aethiops_AY863426"",""5"":""Chlorocebus_aethiops_C1_KU682691"",""6"":""Chlorocebus_aethiops_MN816163"",""7"":""Chlorocebus_cynosuros_C3_KU682693"",""8"":""Chlorocebus_cynosuros_KM262190"",""9"":""Chlorocebus_djamdjamensis_C5_KU682695"",""10"":""Cercopithecus_albogularis_KC757391"",""11"":""Cercopithecus_mitis_KJ434956"",""12"":""Cercopithecus_lhoesti_KJ434957"",""13"":""Cercopithecus_diana_KJ434958"",""14"":""Cercopithecus_neglectus_MW160353""}"
KNN-Impute,85,24,78,KNNimpute_completed_p85_rep24_seed78.csv,knn_impute_outputs/completed_matrices/KNNimpute_completed_p85_rep24_seed78.csv,True,,KNN-Impute_NJ_p85_rep24_seed78.treefile,0.8476190476190476,105,89,16,0,89,5,5,distance,nan_euclidean,0.0642762751162559,0.0522533444395216,0.1449031170968449,0.2963908750425604,0.0024815230135573,True,True,True,0,0,0.0,0.0,24.0,1.0,0.0,12.0,12.0,0.0,0.0,,Allenopithecus_nigroviridis_KJ434962|Chlorocebus_cynosuros_C3_KU682693;Cercocebus_atys_KT159932|Chlorocebus_cynosuros_KM262190;Cercocebus_chrysogaster_KC757390|Cercocebus_torquatus_KJ434959;Cercopithecus_aethiops_AY863426|Chlorocebus_aethiops_C1_KU682691;Cercopithecus_albogularis_KC757391|Cercopithecus_lhoesti_KJ434957;Cercopithecus_mitis_KJ434956|Cercopithecus_neglectus_MW160353;Cercopithecus_mitis_KJ434956|Cercopithecus_neglectus_MW160353|Chlorocebus_aethiops_MN816163;Allenopithecus_nigroviridis_KJ434962|Cercopithecus_albogularis_KC757391|Cercopithecus_lhoesti_KJ434957|Chlorocebus_cynosuros_C3_KU682693;Cercocebus_atys_KT159932|Cercopithecus_aethiops_AY863426|Chlorocebus_aethiops_C1_KU682691|Chlorocebus_cynosuros_KM262190;Allenopithecus_nigroviridis_KJ434962|Cercopithecus_albogularis_KC757391|Cercopithecus_lhoesti_KJ434957|Chlorocebus_cynosuros_C3_KU682693|Chlorocebus_djamdjamensis_C5_KU682695;Cercocebus_chrysogaster_KC757390|Cercocebus_torquatus_KJ434959|Cercopithecus_mitis_KJ434956|Cercopithecus_neglectus_MW160353|Chlorocebus_aethiops_MN816163;Cercocebus_chrysogaster_KC757390|Cercocebus_torquatus_KJ434959|Cercopithecus_diana_KJ434958|Cercopithecus_mitis_KJ434956|Cercopithecus_neglectus_MW160353|Chlorocebus_aethiops_MN816163,Cercocebus_atys_KT159932|Cercocebus_torquatus_KJ434959;Cercopithecus_albogularis_KC757391|Cercopithecus_mitis_KJ434956;Cercopithecus_diana_KJ434958|Cercopithecus_neglectus_MW160353;Chlorocebus_aethiops_C1_KU682691|Chlorocebus_aethiops_MN816163;Chlorocebus_cynosuros_C3_KU682693|Chlorocebus_cynosuros_KM262190;Cercocebus_atys_KT159932|Cercocebus_chrysogaster_KC757390|Cercocebus_torquatus_KJ434959;Cercopithecus_aethiops_AY863426|Chlorocebus_aethiops_C1_KU682691|Chlorocebus_aethiops_MN816163;Cercopithecus_albogularis_KC757391|Cercopithecus_lhoesti_KJ434957|Cercopithecus_mitis_KJ434956;Allenopithecus_nigroviridis_KJ434962|Cercocebus_atys_KT159932|Cercocebus_chrysogaster_KC757390|Cercocebus_torquatus_KJ434959;Cercopithecus_aethiops_AY863426|Chlorocebus_aethiops_C1_KU682691|Chlorocebus_aethiops_MN816163|Chlorocebus_cynosuros_C3_KU682693|Chlorocebus_cynosuros_KM262190;Cercopithecus_albogularis_KC757391|Cercopithecus_diana_KJ434958|Cercopithecus_lhoesti_KJ434957|Cercopithecus_mitis_KJ434956|Cercopithecus_neglectus_MW160353;Cercopithecus_aethiops_AY863426|Chlorocebus_aethiops_C1_KU682691|Chlorocebus_aethiops_MN816163|Chlorocebus_cynosuros_C3_KU682693|Chlorocebus_cynosuros_KM262190|Chlorocebus_djamdjamensis_C5_KU682695,0.1742191053156588,0.19498244710481633,0.3267173229064728,0.31916856728177484,0.17538541827428317,0.1969335800981694,0.2571973048099709,0.30626166286543643,15,"{""0"":""Allenopithecus_nigroviridis_KJ434962"",""1"":""Cercocebus_atys_KT159932"",""2"":""Cercocebus_torquatus_KJ434959"",""3"":""Cercocebus_chrysogaster_KC757390"",""4"":""Cercopithecus_aethiops_AY863426"",""5"":""Chlorocebus_aethiops_C1_KU682691"",""6"":""Chlorocebus_aethiops_MN816163"",""7"":""Chlorocebus_cynosuros_C3_KU682693"",""8"":""Chlorocebus_cynosuros_KM262190"",""9"":""Chlorocebus_djamdjamensis_C5_KU682695"",""10"":""Cercopithecus_albogularis_KC757391"",""11"":""Cercopithecus_mitis_KJ434956"",""12"":""Cercopithecus_lhoesti_KJ434957"",""13"":""Cercopithecus_diana_KJ434958"",""14"":""Cercopithecus_neglectus_MW160353""}"
KNN-Impute,85,25,79,KNNimpute_completed_p85_rep25_seed79.csv,knn_impute_outputs/completed_matrices/KNNimpute_completed_p85_rep25_seed79.csv,True,,KNN-Impute_NJ_p85_rep25_seed79.treefile,0.8476190476190476,105,89,16,0,89,5,5,distance,nan_euclidean,0.0712461988886985,0.0624664762853045,0.1518276852881407,0.128702757916241,0.0057069589965976,True,True,True,0,0,0.0,0.0,20.0,0.8333333333333334,2.0,12.0,12.0,0.16666666666666666,0.16666666666666666,0.16666666666666666,Allenopithecus_nigroviridis_KJ434962|Cercopithecus_lhoesti_KJ434957;Cercopithecus_albogularis_KC757391|Chlorocebus_aethiops_MN816163;Cercopithecus_diana_KJ434958|Chlorocebus_aethiops_C1_KU682691;Cercopithecus_mitis_KJ434956|Cercopithecus_neglectus_MW160353;Cercocebus_chrysogaster_KC757390|Chlorocebus_cynosuros_C3_KU682693|Chlorocebus_cynosuros_KM262190;Cercocebus_atys_KT159932|Cercocebus_torquatus_KJ434959|Cercopithecus_mitis_KJ434956|Cercopithecus_neglectus_MW160353;Cercocebus_chrysogaster_KC757390|Cercopithecus_albogularis_KC757391|Chlorocebus_aethiops_MN816163|Chlorocebus_cynosuros_C3_KU682693|Chlorocebus_cynosuros_KM262190;Allenopithecus_nigroviridis_KJ434962|Cercocebus_atys_KT159932|Cercocebus_torquatus_KJ434959|Cercopithecus_lhoesti_KJ434957|Cercopithecus_mitis_KJ434956|Cercopithecus_neglectus_MW160353;Cercocebus_chrysogaster_KC757390|Cercopithecus_aethiops_AY863426|Cercopithecus_albogularis_KC757391|Chlorocebus_aethiops_MN816163|Chlorocebus_cynosuros_C3_KU682693|Chlorocebus_cynosuros_KM262190;Cercocebus_chrysogaster_KC757390|Cercopithecus_aethiops_AY863426|Cercopithecus_albogularis_KC757391|Chlorocebus_aethiops_MN816163|Chlorocebus_cynosuros_C3_KU682693|Chlorocebus_cynosuros_KM262190|Chlorocebus_djamdjamensis_C5_KU682695,Cercopithecus_albogularis_KC757391|Cercopithecus_mitis_KJ434956;Cercopithecus_diana_KJ434958|Cercopithecus_neglectus_MW160353;Chlorocebus_aethiops_C1_KU682691|Chlorocebus_aethiops_MN816163;Cercocebus_atys_KT159932|Cercocebus_chrysogaster_KC757390|Cercocebus_torquatus_KJ434959;Cercopithecus_aethiops_AY863426|Chlorocebus_aethiops_C1_KU682691|Chlorocebus_aethiops_MN816163;Cercopithecus_albogularis_KC757391|Cercopithecus_lhoesti_KJ434957|Cercopithecus_mitis_KJ434956;Allenopithecus_nigroviridis_KJ434962|Cercocebus_atys_KT159932|Cercocebus_chrysogaster_KC757390|Cercocebus_torquatus_KJ434959;Cercopithecus_aethiops_AY863426|Chlorocebus_aethiops_C1_KU682691|Chlorocebus_aethiops_MN816163|Chlorocebus_cynosuros_C3_KU682693|Chlorocebus_cynosuros_KM262190;Cercopithecus_albogularis_KC757391|Cercopithecus_diana_KJ434958|Cercopithecus_lhoesti_KJ434957|Cercopithecus_mitis_KJ434956|Cercopithecus_neglectus_MW160353;Cercopithecus_aethiops_AY863426|Chlorocebus_aethiops_C1_KU682691|Chlorocebus_aethiops_MN816163|Chlorocebus_cynosuros_C3_KU682693|Chlorocebus_cynosuros_KM262190|Chlorocebus_djamdjamensis_C5_KU682695,0.1857625956495069,0.2082632553328558,0.26857848958344227,0.24778146381919966,0.1859580220726885,0.20813440155802992,0.2706413232973779,0.24532448683392077,15,"{""0"":""Allenopithecus_nigroviridis_KJ434962"",""1"":""Cercocebus_atys_KT159932"",""2"":""Cercocebus_torquatus_KJ434959"",""3"":""Cercocebus_chrysogaster_KC757390"",""4"":""Cercopithecus_aethiops_AY863426"",""5"":""Chlorocebus_aethiops_C1_KU682691"",""6"":""Chlorocebus_aethiops_MN816163"",""7"":""Chlorocebus_cynosuros_C3_KU682693"",""8"":""Chlorocebus_cynosuros_KM262190"",""9"":""Chlorocebus_djamdjamensis_C5_KU682695"",""10"":""Cercopithecus_albogularis_KC757391"",""11"":""Cercopithecus_mitis_KJ434956"",""12"":""Cercopithecus_lhoesti_KJ434957"",""13"":""Cercopithecus_diana_KJ434958"",""14"":""Cercopithecus_neglectus_MW160353""}"
KNN-Impute,85,26,80,KNNimpute_completed_p85_rep26_seed80.csv,knn_impute_outputs/completed_matrices/KNNimpute_completed_p85_rep26_seed80.csv,True,,KNN-Impute_NJ_p85_rep26_seed80.treefile,0.8476190476190476,105,89,16,0,89,5,5,distance,nan_euclidean,0.0691015291355364,0.0571612220828923,0.3029236443249229,0.2212158490194023,0.0025469829997746,True,True,True,0,0,0.0,0.0,22.0,0.9166666666666666,1.0,12.0,12.0,0.08333333333333333,0.08333333333333333,0.08333333333333333,Allenopithecus_nigroviridis_KJ434962|Cercopithecus_aethiops_AY863426;Cercocebus_atys_KT159932|Cercocebus_chrysogaster_KC757390;Cercocebus_torquatus_KJ434959|Cercopithecus_diana_KJ434958;Cercopithecus_lhoesti_KJ434957|Cercopithecus_neglectus_MW160353;Chlorocebus_aethiops_C1_KU682691|Chlorocebus_cynosuros_KM262190;Chlorocebus_aethiops_C1_KU682691|Chlorocebus_aethiops_MN816163|Chlorocebus_cynosuros_KM262190;Cercocebus_torquatus_KJ434959|Cercopithecus_albogularis_KC757391|Cercopithecus_diana_KJ434958|Cercopithecus_mitis_KJ434956;Allenopithecus_nigroviridis_KJ434962|Cercopithecus_aethiops_AY863426|Chlorocebus_aethiops_C1_KU682691|Chlorocebus_aethiops_MN816163|Chlorocebus_cynosuros_KM262190;Cercocebus_torquatus_KJ434959|Cercopithecus_albogularis_KC757391|Cercopithecus_diana_KJ434958|Cercopithecus_lhoesti_KJ434957|Cercopithecus_mitis_KJ434956|Cercopithecus_neglectus_MW160353;Allenopithecus_nigroviridis_KJ434962|Cercocebus_atys_KT159932|Cercocebus_chrysogaster_KC757390|Cercopithecus_aethiops_AY863426|Chlorocebus_aethiops_C1_KU682691|Chlorocebus_aethiops_MN816163|Chlorocebus_cynosuros_KM262190;Cercocebus_torquatus_KJ434959|Cercopithecus_albogularis_KC757391|Cercopithecus_diana_KJ434958|Cercopithecus_lhoesti_KJ434957|Cercopithecus_mitis_KJ434956|Cercopithecus_neglectus_MW160353|Chlorocebus_djamdjamensis_C5_KU682695,Cercocebus_atys_KT159932|Cercocebus_torquatus_KJ434959;Cercopithecus_diana_KJ434958|Cercopithecus_neglectus_MW160353;Chlorocebus_aethiops_C1_KU682691|Chlorocebus_aethiops_MN816163;Chlorocebus_cynosuros_C3_KU682693|Chlorocebus_cynosuros_KM262190;Cercocebus_atys_KT159932|Cercocebus_chrysogaster_KC757390|Cercocebus_torquatus_KJ434959;Cercopithecus_aethiops_AY863426|Chlorocebus_aethiops_C1_KU682691|Chlorocebus_aethiops_MN816163;Cercopithecus_albogularis_KC757391|Cercopithecus_lhoesti_KJ434957|Cercopithecus_mitis_KJ434956;Allenopithecus_nigroviridis_KJ434962|Cercocebus_atys_KT159932|Cercocebus_chrysogaster_KC757390|Cercocebus_torquatus_KJ434959;Cercopithecus_aethiops_AY863426|Chlorocebus_aethiops_C1_KU682691|Chlorocebus_aethiops_MN816163|Chlorocebus_cynosuros_C3_KU682693|Chlorocebus_cynosuros_KM262190;Cercopithecus_albogularis_KC757391|Cercopithecus_diana_KJ434958|Cercopithecus_lhoesti_KJ434957|Cercopithecus_mitis_KJ434956|Cercopithecus_neglectus_MW160353;Cercopithecus_aethiops_AY863426|Chlorocebus_aethiops_C1_KU682691|Chlorocebus_aethiops_MN816163|Chlorocebus_cynosuros_C3_KU682693|Chlorocebus_cynosuros_KM262190|Chlorocebus_djamdjamensis_C5_KU682695,0.17895324304641363,0.2040076787233779,0.33993544288479977,0.2287787684014099,0.1797358904218139,0.20408046126598584,0.3215305754976091,0.27933244708425436,15,"{""0"":""Allenopithecus_nigroviridis_KJ434962"",""1"":""Cercocebus_atys_KT159932"",""2"":""Cercocebus_torquatus_KJ434959"",""3"":""Cercocebus_chrysogaster_KC757390"",""4"":""Cercopithecus_aethiops_AY863426"",""5"":""Chlorocebus_aethiops_C1_KU682691"",""6"":""Chlorocebus_aethiops_MN816163"",""7"":""Chlorocebus_cynosuros_C3_KU682693"",""8"":""Chlorocebus_cynosuros_KM262190"",""9"":""Chlorocebus_djamdjamensis_C5_KU682695"",""10"":""Cercopithecus_albogularis_KC757391"",""11"":""Cercopithecus_mitis_KJ434956"",""12"":""Cercopithecus_lhoesti_KJ434957"",""13"":""Cercopithecus_diana_KJ434958"",""14"":""Cercopithecus_neglectus_MW160353""}"
KNN-Impute,85,27,81,KNNimpute_completed_p85_rep27_seed81.csv,knn_impute_outputs/completed_matrices/KNNimpute_completed_p85_rep27_seed81.csv,True,,KNN-Impute_NJ_p85_rep27_seed81.treefile,0.8476190476190476,105,89,16,0,89,5,5,distance,nan_euclidean,0.0745620410007354,0.063774633297856,0.2572017403616257,0.1683520599250936,0.0024265899992315,True,True,True,0,0,0.0,0.0,24.0,1.0,0.0,12.0,12.0,0.0,0.0,,Cercocebus_atys_KT159932|Cercopithecus_lhoesti_KJ434957;Cercopithecus_albogularis_KC757391|Cercopithecus_neglectus_MW160353;Cercopithecus_diana_KJ434958|Chlorocebus_cynosuros_C3_KU682693;Chlorocebus_aethiops_MN816163|Chlorocebus_cynosuros_KM262190;Cercocebus_torquatus_KJ434959|Cercopithecus_albogularis_KC757391|Cercopithecus_neglectus_MW160353;Cercopithecus_diana_KJ434958|Chlorocebus_cynosuros_C3_KU682693|Chlorocebus_djamdjamensis_C5_KU682695;Chlorocebus_aethiops_C1_KU682691|Chlorocebus_aethiops_MN816163|Chlorocebus_cynosuros_KM262190;Allenopithecus_nigroviridis_KJ434962|Cercopithecus_diana_KJ434958|Chlorocebus_cynosuros_C3_KU682693|Chlorocebus_djamdjamensis_C5_KU682695;Cercocebus_atys_KT159932|Cercocebus_torquatus_KJ434959|Cercopithecus_albogularis_KC757391|Cercopithecus_lhoesti_KJ434957|Cercopithecus_neglectus_MW160353;Cercocebus_atys_KT159932|Cercocebus_chrysogaster_KC757390|Cercocebus_torquatus_KJ434959|Cercopithecus_albogularis_KC757391|Cercopithecus_lhoesti_KJ434957|Cercopithecus_neglectus_MW160353;Allenopithecus_nigroviridis_KJ434962|Cercopithecus_diana_KJ434958|Chlorocebus_aethiops_C1_KU682691|Chlorocebus_aethiops_MN816163|Chlorocebus_cynosuros_C3_KU682693|Chlorocebus_cynosuros_KM262190|Chlorocebus_djamdjamensis_C5_KU682695;Cercocebus_atys_KT159932|Cercocebus_chrysogaster_KC757390|Cercocebus_torquatus_KJ434959|Cercopithecus_aethiops_AY863426|Cercopithecus_albogularis_KC757391|Cercopithecus_lhoesti_KJ434957|Cercopithecus_neglectus_MW160353,Cercocebus_atys_KT159932|Cercocebus_torquatus_KJ434959;Cercopithecus_albogularis_KC757391|Cercopithecus_mitis_KJ434956;Cercopithecus_diana_KJ434958|Cercopithecus_neglectus_MW160353;Chlorocebus_aethiops_C1_KU682691|Chlorocebus_aethiops_MN816163;Chlorocebus_cynosuros_C3_KU682693|Chlorocebus_cynosuros_KM262190;Cercocebus_atys_KT159932|Cercocebus_chrysogaster_KC757390|Cercocebus_torquatus_KJ434959;Cercopithecus_aethiops_AY863426|Chlorocebus_aethiops_C1_KU682691|Chlorocebus_aethiops_MN816163;Cercopithecus_albogularis_KC757391|Cercopithecus_lhoesti_KJ434957|Cercopithecus_mitis_KJ434956;Allenopithecus_nigroviridis_KJ434962|Cercocebus_atys_KT159932|Cercocebus_chrysogaster_KC757390|Cercocebus_torquatus_KJ434959;Cercopithecus_aethiops_AY863426|Chlorocebus_aethiops_C1_KU682691|Chlorocebus_aethiops_MN816163|Chlorocebus_cynosuros_C3_KU682693|Chlorocebus_cynosuros_KM262190;Cercopithecus_albogularis_KC757391|Cercopithecus_diana_KJ434958|Cercopithecus_lhoesti_KJ434957|Cercopithecus_mitis_KJ434956|Cercopithecus_neglectus_MW160353;Cercopithecus_aethiops_AY863426|Chlorocebus_aethiops_C1_KU682691|Chlorocebus_aethiops_MN816163|Chlorocebus_cynosuros_C3_KU682693|Chlorocebus_cynosuros_KM262190|Chlorocebus_djamdjamensis_C5_KU682695,0.18931759670392173,0.21407647443633904,0.30299781582732466,0.3139228695832469,0.1892363423729349,0.21385824582800436,0.29954202121871204,0.27773170226000415,15,"{""0"":""Allenopithecus_nigroviridis_KJ434962"",""1"":""Cercocebus_atys_KT159932"",""2"":""Cercocebus_torquatus_KJ434959"",""3"":""Cercocebus_chrysogaster_KC757390"",""4"":""Cercopithecus_aethiops_AY863426"",""5"":""Chlorocebus_aethiops_C1_KU682691"",""6"":""Chlorocebus_aethiops_MN816163"",""7"":""Chlorocebus_cynosuros_C3_KU682693"",""8"":""Chlorocebus_cynosuros_KM262190"",""9"":""Chlorocebus_djamdjamensis_C5_KU682695"",""10"":""Cercopithecus_albogularis_KC757391"",""11"":""Cercopithecus_mitis_KJ434956"",""12"":""Cercopithecus_lhoesti_KJ434957"",""13"":""Cercopithecus_diana_KJ434958"",""14"":""Cercopithecus_neglectus_MW160353""}"
KNN-Impute,85,28,82,KNNimpute_completed_p85_rep28_seed82.csv,knn_impute_outputs/completed_matrices/KNNimpute_completed_p85_rep28_seed82.csv,True,,KNN-Impute_NJ_p85_rep28_seed82.treefile,0.8476190476190476,105,89,16,0,89,5,5,distance,nan_euclidean,0.0633796927226897,0.0548532673333608,0.3823860189260193,0.4132932114419133,0.0039699689950793,True,True,True,0,0,0.0,0.0,20.0,0.8333333333333334,2.0,12.0,12.0,0.16666666666666666,0.16666666666666666,0.16666666666666666,Allenopithecus_nigroviridis_KJ434962|Cercocebus_chrysogaster_KC757390;Cercopithecus_aethiops_AY863426|Cercopithecus_neglectus_MW160353;Cercopithecus_diana_KJ434958|Chlorocebus_aethiops_MN816163;Chlorocebus_cynosuros_C3_KU682693|Chlorocebus_cynosuros_KM262190|Chlorocebus_djamdjamensis_C5_KU682695;Allenopithecus_nigroviridis_KJ434962|Cercocebus_chrysogaster_KC757390|Cercopithecus_diana_KJ434958|Chlorocebus_aethiops_MN816163;Cercocebus_atys_KT159932|Cercocebus_torquatus_KJ434959|Cercopithecus_aethiops_AY863426|Cercopithecus_neglectus_MW160353;Cercopithecus_mitis_KJ434956|Chlorocebus_cynosuros_C3_KU682693|Chlorocebus_cynosuros_KM262190|Chlorocebus_djamdjamensis_C5_KU682695;Cercopithecus_lhoesti_KJ434957|Cercopithecus_mitis_KJ434956|Chlorocebus_cynosuros_C3_KU682693|Chlorocebus_cynosuros_KM262190|Chlorocebus_djamdjamensis_C5_KU682695;Cercopithecus_lhoesti_KJ434957|Cercopithecus_mitis_KJ434956|Chlorocebus_aethiops_C1_KU682691|Chlorocebus_cynosuros_C3_KU682693|Chlorocebus_cynosuros_KM262190|Chlorocebus_djamdjamensis_C5_KU682695;Cercopithecus_albogularis_KC757391|Cercopithecus_lhoesti_KJ434957|Cercopithecus_mitis_KJ434956|Chlorocebus_aethiops_C1_KU682691|Chlorocebus_cynosuros_C3_KU682693|Chlorocebus_cynosuros_KM262190|Chlorocebus_djamdjamensis_C5_KU682695,Cercopithecus_albogularis_KC757391|Cercopithecus_mitis_KJ434956;Cercopithecus_diana_KJ434958|Cercopithecus_neglectus_MW160353;Chlorocebus_aethiops_C1_KU682691|Chlorocebus_aethiops_MN816163;Cercocebus_atys_KT159932|Cercocebus_chrysogaster_KC757390|Cercocebus_torquatus_KJ434959;Cercopithecus_aethiops_AY863426|Chlorocebus_aethiops_C1_KU682691|Chlorocebus_aethiops_MN816163;Cercopithecus_albogularis_KC757391|Cercopithecus_lhoesti_KJ434957|Cercopithecus_mitis_KJ434956;Allenopithecus_nigroviridis_KJ434962|Cercocebus_atys_KT159932|Cercocebus_chrysogaster_KC757390|Cercocebus_torquatus_KJ434959;Cercopithecus_aethiops_AY863426|Chlorocebus_aethiops_C1_KU682691|Chlorocebus_aethiops_MN816163|Chlorocebus_cynosuros_C3_KU682693|Chlorocebus_cynosuros_KM262190;Cercopithecus_albogularis_KC757391|Cercopithecus_diana_KJ434958|Cercopithecus_lhoesti_KJ434957|Cercopithecus_mitis_KJ434956|Cercopithecus_neglectus_MW160353;Cercopithecus_aethiops_AY863426|Chlorocebus_aethiops_C1_KU682691|Chlorocebus_aethiops_MN816163|Chlorocebus_cynosuros_C3_KU682693|Chlorocebus_cynosuros_KM262190|Chlorocebus_djamdjamensis_C5_KU682695,0.18098300235965578,0.2035852628207567,0.4222980012206099,0.42445573294629896,0.18040628632897876,0.20192305668658406,0.4530427673135202,0.4321003975736129,15,"{""0"":""Allenopithecus_nigroviridis_KJ434962"",""1"":""Cercocebus_atys_KT159932"",""2"":""Cercocebus_torquatus_KJ434959"",""3"":""Cercocebus_chrysogaster_KC757390"",""4"":""Cercopithecus_aethiops_AY863426"",""5"":""Chlorocebus_aethiops_C1_KU682691"",""6"":""Chlorocebus_aethiops_MN816163"",""7"":""Chlorocebus_cynosuros_C3_KU682693"",""8"":""Chlorocebus_cynosuros_KM262190"",""9"":""Chlorocebus_djamdjamensis_C5_KU682695"",""10"":""Cercopithecus_albogularis_KC757391"",""11"":""Cercopithecus_mitis_KJ434956"",""12"":""Cercopithecus_lhoesti_KJ434957"",""13"":""Cercopithecus_diana_KJ434958"",""14"":""Cercopithecus_neglectus_MW160353""}"
KNN-Impute,85,29,83,KNNimpute_completed_p85_rep29_seed83.csv,knn_impute_outputs/completed_matrices/KNNimpute_completed_p85_rep29_seed83.csv,True,,KNN-Impute_NJ_p85_rep29_seed83.treefile,0.8476190476190476,105,89,16,0,89,5,5,distance,nan_euclidean,0.0674205219845113,0.0571649559065712,0.3019418454475971,0.3040858018386109,0.0031904350034892,True,True,True,0,0,0.0,0.0,24.0,1.0,0.0,12.0,12.0,0.0,0.0,,Allenopithecus_nigroviridis_KJ434962|Cercopithecus_lhoesti_KJ434957;Cercocebus_atys_KT159932|Cercocebus_chrysogaster_KC757390;Cercocebus_torquatus_KJ434959|Chlorocebus_cynosuros_KM262190;Cercopithecus_aethiops_AY863426|Chlorocebus_aethiops_MN816163;Cercopithecus_albogularis_KC757391|Cercopithecus_neglectus_MW160353;Allenopithecus_nigroviridis_KJ434962|Cercopithecus_diana_KJ434958|Cercopithecus_lhoesti_KJ434957;Cercocebus_atys_KT159932|Cercocebus_chrysogaster_KC757390|Cercopithecus_albogularis_KC757391|Cercopithecus_neglectus_MW160353;Allenopithecus_nigroviridis_KJ434962|Cercopithecus_aethiops_AY863426|Cercopithecus_diana_KJ434958|Cercopithecus_lhoesti_KJ434957|Chlorocebus_aethiops_MN816163;Cercocebus_atys_KT159932|Cercocebus_chrysogaster_KC757390|Cercopithecus_albogularis_KC757391|Cercopithecus_mitis_KJ434956|Cercopithecus_neglectus_MW160353;Allenopithecus_nigroviridis_KJ434962|Cercopithecus_aethiops_AY863426|Cercopithecus_diana_KJ434958|Cercopithecus_lhoesti_KJ434957|Chlorocebus_aethiops_C1_KU682691|Chlorocebus_aethiops_MN816163;Cercocebus_atys_KT159932|Cercocebus_chrysogaster_KC757390|Cercopithecus_albogularis_KC757391|Cercopithecus_mitis_KJ434956|Cercopithecus_neglectus_MW160353|Chlorocebus_djamdjamensis_C5_KU682695;Allenopithecus_nigroviridis_KJ434962|Cercopithecus_aethiops_AY863426|Cercopithecus_diana_KJ434958|Cercopithecus_lhoesti_KJ434957|Chlorocebus_aethiops_C1_KU682691|Chlorocebus_aethiops_MN816163|Chlorocebus_cynosuros_C3_KU682693,Cercocebus_atys_KT159932|Cercocebus_torquatus_KJ434959;Cercopithecus_albogularis_KC757391|Cercopithecus_mitis_KJ434956;Cercopithecus_diana_KJ434958|Cercopithecus_neglectus_MW160353;Chlorocebus_aethiops_C1_KU682691|Chlorocebus_aethiops_MN816163;Chlorocebus_cynosuros_C3_KU682693|Chlorocebus_cynosuros_KM262190;Cercocebus_atys_KT159932|Cercocebus_chrysogaster_KC757390|Cercocebus_torquatus_KJ434959;Cercopithecus_aethiops_AY863426|Chlorocebus_aethiops_C1_KU682691|Chlorocebus_aethiops_MN816163;Cercopithecus_albogularis_KC757391|Cercopithecus_lhoesti_KJ434957|Cercopithecus_mitis_KJ434956;Allenopithecus_nigroviridis_KJ434962|Cercocebus_atys_KT159932|Cercocebus_chrysogaster_KC757390|Cercocebus_torquatus_KJ434959;Cercopithecus_aethiops_AY863426|Chlorocebus_aethiops_C1_KU682691|Chlorocebus_aethiops_MN816163|Chlorocebus_cynosuros_C3_KU682693|Chlorocebus_cynosuros_KM262190;Cercopithecus_albogularis_KC757391|Cercopithecus_diana_KJ434958|Cercopithecus_lhoesti_KJ434957|Cercopithecus_mitis_KJ434956|Cercopithecus_neglectus_MW160353;Cercopithecus_aethiops_AY863426|Chlorocebus_aethiops_C1_KU682691|Chlorocebus_aethiops_MN816163|Chlorocebus_cynosuros_C3_KU682693|Chlorocebus_cynosuros_KM262190|Chlorocebus_djamdjamensis_C5_KU682695,0.18505777279455585,0.20776958184041677,0.39003296218334377,0.35768194070080855,0.1814964702217834,0.20483344633036377,0.38038499671155657,0.34607091022185354,15,"{""0"":""Allenopithecus_nigroviridis_KJ434962"",""1"":""Cercocebus_atys_KT159932"",""2"":""Cercocebus_torquatus_KJ434959"",""3"":""Cercocebus_chrysogaster_KC757390"",""4"":""Cercopithecus_aethiops_AY863426"",""5"":""Chlorocebus_aethiops_C1_KU682691"",""6"":""Chlorocebus_aethiops_MN816163"",""7"":""Chlorocebus_cynosuros_C3_KU682693"",""8"":""Chlorocebus_cynosuros_KM262190"",""9"":""Chlorocebus_djamdjamensis_C5_KU682695"",""10"":""Cercopithecus_albogularis_KC757391"",""11"":""Cercopithecus_mitis_KJ434956"",""12"":""Cercopithecus_lhoesti_KJ434957"",""13"":""Cercopithecus_diana_KJ434958"",""14"":""Cercopithecus_neglectus_MW160353""}"
KNN-Impute,85,30,84,KNNimpute_completed_p85_rep30_seed84.csv,knn_impute_outputs/completed_matrices/KNNimpute_completed_p85_rep30_seed84.csv,True,,KNN-Impute_NJ_p85_rep30_seed84.treefile,0.8476190476190476,105,89,16,0,89,5,5,distance,nan_euclidean,0.0654334906867,0.0554466593212642,0.2913553286996298,0.3493360572012258,0.0034232269972562,True,True,True,0,0,0.0,0.0,22.0,0.9166666666666666,1.0,12.0,12.0,0.08333333333333333,0.08333333333333333,0.08333333333333333,Allenopithecus_nigroviridis_KJ434962|Cercopithecus_lhoesti_KJ434957;Cercocebus_atys_KT159932|Cercocebus_chrysogaster_KC757390;Cercopithecus_diana_KJ434958|Cercopithecus_mitis_KJ434956;Chlorocebus_aethiops_MN816163|Chlorocebus_djamdjamensis_C5_KU682695;Cercocebus_atys_KT159932|Cercocebus_chrysogaster_KC757390|Cercopithecus_neglectus_MW160353;Cercopithecus_diana_KJ434958|Cercopithecus_mitis_KJ434956|Chlorocebus_aethiops_C1_KU682691;Chlorocebus_aethiops_MN816163|Chlorocebus_cynosuros_C3_KU682693|Chlorocebus_cynosuros_KM262190|Chlorocebus_djamdjamensis_C5_KU682695;Cercocebus_torquatus_KJ434959|Chlorocebus_aethiops_MN816163|Chlorocebus_cynosuros_C3_KU682693|Chlorocebus_cynosuros_KM262190|Chlorocebus_djamdjamensis_C5_KU682695;Cercocebus_atys_KT159932|Cercocebus_chrysogaster_KC757390|Cercopithecus_diana_KJ434958|Cercopithecus_mitis_KJ434956|Cercopithecus_neglectus_MW160353|Chlorocebus_aethiops_C1_KU682691;Cercocebus_torquatus_KJ434959|Cercopithecus_albogularis_KC757391|Chlorocebus_aethiops_MN816163|Chlorocebus_cynosuros_C3_KU682693|Chlorocebus_cynosuros_KM262190|Chlorocebus_djamdjamensis_C5_KU682695;Cercocebus_atys_KT159932|Cercocebus_chrysogaster_KC757390|Cercopithecus_aethiops_AY863426|Cercopithecus_diana_KJ434958|Cercopithecus_mitis_KJ434956|Cercopithecus_neglectus_MW160353|Chlorocebus_aethiops_C1_KU682691,Cercocebus_atys_KT159932|Cercocebus_torquatus_KJ434959;Cercopithecus_albogularis_KC757391|Cercopithecus_mitis_KJ434956;Cercopithecus_diana_KJ434958|Cercopithecus_neglectus_MW160353;Chlorocebus_aethiops_C1_KU682691|Chlorocebus_aethiops_MN816163;Cercocebus_atys_KT159932|Cercocebus_chrysogaster_KC757390|Cercocebus_torquatus_KJ434959;Cercopithecus_aethiops_AY863426|Chlorocebus_aethiops_C1_KU682691|Chlorocebus_aethiops_MN816163;Cercopithecus_albogularis_KC757391|Cercopithecus_lhoesti_KJ434957|Cercopithecus_mitis_KJ434956;Allenopithecus_nigroviridis_KJ434962|Cercocebus_atys_KT159932|Cercocebus_chrysogaster_KC757390|Cercocebus_torquatus_KJ434959;Cercopithecus_aethiops_AY863426|Chlorocebus_aethiops_C1_KU682691|Chlorocebus_aethiops_MN816163|Chlorocebus_cynosuros_C3_KU682693|Chlorocebus_cynosuros_KM262190;Cercopithecus_albogularis_KC757391|Cercopithecus_diana_KJ434958|Cercopithecus_lhoesti_KJ434957|Cercopithecus_mitis_KJ434956|Cercopithecus_neglectus_MW160353;Cercopithecus_aethiops_AY863426|Chlorocebus_aethiops_C1_KU682691|Chlorocebus_aethiops_MN816163|Chlorocebus_cynosuros_C3_KU682693|Chlorocebus_cynosuros_KM262190|Chlorocebus_djamdjamensis_C5_KU682695,0.18110714078982337,0.20204850736238325,0.3686870671286956,0.3592473564171677,0.18087452051827246,0.20269749057818645,0.36655678440235756,0.35167945262284883,15,"{""0"":""Allenopithecus_nigroviridis_KJ434962"",""1"":""Cercocebus_atys_KT159932"",""2"":""Cercocebus_torquatus_KJ434959"",""3"":""Cercocebus_chrysogaster_KC757390"",""4"":""Cercopithecus_aethiops_AY863426"",""5"":""Chlorocebus_aethiops_C1_KU682691"",""6"":""Chlorocebus_aethiops_MN816163"",""7"":""Chlorocebus_cynosuros_C3_KU682693"",""8"":""Chlorocebus_cynosuros_KM262190"",""9"":""Chlorocebus_djamdjamensis_C5_KU682695"",""10"":""Cercopithecus_albogularis_KC757391"",""11"":""Cercopithecus_mitis_KJ434956"",""12"":""Cercopithecus_lhoesti_KJ434957"",""13"":""Cercopithecus_diana_KJ434958"",""14"":""Cercopithecus_neglectus_MW160353""}"
