method,pct_missing,replicate,mask_seed,file,path,success_tree,error_message_tree,nj_tree_file,missingness_actual,n_pairs_total,n_missing,n_observed,optimized_variables,RMSE_miss,MAE_miss,Pearson_miss,Spearman_miss,runtime_seconds,success,success_numerical,success_valid_matrix,epochs_used,convergence_epoch,Delta_normalized_completed,Delta_relative_to_original,max_abs_error_observed,mean_abs_error_observed,RF,nRF,shared_splits,ref_splits,est_splits,split_precision,split_recall,split_F1,false_positive_splits,false_negative_splits,nj_vs_ML_pat_MAE,nj_vs_ML_pat_RMSE,nj_vs_ML_pat_Pearson,nj_vs_ML_pat_Spearman,input_vs_ML_pat_MAE,input_vs_ML_pat_RMSE,input_vs_ML_pat_Pearson,input_vs_ML_pat_Spearman,n_taxa,matched_matrix_labels_json
Hyb-Adam-UM,30,1,55,HybAdamUM_completed_p30_rep01_seed55.csv,hyb_adam_um_outputs/completed_matrices/HybAdamUM_completed_p30_rep01_seed55.csv,True,,Hyb-Adam-UM_NJ_p30_rep01_seed55.treefile,0.3047619047619048,105,32,73,32,0.0163668067773786,0.0074208887265061,0.954740036850074,0.940615835777126,21.87851676599996,True,True,True,5000,4500,0.0147625818145921,0.7174737751819507,0.0,0.0,0.0,0.0,12.0,12.0,12.0,1.0,1.0,1.0,,,0.4034655127546775,0.45261774365807883,0.9486117406459114,0.9628136014928468,0.40350263701295236,0.45266307136154943,0.9485343586882106,0.9599626788306033,15,"{""0"":""T1"",""1"":""T2"",""2"":""T3"",""3"":""T4"",""4"":""T5"",""5"":""T6"",""6"":""T7"",""7"":""T8"",""8"":""T9"",""9"":""T10"",""10"":""T11"",""11"":""T12"",""12"":""T13"",""13"":""T14"",""14"":""T15""}"
Hyb-Adam-UM,30,2,56,HybAdamUM_completed_p30_rep02_seed56.csv,hyb_adam_um_outputs/completed_matrices/HybAdamUM_completed_p30_rep02_seed56.csv,True,,Hyb-Adam-UM_NJ_p30_rep02_seed56.treefile,0.3047619047619048,105,32,73,32,0.0283782649865765,0.0115154985911921,0.9283946556031272,0.9578445747800584,21.603721935000067,True,True,True,5000,5000,0.0144452059263842,0.692506920314698,0.0,0.0,8.0,0.3333333333333333,8.0,12.0,12.0,0.6666666666666666,0.6666666666666666,0.6666666666666666,T1|T3;T2|T6;T1|T3|T4;T1|T3|T4|T5,T2|T3;T1|T2|T3;T1|T2|T3|T4;T1|T2|T3|T4|T5,0.40550304242945967,0.45353968649772336,0.9705776641775578,0.9792971179763633,0.4054467441558521,0.45336019623173895,0.968817158912968,0.9746941737507775,15,"{""0"":""T1"",""1"":""T2"",""2"":""T3"",""3"":""T4"",""4"":""T5"",""5"":""T6"",""6"":""T7"",""7"":""T8"",""8"":""T9"",""9"":""T10"",""10"":""T11"",""11"":""T12"",""12"":""T13"",""13"":""T14"",""14"":""T15""}"
Hyb-Adam-UM,30,3,57,HybAdamUM_completed_p30_rep03_seed57.csv,hyb_adam_um_outputs/completed_matrices/HybAdamUM_completed_p30_rep03_seed57.csv,True,,Hyb-Adam-UM_NJ_p30_rep03_seed57.treefile,0.3047619047619048,105,32,73,32,0.0232819563131294,0.0124278206862903,0.9190944398697511,0.8929618768328444,21.71777569099993,True,True,True,5000,4500,0.0141674346184985,0.6836721901369713,0.0,0.0,4.0,0.16666666666666666,10.0,12.0,12.0,0.8333333333333334,0.8333333333333334,0.8333333333333334,T10|T11|T12|T13|T14|T15;T1|T2|T3|T4|T5|T6|T9,T7|T8|T9;T10|T7|T8|T9,0.40138744489961375,0.45164695493196766,0.9313365852519987,0.9526643168152602,0.4017345398611158,0.45211740962266683,0.9296522474883624,0.9495023844080447,15,"{""0"":""T1"",""1"":""T2"",""2"":""T3"",""3"":""T4"",""4"":""T5"",""5"":""T6"",""6"":""T7"",""7"":""T8"",""8"":""T9"",""9"":""T10"",""10"":""T11"",""11"":""T12"",""12"":""T13"",""13"":""T14"",""14"":""T15""}"
Hyb-Adam-UM,30,4,58,HybAdamUM_completed_p30_rep04_seed58.csv,hyb_adam_um_outputs/completed_matrices/HybAdamUM_completed_p30_rep04_seed58.csv,True,,Hyb-Adam-UM_NJ_p30_rep04_seed58.treefile,0.3047619047619048,105,32,73,32,0.0151954078986294,0.0068222111588626,0.9497746715046408,0.9354838709677415,21.502903608999983,True,True,True,5000,4500,0.0146774429828106,0.7139168650172952,0.0,0.0,0.0,0.0,12.0,12.0,12.0,1.0,1.0,1.0,,,0.4043827783431441,0.4537499490912734,0.9504088430195919,0.9744142649803027,0.4043353780675342,0.4536166936213965,0.9507745845225193,0.9709827907941115,15,"{""0"":""T1"",""1"":""T2"",""2"":""T3"",""3"":""T4"",""4"":""T5"",""5"":""T6"",""6"":""T7"",""7"":""T8"",""8"":""T9"",""9"":""T10"",""10"":""T11"",""11"":""T12"",""12"":""T13"",""13"":""T14"",""14"":""T15""}"
Hyb-Adam-UM,30,5,59,HybAdamUM_completed_p30_rep05_seed59.csv,hyb_adam_um_outputs/completed_matrices/HybAdamUM_completed_p30_rep05_seed59.csv,True,,Hyb-Adam-UM_NJ_p30_rep05_seed59.treefile,0.3047619047619048,105,32,73,32,0.0115802161038844,0.005941714992662,0.9734522454214524,0.9615102639296188,21.50309881800001,True,True,True,5000,4500,0.0158845422983708,0.7716769167579471,0.0,0.0,6.0,0.25,9.0,12.0,12.0,0.75,0.75,0.75,T13|T15;T8|T9;T10|T8|T9,T14|T15;T7|T8;T7|T8|T9,0.4039152403575276,0.45313567842347097,0.9592991128936189,0.9768297739995854,0.4041906958894141,0.45338263015033153,0.9582834205704598,0.9713352685050798,15,"{""0"":""T1"",""1"":""T2"",""2"":""T3"",""3"":""T4"",""4"":""T5"",""5"":""T6"",""6"":""T7"",""7"":""T8"",""8"":""T9"",""9"":""T10"",""10"":""T11"",""11"":""T12"",""12"":""T13"",""13"":""T14"",""14"":""T15""}"
Hyb-Adam-UM,30,6,60,HybAdamUM_completed_p30_rep06_seed60.csv,hyb_adam_um_outputs/completed_matrices/HybAdamUM_completed_p30_rep06_seed60.csv,True,,Hyb-Adam-UM_NJ_p30_rep06_seed60.treefile,0.3047619047619048,105,32,73,32,0.004755745536723,0.0036527618930544,0.9956434399933742,0.9681085043988268,21.700425389999964,True,True,True,5000,4500,0.0142850877801404,0.6875000571981096,0.0,0.0,0.0,0.0,12.0,12.0,12.0,1.0,1.0,1.0,,,0.40446849527270134,0.45276213787042435,0.9687765405801929,0.9818162969106365,0.4047623746432686,0.4531532752244224,0.9675521978449196,0.976477296288617,15,"{""0"":""T1"",""1"":""T2"",""2"":""T3"",""3"":""T4"",""4"":""T5"",""5"":""T6"",""6"":""T7"",""7"":""T8"",""8"":""T9"",""9"":""T10"",""10"":""T11"",""11"":""T12"",""12"":""T13"",""13"":""T14"",""14"":""T15""}"
Hyb-Adam-UM,30,7,61,HybAdamUM_completed_p30_rep07_seed61.csv,hyb_adam_um_outputs/completed_matrices/HybAdamUM_completed_p30_rep07_seed61.csv,True,,Hyb-Adam-UM_NJ_p30_rep07_seed61.treefile,0.3047619047619048,105,32,73,32,0.0156229597616548,0.0076732657897864,0.9796626940315404,0.9893695014662756,21.474734685000044,True,True,True,5000,5000,0.0144517958483911,0.6929338060488638,0.0,0.0,2.0,0.08333333333333333,11.0,12.0,12.0,0.9166666666666666,0.9166666666666666,0.9166666666666666,T2|T3|T4,T1|T2|T3,0.40502630679683777,0.45358138875051046,0.9791746356189741,0.9761351855691477,0.4049201766279628,0.4532847802441733,0.9789919863777691,0.9768090400165871,15,"{""0"":""T1"",""1"":""T2"",""2"":""T3"",""3"":""T4"",""4"":""T5"",""5"":""T6"",""6"":""T7"",""7"":""T8"",""8"":""T9"",""9"":""T10"",""10"":""T11"",""11"":""T12"",""12"":""T13"",""13"":""T14"",""14"":""T15""}"
Hyb-Adam-UM,30,8,62,HybAdamUM_completed_p30_rep08_seed62.csv,hyb_adam_um_outputs/completed_matrices/HybAdamUM_completed_p30_rep08_seed62.csv,True,,Hyb-Adam-UM_NJ_p30_rep08_seed62.treefile,0.3047619047619048,105,32,73,32,0.0097792875314391,0.0054128529278566,0.9717930782879954,0.9039589442815248,21.926042354999936,True,True,True,5000,5000,0.0159307971097592,0.7804113759193194,0.0,0.0,4.0,0.16666666666666666,10.0,12.0,12.0,0.8333333333333334,0.8333333333333334,0.8333333333333334,T13|T15;T7|T9,T14|T15;T7|T8,0.40407615601241625,0.45259303141780083,0.9658088053634414,0.986688782915198,0.4043908863307655,0.45306757368015155,0.961928572811587,0.9623678208583869,15,"{""0"":""T1"",""1"":""T2"",""2"":""T3"",""3"":""T4"",""4"":""T5"",""5"":""T6"",""6"":""T7"",""7"":""T8"",""8"":""T9"",""9"":""T10"",""10"":""T11"",""11"":""T12"",""12"":""T13"",""13"":""T14"",""14"":""T15""}"
Hyb-Adam-UM,30,9,63,HybAdamUM_completed_p30_rep09_seed63.csv,hyb_adam_um_outputs/completed_matrices/HybAdamUM_completed_p30_rep09_seed63.csv,True,,Hyb-Adam-UM_NJ_p30_rep09_seed63.treefile,0.3047619047619048,105,32,73,32,0.0173509805182748,0.0082483138158323,0.9727725031237212,0.9732404692082112,21.83947251699999,True,True,True,5000,4500,0.0147699136172677,0.7180451867347815,0.0,0.0,6.0,0.25,9.0,12.0,12.0,0.75,0.75,0.75,T1|T2;T3|T4;T7|T9,T2|T3;T7|T8;T1|T2|T3,0.40442640966285875,0.4529007227297315,0.9779573740246975,0.986232635289239,0.40498304329240586,0.4532474675295525,0.9741982680404231,0.9759278457391665,15,"{""0"":""T1"",""1"":""T2"",""2"":""T3"",""3"":""T4"",""4"":""T5"",""5"":""T6"",""6"":""T7"",""7"":""T8"",""8"":""T9"",""9"":""T10"",""10"":""T11"",""11"":""T12"",""12"":""T13"",""13"":""T14"",""14"":""T15""}"
Hyb-Adam-UM,30,10,64,HybAdamUM_completed_p30_rep10_seed64.csv,hyb_adam_um_outputs/completed_matrices/HybAdamUM_completed_p30_rep10_seed64.csv,True,,Hyb-Adam-UM_NJ_p30_rep10_seed64.treefile,0.3047619047619048,105,32,73,32,0.0342560743515343,0.0188326116744519,0.9265898941152944,0.9490469208211144,21.68857567400005,True,True,True,5000,4500,0.0124780965183015,0.5971095598347257,0.0,0.0,8.0,0.3333333333333333,8.0,12.0,12.0,0.6666666666666666,0.6666666666666666,0.6666666666666666,T1|T2;T4|T6;T1|T2|T5;T1|T2|T3|T5,T2|T3;T1|T2|T3;T1|T2|T3|T4;T1|T2|T3|T4|T5,0.40397588594824224,0.45339125305886313,0.9594114392570625,0.970588845117147,0.40405396594481713,0.4532944578158016,0.9576175263302809,0.9654468173336097,15,"{""0"":""T1"",""1"":""T2"",""2"":""T3"",""3"":""T4"",""4"":""T5"",""5"":""T6"",""6"":""T7"",""7"":""T8"",""8"":""T9"",""9"":""T10"",""10"":""T11"",""11"":""T12"",""12"":""T13"",""13"":""T14"",""14"":""T15""}"
Hyb-Adam-UM,30,11,65,HybAdamUM_completed_p30_rep11_seed65.csv,hyb_adam_um_outputs/completed_matrices/HybAdamUM_completed_p30_rep11_seed65.csv,True,,Hyb-Adam-UM_NJ_p30_rep11_seed65.treefile,0.3047619047619048,105,32,73,32,0.0169296524124472,0.0082043570189356,0.9236122597820892,0.9431818181818182,21.74029348500005,True,True,True,5000,5000,0.0146625734929126,0.7134390041131583,0.0,0.0,4.0,0.16666666666666666,10.0,12.0,12.0,0.8333333333333334,0.8333333333333334,0.8333333333333334,T7|T9;T10|T7|T9,T7|T8;T7|T8|T9,0.40373597072717327,0.4533657615584451,0.9492558283659654,0.9708169189301264,0.40390713809850626,0.4536411340760132,0.9472452657336323,0.9614244246319718,15,"{""0"":""T1"",""1"":""T2"",""2"":""T3"",""3"":""T4"",""4"":""T5"",""5"":""T6"",""6"":""T7"",""7"":""T8"",""8"":""T9"",""9"":""T10"",""10"":""T11"",""11"":""T12"",""12"":""T13"",""13"":""T14"",""14"":""T15""}"
Hyb-Adam-UM,30,12,66,HybAdamUM_completed_p30_rep12_seed66.csv,hyb_adam_um_outputs/completed_matrices/HybAdamUM_completed_p30_rep12_seed66.csv,True,,Hyb-Adam-UM_NJ_p30_rep12_seed66.treefile,0.3047619047619048,105,32,73,32,0.0190129266771235,0.0094562259289031,0.9701516209812976,0.966642228739003,21.759927981000036,True,True,True,5000,5000,0.0151836359381517,0.751955553369631,0.0,0.0,2.0,0.08333333333333333,11.0,12.0,12.0,0.9166666666666666,0.9166666666666666,0.9166666666666666,T1|T2|T3|T5,T1|T2|T3|T4,0.403103833307042,0.45342121787824363,0.971187527820382,0.9781982168774621,0.4037643445794513,0.45343879040976326,0.9676870305707086,0.9750777524362431,15,"{""0"":""T1"",""1"":""T2"",""2"":""T3"",""3"":""T4"",""4"":""T5"",""5"":""T6"",""6"":""T7"",""7"":""T8"",""8"":""T9"",""9"":""T10"",""10"":""T11"",""11"":""T12"",""12"":""T13"",""13"":""T14"",""14"":""T15""}"
Hyb-Adam-UM,30,13,67,HybAdamUM_completed_p30_rep13_seed67.csv,hyb_adam_um_outputs/completed_matrices/HybAdamUM_completed_p30_rep13_seed67.csv,True,,Hyb-Adam-UM_NJ_p30_rep13_seed67.treefile,0.3047619047619048,105,32,73,32,0.0313233693335918,0.0164693360814017,0.9178956030919188,0.943548387096774,20.81354047299999,True,True,True,5000,4500,0.0129215783318245,0.6193140338944415,0.0,0.0,8.0,0.3333333333333333,8.0,12.0,12.0,0.6666666666666666,0.6666666666666666,0.6666666666666666,T1|T3;T2|T4;T1|T3|T5;T11|T13|T14|T15,T11|T12;T2|T3;T1|T2|T3;T1|T2|T3|T4,0.4040689276614755,0.4535347742664693,0.9626806454523976,0.9672092058884512,0.40425421255670585,0.4536352757243323,0.9613370325686726,0.9639021356002488,15,"{""0"":""T1"",""1"":""T2"",""2"":""T3"",""3"":""T4"",""4"":""T5"",""5"":""T6"",""6"":""T7"",""7"":""T8"",""8"":""T9"",""9"":""T10"",""10"":""T11"",""11"":""T12"",""12"":""T13"",""13"":""T14"",""14"":""T15""}"
Hyb-Adam-UM,30,14,68,HybAdamUM_completed_p30_rep14_seed68.csv,hyb_adam_um_outputs/completed_matrices/HybAdamUM_completed_p30_rep14_seed68.csv,True,,Hyb-Adam-UM_NJ_p30_rep14_seed68.treefile,0.3047619047619048,105,32,73,32,0.0053237606258168,0.0041620088689763,0.9948671213601968,0.9754398826979472,21.809496227000068,True,True,True,5000,4500,0.0160523790462066,0.7838306938582309,0.0,0.0,0.0,0.0,12.0,12.0,12.0,1.0,1.0,1.0,,,0.4047012087876533,0.4532800814196893,0.9667781755440031,0.9810802405142027,0.40493769065902596,0.4535569063058601,0.965774971003466,0.9772651876425461,15,"{""0"":""T1"",""1"":""T2"",""2"":""T3"",""3"":""T4"",""4"":""T5"",""5"":""T6"",""6"":""T7"",""7"":""T8"",""8"":""T9"",""9"":""T10"",""10"":""T11"",""11"":""T12"",""12"":""T13"",""13"":""T14"",""14"":""T15""}"
Hyb-Adam-UM,30,15,69,HybAdamUM_completed_p30_rep15_seed69.csv,hyb_adam_um_outputs/completed_matrices/HybAdamUM_completed_p30_rep15_seed69.csv,True,,Hyb-Adam-UM_NJ_p30_rep15_seed69.treefile,0.3047619047619048,105,32,73,32,0.0155604829359624,0.0059346968052827,0.944757098342729,0.944648093841642,21.59844194300001,True,True,True,5000,5000,0.0159694914601214,0.7841809673210596,0.0,0.0,2.0,0.08333333333333333,11.0,12.0,12.0,0.9166666666666666,0.9166666666666666,0.9166666666666666,T11|T13|T14|T15,T11|T12,0.40456980706674983,0.4536960657379666,0.9529583326692573,0.9714493054115695,0.4043551306471792,0.45348701808358427,0.9519936706036116,0.9691270993157785,15,"{""0"":""T1"",""1"":""T2"",""2"":""T3"",""3"":""T4"",""4"":""T5"",""5"":""T6"",""6"":""T7"",""7"":""T8"",""8"":""T9"",""9"":""T10"",""10"":""T11"",""11"":""T12"",""12"":""T13"",""13"":""T14"",""14"":""T15""}"
Hyb-Adam-UM,30,16,70,HybAdamUM_completed_p30_rep16_seed70.csv,hyb_adam_um_outputs/completed_matrices/HybAdamUM_completed_p30_rep16_seed70.csv,True,,Hyb-Adam-UM_NJ_p30_rep16_seed70.treefile,0.3047619047619048,105,32,73,32,0.0206771356505839,0.0108726170433852,0.9307151344285616,0.8526392961876832,21.536302523000018,True,True,True,5000,5000,0.0143161029630506,0.6883169054222641,0.0,0.0,6.0,0.25,9.0,12.0,12.0,0.75,0.75,0.75,T1|T3;T13|T14;T8|T9,T14|T15;T2|T3;T7|T8,0.40282281493764804,0.4519708174431447,0.9510326704819773,0.9586357039187228,0.4033767616091795,0.4523457348625044,0.9504338394309151,0.9494401824590503,15,"{""0"":""T1"",""1"":""T2"",""2"":""T3"",""3"":""T4"",""4"":""T5"",""5"":""T6"",""6"":""T7"",""7"":""T8"",""8"":""T9"",""9"":""T10"",""10"":""T11"",""11"":""T12"",""12"":""T13"",""13"":""T14"",""14"":""T15""}"
Hyb-Adam-UM,30,17,71,HybAdamUM_completed_p30_rep17_seed71.csv,hyb_adam_um_outputs/completed_matrices/HybAdamUM_completed_p30_rep17_seed71.csv,True,,Hyb-Adam-UM_NJ_p30_rep17_seed71.treefile,0.3047619047619048,105,32,73,32,0.0053439844681646,0.0042147175031747,0.9943790953706628,0.9230205278592372,21.56446332600001,True,True,True,5000,4500,0.0160760798006392,0.7819722432918389,0.0,0.0,0.0,0.0,12.0,12.0,12.0,1.0,1.0,1.0,,,0.4050509555204435,0.45375317929432607,0.964718204364673,0.9780219780219779,0.4050929860117802,0.45377129201423905,0.9636713959124839,0.9693655401202571,15,"{""0"":""T1"",""1"":""T2"",""2"":""T3"",""3"":""T4"",""4"":""T5"",""5"":""T6"",""6"":""T7"",""7"":""T8"",""8"":""T9"",""9"":""T10"",""10"":""T11"",""11"":""T12"",""12"":""T13"",""13"":""T14"",""14"":""T15""}"
Hyb-Adam-UM,30,18,72,HybAdamUM_completed_p30_rep18_seed72.csv,hyb_adam_um_outputs/completed_matrices/HybAdamUM_completed_p30_rep18_seed72.csv,True,,Hyb-Adam-UM_NJ_p30_rep18_seed72.treefile,0.3047619047619048,105,32,73,32,0.0056698684151702,0.0045486663277799,0.9946849807445446,0.9699413489736072,21.67545044999997,True,True,True,5000,4500,0.0136679127340757,0.6578611991561226,0.0,0.0,2.0,0.08333333333333333,11.0,12.0,12.0,0.9166666666666666,0.9166666666666666,0.9166666666666666,T7|T9,T7|T8,0.40497422762519936,0.45358495315918096,0.9662840618589308,0.9830085009330292,0.40501530426153437,0.45365416661638747,0.9656607911633234,0.9765498652291105,15,"{""0"":""T1"",""1"":""T2"",""2"":""T3"",""3"":""T4"",""4"":""T5"",""5"":""T6"",""6"":""T7"",""7"":""T8"",""8"":""T9"",""9"":""T10"",""10"":""T11"",""11"":""T12"",""12"":""T13"",""13"":""T14"",""14"":""T15""}"
Hyb-Adam-UM,30,19,73,HybAdamUM_completed_p30_rep19_seed73.csv,hyb_adam_um_outputs/completed_matrices/HybAdamUM_completed_p30_rep19_seed73.csv,True,,Hyb-Adam-UM_NJ_p30_rep19_seed73.treefile,0.3047619047619048,105,32,73,32,0.0097028082826708,0.0053123572260639,0.9881911920370698,0.9853372434017592,21.735110266999985,True,True,True,5000,5000,0.013777532949983,0.6591674290188708,0.0,0.0,2.0,0.08333333333333333,11.0,12.0,12.0,0.9166666666666666,0.9166666666666666,0.9166666666666666,T1|T3,T2|T3,0.40535803592311387,0.4536805622059709,0.9724787268534776,0.9785299606054323,0.4050614873177006,0.45322893616988247,0.9727060153500342,0.973678208583869,15,"{""0"":""T1"",""1"":""T2"",""2"":""T3"",""3"":""T4"",""4"":""T5"",""5"":""T6"",""6"":""T7"",""7"":""T8"",""8"":""T9"",""9"":""T10"",""10"":""T11"",""11"":""T12"",""12"":""T13"",""13"":""T14"",""14"":""T15""}"
Hyb-Adam-UM,30,20,74,HybAdamUM_completed_p30_rep20_seed74.csv,hyb_adam_um_outputs/completed_matrices/HybAdamUM_completed_p30_rep20_seed74.csv,True,,Hyb-Adam-UM_NJ_p30_rep20_seed74.treefile,0.3047619047619048,105,32,73,32,0.010067993920725,0.0060104039454195,0.9719816941009352,0.8907624633431085,21.88513031699995,True,True,True,5000,4500,0.0141825452160824,0.6859523668302047,0.0,0.0,2.0,0.08333333333333333,11.0,12.0,12.0,0.9166666666666666,0.9166666666666666,0.9166666666666666,T13|T15,T14|T15,0.4040471426424937,0.45266144172690387,0.960456623112126,0.9604913953970557,0.40434782631806226,0.4530705789949346,0.9589437332170557,0.9571843251088533,15,"{""0"":""T1"",""1"":""T2"",""2"":""T3"",""3"":""T4"",""4"":""T5"",""5"":""T6"",""6"":""T7"",""7"":""T8"",""8"":""T9"",""9"":""T10"",""10"":""T11"",""11"":""T12"",""12"":""T13"",""13"":""T14"",""14"":""T15""}"
Hyb-Adam-UM,30,21,75,HybAdamUM_completed_p30_rep21_seed75.csv,hyb_adam_um_outputs/completed_matrices/HybAdamUM_completed_p30_rep21_seed75.csv,True,,Hyb-Adam-UM_NJ_p30_rep21_seed75.treefile,0.3047619047619048,105,32,73,32,0.0135920395726016,0.0072517857806588,0.969450640648203,0.8995601173020527,21.81011628300007,True,True,True,5000,4500,0.0132748800599086,0.647825430146153,0.0,0.0,4.0,0.16666666666666666,10.0,12.0,12.0,0.8333333333333334,0.8333333333333334,0.8333333333333334,T1|T2;T13|T15,T14|T15;T2|T3,0.4050093576200104,0.45338527134434026,0.9685273773555441,0.9698113207547169,0.404796713193211,0.4530542964059971,0.9667375738320184,0.9583039601907526,15,"{""0"":""T1"",""1"":""T2"",""2"":""T3"",""3"":""T4"",""4"":""T5"",""5"":""T6"",""6"":""T7"",""7"":""T8"",""8"":""T9"",""9"":""T10"",""10"":""T11"",""11"":""T12"",""12"":""T13"",""13"":""T14"",""14"":""T15""}"
Hyb-Adam-UM,30,22,76,HybAdamUM_completed_p30_rep22_seed76.csv,hyb_adam_um_outputs/completed_matrices/HybAdamUM_completed_p30_rep22_seed76.csv,True,,Hyb-Adam-UM_NJ_p30_rep22_seed76.treefile,0.3047619047619048,105,32,73,32,0.0091599530757637,0.0056448211465347,0.9786515122159832,0.9285190615835776,21.959785757999956,True,True,True,5000,4500,0.0157030214631326,0.7677897721208894,0.0,0.0,2.0,0.08333333333333333,11.0,12.0,12.0,0.9166666666666666,0.9166666666666666,0.9166666666666666,T13|T15,T14|T15,0.404949078831443,0.4535969793981256,0.9645603047015322,0.9808417997097242,0.4051091097182008,0.45382370032351527,0.9614599887925925,0.9662865436450342,15,"{""0"":""T1"",""1"":""T2"",""2"":""T3"",""3"":""T4"",""4"":""T5"",""5"":""T6"",""6"":""T7"",""7"":""T8"",""8"":""T9"",""9"":""T10"",""10"":""T11"",""11"":""T12"",""12"":""T13"",""13"":""T14"",""14"":""T15""}"
Hyb-Adam-UM,30,23,77,HybAdamUM_completed_p30_rep23_seed77.csv,hyb_adam_um_outputs/completed_matrices/HybAdamUM_completed_p30_rep23_seed77.csv,True,,Hyb-Adam-UM_NJ_p30_rep23_seed77.treefile,0.3047619047619048,105,32,73,32,0.0113267356062995,0.0068643712101515,0.9686880700415428,0.8533724340175952,21.733285269999897,True,True,True,5000,4500,0.0157066466975918,0.7790375758978361,0.0,0.0,2.0,0.08333333333333333,11.0,12.0,12.0,0.9166666666666666,0.9166666666666666,0.9166666666666666,T13|T14,T14|T15,0.40476632498866016,0.453581721547475,0.9580608533816859,0.9536284470246733,0.40475133301121546,0.4535374654829159,0.957115359193936,0.9504146796599626,15,"{""0"":""T1"",""1"":""T2"",""2"":""T3"",""3"":""T4"",""4"":""T5"",""5"":""T6"",""6"":""T7"",""7"":""T8"",""8"":""T9"",""9"":""T10"",""10"":""T11"",""11"":""T12"",""12"":""T13"",""13"":""T14"",""14"":""T15""}"
Hyb-Adam-UM,30,24,78,HybAdamUM_completed_p30_rep24_seed78.csv,hyb_adam_um_outputs/completed_matrices/HybAdamUM_completed_p30_rep24_seed78.csv,True,,Hyb-Adam-UM_NJ_p30_rep24_seed78.treefile,0.3047619047619048,105,32,73,32,0.0243116039364268,0.0101224368514223,0.9425853236534028,0.9560117302052784,21.620816786999967,True,True,True,5000,5000,0.015262097768766,0.7387835474769541,0.0,0.0,6.0,0.25,9.0,12.0,12.0,0.75,0.75,0.75,T1|T2;T1|T2|T4;T1|T2|T4|T5,T2|T3;T1|T2|T3;T1|T2|T3|T4,0.4060118478920757,0.45413511592648625,0.9738880983036188,0.9798569355173128,0.4060098386868291,0.45394816523379206,0.9730374468331354,0.97399958532034,15,"{""0"":""T1"",""1"":""T2"",""2"":""T3"",""3"":""T4"",""4"":""T5"",""5"":""T6"",""6"":""T7"",""7"":""T8"",""8"":""T9"",""9"":""T10"",""10"":""T11"",""11"":""T12"",""12"":""T13"",""13"":""T14"",""14"":""T15""}"
Hyb-Adam-UM,30,25,79,HybAdamUM_completed_p30_rep25_seed79.csv,hyb_adam_um_outputs/completed_matrices/HybAdamUM_completed_p30_rep25_seed79.csv,True,,Hyb-Adam-UM_NJ_p30_rep25_seed79.treefile,0.3047619047619048,105,32,73,32,0.0153376749842011,0.0062797792072928,0.9580587164767872,0.9538123167155425,21.56295021799997,True,True,True,5000,5000,0.0153211409189569,0.746663558577347,0.0,0.0,0.0,0.0,12.0,12.0,12.0,1.0,1.0,1.0,,,0.4041091574838153,0.4531129113986826,0.9534534899965034,0.9770889487870619,0.4040741327589255,0.4531321445900798,0.9525879128545172,0.9712212315985901,15,"{""0"":""T1"",""1"":""T2"",""2"":""T3"",""3"":""T4"",""4"":""T5"",""5"":""T6"",""6"":""T7"",""7"":""T8"",""8"":""T9"",""9"":""T10"",""10"":""T11"",""11"":""T12"",""12"":""T13"",""13"":""T14"",""14"":""T15""}"
Hyb-Adam-UM,30,26,80,HybAdamUM_completed_p30_rep26_seed80.csv,hyb_adam_um_outputs/completed_matrices/HybAdamUM_completed_p30_rep26_seed80.csv,True,,Hyb-Adam-UM_NJ_p30_rep26_seed80.treefile,0.3047619047619048,105,32,73,32,0.0207649212813826,0.0086368087223991,0.9418349843897224,0.9505131964809382,21.68736005300002,True,True,True,5000,5000,0.0159762967298398,0.7738163919077018,0.0,0.0,4.0,0.16666666666666666,10.0,12.0,12.0,0.8333333333333334,0.8333333333333334,0.8333333333333334,T1|T3;T1|T3|T4,T2|T3;T1|T2|T3,0.40454766810388215,0.4531838451165612,0.9637208675428071,0.9726104084594651,0.40440942299294125,0.45295984604964734,0.9628344936150474,0.9689508604602943,15,"{""0"":""T1"",""1"":""T2"",""2"":""T3"",""3"":""T4"",""4"":""T5"",""5"":""T6"",""6"":""T7"",""7"":""T8"",""8"":""T9"",""9"":""T10"",""10"":""T11"",""11"":""T12"",""12"":""T13"",""13"":""T14"",""14"":""T15""}"
Hyb-Adam-UM,30,27,81,HybAdamUM_completed_p30_rep27_seed81.csv,hyb_adam_um_outputs/completed_matrices/HybAdamUM_completed_p30_rep27_seed81.csv,True,,Hyb-Adam-UM_NJ_p30_rep27_seed81.treefile,0.3047619047619048,105,32,73,32,0.0044676321781759,0.0036187510854239,0.9957702959645366,0.972140762463343,21.30919402200016,True,True,True,5000,5000,0.0161433687664016,0.7873284972668674,0.0,0.0,0.0,0.0,12.0,12.0,12.0,1.0,1.0,1.0,,,0.4047125230480147,0.4529606691357057,0.9694220625137099,0.9842110719469209,0.40502129139446874,0.4533794107483216,0.9674062924101857,0.9796081277213352,15,"{""0"":""T1"",""1"":""T2"",""2"":""T3"",""3"":""T4"",""4"":""T5"",""5"":""T6"",""6"":""T7"",""7"":""T8"",""8"":""T9"",""9"":""T10"",""10"":""T11"",""11"":""T12"",""12"":""T13"",""13"":""T14"",""14"":""T15""}"
Hyb-Adam-UM,30,28,82,HybAdamUM_completed_p30_rep28_seed82.csv,hyb_adam_um_outputs/completed_matrices/HybAdamUM_completed_p30_rep28_seed82.csv,True,,Hyb-Adam-UM_NJ_p30_rep28_seed82.treefile,0.3047619047619048,105,32,73,32,0.0117802047583971,0.0062553720097638,0.9801053476412834,0.9545454545454544,21.818635735000043,True,True,True,5000,5000,0.0153154541304105,0.7401711119451352,0.0,0.0,2.0,0.08333333333333333,11.0,12.0,12.0,0.9166666666666666,0.9166666666666666,0.9166666666666666,T1|T3,T2|T3,0.40511619168736307,0.45342137850150077,0.9696366629591344,0.9685776487663279,0.40494148092716503,0.4531744353168938,0.9691747361842792,0.9625544267053701,15,"{""0"":""T1"",""1"":""T2"",""2"":""T3"",""3"":""T4"",""4"":""T5"",""5"":""T6"",""6"":""T7"",""7"":""T8"",""8"":""T9"",""9"":""T10"",""10"":""T11"",""11"":""T12"",""12"":""T13"",""13"":""T14"",""14"":""T15""}"
Hyb-Adam-UM,30,29,83,HybAdamUM_completed_p30_rep29_seed83.csv,hyb_adam_um_outputs/completed_matrices/HybAdamUM_completed_p30_rep29_seed83.csv,True,,Hyb-Adam-UM_NJ_p30_rep29_seed83.treefile,0.3047619047619048,105,32,73,32,0.0173976797277135,0.008723436278424,0.969420902485288,0.9802052785923752,21.605848873000014,True,True,True,5000,5000,0.0158631377698593,0.8032946152178312,0.0,0.0,4.0,0.16666666666666666,10.0,12.0,12.0,0.8333333333333334,0.8333333333333334,0.8333333333333334,T1|T4;T10|T7|T8,T1|T2|T3;T7|T8|T9,0.40266842340377595,0.4524113515868662,0.9692116228669092,0.9819199668256272,0.40337128653817333,0.45276205794995966,0.9623513141482762,0.9754924320962056,15,"{""0"":""T1"",""1"":""T2"",""2"":""T3"",""3"":""T4"",""4"":""T5"",""5"":""T6"",""6"":""T7"",""7"":""T8"",""8"":""T9"",""9"":""T10"",""10"":""T11"",""11"":""T12"",""12"":""T13"",""13"":""T14"",""14"":""T15""}"
Hyb-Adam-UM,30,30,84,HybAdamUM_completed_p30_rep30_seed84.csv,hyb_adam_um_outputs/completed_matrices/HybAdamUM_completed_p30_rep30_seed84.csv,True,,Hyb-Adam-UM_NJ_p30_rep30_seed84.treefile,0.3047619047619048,105,32,73,32,0.022954770834418,0.0120220518236494,0.9096508634453316,0.8621700879765395,21.50143367599981,True,True,True,5000,5000,0.0152864729803908,0.7520605789836206,0.0,0.0,4.0,0.16666666666666666,10.0,12.0,12.0,0.8333333333333334,0.8333333333333334,0.8333333333333334,T10|T8;T7|T9,T7|T8;T7|T8|T9,0.4024759294869318,0.45276603836068036,0.9346818012653401,0.9510470661414058,0.4023246649662456,0.45264880672799807,0.9327156606176928,0.9432303545511093,15,"{""0"":""T1"",""1"":""T2"",""2"":""T3"",""3"":""T4"",""4"":""T5"",""5"":""T6"",""6"":""T7"",""7"":""T8"",""8"":""T9"",""9"":""T10"",""10"":""T11"",""11"":""T12"",""12"":""T13"",""13"":""T14"",""14"":""T15""}"
Hyb-Adam-UM,50,1,55,HybAdamUM_completed_p50_rep01_seed55.csv,hyb_adam_um_outputs/completed_matrices/HybAdamUM_completed_p50_rep01_seed55.csv,True,,Hyb-Adam-UM_NJ_p50_rep01_seed55.treefile,0.4952380952380952,105,52,53,52,0.0398304798260423,0.0221213002759795,0.8562976683347335,0.8560573721506018,35.066856417000054,True,True,True,5000,4500,0.0089924832163536,0.4304833764765507,0.0,0.0,10.0,0.4166666666666667,7.0,12.0,12.0,0.5833333333333334,0.5833333333333334,0.5833333333333334,T1|T2;T1|T2|T6;T1|T2|T3|T6;T10|T5|T7|T8|T9;T11|T12|T13|T14|T15|T4,T2|T3;T1|T2|T3;T1|T2|T3|T4;T1|T2|T3|T4|T5;T1|T2|T3|T4|T5|T6,0.40127730333859457,0.45162094994122315,0.912470136211774,0.9342940078789135,0.4014158847071115,0.45165596053699714,0.9094507930030326,0.9145137880986937,15,"{""0"":""T1"",""1"":""T2"",""2"":""T3"",""3"":""T4"",""4"":""T5"",""5"":""T6"",""6"":""T7"",""7"":""T8"",""8"":""T9"",""9"":""T10"",""10"":""T11"",""11"":""T12"",""12"":""T13"",""13"":""T14"",""14"":""T15""}"
Hyb-Adam-UM,50,2,56,HybAdamUM_completed_p50_rep02_seed56.csv,hyb_adam_um_outputs/completed_matrices/HybAdamUM_completed_p50_rep02_seed56.csv,True,,Hyb-Adam-UM_NJ_p50_rep02_seed56.treefile,0.4952380952380952,105,52,53,52,0.0300481254185161,0.015114781808856,0.9433336676152104,0.92999231622983,35.02622538200012,True,True,True,5000,5000,0.0099022855064747,0.4767577968045653,0.0,0.0,12.0,0.5,6.0,12.0,12.0,0.5,0.5,0.5,T1|T3;T10|T8;T2|T4;T7|T9;T1|T3|T5;T2|T4|T6,T2|T3;T7|T8;T1|T2|T3;T7|T8|T9;T1|T2|T3|T4;T1|T2|T3|T4|T5,0.40320999378448924,0.4532407080372393,0.959808854280271,0.9779286750984864,0.4034161650760726,0.45337685406288775,0.9536993522392281,0.9577130416753058,15,"{""0"":""T1"",""1"":""T2"",""2"":""T3"",""3"":""T4"",""4"":""T5"",""5"":""T6"",""6"":""T7"",""7"":""T8"",""8"":""T9"",""9"":""T10"",""10"":""T11"",""11"":""T12"",""12"":""T13"",""13"":""T14"",""14"":""T15""}"
Hyb-Adam-UM,50,3,57,HybAdamUM_completed_p50_rep03_seed57.csv,hyb_adam_um_outputs/completed_matrices/HybAdamUM_completed_p50_rep03_seed57.csv,True,,Hyb-Adam-UM_NJ_p50_rep03_seed57.treefile,0.4952380952380952,105,52,53,52,0.0218663516791615,0.0127382940281952,0.9190319882102038,0.872022539059165,35.03091557800008,True,True,True,5000,4500,0.0093511838338161,0.4440555805328019,0.0,0.0,8.0,0.3333333333333333,8.0,12.0,12.0,0.6666666666666666,0.6666666666666666,0.6666666666666666,T1|T2|T3|T4|T6;T10|T11|T12|T13|T14|T15;T1|T2|T3|T4|T5|T6|T7;T10|T11|T12|T13|T14|T15|T8,T7|T8;T7|T8|T9;T10|T7|T8|T9;T1|T2|T3|T4|T5,0.39972873319488894,0.45126061227852304,0.917527121467269,0.931743727970143,0.4002028668059162,0.45192119493907773,0.9157276036780096,0.9273066556085423,15,"{""0"":""T1"",""1"":""T2"",""2"":""T3"",""3"":""T4"",""4"":""T5"",""5"":""T6"",""6"":""T7"",""7"":""T8"",""8"":""T9"",""9"":""T10"",""10"":""T11"",""11"":""T12"",""12"":""T13"",""13"":""T14"",""14"":""T15""}"
Hyb-Adam-UM,50,4,58,HybAdamUM_completed_p50_rep04_seed58.csv,hyb_adam_um_outputs/completed_matrices/HybAdamUM_completed_p50_rep04_seed58.csv,True,,Hyb-Adam-UM_NJ_p50_rep04_seed58.treefile,0.4952380952380952,105,52,53,52,0.0160007566480538,0.0082692261465267,0.9646030324860764,0.9514214974814308,35.65766845500002,True,True,True,5000,5000,0.0103053540169581,0.48837949586828,0.0,0.0,6.0,0.25,9.0,12.0,12.0,0.75,0.75,0.75,T1|T3;T11|T13|T14|T15;T1|T2|T3|T4|T6,T11|T12;T2|T3;T1|T2|T3|T4|T5,0.40339285534743624,0.45305666495651026,0.953911484005065,0.9680592991913746,0.4037266539693573,0.4533086203839384,0.9527194905950789,0.9639125025917478,15,"{""0"":""T1"",""1"":""T2"",""2"":""T3"",""3"":""T4"",""4"":""T5"",""5"":""T6"",""6"":""T7"",""7"":""T8"",""8"":""T9"",""9"":""T10"",""10"":""T11"",""11"":""T12"",""12"":""T13"",""13"":""T14"",""14"":""T15""}"
Hyb-Adam-UM,50,5,59,HybAdamUM_completed_p50_rep05_seed59.csv,hyb_adam_um_outputs/completed_matrices/HybAdamUM_completed_p50_rep05_seed59.csv,True,,Hyb-Adam-UM_NJ_p50_rep05_seed59.treefile,0.4952380952380952,105,52,53,52,0.0191716358969419,0.0097048765367914,0.9354265292855722,0.8936224707589856,34.010571460000165,True,True,True,5000,4500,0.011200358789427,0.545060391787536,0.0,0.0,10.0,0.4166666666666667,7.0,12.0,12.0,0.5833333333333334,0.5833333333333334,0.5833333333333334,T13|T15;T8|T9;T10|T8|T9;T11|T13|T14|T15;T1|T2|T3|T4|T5|T6|T7,T11|T12;T14|T15;T7|T8;T7|T8|T9;T10|T7|T8|T9,0.4022970295745092,0.4529993578604911,0.9262164281982521,0.93377565830396,0.4024928511147312,0.4531768872153866,0.925996575925903,0.9348123574538668,15,"{""0"":""T1"",""1"":""T2"",""2"":""T3"",""3"":""T4"",""4"":""T5"",""5"":""T6"",""6"":""T7"",""7"":""T8"",""8"":""T9"",""9"":""T10"",""10"":""T11"",""11"":""T12"",""12"":""T13"",""13"":""T14"",""14"":""T15""}"
Hyb-Adam-UM,50,6,60,HybAdamUM_completed_p50_rep06_seed60.csv,hyb_adam_um_outputs/completed_matrices/HybAdamUM_completed_p50_rep06_seed60.csv,True,,Hyb-Adam-UM_NJ_p50_rep06_seed60.treefile,0.4952380952380952,105,52,53,52,0.0091268287509888,0.005271040018464,0.9839384429972912,0.9215401690429436,34.880140926000195,True,True,True,5000,4500,0.011772054436355,0.566267676771661,0.0,0.0,2.0,0.08333333333333333,11.0,12.0,12.0,0.9166666666666666,0.9166666666666666,0.9166666666666666,T13|T14,T14|T15,0.40432924557298405,0.4529194105752103,0.9599635516738555,0.9591644204851751,0.4044620447806447,0.4530738414635314,0.9594220200551128,0.9529960605432303,15,"{""0"":""T1"",""1"":""T2"",""2"":""T3"",""3"":""T4"",""4"":""T5"",""5"":""T6"",""6"":""T7"",""7"":""T8"",""8"":""T9"",""9"":""T10"",""10"":""T11"",""11"":""T12"",""12"":""T13"",""13"":""T14"",""14"":""T15""}"
Hyb-Adam-UM,50,7,61,HybAdamUM_completed_p50_rep07_seed61.csv,hyb_adam_um_outputs/completed_matrices/HybAdamUM_completed_p50_rep07_seed61.csv,True,,Hyb-Adam-UM_NJ_p50_rep07_seed61.treefile,0.4952380952380952,105,52,53,52,0.034805962377988,0.0165480559179351,0.8555876569515246,0.8900367113463672,35.00970141100015,True,True,True,5000,4500,0.0101882299183699,0.4818575109000917,0.0,0.0,10.0,0.4166666666666667,7.0,12.0,12.0,0.5833333333333334,0.5833333333333334,0.5833333333333334,T1|T6;T3|T4;T2|T3|T4;T2|T3|T4|T5;T1|T10|T6|T7|T8|T9,T2|T3;T1|T2|T3;T1|T2|T3|T4;T1|T2|T3|T4|T5;T1|T2|T3|T4|T5|T6,0.4037957453693367,0.4528620815118778,0.9260772052946239,0.965032137673647,0.40396431100977437,0.45273168588175633,0.9229183739000884,0.9327596931370516,15,"{""0"":""T1"",""1"":""T2"",""2"":""T3"",""3"":""T4"",""4"":""T5"",""5"":""T6"",""6"":""T7"",""7"":""T8"",""8"":""T9"",""9"":""T10"",""10"":""T11"",""11"":""T12"",""12"":""T13"",""13"":""T14"",""14"":""T15""}"
Hyb-Adam-UM,50,8,62,HybAdamUM_completed_p50_rep08_seed62.csv,hyb_adam_um_outputs/completed_matrices/HybAdamUM_completed_p50_rep08_seed62.csv,True,,Hyb-Adam-UM_NJ_p50_rep08_seed62.treefile,0.4952380952380952,105,52,53,52,0.0114726660441811,0.0065172450567286,0.973175264551694,0.915905404251686,35.15135129999999,True,True,True,5000,4500,0.0110139975694535,0.536531810888716,0.0,0.0,6.0,0.25,9.0,12.0,12.0,0.75,0.75,0.75,T1|T2;T13|T14;T8|T9,T14|T15;T2|T3;T7|T8,0.40513827725069784,0.4536692591391862,0.9644432972409901,0.9508915612689196,0.4047667454317707,0.45310756516292383,0.965660159247075,0.9507049554219366,15,"{""0"":""T1"",""1"":""T2"",""2"":""T3"",""3"":""T4"",""4"":""T5"",""5"":""T6"",""6"":""T7"",""7"":""T8"",""8"":""T9"",""9"":""T10"",""10"":""T11"",""11"":""T12"",""12"":""T13"",""13"":""T14"",""14"":""T15""}"
Hyb-Adam-UM,50,9,63,HybAdamUM_completed_p50_rep09_seed63.csv,hyb_adam_um_outputs/completed_matrices/HybAdamUM_completed_p50_rep09_seed63.csv,True,,Hyb-Adam-UM_NJ_p50_rep09_seed63.treefile,0.4952380952380952,105,52,53,52,0.0197663736048092,0.010460645078246,0.94921966896627,0.8915734653803465,34.90020900699983,True,True,True,5000,4500,0.0103687844970141,0.5009258044637083,0.0,0.0,10.0,0.4166666666666667,7.0,12.0,12.0,0.5833333333333334,0.5833333333333334,0.5833333333333334,T1|T2;T3|T4;T7|T9;T10|T7|T9;T1|T2|T3|T4|T5|T6|T8,T2|T3;T7|T8;T1|T2|T3;T7|T8|T9;T10|T7|T8|T9,0.4031772972374137,0.4527658925525931,0.957465393608314,0.9415923698942567,0.4035913521122484,0.453116552016636,0.9553050740304518,0.9427534729421521,15,"{""0"":""T1"",""1"":""T2"",""2"":""T3"",""3"":""T4"",""4"":""T5"",""5"":""T6"",""6"":""T7"",""7"":""T8"",""8"":""T9"",""9"":""T10"",""10"":""T11"",""11"":""T12"",""12"":""T13"",""13"":""T14"",""14"":""T15""}"
Hyb-Adam-UM,50,10,64,HybAdamUM_completed_p50_rep10_seed64.csv,hyb_adam_um_outputs/completed_matrices/HybAdamUM_completed_p50_rep10_seed64.csv,True,,Hyb-Adam-UM_NJ_p50_rep10_seed64.treefile,0.4952380952380952,105,52,53,52,0.0353220693425906,0.0176192667665113,0.85427761835711,0.9059165030308204,34.783616131999906,True,True,True,5000,4500,0.0097441025293662,0.4660230539159982,0.0,0.0,12.0,0.5,6.0,12.0,12.0,0.5,0.5,0.5,T1|T2;T1|T2|T5;T1|T2|T3|T5;T12|T13|T14|T15;T1|T2|T3|T5|T6;T10|T4|T7|T8|T9,T11|T12;T2|T3;T1|T2|T3;T1|T2|T3|T4;T1|T2|T3|T4|T5;T1|T2|T3|T4|T5|T6,0.4042705968772132,0.4533203642074133,0.9220384527012224,0.9502177068214803,0.40430320776713186,0.45322047934880355,0.9202373827224412,0.9365851130002073,15,"{""0"":""T1"",""1"":""T2"",""2"":""T3"",""3"":""T4"",""4"":""T5"",""5"":""T6"",""6"":""T7"",""7"":""T8"",""8"":""T9"",""9"":""T10"",""10"":""T11"",""11"":""T12"",""12"":""T13"",""13"":""T14"",""14"":""T15""}"
Hyb-Adam-UM,50,11,65,HybAdamUM_completed_p50_rep11_seed65.csv,hyb_adam_um_outputs/completed_matrices/HybAdamUM_completed_p50_rep11_seed65.csv,True,,Hyb-Adam-UM_NJ_p50_rep11_seed65.treefile,0.4952380952380952,105,52,53,52,0.0190177309597111,0.0096712517215322,0.931767044180015,0.920430291129514,35.18726317799997,True,True,True,5000,4500,0.0117191520776168,0.5662358871853063,0.0,0.0,6.0,0.25,9.0,12.0,12.0,0.75,0.75,0.75,T10|T9;T10|T7|T9;T12|T13|T14|T15,T11|T12;T7|T8;T7|T8|T9,0.4035155566511041,0.45436703665702455,0.9259848975535406,0.9431992535766119,0.40340245800560476,0.4541967145781261,0.9263609470576318,0.9458221024258758,15,"{""0"":""T1"",""1"":""T2"",""2"":""T3"",""3"":""T4"",""4"":""T5"",""5"":""T6"",""6"":""T7"",""7"":""T8"",""8"":""T9"",""9"":""T10"",""10"":""T11"",""11"":""T12"",""12"":""T13"",""13"":""T14"",""14"":""T15""}"
Hyb-Adam-UM,50,12,66,HybAdamUM_completed_p50_rep12_seed66.csv,hyb_adam_um_outputs/completed_matrices/HybAdamUM_completed_p50_rep12_seed66.csv,True,,Hyb-Adam-UM_NJ_p50_rep12_seed66.treefile,0.4952380952380952,105,52,53,52,0.0186966883138237,0.0094720793459376,0.960174554759286,0.939639716554256,35.27801659600004,True,True,True,5000,5000,0.0106855723820156,0.5133653134634895,0.0,0.0,6.0,0.25,9.0,12.0,12.0,0.75,0.75,0.75,T1|T5;T13|T15;T1|T4|T5,T14|T15;T1|T2|T3;T1|T2|T3|T4,0.4037100675764347,0.453616304933056,0.9657419830918571,0.9688471905453037,0.40337809315602124,0.4531443423510602,0.9642413178516673,0.9598071739581173,15,"{""0"":""T1"",""1"":""T2"",""2"":""T3"",""3"":""T4"",""4"":""T5"",""5"":""T6"",""6"":""T7"",""7"":""T8"",""8"":""T9"",""9"":""T10"",""10"":""T11"",""11"":""T12"",""12"":""T13"",""13"":""T14"",""14"":""T15""}"
Hyb-Adam-UM,50,13,67,HybAdamUM_completed_p50_rep13_seed67.csv,hyb_adam_um_outputs/completed_matrices/HybAdamUM_completed_p50_rep13_seed67.csv,True,,Hyb-Adam-UM_NJ_p50_rep13_seed67.treefile,0.4952380952380952,105,52,53,52,0.0394349217219483,0.0194636204104274,0.8355915322701222,0.8852556987962094,34.99878952400013,True,True,True,5000,5000,0.0090691634924612,0.4256600079582786,0.0,0.0,14.0,0.5833333333333334,5.0,12.0,12.0,0.4166666666666667,0.4166666666666667,0.4166666666666667,T13|T15;T4|T5;T2|T4|T5;T11|T13|T14|T15;T2|T4|T5|T6;T2|T3|T4|T5|T6;T1|T11|T12|T13|T14|T15,T11|T12;T14|T15;T2|T3;T1|T2|T3;T1|T2|T3|T4;T1|T2|T3|T4|T5;T1|T2|T3|T4|T5|T6,0.4052668968547229,0.45443873744804464,0.9233952675340149,0.9321687746216047,0.4049062170521292,0.4538882514409319,0.9227286696783833,0.9282811528094547,15,"{""0"":""T1"",""1"":""T2"",""2"":""T3"",""3"":""T4"",""4"":""T5"",""5"":""T6"",""6"":""T7"",""7"":""T8"",""8"":""T9"",""9"":""T10"",""10"":""T11"",""11"":""T12"",""12"":""T13"",""13"":""T14"",""14"":""T15""}"
Hyb-Adam-UM,50,14,68,HybAdamUM_completed_p50_rep14_seed68.csv,hyb_adam_um_outputs/completed_matrices/HybAdamUM_completed_p50_rep14_seed68.csv,True,,Hyb-Adam-UM_NJ_p50_rep14_seed68.treefile,0.4952380952380952,105,52,53,52,0.0256377826768999,0.0124040733395675,0.929404241532234,0.9086485102023392,35.04673881000008,True,True,True,5000,5000,0.0104708985464165,0.5003832758820228,0.0,0.0,10.0,0.4166666666666667,7.0,12.0,12.0,0.5833333333333334,0.5833333333333334,0.5833333333333334,T1|T3;T13|T14;T2|T6;T4|T5;T1|T3|T4|T5,T14|T15;T2|T3;T1|T2|T3;T1|T2|T3|T4;T1|T2|T3|T4|T5,0.4036826263633237,0.45274218568564606,0.9647547602377088,0.953255235330707,0.40361695325979985,0.45258158159304784,0.9637719634769465,0.9515135807588637,15,"{""0"":""T1"",""1"":""T2"",""2"":""T3"",""3"":""T4"",""4"":""T5"",""5"":""T6"",""6"":""T7"",""7"":""T8"",""8"":""T9"",""9"":""T10"",""10"":""T11"",""11"":""T12"",""12"":""T13"",""13"":""T14"",""14"":""T15""}"
Hyb-Adam-UM,50,15,69,HybAdamUM_completed_p50_rep15_seed69.csv,hyb_adam_um_outputs/completed_matrices/HybAdamUM_completed_p50_rep15_seed69.csv,True,,Hyb-Adam-UM_NJ_p50_rep15_seed69.treefile,0.4952380952380952,105,52,53,52,0.0219076107646345,0.0109444287323729,0.91850193488658,0.911636643046188,34.63179643100011,True,True,True,5000,4500,0.0133449062483357,0.6814837707579956,0.0,0.0,12.0,0.5,6.0,12.0,12.0,0.5,0.5,0.5,T1|T4;T13|T15;T8|T9;T10|T8|T9;T11|T13|T14|T15;T1|T2|T3|T4|T5|T6|T7,T11|T12;T14|T15;T7|T8;T1|T2|T3;T7|T8|T9;T10|T7|T8|T9,0.4025079074139715,0.4537442002139343,0.9380737860770177,0.9515965166908562,0.4028323564372155,0.4536355458321767,0.9308258629633064,0.9438316400580551,15,"{""0"":""T1"",""1"":""T2"",""2"":""T3"",""3"":""T4"",""4"":""T5"",""5"":""T6"",""6"":""T7"",""7"":""T8"",""8"":""T9"",""9"":""T10"",""10"":""T11"",""11"":""T12"",""12"":""T13"",""13"":""T14"",""14"":""T15""}"
Hyb-Adam-UM,50,16,70,HybAdamUM_completed_p50_rep16_seed70.csv,hyb_adam_um_outputs/completed_matrices/HybAdamUM_completed_p50_rep16_seed70.csv,True,,Hyb-Adam-UM_NJ_p50_rep16_seed70.treefile,0.4952380952380952,105,52,53,52,0.0182180236498333,0.0108449262590975,0.9341071961190952,0.8342013147784513,34.76657504600007,True,True,True,5000,4500,0.0100185692762706,0.4835827777666533,0.0,0.0,10.0,0.4166666666666667,7.0,12.0,12.0,0.5833333333333334,0.5833333333333334,0.5833333333333334,T1|T3;T13|T14;T8|T9;T12|T13|T14|T15;T10|T11|T12|T13|T14|T15,T11|T12;T14|T15;T2|T3;T7|T8;T10|T7|T8|T9,0.40311583487988917,0.4523395994659867,0.9450281072441461,0.9341281360149284,0.4030465835678841,0.4523101454546843,0.9437327778718398,0.9272859216255442,15,"{""0"":""T1"",""1"":""T2"",""2"":""T3"",""3"":""T4"",""4"":""T5"",""5"":""T6"",""6"":""T7"",""7"":""T8"",""8"":""T9"",""9"":""T10"",""10"":""T11"",""11"":""T12"",""12"":""T13"",""13"":""T14"",""14"":""T15""}"
Hyb-Adam-UM,50,17,71,HybAdamUM_completed_p50_rep17_seed71.csv,hyb_adam_um_outputs/completed_matrices/HybAdamUM_completed_p50_rep17_seed71.csv,True,,Hyb-Adam-UM_NJ_p50_rep17_seed71.treefile,0.4952380952380952,105,52,53,52,0.0216086153082478,0.0124362658264086,0.9208685463890768,0.918466660974985,35.07915999300008,True,True,True,5000,5000,0.011947304024599,0.5744511001733772,0.0,0.0,6.0,0.25,9.0,12.0,12.0,0.75,0.75,0.75,T10|T9;T4|T5;T11|T13|T14|T15,T11|T12;T7|T8|T9;T1|T2|T3|T4,0.40296871707831355,0.45474090727555677,0.934628954873238,0.9548517520215632,0.4029266809757154,0.4547327365915564,0.9303712400427763,0.9467758656437901,15,"{""0"":""T1"",""1"":""T2"",""2"":""T3"",""3"":""T4"",""4"":""T5"",""5"":""T6"",""6"":""T7"",""7"":""T8"",""8"":""T9"",""9"":""T10"",""10"":""T11"",""11"":""T12"",""12"":""T13"",""13"":""T14"",""14"":""T15""}"
Hyb-Adam-UM,50,18,72,HybAdamUM_completed_p50_rep18_seed72.csv,hyb_adam_um_outputs/completed_matrices/HybAdamUM_completed_p50_rep18_seed72.csv,True,,Hyb-Adam-UM_NJ_p50_rep18_seed72.treefile,0.4952380952380952,105,52,53,52,0.015048082756742,0.0080032386657848,0.958568278531921,0.9073678818406896,35.192783898000016,True,True,True,5000,5000,0.0107057808805129,0.5138271062017323,0.0,0.0,6.0,0.25,9.0,12.0,12.0,0.75,0.75,0.75,T13|T14;T7|T9;T10|T7|T9,T14|T15;T7|T8;T7|T8|T9,0.4033920727986031,0.45352400203665294,0.938138379999615,0.9501244038979887,0.4035083205718467,0.4534901447732859,0.9398332200321485,0.944277420692515,15,"{""0"":""T1"",""1"":""T2"",""2"":""T3"",""3"":""T4"",""4"":""T5"",""5"":""T6"",""6"":""T7"",""7"":""T8"",""8"":""T9"",""9"":""T10"",""10"":""T11"",""11"":""T12"",""12"":""T13"",""13"":""T14"",""14"":""T15""}"
Hyb-Adam-UM,50,19,73,HybAdamUM_completed_p50_rep19_seed73.csv,hyb_adam_um_outputs/completed_matrices/HybAdamUM_completed_p50_rep19_seed73.csv,True,,Hyb-Adam-UM_NJ_p50_rep19_seed73.treefile,0.4952380952380952,105,52,53,52,0.0209304248071095,0.0097756160046123,0.9492709657238928,0.9592760180995474,35.264102559000094,True,True,True,5000,4500,0.0099105245914165,0.4710909660056384,0.0,0.0,8.0,0.3333333333333333,8.0,12.0,12.0,0.6666666666666666,0.6666666666666666,0.6666666666666666,T1|T3;T10|T9;T1|T3|T4;T1|T3|T4|T5,T2|T3;T1|T2|T3;T7|T8|T9;T1|T2|T3|T4,0.40394911567765,0.45263667488630477,0.9692195960530402,0.9719261870205267,0.4040418507026942,0.4526895155102642,0.9680123488314923,0.9651047066141406,15,"{""0"":""T1"",""1"":""T2"",""2"":""T3"",""3"":""T4"",""4"":""T5"",""5"":""T6"",""6"":""T7"",""7"":""T8"",""8"":""T9"",""9"":""T10"",""10"":""T11"",""11"":""T12"",""12"":""T13"",""13"":""T14"",""14"":""T15""}"
Hyb-Adam-UM,50,20,74,HybAdamUM_completed_p50_rep20_seed74.csv,hyb_adam_um_outputs/completed_matrices/HybAdamUM_completed_p50_rep20_seed74.csv,True,,Hyb-Adam-UM_NJ_p50_rep20_seed74.treefile,0.4952380952380952,105,52,53,52,0.0091503986798097,0.0056551291643663,0.9837711907373626,0.9099291385639886,35.09433184900013,True,True,True,5000,4500,0.0098259922420885,0.4741098862811237,0.0,0.0,2.0,0.08333333333333333,11.0,12.0,12.0,0.9166666666666666,0.9166666666666666,0.9166666666666666,T13|T15,T14|T15,0.40318604196731106,0.45179508508634575,0.9589028663704113,0.9545511092680904,0.4033708863959732,0.45204254113304393,0.9578791999803768,0.9514202778353722,15,"{""0"":""T1"",""1"":""T2"",""2"":""T3"",""3"":""T4"",""4"":""T5"",""5"":""T6"",""6"":""T7"",""7"":""T8"",""8"":""T9"",""9"":""T10"",""10"":""T11"",""11"":""T12"",""12"":""T13"",""13"":""T14"",""14"":""T15""}"
Hyb-Adam-UM,50,21,75,HybAdamUM_completed_p50_rep21_seed75.csv,hyb_adam_um_outputs/completed_matrices/HybAdamUM_completed_p50_rep21_seed75.csv,True,,Hyb-Adam-UM_NJ_p50_rep21_seed75.treefile,0.4952380952380952,105,52,53,52,0.0092621815631938,0.0049458322534997,0.9870504650354572,0.9753265602322204,34.746771008,True,True,True,5000,4500,0.0122052865528708,0.5970476410022852,0.0,0.0,4.0,0.16666666666666666,10.0,12.0,12.0,0.8333333333333334,0.8333333333333334,0.8333333333333334,T1|T3;T13|T15,T14|T15;T2|T3,0.4051045213469495,0.4535167023330408,0.9707815456266027,0.9757101389176861,0.40497828894252735,0.4532821476130227,0.9702537297117505,0.9706406800746423,15,"{""0"":""T1"",""1"":""T2"",""2"":""T3"",""3"":""T4"",""4"":""T5"",""5"":""T6"",""6"":""T7"",""7"":""T8"",""8"":""T9"",""9"":""T10"",""10"":""T11"",""11"":""T12"",""12"":""T13"",""13"":""T14"",""14"":""T15""}"
Hyb-Adam-UM,50,22,76,HybAdamUM_completed_p50_rep22_seed76.csv,hyb_adam_um_outputs/completed_matrices/HybAdamUM_completed_p50_rep22_seed76.csv,True,,Hyb-Adam-UM_NJ_p50_rep22_seed76.treefile,0.4952380952380952,105,52,53,52,0.0095597999819532,0.0063074903049823,0.9797781522493356,0.9071971313924698,34.85379719100001,True,True,True,5000,5000,0.0121723290995209,0.5923699867100931,0.0,0.0,2.0,0.08333333333333333,11.0,12.0,12.0,0.9166666666666666,0.9166666666666666,0.9166666666666666,T13|T15,T14|T15,0.40571153914873315,0.45444262953099185,0.9613385916783708,0.9622848849263944,0.4057419035553333,0.4545050602381204,0.9599367428920779,0.9536077130416754,15,"{""0"":""T1"",""1"":""T2"",""2"":""T3"",""3"":""T4"",""4"":""T5"",""5"":""T6"",""6"":""T7"",""7"":""T8"",""8"":""T9"",""9"":""T10"",""10"":""T11"",""11"":""T12"",""12"":""T13"",""13"":""T14"",""14"":""T15""}"
Hyb-Adam-UM,50,23,77,HybAdamUM_completed_p50_rep23_seed77.csv,hyb_adam_um_outputs/completed_matrices/HybAdamUM_completed_p50_rep23_seed77.csv,True,,Hyb-Adam-UM_NJ_p50_rep23_seed77.treefile,0.4952380952380952,105,52,53,52,0.0176549262934633,0.0103028045216429,0.9481415856472926,0.8745837957824639,35.194176621999986,True,True,True,5000,4500,0.0106723239207368,0.5189983731920029,0.0,0.0,8.0,0.3333333333333333,8.0,12.0,12.0,0.6666666666666666,0.6666666666666666,0.6666666666666666,T13|T14;T8|T9;T10|T8|T9;T1|T2|T3|T4|T5|T6|T7,T14|T15;T7|T8;T7|T8|T9;T10|T7|T8|T9,0.40372552758383723,0.4532570660556121,0.9455652650679851,0.9332365747460086,0.40365628567543765,0.45315273565738323,0.9452235666027018,0.93733153638814,15,"{""0"":""T1"",""1"":""T2"",""2"":""T3"",""3"":""T4"",""4"":""T5"",""5"":""T6"",""6"":""T7"",""7"":""T8"",""8"":""T9"",""9"":""T10"",""10"":""T11"",""11"":""T12"",""12"":""T13"",""13"":""T14"",""14"":""T15""}"
Hyb-Adam-UM,50,24,78,HybAdamUM_completed_p50_rep24_seed78.csv,hyb_adam_um_outputs/completed_matrices/HybAdamUM_completed_p50_rep24_seed78.csv,True,,Hyb-Adam-UM_NJ_p50_rep24_seed78.treefile,0.4952380952380952,105,52,53,52,0.0206621810561362,0.0094819226317847,0.938893101232356,0.9173567830615555,35.23688287699997,True,True,True,5000,4500,0.0107312940339788,0.5160791835696964,0.0,0.0,8.0,0.3333333333333333,8.0,12.0,12.0,0.6666666666666666,0.6666666666666666,0.6666666666666666,T1|T2;T13|T15;T1|T2|T4;T1|T2|T4|T5,T14|T15;T2|T3;T1|T2|T3;T1|T2|T3|T4,0.40545535065073474,0.45374983206419,0.9659067895373645,0.9568940493468795,0.40538029533349557,0.45352866251230245,0.9653421982615376,0.9499274310595065,15,"{""0"":""T1"",""1"":""T2"",""2"":""T3"",""3"":""T4"",""4"":""T5"",""5"":""T6"",""6"":""T7"",""7"":""T8"",""8"":""T9"",""9"":""T10"",""10"":""T11"",""11"":""T12"",""12"":""T13"",""13"":""T14"",""14"":""T15""}"
Hyb-Adam-UM,50,25,79,HybAdamUM_completed_p50_rep25_seed79.csv,hyb_adam_um_outputs/completed_matrices/HybAdamUM_completed_p50_rep25_seed79.csv,True,,Hyb-Adam-UM_NJ_p50_rep25_seed79.treefile,0.4952380952380952,105,52,53,52,0.0231165011897409,0.0120090795584628,0.9130073884128364,0.9374199607273968,35.12912608200031,True,True,True,5000,4500,0.0117342822028565,0.5640587558958204,0.0,0.0,10.0,0.4166666666666667,7.0,12.0,12.0,0.5833333333333334,0.5833333333333334,0.5833333333333334,T10|T8;T7|T9;T12|T13|T14|T15;T1|T2|T3|T4|T6;T10|T5|T7|T8|T9,T11|T12;T7|T8;T7|T8|T9;T1|T2|T3|T4|T5;T1|T2|T3|T4|T5|T6,0.4005704967716676,0.45240372393522865,0.9190677785534309,0.9587290068422144,0.40067123554446077,0.45258756650905146,0.9165426946755917,0.9526643168152602,15,"{""0"":""T1"",""1"":""T2"",""2"":""T3"",""3"":""T4"",""4"":""T5"",""5"":""T6"",""6"":""T7"",""7"":""T8"",""8"":""T9"",""9"":""T10"",""10"":""T11"",""11"":""T12"",""12"":""T13"",""13"":""T14"",""14"":""T15""}"
Hyb-Adam-UM,50,26,80,HybAdamUM_completed_p50_rep26_seed80.csv,hyb_adam_um_outputs/completed_matrices/HybAdamUM_completed_p50_rep26_seed80.csv,True,,Hyb-Adam-UM_NJ_p50_rep26_seed80.treefile,0.4952380952380952,105,52,53,52,0.0176193092670593,0.0084440753934534,0.9435886972720748,0.8993426107743532,35.13253318600027,True,True,True,5000,5000,0.0128582417135516,0.6231316205043104,0.0,0.0,6.0,0.25,9.0,12.0,12.0,0.75,0.75,0.75,T1|T3;T13|T15;T1|T3|T4,T14|T15;T2|T3;T1|T2|T3,0.4042289453449216,0.4531600801404493,0.9561481829355053,0.9523844080447854,0.40417665838357625,0.45310870711602486,0.954918664119571,0.9415301679452623,15,"{""0"":""T1"",""1"":""T2"",""2"":""T3"",""3"":""T4"",""4"":""T5"",""5"":""T6"",""6"":""T7"",""7"":""T8"",""8"":""T9"",""9"":""T10"",""10"":""T11"",""11"":""T12"",""12"":""T13"",""13"":""T14"",""14"":""T15""}"
Hyb-Adam-UM,50,27,81,HybAdamUM_completed_p50_rep27_seed81.csv,hyb_adam_um_outputs/completed_matrices/HybAdamUM_completed_p50_rep27_seed81.csv,True,,Hyb-Adam-UM_NJ_p50_rep27_seed81.treefile,0.4952380952380952,105,52,53,52,0.0053706672274662,0.0043250442036729,0.9935423633335596,0.9545803807734996,34.94853029599972,True,True,True,5000,4500,0.0107992034985781,0.5119226862410514,0.0,0.0,0.0,0.0,12.0,12.0,12.0,1.0,1.0,1.0,,,0.4048625335060488,0.45354994679204513,0.9656409989266094,0.9779079411154883,0.40503576604389685,0.4537876155818223,0.9649996216273901,0.9761144515861497,15,"{""0"":""T1"",""1"":""T2"",""2"":""T3"",""3"":""T4"",""4"":""T5"",""5"":""T6"",""6"":""T7"",""7"":""T8"",""8"":""T9"",""9"":""T10"",""10"":""T11"",""11"":""T12"",""12"":""T13"",""13"":""T14"",""14"":""T15""}"
Hyb-Adam-UM,50,28,82,HybAdamUM_completed_p50_rep28_seed82.csv,hyb_adam_um_outputs/completed_matrices/HybAdamUM_completed_p50_rep28_seed82.csv,True,,Hyb-Adam-UM_NJ_p50_rep28_seed82.treefile,0.4952380952380952,105,52,53,52,0.023389177291149,0.0119350945578715,0.92475206026719,0.9186374114232048,34.6403500790002,True,True,True,5000,4500,0.0115414065158683,0.5539079354163821,0.0,0.0,10.0,0.4166666666666667,7.0,12.0,12.0,0.5833333333333334,0.5833333333333334,0.5833333333333334,T1|T3;T1|T3|T4;T10|T7|T8;T1|T3|T4|T5;T1|T2|T3|T4|T5|T6|T9,T2|T3;T1|T2|T3;T7|T8|T9;T1|T2|T3|T4;T10|T7|T8|T9,0.4045089963592952,0.4534851618167056,0.9583260142441408,0.9592888243831639,0.4048311482007256,0.4538146833741341,0.9573752714709627,0.9444536595479991,15,"{""0"":""T1"",""1"":""T2"",""2"":""T3"",""3"":""T4"",""4"":""T5"",""5"":""T6"",""6"":""T7"",""7"":""T8"",""8"":""T9"",""9"":""T10"",""10"":""T11"",""11"":""T12"",""12"":""T13"",""13"":""T14"",""14"":""T15""}"
Hyb-Adam-UM,50,29,83,HybAdamUM_completed_p50_rep29_seed83.csv,hyb_adam_um_outputs/completed_matrices/HybAdamUM_completed_p50_rep29_seed83.csv,True,,Hyb-Adam-UM_NJ_p50_rep29_seed83.treefile,0.4952380952380952,105,52,53,52,0.0179193510454479,0.0087429530899154,0.9411827435032032,0.9136856484248272,34.88973049000015,True,True,True,5000,4500,0.0093503909537712,0.4487743816208526,0.0,0.0,4.0,0.16666666666666666,10.0,12.0,12.0,0.8333333333333334,0.8333333333333334,0.8333333333333334,T10|T7|T8;T1|T2|T3|T4|T5|T6|T9,T7|T8|T9;T10|T7|T8|T9,0.4021520442138227,0.4524821043604598,0.9338688876262922,0.9608024051420277,0.40200579804898084,0.452280778364685,0.9335955823823614,0.9487352270371138,15,"{""0"":""T1"",""1"":""T2"",""2"":""T3"",""3"":""T4"",""4"":""T5"",""5"":""T6"",""6"":""T7"",""7"":""T8"",""8"":""T9"",""9"":""T10"",""10"":""T11"",""11"":""T12"",""12"":""T13"",""13"":""T14"",""14"":""T15""}"
Hyb-Adam-UM,50,30,84,HybAdamUM_completed_p50_rep30_seed84.csv,hyb_adam_um_outputs/completed_matrices/HybAdamUM_completed_p50_rep30_seed84.csv,True,,Hyb-Adam-UM_NJ_p50_rep30_seed84.treefile,0.4952380952380952,105,52,53,52,0.0454455899951019,0.0263406893375953,0.6966988705230424,0.4877486553402202,35.13949494600001,True,True,True,5000,4500,0.0107931600929221,0.530207467482939,0.0,0.0,16.0,0.6666666666666666,4.0,12.0,12.0,0.3333333333333333,0.3333333333333333,0.3333333333333333,T10|T8;T13|T14;T10|T7|T8;T13|T14|T5;T13|T14|T15|T5;T1|T2|T3|T4|T6;T11|T13|T14|T15|T5;T11|T12|T13|T14|T15|T5,T11|T12;T14|T15;T7|T8;T13|T14|T15;T7|T8|T9;T1|T2|T3|T4|T5;T11|T12|T13|T14|T15;T1|T2|T3|T4|T5|T6,0.39494559426670434,0.45030136632650203,0.7764933204839358,0.7758138088326767,0.3950620609616523,0.4503268263336407,0.7716677262589973,0.7389280530789964,15,"{""0"":""T1"",""1"":""T2"",""2"":""T3"",""3"":""T4"",""4"":""T5"",""5"":""T6"",""6"":""T7"",""7"":""T8"",""8"":""T9"",""9"":""T10"",""10"":""T11"",""11"":""T12"",""12"":""T13"",""13"":""T14"",""14"":""T15""}"
Hyb-Adam-UM,65,1,55,HybAdamUM_completed_p65_rep01_seed55.csv,hyb_adam_um_outputs/completed_matrices/HybAdamUM_completed_p65_rep01_seed55.csv,True,,Hyb-Adam-UM_NJ_p65_rep01_seed55.treefile,0.6476190476190476,105,68,37,68,0.0504987611394008,0.0316787055191553,0.736132545289312,0.7636752299881664,45.47543350900014,True,True,True,5000,5000,0.0057925407280244,0.2855934320818792,0.0,0.0,20.0,0.8333333333333334,2.0,12.0,12.0,0.16666666666666666,0.16666666666666666,0.16666666666666666,T1|T2;T12|T5;T8|T9;T1|T2|T6;T10|T8|T9;T1|T2|T3|T6;T11|T13|T14|T15;T1|T2|T3|T4|T6;T11|T12|T13|T14|T15|T5;T11|T12|T13|T14|T15|T5|T7,T11|T12;T2|T3;T7|T8;T1|T2|T3;T7|T8|T9;T1|T2|T3|T4;T10|T7|T8|T9;T1|T2|T3|T4|T5;T11|T12|T13|T14|T15;T1|T2|T3|T4|T5|T6,0.3925139224209012,0.4481830978095167,0.7516907962060534,0.8707650839726312,0.3928401781360809,0.4483780225669691,0.7447909011463568,0.8248082106572673,15,"{""0"":""T1"",""1"":""T2"",""2"":""T3"",""3"":""T4"",""4"":""T5"",""5"":""T6"",""6"":""T7"",""7"":""T8"",""8"":""T9"",""9"":""T10"",""10"":""T11"",""11"":""T12"",""12"":""T13"",""13"":""T14"",""14"":""T15""}"
Hyb-Adam-UM,65,2,56,HybAdamUM_completed_p65_rep02_seed56.csv,hyb_adam_um_outputs/completed_matrices/HybAdamUM_completed_p65_rep02_seed56.csv,True,,Hyb-Adam-UM_NJ_p65_rep02_seed56.treefile,0.6476190476190476,105,68,37,68,0.0288330281421442,0.0155751490411003,0.9331390173463344,0.9120509982059014,45.20546369899967,True,True,True,5000,5000,0.005882824907202,0.2789343548325197,0.0,0.0,14.0,0.5833333333333334,5.0,12.0,12.0,0.4166666666666667,0.4166666666666667,0.4166666666666667,T1|T6;T10|T8;T13|T15;T2|T4;T3|T5;T7|T9;T1|T2|T4|T6,T14|T15;T2|T3;T7|T8;T1|T2|T3;T7|T8|T9;T1|T2|T3|T4;T1|T2|T3|T4|T5,0.4047455817126976,0.45497681503424603,0.9693623527803061,0.9702571013891768,0.40480231147764134,0.45506329934994916,0.9614345533240545,0.9416649388347501,15,"{""0"":""T1"",""1"":""T2"",""2"":""T3"",""3"":""T4"",""4"":""T5"",""5"":""T6"",""6"":""T7"",""7"":""T8"",""8"":""T9"",""9"":""T10"",""10"":""T11"",""11"":""T12"",""12"":""T13"",""13"":""T14"",""14"":""T15""}"
Hyb-Adam-UM,65,3,57,HybAdamUM_completed_p65_rep03_seed57.csv,hyb_adam_um_outputs/completed_matrices/HybAdamUM_completed_p65_rep03_seed57.csv,True,,Hyb-Adam-UM_NJ_p65_rep03_seed57.treefile,0.6476190476190476,105,68,37,68,0.0228030595919995,0.0128256969160696,0.9153759534635856,0.8815894949803411,44.95946194499993,True,True,True,5000,5000,0.0073461367873895,0.381374202337185,0.0,0.0,12.0,0.5,6.0,12.0,12.0,0.5,0.5,0.5,T1|T4;T10|T8;T11|T13|T14|T15;T1|T2|T3|T4|T6;T1|T2|T3|T4|T5|T6|T7;T10|T11|T12|T13|T14|T15|T8,T11|T12;T7|T8;T1|T2|T3;T7|T8|T9;T10|T7|T8|T9;T1|T2|T3|T4|T5,0.39950874251532326,0.45193696093368624,0.9231718072251199,0.9267675720505908,0.4001198960596516,0.45213986981085735,0.9138116393541738,0.925865643790172,15,"{""0"":""T1"",""1"":""T2"",""2"":""T3"",""3"":""T4"",""4"":""T5"",""5"":""T6"",""6"":""T7"",""7"":""T8"",""8"":""T9"",""9"":""T10"",""10"":""T11"",""11"":""T12"",""12"":""T13"",""13"":""T14"",""14"":""T15""}"
Hyb-Adam-UM,65,4,58,HybAdamUM_completed_p65_rep04_seed58.csv,hyb_adam_um_outputs/completed_matrices/HybAdamUM_completed_p65_rep04_seed58.csv,True,,Hyb-Adam-UM_NJ_p65_rep04_seed58.treefile,0.6476190476190476,105,68,37,68,0.0154642043851338,0.0091380883075148,0.9621652866732078,0.9194182539985494,45.72344573700002,True,True,True,5000,4500,0.0063077342817958,0.2962390451511978,0.0,0.0,6.0,0.25,9.0,12.0,12.0,0.75,0.75,0.75,T1|T3;T1|T2|T3|T4|T6;T10|T11|T12|T13|T14|T15,T2|T3;T10|T7|T8|T9;T1|T2|T3|T4|T5,0.40388309961184427,0.45462056723436833,0.9360829406929109,0.9578789135392909,0.4035423740494207,0.45405142534669607,0.9392021284952519,0.9487041260626167,15,"{""0"":""T1"",""1"":""T2"",""2"":""T3"",""3"":""T4"",""4"":""T5"",""5"":""T6"",""6"":""T7"",""7"":""T8"",""8"":""T9"",""9"":""T10"",""10"":""T11"",""11"":""T12"",""12"":""T13"",""13"":""T14"",""14"":""T15""}"
Hyb-Adam-UM,65,5,59,HybAdamUM_completed_p65_rep05_seed59.csv,hyb_adam_um_outputs/completed_matrices/HybAdamUM_completed_p65_rep05_seed59.csv,True,,Hyb-Adam-UM_NJ_p65_rep05_seed59.treefile,0.6476190476190476,105,68,37,68,0.0320415301473649,0.0178619763554591,0.8451634752555728,0.8650990571439476,45.697830392000014,True,True,True,5000,4500,0.0072707098327591,0.384157551351626,0.0,0.0,16.0,0.6666666666666666,4.0,12.0,12.0,0.3333333333333333,0.3333333333333333,0.3333333333333333,T1|T4;T13|T15;T5|T6;T8|T9;T10|T8|T9;T5|T6|T7;T11|T13|T14|T15;T1|T10|T2|T3|T4|T8|T9,T11|T12;T14|T15;T7|T8;T1|T2|T3;T7|T8|T9;T10|T7|T8|T9;T1|T2|T3|T4|T5;T1|T2|T3|T4|T5|T6,0.3973049010195376,0.45197041094744866,0.8922444956386715,0.900165871863985,0.39876421218213537,0.4522021998003565,0.8676762873216324,0.91377773170226,15,"{""0"":""T1"",""1"":""T2"",""2"":""T3"",""3"":""T4"",""4"":""T5"",""5"":""T6"",""6"":""T7"",""7"":""T8"",""8"":""T9"",""9"":""T10"",""10"":""T11"",""11"":""T12"",""12"":""T13"",""13"":""T14"",""14"":""T15""}"
Hyb-Adam-UM,65,6,60,HybAdamUM_completed_p65_rep06_seed60.csv,hyb_adam_um_outputs/completed_matrices/HybAdamUM_completed_p65_rep06_seed60.csv,True,,Hyb-Adam-UM_NJ_p65_rep06_seed60.treefile,0.6476190476190476,105,68,37,68,0.0319644914223743,0.0169516917194611,0.8536770154185485,0.8479215177310377,45.58663483600003,True,True,True,5000,4500,0.0070172991202528,0.3321205128226583,0.0,0.0,14.0,0.5833333333333334,5.0,12.0,12.0,0.4166666666666667,0.4166666666666667,0.4166666666666667,T1|T6;T13|T14;T4|T5;T7|T9;T10|T7|T9;T2|T3|T4|T5;T1|T10|T6|T7|T8|T9,T14|T15;T7|T8;T1|T2|T3;T7|T8|T9;T1|T2|T3|T4;T1|T2|T3|T4|T5;T1|T2|T3|T4|T5|T6,0.40203763796360187,0.452911600352208,0.9049186979875574,0.9104810284055568,0.40219847375769874,0.45297934425495234,0.9022145671304663,0.8962678830603358,15,"{""0"":""T1"",""1"":""T2"",""2"":""T3"",""3"":""T4"",""4"":""T5"",""5"":""T6"",""6"":""T7"",""7"":""T8"",""8"":""T9"",""9"":""T10"",""10"":""T11"",""11"":""T12"",""12"":""T13"",""13"":""T14"",""14"":""T15""}"
Hyb-Adam-UM,65,7,61,HybAdamUM_completed_p65_rep07_seed61.csv,hyb_adam_um_outputs/completed_matrices/HybAdamUM_completed_p65_rep07_seed61.csv,True,,Hyb-Adam-UM_NJ_p65_rep07_seed61.treefile,0.6476190476190476,105,68,37,68,0.0537892495425631,0.0320360398838839,0.6284799705298099,0.564492117418025,45.82508722500006,True,True,True,5000,4500,0.0059117440539528,0.2780432017010534,0.0,0.0,18.0,0.75,3.0,12.0,12.0,0.25,0.25,0.25,T1|T6;T2|T5;T3|T4;T7|T9;T10|T7|T9;T13|T14|T15|T8;T2|T3|T4|T5;T11|T12|T13|T14|T15|T8;T10|T2|T3|T4|T5|T7|T9,T2|T3;T7|T8;T1|T2|T3;T7|T8|T9;T1|T2|T3|T4;T10|T7|T8|T9;T1|T2|T3|T4|T5;T11|T12|T13|T14|T15;T1|T2|T3|T4|T5|T6,0.39602135074489264,0.44908730786267087,0.7127139299099597,0.6696247149077337,0.3959710518965919,0.4487786233528494,0.7098694470337189,0.6584283640887414,15,"{""0"":""T1"",""1"":""T2"",""2"":""T3"",""3"":""T4"",""4"":""T5"",""5"":""T6"",""6"":""T7"",""7"":""T8"",""8"":""T9"",""9"":""T10"",""10"":""T11"",""11"":""T12"",""12"":""T13"",""13"":""T14"",""14"":""T15""}"
Hyb-Adam-UM,65,8,62,HybAdamUM_completed_p65_rep08_seed62.csv,hyb_adam_um_outputs/completed_matrices/HybAdamUM_completed_p65_rep08_seed62.csv,True,,Hyb-Adam-UM_NJ_p65_rep08_seed62.treefile,0.6476190476190476,105,68,37,68,0.0126335557155508,0.0082538754588822,0.967037094830144,0.9034622284994462,46.12882799499994,True,True,True,5000,4500,0.0065423690229074,0.3193610285738453,0.0,0.0,8.0,0.3333333333333333,8.0,12.0,12.0,0.6666666666666666,0.6666666666666666,0.6666666666666666,T1|T3;T13|T14;T8|T9;T10|T11|T12|T13|T14|T15,T14|T15;T2|T3;T7|T8;T10|T7|T8|T9,0.4052385151057,0.45427370823972607,0.9554975272464458,0.939954385237404,0.40517474715875923,0.4541879466627907,0.9551414902077382,0.9352581380883267,15,"{""0"":""T1"",""1"":""T2"",""2"":""T3"",""3"":""T4"",""4"":""T5"",""5"":""T6"",""6"":""T7"",""7"":""T8"",""8"":""T9"",""9"":""T10"",""10"":""T11"",""11"":""T12"",""12"":""T13"",""13"":""T14"",""14"":""T15""}"
Hyb-Adam-UM,65,9,63,HybAdamUM_completed_p65_rep09_seed63.csv,hyb_adam_um_outputs/completed_matrices/HybAdamUM_completed_p65_rep09_seed63.csv,True,,Hyb-Adam-UM_NJ_p65_rep09_seed63.treefile,0.6476190476190476,105,68,37,68,0.0186148544877924,0.0097187786716699,0.9503060726688132,0.9050654655113178,45.87014866799973,True,True,True,5000,4500,0.0080263906641842,0.3903641391409679,0.0,0.0,10.0,0.4166666666666667,7.0,12.0,12.0,0.5833333333333334,0.5833333333333334,0.5833333333333334,T1|T2;T10|T9;T3|T4;T1|T2|T3|T4|T5|T6|T7;T10|T11|T12|T13|T14|T15|T9,T2|T3;T7|T8;T1|T2|T3;T7|T8|T9;T10|T7|T8|T9,0.4020071389873921,0.45220378381777665,0.9504624747328457,0.9402757619738752,0.4023744896187604,0.4525308757089211,0.9478637813177229,0.9365125440597137,15,"{""0"":""T1"",""1"":""T2"",""2"":""T3"",""3"":""T4"",""4"":""T5"",""5"":""T6"",""6"":""T7"",""7"":""T8"",""8"":""T9"",""9"":""T10"",""10"":""T11"",""11"":""T12"",""12"":""T13"",""13"":""T14"",""14"":""T15""}"
Hyb-Adam-UM,65,10,64,HybAdamUM_completed_p65_rep10_seed64.csv,hyb_adam_um_outputs/completed_matrices/HybAdamUM_completed_p65_rep10_seed64.csv,True,,Hyb-Adam-UM_NJ_p65_rep10_seed64.treefile,0.6476190476190476,105,68,37,68,0.0395810116904316,0.0195552012279154,0.8209509385217183,0.8510134748253617,45.992952624999816,True,True,True,5000,4500,0.0050806317433066,0.2384490984980239,0.0,0.0,14.0,0.5833333333333334,5.0,12.0,12.0,0.4166666666666667,0.4166666666666667,0.4166666666666667,T1|T5;T13|T15;T2|T4;T1|T3|T5;T1|T3|T5|T6;T12|T13|T14|T15;T10|T2|T4|T7|T8|T9,T11|T12;T14|T15;T2|T3;T1|T2|T3;T1|T2|T3|T4;T1|T2|T3|T4|T5;T1|T2|T3|T4|T5|T6,0.4031486635273048,0.45223628511833563,0.8920299030793793,0.9168256272029857,0.4033257565896498,0.4523609575692194,0.8899159348236325,0.9010678001244039,15,"{""0"":""T1"",""1"":""T2"",""2"":""T3"",""3"":""T4"",""4"":""T5"",""5"":""T6"",""6"":""T7"",""7"":""T8"",""8"":""T9"",""9"":""T10"",""10"":""T11"",""11"":""T12"",""12"":""T13"",""13"":""T14"",""14"":""T15""}"
Hyb-Adam-UM,65,11,65,HybAdamUM_completed_p65_rep11_seed65.csv,hyb_adam_um_outputs/completed_matrices/HybAdamUM_completed_p65_rep11_seed65.csv,True,,Hyb-Adam-UM_NJ_p65_rep11_seed65.treefile,0.6476190476190476,105,68,37,68,0.0355174700815572,0.0178481397818316,0.7984243182750522,0.8060464938733443,45.71693767499983,True,True,True,5000,4500,0.0068521047447959,0.3255953451852571,0.0,0.0,20.0,0.8333333333333334,2.0,12.0,12.0,0.16666666666666666,0.16666666666666666,0.16666666666666666,T1|T3;T10|T9;T13|T14;T1|T3|T4;T10|T7|T9;T1|T3|T4|T5;T10|T2|T7|T9;T12|T13|T14|T15;T1|T3|T4|T5|T6;T1|T3|T4|T5|T6|T8,T11|T12;T14|T15;T2|T3;T7|T8;T1|T2|T3;T7|T8|T9;T1|T2|T3|T4;T10|T7|T8|T9;T1|T2|T3|T4|T5;T1|T2|T3|T4|T5|T6,0.40345443547434034,0.4538145375150723,0.8758490992172897,0.8967862326352891,0.4035805500631704,0.4539104399504909,0.8700005754342814,0.8755131660792037,15,"{""0"":""T1"",""1"":""T2"",""2"":""T3"",""3"":""T4"",""4"":""T5"",""5"":""T6"",""6"":""T7"",""7"":""T8"",""8"":""T9"",""9"":""T10"",""10"":""T11"",""11"":""T12"",""12"":""T13"",""13"":""T14"",""14"":""T15""}"
Hyb-Adam-UM,65,12,66,HybAdamUM_completed_p65_rep12_seed66.csv,hyb_adam_um_outputs/completed_matrices/HybAdamUM_completed_p65_rep12_seed66.csv,True,,Hyb-Adam-UM_NJ_p65_rep12_seed66.treefile,0.6476190476190476,105,68,37,68,0.0225309918392029,0.0120499408314396,0.9270181162960168,0.8968584189029276,45.63276342800009,True,True,True,5000,5000,0.0065438979080207,0.312918250905753,0.0,0.0,10.0,0.4166666666666667,7.0,12.0,12.0,0.5833333333333334,0.5833333333333334,0.5833333333333334,T1|T5;T13|T15;T1|T4|T5;T1|T4|T5|T6;T12|T13|T14|T15,T11|T12;T14|T15;T1|T2|T3;T1|T2|T3|T4;T1|T2|T3|T4|T5,0.4028990025307594,0.4535380223458983,0.9433733955134803,0.9533381712626996,0.40256910798499634,0.4531310703461823,0.9397164653405132,0.9322206095791002,15,"{""0"":""T1"",""1"":""T2"",""2"":""T3"",""3"":""T4"",""4"":""T5"",""5"":""T6"",""6"":""T7"",""7"":""T8"",""8"":""T9"",""9"":""T10"",""10"":""T11"",""11"":""T12"",""12"":""T13"",""13"":""T14"",""14"":""T15""}"
Hyb-Adam-UM,65,13,67,HybAdamUM_completed_p65_rep13_seed67.csv,hyb_adam_um_outputs/completed_matrices/HybAdamUM_completed_p65_rep13_seed67.csv,True,,Hyb-Adam-UM_NJ_p65_rep13_seed67.treefile,0.6476190476190476,105,68,37,68,0.041979755818795,0.0222015400181565,0.7967951099471914,0.8589914875749131,46.95560852900008,True,True,True,5000,5000,0.0063443096478809,0.3000271592429465,0.0,0.0,16.0,0.6666666666666666,4.0,12.0,12.0,0.3333333333333333,0.3333333333333333,0.3333333333333333,T13|T15;T4|T5;T7|T9;T2|T4|T5;T11|T13|T14|T15;T2|T4|T5|T6;T10|T3|T7|T8|T9;T1|T11|T12|T13|T14|T15,T11|T12;T14|T15;T2|T3;T7|T8;T1|T2|T3;T1|T2|T3|T4;T1|T2|T3|T4|T5;T1|T2|T3|T4|T5|T6,0.40410892663055736,0.4548655339360558,0.879260533157679,0.8883164005805514,0.40402470669734597,0.4546775825143259,0.8783022549402258,0.8850818992328425,15,"{""0"":""T1"",""1"":""T2"",""2"":""T3"",""3"":""T4"",""4"":""T5"",""5"":""T6"",""6"":""T7"",""7"":""T8"",""8"":""T9"",""9"":""T10"",""10"":""T11"",""11"":""T12"",""12"":""T13"",""13"":""T14"",""14"":""T15""}"
Hyb-Adam-UM,65,14,68,HybAdamUM_completed_p65_rep14_seed68.csv,hyb_adam_um_outputs/completed_matrices/HybAdamUM_completed_p65_rep14_seed68.csv,True,,Hyb-Adam-UM_NJ_p65_rep14_seed68.treefile,0.6476190476190476,105,68,37,68,0.0250358513950224,0.0128709876237694,0.9212530774997082,0.8802916364469214,47.45871364100003,True,True,True,5000,5000,0.0071785140985497,0.3461575350256843,0.0,0.0,12.0,0.5,6.0,12.0,12.0,0.5,0.5,0.5,T1|T3;T10|T9;T13|T14;T1|T3|T5;T1|T3|T4|T5;T1|T3|T4|T5|T6,T14|T15;T2|T3;T1|T2|T3;T7|T8|T9;T1|T2|T3|T4;T1|T2|T3|T4|T5,0.402009654090043,0.45191659523289546,0.951647446234881,0.9400062201948994,0.4021067043775091,0.4520268212098743,0.95022249417547,0.9385444743935308,15,"{""0"":""T1"",""1"":""T2"",""2"":""T3"",""3"":""T4"",""4"":""T5"",""5"":""T6"",""6"":""T7"",""7"":""T8"",""8"":""T9"",""9"":""T10"",""10"":""T11"",""11"":""T12"",""12"":""T13"",""13"":""T14"",""14"":""T15""}"
Hyb-Adam-UM,65,15,69,HybAdamUM_completed_p65_rep15_seed69.csv,hyb_adam_um_outputs/completed_matrices/HybAdamUM_completed_p65_rep15_seed69.csv,True,,Hyb-Adam-UM_NJ_p65_rep15_seed69.treefile,0.6476190476190476,105,68,37,68,0.0251558449370651,0.0130738084958899,0.9161823019636646,0.9073939764095126,45.742605080999965,True,True,True,5000,5000,0.0077669526541033,0.3707721211003056,0.0,0.0,16.0,0.6666666666666666,4.0,12.0,12.0,0.3333333333333333,0.3333333333333333,0.3333333333333333,T1|T4;T13|T15;T8|T9;T1|T4|T5;T10|T8|T9;T2|T3|T6;T11|T13|T14|T15;T1|T2|T3|T4|T5|T6|T7,T11|T12;T14|T15;T7|T8;T1|T2|T3;T7|T8|T9;T1|T2|T3|T4;T10|T7|T8|T9;T1|T2|T3|T4|T5,0.40156225105437493,0.45265599742740986,0.9288695031656676,0.943655401202571,0.40138086124149225,0.45244482271634634,0.927390941544326,0.9274103255235331,15,"{""0"":""T1"",""1"":""T2"",""2"":""T3"",""3"":""T4"",""4"":""T5"",""5"":""T6"",""6"":""T7"",""7"":""T8"",""8"":""T9"",""9"":""T10"",""10"":""T11"",""11"":""T12"",""12"":""T13"",""13"":""T14"",""14"":""T15""}"
Hyb-Adam-UM,65,16,70,HybAdamUM_completed_p65_rep16_seed70.csv,hyb_adam_um_outputs/completed_matrices/HybAdamUM_completed_p65_rep16_seed70.csv,True,,Hyb-Adam-UM_NJ_p65_rep16_seed70.treefile,0.6476190476190476,105,68,37,68,0.0201125522371995,0.0116162617732747,0.935778718694663,0.8579990075199451,45.317851104000056,True,True,True,5000,5000,0.0077678855701139,0.3758072846909918,0.0,0.0,12.0,0.5,6.0,12.0,12.0,0.5,0.5,0.5,T1|T3;T13|T14;T8|T9;T1|T2|T3|T5;T12|T13|T14|T15;T1|T2|T3|T5|T6,T11|T12;T14|T15;T2|T3;T7|T8;T1|T2|T3|T4;T1|T2|T3|T4|T5,0.4016748290830247,0.45235403745869457,0.9419915555525462,0.9334542815674891,0.4019176035784812,0.45246789372597623,0.9409164108575356,0.918899025502799,15,"{""0"":""T1"",""1"":""T2"",""2"":""T3"",""3"":""T4"",""4"":""T5"",""5"":""T6"",""6"":""T7"",""7"":""T8"",""8"":""T9"",""9"":""T10"",""10"":""T11"",""11"":""T12"",""12"":""T13"",""13"":""T14"",""14"":""T15""}"
Hyb-Adam-UM,65,17,71,HybAdamUM_completed_p65_rep17_seed71.csv,hyb_adam_um_outputs/completed_matrices/HybAdamUM_completed_p65_rep17_seed71.csv,True,,Hyb-Adam-UM_NJ_p65_rep17_seed71.treefile,0.6476190476190476,105,68,37,68,0.0220730304594304,0.0131180779854873,0.9145411717462372,0.8652517463831736,45.65650103899998,True,True,True,5000,4500,0.0080557262041895,0.4001447693684212,0.0,0.0,8.0,0.3333333333333333,8.0,12.0,12.0,0.6666666666666666,0.6666666666666666,0.6666666666666666,T10|T9;T4|T5;T11|T13|T14|T15;T11|T12|T13|T14|T15|T7|T8,T11|T12;T7|T8|T9;T1|T2|T3|T4;T10|T7|T8|T9,0.40124503809283585,0.4537474706526477,0.9264568975153313,0.9181007671573709,0.40176052844267135,0.4537557898419509,0.9218716735339323,0.9197076508397263,15,"{""0"":""T1"",""1"":""T2"",""2"":""T3"",""3"":""T4"",""4"":""T5"",""5"":""T6"",""6"":""T7"",""7"":""T8"",""8"":""T9"",""9"":""T10"",""10"":""T11"",""11"":""T12"",""12"":""T13"",""13"":""T14"",""14"":""T15""}"
Hyb-Adam-UM,65,18,72,HybAdamUM_completed_p65_rep18_seed72.csv,hyb_adam_um_outputs/completed_matrices/HybAdamUM_completed_p65_rep18_seed72.csv,True,,Hyb-Adam-UM_NJ_p65_rep18_seed72.treefile,0.6476190476190476,105,68,37,68,0.0346882691616077,0.0174414390124637,0.8066679860818265,0.8523113333587814,45.990593177999926,True,True,True,5000,4500,0.0067273355947006,0.3192426314517985,0.0,0.0,16.0,0.6666666666666666,4.0,12.0,12.0,0.3333333333333333,0.3333333333333333,0.3333333333333333,T1|T4;T13|T14;T7|T9;T1|T4|T8;T10|T7|T9;T2|T3|T5;T2|T3|T5|T6;T10|T2|T3|T5|T6|T7|T9,T14|T15;T7|T8;T1|T2|T3;T7|T8|T9;T1|T2|T3|T4;T10|T7|T8|T9;T1|T2|T3|T4|T5;T1|T2|T3|T4|T5|T6,0.40268437355789577,0.4529940373028761,0.8799961681446868,0.9109682770060128,0.4028308976175106,0.453087271472566,0.877947988151452,0.8958532034003731,15,"{""0"":""T1"",""1"":""T2"",""2"":""T3"",""3"":""T4"",""4"":""T5"",""5"":""T6"",""6"":""T7"",""7"":""T8"",""8"":""T9"",""9"":""T10"",""10"":""T11"",""11"":""T12"",""12"":""T13"",""13"":""T14"",""14"":""T15""}"
Hyb-Adam-UM,65,19,73,HybAdamUM_completed_p65_rep19_seed73.csv,hyb_adam_um_outputs/completed_matrices/HybAdamUM_completed_p65_rep19_seed73.csv,True,,Hyb-Adam-UM_NJ_p65_rep19_seed73.treefile,0.6476190476190476,105,68,37,68,0.031246314225139,0.0149785964700334,0.8771349832809734,0.9267473374813908,46.84716122300006,True,True,True,5000,5000,0.0059536028318842,0.2781484471794491,0.0,0.0,12.0,0.5,6.0,12.0,12.0,0.5,0.5,0.5,T1|T3;T1|T3|T5;T10|T7|T8;T1|T2|T3|T5;T1|T2|T3|T5|T6;T11|T12|T13|T14|T15|T4,T2|T3;T1|T2|T3;T7|T8|T9;T1|T2|T3|T4;T1|T2|T3|T4|T5;T1|T2|T3|T4|T5|T6,0.4025712523453013,0.45136891845832033,0.9350299694018417,0.9600248807795978,0.4026228829566661,0.45152793017404397,0.9291404620850812,0.9413642960812771,15,"{""0"":""T1"",""1"":""T2"",""2"":""T3"",""3"":""T4"",""4"":""T5"",""5"":""T6"",""6"":""T7"",""7"":""T8"",""8"":""T9"",""9"":""T10"",""10"":""T11"",""11"":""T12"",""12"":""T13"",""13"":""T14"",""14"":""T15""}"
Hyb-Adam-UM,65,20,74,HybAdamUM_completed_p65_rep20_seed74.csv,hyb_adam_um_outputs/completed_matrices/HybAdamUM_completed_p65_rep20_seed74.csv,True,,Hyb-Adam-UM_NJ_p65_rep20_seed74.treefile,0.6476190476190476,105,68,37,68,0.0350448552451442,0.0161245615645263,0.8275530016293536,0.8851013474825361,46.98830516399994,True,True,True,5000,4500,0.0052080317008149,0.2453378029883918,0.0,0.0,12.0,0.5,6.0,12.0,12.0,0.5,0.5,0.5,T1|T6;T13|T15;T2|T4;T2|T4|T5;T1|T2|T4|T5|T6;T10|T3|T7|T8|T9,T14|T15;T2|T3;T1|T2|T3;T1|T2|T3|T4;T1|T2|T3|T4|T5;T1|T2|T3|T4|T5|T6,0.4037837755127184,0.45196803242550665,0.9143974204353097,0.9201326974911881,0.4037384585781965,0.4518180603835119,0.9137605033006604,0.9214700393945676,15,"{""0"":""T1"",""1"":""T2"",""2"":""T3"",""3"":""T4"",""4"":""T5"",""5"":""T6"",""6"":""T7"",""7"":""T8"",""8"":""T9"",""9"":""T10"",""10"":""T11"",""11"":""T12"",""12"":""T13"",""13"":""T14"",""14"":""T15""}"
Hyb-Adam-UM,65,21,75,HybAdamUM_completed_p65_rep21_seed75.csv,hyb_adam_um_outputs/completed_matrices/HybAdamUM_completed_p65_rep21_seed75.csv,True,,Hyb-Adam-UM_NJ_p65_rep21_seed75.treefile,0.6476190476190476,105,68,37,68,0.0486440634560444,0.0253237844925548,0.6381284987551875,0.8208955223880595,47.38017766600024,True,True,True,5000,5000,0.0055590845869159,0.2674585341207987,0.0,0.0,20.0,0.8333333333333334,2.0,12.0,12.0,0.16666666666666666,0.16666666666666666,0.16666666666666666,T1|T2;T10|T8;T11|T4;T13|T15;T3|T5;T7|T9;T1|T2|T6;T1|T2|T3|T5|T6;T11|T13|T14|T15|T4;T11|T12|T13|T14|T15|T4,T11|T12;T14|T15;T2|T3;T7|T8;T1|T2|T3;T7|T8|T9;T1|T2|T3|T4;T1|T2|T3|T4|T5;T11|T12|T13|T14|T15;T1|T2|T3|T4|T5|T6,0.3993383207179708,0.44971759798398747,0.7889745594385109,0.8891353929089778,0.4000752155437908,0.4506667075238127,0.7618482538628075,0.8571843251088533,15,"{""0"":""T1"",""1"":""T2"",""2"":""T3"",""3"":""T4"",""4"":""T5"",""5"":""T6"",""6"":""T7"",""7"":""T8"",""8"":""T9"",""9"":""T10"",""10"":""T11"",""11"":""T12"",""12"":""T13"",""13"":""T14"",""14"":""T15""}"
Hyb-Adam-UM,65,22,76,HybAdamUM_completed_p65_rep22_seed76.csv,hyb_adam_um_outputs/completed_matrices/HybAdamUM_completed_p65_rep22_seed76.csv,True,,Hyb-Adam-UM_NJ_p65_rep22_seed76.treefile,0.6476190476190476,105,68,37,68,0.0410285439971644,0.0194258675225859,0.6293417420360224,0.7692483872199105,46.73833230299988,True,True,True,5000,4500,0.00608053353474,0.2913404949378231,0.0,0.0,14.0,0.5833333333333334,5.0,12.0,12.0,0.4166666666666667,0.4166666666666667,0.4166666666666667,T13|T15;T8|T9;T10|T8|T9;T11|T12|T4;T1|T2|T3|T5;T1|T2|T3|T5|T6;T11|T12|T13|T14|T15|T4,T14|T15;T7|T8;T7|T8|T9;T1|T2|T3|T4;T1|T2|T3|T4|T5;T11|T12|T13|T14|T15;T1|T2|T3|T4|T5|T6,0.40131953376120943,0.4516469420354855,0.8030843117956025,0.9143168152602115,0.40142906906601067,0.4517418356931736,0.7967892846361325,0.8619427742069251,15,"{""0"":""T1"",""1"":""T2"",""2"":""T3"",""3"":""T4"",""4"":""T5"",""5"":""T6"",""6"":""T7"",""7"":""T8"",""8"":""T9"",""9"":""T10"",""10"":""T11"",""11"":""T12"",""12"":""T13"",""13"":""T14"",""14"":""T15""}"
Hyb-Adam-UM,65,23,77,HybAdamUM_completed_p65_rep23_seed77.csv,hyb_adam_um_outputs/completed_matrices/HybAdamUM_completed_p65_rep23_seed77.csv,True,,Hyb-Adam-UM_NJ_p65_rep23_seed77.treefile,0.6476190476190476,105,68,37,68,0.0186055970361103,0.0102214711679821,0.9383869582770752,0.8674275680421422,47.12935393999987,True,True,True,5000,4500,0.0079991349875924,0.3918678826188342,0.0,0.0,12.0,0.5,6.0,12.0,12.0,0.5,0.5,0.5,T1|T3;T13|T14;T8|T9;T10|T8|T9;T11|T13|T14|T15;T1|T2|T3|T4|T5|T6|T7,T11|T12;T14|T15;T2|T3;T7|T8;T7|T8|T9;T10|T7|T8|T9,0.402765015429305,0.45268186864344195,0.932853603702697,0.9192826041882646,0.4029432555547582,0.45301842505386386,0.9314755538186719,0.9217188471905453,15,"{""0"":""T1"",""1"":""T2"",""2"":""T3"",""3"":""T4"",""4"":""T5"",""5"":""T6"",""6"":""T7"",""7"":""T8"",""8"":""T9"",""9"":""T10"",""10"":""T11"",""11"":""T12"",""12"":""T13"",""13"":""T14"",""14"":""T15""}"
Hyb-Adam-UM,65,24,78,HybAdamUM_completed_p65_rep24_seed78.csv,hyb_adam_um_outputs/completed_matrices/HybAdamUM_completed_p65_rep24_seed78.csv,True,,Hyb-Adam-UM_NJ_p65_rep24_seed78.treefile,0.6476190476190476,105,68,37,68,0.0420293465006998,0.0227233728102456,0.7682184042180802,0.7899377791350154,47.36083986599988,True,True,True,5000,5000,0.0054793855749875,0.259211279874317,0.0,0.0,20.0,0.8333333333333334,2.0,12.0,12.0,0.16666666666666666,0.16666666666666666,0.16666666666666666,T1|T4;T13|T15;T3|T5;T8|T9;T10|T8|T9;T3|T5|T6;T11|T13|T14|T15;T3|T5|T6|T7;T1|T10|T4|T8|T9;T1|T10|T2|T4|T8|T9,T11|T12;T14|T15;T2|T3;T7|T8;T1|T2|T3;T7|T8|T9;T1|T2|T3|T4;T10|T7|T8|T9;T1|T2|T3|T4|T5;T1|T2|T3|T4|T5|T6,0.4029192355488804,0.4535237633893189,0.8724773403104188,0.880354551109268,0.40301231688889716,0.45351514128913706,0.8726118509077202,0.8701637984656851,15,"{""0"":""T1"",""1"":""T2"",""2"":""T3"",""3"":""T4"",""4"":""T5"",""5"":""T6"",""6"":""T7"",""7"":""T8"",""8"":""T9"",""9"":""T10"",""10"":""T11"",""11"":""T12"",""12"":""T13"",""13"":""T14"",""14"":""T15""}"
Hyb-Adam-UM,65,25,79,HybAdamUM_completed_p65_rep25_seed79.csv,hyb_adam_um_outputs/completed_matrices/HybAdamUM_completed_p65_rep25_seed79.csv,True,,Hyb-Adam-UM_NJ_p65_rep25_seed79.treefile,0.6476190476190476,105,68,37,68,0.0487699733920492,0.028419495717211,0.6091233066065596,0.5370843989769821,47.19953829999986,True,True,True,5000,5000,0.0064870012165302,0.3220734864547641,0.0,0.0,14.0,0.5833333333333334,5.0,12.0,12.0,0.4166666666666667,0.4166666666666667,0.4166666666666667,T10|T8;T4|T6;T10|T8|T9;T13|T14|T15|T5;T1|T10|T2|T3|T8|T9;T11|T12|T13|T14|T15|T5;T1|T10|T2|T3|T7|T8|T9,T7|T8;T7|T8|T9;T1|T2|T3|T4;T10|T7|T8|T9;T1|T2|T3|T4|T5;T11|T12|T13|T14|T15;T1|T2|T3|T4|T5|T6,0.3938722956729169,0.44959998380189586,0.7454668477164339,0.7469624714907734,0.3946957935559393,0.44997624478625925,0.7228112343717112,0.7170122330499689,15,"{""0"":""T1"",""1"":""T2"",""2"":""T3"",""3"":""T4"",""4"":""T5"",""5"":""T6"",""6"":""T7"",""7"":""T8"",""8"":""T9"",""9"":""T10"",""10"":""T11"",""11"":""T12"",""12"":""T13"",""13"":""T14"",""14"":""T15""}"
Hyb-Adam-UM,65,26,80,HybAdamUM_completed_p65_rep26_seed80.csv,hyb_adam_um_outputs/completed_matrices/HybAdamUM_completed_p65_rep26_seed80.csv,True,,Hyb-Adam-UM_NJ_p65_rep26_seed80.treefile,0.6476190476190476,105,68,37,68,0.0206470743912889,0.0111172613952204,0.9219168069386652,0.8606710692063976,47.14537598200013,True,True,True,5000,5000,0.0082808980828257,0.405693179169828,0.0,0.0,10.0,0.4166666666666667,7.0,12.0,12.0,0.5833333333333334,0.5833333333333334,0.5833333333333334,T1|T3;T10|T7;T8|T9;T1|T3|T4;T12|T13|T14|T15,T11|T12;T2|T3;T7|T8;T1|T2|T3;T7|T8|T9,0.40132921992901316,0.4517667967071807,0.9320473251846325,0.9195936139332366,0.4014416100860631,0.4520198842677402,0.9286976816469287,0.907764876632801,15,"{""0"":""T1"",""1"":""T2"",""2"":""T3"",""3"":""T4"",""4"":""T5"",""5"":""T6"",""6"":""T7"",""7"":""T8"",""8"":""T9"",""9"":""T10"",""10"":""T11"",""11"":""T12"",""12"":""T13"",""13"":""T14"",""14"":""T15""}"
Hyb-Adam-UM,65,27,81,HybAdamUM_completed_p65_rep27_seed81.csv,hyb_adam_um_outputs/completed_matrices/HybAdamUM_completed_p65_rep27_seed81.csv,True,,Hyb-Adam-UM_NJ_p65_rep27_seed81.treefile,0.6476190476190476,105,68,37,68,0.019683382433352,0.0102543832247826,0.931121122305778,0.8847196243844715,46.60103378099984,True,True,True,5000,5000,0.0062056739473557,0.3002122633567224,0.0,0.0,6.0,0.25,9.0,12.0,12.0,0.75,0.75,0.75,T1|T3;T1|T2|T3|T4|T6;T11|T12|T13|T14|T15|T5,T2|T3;T1|T2|T3|T4|T5;T1|T2|T3|T4|T5|T6,0.4025430105221017,0.453598800398765,0.9331152581368428,0.9497511922040224,0.4026785621811111,0.45368084442355905,0.9318823733912808,0.9458635703918722,15,"{""0"":""T1"",""1"":""T2"",""2"":""T3"",""3"":""T4"",""4"":""T5"",""5"":""T6"",""6"":""T7"",""7"":""T8"",""8"":""T9"",""9"":""T10"",""10"":""T11"",""11"":""T12"",""12"":""T13"",""13"":""T14"",""14"":""T15""}"
Hyb-Adam-UM,65,28,82,HybAdamUM_completed_p65_rep28_seed82.csv,hyb_adam_um_outputs/completed_matrices/HybAdamUM_completed_p65_rep28_seed82.csv,True,,Hyb-Adam-UM_NJ_p65_rep28_seed82.treefile,0.6476190476190476,105,68,37,68,0.0441855358616195,0.025975134796699,0.7062990547245893,0.468412413635149,46.928825856,True,True,True,5000,5000,0.0068545276238228,0.3249263201426436,0.0,0.0,16.0,0.6666666666666666,4.0,12.0,12.0,0.3333333333333333,0.3333333333333333,0.3333333333333333,T1|T4;T1|T2|T4;T10|T7|T8;T14|T15|T6;T1|T2|T4|T5;T13|T14|T15|T6;T1|T2|T3|T4|T5|T9;T11|T12|T13|T14|T15|T6,T2|T3;T1|T2|T3;T13|T14|T15;T7|T8|T9;T1|T2|T3|T4;T10|T7|T8|T9;T11|T12|T13|T14|T15;T1|T2|T3|T4|T5|T6,0.3950725363899225,0.4509713864284185,0.7611103617098046,0.6088015757827079,0.3952745755989317,0.4511751886502791,0.7591297162674842,0.5946091644204851,15,"{""0"":""T1"",""1"":""T2"",""2"":""T3"",""3"":""T4"",""4"":""T5"",""5"":""T6"",""6"":""T7"",""7"":""T8"",""8"":""T9"",""9"":""T10"",""10"":""T11"",""11"":""T12"",""12"":""T13"",""13"":""T14"",""14"":""T15""}"
Hyb-Adam-UM,65,29,83,HybAdamUM_completed_p65_rep29_seed83.csv,hyb_adam_um_outputs/completed_matrices/HybAdamUM_completed_p65_rep29_seed83.csv,True,,Hyb-Adam-UM_NJ_p65_rep29_seed83.treefile,0.6476190476190476,105,68,37,68,0.0250115102972979,0.0130799865350532,0.9220971186016927,0.883040042752987,46.61786378399984,True,True,True,5000,4500,0.005426876087574,0.2556392049416842,0.0,0.0,12.0,0.5,6.0,12.0,12.0,0.5,0.5,0.5,T1|T2;T3|T5;T1|T2|T4;T10|T11|T12|T13|T14|T15;T1|T2|T3|T4|T5|T6|T7;T10|T11|T12|T13|T14|T15|T8,T2|T3;T7|T8;T1|T2|T3;T7|T8|T9;T1|T2|T3|T4;T10|T7|T8|T9,0.40146110593251777,0.45262989112112983,0.9274500287040489,0.9427223719676548,0.40162184789912386,0.45281798512623134,0.9256473392911869,0.914710760937176,15,"{""0"":""T1"",""1"":""T2"",""2"":""T3"",""3"":""T4"",""4"":""T5"",""5"":""T6"",""6"":""T7"",""7"":""T8"",""8"":""T9"",""9"":""T10"",""10"":""T11"",""11"":""T12"",""12"":""T13"",""13"":""T14"",""14"":""T15""}"
Hyb-Adam-UM,65,30,84,HybAdamUM_completed_p65_rep30_seed84.csv,hyb_adam_um_outputs/completed_matrices/HybAdamUM_completed_p65_rep30_seed84.csv,True,,Hyb-Adam-UM_NJ_p65_rep30_seed84.treefile,0.6476190476190476,105,68,37,68,0.0459133537213413,0.025725766918934,0.6436228570403578,0.4040157269916402,46.93621641500022,True,True,True,5000,5000,0.0087062674539575,0.4310373489908543,0.0,0.0,16.0,0.6666666666666666,4.0,12.0,12.0,0.3333333333333333,0.3333333333333333,0.3333333333333333,T10|T7;T14|T5;T10|T7|T9;T14|T15|T5;T13|T14|T15|T5;T1|T2|T3|T4|T6;T11|T13|T14|T15|T5;T11|T12|T13|T14|T15|T5,T11|T12;T14|T15;T7|T8;T13|T14|T15;T7|T8|T9;T1|T2|T3|T4|T5;T11|T12|T13|T14|T15;T1|T2|T3|T4|T5|T6,0.3941026806241862,0.44927074970543485,0.7240523386051171,0.5997926601700188,0.39449118439125,0.44951941771254394,0.7219052676167934,0.5923076923076922,15,"{""0"":""T1"",""1"":""T2"",""2"":""T3"",""3"":""T4"",""4"":""T5"",""5"":""T6"",""6"":""T7"",""7"":""T8"",""8"":""T9"",""9"":""T10"",""10"":""T11"",""11"":""T12"",""12"":""T13"",""13"":""T14"",""14"":""T15""}"
Hyb-Adam-UM,85,1,55,HybAdamUM_completed_p85_rep01_seed55.csv,hyb_adam_um_outputs/completed_matrices/HybAdamUM_completed_p85_rep01_seed55.csv,True,,Hyb-Adam-UM_NJ_p85_rep01_seed55.treefile,0.8476190476190476,105,89,16,89,0.0646010930912015,0.0412355626533791,0.3387116312465317,0.2264555669050051,61.29837066300024,True,True,True,5000,4500,0.00072437519627,0.0333557952329126,0.0,0.0,22.0,0.9166666666666666,1.0,12.0,12.0,0.08333333333333333,0.08333333333333333,0.08333333333333333,T1|T12;T13|T5;T3|T6;T8|T9;T1|T12|T7;T2|T8|T9;T1|T12|T14|T15|T7;T2|T3|T6|T8|T9;T10|T2|T3|T6|T8|T9;T1|T12|T13|T14|T15|T5|T7;T10|T2|T3|T4|T6|T8|T9,T11|T12;T2|T3;T7|T8;T1|T2|T3;T13|T14|T15;T7|T8|T9;T1|T2|T3|T4;T10|T7|T8|T9;T1|T2|T3|T4|T5;T11|T12|T13|T14|T15;T1|T2|T3|T4|T5|T6,0.3898411041932725,0.4456935739096474,0.41924372746664934,0.294277420692515,0.3900181866803602,0.4458097531069822,0.41595990283352985,0.28769438109060747,15,"{""0"":""T1"",""1"":""T2"",""2"":""T3"",""3"":""T4"",""4"":""T5"",""5"":""T6"",""6"":""T7"",""7"":""T8"",""8"":""T9"",""9"":""T10"",""10"":""T11"",""11"":""T12"",""12"":""T13"",""13"":""T14"",""14"":""T15""}"
Hyb-Adam-UM,85,2,56,HybAdamUM_completed_p85_rep02_seed56.csv,hyb_adam_um_outputs/completed_matrices/HybAdamUM_completed_p85_rep02_seed56.csv,True,,Hyb-Adam-UM_NJ_p85_rep02_seed56.treefile,0.8476190476190476,105,89,16,89,0.0469216603646495,0.0281909020283875,0.6642941080814284,0.7212121212121213,61.35757122900032,True,True,True,5000,5000,0.0022441537910477,0.1059505894681187,0.0,0.0,20.0,0.8333333333333334,2.0,12.0,12.0,0.16666666666666666,0.16666666666666666,0.16666666666666666,T10|T8;T13|T14;T7|T9;T1|T7|T9;T2|T3|T6;T1|T12|T7|T9;T2|T3|T5|T6;T1|T11|T12|T7|T9;T10|T2|T3|T5|T6|T8;T10|T2|T3|T4|T5|T6|T8,T11|T12;T14|T15;T7|T8;T1|T2|T3;T7|T8|T9;T1|T2|T3|T4;T10|T7|T8|T9;T1|T2|T3|T4|T5;T11|T12|T13|T14|T15;T1|T2|T3|T4|T5|T6,0.3988835968104913,0.45199694464618057,0.7379011118008799,0.7891664938834749,0.3989292082784861,0.45197238429670383,0.7402140567031755,0.77911051212938,15,"{""0"":""T1"",""1"":""T2"",""2"":""T3"",""3"":""T4"",""4"":""T5"",""5"":""T6"",""6"":""T7"",""7"":""T8"",""8"":""T9"",""9"":""T10"",""10"":""T11"",""11"":""T12"",""12"":""T13"",""13"":""T14"",""14"":""T15""}"
Hyb-Adam-UM,85,3,57,HybAdamUM_completed_p85_rep03_seed57.csv,hyb_adam_um_outputs/completed_matrices/HybAdamUM_completed_p85_rep03_seed57.csv,True,,Hyb-Adam-UM_NJ_p85_rep03_seed57.treefile,0.8476190476190476,105,89,16,89,0.0615775576286612,0.0427000282515285,0.4642985447151169,0.199063670411985,60.03246563599987,True,True,True,5000,5000,0.0009879311738567,0.0448952206840338,0.0,0.0,22.0,0.9166666666666666,1.0,12.0,12.0,0.08333333333333333,0.08333333333333333,0.08333333333333333,T1|T3;T11|T9;T13|T7;T2|T6;T1|T3|T4;T2|T6|T8;T10|T2|T6|T8;T11|T13|T7|T9;T10|T2|T5|T6|T8;T10|T12|T2|T5|T6|T8;T11|T13|T14|T15|T7|T9,T11|T12;T2|T3;T7|T8;T1|T2|T3;T13|T14|T15;T7|T8|T9;T1|T2|T3|T4;T10|T7|T8|T9;T1|T2|T3|T4|T5;T11|T12|T13|T14|T15;T1|T2|T3|T4|T5|T6,0.380076268630893,0.43950278720220215,0.5280774028180484,0.32988803649181003,0.3801033945753344,0.4395513879188336,0.5266368180611632,0.32181215011403685,15,"{""0"":""T1"",""1"":""T2"",""2"":""T3"",""3"":""T4"",""4"":""T5"",""5"":""T6"",""6"":""T7"",""7"":""T8"",""8"":""T9"",""9"":""T10"",""10"":""T11"",""11"":""T12"",""12"":""T13"",""13"":""T14"",""14"":""T15""}"
Hyb-Adam-UM,85,4,58,HybAdamUM_completed_p85_rep04_seed58.csv,hyb_adam_um_outputs/completed_matrices/HybAdamUM_completed_p85_rep04_seed58.csv,True,,Hyb-Adam-UM_NJ_p85_rep04_seed58.treefile,0.8476190476190476,105,89,16,89,0.053814857804591,0.0325273040318642,0.4926177003041269,0.4907388491658155,60.10261099399986,True,True,True,5000,5000,0.0009806260304025,0.0446451253321799,0.0,0.0,18.0,0.75,3.0,12.0,12.0,0.25,0.25,0.25,T1|T2;T5|T6;T8|T9;T11|T12|T4;T3|T5|T6;T1|T2|T8|T9;T13|T14|T15|T7;T1|T2|T3|T5|T6|T8|T9;T11|T12|T13|T14|T15|T4|T7,T2|T3;T7|T8;T1|T2|T3;T7|T8|T9;T1|T2|T3|T4;T10|T7|T8|T9;T1|T2|T3|T4|T5;T11|T12|T13|T14|T15;T1|T2|T3|T4|T5|T6,0.3950625480089454,0.45029067684762275,0.5784621756392415,0.6275347294215219,0.39507097644313455,0.4502901890724691,0.5787012534655145,0.6081795562927638,15,"{""0"":""T1"",""1"":""T2"",""2"":""T3"",""3"":""T4"",""4"":""T5"",""5"":""T6"",""6"":""T7"",""7"":""T8"",""8"":""T9"",""9"":""T10"",""10"":""T11"",""11"":""T12"",""12"":""T13"",""13"":""T14"",""14"":""T15""}"
Hyb-Adam-UM,85,5,59,HybAdamUM_completed_p85_rep05_seed59.csv,hyb_adam_um_outputs/completed_matrices/HybAdamUM_completed_p85_rep05_seed59.csv,True,,Hyb-Adam-UM_NJ_p85_rep05_seed59.treefile,0.8476190476190476,105,89,16,89,0.0699514315576517,0.0490580497673304,0.2560460579987225,0.292628532516173,60.873712652,True,True,True,5000,5000,0.001170215179762,0.0535929422711201,0.0,0.0,24.0,1.0,0.0,12.0,12.0,0.0,0.0,,T1|T2;T10|T9;T15|T7;T3|T8;T1|T11|T2;T12|T3|T8;T15|T6|T7;T1|T11|T2|T4;T1|T11|T2|T4|T5;T10|T12|T3|T8|T9;T1|T11|T13|T2|T4|T5;T1|T11|T13|T14|T2|T4|T5,T11|T12;T14|T15;T2|T3;T7|T8;T1|T2|T3;T13|T14|T15;T7|T8|T9;T1|T2|T3|T4;T10|T7|T8|T9;T1|T2|T3|T4|T5;T11|T12|T13|T14|T15;T1|T2|T3|T4|T5|T6,0.38050157351174363,0.4421584705920884,0.28337005025893336,0.3430437487041261,0.38057090086397266,0.44221661858296124,0.2847223068093791,0.34332365747460086,15,"{""0"":""T1"",""1"":""T2"",""2"":""T3"",""3"":""T4"",""4"":""T5"",""5"":""T6"",""6"":""T7"",""7"":""T8"",""8"":""T9"",""9"":""T10"",""10"":""T11"",""11"":""T12"",""12"":""T13"",""13"":""T14"",""14"":""T15""}"
Hyb-Adam-UM,85,6,60,HybAdamUM_completed_p85_rep06_seed60.csv,hyb_adam_um_outputs/completed_matrices/HybAdamUM_completed_p85_rep06_seed60.csv,True,,Hyb-Adam-UM_NJ_p85_rep06_seed60.treefile,0.8476190476190476,105,89,16,89,0.0628394864951984,0.0381384758703258,0.3621257734977751,0.5078821927136534,61.36753052299992,True,True,True,5000,4500,0.000711966538628,0.032654397687556,0.0,0.0,20.0,0.8333333333333334,2.0,12.0,12.0,0.16666666666666666,0.16666666666666666,0.16666666666666666,T1|T6;T2|T4;T7|T9;T10|T7|T9;T13|T2|T4;T10|T3|T7|T9;T13|T2|T4|T8;T1|T10|T3|T6|T7|T9;T13|T14|T15|T2|T4|T8;T1|T10|T3|T5|T6|T7|T9,T2|T3;T7|T8;T1|T2|T3;T13|T14|T15;T7|T8|T9;T1|T2|T3|T4;T10|T7|T8|T9;T1|T2|T3|T4|T5;T11|T12|T13|T14|T15;T1|T2|T3|T4|T5|T6,0.39111731688494666,0.4444396293991751,0.5098433749490949,0.6660273688575575,0.39118147997391267,0.4444890598227195,0.5066441617082708,0.5617043334024466,15,"{""0"":""T1"",""1"":""T2"",""2"":""T3"",""3"":""T4"",""4"":""T5"",""5"":""T6"",""6"":""T7"",""7"":""T8"",""8"":""T9"",""9"":""T10"",""10"":""T11"",""11"":""T12"",""12"":""T13"",""13"":""T14"",""14"":""T15""}"
Hyb-Adam-UM,85,7,61,HybAdamUM_completed_p85_rep07_seed61.csv,hyb_adam_um_outputs/completed_matrices/HybAdamUM_completed_p85_rep07_seed61.csv,True,,Hyb-Adam-UM_NJ_p85_rep07_seed61.treefile,0.8476190476190476,105,89,16,89,0.0590706106662018,0.0361919301856757,0.4370875613466443,0.6415900578821927,61.35864792800021,True,True,True,5000,5000,0.0008237983241704,0.0375910910690872,0.0,0.0,20.0,0.8333333333333334,2.0,12.0,12.0,0.16666666666666666,0.16666666666666666,0.16666666666666666,T1|T6;T13|T8;T2|T4;T7|T9;T10|T7|T9;T1|T11|T12|T6;T13|T14|T15|T8;T1|T11|T12|T3|T6;T10|T2|T4|T7|T9;T10|T2|T4|T5|T7|T9,T2|T3;T7|T8;T1|T2|T3;T13|T14|T15;T7|T8|T9;T1|T2|T3|T4;T10|T7|T8|T9;T1|T2|T3|T4|T5;T11|T12|T13|T14|T15;T1|T2|T3|T4|T5|T6,0.3927912162772239,0.4472286004929086,0.5516541069408932,0.6412813601492846,0.39277641788152684,0.44720424046471635,0.5528665963198982,0.6865643790172092,15,"{""0"":""T1"",""1"":""T2"",""2"":""T3"",""3"":""T4"",""4"":""T5"",""5"":""T6"",""6"":""T7"",""7"":""T8"",""8"":""T9"",""9"":""T10"",""10"":""T11"",""11"":""T12"",""12"":""T13"",""13"":""T14"",""14"":""T15""}"
Hyb-Adam-UM,85,8,62,HybAdamUM_completed_p85_rep08_seed62.csv,hyb_adam_um_outputs/completed_matrices/HybAdamUM_completed_p85_rep08_seed62.csv,True,,Hyb-Adam-UM_NJ_p85_rep08_seed62.treefile,0.8476190476190476,105,89,16,89,0.0504473958555646,0.0295235836206348,0.5776309045527863,0.6722505958461016,61.21462867000082,True,True,True,5000,4500,0.0010273540921619,0.0475033093677229,0.0,0.0,20.0,0.8333333333333334,2.0,12.0,12.0,0.16666666666666666,0.16666666666666666,0.16666666666666666,T1|T2;T13|T14;T3|T9;T4|T5;T1|T2|T6;T3|T7|T9;T1|T10|T2|T6;T3|T4|T5|T7|T9;T1|T10|T11|T12|T2|T6;T3|T4|T5|T7|T8|T9,T14|T15;T2|T3;T7|T8;T1|T2|T3;T7|T8|T9;T1|T2|T3|T4;T10|T7|T8|T9;T1|T2|T3|T4|T5;T11|T12|T13|T14|T15;T1|T2|T3|T4|T5|T6,0.39500573319984605,0.44934483347628795,0.671012773043591,0.7641094754302301,0.3950008710363021,0.44932290249636125,0.6716299575847311,0.7193448061372589,15,"{""0"":""T1"",""1"":""T2"",""2"":""T3"",""3"":""T4"",""4"":""T5"",""5"":""T6"",""6"":""T7"",""7"":""T8"",""8"":""T9"",""9"":""T10"",""10"":""T11"",""11"":""T12"",""12"":""T13"",""13"":""T14"",""14"":""T15""}"
Hyb-Adam-UM,85,9,63,HybAdamUM_completed_p85_rep09_seed63.csv,hyb_adam_um_outputs/completed_matrices/HybAdamUM_completed_p85_rep09_seed63.csv,True,,Hyb-Adam-UM_NJ_p85_rep09_seed63.treefile,0.8476190476190476,105,89,16,89,0.043947630132785,0.0233456677170313,0.6642586981106955,0.8071331290432415,59.44058159799988,True,True,True,5000,4500,0.0023059307301129,0.1082624204058085,0.0,0.0,18.0,0.75,3.0,12.0,12.0,0.25,0.25,0.25,T1|T2;T10|T9;T3|T7;T1|T2|T6;T11|T12|T4;T1|T2|T5|T6;T1|T2|T3|T5|T6|T7;T11|T12|T13|T14|T15|T4;T11|T12|T13|T14|T15|T4|T8,T2|T3;T7|T8;T1|T2|T3;T7|T8|T9;T1|T2|T3|T4;T10|T7|T8|T9;T1|T2|T3|T4|T5;T11|T12|T13|T14|T15;T1|T2|T3|T4|T5|T6,0.4016871689671702,0.4538623865339995,0.7496516285033168,0.8282189508604603,0.40169320937651437,0.45387927030280134,0.7486895183748621,0.8300953763217914,15,"{""0"":""T1"",""1"":""T2"",""2"":""T3"",""3"":""T4"",""4"":""T5"",""5"":""T6"",""6"":""T7"",""7"":""T8"",""8"":""T9"",""9"":""T10"",""10"":""T11"",""11"":""T12"",""12"":""T13"",""13"":""T14"",""14"":""T15""}"
Hyb-Adam-UM,85,10,64,HybAdamUM_completed_p85_rep10_seed64.csv,hyb_adam_um_outputs/completed_matrices/HybAdamUM_completed_p85_rep10_seed64.csv,True,,Hyb-Adam-UM_NJ_p85_rep10_seed64.treefile,0.8476190476190476,105,89,16,89,0.0613900598247775,0.0403543471997109,0.4687046094422947,0.5603506979911476,60.712495916999615,True,True,True,5000,5000,0.0007205364071046,0.032963399495009,0.0,0.0,24.0,1.0,0.0,12.0,12.0,0.0,0.0,,T1|T6;T12|T8;T3|T5;T7|T9;T1|T10|T6;T12|T14|T8;T2|T7|T9;T12|T14|T15|T8;T2|T4|T7|T9;T1|T10|T3|T5|T6;T11|T2|T4|T7|T9;T12|T13|T14|T15|T8,T11|T12;T14|T15;T2|T3;T7|T8;T1|T2|T3;T13|T14|T15;T7|T8|T9;T1|T2|T3|T4;T10|T7|T8|T9;T1|T2|T3|T4|T5;T11|T12|T13|T14|T15;T1|T2|T3|T4|T5|T6,0.38836056227662624,0.4438605074407548,0.5354595455803624,0.5942463197180178,0.3883650779951588,0.4438647382518535,0.534692092601495,0.5881816296910637,15,"{""0"":""T1"",""1"":""T2"",""2"":""T3"",""3"":""T4"",""4"":""T5"",""5"":""T6"",""6"":""T7"",""7"":""T8"",""8"":""T9"",""9"":""T10"",""10"":""T11"",""11"":""T12"",""12"":""T13"",""13"":""T14"",""14"":""T15""}"
Hyb-Adam-UM,85,11,65,HybAdamUM_completed_p85_rep11_seed65.csv,hyb_adam_um_outputs/completed_matrices/HybAdamUM_completed_p85_rep11_seed65.csv,True,,Hyb-Adam-UM_NJ_p85_rep11_seed65.treefile,0.8476190476190476,105,89,16,89,0.0593925586168014,0.0368036595353228,0.4523570350425592,0.2077970718420157,60.36431443699985,True,True,True,5000,5000,0.0015773075901009,0.0730386670426427,0.0,0.0,24.0,1.0,0.0,12.0,12.0,0.0,0.0,,T1|T3;T12|T2;T13|T14;T1|T3|T5;T11|T12|T2;T1|T3|T4|T5;T11|T12|T2|T9;T1|T3|T4|T5|T6;T1|T3|T4|T5|T6|T8;T11|T12|T13|T14|T2|T9;T1|T10|T3|T4|T5|T6|T8;T11|T12|T13|T14|T2|T7|T9,T11|T12;T14|T15;T2|T3;T7|T8;T1|T2|T3;T13|T14|T15;T7|T8|T9;T1|T2|T3|T4;T10|T7|T8|T9;T1|T2|T3|T4|T5;T11|T12|T13|T14|T15;T1|T2|T3|T4|T5|T6,0.38675057679100455,0.4418569156959832,0.5590476720819337,0.333599419448476,0.3867038487303872,0.44184873054525664,0.5593289686043448,0.31912709931577854,15,"{""0"":""T1"",""1"":""T2"",""2"":""T3"",""3"":""T4"",""4"":""T5"",""5"":""T6"",""6"":""T7"",""7"":""T8"",""8"":""T9"",""9"":""T10"",""10"":""T11"",""11"":""T12"",""12"":""T13"",""13"":""T14"",""14"":""T15""}"
Hyb-Adam-UM,85,12,66,HybAdamUM_completed_p85_rep12_seed66.csv,hyb_adam_um_outputs/completed_matrices/HybAdamUM_completed_p85_rep12_seed66.csv,True,,Hyb-Adam-UM_NJ_p85_rep12_seed66.treefile,0.8476190476190476,105,89,16,89,0.0587872797466285,0.0356610895576232,0.4535842525909656,0.6117126319373511,60.786241757000425,True,True,True,5000,4500,0.0006509128987655,0.0293477563436653,0.0,0.0,22.0,0.9166666666666666,1.0,12.0,12.0,0.08333333333333333,0.08333333333333333,0.08333333333333333,T11|T3;T13|T14;T15|T9;T4|T6;T15|T5|T9;T2|T7|T8;T13|T14|T15|T5|T9;T2|T4|T6|T7|T8;T1|T2|T4|T6|T7|T8;T1|T10|T2|T4|T6|T7|T8;T11|T13|T14|T15|T3|T5|T9,T11|T12;T14|T15;T2|T3;T1|T2|T3;T13|T14|T15;T7|T8|T9;T1|T2|T3|T4;T10|T7|T8|T9;T1|T2|T3|T4|T5;T11|T12|T13|T14|T15;T1|T2|T3|T4|T5|T6,0.3916670526555141,0.4480593739046397,0.5332862222109631,0.6210346257516068,0.3916579508579808,0.44803709041649076,0.5339678079028003,0.6491913746630728,15,"{""0"":""T1"",""1"":""T2"",""2"":""T3"",""3"":""T4"",""4"":""T5"",""5"":""T6"",""6"":""T7"",""7"":""T8"",""8"":""T9"",""9"":""T10"",""10"":""T11"",""11"":""T12"",""12"":""T13"",""13"":""T14"",""14"":""T15""}"
Hyb-Adam-UM,85,13,67,HybAdamUM_completed_p85_rep13_seed67.csv,hyb_adam_um_outputs/completed_matrices/HybAdamUM_completed_p85_rep13_seed67.csv,True,,Hyb-Adam-UM_NJ_p85_rep13_seed67.treefile,0.8476190476190476,105,89,16,89,0.0626491238750472,0.0418061275086406,0.4221014173021281,0.2383724889342867,61.57778042499922,True,True,True,5000,5000,0.0013547564007674,0.0625797604393017,0.0,0.0,24.0,1.0,0.0,12.0,12.0,0.0,0.0,,T1|T11;T13|T15;T2|T4;T6|T7;T8|T9;T10|T6|T7;T2|T4|T5;T3|T8|T9;T10|T14|T6|T7;T10|T12|T14|T6|T7;T2|T3|T4|T5|T8|T9;T10|T12|T13|T14|T15|T6|T7,T11|T12;T14|T15;T2|T3;T7|T8;T1|T2|T3;T13|T14|T15;T7|T8|T9;T1|T2|T3|T4;T10|T7|T8|T9;T1|T2|T3|T4|T5;T11|T12|T13|T14|T15;T1|T2|T3|T4|T5|T6,0.385394715720189,0.44413594500518455,0.4586872165573435,0.27946298984034834,0.38557656039651134,0.4442237775620176,0.45159918610938427,0.3034211071946921,15,"{""0"":""T1"",""1"":""T2"",""2"":""T3"",""3"":""T4"",""4"":""T5"",""5"":""T6"",""6"":""T7"",""7"":""T8"",""8"":""T9"",""9"":""T10"",""10"":""T11"",""11"":""T12"",""12"":""T13"",""13"":""T14"",""14"":""T15""}"
Hyb-Adam-UM,85,14,68,HybAdamUM_completed_p85_rep14_seed68.csv,hyb_adam_um_outputs/completed_matrices/HybAdamUM_completed_p85_rep14_seed68.csv,True,,Hyb-Adam-UM_NJ_p85_rep14_seed68.treefile,0.8476190476190476,105,89,16,89,0.0519643424194543,0.0283677745659426,0.5584344767625041,0.6871467483827035,60.772518167999806,True,True,True,5000,4500,0.0005949199213205,0.0269252729037805,0.0,0.0,22.0,0.9166666666666666,1.0,12.0,12.0,0.08333333333333333,0.08333333333333333,0.08333333333333333,T10|T9;T13|T14;T15|T2;T3|T6;T1|T10|T9;T5|T7|T8;T13|T14|T15|T2;T12|T13|T14|T15|T2;T3|T5|T6|T7|T8;T11|T12|T13|T14|T15|T2;T3|T4|T5|T6|T7|T8,T11|T12;T14|T15;T2|T3;T1|T2|T3;T13|T14|T15;T7|T8|T9;T1|T2|T3|T4;T10|T7|T8|T9;T1|T2|T3|T4|T5;T11|T12|T13|T14|T15;T1|T2|T3|T4|T5|T6,0.39824125684269973,0.4505860303319303,0.6902461322454913,0.7777524362430023,0.3982477632212278,0.45059530995909414,0.6891189261792893,0.7332573087290069,15,"{""0"":""T1"",""1"":""T2"",""2"":""T3"",""3"":""T4"",""4"":""T5"",""5"":""T6"",""6"":""T7"",""7"":""T8"",""8"":""T9"",""9"":""T10"",""10"":""T11"",""11"":""T12"",""12"":""T13"",""13"":""T14"",""14"":""T15""}"
Hyb-Adam-UM,85,15,69,HybAdamUM_completed_p85_rep15_seed69.csv,hyb_adam_um_outputs/completed_matrices/HybAdamUM_completed_p85_rep15_seed69.csv,True,,Hyb-Adam-UM_NJ_p85_rep15_seed69.treefile,0.8476190476190476,105,89,16,89,0.0586459768087465,0.0365616589735072,0.5511805040727636,0.7332652366360233,60.58101790100045,True,True,True,5000,4500,0.0010115382680749,0.0461626537334821,0.0,0.0,22.0,0.9166666666666666,1.0,12.0,12.0,0.08333333333333333,0.08333333333333333,0.08333333333333333,T1|T12;T13|T15;T2|T8;T3|T6;T4|T5;T1|T12|T9;T11|T4|T5;T3|T6|T7;T10|T3|T6|T7;T10|T2|T3|T6|T7|T8;T11|T13|T14|T15|T4|T5,T11|T12;T14|T15;T2|T3;T7|T8;T1|T2|T3;T7|T8|T9;T1|T2|T3|T4;T10|T7|T8|T9;T1|T2|T3|T4|T5;T11|T12|T13|T14|T15;T1|T2|T3|T4|T5|T6,0.390749480017897,0.44557542868930966,0.6098901646649619,0.7641924113622226,0.39076042766818153,0.44559432682764827,0.6078007611993448,0.7397366784159237,15,"{""0"":""T1"",""1"":""T2"",""2"":""T3"",""3"":""T4"",""4"":""T5"",""5"":""T6"",""6"":""T7"",""7"":""T8"",""8"":""T9"",""9"":""T10"",""10"":""T11"",""11"":""T12"",""12"":""T13"",""13"":""T14"",""14"":""T15""}"
Hyb-Adam-UM,85,16,70,HybAdamUM_completed_p85_rep16_seed70.csv,hyb_adam_um_outputs/completed_matrices/HybAdamUM_completed_p85_rep16_seed70.csv,True,,Hyb-Adam-UM_NJ_p85_rep16_seed70.treefile,0.8476190476190476,105,89,16,89,0.0641070902780866,0.045907652643232,0.4453172452799794,-0.0145386448757235,60.00690259800013,True,True,True,5000,4500,0.0022188993561066,0.1244149772799561,0.0,0.0,22.0,0.9166666666666666,1.0,12.0,12.0,0.08333333333333333,0.08333333333333333,0.08333333333333333,T1|T3;T12|T5;T12|T5|T6;T1|T2|T3|T7;T12|T15|T5|T6;T1|T2|T3|T7|T8;T10|T12|T15|T5|T6;T1|T2|T3|T4|T7|T8;T10|T12|T15|T5|T6|T9;T1|T11|T2|T3|T4|T7|T8;T10|T12|T14|T15|T5|T6|T9,T11|T12;T14|T15;T2|T3;T7|T8;T13|T14|T15;T7|T8|T9;T1|T2|T3|T4;T10|T7|T8|T9;T1|T2|T3|T4|T5;T11|T12|T13|T14|T15;T1|T2|T3|T4|T5|T6,0.37543103349795937,0.438689582185905,0.46324226840246846,0.007806344598797429,0.3760852020925479,0.4389231708028677,0.44560141105150636,0.03048932199875596,15,"{""0"":""T1"",""1"":""T2"",""2"":""T3"",""3"":""T4"",""4"":""T5"",""5"":""T6"",""6"":""T7"",""7"":""T8"",""8"":""T9"",""9"":""T10"",""10"":""T11"",""11"":""T12"",""12"":""T13"",""13"":""T14"",""14"":""T15""}"
Hyb-Adam-UM,85,17,71,HybAdamUM_completed_p85_rep17_seed71.csv,hyb_adam_um_outputs/completed_matrices/HybAdamUM_completed_p85_rep17_seed71.csv,True,,Hyb-Adam-UM_NJ_p85_rep17_seed71.treefile,0.8476190476190476,105,89,16,89,0.0398200218256183,0.0258570711742843,0.7338779194254269,0.7413517194416073,60.36079709899968,True,True,True,5000,5000,0.0017692689713741,0.0821565669903301,0.0,0.0,22.0,0.9166666666666666,1.0,12.0,12.0,0.08333333333333333,0.08333333333333333,0.08333333333333333,T1|T2;T13|T8;T3|T5;T7|T9;T1|T2|T6;T11|T13|T8;T3|T4|T5;T11|T13|T14|T15|T8;T3|T4|T5|T7|T9;T11|T12|T13|T14|T15|T8;T10|T11|T12|T13|T14|T15|T8,T11|T12;T2|T3;T7|T8;T1|T2|T3;T13|T14|T15;T7|T8|T9;T1|T2|T3|T4;T10|T7|T8|T9;T1|T2|T3|T4|T5;T11|T12|T13|T14|T15;T1|T2|T3|T4|T5|T6,0.402507821525996,0.4572104522179698,0.7731533427051137,0.7845739166493882,0.40256664957595023,0.4572610955810866,0.7723408792156481,0.7860252954592576,15,"{""0"":""T1"",""1"":""T2"",""2"":""T3"",""3"":""T4"",""4"":""T5"",""5"":""T6"",""6"":""T7"",""7"":""T8"",""8"":""T9"",""9"":""T10"",""10"":""T11"",""11"":""T12"",""12"":""T13"",""13"":""T14"",""14"":""T15""}"
Hyb-Adam-UM,85,18,72,HybAdamUM_completed_p85_rep18_seed72.csv,hyb_adam_um_outputs/completed_matrices/HybAdamUM_completed_p85_rep18_seed72.csv,True,,Hyb-Adam-UM_NJ_p85_rep18_seed72.treefile,0.8476190476190476,105,89,16,89,0.0555999320645175,0.0361512919260405,0.5133926263758951,0.4277664283282262,59.07714679699984,True,True,True,5000,5000,0.0013540263534964,0.0620101544346642,0.0,0.0,24.0,1.0,0.0,12.0,12.0,0.0,0.0,,T1|T9;T10|T12;T13|T4;T2|T5;T3|T6;T10|T12|T14;T1|T2|T5|T9;T1|T2|T5|T7|T9;T10|T12|T13|T14|T4;T1|T2|T5|T7|T8|T9;T10|T12|T13|T14|T15|T4;T10|T11|T12|T13|T14|T15|T4,T11|T12;T14|T15;T2|T3;T7|T8;T1|T2|T3;T13|T14|T15;T7|T8|T9;T1|T2|T3|T4;T10|T7|T8|T9;T1|T2|T3|T4|T5;T11|T12|T13|T14|T15;T1|T2|T3|T4|T5|T6,0.39349393900962654,0.44871812938551414,0.5629815402664883,0.5234605017623886,0.39353142079614517,0.44873348388830014,0.5635430713266711,0.47356417167737924,15,"{""0"":""T1"",""1"":""T2"",""2"":""T3"",""3"":""T4"",""4"":""T5"",""5"":""T6"",""6"":""T7"",""7"":""T8"",""8"":""T9"",""9"":""T10"",""10"":""T11"",""11"":""T12"",""12"":""T13"",""13"":""T14"",""14"":""T15""}"
Hyb-Adam-UM,85,19,73,HybAdamUM_completed_p85_rep19_seed73.csv,hyb_adam_um_outputs/completed_matrices/HybAdamUM_completed_p85_rep19_seed73.csv,True,,Hyb-Adam-UM_NJ_p85_rep19_seed73.treefile,0.8476190476190476,105,89,16,89,0.0569670485212325,0.035316985244128,0.4071890896046192,0.1493871297242084,60.04597310099962,True,True,True,5000,5000,0.0009192355463423,0.0431110666071076,0.0,0.0,22.0,0.9166666666666666,1.0,12.0,12.0,0.08333333333333333,0.08333333333333333,0.08333333333333333,T1|T6;T10|T8;T13|T14;T3|T5;T1|T15|T6;T2|T3|T5;T2|T3|T5|T7;T1|T13|T14|T15|T6;T2|T3|T4|T5|T7;T1|T13|T14|T15|T6|T9;T10|T2|T3|T4|T5|T7|T8,T14|T15;T2|T3;T7|T8;T1|T2|T3;T13|T14|T15;T7|T8|T9;T1|T2|T3|T4;T10|T7|T8|T9;T1|T2|T3|T4|T5;T11|T12|T13|T14|T15;T1|T2|T3|T4|T5|T6,0.39401025817725954,0.45078468597649574,0.49897579118985336,0.24058677171884718,0.39405106898256576,0.4508247530040925,0.4979660368965989,0.24336512544059716,15,"{""0"":""T1"",""1"":""T2"",""2"":""T3"",""3"":""T4"",""4"":""T5"",""5"":""T6"",""6"":""T7"",""7"":""T8"",""8"":""T9"",""9"":""T10"",""10"":""T11"",""11"":""T12"",""12"":""T13"",""13"":""T14"",""14"":""T15""}"
Hyb-Adam-UM,85,20,74,HybAdamUM_completed_p85_rep20_seed74.csv,hyb_adam_um_outputs/completed_matrices/HybAdamUM_completed_p85_rep20_seed74.csv,True,,Hyb-Adam-UM_NJ_p85_rep20_seed74.treefile,0.8476190476190476,105,89,16,89,0.0465669748452652,0.0277105915066963,0.6817808553327661,0.4992849846782432,60.6493975809999,True,True,True,5000,5000,0.0017779880082269,0.0831075648972789,0.0,0.0,24.0,1.0,0.0,12.0,12.0,0.0,0.0,,T1|T3;T14|T7;T2|T4;T8|T9;T11|T14|T7;T2|T4|T5;T1|T3|T8|T9;T11|T13|T14|T7;T2|T4|T5|T6;T11|T13|T14|T15|T7;T11|T12|T13|T14|T15|T7;T10|T11|T12|T13|T14|T15|T7,T11|T12;T14|T15;T2|T3;T7|T8;T1|T2|T3;T13|T14|T15;T7|T8|T9;T1|T2|T3|T4;T10|T7|T8|T9;T1|T2|T3|T4|T5;T11|T12|T13|T14|T15;T1|T2|T3|T4|T5|T6,0.3930615877139903,0.4451016508302351,0.7455088582252084,0.6792038150528716,0.39309900799363584,0.4451229412360495,0.7441013651377879,0.6300642753472943,15,"{""0"":""T1"",""1"":""T2"",""2"":""T3"",""3"":""T4"",""4"":""T5"",""5"":""T6"",""6"":""T7"",""7"":""T8"",""8"":""T9"",""9"":""T10"",""10"":""T11"",""11"":""T12"",""12"":""T13"",""13"":""T14"",""14"":""T15""}"
Hyb-Adam-UM,85,21,75,HybAdamUM_completed_p85_rep21_seed75.csv,hyb_adam_um_outputs/completed_matrices/HybAdamUM_completed_p85_rep21_seed75.csv,True,,Hyb-Adam-UM_NJ_p85_rep21_seed75.treefile,0.8476190476190476,105,89,16,89,0.0641564807715581,0.0383103085429395,0.2742126663824791,0.130949948927477,60.89637953400052,True,True,True,5000,4500,0.0009278742423366,0.0422031207444243,0.0,0.0,24.0,1.0,0.0,12.0,12.0,0.0,0.0,,T1|T12;T10|T8;T11|T2;T13|T15;T3|T5;T7|T9;T10|T6|T8;T11|T13|T15|T2;T3|T5|T7|T9;T11|T13|T15|T2|T4;T11|T13|T14|T15|T2|T4;T10|T3|T5|T6|T7|T8|T9,T11|T12;T14|T15;T2|T3;T7|T8;T1|T2|T3;T13|T14|T15;T7|T8|T9;T1|T2|T3|T4;T10|T7|T8|T9;T1|T2|T3|T4|T5;T11|T12|T13|T14|T15;T1|T2|T3|T4|T5|T6,0.39256889957586305,0.44661798332309655,0.44661494694188386,0.3633319510678001,0.392608743374729,0.4466466861389365,0.44560299121094604,0.2559921210864607,15,"{""0"":""T1"",""1"":""T2"",""2"":""T3"",""3"":""T4"",""4"":""T5"",""5"":""T6"",""6"":""T7"",""7"":""T8"",""8"":""T9"",""9"":""T10"",""10"":""T11"",""11"":""T12"",""12"":""T13"",""13"":""T14"",""14"":""T15""}"
Hyb-Adam-UM,85,22,76,HybAdamUM_completed_p85_rep22_seed76.csv,hyb_adam_um_outputs/completed_matrices/HybAdamUM_completed_p85_rep22_seed76.csv,True,,Hyb-Adam-UM_NJ_p85_rep22_seed76.treefile,0.8476190476190476,105,89,16,89,0.0555300108427101,0.035161648043313,0.4979149291746358,0.34812734082397,60.90350930299974,True,True,True,5000,4500,0.0010953958315243,0.0502796521363768,0.0,0.0,20.0,0.8333333333333334,2.0,12.0,12.0,0.16666666666666666,0.16666666666666666,0.16666666666666666,T1|T3;T10|T7;T13|T15;T6|T9;T13|T15|T4;T6|T8|T9;T1|T2|T3|T5;T11|T12|T6|T8|T9;T1|T10|T2|T3|T5|T7;T11|T12|T14|T6|T8|T9,T14|T15;T2|T3;T7|T8;T13|T14|T15;T7|T8|T9;T1|T2|T3|T4;T10|T7|T8|T9;T1|T2|T3|T4|T5;T11|T12|T13|T14|T15;T1|T2|T3|T4|T5|T6,0.38549714120328193,0.44371733523950185,0.5525253283288472,0.352177068214804,0.3855792957016907,0.4437630933149184,0.5508842296255466,0.47382334646485585,15,"{""0"":""T1"",""1"":""T2"",""2"":""T3"",""3"":""T4"",""4"":""T5"",""5"":""T6"",""6"":""T7"",""7"":""T8"",""8"":""T9"",""9"":""T10"",""10"":""T11"",""11"":""T12"",""12"":""T13"",""13"":""T14"",""14"":""T15""}"
Hyb-Adam-UM,85,23,77,HybAdamUM_completed_p85_rep23_seed77.csv,hyb_adam_um_outputs/completed_matrices/HybAdamUM_completed_p85_rep23_seed77.csv,True,,Hyb-Adam-UM_NJ_p85_rep23_seed77.treefile,0.8476190476190476,105,89,16,89,0.0543502972394013,0.0328354283967929,0.5894023663183381,0.6739870616275112,60.61669784400056,True,True,True,5000,4500,0.0007886356359285,0.0357783564577788,0.0,0.0,22.0,0.9166666666666666,1.0,12.0,12.0,0.08333333333333333,0.08333333333333333,0.08333333333333333,T10|T9;T12|T3;T13|T6;T4|T8;T5|T7;T11|T13|T6;T10|T5|T7|T9;T1|T10|T5|T7|T9;T11|T13|T14|T15|T6;T1|T10|T4|T5|T7|T8|T9;T11|T12|T13|T14|T15|T3|T6,T11|T12;T2|T3;T7|T8;T1|T2|T3;T13|T14|T15;T7|T8|T9;T1|T2|T3|T4;T10|T7|T8|T9;T1|T2|T3|T4|T5;T11|T12|T13|T14|T15;T1|T2|T3|T4|T5|T6,0.3935079959519663,0.44921284528066513,0.6615595787134795,0.6807381297947336,0.39351517259215163,0.4492130002252108,0.661588281718304,0.6975948579722165,15,"{""0"":""T1"",""1"":""T2"",""2"":""T3"",""3"":""T4"",""4"":""T5"",""5"":""T6"",""6"":""T7"",""7"":""T8"",""8"":""T9"",""9"":""T10"",""10"":""T11"",""11"":""T12"",""12"":""T13"",""13"":""T14"",""14"":""T15""}"
Hyb-Adam-UM,85,24,78,HybAdamUM_completed_p85_rep24_seed78.csv,hyb_adam_um_outputs/completed_matrices/HybAdamUM_completed_p85_rep24_seed78.csv,True,,Hyb-Adam-UM_NJ_p85_rep24_seed78.treefile,0.8476190476190476,105,89,16,89,0.0502819944461336,0.0297136405614168,0.6348361300633303,0.7254681647940076,60.52326000199992,True,True,True,5000,5000,0.0016191680952037,0.0761610443141982,0.0,0.0,22.0,0.9166666666666666,1.0,12.0,12.0,0.08333333333333333,0.08333333333333333,0.08333333333333333,T1|T4;T10|T8;T13|T15;T2|T9;T3|T6;T1|T12|T4;T2|T5|T9;T3|T6|T7;T11|T13|T14|T15;T10|T3|T6|T7|T8;T1|T11|T12|T13|T14|T15|T4,T11|T12;T14|T15;T2|T3;T7|T8;T1|T2|T3;T7|T8|T9;T1|T2|T3|T4;T10|T7|T8|T9;T1|T2|T3|T4|T5;T11|T12|T13|T14|T15;T1|T2|T3|T4|T5|T6,0.3966244092073262,0.45131055252959285,0.6978599130479218,0.7703296703296703,0.3966396050705308,0.45134241743041803,0.6951876608859183,0.7644204851752021,15,"{""0"":""T1"",""1"":""T2"",""2"":""T3"",""3"":""T4"",""4"":""T5"",""5"":""T6"",""6"":""T7"",""7"":""T8"",""8"":""T9"",""9"":""T10"",""10"":""T11"",""11"":""T12"",""12"":""T13"",""13"":""T14"",""14"":""T15""}"
Hyb-Adam-UM,85,25,79,HybAdamUM_completed_p85_rep25_seed79.csv,hyb_adam_um_outputs/completed_matrices/HybAdamUM_completed_p85_rep25_seed79.csv,True,,Hyb-Adam-UM_NJ_p85_rep25_seed79.treefile,0.8476190476190476,105,89,16,89,0.0761661454866495,0.0542867647838059,0.0163982523122553,0.0233401430030643,60.507891670999925,True,True,True,5000,4500,0.0008568354282817,0.0389520597352809,0.0,0.0,22.0,0.9166666666666666,1.0,12.0,12.0,0.08333333333333333,0.08333333333333333,0.08333333333333333,T1|T3;T10|T9;T13|T2;T4|T6;T1|T3|T8;T14|T15|T5;T4|T6|T7;T12|T4|T6|T7;T1|T10|T3|T8|T9;T11|T12|T4|T6|T7;T13|T14|T15|T2|T5,T11|T12;T2|T3;T7|T8;T1|T2|T3;T13|T14|T15;T7|T8|T9;T1|T2|T3|T4;T10|T7|T8|T9;T1|T2|T3|T4|T5;T11|T12|T13|T14|T15;T1|T2|T3|T4|T5|T6,0.37792751100501154,0.43721308656232005,0.24387043155725288,0.14397677793904207,0.3779610273582326,0.4373581528324312,0.23581382562173347,0.025202156334231805,15,"{""0"":""T1"",""1"":""T2"",""2"":""T3"",""3"":""T4"",""4"":""T5"",""5"":""T6"",""6"":""T7"",""7"":""T8"",""8"":""T9"",""9"":""T10"",""10"":""T11"",""11"":""T12"",""12"":""T13"",""13"":""T14"",""14"":""T15""}"
Hyb-Adam-UM,85,26,80,HybAdamUM_completed_p85_rep26_seed80.csv,hyb_adam_um_outputs/completed_matrices/HybAdamUM_completed_p85_rep26_seed80.csv,True,,Hyb-Adam-UM_NJ_p85_rep26_seed80.treefile,0.8476190476190476,105,89,16,89,0.0281672181045166,0.0173825835595084,0.8394749974976911,0.6225059584610148,61.18831010899976,True,True,True,5000,5000,0.0018739708607616,0.0866131774627321,0.0,0.0,18.0,0.75,3.0,12.0,12.0,0.25,0.25,0.25,T10|T7;T12|T9;T3|T4;T1|T3|T4;T12|T13|T9;T12|T13|T15|T9;T12|T13|T14|T15|T9;T11|T12|T13|T14|T15|T9;T1|T2|T3|T4|T5|T6|T8,T11|T12;T14|T15;T2|T3;T7|T8;T1|T2|T3;T13|T14|T15;T7|T8|T9;T10|T7|T8|T9;T11|T12|T13|T14|T15,0.40017004666755873,0.45475309887364795,0.8261622740803107,0.6170537010159651,0.40026164584888185,0.45470356509456067,0.8327250609671809,0.7069458843043749,15,"{""0"":""T1"",""1"":""T2"",""2"":""T3"",""3"":""T4"",""4"":""T5"",""5"":""T6"",""6"":""T7"",""7"":""T8"",""8"":""T9"",""9"":""T10"",""10"":""T11"",""11"":""T12"",""12"":""T13"",""13"":""T14"",""14"":""T15""}"
Hyb-Adam-UM,85,27,81,HybAdamUM_completed_p85_rep27_seed81.csv,hyb_adam_um_outputs/completed_matrices/HybAdamUM_completed_p85_rep27_seed81.csv,True,,Hyb-Adam-UM_NJ_p85_rep27_seed81.treefile,0.8476190476190476,105,89,16,89,0.0688883931789627,0.0459408254829421,0.0985838691265873,-0.183043922369765,60.72463278600026,True,True,True,5000,5000,0.0007831893114464,0.0356586336776253,0.0,0.0,20.0,0.8333333333333334,2.0,12.0,12.0,0.16666666666666666,0.16666666666666666,0.16666666666666666,T1|T4;T10|T7;T1|T4|T6;T11|T12|T2;T1|T4|T6|T9;T11|T12|T2|T5;T1|T3|T4|T6|T9;T11|T12|T13|T2|T5;T11|T12|T13|T2|T5|T8;T1|T10|T3|T4|T6|T7|T9,T2|T3;T7|T8;T1|T2|T3;T13|T14|T15;T7|T8|T9;T1|T2|T3|T4;T10|T7|T8|T9;T1|T2|T3|T4|T5;T11|T12|T13|T14|T15;T1|T2|T3|T4|T5|T6,0.386352385623147,0.44438118939594523,0.30219634266803946,-0.07720298569355173,0.3863404845242177,0.4443586743530105,0.30439947807233875,-0.018370308936346672,15,"{""0"":""T1"",""1"":""T2"",""2"":""T3"",""3"":""T4"",""4"":""T5"",""5"":""T6"",""6"":""T7"",""7"":""T8"",""8"":""T9"",""9"":""T10"",""10"":""T11"",""11"":""T12"",""12"":""T13"",""13"":""T14"",""14"":""T15""}"
Hyb-Adam-UM,85,28,82,HybAdamUM_completed_p85_rep28_seed82.csv,hyb_adam_um_outputs/completed_matrices/HybAdamUM_completed_p85_rep28_seed82.csv,True,,Hyb-Adam-UM_NJ_p85_rep28_seed82.treefile,0.8476190476190476,105,89,16,89,0.0661500412181824,0.0444842144462587,0.2836042041644565,-0.0206162751106571,60.2494969899999,True,True,True,5000,4500,0.001211452828143,0.0564571867060954,0.0,0.0,20.0,0.8333333333333334,2.0,12.0,12.0,0.16666666666666666,0.16666666666666666,0.16666666666666666,T1|T4;T12|T6;T2|T9;T10|T7|T8;T11|T12|T6;T1|T2|T4|T9;T10|T5|T7|T8;T1|T13|T2|T4|T9;T1|T13|T2|T3|T4|T9;T10|T11|T12|T5|T6|T7|T8,T11|T12;T2|T3;T1|T2|T3;T13|T14|T15;T7|T8|T9;T1|T2|T3|T4;T10|T7|T8|T9;T1|T2|T3|T4|T5;T11|T12|T13|T14|T15;T1|T2|T3|T4|T5|T6,0.38390442894652804,0.44361270236106787,0.38150818368977046,0.14517934895293386,0.3838614466241381,0.4435374792180967,0.38256837820646306,0.10491395397055772,15,"{""0"":""T1"",""1"":""T2"",""2"":""T3"",""3"":""T4"",""4"":""T5"",""5"":""T6"",""6"":""T7"",""7"":""T8"",""8"":""T9"",""9"":""T10"",""10"":""T11"",""11"":""T12"",""12"":""T13"",""13"":""T14"",""14"":""T15""}"
Hyb-Adam-UM,85,29,83,HybAdamUM_completed_p85_rep29_seed83.csv,hyb_adam_um_outputs/completed_matrices/HybAdamUM_completed_p85_rep29_seed83.csv,True,,Hyb-Adam-UM_NJ_p85_rep29_seed83.treefile,0.8476190476190476,105,89,16,89,0.0486582613510674,0.0305684830496078,0.5794072890607441,0.6249063670411986,60.17997250999997,True,True,True,5000,4500,0.0015805839318168,0.0743784454393301,0.0,0.0,22.0,0.9166666666666666,1.0,12.0,12.0,0.08333333333333333,0.08333333333333333,0.08333333333333333,T1|T2;T11|T6;T3|T5;T1|T2|T4;T11|T12|T6;T14|T15|T9;T1|T2|T4|T7;T11|T12|T13|T6;T1|T10|T2|T4|T7;T1|T10|T2|T4|T7|T8;T11|T12|T13|T14|T15|T6|T9,T11|T12;T2|T3;T7|T8;T1|T2|T3;T13|T14|T15;T7|T8|T9;T1|T2|T3|T4;T10|T7|T8|T9;T1|T2|T3|T4|T5;T11|T12|T13|T14|T15;T1|T2|T3|T4|T5|T6,0.391580292302701,0.4506655795960314,0.6309393651906418,0.6655297532656023,0.39167547972294603,0.4507383477498074,0.6239268094997206,0.6844909807173958,15,"{""0"":""T1"",""1"":""T2"",""2"":""T3"",""3"":""T4"",""4"":""T5"",""5"":""T6"",""6"":""T7"",""7"":""T8"",""8"":""T9"",""9"":""T10"",""10"":""T11"",""11"":""T12"",""12"":""T13"",""13"":""T14"",""14"":""T15""}"
Hyb-Adam-UM,85,30,84,HybAdamUM_completed_p85_rep30_seed84.csv,hyb_adam_um_outputs/completed_matrices/HybAdamUM_completed_p85_rep30_seed84.csv,True,,Hyb-Adam-UM_NJ_p85_rep30_seed84.treefile,0.8476190476190476,105,89,16,89,0.0766830799901848,0.0544628699339569,0.1306807881037404,0.089632277834525,60.3949199409999,True,True,True,5000,5000,0.0004195763285034,0.0189967912805914,0.0,0.0,24.0,1.0,0.0,12.0,12.0,0.0,0.0,,T1|T14;T10|T7;T12|T3;T4|T9;T1|T14|T8;T12|T2|T3;T4|T6|T9;T11|T4|T6|T9;T10|T12|T2|T3|T7;T11|T4|T5|T6|T9;T10|T12|T13|T2|T3|T7;T10|T12|T13|T15|T2|T3|T7,T11|T12;T14|T15;T2|T3;T7|T8;T1|T2|T3;T13|T14|T15;T7|T8|T9;T1|T2|T3|T4;T10|T7|T8|T9;T1|T2|T3|T4|T5;T11|T12|T13|T14|T15;T1|T2|T3|T4|T5|T6,0.38016632429844327,0.43931392340551345,0.13772153378780752,0.12566867095168982,0.38019054299456034,0.4393545838347091,0.12987457938625505,0.06878498859630934,15,"{""0"":""T1"",""1"":""T2"",""2"":""T3"",""3"":""T4"",""4"":""T5"",""5"":""T6"",""6"":""T7"",""7"":""T8"",""8"":""T9"",""9"":""T10"",""10"":""T11"",""11"":""T12"",""12"":""T13"",""13"":""T14"",""14"":""T15""}"
