% Missing,Δ_total_mean,Δ_total_std,Δ_normalized_mean,Δ_normalized_std,Δ_per_triangle_mean,Δ_per_triangle_std,Δ_relative_mean,Δ_relative_std,OK_count
Original,105.56027075215538,0.0,0.037555301232970975,0.0,0.23200059505968215,0.0,1.0,0.0,1
30%,134.6883436875439,82.97632343179072,0.045616388082548226,0.020012860425817194,0.2960183377748217,0.18236554600393562,1.2759378384295568,0.7860563717822453,5
50%,2181.330240354302,3817.560580048519,0.07932690244695237,0.04703732372358486,4.794132396383082,8.390243033073668,20.664310775365863,36.16474790038913,4
65%,298.3667037576821,47.08997533792158,0.08175196566732937,0.005250821269107977,0.6557509972696309,0.10349445129213532,2.8265056695261452,0.44609562861470836,2
85%,,,,,,,,,0
