method,pct_missing,replicate,mask_seed,file,path,success,error_message,n_taxa,n_pairs,n_edges,n_terminal_edges,n_internal_edges,nnls_rnorm,branch_fit_solver,tree_length_ref,tree_length_hat,tree_length_abs_error,tree_length_rel_error,missingness_actual,n_pairs_total,n_missing,n_observed,optimized_variables,masked_file,runtime_seconds,RMSE_miss,MAE_miss,Pearson_miss,Spearman_miss,Delta_init,Delta_final,Delta_reduction_percent,Delta_total_completed,Delta_normalized_completed,Delta_per_triangle_completed,Delta_relative_to_original,max_abs_error_observed,mean_abs_error_observed,__metadata_scope,__metadata_source,edge_BL_MAE,edge_BL_RMSE,edge_BL_Bias,edge_BL_MaxAE,edge_BL_Pearson,edge_BL_Spearman,edge_BL_rel_RMSE,edge_BL_rel_MAE,terminal_BL_MAE,terminal_BL_RMSE,terminal_BL_Bias,terminal_BL_MaxAE,terminal_BL_Pearson,terminal_BL_Spearman,terminal_BL_rel_RMSE,terminal_BL_rel_MAE,internal_BL_MAE,internal_BL_RMSE,internal_BL_Bias,internal_BL_MaxAE,internal_BL_Pearson,internal_BL_Spearman,internal_BL_rel_RMSE,internal_BL_rel_MAE,fit_pat_MAE,fit_pat_RMSE,fit_pat_Bias,fit_pat_MaxAE,fit_pat_Pearson,fit_pat_Spearman,fit_pat_rel_RMSE,fit_pat_rel_MAE,input_vs_ML_pat_MAE,input_vs_ML_pat_RMSE,input_vs_ML_pat_Bias,input_vs_ML_pat_MaxAE,input_vs_ML_pat_Pearson,input_vs_ML_pat_Spearman,input_vs_ML_pat_rel_RMSE,input_vs_ML_pat_rel_MAE
Hyb-Adam-UM,30,1,55,HybAdamUM_completed_p30_rep01_seed55.csv,hyb_adam_um_outputs/completed_matrices/HybAdamUM_completed_p30_rep01_seed55.csv,True,,15,105,27,15,12,0.02603068884543575,scipy.optimize.nnls,3.17394,1.4139525168240286,1.7599874831759714,0.5545118947352412,0.3047619047619048,105,32,73,32.0,missing_p30_rep01_seed55.csv,21.87851676599996,0.0163668067773786,0.0074208887265061,0.954740036850074,0.940615835777126,148.00066801834572,33.53860486345177,77.33888278173553,33.53860486345177,0.0147625818145921,0.0737112194801137,0.7174737751819507,0.0,0.0,method_specific,hyb_adam_um_outputs/tables/hyb_adam_um_all_masks_detailed.csv,0.06518472159911005,0.09140584548113302,-0.06518472159911005,0.22323876434727502,0.7043346700541652,0.6282051282051282,0.6252905317870497,0.5545118947352412,0.06447437689553284,0.09040559740636038,-0.06447437689553284,0.2229913451824937,0.8593567600658785,0.932142857142857,0.5207018407702084,0.4374841802712316,0.06607265247858156,0.09264096971788766,-0.06607265247858156,0.22323876434727502,-0.21943750339386825,0.10489510489510491,0.9084520603311147,0.8230702782520463,0.40350263701295236,0.45265594315327196,-0.40350263701295236,0.7144274030803512,0.9496255440986272,0.9640680074642339,0.6631739086467859,0.6372042888544309,0.40350263701295236,0.45266307136154943,-0.40350263701295236,0.7156572921109453,0.9485343586882103,0.9599626788306033,0.6631843519908236,0.6372042888544309
Hyb-Adam-UM,30,2,56,HybAdamUM_completed_p30_rep02_seed56.csv,hyb_adam_um_outputs/completed_matrices/HybAdamUM_completed_p30_rep02_seed56.csv,True,,15,105,27,15,12,0.07901367111291802,scipy.optimize.nnls,3.17394,1.443795259690853,1.730144740309147,0.5451094665649467,0.3047619047619048,105,32,73,32.0,missing_p30_rep02_seed56.csv,21.603721935000067,0.0283782649865765,0.0115154985911921,0.9283946556031272,0.9578445747800584,97.01954910226752,32.3715190283443,66.63402445395644,32.3715190283443,0.0144452059263842,0.0711461956666907,0.692506920314698,0.0,0.0,method_specific,hyb_adam_um_outputs/tables/hyb_adam_um_all_masks_detailed.csv,0.07111234780867888,0.09125224028752463,-0.0640794348262647,0.22191126366595865,0.7150045800626126,0.7568310269828334,0.6242397469855846,0.6049368894290156,0.07484664241409904,0.09624629241347776,-0.06218739904575354,0.22191126366595865,0.9559175477485469,0.9607142857142855,0.5543420215646935,0.5078641094219682,0.06644447955190368,0.08459609654222508,-0.06644447955190368,0.1829400680199076,0.910798685944649,0.9352028352316922,0.8295627564541278,0.8277021463732797,0.4043685363995858,0.4532400791640734,-0.4020742763895823,0.7131860336368707,0.984164946336973,0.9762595894671366,0.6640297104258721,0.6385717019820472,0.4054467441558521,0.45336019623173895,-0.4020742763895823,0.7147709012439706,0.968817158912968,0.9746941737507775,0.6642056906741465,0.6402743887641088
Hyb-Adam-UM,30,3,57,HybAdamUM_completed_p30_rep03_seed57.csv,hyb_adam_um_outputs/completed_matrices/HybAdamUM_completed_p30_rep03_seed57.csv,True,,15,105,27,15,12,0.03346471857992588,scipy.optimize.nnls,3.17394,1.4495853937463035,1.7243546062536965,0.5432851932467837,0.3047619047619048,105,32,73,32.0,missing_p30_rep03_seed57.csv,21.71777569099993,0.0232819563131294,0.0124278206862903,0.9190944398697511,0.8929618768328444,124.60684668226774,31.95853595529631,74.35250405077124,31.95853595529631,0.0141674346184985,0.0702385405610907,0.6836721901369713,0.0,0.0,method_specific,hyb_adam_um_outputs/tables/hyb_adam_um_all_masks_detailed.csv,0.06454450802285253,0.09176643069163584,-0.06386498541680356,0.22637,0.6681416575859482,0.5757020757020758,0.6277572287126462,0.5490657405675653,0.06198286302502721,0.09000085880890776,-0.06198286302502721,0.2213706165109604,0.8172682280584896,0.8857142857142855,0.5183707004562182,0.4205782719746896,0.06774656427013419,0.09392673645618763,-0.06621763840652402,0.22637,-0.3087955914536537,-0.2377622377622378,0.9210604931451366,0.8439222796831863,0.40173453986111596,0.4521037586355195,-0.40173453986111596,0.7114504430174198,0.9315642174029279,0.9579618494712835,0.6623649181309845,0.6344121408362625,0.40173453986111585,0.45211740962266683,-0.40173453986111585,0.7147709012439706,0.9296522474883622,0.9495023844080447,0.6623849178209043,0.6344121408362623
Hyb-Adam-UM,30,4,58,HybAdamUM_completed_p30_rep04_seed58.csv,hyb_adam_um_outputs/completed_matrices/HybAdamUM_completed_p30_rep04_seed58.csv,True,,15,105,27,15,12,0.027036507702236152,scipy.optimize.nnls,3.17394,1.3981206714378072,1.7758193285621928,0.5594999680404144,0.3047619047619048,105,32,73,32.0,missing_p30_rep04_seed58.csv,21.502903608999983,0.0151954078986294,0.0068222111588626,0.9497746715046408,0.9354838709677415,122.18695842852355,33.37233564404104,72.68748148472567,33.37233564404104,0.0146774429828106,0.073345792624266,0.7139168650172952,0.0,0.0,method_specific,hyb_adam_um_outputs/tables/hyb_adam_um_all_masks_detailed.csv,0.06577108624304419,0.09205043666738928,-0.06577108624304419,0.2240880089570891,0.7032706908367701,0.6782661782661782,0.6297000612161344,0.5594999680404145,0.06553033481559185,0.09248572840587868,-0.06553033481559185,0.22313493993802275,0.8372199219519157,0.907142857142857,0.5326826038154859,0.4446492729375236,0.0660720255273596,0.09150341007591417,-0.0660720255273596,0.2240880089570891,0.003928502049368661,0.1958041958041958,0.8972969698387837,0.8230624682898706,0.4043353780675342,0.4536090200677031,-0.4043353780675342,0.7135674980585395,0.9519848939180434,0.9773688575575368,0.6645702357074257,0.6385193389255106,0.4043353780675342,0.4536166936213965,-0.4043353780675342,0.7163717924257283,0.9507745845225193,0.9709827907941115,0.664581478022197,0.6385193389255106
Hyb-Adam-UM,30,5,59,HybAdamUM_completed_p30_rep05_seed59.csv,hyb_adam_um_outputs/completed_matrices/HybAdamUM_completed_p30_rep05_seed59.csv,True,,15,105,27,15,12,0.04203480640958718,scipy.optimize.nnls,3.17394,1.3971645598964375,1.7767754401035625,0.5598012061045774,0.3047619047619048,105,32,73,32.0,missing_p30_rep05_seed59.csv,21.50309881800001,0.0115802161038844,0.005941714992662,0.9734522454214524,0.9615102639296188,129.27582841555537,36.0723528700797,72.0965989449121,36.0723528700797,0.0158845422983708,0.0792798964177575,0.7716769167579471,0.0,0.0,method_specific,hyb_adam_um_outputs/tables/hyb_adam_um_all_masks_detailed.csv,0.06580649778161342,0.08885926464701349,-0.06580649778161342,0.21425792799811066,0.7926704763029582,0.7751488412704374,0.6078698419435978,0.5598012061045774,0.06657525257600864,0.09187496566039267,-0.06657525257600864,0.21425792799811066,0.9160496372781901,0.8357142857142855,0.5291648428032009,0.45173945374853763,0.06484555428861939,0.08493920420951118,-0.06484555428861939,0.18415234737381736,0.7258921275890794,0.5849396010625192,0.832927324724631,0.8077842558090673,0.4041906958894141,0.45334401447540323,-0.4041906958894141,0.7119916937437742,0.9619590614780837,0.982034003732117,0.6641819832231337,0.6382908593668604,0.4041906958894141,0.45338263015033153,-0.4041906958894141,0.7156936933146887,0.9582834205704598,0.9713352685050798,0.6642385579980032,0.6382908593668604
Hyb-Adam-UM,30,6,60,HybAdamUM_completed_p30_rep06_seed60.csv,hyb_adam_um_outputs/completed_matrices/HybAdamUM_completed_p30_rep06_seed60.csv,True,,15,105,27,15,12,0.026578938497883325,scipy.optimize.nnls,3.17394,1.3580929660679335,1.8158470339320665,0.5721113297453847,0.3047619047619048,105,32,73,32.0,missing_p30_rep06_seed60.csv,21.700425389999964,0.004755745536723,0.0036527618930544,0.9956434399933742,0.9681085043988268,147.88573299516054,32.13747116557738,78.268714287247,32.13747116557738,0.0142850877801404,0.0706318047595107,0.6875000571981096,0.0,0.0,method_specific,hyb_adam_um_outputs/tables/hyb_adam_um_all_masks_detailed.csv,0.06725359384933578,0.09021245245959315,-0.06725359384933578,0.2214456397908095,0.8168934281825383,0.8369963369963369,0.6171267502133249,0.5721113297453847,0.07088757713256887,0.09516876114168127,-0.07088757713256887,0.2214456397908095,0.9470115235152466,0.9928571428571428,0.548135851451244,0.48100028362436636,0.06271111474529444,0.08360489477709615,-0.06271111474529444,0.18439171940102828,0.7846332856884799,0.7272727272727274,0.8198428745435938,0.7811954375471377,0.40476237464326875,0.4531458516271454,-0.40476237464326875,0.7118941156541265,0.9687058880591,0.9793593199253576,0.6638916602248047,0.6391936444304223,0.40476237464326864,0.4531532752244224,-0.40476237464326864,0.7142149355381631,0.9675521978449199,0.976477296288617,0.66390253633523,0.6391936444304221
Hyb-Adam-UM,30,7,61,HybAdamUM_completed_p30_rep07_seed61.csv,hyb_adam_um_outputs/completed_matrices/HybAdamUM_completed_p30_rep07_seed61.csv,True,,15,105,27,15,12,0.0333646185669905,scipy.optimize.nnls,3.17394,1.4121361081074848,1.7618038918925152,0.5550841830319777,0.3047619047619048,105,32,73,32.0,missing_p30_rep07_seed61.csv,21.474734685000044,0.0156229597616548,0.0076732657897864,0.9796626940315404,0.9893695014662756,87.57694222890107,32.39147397646265,63.01369612585856,32.39147397646265,0.0144517958483911,0.0711900526955223,0.6929338060488638,0.0,0.0,method_specific,hyb_adam_um_outputs/tables/hyb_adam_um_all_masks_detailed.csv,0.06985927518255948,0.09066407898592155,-0.06525199599601908,0.22311076984013317,0.7589716213248452,0.7655677655677656,0.6202162439905615,0.5942772799514503,0.07336345932098091,0.09529906742367857,-0.0650703567852082,0.22311076984013317,0.977696359816813,0.9928571428571428,0.5488863660526235,0.4978001247674707,0.06547904500953268,0.08451363160191173,-0.06547904500953268,0.18345781398564226,0.8658133997598835,0.8881118881118882,0.8287540921540791,0.8156756808445798,0.40466816649841675,0.45325798460328515,-0.4034834375647349,0.7136852634516274,0.9816637097594729,0.981422351233672,0.6640559431977769,0.6390448725800346,0.4049201766279628,0.4532847802441733,-0.4034834375647349,0.7152389328631458,0.9789919863777686,0.9768090400165871,0.6640952007623164,0.6394428425575551
Hyb-Adam-UM,30,8,62,HybAdamUM_completed_p30_rep08_seed62.csv,hyb_adam_um_outputs/completed_matrices/HybAdamUM_completed_p30_rep08_seed62.csv,True,,15,105,27,15,12,0.036823275543166854,scipy.optimize.nnls,3.17394,1.3846200833621651,1.7893199166378349,0.5637535418558116,0.3047619047619048,105,32,73,32.0,missing_p30_rep08_seed62.csv,21.926042354999936,0.0097792875314391,0.0054128529278566,0.9717930782879954,0.9039589442815248,146.8533954087281,36.4806487334859,75.15845743167766,36.4806487334859,0.0159307971097592,0.0801772499637052,0.7804113759193194,0.0,0.0,method_specific,hyb_adam_um_outputs/tables/hyb_adam_um_all_masks_detailed.csv,0.0662711080236235,0.08846347864502963,-0.0662711080236235,0.20897558514050416,0.8146112142199508,0.7757594350800242,0.6051623428952416,0.5637535418558116,0.0678989531397369,0.09117608214528249,-0.0678989531397369,0.20897558514050416,0.9518790229292098,0.9642857142857141,0.5251395396887697,0.46072128628312,0.06423630162848178,0.08495100604024655,-0.06423630162848178,0.18388302373855758,0.6945926971878231,0.5429080129622185,0.833043055350939,0.8001947654875183,0.4043908863307655,0.4529895104728119,-0.4043908863307655,0.7107430829698077,0.966295995031457,0.9819821687746215,0.6636626090525624,0.6386069966014546,0.4043908863307655,0.45306757368015155,-0.4043908863307655,0.7147709012439706,0.961928572811587,0.9623678208583869,0.6637769773340707,0.6386069966014546
Hyb-Adam-UM,30,9,63,HybAdamUM_completed_p30_rep09_seed63.csv,hyb_adam_um_outputs/completed_matrices/HybAdamUM_completed_p30_rep09_seed63.csv,True,,15,105,27,15,12,0.043134511136419924,scipy.optimize.nnls,3.17394,1.4173821339840487,1.7565578660159513,0.5534313396018675,0.3047619047619048,105,32,73,32.0,missing_p30_rep09_seed63.csv,21.83947251699999,0.0173509805182748,0.0082483138158323,0.9727725031237212,0.9732404692082112,135.39952772609956,33.56531573003354,75.21016779472599,33.56531573003354,0.0147699136172677,0.0737699246813923,0.7180451867347815,0.0,0.0,method_specific,hyb_adam_um_outputs/tables/hyb_adam_um_all_masks_detailed.csv,0.06976396422596146,0.09058690283954675,-0.06505769874133152,0.2225810020153165,0.7512640570087098,0.742211500732259,0.6196882962061069,0.5934664908917495,0.07266190895807727,0.0948161867181029,-0.06419063108574338,0.2225810020153165,0.9680575422945685,0.9357142857142854,0.546105156929747,0.4930398277283666,0.0661415333108167,0.08500490629331725,-0.0661415333108167,0.1846230970465019,0.8516771188939215,0.8873459471570384,0.8335716097918473,0.8239283301634991,0.40455297471970486,0.4531915080780254,-0.4033427921665143,0.7131454246694637,0.9790408930971591,0.9828944640265395,0.6639585502489898,0.6388629637430085,0.40498304329240586,0.4532474675295525,-0.4033427921665143,0.7147709012439706,0.9741982680404233,0.9759278457391665,0.6640405349191487,0.6395421204916615
Hyb-Adam-UM,30,10,64,HybAdamUM_completed_p30_rep10_seed64.csv,hyb_adam_um_outputs/completed_matrices/HybAdamUM_completed_p30_rep10_seed64.csv,True,,15,105,27,15,12,0.061583297214724435,scipy.optimize.nnls,3.17394,1.4973596157357607,1.6765803842642393,0.5282331689522295,0.3047619047619048,105,32,73,32.0,missing_p30_rep10_seed64.csv,21.68857567400005,0.0342560743515343,0.0188326116744519,0.9265898941152944,0.9490469208211144,82.12446666399697,27.912130422338915,66.01240585642003,27.912130422338915,0.0124780965183015,0.061345341587558,0.5971095598347257,0.0,0.0,method_specific,hyb_adam_um_outputs/tables/hyb_adam_um_all_masks_detailed.csv,0.06931935573812757,0.09330561561552697,-0.06209556978756443,0.2258468011903471,0.6052185533098882,0.6341016712558875,0.6382865089190981,0.5896843056042157,0.06875705984400655,0.09363064456889288,-0.055754245132992875,0.22213100261363855,0.7697419975323998,0.8428571428571429,0.5392768852616822,0.46654388009757325,0.07002222560577885,0.0928977302421869,-0.07002222560577885,0.2258468011903471,0.26800943453096854,0.39579745461116567,0.9109698948056636,0.8722703047506474,0.40304739863217726,0.4531817432502455,-0.4004322169521393,0.713636420638229,0.9693711603875423,0.9702778353721749,0.6639442440654435,0.6364853843862261,0.40405396594481713,0.4532944578158016,-0.4004322169521393,0.7147709012439706,0.9576175263302809,0.9654468173336097,0.6641093791092486,0.6380749378359455
Hyb-Adam-UM,30,11,65,HybAdamUM_completed_p30_rep11_seed65.csv,hyb_adam_um_outputs/completed_matrices/HybAdamUM_completed_p30_rep11_seed65.csv,True,,15,105,27,15,12,0.05135407374209466,scipy.optimize.nnls,3.17394,1.4037925956915622,1.7701474043084378,0.5577129385900294,0.3047619047619048,105,32,73,32.0,missing_p30_rep11_seed65.csv,21.74029348500005,0.0169296524124472,0.0082043570189356,0.9236122597820892,0.9431818181818182,137.84926867779615,33.349997840768054,75.80690985113667,33.349997840768054,0.0146625734929126,0.0732966985511385,0.7134390041131583,0.0,0.0,method_specific,hyb_adam_um_outputs/tables/hyb_adam_um_all_masks_detailed.csv,0.06556101497438659,0.08981509095741758,-0.06556101497438659,0.22331842734043117,0.7656801016057194,0.7863247863247863,0.6144084734587123,0.5577129385900294,0.06617527819413555,0.0935578964994477,-0.06617527819413555,0.22331842734043117,0.8653669378013229,0.8107142857142855,0.5388578840630914,0.44902546917034203,0.06479318594970039,0.08490488072866585,-0.06479318594970039,0.1842407830833564,0.7370782781702815,0.6433566433566434,0.8325907432209332,0.8071319008381566,0.4039071380985063,0.45359688419372013,-0.4039071380985063,0.7173783099841062,0.9523160390179343,0.9740099523118391,0.6645524557685872,0.6378430698757133,0.40390713809850626,0.4536411340760132,-0.40390713809850626,0.7175558730844855,0.9472452657336323,0.9614244246319718,0.6646172850673987,0.6378430698757133
Hyb-Adam-UM,30,12,66,HybAdamUM_completed_p30_rep12_seed66.csv,hyb_adam_um_outputs/completed_matrices/HybAdamUM_completed_p30_rep12_seed66.csv,True,,15,105,27,15,12,0.05249353589287775,scipy.optimize.nnls,3.17394,1.3975048589881192,1.7764351410118808,0.5596939894931476,0.3047619047619048,105,32,73,32.0,missing_p30_rep12_seed66.csv,21.759927981000036,0.0190129266771235,0.0094562259289031,0.9701516209812976,0.966642228739003,134.123329417884,35.1504696780682,73.7924268427971,35.1504696780682,0.0151836359381517,0.0772537795122378,0.751955553369631,0.0,0.0,method_specific,hyb_adam_um_outputs/tables/hyb_adam_um_all_masks_detailed.csv,0.06628468224626093,0.09029728846525023,-0.06579389411155113,0.22150908668671265,0.7782853732418695,0.7838827838827838,0.6177070976824914,0.5638690147416288,0.0684042847245409,0.09480217932977773,-0.06823618276626539,0.22150908668671265,0.923761829279586,0.9607142857142855,0.5460244797029542,0.4641501612065852,0.06363517914841096,0.08432843042120025,-0.06274103329315832,0.18352770498144264,0.5843683412372065,0.6573426573426573,0.8269379799662917,0.792706553218519,0.4032198348831371,0.4533981209446364,-0.4030742457681403,0.71325717550323,0.9734472040185856,0.9798362015343148,0.6642612531393409,0.6367576926900306,0.4037643445794514,0.45343879040976326,-0.40307424576814027,0.7147709012439706,0.9676870305707086,0.9750777524362431,0.6643208368663608,0.6376175728543406
Hyb-Adam-UM,30,13,67,HybAdamUM_completed_p30_rep13_seed67.csv,hyb_adam_um_outputs/completed_matrices/HybAdamUM_completed_p30_rep13_seed67.csv,True,,15,105,27,15,12,0.05781674066554158,scipy.optimize.nnls,3.17394,1.4888907825306885,1.6850492174693115,0.5309014088071329,0.3047619047619048,105,32,73,32.0,missing_p30_rep13_seed67.csv,20.81354047299999,0.0313233693335918,0.0164693360814017,0.9178956030919188,0.943548387096774,84.02143834695556,28.950087637570533,65.54440365799866,28.950087637570533,0.0129215783318245,0.0636265662364187,0.6193140338944415,0.0,0.0,method_specific,hyb_adam_um_outputs/tables/hyb_adam_um_all_masks_detailed.csv,0.06917022758683151,0.093240715805599,-0.06240923027664116,0.22600896288118105,0.6120210915808074,0.644481766018863,0.637842541288263,0.5884157056669159,0.06846444086121044,0.09341727639637859,-0.056294645702867754,0.2226291067568248,0.7768215702193481,0.8571428571428571,0.5380479657768568,0.4645583444168208,0.0700524609938579,0.09301954379171799,-0.0700524609938579,0.22600896288118105,0.2628072107413632,0.4378290427114664,0.9121644178162146,0.8726469484654936,0.4037097028603916,0.45356090817296185,-0.4015552851961032,0.7137400467264805,0.9702341046715222,0.9679867302508812,0.6644997482792353,0.6375312836097572,0.40425421255670585,0.4536352757243323,-0.40155528519610323,0.7154931395212083,0.9613370325686726,0.9639021356002488,0.6646087021557167,0.6383911637740673
Hyb-Adam-UM,30,14,68,HybAdamUM_completed_p30_rep14_seed68.csv,hyb_adam_um_outputs/completed_matrices/HybAdamUM_completed_p30_rep14_seed68.csv,True,,15,105,27,15,12,0.026354421305325268,scipy.optimize.nnls,3.17394,1.363645087962621,1.810294912037379,0.5703620459231677,0.3047619047619048,105,32,73,32.0,missing_p30_rep14_seed68.csv,21.809496227000068,0.0053237606258168,0.0041620088689763,0.9948671213601968,0.9754398826979472,151.7499238495228,36.64048614806817,75.85469223404597,36.64048614806817,0.0160523790462066,0.0805285409847652,0.7838306938582309,0.0,0.0,method_specific,hyb_adam_um_outputs/tables/hyb_adam_um_all_masks_detailed.csv,0.0670479597050881,0.0900261355248915,-0.0670479597050881,0.22257622597943744,0.8150346001628083,0.7869352869352869,0.6158521904237698,0.5703620459231676,0.07053649902993403,0.0946035972426038,-0.07053649902993403,0.22257622597943744,0.9490065931379232,0.9892857142857142,0.5448807224434266,0.4786180796646252,0.06268728554903069,0.08395406875445528,-0.06268728554903069,0.1833196731481775,0.7548985518288205,0.6223776223776225,0.8232669300139962,0.780898596078488,0.40493769065902596,0.45354961409226696,-0.40493769065902596,0.7131970925078653,0.9669268205794225,0.9847812564793696,0.6644832016288438,0.6394705004082973,0.40493769065902596,0.4535569063058601,-0.40493769065902596,0.7147709012439706,0.9657749710034662,0.9772651876425461,0.6644938852526079,0.6394705004082973
Hyb-Adam-UM,30,15,69,HybAdamUM_completed_p30_rep15_seed69.csv,hyb_adam_um_outputs/completed_matrices/HybAdamUM_completed_p30_rep15_seed69.csv,True,,15,105,27,15,12,0.027955203424630596,scipy.optimize.nnls,3.17394,1.4014261057122315,1.7725138942877685,0.5584585386893793,0.3047619047619048,105,32,73,32.0,missing_p30_rep15_seed69.csv,21.59844194300001,0.0155604829359624,0.0059346968052827,0.944757098342729,0.944648093841642,179.91147642273688,36.65685982425025,79.62505752655942,36.65685982425025,0.0159694914601214,0.0805645270862642,0.7841809673210596,0.0,0.0,method_specific,hyb_adam_um_outputs/tables/hyb_adam_um_all_masks_detailed.csv,0.06564866275139883,0.09203350470970856,-0.06564866275139883,0.22637,0.6994029044287124,0.6636141636141636,0.6295842328162476,0.5584585386893792,0.0651253486727687,0.09214388079973872,-0.0651253486727687,0.22143592521222372,0.8337832277726495,0.907142857142857,0.5307136916807662,0.44190128157653275,0.0663028053496865,0.09189534816597797,-0.0663028053496865,0.22637,-0.03382619726565178,0.16783216783216784,0.901140376989259,0.8259373038754273,0.4043551306471792,0.4534718866655323,-0.4043551306471792,0.7127086680888873,0.9535110089122152,0.9731909599834129,0.6643693252903656,0.6385505318529198,0.4043551306471792,0.45348701808358427,-0.4043551306471792,0.7162570485275909,0.9519936706036112,0.9691270993157785,0.6643914939193314,0.6385505318529198
Hyb-Adam-UM,30,16,70,HybAdamUM_completed_p30_rep16_seed70.csv,hyb_adam_um_outputs/completed_matrices/HybAdamUM_completed_p30_rep16_seed70.csv,True,,15,105,27,15,12,0.03793659744239739,scipy.optimize.nnls,3.17394,1.4608839253055121,1.7130560746944878,0.5397254121673655,0.3047619047619048,105,32,73,32.0,missing_p30_rep16_seed70.csv,21.536302523000018,0.0206771356505839,0.0108726170433852,0.9307151344285616,0.8526392961876832,110.4282166282198,32.17565506967392,70.86283193542812,32.17565506967392,0.0143161029630506,0.0707157254278547,0.6883169054222641,0.0,0.0,method_specific,hyb_adam_um_outputs/tables/hyb_adam_um_all_masks_detailed.csv,0.06657464894460714,0.0900924745723584,-0.06344652128498102,0.22548559040287747,0.6944036455291299,0.6456934619539075,0.6163060036131833,0.5663356968009455,0.06377741129367843,0.0867427294206033,-0.058146781506351414,0.2063532057817623,0.879208336539091,0.9214285714285713,0.4996051149324365,0.432754992651496,0.07007119600826804,0.09411214086723804,-0.07007119600826804,0.22548559040287747,0.07443794764856328,0.40141840466627926,0.9228785982419003,0.8728803314605023,0.4033245291413791,0.45228908867922324,-0.40252015345747527,0.7124671522482108,0.9543283774167074,0.9664835164835164,0.6626364401364541,0.6369230240268071,0.4033767616091795,0.4523457348625044,-0.4025201534574753,0.7147709012439706,0.9504338394309153,0.9494401824590503,0.6627194309186247,0.6370055086240486
Hyb-Adam-UM,30,17,71,HybAdamUM_completed_p30_rep17_seed71.csv,hyb_adam_um_outputs/completed_matrices/HybAdamUM_completed_p30_rep17_seed71.csv,True,,15,105,27,15,12,0.03104136613890541,scipy.optimize.nnls,3.17394,1.3595204395367892,1.8144195604632107,0.5716615816503181,0.3047619047619048,105,32,73,32.0,missing_p30_rep17_seed71.csv,21.56446332600001,0.0053439844681646,0.0042147175031747,0.9943790953706628,0.9230205278592372,142.21507919824978,36.55361211676483,74.29695056048973,36.55361211676483,0.0160760798006392,0.0803376090478348,0.7819722432918389,0.0,0.0,method_specific,hyb_adam_um_outputs/tables/hyb_adam_um_all_masks_detailed.csv,0.06720072446160039,0.09046226407680447,-0.06720072446160039,0.22406820867487565,0.807793216926353,0.7832722832722833,0.6188356654161812,0.5716615816503181,0.07067737763296295,0.09494456671353883,-0.07067737763296295,0.22406820867487565,0.9454730934813818,0.9928571428571428,0.5468445768535056,0.4795739967766855,0.0628549079973972,0.08452579082002935,-0.0628549079973972,0.18611478069689968,0.7315707472755507,0.6713286713286714,0.8288733273778102,0.7829866771535293,0.4050929860117802,0.45376118017444217,-0.4050929860117802,0.7142970113491339,0.9652689256836143,0.9754509641302094,0.6647931613405751,0.6397157401062251,0.4050929860117802,0.45377129201423905,-0.4050929860117802,0.7147709012439706,0.963671395912484,0.9693655401202571,0.6648079759219876,0.6397157401062251
Hyb-Adam-UM,30,18,72,HybAdamUM_completed_p30_rep18_seed72.csv,hyb_adam_um_outputs/completed_matrices/HybAdamUM_completed_p30_rep18_seed72.csv,True,,15,105,27,15,12,0.026399535491291613,scipy.optimize.nnls,3.17394,1.363487444786275,1.810452555213725,0.570411713899357,0.3047619047619048,105,32,73,32.0,missing_p30_rep18_seed72.csv,21.67545044999997,0.0056698684151702,0.0045486663277799,0.9946849807445446,0.9699413489736072,127.60304716735656,30.751990632547376,75.90026937819526,30.751990632547376,0.0136679127340757,0.0675867925990052,0.6578611991561226,0.0,0.0,method_specific,hyb_adam_um_outputs/tables/hyb_adam_um_all_masks_detailed.csv,0.06705379834124907,0.09006697578413442,-0.06705379834124907,0.22234163980363814,0.8112261232946705,0.8186813186813187,0.6161315711054528,0.570411713899357,0.07012528351277329,0.094795227489308,-0.07012528351277329,0.22234163980363814,0.9407790858114627,0.9607142857142855,0.5459844397470978,0.4758278195318074,0.06321444187684379,0.08378225553234768,-0.06321444187684379,0.18337005451012467,0.7718053131009143,0.6433566433566434,0.8215821022742706,0.7874654083546578,0.40501530426153437,0.4536453625054953,-0.40501530426153437,0.7142817293077665,0.9668694017078064,0.9819303338171262,0.6646234800244063,0.6395930664484053,0.40501530426153437,0.4536541666163875,-0.40501530426153437,0.7163177092691375,0.9656607911633234,0.9765498652291105,0.6646363786877749,0.6395930664484053
Hyb-Adam-UM,30,19,73,HybAdamUM_completed_p30_rep19_seed73.csv,hyb_adam_um_outputs/completed_matrices/HybAdamUM_completed_p30_rep19_seed73.csv,True,,15,105,27,15,12,0.027843512557943716,scipy.optimize.nnls,3.17394,1.383839984749978,1.790100015250022,0.5639993242625954,0.3047619047619048,105,32,73,32.0,missing_p30_rep19_seed73.csv,21.735110266999985,0.0097028082826708,0.0053123572260639,0.9881911920370698,0.9853372434017592,138.6231702951059,30.813050881357785,77.77207748476545,30.813050881357785,0.013777532949983,0.067720990948039,0.6591674290188708,0.0,0.0,method_specific,hyb_adam_um_outputs/tables/hyb_adam_um_all_masks_detailed.csv,0.06928578668973907,0.09059487401412403,-0.06630000056481564,0.22299317472760372,0.7863791135051793,0.7472527472527473,0.6197428255413387,0.5893987411932661,0.0730558781470916,0.09544705281847962,-0.0676814631222294,0.22299317472760372,0.9673968291282362,0.9785714285714284,0.5497387056166625,0.49571306469484894,0.06457317236804841,0.08413706276078166,-0.06457317236804841,0.1835571380589442,0.8388036905922057,0.7832167832167832,0.8250613982992666,0.8043911808416614,0.40503372552561356,0.4532186639613611,-0.4042659519506332,0.7142819807669989,0.9741308012615443,0.9822724445365955,0.6639983355949394,0.6396221569856178,0.4050614873177006,0.4532289361698824,-0.4042659519506332,0.7147709012439706,0.9727060153500341,0.973678208583869,0.6640133851282075,0.6396659979208719
Hyb-Adam-UM,30,20,74,HybAdamUM_completed_p30_rep20_seed74.csv,hyb_adam_um_outputs/completed_matrices/HybAdamUM_completed_p30_rep20_seed74.csv,True,,15,105,27,15,12,0.03695986615529271,scipy.optimize.nnls,3.17394,1.3834117326303899,1.7905282673696101,0.5641342518666421,0.3047619047619048,105,32,73,32.0,missing_p30_rep20_seed74.csv,21.88513031699995,0.010067993920725,0.0060104039454195,0.9719816941009352,0.8907624633431085,252.67897881967235,32.0651237467648,87.30993615038768,32.0651237467648,0.0141825452160824,0.0704727994434391,0.6859523668302047,0.0,0.0,method_specific,hyb_adam_um_outputs/tables/hyb_adam_um_all_masks_detailed.csv,0.06631586175443,0.08804317905837657,-0.06631586175443,0.2057169208704552,0.8226776195333584,0.768009768009768,0.6022871509349811,0.564134251866642,0.06818167274229557,0.09001804804206483,-0.06818167274229557,0.2057169208704552,0.9680244709255477,0.9964285714285712,0.5184697038985171,0.46263965074862534,0.06398359801959802,0.08551047822026077,-0.06398359801959802,0.18317993620404904,0.6215462879073707,0.49650349650349657,0.8385293283916855,0.7970468242156483,0.4043478263180623,0.4530247461055125,-0.4043478263180623,0.7129044482630041,0.9622211993661494,0.9798258345428156,0.663714231819512,0.6385389969844615,0.40434782631806226,0.4530705789949346,-0.40434782631806226,0.7157688949912204,0.9589437332170557,0.9571843251088533,0.6637813803390052,0.6385389969844615
Hyb-Adam-UM,30,21,75,HybAdamUM_completed_p30_rep21_seed75.csv,hyb_adam_um_outputs/completed_matrices/HybAdamUM_completed_p30_rep21_seed75.csv,True,,15,105,27,15,12,0.03868356271358306,scipy.optimize.nnls,3.17394,1.4022345093171842,1.7717054906828158,0.5582038383469177,0.3047619047619048,105,32,73,32.0,missing_p30_rep21_seed75.csv,21.81011628300007,0.0135920395726016,0.0072517857806588,0.969450640648203,0.8995601173020527,121.57337055787828,30.282864508403136,75.09087362681437,30.282864508403136,0.0132748800599086,0.0665557461723145,0.647825430146153,0.0,0.0,method_specific,hyb_adam_um_outputs/tables/hyb_adam_um_all_masks_detailed.csv,0.06891382117074298,0.08913312726167863,-0.06561872187714132,0.2110773112712159,0.7901692122535261,0.7229430705507662,0.6097432855845288,0.5862345134470281,0.07140572021744333,0.09193510249966252,-0.06547454148896037,0.2110773112712159,0.9753891336344513,0.9857142857142854,0.5295112081146889,0.4845160896493986,0.06579894736236754,0.08550162867001733,-0.06579894736236754,0.18400630652114291,0.7569612194146972,0.6479869832129704,0.8384425482967001,0.8196607201715028,0.40468441244736497,0.4529704278389633,-0.40383710120043886,0.7147156497878043,0.9717013182218942,0.9782811528094547,0.6636346516048186,0.639070527897737,0.404796713193211,0.4530542964059971,-0.4038371012004389,0.7147709012439706,0.9667375738320184,0.9583039601907526,0.6637575251608906,0.6392478712663563
Hyb-Adam-UM,30,22,76,HybAdamUM_completed_p30_rep22_seed76.csv,hyb_adam_um_outputs/completed_matrices/HybAdamUM_completed_p30_rep22_seed76.csv,True,,15,105,27,15,12,0.03541721940708711,scipy.optimize.nnls,3.17394,1.373923110490109,1.800016889509891,0.5671237923558388,0.3047619047619048,105,32,73,32.0,missing_p30_rep22_seed76.csv,21.959785757999956,0.0091599530757637,0.0056448211465347,0.9786515122159832,0.9285190615835776,202.9645383717803,35.89064670528461,82.31678942873168,35.89064670528461,0.0157030214631326,0.0788805422094167,0.7677897721208894,0.0,0.0,method_specific,hyb_adam_um_outputs/tables/hyb_adam_um_all_masks_detailed.csv,0.06666729220407001,0.08879647075664555,-0.06666729220407001,0.20912218838453137,0.8197198511017626,0.7606837606837606,0.6074402805200972,0.5671237923558387,0.06898747174463965,0.0917211030297424,-0.06898747174463965,0.20912218838453137,0.9597451086366664,0.9857142857142854,0.5282786525970211,0.46810731609070483,0.063767067778358,0.08499928715077436,-0.063767067778358,0.18451552599277743,0.6862374022571163,0.4685314685314686,0.8335165075877585,0.7943494963618107,0.4051091097182008,0.4537608036541626,-0.4051091097182008,0.7128505390867278,0.965214759770351,0.9822413435620981,0.664792609710956,0.6397412023806714,0.40510910971820074,0.4538237003235153,-0.40510910971820074,0.7147709012439706,0.9614599887925926,0.9662865436450342,0.6648847579102372,0.6397412023806714
Hyb-Adam-UM,30,23,77,HybAdamUM_completed_p30_rep23_seed77.csv,hyb_adam_um_outputs/completed_matrices/HybAdamUM_completed_p30_rep23_seed77.csv,True,,15,105,27,15,12,0.03607567755401465,scipy.optimize.nnls,3.17394,1.3850480724626388,1.7888919275373611,0.5636186971200972,0.3047619047619048,105,32,73,32.0,missing_p30_rep23_seed77.csv,21.733285269999897,0.0113267356062995,0.0068643712101515,0.9686880700415428,0.8533724340175952,131.32706774741308,36.41642988998845,72.27043098226352,36.41642988998845,0.0157066466975918,0.0800361096483262,0.7790375758978361,0.0,0.0,method_specific,hyb_adam_um_outputs/tables/hyb_adam_um_all_masks_detailed.csv,0.06625525657545782,0.0879952170376897,-0.06625525657545782,0.2072061353496061,0.8193642761536254,0.7509157509157509,0.6019590515966619,0.5636186971200972,0.06782553692613584,0.08950972065752283,-0.06782553692613584,0.2072061353496061,0.9667851560009275,0.9964285714285712,0.5155419315875263,0.46022312819967054,0.0642924061371103,0.08606461748688045,-0.0642924061371103,0.1855251638629622,0.60400657880135,0.4825174825174825,0.8439633060368247,0.8008936621080687,0.40475133301121546,0.4534960294367798,-0.40475133301121546,0.7164496442904491,0.9601721007554904,0.9695936139332365,0.6644046962077609,0.6391762076787014,0.40475133301121546,0.4535374654829159,-0.40475133301121546,0.7147709012439706,0.9571153591939359,0.9504146796599626,0.664465403031764,0.6391762076787014
Hyb-Adam-UM,30,24,78,HybAdamUM_completed_p30_rep24_seed78.csv,hyb_adam_um_outputs/completed_matrices/HybAdamUM_completed_p30_rep24_seed78.csv,True,,15,105,27,15,12,0.06504902165192948,scipy.optimize.nnls,3.17394,1.4256265741178018,1.7483134258821982,0.5508337983333643,0.3047619047619048,105,32,73,32.0,missing_p30_rep24_seed78.csv,21.620816786999967,0.0243116039364268,0.0101224368514223,0.9425853236534028,0.9560117302052784,98.30031926574507,34.53473887901353,64.86813152086279,34.53473887901353,0.015262097768766,0.0759005250088209,0.7387835474769541,0.0,0.0,method_specific,hyb_adam_um_outputs/tables/hyb_adam_um_all_masks_detailed.csv,0.07090751787896304,0.09145582244963224,-0.06475234910674807,0.22235411949669343,0.726165648266444,0.7525568703157258,0.6256324150117548,0.603194446880534,0.07463880666912821,0.09638452925129633,-0.06355950287914125,0.22235411949669343,0.9643680286343439,0.95,0.5551382131499427,0.5064538615855766,0.0662434068912566,0.08489349171826706,-0.0662434068912566,0.1848412647684682,0.8933577751574522,0.8931712471313915,0.8324790607764011,0.8251973743603608,0.4051729136382826,0.4538613188658832,-0.40333006493638157,0.7130723195636539,0.9832401109270117,0.9763839933651254,0.6649398718133176,0.6398419604124476,0.4060098386868291,0.45394816523379206,-0.4033300649363816,0.7147709012439706,0.9730374468331353,0.97399958532034,0.6650671080644461,0.6411636177734288
Hyb-Adam-UM,30,25,79,HybAdamUM_completed_p30_rep25_seed79.csv,hyb_adam_um_outputs/completed_matrices/HybAdamUM_completed_p30_rep25_seed79.csv,True,,15,105,27,15,12,0.026579156859731074,scipy.optimize.nnls,3.17394,1.4027609323070775,1.7711790676929224,0.5580379804573882,0.3047619047619048,105,32,73,32.0,missing_p30_rep25_seed79.csv,21.56295021799997,0.0153376749842011,0.0062797792072928,0.9580587164767872,0.9538123167155425,104.49091657669145,34.90309321858318,66.59700731693175,34.90309321858318,0.0153211409189569,0.076710094985897,0.746663558577347,0.0,0.0,method_specific,hyb_adam_um_outputs/tables/hyb_adam_um_all_masks_detailed.csv,0.0655992247293675,0.0918826871043015,-0.0655992247293675,0.2251865013418232,0.7026970539300886,0.6398046398046398,0.6285525173915784,0.5580379804573881,0.0651463691446977,0.09184717417780618,-0.0651463691446977,0.2219778805189408,0.8426939160516832,0.907142857142857,0.5290047744384571,0.4420439138030631,0.06616529421020474,0.09192705896976341,-0.06616529421020474,0.2251865013418232,-0.06921864923194658,0.20979020979020982,0.9014513381668176,0.8242243208546126,0.4040741327589255,0.45312472052463126,-0.4040741327589255,0.7126059073587135,0.9537388445102554,0.9760729836201534,0.6638607016213438,0.6381067849151555,0.4040741327589255,0.45313214459007983,-0.4040741327589255,0.7147709012439706,0.9525879128545169,0.9712212315985901,0.6638715784176745,0.6381067849151555
Hyb-Adam-UM,30,26,80,HybAdamUM_completed_p30_rep26_seed80.csv,hyb_adam_um_outputs/completed_matrices/HybAdamUM_completed_p30_rep26_seed80.csv,True,,15,105,27,15,12,0.03504494082426841,scipy.optimize.nnls,3.17394,1.4412315170312402,1.7327084829687598,0.5459172142412143,0.3047619047619048,105,32,73,32.0,missing_p30_rep26_seed80.csv,21.68736005300002,0.0207649212813826,0.0086368087223991,0.9418349843897224,0.9505131964809382,177.8163539458734,36.17236351039139,79.65745967246515,36.17236351039139,0.0159762967298398,0.0794997000228382,0.7738163919077018,0.0,0.0,method_specific,hyb_adam_um_outputs/tables/hyb_adam_um_all_masks_detailed.csv,0.06871335862153015,0.09251381942453411,-0.06417438825810222,0.22341883948245603,0.6632453918500348,0.6658525493544009,0.6328699772002916,0.5845292232308469,0.06878115171262816,0.09313242127291801,-0.060611005058457894,0.22238094830702163,0.823309955652772,0.8785714285714284,0.5364073086561251,0.46670735296699245,0.06862861725765762,0.0917347011766218,-0.06862861725765762,0.22341883948245603,0.29423873320324406,0.5779343363791357,0.8995650471010787,0.8549100570863911,0.404173111255106,0.4529275313653852,-0.4030059474473674,0.7119842601134578,0.9657572672487578,0.973377565830396,0.6635718051482985,0.6382630900207119,0.40440942299294125,0.45295984604964734,-0.4030059474473674,0.7147709012439706,0.9628344936150474,0.9689508604602943,0.6636191485131497,0.6386362693733177
Hyb-Adam-UM,30,27,81,HybAdamUM_completed_p30_rep27_seed81.csv,hyb_adam_um_outputs/completed_matrices/HybAdamUM_completed_p30_rep27_seed81.csv,True,,15,105,27,15,12,0.027062862501247953,scipy.optimize.nnls,3.17394,1.3560580130302344,1.8178819869697656,0.5727524738872712,0.3047619047619048,105,32,73,32.0,missing_p30_rep27_seed81.csv,21.30919402200016,0.0044676321781759,0.0036187510854239,0.9957702959645366,0.972140762463343,331.23811294004724,36.80399239801096,88.88896206075407,36.80399239801096,0.0161433687664016,0.0808878953802438,0.7873284972668674,0.0,0.0,method_specific,hyb_adam_um_outputs/tables/hyb_adam_um_all_masks_detailed.csv,0.0673289624803617,0.09027551861226209,-0.0673289624803617,0.22167811309459218,0.8175554914792674,0.8253968253968252,0.6175581741330156,0.5727524738872714,0.07104042110304318,0.09522653643644981,-0.07104042110304318,0.22167811309459218,0.9481925214252047,0.982142857142857,0.5484686151649972,0.48203739049304845,0.06268963920200983,0.08367579867859554,-0.06268963920200983,0.18445717983034393,0.7906061096929841,0.6503496503496504,0.8205381694611534,0.7809279156492904,0.40502129139446874,0.4533717182030998,-0.40502129139446874,0.7118686046620647,0.9686012694080185,0.9832573087290069,0.6642225712009534,0.6396025212237494,0.40502129139446874,0.4533794107483216,-0.40502129139446874,0.7151910369804868,0.9674062924101855,0.9796081277213352,0.6642338413396964,0.6396025212237494
Hyb-Adam-UM,30,28,82,HybAdamUM_completed_p30_rep28_seed82.csv,hyb_adam_um_outputs/completed_matrices/HybAdamUM_completed_p30_rep28_seed82.csv,True,,15,105,27,15,12,0.02478662370070508,scipy.optimize.nnls,3.17394,1.3977320349996813,1.7762079650003186,0.5596224140974053,0.3047619047619048,105,32,73,32.0,missing_p30_rep28_seed82.csv,21.818635735000043,0.0117802047583971,0.0062553720097638,0.9801053476412834,0.9545454545454544,107.09254469574016,34.5996011471976,67.69186758471538,34.5996011471976,0.0153154541304105,0.0760430794443903,0.7401711119451352,0.0,0.0,method_specific,hyb_adam_um_outputs/tables/hyb_adam_um_all_masks_detailed.csv,0.06886537830942537,0.09014548150262282,-0.06578548018519698,0.2226887200645748,0.7784226742259912,0.7228327228327228,0.6166686142475357,0.5858224208253732,0.07216129231584546,0.09350480672043257,-0.06661747569223436,0.2226887200645748,0.9713010228326467,0.982142857142857,0.5385521071371893,0.48964294555745735,0.06474548580140024,0.08576148045441224,-0.06474548580140024,0.18365153133973722,0.6640926755178209,0.6853146853146854,0.8409906961586356,0.8065376977471457,0.4049363206342147,0.45316758410905617,-0.40414434683084166,0.7139415347854275,0.9702502796923,0.969510678001244,0.6639234998928603,0.6394683368891391,0.40494148092716503,0.45317443531689383,-0.40414434683084166,0.7153149294151817,0.9691747361842794,0.9625544267053701,0.6639335374110887,0.6394764859332792
Hyb-Adam-UM,30,29,83,HybAdamUM_completed_p30_rep29_seed83.csv,hyb_adam_um_outputs/completed_matrices/HybAdamUM_completed_p30_rep29_seed83.csv,True,,15,105,27,15,12,0.061680571367255486,scipy.optimize.nnls,3.17394,1.4020700897594647,1.7718699102405353,0.5582556413292423,0.3047619047619048,105,32,73,32.0,missing_p30_rep29_seed83.csv,21.605848873000014,0.0173976797277135,0.008723436278424,0.969420902485288,0.9802052785923752,142.32054731396434,37.55033510722683,73.61566139540665,37.55033510722683,0.0158631377698593,0.0825282090268721,0.8032946152178312,0.0,0.0,method_specific,hyb_adam_um_outputs/tables/hyb_adam_um_all_masks_detailed.csv,0.06628152534050569,0.0901171851528848,-0.06562481149039019,0.22230290361699329,0.7773727041107104,0.7684323093649825,0.6164750441374166,0.5638421596481514,0.06848089688870422,0.0944484481655239,-0.06809205585981659,0.22230290361699329,0.9208008280381363,0.9571428571428571,0.5439871227953187,0.46467000508025463,0.06353231090525756,0.08439107881544056,-0.06254075602860723,0.1834091291862068,0.5511699854784552,0.5218922189120679,0.8275523200687038,0.7914251184593647,0.4028211490706829,0.4527091086856826,-0.4026522797949389,0.7130150370623484,0.9698528207964598,0.9785817955629277,0.6632518000220509,0.636128095046055,0.40337128653817333,0.45276205794995966,-0.40265227979493884,0.7149452770675716,0.9623513141482769,0.9754924320962056,0.6633293745487565,0.6369968624879223
Hyb-Adam-UM,30,30,84,HybAdamUM_completed_p30_rep30_seed84.csv,hyb_adam_um_outputs/completed_matrices/HybAdamUM_completed_p30_rep30_seed84.csv,True,,15,105,27,15,12,0.05768979776982154,scipy.optimize.nnls,3.17394,1.4599835129566987,1.7139564870433013,0.5400091013199056,0.3047619047619048,105,32,73,32.0,missing_p30_rep30_seed84.csv,21.50143367599981,0.022954770834418,0.0120220518236494,0.9096508634453316,0.8621700879765395,118.6767853458915,35.15537914331972,70.37720642596022,35.15537914331972,0.0152864729803908,0.0772645695457576,0.7520605789836206,0.0,0.0,method_specific,hyb_adam_um_outputs/tables/hyb_adam_um_all_masks_detailed.csv,0.06347986989049265,0.09078681148385687,-0.06347986989049265,0.22252870485673645,0.6808978959360439,0.6318681318681317,0.6210558343744979,0.5400091013199056,0.05994669858292143,0.08857158941710945,-0.05994669858292143,0.22252870485673645,0.8247017146961022,0.8464285714285712,0.5101386526116505,0.40676208987656076,0.06789633402495666,0.0934820490726471,-0.06789633402495666,0.22241511535584135,-0.09256071538979549,0.16783216783216784,0.9166998180463024,0.845787968877599,0.4023246649662455,0.4525939987049956,-0.4023246649662455,0.7153020957973159,0.9389955729970795,0.9596724030686294,0.6630831555207003,0.6353440560542966,0.4023246649662456,0.45264880672799807,-0.4023246649662456,0.7155444351673728,0.9327156606176933,0.9432303545511093,0.6631634532642504,0.6353440560542967
Hyb-Adam-UM,50,1,55,HybAdamUM_completed_p50_rep01_seed55.csv,hyb_adam_um_outputs/completed_matrices/HybAdamUM_completed_p50_rep01_seed55.csv,True,,15,105,27,15,12,0.0923846269981087,scipy.optimize.nnls,3.17394,1.5775545890758695,1.5963854109241304,0.5029664741375485,0.4952380952380952,105,52,53,52.0,missing_p50_rep01_seed55.csv,35.066856417000054,0.0398304798260423,0.0221213002759795,0.8562976683347335,0.8560573721506018,71.38078818446246,20.12312137857606,71.80877111279042,20.12312137857606,0.0089924832163536,0.0442266403924748,0.4304833764765507,0.0,0.0,method_specific,hyb_adam_um_outputs/tables/hyb_adam_um_all_masks_detailed.csv,0.06949205616321243,0.09242671855072851,-0.05912538558978261,0.22323063019879602,0.5771848361723062,0.5907148322700366,0.63227413618581,0.5911534296195692,0.06799291956994788,0.09075441835620536,-0.050476032359277286,0.22323063019879602,0.774632334099487,0.7999999999999999,0.5227109167112377,0.4613588857245302,0.07136597690479309,0.09447547626584706,-0.06993707712791426,0.2209060324001124,0.004575639214763496,0.2464849853213996,0.9264415228578962,0.8890094807045675,0.40027438434703316,0.4513957866017188,-0.3949225718094349,0.714215505420882,0.9414674496811982,0.9464026539498236,0.6613276875633318,0.6321062888526033,0.4014158847071115,0.4516559605369971,-0.39492257180943496,0.7155390361849273,0.9094507930030323,0.9145137880986937,0.6617088613183577,0.6339089262047539
Hyb-Adam-UM,50,2,56,HybAdamUM_completed_p50_rep02_seed56.csv,hyb_adam_um_outputs/completed_matrices/HybAdamUM_completed_p50_rep02_seed56.csv,True,,15,105,27,15,12,0.09157654748377404,scipy.optimize.nnls,3.17394,1.520602535286913,1.653337464713087,0.5209101195085878,0.4952380952380952,105,52,53,52.0,missing_p50_rep02_seed56.csv,35.02622538200012,0.0300481254185161,0.015114781808856,0.9433336676152104,0.92999231622983,103.57859859024656,22.286238069876703,78.48374242053582,22.286238069876703,0.0099022855064747,0.048980743010718,0.4767577968045653,0.0,0.0,method_specific,hyb_adam_um_outputs/tables/hyb_adam_um_all_masks_detailed.csv,0.06983788759339396,0.0912120263762065,-0.06123472091529951,0.22204614897931177,0.6463019976235533,0.6945896222405777,0.6239646510345435,0.5940953404984458,0.07049656188487316,0.09479337043662905,-0.05501086186430315,0.22204614897931177,0.9050054004195589,0.7678571428571428,0.5459737438302953,0.47834709031954575,0.06901454472904497,0.08652714661770061,-0.06901454472904497,0.18389770736929786,0.865974752681074,0.74389001356746,0.8484989401427315,0.8597175745591136,0.40262447147808317,0.453207083228147,-0.39917445009861546,0.7152302195128378,0.9794689816818651,0.9750984864192411,0.6639813689777398,0.6358175052406108,0.4034161650760726,0.45337685406288775,-0.39917445009861546,0.7147709012439706,0.9536993522392281,0.9577130416753058,0.6642300956094171,0.6370677338880167
Hyb-Adam-UM,50,3,57,HybAdamUM_completed_p50_rep03_seed57.csv,hyb_adam_um_outputs/completed_matrices/HybAdamUM_completed_p50_rep03_seed57.csv,True,,15,105,27,15,12,0.029401898924521726,scipy.optimize.nnls,3.17394,1.4987942908923224,1.6751457091076776,0.5277811518515402,0.4952380952380952,105,52,53,52.0,missing_p50_rep03_seed57.csv,35.03091557800008,0.0218663516791615,0.0127382940281952,0.9190319882102038,0.872022539059165,162.9921642962882,20.75755960435415,87.26468864685978,20.75755960435415,0.0093511838338161,0.0456210101194596,0.4440555805328019,0.0,0.0,method_specific,hyb_adam_um_outputs/tables/hyb_adam_um_all_masks_detailed.csv,0.06204243367065473,0.09094550973424682,-0.06204243367065473,0.22630875606197454,0.6495675526379212,0.6197527167305978,0.6221414598381395,0.5277811518515403,0.05656760075770637,0.08741524307866672,-0.05656760075770637,0.22350046320529385,0.7841489563657607,0.8678571428571429,0.503478537704289,0.38383357294780024,0.06888597481184015,0.09517437687592958,-0.06888597481184015,0.22630875606197454,-0.1682448996254949,0.10858160259244368,0.933295053224964,0.8581159727835087,0.40020286680591605,0.45189714858428603,-0.40020286680591605,0.7151102711798142,0.9177704052710692,0.9326249222475638,0.6620622193653664,0.6319933496057486,0.4002028668059162,0.45192119493907773,-0.4002028668059162,0.7149319831243659,0.9157276036780095,0.9273066556085423,0.6620974490256352,0.6319933496057489
Hyb-Adam-UM,50,4,58,HybAdamUM_completed_p50_rep04_seed58.csv,hyb_adam_um_outputs/completed_matrices/HybAdamUM_completed_p50_rep04_seed58.csv,True,,15,105,27,15,12,0.02713995999739135,scipy.optimize.nnls,3.17394,1.4373225056283632,1.7366174943716368,0.5471488101134984,0.4952380952380952,105,52,53,52.0,missing_p50_rep04_seed58.csv,35.65766845500002,0.0160007566480538,0.0082692261465267,0.9646030324860764,0.9514214974814308,119.009170405712,22.82949914257727,80.81702522188027,22.82949914257727,0.0103053540169581,0.0501747233902797,0.48837949586828,0.0,0.0,method_specific,hyb_adam_um_outputs/tables/hyb_adam_um_all_masks_detailed.csv,0.06754565929096416,0.09243857200851847,-0.06431916645820877,0.22538103118142283,0.6657007683537721,0.6304381083983667,0.6323552235045257,0.574595865345921,0.0670334482140834,0.09215127618716311,-0.06122576111512372,0.2242910184299391,0.8294067506287398,0.8892857142857141,0.5307562862983072,0.45484849260674604,0.06818592313706508,0.0927964409879932,-0.06818592313706508,0.22538103118142283,0.06890115914760711,0.3817869252443987,0.9099766362944253,0.8493953946754221,0.40359984798269144,0.45328181095538456,-0.4027701783971258,0.7158364610280102,0.9547631242776458,0.9717188471905452,0.664090850538086,0.6373578027132251,0.4037266539693573,0.4533086203839384,-0.4027701783971258,0.7167665511877221,0.9527194905950789,0.9639125025917478,0.6641301283025594,0.637558052503794
Hyb-Adam-UM,50,5,59,HybAdamUM_completed_p50_rep05_seed59.csv,hyb_adam_um_outputs/completed_matrices/HybAdamUM_completed_p50_rep05_seed59.csv,True,,15,105,27,15,12,0.06326226639924695,scipy.optimize.nnls,3.17394,1.4725495588921491,1.7013904411078509,0.5360499697876616,0.4952380952380952,105,52,53,52.0,missing_p50_rep05_seed59.csv,34.010571460000165,0.0191716358969419,0.0097048765367914,0.9354265292855722,0.8936224707589856,183.7607463389841,25.479070788677184,86.13464992045915,25.479070788677184,0.011200358789427,0.0559979577773124,0.545060391787536,0.0,0.0,method_specific,hyb_adam_um_outputs/tables/hyb_adam_um_all_masks_detailed.csv,0.06301446078177227,0.08951487516543323,-0.06301446078177227,0.22637,0.6940991019017844,0.6209117617828404,0.6123547525918176,0.5360499697876618,0.0577587730679787,0.08505074437367659,-0.0577587730679787,0.20624083787383915,0.8505710856261728,0.907142857142857,0.4898599248804273,0.39191614879906655,0.0695840704240142,0.094799881711906,-0.0695840704240142,0.22637,-0.10230935016150954,0.060507800146635496,0.9296226941771552,0.8668121841236677,0.4024928511147312,0.4530793942276341,-0.4024928511147312,0.7127639879173487,0.934748385932473,0.9702571013891768,0.6637942952966313,0.6356096526708003,0.4024928511147312,0.4531768872153866,-0.4024928511147312,0.7167421251158851,0.9259965759259036,0.9348123574538668,0.6639371296208711,0.6356096526708003
Hyb-Adam-UM,50,6,60,HybAdamUM_completed_p50_rep06_seed60.csv,hyb_adam_um_outputs/completed_matrices/HybAdamUM_completed_p50_rep06_seed60.csv,True,,15,105,27,15,12,0.034654686679709584,scipy.optimize.nnls,3.17394,1.385159526172631,1.788780473827369,0.563583581865873,0.4952380952380952,105,52,53,52.0,missing_p50_rep06_seed60.csv,34.880140926000195,0.0091268287509888,0.005271040018464,0.9839384429972912,0.9215401690429436,139.83145175876382,26.470413993003795,81.06977102785834,26.470413993003795,0.011772054436355,0.0581767340505577,0.566267676771661,0.0,0.0,method_specific,hyb_adam_um_outputs/tables/hyb_adam_um_all_masks_detailed.csv,0.06625112866027293,0.08790523973585253,-0.06625112866027293,0.20416050370623837,0.820987654488245,0.7503052503052503,0.6013435334684898,0.563583581865873,0.06778829799979559,0.08944034637461405,-0.06778829799979559,0.20416050370623837,0.9682935451296663,0.9928571428571428,0.5151423621156236,0.45997044733715453,0.0643296669858696,0.08594780794049471,-0.0643296669858696,0.18514017133108873,0.6073412422803329,0.46153846153846156,0.842817853075747,0.8013578223317885,0.4044620447806447,0.45303709089812927,-0.4044620447806447,0.7131194187421396,0.9621666597958222,0.9670226000414679,0.6637323178393575,0.6387193687777232,0.4044620447806446,0.4530738414635314,-0.4044620447806446,0.714056627611263,0.9594220200551127,0.9529960605432303,0.6637861600929971,0.6387193687777231
Hyb-Adam-UM,50,7,61,HybAdamUM_completed_p50_rep07_seed61.csv,hyb_adam_um_outputs/completed_matrices/HybAdamUM_completed_p50_rep07_seed61.csv,True,,15,105,27,15,12,0.1324655856986689,scipy.optimize.nnls,3.17394,1.4983973126718362,1.6755426873281638,0.5279062261190078,0.4952380952380952,105,52,53,52.0,missing_p50_rep07_seed61.csv,35.00970141100015,0.034805962377988,0.0165480559179351,0.8555876569515246,0.8900367113463672,76.3798025623874,22.524626289603702,70.50970867435082,22.524626289603702,0.0101882299183699,0.0495046731639641,0.4818575109000917,0.0,0.0,method_specific,hyb_adam_um_outputs/tables/hyb_adam_um_all_masks_detailed.csv,0.06934260228720018,0.09069693754839551,-0.062057136567709774,0.2234828114128381,0.6841761012888848,0.6814226914988641,0.6204410233566399,0.589882058814724,0.07230466807307309,0.09453718505038437,-0.059190829777990346,0.2234828114128381,0.895789688788194,0.8357142857142855,0.5444982134867875,0.4906158068496747,0.06564002005485901,0.08565485032919168,-0.06564002005485901,0.18393825779440495,0.7095033077226688,0.5324001159371432,0.8399450642179838,0.8176809548933449,0.4019238089532153,0.45246903196104193,-0.3979429363427325,0.7147180375476815,0.9715618577831263,0.9572257930748497,0.6629000701436227,0.6347110312676264,0.40396431100977437,0.45273168588175633,-0.3979429363427325,0.7162535105883907,0.9229183739000884,0.9327596931370516,0.6632848772578477,0.637933356334647
Hyb-Adam-UM,50,8,62,HybAdamUM_completed_p50_rep08_seed62.csv,hyb_adam_um_outputs/completed_matrices/HybAdamUM_completed_p50_rep08_seed62.csv,True,,15,105,27,15,12,0.03637072856071587,scipy.optimize.nnls,3.17394,1.414400846533967,1.759539153466033,0.5543706413687823,0.4952380952380952,105,52,53,52.0,missing_p50_rep08_seed62.csv,35.15135129999999,0.0114726660441811,0.0065172450567286,0.973175264551694,0.915905404251686,140.78065935950778,25.08039878879961,82.18476962467373,25.08039878879961,0.0110139975694535,0.0551217555797793,0.536531810888716,0.0,0.0,method_specific,hyb_adam_um_outputs/tables/hyb_adam_um_all_masks_detailed.csv,0.06818630143732861,0.08821369905424652,-0.06516811679503826,0.20500600392440746,0.7908124161420949,0.707391701932474,0.6034536467792743,0.5800456652639535,0.06943169193861046,0.08950948469200638,-0.06399895958248782,0.20500600392440746,0.9734340735535842,0.9571428571428571,0.515540572515939,0.47112152602613594,0.0666295633107263,0.08656669546996111,-0.0666295633107263,0.1844837936462857,0.7027724773646156,0.6479033899876788,0.8488867624683094,0.8300077438505937,0.40476541925962367,0.4530629978337395,-0.4039893146373204,0.7145921980149327,0.9689919262299732,0.9718225171055359,0.6637702733859698,0.6391984524351819,0.4047667454317707,0.45310756516292383,-0.4039893146373204,0.7146428609447615,0.965660159247075,0.9507049554219366,0.6638355677675861,0.6392005467029818
Hyb-Adam-UM,50,9,63,HybAdamUM_completed_p50_rep09_seed63.csv,hyb_adam_um_outputs/completed_matrices/HybAdamUM_completed_p50_rep09_seed63.csv,True,,15,105,27,15,12,0.060906036647825255,scipy.optimize.nnls,3.17394,1.4690782903150883,1.7048617096849117,0.5371436478587849,0.4952380952380952,105,52,53,52.0,missing_p50_rep09_seed63.csv,34.90020900699983,0.0197663736048092,0.010460645078246,0.94921966896627,0.8915734653803465,120.21186038294071,23.415981465739936,80.52107222103777,23.415981465739936,0.0103687844970141,0.0514636955290987,0.5009258044637083,0.0,0.0,method_specific,hyb_adam_um_outputs/tables/hyb_adam_um_all_masks_detailed.csv,0.06795639399337103,0.08994930026436075,-0.06314302628462636,0.22235404440613632,0.7108533176309971,0.6841703636420047,0.6153265745765079,0.5780898938924548,0.06809806947417164,0.09197899323185361,-0.05943400759843124,0.22235404440613632,0.9036412963739007,0.7785714285714285,0.5297640020312195,0.46207236946597785,0.06777929964237027,0.08734588367906397,-0.06777929964237027,0.1854385504420295,0.701645659377204,0.7705791151721809,0.8565276057809472,0.8443300658235077,0.4032276972570662,0.4530465545038489,-0.4019899741319604,0.7179788243195708,0.9637708511113057,0.9568318473978851,0.6637461827106574,0.6367701088130707,0.4035913521122484,0.453116552016636,-0.40198997413196047,0.7147709012439706,0.9553050740304516,0.9427534729421521,0.663848734162489,0.6373443861835985
Hyb-Adam-UM,50,10,64,HybAdamUM_completed_p50_rep10_seed64.csv,hyb_adam_um_outputs/completed_matrices/HybAdamUM_completed_p50_rep10_seed64.csv,True,,15,105,27,15,12,0.09896400812384552,scipy.optimize.nnls,3.17394,1.5255999177826045,1.6483400822173955,0.5193356151084757,0.4952380952380952,105,52,53,52.0,missing_p50_rep10_seed64.csv,34.783616131999906,0.0353220693425906,0.0176192667665113,0.85427761835711,0.9059165030308204,97.61625629449588,21.78443812609604,77.68359599821659,21.78443812609604,0.0097441025293662,0.0478778859914198,0.4660230539159982,0.0,0.0,method_specific,hyb_adam_um_outputs/tables/hyb_adam_um_all_masks_detailed.csv,0.06973171189068114,0.0935157749957209,-0.06104963267471834,0.22637,0.5820364221939306,0.6047087468274044,0.6397241704812202,0.5931921274656707,0.06897434386619589,0.09335669910124453,-0.05376914171549954,0.22205968788812905,0.726702018260107,0.8107142857142855,0.537699063607189,0.4680182382365834,0.07067842192128772,0.09371424014264203,-0.07015024637374184,0.22637,0.1541425723435104,0.2633868947559428,0.9189767205503427,0.8804445744936236,0.40244307270267654,0.45292334941893225,-0.39839080206941,0.7147538079632558,0.9530014048007637,0.950155504872486,0.6635656782923124,0.63553104347536,0.40430320776713186,0.45322047934880355,-0.3983908020694101,0.7158734010859099,0.9202373827224412,0.9365851130002073,0.664000995269697,0.6384685361512292
Hyb-Adam-UM,50,11,65,HybAdamUM_completed_p50_rep11_seed65.csv,hyb_adam_um_outputs/completed_matrices/HybAdamUM_completed_p50_rep11_seed65.csv,True,,15,105,27,15,12,0.038050739976702774,scipy.optimize.nnls,3.17394,1.453276735902856,1.720663264097144,0.5421221775134829,0.4952380952380952,105,52,53,52.0,missing_p50_rep11_seed65.csv,35.18726317799997,0.0190177309597111,0.0096712517215322,0.931767044180015,0.920430291129514,183.12009983021647,26.46892797579675,85.54559111733886,26.46892797579675,0.0117191520776168,0.0581734680786741,0.5662358871853063,0.0,0.0,method_specific,hyb_adam_um_outputs/tables/hyb_adam_um_all_masks_detailed.csv,0.06372826904063496,0.09176773420434943,-0.06372826904063496,0.22637,0.661904516105704,0.617593273448818,0.6277661458027248,0.5421221775134829,0.059849702853754766,0.09024951762649527,-0.059849702853754766,0.2243018016404807,0.7799707811801603,0.8178571428571428,0.5198028806282001,0.4061039354420783,0.0685764767742352,0.09363089261820283,-0.0685764767742352,0.22637,-0.024742324889872536,0.12676370673671977,0.9181594014902027,0.8542605405225965,0.40340245800560476,0.45411493473778386,-0.40340245800560476,0.7180779822939007,0.9312130123078322,0.9635081899232841,0.6653114375280889,0.6370460879226908,0.40340245800560476,0.4541967145781261,-0.40340245800560476,0.718366399638587,0.9263609470576318,0.9458221024258758,0.6654312509475051,0.6370460879226908
Hyb-Adam-UM,50,12,66,HybAdamUM_completed_p50_rep12_seed66.csv,hyb_adam_um_outputs/completed_matrices/HybAdamUM_completed_p50_rep12_seed66.csv,True,,15,105,27,15,12,0.03709477898078305,scipy.optimize.nnls,3.17394,1.4290676453460422,1.7448723546539577,0.5497496344146259,0.4952380952380952,105,52,53,52.0,missing_p50_rep12_seed66.csv,35.27801659600004,0.0186966883138237,0.0094720793459376,0.960174554759286,0.939639716554256,95.50727990489898,23.99747139815344,74.87367306235835,23.99747139815344,0.0106855723820156,0.052741695380557,0.5133653134634895,0.0,0.0,method_specific,hyb_adam_um_outputs/tables/hyb_adam_um_all_masks_detailed.csv,0.06738802201691836,0.08914112368517935,-0.06462490202422065,0.20929668195058984,0.76269132517945,0.7599268369637285,0.6097979876429895,0.5732548801983641,0.06770150058631934,0.09149596296552526,-0.0652831510279455,0.20929668195058984,0.9218482678455152,0.9428571428571427,0.526981931495317,0.4593814925133514,0.06699617380516713,0.08610706009347337,-0.0638020907695646,0.18446934985212077,0.4271669568559431,0.570436680315239,0.844379504976911,0.8345746287923986,0.40329057146732267,0.4530598816405649,-0.40197635453964636,0.7131767439659689,0.969655345437671,0.9770578478125648,0.6637657079361199,0.6368693986633932,0.40337809315602124,0.4531443423510602,-0.40197635453964625,0.7159005105995033,0.9642413178516672,0.9598071739581173,0.6638894490254693,0.637007611379472
Hyb-Adam-UM,50,13,67,HybAdamUM_completed_p50_rep13_seed67.csv,hyb_adam_um_outputs/completed_matrices/HybAdamUM_completed_p50_rep13_seed67.csv,True,,15,105,27,15,12,0.09074672259166593,scipy.optimize.nnls,3.17394,1.5727275492091837,1.6012124507908163,0.5044873093980404,0.4952380952380952,105,52,53,52.0,missing_p50_rep13_seed67.csv,34.99878952400013,0.0394349217219483,0.0194636204104274,0.8355915322701222,0.8852556987962094,70.99079648840024,19.897651045804498,71.97150612466261,19.897651045804498,0.0090691634924612,0.0437311011995703,0.4256600079582786,0.0,0.0,method_specific,hyb_adam_um_outputs/tables/hyb_adam_um_all_masks_detailed.csv,0.07187363952087844,0.09349252226319497,-0.05930416484410431,0.22637,0.5551005103451595,0.5768551228530719,0.6395651028263004,0.6114130283066844,0.07158722350715448,0.09282288407648615,-0.048962169088961026,0.21488924605470025,0.6917003422937822,0.682142857142857,0.5346244921868697,0.48574766134871833,0.0722316595380334,0.09432288485678081,-0.0722316595380334,0.22637,0.3226003341578909,0.4568216838015835,0.9249451872692555,0.8997933318001482,0.4039457198244086,0.453620960090157,-0.3975975117950993,0.714599248971832,0.9553704602028418,0.9477814638191996,0.6645877287095167,0.6379039974607182,0.4049062170521292,0.4538882514409319,-0.3975975117950993,0.7157401104884531,0.9227286696783831,0.9282811528094547,0.6649793299963705,0.6394207978401832
Hyb-Adam-UM,50,14,68,HybAdamUM_completed_p50_rep14_seed68.csv,hyb_adam_um_outputs/completed_matrices/HybAdamUM_completed_p50_rep14_seed68.csv,True,,15,105,27,15,12,0.06575765072958756,scipy.optimize.nnls,3.17394,1.4974865496435912,1.6764534503564088,0.5281931764168223,0.4952380952380952,105,52,53,52.0,missing_p50_rep14_seed68.csv,35.04673881000008,0.0256377826768999,0.0124040733395675,0.929404241532234,0.9086485102023392,91.33987108265296,23.39062074544927,74.39166437591835,23.39062074544927,0.0104708985464165,0.051407957682306,0.5003832758820228,0.0,0.0,method_specific,hyb_adam_um_outputs/tables/hyb_adam_um_all_masks_detailed.csv,0.0698486336098366,0.08871625877153298,-0.062090868531718836,0.20219006525517688,0.7157412459442346,0.7067808282693198,0.6068915651227096,0.5941867544646681,0.07100251904312688,0.08948059668947349,-0.05703854190251491,0.20219006525517688,0.9369658842734578,0.9392857142857142,0.5153741886135415,0.48178021000660587,0.06840627681822377,0.08775147465176492,-0.06840627681822377,0.18309712128313296,0.7125589190164741,0.6549458181397189,0.8605048952666242,0.8521403513081824,0.4030140828619608,0.452492775644656,-0.4002602319950054,0.7143495550205717,0.9752078338770857,0.9557847812564793,0.6629348563685827,0.6364327727061003,0.40361695325979985,0.45258158159304784,-0.4002602319950054,0.7147709012439706,0.9637719634769463,0.9515135807588637,0.6630649635477702,0.6373848150668895
Hyb-Adam-UM,50,15,69,HybAdamUM_completed_p50_rep15_seed69.csv,hyb_adam_um_outputs/completed_matrices/HybAdamUM_completed_p50_rep15_seed69.csv,True,,15,105,27,15,12,0.08354801088429609,scipy.optimize.nnls,3.17394,1.4844142324373055,1.6895257675626945,0.5323118167207618,0.4952380952380952,105,52,53,52.0,missing_p50_rep15_seed69.csv,34.63179643100011,0.0219076107646345,0.0109444287323729,0.91850193488658,0.911636643046188,198.90068709578432,31.856237396985417,83.98384748583373,31.856237396985417,0.0133449062483357,0.0700137085648031,0.6814837707579956,0.0,0.0,method_specific,hyb_adam_um_outputs/tables/hyb_adam_um_all_masks_detailed.csv,0.0632406452623327,0.09008609087527258,-0.06257502842824794,0.22637,0.6774719866094677,0.6481205982174405,0.6162623339187064,0.5379740707395171,0.05774300397640133,0.08663189602448303,-0.057340358953018214,0.20870900323310512,0.8337560332977523,0.8785714285714284,0.49896675674406854,0.3918091492678648,0.0701126968697469,0.09422593443249401,-0.06911836527228511,0.22637,-0.00041067896483822807,0.2562683300328092,0.9239944760130853,0.8733973097309929,0.4022685437805555,0.45346932995753275,-0.4020973851660765,0.7093882052921908,0.9474829383442758,0.9724030686294837,0.664365579527026,0.6352554304619534,0.40283235643721543,0.4536355458321767,-0.4020973851660765,0.7158808984306981,0.9308258629633065,0.9438316400580551,0.6646090978833716,0.6361457935227594
Hyb-Adam-UM,50,16,70,HybAdamUM_completed_p50_rep16_seed70.csv,hyb_adam_um_outputs/completed_matrices/HybAdamUM_completed_p50_rep16_seed70.csv,True,,15,105,27,15,12,0.029316723895816934,scipy.optimize.nnls,3.17394,1.4764612973141238,1.6974787026858762,0.534817514724877,0.4952380952380952,105,52,53,52.0,missing_p50_rep16_seed70.csv,34.76657504600007,0.0182180236498333,0.0108449262590975,0.9341071961190952,0.8342013147784513,116.92998126973764,22.60527459442424,80.66768304505439,22.60527459442424,0.0100185692762706,0.0496819221855477,0.4835827777666533,0.0,0.0,method_specific,hyb_adam_um_outputs/tables/hyb_adam_um_all_masks_detailed.csv,0.06603679467956092,0.08938730064745919,-0.06286958158095836,0.22637,0.6964386504314233,0.6050144640907144,0.6114820388417661,0.5617602904743457,0.06254290004005428,0.08418180471145158,-0.05684191646256966,0.20100201284857674,0.9010108893988235,0.9357142857142854,0.4848551630667857,0.4243783449065715,0.07040416297894427,0.0954959743012349,-0.07040416297894427,0.22637,-0.08959312562719247,0.1316934473779714,0.9364486886468023,0.877028117373775,0.40296697783734786,0.4522760545507207,-0.4021525516119929,0.7125700536962023,0.9460711578436749,0.9451378809869375,0.6626173441893544,0.6363583852772297,0.4030465835678841,0.45231014545468434,-0.4021525516119929,0.7147709012439706,0.9437327778718398,0.9272859216255442,0.6626672898453716,0.6364840972509868
Hyb-Adam-UM,50,17,71,HybAdamUM_completed_p50_rep17_seed71.csv,hyb_adam_um_outputs/completed_matrices/HybAdamUM_completed_p50_rep17_seed71.csv,True,,15,105,27,15,12,0.04994758566737802,scipy.optimize.nnls,3.17394,1.4492969386487653,1.7246430613512347,0.5433760755878292,0.4952380952380952,105,52,53,52.0,missing_p50_rep17_seed71.csv,35.07915999300008,0.0216086153082478,0.0124362658264086,0.9208685463890768,0.918466660974985,131.84683791413008,26.85295146460808,79.63322299614268,26.85295146460808,0.011947304024599,0.0590174757463913,0.5744511001733772,0.0,0.0,method_specific,hyb_adam_um_outputs/tables/hyb_adam_um_all_masks_detailed.csv,0.06510874606419402,0.09245146708752813,-0.06387566893893462,0.22637,0.6547254438411693,0.5546732861439434,0.6324434363619085,0.553865587797261,0.061934644402080234,0.09114781831687654,-0.061934644402080234,0.2237551817826337,0.8099679631690545,0.8999999999999999,0.5249767507918386,0.42025108952253587,0.06907637314183622,0.09405562181509274,-0.06630194961000259,0.22637,-0.28045984927485806,-0.4155032609703593,0.9223243634414042,0.8604877741350495,0.4029266809757153,0.4545900206012547,-0.4029266809757153,0.7148144607892815,0.9395512667007838,0.9672714078374456,0.6660074729028285,0.6362947491799548,0.4029266809757154,0.4547327365915564,-0.4029266809757154,0.7147709012439706,0.9303712400427764,0.9467758656437901,0.666216562217895,0.6362947491799549
Hyb-Adam-UM,50,18,72,HybAdamUM_completed_p50_rep18_seed72.csv,hyb_adam_um_outputs/completed_matrices/HybAdamUM_completed_p50_rep18_seed72.csv,True,,15,105,27,15,12,0.05842814418880435,scipy.optimize.nnls,3.17394,1.4278621422881494,1.7460778577118505,0.5501294472207573,0.4952380952380952,105,52,53,52.0,missing_p50_rep18_seed72.csv,35.192783898000016,0.015048082756742,0.0080032386657848,0.958568278531921,0.9073678818406896,225.9684464123524,24.0190580884444,89.37061414113815,24.0190580884444,0.0107057808805129,0.0527891386559217,0.5138271062017323,0.0,0.0,method_specific,hyb_adam_um_outputs/tables/hyb_adam_um_all_masks_detailed.csv,0.0646695502856241,0.08763121999780049,-0.0646695502856241,0.20752884464825067,0.781259250335472,0.737292025076056,0.5994690149754458,0.5501294472207574,0.06347318286801006,0.08817896419201972,-0.06347318286801006,0.20752884464825067,0.9124671216628768,0.8357142857142855,0.5078772807132036,0.43069068230330304,0.06616500955764164,0.08694168711676623,-0.06616500955764164,0.18386511084665996,0.605926536239833,0.5078816895453011,0.8525639901051147,0.8242207749236483,0.4035083205718467,0.45341647312784766,-0.4035083205718467,0.7191598992123036,0.9469262457636269,0.9661310387725482,0.6642881404237265,0.6372132642309744,0.4035083205718467,0.4534901447732859,-0.4035083205718467,0.7176761546604884,0.9398332200321485,0.944277420692515,0.6643960747473574,0.6372132642309744
Hyb-Adam-UM,50,19,73,HybAdamUM_completed_p50_rep19_seed73.csv,hyb_adam_um_outputs/completed_matrices/HybAdamUM_completed_p50_rep19_seed73.csv,True,,15,105,27,15,12,0.06764898601277052,scipy.optimize.nnls,3.17394,1.4503549431419498,1.7235850568580502,0.5430427345375307,0.4952380952380952,105,52,53,52.0,missing_p50_rep19_seed73.csv,35.264102559000094,0.0209304248071095,0.0097756160046123,0.9492709657238928,0.9592760180995474,117.39024415876524,22.021339748059923,81.24091153752349,22.021339748059923,0.0099105245914165,0.0483985488968349,0.4710909660056384,0.0,0.0,method_specific,hyb_adam_um_outputs/tables/hyb_adam_um_all_masks_detailed.csv,0.07013625070883141,0.09118708393318808,-0.0638364835873352,0.2229139497352032,0.7106379321069691,0.7165548068797859,0.6237940243817626,0.5966334490061085,0.07339701168311136,0.09547092992541285,-0.06205743086441819,0.2229139497352032,0.9500452906742323,0.9357142857142854,0.549876228667105,0.49802779083187615,0.06606029949098145,0.08553108525856133,-0.06606029949098145,0.18359790258272343,0.7610111520122957,0.6690306744437988,0.8387314042816343,0.8229163964785764,0.40327446698663655,0.45259346553988933,-0.40135725341939094,0.7145531767981581,0.9794379542716879,0.9750570184532448,0.6630823743950068,0.6368439667498896,0.4040418507026942,0.4526895155102642,-0.40135725341939094,0.7163501657500391,0.9680123488314928,0.9651047066141406,0.6632230945937414,0.6380558056580287
Hyb-Adam-UM,50,20,74,HybAdamUM_completed_p50_rep20_seed74.csv,hyb_adam_um_outputs/completed_matrices/HybAdamUM_completed_p50_rep20_seed74.csv,True,,15,105,27,15,12,0.03660298863435991,scipy.optimize.nnls,3.17394,1.3854113614149406,1.7885286385850594,0.5635042371894425,0.4952380952380952,105,52,53,52.0,missing_p50_rep20_seed74.csv,35.09433184900013,0.0091503986798097,0.0056551291643663,0.9837711907373626,0.9099291385639886,166.6451115000882,22.16246041021665,86.70080375552756,22.16246041021665,0.0098259922420885,0.0487087041982783,0.4741098862811237,0.0,0.0,method_specific,hyb_adam_um_outputs/tables/hyb_adam_um_all_masks_detailed.csv,0.06624180142907626,0.08800371897718565,-0.06624180142907626,0.2056255519636972,0.8223545235733446,0.7704517704517704,0.6020172117968182,0.5635042371894425,0.06815949949740058,0.089985445456857,-0.06815949949740058,0.2056255519636972,0.9690434457528384,0.9928571428571428,0.51828192541335,0.4624891965010014,0.06384467884367089,0.08546196378213272,-0.06384467884367089,0.18222078288446725,0.59856211516295,0.5174825174825175,0.8380535881073659,0.7953163012156529,0.40337088639597324,0.4519942023790036,-0.40337088639597324,0.7134752097058001,0.961155252486824,0.9751088534107402,0.6622044102398383,0.6369962305903765,0.4033708863959732,0.4520425411330439,-0.4033708863959732,0.7157583058493704,0.9578791999803771,0.9514202778353722,0.6622752300334164,0.6369962305903764
Hyb-Adam-UM,50,21,75,HybAdamUM_completed_p50_rep21_seed75.csv,hyb_adam_um_outputs/completed_matrices/HybAdamUM_completed_p50_rep21_seed75.csv,True,,15,105,27,15,12,0.027657919974010833,scipy.optimize.nnls,3.17394,1.3925218335304195,1.7814181664695805,0.5612639704813515,0.4952380952380952,105,52,53,52.0,missing_p50_rep21_seed75.csv,34.746771008,0.0092621815631938,0.0049458322534997,0.9870504650354572,0.9753265602322204,112.57360889393875,27.909236001209308,75.20801165084438,27.909236001209308,0.0122052865528708,0.061338980222438,0.5970476410022852,0.0,0.0,method_specific,hyb_adam_um_outputs/tables/hyb_adam_um_all_masks_detailed.csv,0.06924008809008154,0.08981266524950182,-0.06597845060998446,0.21554897518410107,0.7882859146053304,0.7235536643603532,0.614391879638212,0.5890099933937635,0.07229985201191057,0.09353133414500674,-0.06642890454773581,0.21554897518410107,0.9741943934663748,0.9785714285714284,0.5387048950087695,0.49058312796743847,0.06541538318779529,0.08493568334075959,-0.06541538318779529,0.18454112406255072,0.7880188363187073,0.6690027772631207,0.8328927985265431,0.8148826424033212,0.404880592407562,0.45325320416525056,-0.4040418856269656,0.7149462243927321,0.9723335825023299,0.9788306033589051,0.6640489395080554,0.6393803318508171,0.40497828894252735,0.4532821476130227,-0.4040418856269655,0.7148750504075381,0.9702537297117504,0.9706406800746423,0.6640913437660335,0.639534612505702
Hyb-Adam-UM,50,22,76,HybAdamUM_completed_p50_rep22_seed76.csv,hyb_adam_um_outputs/completed_matrices/HybAdamUM_completed_p50_rep22_seed76.csv,True,,15,105,27,15,12,0.0387367194771098,scipy.optimize.nnls,3.17394,1.3794331901317403,1.7945068098682597,0.5653877546104399,0.4952380952380952,105,52,53,52.0,missing_p50_rep22_seed76.csv,34.85379719100001,0.0095597999819532,0.0063074903049823,0.9797781522493356,0.9071971313924698,127.50407137383696,27.690577139491506,78.28259377043435,27.690577139491506,0.0121723290995209,0.0608584112955857,0.5923699867100931,0.0,0.0,method_specific,hyb_adam_um_outputs/tables/hyb_adam_um_all_masks_detailed.csv,0.0664632151803059,0.0883196677287908,-0.0664632151803059,0.2043315954561526,0.8186568205659912,0.7423687423687424,0.6041785589389921,0.5653877546104399,0.0681905956851107,0.09008825078899184,-0.0681905956851107,0.2043315954561526,0.9672509437354786,0.9892857142857142,0.5188740450079256,0.46270019644927485,0.06430398954929994,0.08605784205755837,-0.06430398954929994,0.18606807339600595,0.6178126602019404,0.41958041958041964,0.8438968651009622,0.8010379572428391,0.4057419035553332,0.45446192665178886,-0.4057419035553332,0.7129072428458829,0.9633608815003567,0.974476466929297,0.6658198059420248,0.6407404993120779,0.4057419035553333,0.4545050602381204,-0.4057419035553333,0.7152261906193533,0.9599367428920776,0.9536077130416754,0.6658829997859897,0.640740499312078
Hyb-Adam-UM,50,23,77,HybAdamUM_completed_p50_rep23_seed77.csv,hyb_adam_um_outputs/completed_matrices/HybAdamUM_completed_p50_rep23_seed77.csv,True,,15,105,27,15,12,0.061595439692847725,scipy.optimize.nnls,3.17394,1.4528608299009278,1.7210791700990722,0.5422532152778793,0.4952380952380952,105,52,53,52.0,missing_p50_rep23_seed77.csv,35.194176621999986,0.0176549262934633,0.0103028045216429,0.9481415856472926,0.8745837957824639,132.11828014508365,24.260791077480985,81.63706714101987,24.260791077480985,0.0106723239207368,0.0533204199505076,0.5189983731920029,0.0,0.0,method_specific,hyb_adam_um_outputs/tables/hyb_adam_um_all_masks_detailed.csv,0.066671645489226,0.0877893937533309,-0.0637436729666323,0.20789512005642224,0.7605959998805185,0.6841785027326174,0.6005510524664811,0.5671608247821641,0.06547708988009916,0.08787037194653229,-0.06020673933943052,0.20789512005642224,0.9259430895342534,0.825,0.5060999068018244,0.44428798496423527,0.06816484000063454,0.0876880658500442,-0.06816484000063454,0.1862204187968304,0.7228227130778119,0.5915639647713589,0.8598830984877074,0.8491327610090359,0.4036562856754377,0.4530640502244279,-0.4029033784553422,0.7159842766749798,0.9536354693146325,0.9645656230561891,0.6637718152149391,0.6374469281279613,0.4036562856754377,0.45315273565738323,-0.4029033784553422,0.7154757107770254,0.945223566602702,0.93733153638814,0.6639017458302389,0.6374469281279613
Hyb-Adam-UM,50,24,78,HybAdamUM_completed_p50_rep24_seed78.csv,hyb_adam_um_outputs/completed_matrices/HybAdamUM_completed_p50_rep24_seed78.csv,True,,15,105,27,15,12,0.06900755627910594,scipy.optimize.nnls,3.17394,1.4524498919663218,1.7214901080336782,0.5423826877740846,0.4952380952380952,105,52,53,52.0,missing_p50_rep24_seed78.csv,35.23688287699997,0.0206621810561362,0.0094819226317847,0.938893101232356,0.9173567830615555,104.27045292929066,24.12433236546855,76.86369274541458,24.12433236546855,0.0107312940339788,0.0530205106933374,0.5160791835696964,0.0,0.0,method_specific,hyb_adam_um_outputs/tables/hyb_adam_um_all_masks_detailed.csv,0.0699796851163718,0.0891948182937958,-0.06375889289013623,0.20292591993143985,0.7421443252945435,0.7202200488587106,0.6101653025581261,0.5953015804148909,0.07181641977337615,0.09092488057438257,-0.06061899376615209,0.20292591993143985,0.9594554198542792,0.9535714285714283,0.5236927142252531,0.48730284878095487,0.06768376679511641,0.08698386482106982,-0.06768376679511641,0.1842818125568072,0.758856093663519,0.7394549559641986,0.8529775913712858,0.8431400084514817,0.40458321789837226,0.45341071314621145,-0.4027066199915463,0.7116367116254115,0.9774418474839539,0.9658718639850715,0.664279701631321,0.6389107232404386,0.40538029533349557,0.45352866251230245,-0.40270661999154633,0.7147709012439706,0.965342198261538,0.9499274310595065,0.6644525060389868,0.6401694539490396
Hyb-Adam-UM,50,25,79,HybAdamUM_completed_p50_rep25_seed79.csv,hyb_adam_um_outputs/completed_matrices/HybAdamUM_completed_p50_rep25_seed79.csv,True,,15,105,27,15,12,0.06746507050508435,scipy.optimize.nnls,3.17394,1.4626655313319565,1.7112744686680434,0.5391640890086276,0.4952380952380952,105,52,53,52.0,missing_p50_rep25_seed79.csv,35.12912608200031,0.0231165011897409,0.0120090795584628,0.9130073884128364,0.9374199607273968,133.99095910241388,26.36715708384268,80.32168941809772,26.36715708384268,0.0117342822028565,0.0579497957886652,0.5640587558958204,0.0,0.0,method_specific,hyb_adam_um_outputs/tables/hyb_adam_um_all_masks_detailed.csv,0.0633805358765942,0.09137542552525917,-0.0633805358765942,0.22609726206456557,0.6663950709773285,0.6435658753044828,0.6250824344789927,0.5391640890086276,0.06003086711205204,0.08979672968120532,-0.06003086711205204,0.2219833521208721,0.7997099159389985,0.8642857142857141,0.5171949943539543,0.40733320667899225,0.0675676218322719,0.09331124289454938,-0.0675676218322719,0.22609726206456557,-0.036967387911986956,0.2556921609434964,0.9150248655400551,0.8416931849428146,0.40067123554446077,0.4524574021520767,-0.40067123554446077,0.7140018203264723,0.9278104143559753,0.9696350818992329,0.6628830316268752,0.6327329893046992,0.40067123554446077,0.4525875665090516,-0.40067123554446077,0.7157955185361794,0.9165426946755917,0.9526643168152602,0.6630737318853986,0.6327329893046992
Hyb-Adam-UM,50,26,80,HybAdamUM_completed_p50_rep26_seed80.csv,hyb_adam_um_outputs/completed_matrices/HybAdamUM_completed_p50_rep26_seed80.csv,True,,15,105,27,15,12,0.042750070970214535,scipy.optimize.nnls,3.17394,1.4639987944759065,1.7099412055240935,0.5387440233665707,0.4952380952380952,105,52,53,52.0,missing_p50_rep26_seed80.csv,35.13253318600027,0.0176193092670593,0.0084440753934534,0.9435886972720748,0.8993426107743532,147.58655033836357,29.128542283955245,80.26341681056043,29.128542283955245,0.0128582417135516,0.064018774250451,0.6231316205043104,0.0,0.0,method_specific,hyb_adam_um_outputs/tables/hyb_adam_um_all_masks_detailed.csv,0.06766011482900229,0.09040266583334197,-0.0633311557601516,0.22495195712457355,0.6874319111497642,0.6536348195749112,0.6184279648238167,0.5755695130919494,0.06568082532490803,0.08748738063314736,-0.0578886990009768,0.2037873273342364,0.8820067021173995,0.9714285714285713,0.5038940225689914,0.445670410640234,0.07013422670912013,0.09391960532515033,-0.07013422670912013,0.22495195712457355,0.11833191343716211,0.3802911202101593,0.9209905641417696,0.8736655079978839,0.4040274194277755,0.4530485925416452,-0.40291425852435675,0.7117149343486404,0.9596773338390853,0.9649284677586564,0.6637491685843917,0.6380330160417329,0.40417665838357625,0.45310870711602486,-0.40291425852435675,0.7147709012439706,0.954918664119571,0.9415301679452623,0.6638372408120097,0.6382686915837923
Hyb-Adam-UM,50,27,81,HybAdamUM_completed_p50_rep27_seed81.csv,hyb_adam_um_outputs/completed_matrices/HybAdamUM_completed_p50_rep27_seed81.csv,True,,15,105,27,15,12,0.02703184903516144,scipy.optimize.nnls,3.17394,1.3586462806474524,1.8152937193525476,0.5719369992351927,0.4952380952380952,105,52,53,52.0,missing_p50_rep27_seed81.csv,34.94853029599972,0.0053706672274662,0.0043250442036729,0.9935423633335596,0.9545803807734996,305.72900772323254,23.930035199016626,92.17279532052784,23.930035199016626,0.0107992034985781,0.0525934839538826,0.5119226862410514,0.0,0.0,method_specific,hyb_adam_um_outputs/tables/hyb_adam_um_all_masks_detailed.csv,0.06723310071676102,0.0904346845848752,-0.06723310071676102,0.22376692202882298,0.8113650710255516,0.8095238095238095,0.6186469991981282,0.5719369992351927,0.0708995961001747,0.09538813719563893,-0.0708995961001747,0.22376692202882298,0.9421017549297757,0.9892857142857142,0.5493993740471206,0.4810818370793034,0.06264998148749391,0.0838322819613999,-0.06264998148749391,0.18403636142165136,0.7600218700104918,0.5874125874125874,0.822072669381695,0.780433897551076,0.40503576604389674,0.45377994756173223,-0.40503576604389674,0.7149631140167687,0.9662236839847478,0.9823035455110928,0.6648206569291617,0.6396253793363096,0.40503576604389685,0.4537876155818223,-0.40503576604389685,0.717442577786961,0.96499962162739,0.9761144515861497,0.6648318911368013,0.6396253793363098
Hyb-Adam-UM,50,28,82,HybAdamUM_completed_p50_rep28_seed82.csv,hyb_adam_um_outputs/completed_matrices/HybAdamUM_completed_p50_rep28_seed82.csv,True,,15,105,27,15,12,0.06982048718112725,scipy.optimize.nnls,3.17394,1.4689572065998515,1.7049827934001485,0.5371817971984816,0.4952380952380952,105,52,53,52.0,missing_p50_rep28_seed82.csv,34.6403500790002,0.023389177291149,0.0119350945578715,0.92475206026719,0.9186374114232048,98.28833294100228,25.89265283173481,73.65643300993118,25.89265283173481,0.0115414065158683,0.056906929300516,0.5539079354163821,0.0,0.0,method_specific,hyb_adam_um_outputs/tables/hyb_adam_um_all_masks_detailed.csv,0.06962487997361494,0.09092255980946154,-0.06314751086667217,0.22271758162105018,0.6962553984147967,0.6792915134273844,0.6219844636351294,0.5922833321636841,0.07178583416992254,0.09368033765138453,-0.0605971127544533,0.22271758162105018,0.9269304857297966,0.9178571428571428,0.5395630985080883,0.48709531334906253,0.06692368722823043,0.08735298882745644,-0.06633550850694575,0.184387097201611,0.5558779482516493,0.47184268618667913,0.8565972799943731,0.8336716599420385,0.40402717858365966,0.4536878716356012,-0.4021530677030494,0.7148214947503957,0.9705477003640506,0.9603047895500725,0.6646857589945422,0.6380326357049285,0.4048311482007256,0.4538146833741341,-0.4021530677030494,0.7156849445953439,0.9573752714709628,0.9444536595479991,0.6648715474229882,0.6393022504263971
Hyb-Adam-UM,50,29,83,HybAdamUM_completed_p50_rep29_seed83.csv,hyb_adam_um_outputs/completed_matrices/HybAdamUM_completed_p50_rep29_seed83.csv,True,,15,105,27,15,12,0.03957744036772099,scipy.optimize.nnls,3.17394,1.4322297423054648,1.7417102576945351,0.5487533657518842,0.4952380952380952,105,52,53,52.0,missing_p50_rep29_seed83.csv,34.88973049000015,0.0179193510454479,0.0087429530899154,0.9411827435032032,0.9136856484248272,169.40935814060694,20.978141889861693,87.61689311611099,20.978141889861693,0.0093503909537712,0.0461058063513443,0.4487743816208526,0.0,0.0,method_specific,hyb_adam_um_outputs/tables/hyb_adam_um_all_masks_detailed.csv,0.06476759447775045,0.09214350049253274,-0.06450778732201982,0.22607392097704754,0.6725641746653088,0.6428571428571428,0.6303366936810253,0.5509634873057657,0.06313451613650699,0.09175063409428107,-0.06313451613650699,0.22407977671513102,0.8009126996825814,0.8999999999999999,0.52844874029188,0.42839269441182143,0.06680894240430472,0.0926322404236818,-0.06622437630391086,0.22607392097704754,-0.10592655249701302,-0.1328671328671329,0.9083664594859304,0.8322422780326755,0.40200579804898084,0.4522225751163252,-0.40200579804898084,0.717652157498621,0.9376382725308378,0.964078374455733,0.6625389929248305,0.6348405070099608,0.40200579804898084,0.452280778364685,-0.40200579804898084,0.7168802903570968,0.9335955823823614,0.9487352270371138,0.6626242649206908,0.6348405070099608
Hyb-Adam-UM,50,30,84,HybAdamUM_completed_p50_rep30_seed84.csv,hyb_adam_um_outputs/completed_matrices/HybAdamUM_completed_p50_rep30_seed84.csv,True,,15,105,27,15,12,0.12746778034615497,scipy.optimize.nnls,3.17394,1.5736213104536874,1.6003186895463126,0.5042057157811152,0.4952380952380952,105,52,53,52.0,missing_p50_rep30_seed84.csv,35.13949494600001,0.0454455899951019,0.0263406893375953,0.6966988705230424,0.4877486553402202,97.30213517479363,24.784764771440106,74.52803607349755,24.784764771440106,0.0107931600929221,0.0544720104866815,0.530207467482939,0.0,0.0,method_specific,hyb_adam_um_outputs/tables/hyb_adam_um_all_masks_detailed.csv,0.060816970504077084,0.08848587535227599,-0.05927106257578935,0.22587474970005786,0.6552937982357584,0.5858647602985306,0.6053155546390928,0.5173564098912019,0.05316912767811441,0.08134067255664129,-0.05057847028786568,0.20061716756297682,0.7950851222964558,0.8321428571428571,0.4684913229360521,0.36077358724513653,0.07037677403653042,0.09667759069698241,-0.07013680293569395,0.22587474970005786,-0.16921567920604624,-0.01751316170845866,0.9480358066628024,0.8766869319724336,0.3935497556591479,0.4499994534668681,-0.3935497556591479,0.7138255949186167,0.8031024430370606,0.8489321998755961,0.6592819578721204,0.6214868731466869,0.3950620609616523,0.45032682633364074,-0.39354975565914796,0.714956230252118,0.7716677262589973,0.7389280530789964,0.6597615829536562,0.6238750791617623
Hyb-Adam-UM,65,1,55,HybAdamUM_completed_p65_rep01_seed55.csv,hyb_adam_um_outputs/completed_matrices/HybAdamUM_completed_p65_rep01_seed55.csv,True,,15,105,27,15,12,0.15955161660320524,scipy.optimize.nnls,3.17394,1.7061719427864495,1.4677680572135505,0.4624435424782921,0.6476190476190476,105,68,37,68.0,missing_p65_rep01_seed55.csv,45.47543350900014,0.0504987611394008,0.0316787055191553,0.736132545289312,0.7636752299881664,67.57008307127498,13.350181709097486,80.24246663273256,13.350181709097486,0.0057925407280244,0.0293410587013131,0.2855934320818792,0.0,0.0,method_specific,hyb_adam_um_outputs/tables/hyb_adam_um_all_masks_detailed.csv,0.06689723553385495,0.09238059469575799,-0.05436177989679817,0.22637,0.5191316368293919,0.5462364857589598,0.6319586114001601,0.5690798690000705,0.06025388485909923,0.08808671330527093,-0.039658296697097625,0.22407524844598464,0.656422359614066,0.6285714285714286,0.5073459507079732,0.4088464704118231,0.07520142387729958,0.09748233581327978,-0.07274113389642385,0.22637,-0.11780511728597604,0.14502275676240747,0.9559272650657966,0.9367878320868619,0.391360830324763,0.44790479718809173,-0.38538858191417513,0.7205287995368561,0.8368010230997546,0.8616006634874559,0.656213133939332,0.6180301606419619,0.3928401781360809,0.4483780225669691,-0.38538858191417513,0.715233186220413,0.7447909011463568,0.8248082106572673,0.6569064435687049,0.6203663207648732
Hyb-Adam-UM,65,2,56,HybAdamUM_completed_p65_rep02_seed56.csv,hyb_adam_um_outputs/completed_matrices/HybAdamUM_completed_p65_rep02_seed56.csv,True,,15,105,27,15,12,0.06505155243147889,scipy.optimize.nnls,3.17394,1.5572958437169322,1.6166441562830678,0.509349312300506,0.6476190476190476,105,68,37,68.0,missing_p65_rep02_seed56.csv,45.20546369899967,0.0288330281421442,0.0155751490411003,0.9331390173463344,0.9120509982059014,86.04344368446714,13.03890042140884,84.84614299117985,13.03890042140884,0.005882824907202,0.0286569240030963,0.2789343548325197,0.0,0.0,method_specific,hyb_adam_um_outputs/tables/hyb_adam_um_all_masks_detailed.csv,0.07102062320883824,0.09046202021027722,-0.05987570949196546,0.20781060879497767,0.6335796692945824,0.6995333830084359,0.6188339971702423,0.6041566087067282,0.07079483260748046,0.09204359414371957,-0.05073398791710945,0.20781060879497767,0.885171020938666,0.7571428571428571,0.5301360787022341,0.4803709752931096,0.07130286146053551,0.0884452907031412,-0.07130286146053551,0.18863695402119568,0.8935208821665643,0.849981667750731,0.8673085656435965,0.8882232485144201,0.4046157161902021,0.45490864694372685,-0.399728116084805,0.7141810447137915,0.9795270906707767,0.9697905867717188,0.6664742836895445,0.6389620439730309,0.40480231147764134,0.45506329934994916,-0.399728116084805,0.7147709012439706,0.9614345533240544,0.9416649388347501,0.6667008607228684,0.6392567119789614
Hyb-Adam-UM,65,3,57,HybAdamUM_completed_p65_rep03_seed57.csv,hyb_adam_um_outputs/completed_matrices/HybAdamUM_completed_p65_rep03_seed57.csv,True,,15,105,27,15,12,0.07389477607330099,scipy.optimize.nnls,3.17394,1.5267464278498566,1.6471935721501434,0.5189743889771525,0.6476190476190476,105,68,37,68.0,missing_p65_rep03_seed57.csv,44.95946194499993,0.0228030595919995,0.0128256969160696,0.9153759534635856,0.8815894949803411,243.966902620444,17.827492961756306,92.69265922128308,17.827492961756306,0.0073461367873895,0.0391813032126512,0.381374202337185,0.0,0.0,method_specific,hyb_adam_um_outputs/tables/hyb_adam_um_all_masks_detailed.csv,0.06201597928891087,0.09100611909887683,-0.06100716933889421,0.22637,0.632908737213461,0.630360479489515,0.6225560773239391,0.5275561103236336,0.055517961672202756,0.08724254054257943,-0.05474703139125145,0.22336906175558918,0.7772393600832641,0.8678571428571429,0.5024838368115763,0.3767113560763408,0.070138501309796,0.09550224999879912,-0.06883234177344764,0.22637,-0.14149098505386207,0.16795488367379738,0.9365102291336906,0.8737187569085257,0.39938553764483964,0.4520391159901977,-0.3990353120071197,0.7158555140517426,0.9263842443340004,0.9294422558573502,0.6622702119498071,0.6307026377266415,0.4001198960596516,0.45213986981085735,-0.3990353120071197,0.7153321798339543,0.9138116393541739,0.925865643790172,0.6624178236316344,0.63186232365816
Hyb-Adam-UM,65,4,58,HybAdamUM_completed_p65_rep04_seed58.csv,hyb_adam_um_outputs/completed_matrices/HybAdamUM_completed_p65_rep04_seed58.csv,True,,15,105,27,15,12,0.022682446889270975,scipy.optimize.nnls,3.17394,1.4453488349344377,1.7285911650655623,0.5446199881111685,0.6476190476190476,105,68,37,68.0,missing_p65_rep04_seed58.csv,45.72344573700002,0.0154642043851338,0.0091380883075148,0.9621652866732078,0.9194182539985494,138.39895417278666,13.847815243048643,89.99427753929405,13.847815243048643,0.0063077342817958,0.030434758775931,0.2962390451511978,0.0,0.0,method_specific,hyb_adam_um_outputs/tables/hyb_adam_um_all_masks_detailed.csv,0.06693790113153666,0.09252733552672833,-0.06402189500242823,0.22637,0.6554582968351912,0.5955372289281011,0.6329624383627502,0.5694258021737935,0.0659000709631134,0.09134717917683194,-0.060651259930718224,0.22296856178575591,0.8244333961916448,0.8999999999999999,0.5261249934862561,0.44715807912074884,0.06823518884206574,0.09398169324296711,-0.06823518884206574,0.22637,-0.07076535799276579,0.09965990612387024,0.9215994081233696,0.8500090999831714,0.4035330755422447,0.4540248041854863,-0.40278324539475974,0.7168687050027023,0.9409461816757999,0.9569458843043749,0.6651793897077525,0.6372523568461425,0.4035423740494206,0.45405142534669607,-0.40278324539475974,0.7169418558973444,0.9392021284952519,0.9487041260626167,0.6652183916468616,0.637267040885623
Hyb-Adam-UM,65,5,59,HybAdamUM_completed_p65_rep05_seed59.csv,hyb_adam_um_outputs/completed_matrices/HybAdamUM_completed_p65_rep05_seed59.csv,True,,15,105,27,15,12,0.13052825588299882,scipy.optimize.nnls,3.17394,1.5639287613347868,1.6100112386652132,0.5072595066904898,0.6476190476190476,105,68,37,68.0,missing_p65_rep05_seed59.csv,45.697830392000014,0.0320415301473649,0.0178619763554591,0.8451634752555728,0.8650990571439476,92.11590896769825,17.95760174903392,80.50542848648324,17.95760174903392,0.0072707098327591,0.0394672565912833,0.384157551351626,0.0,0.0,method_specific,hyb_adam_um_outputs/tables/hyb_adam_um_all_masks_detailed.csv,0.0623244517102144,0.08922745925341885,-0.05963004587648938,0.22637,0.6483929562023041,0.6631981480899912,0.6103885933432318,0.5301802164425883,0.05434966109649328,0.08349474712023983,-0.05190697161111766,0.20714292306264567,0.826740416799658,0.9249999999999998,0.4808979727741199,0.36878397400170954,0.07229293997736581,0.09591270950716166,-0.06928388870820405,0.22637,-0.08907132578068976,0.23513683714331632,0.9405352602531829,0.9005567052437842,0.39701539376063183,0.45193215971740236,-0.39599189450483174,0.7158614989401215,0.9120164087769937,0.9419344806137259,0.6621135132240821,0.6269597480657473,0.39876421218213537,0.45220219980035653,-0.39599189450483174,0.7169516783087726,0.8676762873216322,0.91377773170226,0.6625091416036776,0.6297214514510313
Hyb-Adam-UM,65,6,60,HybAdamUM_completed_p65_rep06_seed60.csv,hyb_adam_um_outputs/completed_matrices/HybAdamUM_completed_p65_rep06_seed60.csv,True,,15,105,27,15,12,0.10348062589322178,scipy.optimize.nnls,3.17394,1.5349121114582018,1.6390278885417982,0.5164016611976906,0.6476190476190476,105,68,37,68.0,missing_p65_rep06_seed60.csv,45.58663483600003,0.0319644914223743,0.0169516917194611,0.8536770154185485,0.8479215177310377,208.4675899016321,15.525109114659,92.55274686967662,15.525109114659,0.0070172991202528,0.0341211189333164,0.3321205128226583,0.0,0.0,method_specific,hyb_adam_um_outputs/tables/hyb_adam_um_all_masks_detailed.csv,0.06670069005142379,0.08749918398699237,-0.06070473661265919,0.19986907481774582,0.7067303559268553,0.6582092679066742,0.598565780975709,0.5674079003977525,0.06289813047477656,0.08579062430692466,-0.056348762542364025,0.19986907481774582,0.8673865018793752,0.6642857142857141,0.49412135176375993,0.4267887240839256,0.07145388952223287,0.08958907395805364,-0.06614970420052815,0.18608176088946035,0.279002854104164,0.5018588129809181,0.8785246858727095,0.8901046124993973,0.4013382900324279,0.4527305500269893,-0.39738485148003677,0.7156628193466439,0.9351087234162299,0.9310076715737092,0.6632832131479274,0.6337863900551349,0.40219847375769874,0.45297934425495234,-0.39738485148003666,0.7144998270002791,0.9022145671304661,0.8962678830603358,0.6636477148033295,0.6351447771105528
Hyb-Adam-UM,65,7,61,HybAdamUM_completed_p65_rep07_seed61.csv,hyb_adam_um_outputs/completed_matrices/HybAdamUM_completed_p65_rep07_seed61.csv,True,,15,105,27,15,12,0.15758247785823093,scipy.optimize.nnls,3.17394,1.7049838464162304,1.4689561535837696,0.46281787103214606,0.6476190476190476,105,68,37,68.0,missing_p65_rep07_seed61.csv,45.82508722500006,0.0537892495425631,0.0320360398838839,0.6284799705298099,0.564492117418025,57.94235691806618,12.997243104050453,77.56866686933482,12.997243104050453,0.0059117440539528,0.0285653694594515,0.2780432017010534,0.0,0.0,method_specific,hyb_adam_um_outputs/tables/hyb_adam_um_all_masks_detailed.csv,0.0733363192036925,0.09286804632536838,-0.05440578346606556,0.2241633131140288,0.506622338288635,0.6105356236565952,0.6352931781020507,0.623855718286955,0.07473633157083868,0.09627717097929209,-0.040661367243110196,0.2241633131140288,0.33983092694167416,0.39642857142857135,0.5545198703541615,0.5071156066653308,0.07158630374475976,0.08842199669162884,-0.07158630374475976,0.1829039427431181,0.9240740973725078,0.8846388162506856,0.8670801408676446,0.89175410297528,0.3939666120428285,0.44839295129749,-0.385171758381219,0.7276644440054167,0.789523454615538,0.7689819614347916,0.6569283152456825,0.6221451654381178,0.3959710518965919,0.4487786233528494,-0.385171758381219,0.715588781417305,0.7098694470337189,0.6584283640887414,0.6574933528824951,0.6253105417068427
Hyb-Adam-UM,65,8,62,HybAdamUM_completed_p65_rep08_seed62.csv,hyb_adam_um_outputs/completed_matrices/HybAdamUM_completed_p65_rep08_seed62.csv,True,,15,105,27,15,12,0.03962539636506439,scipy.optimize.nnls,3.17394,1.4233241568439112,1.7506158431560888,0.5515592113134113,0.6476190476190476,105,68,37,68.0,missing_p65_rep08_seed62.csv,46.12882799499994,0.0126335557155508,0.0082538754588822,0.967037094830144,0.9034622284994462,141.5695911866469,14.9286618084507,89.45489516264225,14.9286618084507,0.0065423690229074,0.0328102457328586,0.3193610285738453,0.0,0.0,method_specific,hyb_adam_um_outputs/tables/hyb_adam_um_all_masks_detailed.csv,0.06775288623124236,0.08817679908483574,-0.0648376238205959,0.20678326933757993,0.780729046547219,0.6750153977853054,0.6032012208936611,0.5763586987288807,0.0685013072278824,0.08871952904065204,-0.06325383488871877,0.20678326933757993,0.966993374098529,0.9571428571428571,0.5109907285506571,0.46480849731444707,0.06681735998544228,0.08749365249212636,-0.06681735998544228,0.1871357410689859,0.5907522863928643,0.3873335483621993,0.8579766502273515,0.8323471362544843,0.4051747471587592,0.45411305329672175,-0.40442510825316447,0.7178928906896966,0.9599662177240028,0.9609164420485174,0.6653086810799699,0.6398448558758328,0.40517474715875923,0.45418794666279066,-0.40442510825316447,0.7154214686992664,0.9551414902077383,0.9352581380883267,0.665418405313262,0.639844855875833
Hyb-Adam-UM,65,9,63,HybAdamUM_completed_p65_rep09_seed63.csv,hyb_adam_um_outputs/completed_matrices/HybAdamUM_completed_p65_rep09_seed63.csv,True,,15,105,27,15,12,0.04449776839021781,scipy.optimize.nnls,3.17394,1.488311061282252,1.6856289387177479,0.5310840591560483,0.6476190476190476,105,68,37,68.0,missing_p65_rep09_seed63.csv,45.87014866799973,0.0186148544877924,0.0097187786716699,0.9503060726688132,0.9050654655113178,135.25857414292057,18.24773123197464,86.5090022221488,18.24773123197464,0.0080263906641842,0.0401049038065376,0.3903641391409679,0.0,0.0,method_specific,hyb_adam_um_outputs/tables/hyb_adam_um_all_masks_detailed.csv,0.06706895045000694,0.08980971771886304,-0.06243070143399067,0.22361310223185984,0.6961415988997582,0.6829567554063091,0.6143717161246983,0.5705406095106358,0.06617068307226877,0.09141811090371135,-0.05782183484343949,0.22361310223185984,0.8588217200729216,0.7928571428571427,0.5265335332428057,0.44899428944872344,0.06819178467217962,0.08775778251052781,-0.06819178467217962,0.1855258244152961,0.6774882227368859,0.6760731025958387,0.8605667511313337,0.849468412106337,0.4020841172776942,0.4524718017961342,-0.40089142467357575,0.7150810875119792,0.9532129736952022,0.9592473564171677,0.6629041281536682,0.6349641873625983,0.4023744896187604,0.4525308757089211,-0.4008914246735758,0.7163263810288498,0.9478637813177229,0.9365125440597137,0.6629906757362958,0.6354227382718607
Hyb-Adam-UM,65,10,64,HybAdamUM_completed_p65_rep10_seed64.csv,hyb_adam_um_outputs/completed_matrices/HybAdamUM_completed_p65_rep10_seed64.csv,True,,15,105,27,15,12,0.0986360866811751,scipy.optimize.nnls,3.17394,1.6250352393004255,1.5489047606995745,0.4880069442710242,0.6476190476190476,105,68,37,68.0,missing_p65_rep10_seed64.csv,45.992952624999816,0.0395810116904316,0.0195552012279154,0.8209509385217183,0.8510134748253617,72.8487170885805,11.146400567105632,84.69924933125156,11.146400567105632,0.0050806317433066,0.0244975836639684,0.2384490984980239,0.0,0.0,method_specific,hyb_adam_um_outputs/tables/hyb_adam_um_all_masks_detailed.csv,0.07246173255616586,0.09308542966644995,-0.05736684298887312,0.22637,0.5389928821371464,0.5441232376508812,0.6367802574483556,0.6164158046517825,0.07146805494209475,0.09062915040426978,-0.044297253720967815,0.20614277112688842,0.6565205774677007,0.6392857142857141,0.5219894209738755,0.484939055441852,0.07370382957375475,0.09606750286997372,-0.07370382957375475,0.22637,0.221482856031129,0.4329503668035666,0.9420531885499227,0.9181322262667853,0.40240099181868266,0.45206850039382745,-0.39446626748581864,0.7151768883536777,0.9286714039295118,0.9436450342110719,0.6623132622402167,0.6354645900812554,0.4033257565896498,0.4523609575692194,-0.39446626748581876,0.7173615634496675,0.8899159348236325,0.9010678001244039,0.6627417332921274,0.6369249623915926
Hyb-Adam-UM,65,11,65,HybAdamUM_completed_p65_rep11_seed65.csv,hyb_adam_um_outputs/completed_matrices/HybAdamUM_completed_p65_rep11_seed65.csv,True,,15,105,27,15,12,0.14257995107039353,scipy.optimize.nnls,3.17394,1.605563961760128,1.568376038239872,0.49414167824214444,0.6476190476190476,105,68,37,68.0,missing_p65_rep11_seed65.csv,45.71693767499983,0.0355174700815572,0.0178481397818316,0.7984243182750522,0.8060464938733443,95.46454721129726,15.220087486512268,84.05681697434257,15.220087486512268,0.0068521047447959,0.0334507417285983,0.3255953451852571,0.0,0.0,method_specific,hyb_adam_um_outputs/tables/hyb_adam_um_all_masks_detailed.csv,0.06798983491842157,0.09193169458307941,-0.05808800141629155,0.22637,0.5726502104826072,0.6297466912913754,0.6288877685158941,0.5783743683867315,0.06254576233422235,0.08773846564055535,-0.04472246203038831,0.21137349798070165,0.7748586798153382,0.8035714285714284,0.5053401766711483,0.4243977667060228,0.07479492564867063,0.09691844052533913,-0.07479492564867063,0.22637,0.21945159462068145,0.4852029972798591,0.9503976183263392,0.9317240636804844,0.40157623829621825,0.4535172864304181,-0.39755187929200986,0.7233572619271806,0.9296982367256638,0.8973978851337341,0.6644358392508832,0.6341621537808323,0.40358055006317034,0.4539104399504909,-0.3975518792920099,0.7244683496412587,0.8700005754342818,0.8755131660792037,0.6650118377781281,0.637327327777111
Hyb-Adam-UM,65,12,66,HybAdamUM_completed_p65_rep12_seed66.csv,hyb_adam_um_outputs/completed_matrices/HybAdamUM_completed_p65_rep12_seed66.csv,True,,15,105,27,15,12,0.048975624604413716,scipy.optimize.nnls,3.17394,1.488578758208904,1.685361241791096,0.5309997170050775,0.6476190476190476,105,68,37,68.0,missing_p65_rep12_seed66.csv,45.63276342800009,0.0225309918392029,0.0120499408314396,0.9270181162960168,0.8968584189029276,117.28067585253976,14.627491533093355,87.52779055307893,14.627491533093355,0.0065438979080207,0.0321483330397656,0.312918250905753,0.0,0.0,method_specific,hyb_adam_um_outputs/tables/hyb_adam_um_all_masks_detailed.csv,0.06606808279460016,0.09092150981110965,-0.06242078673300355,0.22637,0.6598152503491475,0.6248860862058718,0.6219772807900458,0.5620264514937915,0.06193008952488014,0.08799393635934129,-0.058716513489831375,0.21032579506454963,0.8356946905918017,0.8892857142857141,0.5068115908020322,0.4202201828769184,0.07124057438175022,0.09445345988491681,-0.06705112828696878,0.22637,-0.08514381572867152,0.07474492959290267,0.9262256267303187,0.8874473353136607,0.4023077860439822,0.4529885952030957,-0.4002935676656262,0.7130934821472256,0.9494769627622263,0.963342318059299,0.6636612681157994,0.6353174011562343,0.4025691079849964,0.4531310703461823,-0.4002935676656262,0.7158852551225272,0.9397164653405132,0.9322206095791002,0.663870004572163,0.6357300761831404
Hyb-Adam-UM,65,13,67,HybAdamUM_completed_p65_rep13_seed67.csv,hyb_adam_um_outputs/completed_matrices/HybAdamUM_completed_p65_rep13_seed67.csv,True,,15,105,27,15,12,0.09066704618480037,scipy.optimize.nnls,3.17394,1.6297890983492767,1.5441509016507233,0.48650916578471026,0.6476190476190476,105,68,37,68.0,missing_p65_rep13_seed67.csv,46.95560852900008,0.041979755818795,0.0222015400181565,0.7967951099471914,0.8589914875749131,71.84625713092197,14.02489218452795,80.47930018265104,14.02489218452795,0.0063443096478809,0.0308239388670943,0.3000271592429465,0.0,0.0,method_specific,hyb_adam_um_outputs/tables/hyb_adam_um_all_masks_detailed.csv,0.07278773463948239,0.09440157355780027,-0.05719077413521197,0.22637,0.5079951418895894,0.5449709894035791,0.6457837550846265,0.6191890316975194,0.0719936704825621,0.09347915951402849,-0.04391914157487536,0.21810962145570276,0.5793301286991313,0.5821428571428571,0.5384043889873363,0.4885055650373113,0.07378031483563274,0.09554206860652152,-0.07378031483563274,0.22637,0.32526111342446073,0.4288898323512862,0.9369006967241648,0.9190850069319252,0.4031831629350498,0.45435703806000494,-0.39486112673651746,0.7210910887076017,0.9222543977841884,0.9149388347501555,0.6656661365195022,0.6366997809926626,0.40402470669734597,0.4546775825143259,-0.3948611267365174,0.7236627892553049,0.878302254940226,0.8850818992328425,0.6661357574797092,0.638028732145407
Hyb-Adam-UM,65,14,68,HybAdamUM_completed_p65_rep14_seed68.csv,hyb_adam_um_outputs/completed_matrices/HybAdamUM_completed_p65_rep14_seed68.csv,True,,15,105,27,15,12,0.06837908234268471,scipy.optimize.nnls,3.17394,1.52992031209731,1.64401968790269,0.5179744065428742,0.6476190476190476,105,68,37,68.0,missing_p65_rep14_seed68.csv,47.45871364100003,0.0250358513950224,0.0128709876237694,0.9212530774997082,0.8802916364469214,88.33472154902253,16.181275454686407,81.68186283837845,16.181275454686407,0.0071785140985497,0.0355632427575525,0.3461575350256843,0.0,0.0,method_specific,hyb_adam_um_outputs/tables/hyb_adam_um_all_masks_detailed.csv,0.06923965452737314,0.08850937925479409,-0.060889618070470004,0.20066919425366833,0.6956817442830409,0.6490377500073709,0.605476340501608,0.5890063051724591,0.06886528883373791,0.0880748868352566,-0.05492443865690629,0.20066919425366833,0.9274958372704023,0.907142857142857,0.5072778347407882,0.4672782566535642,0.0697076116444172,0.0890495135997447,-0.06834609233742465,0.1825315778016517,0.5033146985073188,0.24203120058654198,0.8732336713175789,0.8683511431761389,0.40151559410781945,0.45191056228898585,-0.3987677178610182,0.712344448588785,0.9637633208789724,0.9502591747874766,0.662081871419227,0.6340663855419234,0.4021067043775091,0.4520268212098743,-0.3987677178610182,0.7147709012439706,0.9502224941754699,0.9385444743935308,0.662252199201612,0.6349998565145557
Hyb-Adam-UM,65,15,69,HybAdamUM_completed_p65_rep15_seed69.csv,hyb_adam_um_outputs/completed_matrices/HybAdamUM_completed_p65_rep15_seed69.csv,True,,15,105,27,15,12,0.08485200640184555,scipy.optimize.nnls,3.17394,1.5235688295070617,1.6503711704929382,0.519975541595915,0.6476190476190476,105,68,37,68.0,missing_p65_rep15_seed69.csv,45.742605080999965,0.0251558449370651,0.0130738084958899,0.9161823019636646,0.9073939764095126,122.12234183904992,17.33189434110465,85.80776123344647,17.33189434110465,0.0077669526541033,0.0380920754749552,0.3707721211003056,0.0,0.0,method_specific,hyb_adam_um_outputs/tables/hyb_adam_um_all_masks_detailed.csv,0.06457152480869605,0.09103890025057358,-0.06112485816640511,0.22637,0.6349356868458133,0.6774694554952114,0.6227803271371667,0.5492955663417687,0.05789082458362108,0.08826958187262068,-0.05528360529245012,0.21662755051144617,0.7840870634018664,0.8428571428571429,0.5083992040724749,0.3928121706275208,0.07292240009003978,0.09438635601832046,-0.06842642425884887,0.22637,0.016483941558425752,0.2989797183716107,0.9255675955584595,0.9083979207944247,0.400470230299608,0.4522880515764395,-0.39859664982188375,0.7134906269888454,0.9471148910973147,0.9698424217292142,0.6626349207053781,0.6324155653467034,0.4013808612414922,0.45244482271634634,-0.39859664982188364,0.7192838192646788,0.9273909415443264,0.9274103255235331,0.662864601837787,0.6338536177619929
Hyb-Adam-UM,65,16,70,HybAdamUM_completed_p65_rep16_seed70.csv,hyb_adam_um_outputs/completed_matrices/HybAdamUM_completed_p65_rep16_seed70.csv,True,,15,105,27,15,12,0.03342158818143442,scipy.optimize.nnls,3.17394,1.50351658870682,1.67042341129318,0.5262933172313213,0.6476190476190476,105,68,37,68.0,missing_p65_rep16_seed70.csv,45.317851104000056,0.0201125522371995,0.0116162617732747,0.935778718694663,0.8579990075199451,99.24522832023354,17.567265121100107,82.29913375339719,17.567265121100107,0.0077678855701139,0.0386093738925277,0.3758072846909918,0.0,0.0,method_specific,hyb_adam_um_outputs/tables/hyb_adam_um_all_masks_detailed.csv,0.06637443705578056,0.0896897953529805,-0.061867533751599244,0.22637,0.6740406551866469,0.5784170621827347,0.6135513493358878,0.5646325388967892,0.06114763150005919,0.08400269206039286,-0.05512742555221252,0.20102481416310938,0.8937714186460202,0.9107142857142855,0.4838235423509544,0.4149108953107883,0.07290794400043228,0.09632766106779733,-0.07029266900083268,0.22637,-0.1491936722614987,-0.02491497653096756,0.9446043411505982,0.9082178405759177,0.4015972639787667,0.4524068934344814,-0.400501591649822,0.7133863294526909,0.9449688017130399,0.9365643790172091,0.6628090326787226,0.6341953571700224,0.4019176035784812,0.45246789372597623,-0.400501591649822,0.7147709012439706,0.9409164108575356,0.918899025502799,0.6628984025463915,0.6347012318486591
Hyb-Adam-UM,65,17,71,HybAdamUM_completed_p65_rep17_seed71.csv,hyb_adam_um_outputs/completed_matrices/HybAdamUM_completed_p65_rep17_seed71.csv,True,,15,105,27,15,12,0.05991915677508507,scipy.optimize.nnls,3.17394,1.5024104685805386,1.6715295314194614,0.526641817872884,0.6476190476190476,105,68,37,68.0,missing_p65_rep17_seed71.csv,45.65650103899998,0.0220730304594304,0.0131180779854873,0.9145411717462372,0.8652517463831736,196.02814922208296,18.70493078945101,90.45803836659196,18.70493078945101,0.0080557262041895,0.0411097379987934,0.4001447693684212,0.0,0.0,method_specific,hyb_adam_um_outputs/tables/hyb_adam_um_all_masks_detailed.csv,0.06298434139209724,0.08953523492739006,-0.061908501163683745,0.22637,0.6781735340777991,0.5791082326701084,0.6124940299685984,0.5357937508543406,0.05745673486308146,0.08377079875385052,-0.05710220375381627,0.202296488501069,0.8788139517780104,0.9571428571428571,0.48248792514313765,0.3898666999661734,0.06989384955336699,0.09625654655948829,-0.06791637292601811,0.22637,-0.33416271270972076,-0.31690926684179943,0.9439069809892191,0.8706711179582936,0.40120279664306163,0.4536120939283565,-0.40108034052555563,0.7139285942912132,0.9331377333807916,0.9404105328633631,0.6645747391370502,0.6335724212705571,0.40176052844267135,0.4537557898419509,-0.40108034052555563,0.7152024825676284,0.921871673533932,0.9197076508397263,0.6647852641110761,0.6344531815485387
Hyb-Adam-UM,65,18,72,HybAdamUM_completed_p65_rep18_seed72.csv,hyb_adam_um_outputs/completed_matrices/HybAdamUM_completed_p65_rep18_seed72.csv,True,,15,105,27,15,12,0.13834540752942867,scipy.optimize.nnls,3.17394,1.5461469110870116,1.6277930889129884,0.5128619598710084,0.6476190476190476,105,68,37,68.0,missing_p65_rep18_seed72.csv,45.990593177999926,0.0346882691616077,0.0174414390124637,0.8066679860818265,0.8523113333587814,247.0608244075008,14.923127286589894,93.95973549332298,14.923127286589894,0.0067273355947006,0.0327980819485492,0.3192426314517985,0.0,0.0,method_specific,hyb_adam_um_outputs/tables/hyb_adam_um_all_masks_detailed.csv,0.06716120229765103,0.08835858852647704,-0.06028863292270326,0.20745613048667208,0.6821163710281769,0.6754471342961129,0.6044448089381548,0.5713253754124457,0.06312687537374898,0.08776802661700647,-0.0556019203090038,0.20745613048667208,0.8188953575243033,0.5642857142857142,0.505510436647241,0.42834084881062623,0.07220411095252863,0.08909128607263415,-0.06614702368982762,0.1828550921513466,0.31607141280025575,0.6453512675927133,0.8736432988201527,0.8994501577169794,0.4015993325769448,0.452762065006853,-0.39688360150909857,0.7188848800782918,0.9319527367388676,0.9604084594650631,0.663329384887619,0.6341986238639918,0.4028308976175106,0.453087271472566,-0.3968836015090986,0.7176951185682511,0.877947988151452,0.8958532034003731,0.6638058360338951,0.6361434897802623
Hyb-Adam-UM,65,19,73,HybAdamUM_completed_p65_rep19_seed73.csv,hyb_adam_um_outputs/completed_matrices/HybAdamUM_completed_p65_rep19_seed73.csv,True,,15,105,27,15,12,0.10318224274693871,scipy.optimize.nnls,3.17394,1.5177801545891563,1.6561598454108437,0.5217993551897149,0.6476190476190476,105,68,37,68.0,missing_p65_rep19_seed73.csv,46.84716122300006,0.031246314225139,0.0149785964700334,0.8771349832809734,0.9267473374813908,110.36197700032476,13.002162846953508,88.21862094141785,13.002162846953508,0.0059536028318842,0.0285761820812164,0.2781484471794491,0.0,0.0,method_specific,hyb_adam_um_outputs/tables/hyb_adam_um_all_masks_detailed.csv,0.07047837762560363,0.09119345785103743,-0.061339253533734955,0.2235988133596138,0.6550758848621376,0.6432291220044788,0.6238376271782862,0.599543846415275,0.0728821317377048,0.09478093455758792,-0.05748554282918179,0.2235988133596138,0.8754345503505012,0.807142857142857,0.5459021178990024,0.49453412650039674,0.06747368498547716,0.08650013441523031,-0.06615639191442639,0.18245435985527883,0.6113615738001774,0.3132168478178779,0.8482340541958017,0.8405230090269238,0.40082009246445166,0.4511626490072734,-0.3965963302887786,0.7138403942752889,0.9672481861512779,0.9675720505909186,0.6609861240157866,0.6329680615425067,0.4026228829566661,0.45152793017404397,-0.3965963302887786,0.7149316439995366,0.9291404620850809,0.9413642960812771,0.6615212875164241,0.635814996675444
Hyb-Adam-UM,65,20,74,HybAdamUM_completed_p65_rep20_seed74.csv,hyb_adam_um_outputs/completed_matrices/HybAdamUM_completed_p65_rep20_seed74.csv,True,,15,105,27,15,12,0.11805339172034181,scipy.optimize.nnls,3.17394,1.5492116371414562,1.6247283628585438,0.5118963694520199,0.6476190476190476,105,68,37,68.0,missing_p65_rep20_seed74.csv,46.98830516399994,0.0350448552451442,0.0161245615645263,0.8275530016293536,0.8851013474825361,96.25316961472952,11.468415874027402,88.08515509678092,11.468415874027402,0.0052080317008149,0.025205309613247,0.2453378029883918,0.0,0.0,method_specific,hyb_adam_um_outputs/tables/hyb_adam_um_all_masks_detailed.csv,0.07286549886708239,0.09066150752903264,-0.060175124550316435,0.20756253089936322,0.6364848698088548,0.5933891868838925,0.620198653128215,0.6198505546454012,0.07575754973304315,0.09320422216052388,-0.05291487596286441,0.20756253089936322,0.7922581198759034,0.6071428571428571,0.5368208544477341,0.5140449763169989,0.06925043528463147,0.08737912420050646,-0.06925043528463147,0.18226285586306418,0.7882076482572711,0.7396160594882781,0.8568535676127682,0.8626560747999892,0.4022552853826247,0.4514673739004133,-0.39617547281445287,0.7145513461845875,0.9595755322855877,0.9418619116732324,0.6614325681672493,0.6352344930324304,0.4037384585781965,0.4518180603835119,-0.39617547281445287,0.717207791917361,0.9137605033006606,0.9214700393945676,0.6619463493938603,0.6375766941350763
Hyb-Adam-UM,65,21,75,HybAdamUM_completed_p65_rep21_seed75.csv,hyb_adam_um_outputs/completed_matrices/HybAdamUM_completed_p65_rep21_seed75.csv,True,,15,105,27,15,12,0.1660989120947809,scipy.optimize.nnls,3.17394,1.6612017217828856,1.5127382782171144,0.47661212191065816,0.6476190476190476,105,68,37,68.0,missing_p65_rep21_seed75.csv,47.38017766600024,0.0486440634560444,0.0253237844925548,0.6381284987551875,0.8208955223880595,98.21937396774828,12.50245849189494,87.27088354686491,12.50245849189494,0.0055590845869159,0.0274779307514174,0.2674585341207987,0.0,0.0,method_specific,hyb_adam_um_outputs/tables/hyb_adam_um_all_masks_detailed.csv,0.06923450038128862,0.09221941833927037,-0.056027343637670896,0.22637,0.5413915180228821,0.554557637019257,0.6308560336697189,0.5889624600007538,0.06508373007067228,0.08879286740858415,-0.04202951560548123,0.2108672147642111,0.6635820245505627,0.6178571428571428,0.5114131296439177,0.44161888287957923,0.07442296326955909,0.09633135984235378,-0.07352462867790799,0.22637,0.1433181360223426,0.20527819115686344,0.9446406119212598,0.9270905100483843,0.3974795402068063,0.449950454157453,-0.3899364954807774,0.7165875780137664,0.855094464053933,0.8886688782915197,0.6592101703168319,0.6276927199946257,0.4000752155437908,0.4506667075238127,-0.3899364954807774,0.7147900174914195,0.7618482538628076,0.8571843251088533,0.6602595336395385,0.6317917649709962
Hyb-Adam-UM,65,22,76,HybAdamUM_completed_p65_rep22_seed76.csv,hyb_adam_um_outputs/completed_matrices/HybAdamUM_completed_p65_rep22_seed76.csv,True,,15,105,27,15,12,0.1493119563044676,scipy.optimize.nnls,3.17394,1.5129156738893157,1.6610243261106843,0.5233319867769033,0.6476190476190476,105,68,37,68.0,missing_p65_rep22_seed76.csv,46.73833230299988,0.0410285439971644,0.0194258675225859,0.6293417420360224,0.7692483872199105,161.01569388722228,13.6188305112116,91.54192353401872,13.6188305112116,0.00608053353474,0.0299314956290364,0.2913404949378231,0.0,0.0,method_specific,hyb_adam_um_outputs/tables/hyb_adam_um_all_masks_detailed.csv,0.06819251702611438,0.08888933893308563,-0.0615194194855809,0.2052515799428416,0.6910675293955201,0.6374204940015865,0.6080755745882901,0.5800985398920863,0.06620216278723359,0.08932135962346267,-0.05838563240763975,0.2052515799428416,0.7789925359897417,0.6607142857142856,0.5144570437047147,0.44920789178130394,0.07068045982471535,0.08834634225412082,-0.06543665333300734,0.18101183095520773,0.33893399253958034,0.25982761239437596,0.8663382614396049,0.8804699607567493,0.39935166382363174,0.4512138545292321,-0.39505478964145563,0.7142773279099076,0.8495400425822831,0.9023533070702883,0.6610611438330568,0.6306491447821756,0.40142906906601067,0.4517418356931736,-0.3950547896414556,0.7168202032637097,0.7967892846361322,0.8619427742069251,0.6618346746735972,0.6339297467131366
Hyb-Adam-UM,65,23,77,HybAdamUM_completed_p65_rep23_seed77.csv,hyb_adam_um_outputs/completed_matrices/HybAdamUM_completed_p65_rep23_seed77.csv,True,,15,105,27,15,12,0.0599725243432146,scipy.optimize.nnls,3.17394,1.4919457334237551,1.6819942665762448,0.5299388982073526,0.6476190476190476,105,68,37,68.0,missing_p65_rep23_seed77.csv,47.12935393999987,0.0186055970361103,0.0102214711679821,0.9383869582770752,0.8674275680421422,118.77248002176869,18.318024335450595,84.57721491367928,18.318024335450595,0.0079991349875924,0.0402593941438474,0.3918678826188342,0.0,0.0,method_specific,hyb_adam_um_outputs/tables/hyb_adam_um_all_masks_detailed.csv,0.06533743387796528,0.08958990978148393,-0.0622960839472683,0.2260010672044423,0.6820068774651876,0.6408064726486746,0.6128680505622681,0.5558109840466621,0.06041808547894218,0.08487821854764305,-0.05494365560368762,0.20733422156305392,0.8678589074728872,0.8892857142857141,0.48886624177038407,0.4099606366439127,0.07148661937674419,0.09515199353243022,-0.07148661937674419,0.2260010672044423,0.07731253340312719,0.3309941231458794,0.9330755586041604,0.8905123299051503,0.4029432555547582,0.45292674610308903,-0.40216119414400747,0.7170173418017329,0.939713795889439,0.958044785403276,0.6635706546818699,0.6363209234645401,0.4029432555547582,0.45301842505386386,-0.40216119414400747,0.7147709012439706,0.9314755538186719,0.9217188471905453,0.663704971018694,0.6363209234645401
Hyb-Adam-UM,65,24,78,HybAdamUM_completed_p65_rep24_seed78.csv,hyb_adam_um_outputs/completed_matrices/HybAdamUM_completed_p65_rep24_seed78.csv,True,,15,105,27,15,12,0.13257112766936902,scipy.optimize.nnls,3.17394,1.6759843988860565,1.4979556011139434,0.4719546056680162,0.6476190476190476,105,68,37,68.0,missing_p65_rep24_seed78.csv,47.36083986599988,0.0420293465006998,0.0227233728102456,0.7682184042180802,0.7899377791350154,58.68067446560917,12.116937221363449,79.35106006924855,12.116937221363449,0.0054793855749875,0.0266306312557438,0.259211279874317,0.0,0.0,method_specific,hyb_adam_um_outputs/tables/hyb_adam_um_all_masks_detailed.csv,0.0705189973774908,0.09236226973068373,-0.0554798370782942,0.22637,0.5332362292515391,0.5956814462946196,0.6318332536935939,0.5998893895890445,0.06613731699152711,0.08839641614528278,-0.039066828452973226,0.2029999154904822,0.7893768528860148,0.7178571428571427,0.50912972122122,0.44876788737731177,0.07599609785994543,0.09709205411822087,-0.07599609785994543,0.22637,0.4052349263840033,0.5934405889807508,0.9521001007877727,0.9466871249331421,0.40210168594701295,0.453204703751558,-0.3942099527638233,0.7133027041120426,0.9427125979531051,0.9544370723616006,0.6639778828713185,0.6349919314971155,0.40301231688889716,0.45351514128913706,-0.3942099527638232,0.7147709012439706,0.8726118509077202,0.8701637984656851,0.6644326964627469,0.636429983912405
Hyb-Adam-UM,65,25,79,HybAdamUM_completed_p65_rep25_seed79.csv,hyb_adam_um_outputs/completed_matrices/HybAdamUM_completed_p65_rep25_seed79.csv,True,,15,105,27,15,12,0.13951003775398527,scipy.optimize.nnls,3.17394,1.6346450989161454,1.5392949010838546,0.48497920599754707,0.6476190476190476,105,68,37,68.0,missing_p65_rep25_seed79.csv,47.19953829999986,0.0487699733920492,0.028419495717211,0.6091233066065596,0.5370843989769821,161.07441041870774,15.05545676071752,90.65310453623182,15.05545676071752,0.0064870012165302,0.0330889159576209,0.3220734864547641,0.0,0.0,method_specific,hyb_adam_um_outputs/tables/hyb_adam_um_all_masks_detailed.csv,0.06411412089253629,0.09169732235467506,-0.05701092226236498,0.22473711649950978,0.5638292349460531,0.5989005415608327,0.62728447132452,0.5454045331980062,0.05639583203526969,0.08830390256004769,-0.04803101757183247,0.22185261170175002,0.6447873777978638,0.6928571428571427,0.5085968781726682,0.38266805414250477,0.07376198196411952,0.0957701601576435,-0.06823580312553064,0.22473711649950978,-0.15388314090409067,0.10151592973368523,0.9391373986951381,0.918856633450742,0.39271647046561675,0.44944903742477743,-0.3880462485937907,0.7144015746047337,0.7851646316981786,0.8818473978851337,0.658475558301903,0.6201709637809202,0.3946957935559393,0.44997624478625925,-0.3880462485937907,0.7159294733882351,0.722811234371711,0.7170122330499689,0.6592479554655096,0.623296676097248
Hyb-Adam-UM,65,26,80,HybAdamUM_completed_p65_rep26_seed80.csv,hyb_adam_um_outputs/completed_matrices/HybAdamUM_completed_p65_rep26_seed80.csv,True,,15,105,27,15,12,0.06222104072657936,scipy.optimize.nnls,3.17394,1.5296860555384835,1.6442539444615165,0.5180482127770268,0.6476190476190476,105,68,37,68.0,missing_p65_rep26_seed80.csv,47.14537598200013,0.0206470743912889,0.0111172613952204,0.9219168069386652,0.8606710692063976,125.7113499915334,18.964293473338227,84.91441427157098,18.964293473338227,0.0082808980828257,0.0416797658754686,0.405693179169828,0.0,0.0,method_specific,hyb_adam_um_outputs/tables/hyb_adam_um_all_masks_detailed.csv,0.06527332869717718,0.08941623248120939,-0.060898294239315434,0.22637,0.662672086705955,0.6358919076850359,0.611679956180816,0.5552656555649395,0.059430986946467354,0.08355340819008934,-0.051555924922316206,0.2014029893488175,0.8662342517670675,0.907142857142857,0.4812358382152927,0.403262782191959,0.07257625588556445,0.09624383561987843,-0.07257625588556445,0.22637,0.03685369443268167,0.38796177741078064,0.9437823354969225,0.9040859854322838,0.40128073455834445,0.4519431206231939,-0.40015572569775143,0.7134930496183631,0.9372986864289327,0.9371449305411569,0.6621295717489861,0.6336954994597116,0.4014416100860631,0.4520198842677402,-0.40015572569775143,0.7151109607968683,0.9286976816469283,0.907764876632801,0.662242036076398,0.6339495512720935
Hyb-Adam-UM,65,27,81,HybAdamUM_completed_p65_rep27_seed81.csv,hyb_adam_um_outputs/completed_matrices/HybAdamUM_completed_p65_rep27_seed81.csv,True,,15,105,27,15,12,0.06926565724209713,scipy.optimize.nnls,3.17394,1.4153635404737652,1.7585764595262348,0.5540673294158789,0.6476190476190476,105,68,37,68.0,missing_p65_rep27_seed81.csv,46.60103378099984,0.019683382433352,0.0102543832247826,0.931121122305778,0.8847196243844715,160.87499203412153,14.033544951981307,91.27673930264764,14.033544951981307,0.0062056739473557,0.0308429559384204,0.3002122633567224,0.0,0.0,method_specific,hyb_adam_um_outputs/tables/hyb_adam_um_all_masks_detailed.csv,0.06832821284824278,0.09064870945466293,-0.06513246146393462,0.22567193971204252,0.7478419659257394,0.7220271798363861,0.6201111038616843,0.5812528739996834,0.07105299542944467,0.09500259634834474,-0.06530064293768997,0.22567193971204252,0.9099515815157346,0.932142857142857,0.547178805469095,0.4821227122773463,0.06492223462174042,0.08489291809027773,-0.06492223462174042,0.18434394814446398,0.6526776893455989,0.6690027772631207,0.8324734356892463,0.808739466486266,0.4025594083715969,0.4535408037749253,-0.4017376437299176,0.7189786812843263,0.9446508404297506,0.9707443499896329,0.6644702938725748,0.635714758723745,0.4026785621811111,0.45368084442355905,-0.4017376437299176,0.7205826615054007,0.9318823733912808,0.9458635703918722,0.6646754636173415,0.6359029243303389
Hyb-Adam-UM,65,28,82,HybAdamUM_completed_p65_rep28_seed82.csv,hyb_adam_um_outputs/completed_matrices/HybAdamUM_completed_p65_rep28_seed82.csv,True,,15,105,27,15,12,0.10593541729631913,scipy.optimize.nnls,3.17394,1.5743014948307326,1.5996385051692674,0.5039914129344812,0.6476190476190476,105,68,37,68.0,missing_p65_rep28_seed82.csv,46.928825856,0.0441855358616195,0.025975134796699,0.7062990547245893,0.468412413635149,90.243737920003,15.188813637454473,83.16912177228446,15.188813637454473,0.0068545276238228,0.0333820079944054,0.3249263201426436,0.0,0.0,method_specific,hyb_adam_um_outputs/tables/hyb_adam_um_all_masks_detailed.csv,0.06924368050508416,0.09156409347851158,-0.05924587056182471,0.2243606693849906,0.5994275992428897,0.6187717409396697,0.6263730771528765,0.5890405532673183,0.07009022951069603,0.09318247872169981,-0.05287224708512303,0.2243606693849906,0.663498349739237,0.8107142857142855,0.536695620513717,0.47558996424568584,0.06818549424806934,0.08949996819451146,-0.06721289990770184,0.18438383710923886,0.3745929985114764,0.2455904829481088,0.877650900605524,0.8493900519841298,0.39486481054362454,0.45074004463722284,-0.391874060113768,0.7228584273482676,0.79492668214241,0.7029856935517312,0.6603669778493952,0.6235635847604467,0.3952745755989317,0.45117518865027917,-0.391874060113768,0.7200794754211518,0.7591297162674842,0.5946091644204851,0.6610044955056366,0.6242106785504583
Hyb-Adam-UM,65,29,83,HybAdamUM_completed_p65_rep29_seed83.csv,hyb_adam_um_outputs/completed_matrices/HybAdamUM_completed_p65_rep29_seed83.csv,True,,15,105,27,15,12,0.06550778033606511,scipy.optimize.nnls,3.17394,1.549198801495789,1.624741198504211,0.5119004135252119,0.6476190476190476,105,68,37,68.0,missing_p65_rep29_seed83.csv,46.61786378399984,0.0250115102972979,0.0130799865350532,0.9220971186016927,0.883040042752987,116.40773772523367,11.94995911867554,89.7343945065903,11.94995911867554,0.005426876087574,0.0262636464146715,0.2556392049416842,0.0,0.0,method_specific,hyb_adam_um_outputs/tables/hyb_adam_um_all_masks_detailed.csv,0.0665285580087961,0.09247486448403482,-0.06017559994460041,0.22544299892133696,0.5898512810526991,0.6589130702652923,0.6326034936364415,0.5659436114852502,0.06167321342419662,0.09096203989120491,-0.05023788890864435,0.22544299892133696,0.7214427707646552,0.8214285714285712,0.5239067377506349,0.4184771768061364,0.07259773873954552,0.09433178354380307,-0.07259773873954552,0.22535468837629136,0.35021767773277435,0.5148307865065466,0.9250324492072969,0.9043535983998361,0.4008412852569064,0.452710698463122,-0.39889671634770096,0.7218527748233936,0.9379049485131713,0.9271096827700601,0.6632541291617304,0.6330015288287305,0.40162184789912386,0.45281798512623134,-0.39889671634770096,0.7209042338984931,0.9256473392911869,0.914710760937176,0.6634113119333168,0.6342341796659654
Hyb-Adam-UM,65,30,84,HybAdamUM_completed_p65_rep30_seed84.csv,hyb_adam_um_outputs/completed_matrices/HybAdamUM_completed_p65_rep30_seed84.csv,True,,15,105,27,15,12,0.12954212949528326,scipy.optimize.nnls,3.17394,1.595929553450813,1.5780104465491869,0.49717715096983145,0.6476190476190476,105,68,37,68.0,missing_p65_rep30_seed84.csv,46.93621641500022,0.0459133537213413,0.025725766918934,0.6436228570403578,0.4040157269916402,117.9745053712484,20.14901705017427,82.92087177075396,20.14901705017427,0.0087062674539575,0.0442835539564269,0.4310373489908543,0.0,0.0,method_specific,hyb_adam_um_outputs/tables/hyb_adam_um_all_masks_detailed.csv,0.06128349016399161,0.08876272485293558,-0.058444831353673586,0.22522664897685138,0.6394436288130949,0.6010996845436567,0.6072094310162677,0.5213249886348744,0.05369135550213352,0.08174722553955556,-0.04880361197741149,0.20175022978480014,0.7531529186212356,0.7999999999999999,0.47083291341990846,0.3643171098428967,0.07077365849131423,0.0968198681738241,-0.0704963555740012,0.22522664897685138,-0.15199571255062755,0.09155156597651984,0.9494310021942087,0.8816309411256715,0.392740820587976,0.4492015638412327,-0.391674386747284,0.7156641584438246,0.749842671584554,0.7418619116732323,0.6581129914867124,0.6202094170671646,0.3944911843912502,0.44951941771254394,-0.391674386747284,0.7143930753028075,0.7219052676167935,0.5923076923076922,0.6585786705469443,0.6229735608922422
Hyb-Adam-UM,85,1,55,HybAdamUM_completed_p85_rep01_seed55.csv,hyb_adam_um_outputs/completed_matrices/HybAdamUM_completed_p85_rep01_seed55.csv,True,,15,105,27,15,12,0.1960409619370217,scipy.optimize.nnls,3.17394,1.8893714275989344,1.2845685724010656,0.4047236470762099,0.8476190476190476,105,89,16,89.0,missing_p85_rep01_seed55.csv,61.29837066300024,0.0646010930912015,0.0412355626533791,0.3387116312465317,0.2264555669050051,57.58001989555375,1.5592302811892509,97.29206366371947,1.5592302811892509,0.00072437519627,0.0034268797388774,0.0333557952329126,0.0,0.0,method_specific,hyb_adam_um_outputs/tables/hyb_adam_um_all_masks_detailed.csv,0.07195642422417783,0.09584439868190561,-0.04757661379263207,0.22645960017498817,0.4061637795032387,0.48826851162016477,0.655653855671506,0.6121172593221049,0.06829763983081884,0.09323800054136416,-0.024413981054036454,0.22645960017498817,0.20759447332228215,0.2714285714285714,0.5370154050683413,0.46342653336934836,0.07652990471587659,0.09900595323452464,-0.07652990471587659,0.22637,0.05735517648085961,0.362036082585741,0.970868099447186,0.9533367831648369,0.38764735241864057,0.44495226034054225,-0.3727374042224255,0.7299624796479188,0.6169587678093148,0.6891042919344805,0.6518874525222872,0.6121659014493476,0.3900181866803602,0.4458097531069821,-0.3727374042224255,0.732423832761253,0.41595990283352985,0.28769438109060747,0.6531437418478947,0.6159098813423024
Hyb-Adam-UM,85,2,56,HybAdamUM_completed_p85_rep02_seed56.csv,hyb_adam_um_outputs/completed_matrices/HybAdamUM_completed_p85_rep02_seed56.csv,True,,15,105,27,15,12,0.16788950022272828,scipy.optimize.nnls,3.17394,1.7374159596347873,1.4365240403652126,0.45259962077582205,0.8476190476190476,105,89,16,89.0,missing_p85_rep02_seed56.csv,61.35757122900032,0.0469216603646495,0.0281909020283875,0.6642941080814284,0.7212121212121213,76.91933424451172,4.9527036083233575,93.56117202915502,4.9527036083233575,0.0022441537910477,0.0108850628754359,0.1059505894681187,0.0,0.0,method_specific,hyb_adam_um_outputs/tables/hyb_adam_um_all_masks_detailed.csv,0.0685578465042176,0.09158191395637658,-0.05320459408760047,0.22637,0.5241728352714013,0.6022391272731078,0.6264949837554821,0.5832063163178496,0.0634588297218046,0.08643708707500465,-0.03582297537189375,0.2002117928370329,0.7976350181485664,0.7785714285714285,0.49784473132194834,0.43059329052219003,0.07493161748223386,0.09763243898054426,-0.07493161748223386,0.22637,0.09850692059447255,0.24953590245893018,0.9573992005601992,0.9334268405672175,0.3970111613661082,0.45133362417292866,-0.38725147276970173,0.7133255061272895,0.9007838673663343,0.9132490151358076,0.6612366150799253,0.6269530643425316,0.39892920827848605,0.4519723842967039,-0.3872514727697018,0.7111666517021777,0.7402140567031754,0.77911051212938,0.6621724451609815,0.6299820103931418
Hyb-Adam-UM,85,3,57,HybAdamUM_completed_p85_rep03_seed57.csv,hyb_adam_um_outputs/completed_matrices/HybAdamUM_completed_p85_rep03_seed57.csv,True,,15,105,27,15,12,0.2314744706769595,scipy.optimize.nnls,3.17394,1.8448936089673027,1.3290463910326973,0.41873708735284765,0.8476190476190476,105,89,16,89.0,missing_p85_rep03_seed57.csv,60.03246563599987,0.0615775576286612,0.0427000282515285,0.4642985447151169,0.199063670411985,169.93393850033507,2.098645440242645,98.76502277369478,2.098645440242645,0.0009879311738567,0.0046124075609728,0.0448952206840338,0.0,0.0,method_specific,hyb_adam_um_outputs/tables/hyb_adam_um_all_masks_detailed.csv,0.06655619409743217,0.09290379347805151,-0.04922394040861841,0.22640410928615118,0.46862628090292746,0.5363499794017146,0.6355377177810335,0.566178705530246,0.060426970283020465,0.08826697573795152,-0.029228913643155698,0.22640410928615118,0.4871574885632432,0.4928571428571427,0.5083841937284423,0.41002092355812914,0.07421772386544681,0.09839301112616106,-0.07421772386544681,0.22637,-0.08395398492532367,0.28852588721813804,0.9648574917980837,0.9245338327073961,0.3772976159653674,0.4385093249656287,-0.3697519501458027,0.7260880351364347,0.7017224080029758,0.5916649388347501,0.6424480831726324,0.5958217791274728,0.3801033945753344,0.4395513879188336,-0.3697519501458027,0.7149798549728082,0.5266368180611634,0.32181215011403685,0.643974781257979,0.6002526155083254
Hyb-Adam-UM,85,4,58,HybAdamUM_completed_p85_rep04_seed58.csv,hyb_adam_um_outputs/completed_matrices/HybAdamUM_completed_p85_rep04_seed58.csv,True,,15,105,27,15,12,0.1663701178554036,scipy.optimize.nnls,3.17394,1.7655974887814787,1.4083425112185213,0.44372058426388694,0.8476190476190476,105,89,16,89.0,missing_p85_rep04_seed58.csv,60.10261099399986,0.053814857804591,0.0325273040318642,0.4926177003041269,0.4907388491658155,76.30863498121838,2.086954630802417,97.26511340254471,2.086954630802417,0.0009806260304025,0.004586713474291,0.0446451253321799,0.0,0.0,method_specific,hyb_adam_um_outputs/tables/hyb_adam_um_all_masks_detailed.csv,0.07095397498730091,0.09480189548151426,-0.05216083374883412,0.22664869819415379,0.45237372882202076,0.5401127583401375,0.6485222835370197,0.6035896471442828,0.06701541659698619,0.09223012960424802,-0.03423677700000371,0.22664869819415379,0.41626333516904546,0.4928571428571427,0.5312104519761532,0.4547261409438906,0.07587717297519429,0.09792166569241667,-0.07456590468487213,0.22385096000794755,-0.011263808554824412,0.2392875486579723,0.9602354036256833,0.9452056718006991,0.39261547916805944,0.44974574836048486,-0.3822986877918641,0.7346803530396104,0.6920722796820442,0.718121501140369,0.6589102614223362,0.6200114800947245,0.39507097644313455,0.4502901890724691,-0.38229868779186416,0.7251674465670399,0.5787012534655145,0.6081795562927638,0.6597079066989624,0.623889158333784
Hyb-Adam-UM,85,5,59,HybAdamUM_completed_p85_rep05_seed59.csv,hyb_adam_um_outputs/completed_matrices/HybAdamUM_completed_p85_rep05_seed59.csv,True,,15,105,27,15,12,0.18379453988940983,scipy.optimize.nnls,3.17394,1.9485641868427044,1.2253758131572956,0.386074032009835,0.8476190476190476,105,89,16,89.0,missing_p85_rep05_seed59.csv,60.873712652,0.0699514315576517,0.0490580497673304,0.2560460579987225,0.292628532516173,62.41277524717706,2.505223990723636,95.98603974778874,2.505223990723636,0.001170215179762,0.0055059867927991,0.0535929422711201,0.0,0.0,method_specific,hyb_adam_um_outputs/tables/hyb_adam_um_all_masks_detailed.csv,0.06838585225519889,0.09294082727738105,-0.045384289376196124,0.22637,0.44989101254075753,0.5418920572600561,0.6357910591724398,0.5817431995848599,0.06054782854853096,0.08589569074558064,-0.019862871096513388,0.20205568763766868,0.7200713017155632,0.7285714285714285,0.494726494471522,0.41084099475170627,0.0781833818885338,0.1010589282692698,-0.07728606222579955,0.22637,-0.2863703558800206,-0.17935392989235605,0.9909998986479285,0.9739342295443891,0.37943755988504446,0.4414325620393931,-0.3651324543463927,0.7145929286322142,0.5741456937053895,0.5727244453659548,0.6467308382881508,0.5992011410409921,0.3805709008639727,0.44221661858296124,-0.36513245434639274,0.7155388320762045,0.2847223068093791,0.34332365747460086,0.6478795382013256,0.6009908932415072
Hyb-Adam-UM,85,6,60,HybAdamUM_completed_p85_rep06_seed60.csv,hyb_adam_um_outputs/completed_matrices/HybAdamUM_completed_p85_rep06_seed60.csv,True,,15,105,27,15,12,0.1702468292424132,scipy.optimize.nnls,3.17394,1.8534243700735167,1.3205156299264833,0.4160493361331605,0.8476190476190476,105,89,16,89.0,missing_p85_rep06_seed60.csv,61.36753052299992,0.0628394864951984,0.0381384758703258,0.3621257734977751,0.5078821927136534,54.61755456537351,1.5264431662595843,97.20521510271476,1.5264431662595843,0.000711966538628,0.0033548201456254,0.032654397687556,0.0,0.0,method_specific,hyb_adam_um_outputs/tables/hyb_adam_um_all_masks_detailed.csv,0.07476635663556405,0.09269292402409564,-0.04890798629357346,0.19985361012939135,0.4694418345368547,0.45629774367011533,0.6340951987352583,0.6360207279155339,0.07521757868997297,0.09372195038990004,-0.02867251207438989,0.19985361012939135,0.23561150825843488,-0.010714285714285713,0.5398027720478484,0.5103810589513372,0.0742023290675529,0.09139034898827729,-0.0742023290675529,0.18319653620090853,0.7756038990024939,0.810991682991523,0.8961882748594481,0.924342058953644,0.3888999325008948,0.4438112738381533,-0.37348820590817794,0.7218695252755004,0.6353788130067304,0.721356002488078,0.650215824236063,0.6141439539509483,0.39118147997391267,0.4444890598227195,-0.3734882059081779,0.7111480654399955,0.506644161708271,0.5617043334024466,0.6512088300441378,0.6177469337128509
Hyb-Adam-UM,85,7,61,HybAdamUM_completed_p85_rep07_seed61.csv,hyb_adam_um_outputs/completed_matrices/HybAdamUM_completed_p85_rep07_seed61.csv,True,,15,105,27,15,12,0.18455161496343486,scipy.optimize.nnls,3.17394,1.828634984840957,1.3453050151590429,0.42385962405056266,0.8476190476190476,105,89,16,89.0,missing_p85_rep07_seed61.csv,61.35864792800021,0.0590706106662018,0.0361919301856757,0.4370875613466443,0.6415900578821927,61.12428898003489,1.7572109160818077,97.1251838746856,1.7572109160818077,0.0008237983241704,0.0038620020133666,0.0375910910690872,0.0,0.0,method_specific,hyb_adam_um_outputs/tables/hyb_adam_um_all_masks_detailed.csv,0.07360731194850344,0.09233028568764096,-0.049826111672557134,0.20011110223189646,0.4812947854913138,0.5067922308238935,0.6316144567536646,0.6261609931534915,0.07295895735697197,0.09258220745999585,-0.030152796860268623,0.20011110223189646,0.3335821267973476,0.15,0.5332382864558955,0.4950554187514779,0.07441775518791778,0.09201441355247557,-0.07441775518791778,0.18458065445304336,0.8063060007922868,0.8343856738470478,0.9023079510766984,0.9270256327194915,0.3909361800724354,0.44659888128736985,-0.377286106064131,0.718577703576732,0.7299756344771072,0.7856417167737922,0.6542998720782093,0.6173595604098312,0.39277641788152684,0.44720424046471635,-0.37728610606413104,0.7111090596957064,0.5528665963198984,0.6865643790172092,0.6551867673412637,0.6202656316889329
Hyb-Adam-UM,85,8,62,HybAdamUM_completed_p85_rep08_seed62.csv,hyb_adam_um_outputs/completed_matrices/HybAdamUM_completed_p85_rep08_seed62.csv,True,,15,105,27,15,12,0.22251585080869707,scipy.optimize.nnls,3.17394,1.7467328375619817,1.4272071624380183,0.4496641910174793,0.8476190476190476,105,89,16,89.0,missing_p85_rep08_seed62.csv,61.21462867000082,0.0504473958555646,0.0295235836206348,0.5776309045527863,0.6722505958461016,92.90388837147256,2.220561611727666,97.60982920020652,2.220561611727666,0.0010273540921619,0.0048803551906102,0.0475033093677229,0.0,0.0,method_specific,hyb_adam_um_outputs/tables/hyb_adam_um_all_masks_detailed.csv,0.06941981318504678,0.08910574577372501,-0.052859524534741416,0.2020878923855949,0.5663151632580754,0.5861677292234536,0.6095559738751571,0.5905388747097498,0.0666682848637044,0.08703431178805685,-0.03685976529315474,0.2020878923855949,0.791312453261151,0.5964285714285712,0.5012845184187797,0.45237071466304446,0.07285922358672477,0.09162920962624575,-0.07285922358672477,0.18711046923274333,0.7159829109405684,0.35830375183743435,0.8985305802061564,0.9076109279885989,0.39349266052867016,0.44842143049976146,-0.38362466347518526,0.7151154031850884,0.9210657689014169,0.9184428778768401,0.6569700393502064,0.6213967095178135,0.3950008710363021,0.44932290249636125,-0.3836246634751853,0.7153023839996596,0.6716299575847311,0.7193448061372589,0.6582907614495477,0.6237784491046294
Hyb-Adam-UM,85,9,63,HybAdamUM_completed_p85_rep09_seed63.csv,hyb_adam_um_outputs/completed_matrices/HybAdamUM_completed_p85_rep09_seed63.csv,True,,15,105,27,15,12,0.14964724823772138,scipy.optimize.nnls,3.17394,1.6931736629133145,1.4807663370866855,0.46653885614935553,0.8476190476190476,105,89,16,89.0,missing_p85_rep09_seed63.csv,59.44058159799988,0.043947630132785,0.0233456677170313,0.6642586981106955,0.8071331290432415,79.56317861819372,5.060771090386544,93.6393050425096,5.060771090386544,0.0023059307301129,0.0111225738250253,0.1082624204058085,0.0,0.0,method_specific,hyb_adam_um_outputs/tables/hyb_adam_um_all_masks_detailed.csv,0.07003333530139601,0.09331764636266143,-0.054843197669877254,0.22231604364541865,0.5050660712602605,0.5884902049488346,0.6383688090415236,0.5957579705784269,0.06660004347830223,0.09039123341179632,-0.03925779574156847,0.22231604364541865,0.6543303295252554,0.6249999999999999,0.5206191096271721,0.4519076698382513,0.07432495008026321,0.09685139740276262,-0.07432495008026321,0.22019517007382822,0.1693852259390074,0.4060637189347409,0.9497401828199845,0.9258695549336751,0.3997644081255083,0.45336306153349804,-0.3908061656247606,0.7241562397942067,0.8492668326633558,0.8632386481443085,0.6642098885498084,0.6313009433461279,0.40169320937651437,0.45387927030280134,-0.39080616562476056,0.7247684498906668,0.7486895183748621,0.8300953763217914,0.6649661719752107,0.6343468724597198
Hyb-Adam-UM,85,10,64,HybAdamUM_completed_p85_rep10_seed64.csv,hyb_adam_um_outputs/completed_matrices/HybAdamUM_completed_p85_rep10_seed64.csv,True,,15,105,27,15,12,0.21104125341875518,scipy.optimize.nnls,3.17394,1.89037384555483,1.28356615444517,0.40440781944371035,0.8476190476190476,105,89,16,89.0,missing_p85_rep10_seed64.csv,60.712495916999615,0.0613900598247775,0.0403543471997109,0.4687046094422947,0.5603506979911476,65.53798148968599,1.5408875820427694,97.64886322859172,1.5408875820427694,0.0007205364071046,0.0033865661143797,0.032963399495009,0.0,0.0,method_specific,hyb_adam_um_outputs/tables/hyb_adam_um_all_masks_detailed.csv,0.0700935870087057,0.09274459111825885,-0.04753948720167297,0.22637,0.46556399701440054,0.5585182908350805,0.6344486437979362,0.5962705184203401,0.06396879870889129,0.08637154894128173,-0.023371419056232374,0.1886303301665965,0.7305772602720828,0.6357142857142856,0.49746725660966057,0.43405363205663966,0.0777495723834737,0.10014216182839279,-0.0777495723834737,0.22637,-0.016718296586224955,0.4210918353994446,0.9820099413472513,0.9685302432256329,0.3857483300903242,0.44285952482852703,-0.3727346822234399,0.7060400800374738,0.8431921297171645,0.8342525399129173,0.6488214426526296,0.6091669986882866,0.38836507799515896,0.4438647382518535,-0.3727346822234399,0.7036276124818878,0.5346920926014951,0.5881816296910637,0.6502941534941747,0.6132993210942936
Hyb-Adam-UM,85,11,65,HybAdamUM_completed_p85_rep11_seed65.csv,hyb_adam_um_outputs/completed_matrices/HybAdamUM_completed_p85_rep11_seed65.csv,True,,15,105,27,15,12,0.24169733780285457,scipy.optimize.nnls,3.17394,1.8132524839622124,1.3606875160377876,0.42870612426126126,0.8476190476190476,105,89,16,89.0,missing_p85_rep11_seed65.csv,60.36431443699985,0.0593925586168014,0.0368036595353228,0.4523570350425592,0.2077970718420157,121.33397582246144,3.41422234293538,97.18609538689218,3.41422234293538,0.0015773075901009,0.0075037853690887,0.0730386670426427,0.0,0.0,method_specific,hyb_adam_um_outputs/tables/hyb_adam_um_all_masks_detailed.csv,0.0699084552475978,0.09224127126223362,-0.05039583392732546,0.21313515102892894,0.4917073391641337,0.5705490447886975,0.6310055254855745,0.5946956438008093,0.06541880998338474,0.08879086550538937,-0.030296091606894535,0.2068056235426309,0.4866726603880798,0.4107142857142856,0.5114015994432612,0.4438925327851206,0.07552051182786411,0.0963807295711596,-0.07552051182786411,0.21313515102892894,0.4147240390524256,0.7197594934766531,0.9451247393217849,0.9407627263646897,0.38409641498564173,0.4406759849044252,-0.3746116571816463,0.7238417009031572,0.711973625544121,0.7082002902757619,0.64562239770899,0.6065583233217033,0.3867038487303872,0.4418487305452566,-0.3746116571816463,0.7132864170378587,0.5593289686043446,0.31912709931577854,0.6473405554449976,0.6106759369694233
Hyb-Adam-UM,85,12,66,HybAdamUM_completed_p85_rep12_seed66.csv,hyb_adam_um_outputs/completed_matrices/HybAdamUM_completed_p85_rep12_seed66.csv,True,,15,105,27,15,12,0.13828617639036087,scipy.optimize.nnls,3.17394,1.8442218074441585,1.3297181925558414,0.41894874904876633,0.8476190476190476,105,89,16,89.0,missing_p85_rep12_seed66.csv,60.786241757000425,0.0587872797466285,0.0356610895576232,0.4535842525909656,0.6117126319373511,55.530997883434864,1.3718728651642205,97.52953680385156,1.3718728651642205,0.0006509128987655,0.0030151051981631,0.0293477563436653,0.0,0.0,method_specific,hyb_adam_um_outputs/tables/hyb_adam_um_all_masks_detailed.csv,0.07401054681448696,0.095213467736027,-0.04924882194651262,0.22578644143443058,0.429227440992253,0.496949764214329,0.6513377734276108,0.6295912222635425,0.07079895750439089,0.09168409473601749,-0.02841503341044278,0.20798620131583834,0.3287664694014178,0.3714285714285714,0.5280654989072147,0.48039896435218166,0.07802503345210705,0.09944920035759455,-0.07529105761659996,0.22578644143443058,-0.10197572704429389,0.32035538148960857,0.9752146511231337,0.9719616752917385,0.39043496845846054,0.447527871259539,-0.3773055417455186,0.7250364669554034,0.643534586115716,0.6917582417582417,0.6556609100149817,0.6165680558179091,0.39165795085798083,0.44803709041649076,-0.3773055417455186,0.7173767882328443,0.5339678079028002,0.6491913746630728,0.6564069531494671,0.6184993681779392
Hyb-Adam-UM,85,13,67,HybAdamUM_completed_p85_rep13_seed67.csv,hyb_adam_um_outputs/completed_matrices/HybAdamUM_completed_p85_rep13_seed67.csv,True,,15,105,27,15,12,0.1897884238956737,scipy.optimize.nnls,3.17394,1.8823220187755338,1.2916179812244661,0.40694467482827845,0.8476190476190476,105,89,16,89.0,missing_p85_rep13_seed67.csv,61.57778042499922,0.0626491238750472,0.0418061275086406,0.4221014173021281,0.2383724889342867,74.09328845264972,2.9253164790461472,96.0518468809552,2.9253164790461472,0.0013547564007674,0.0064292669869146,0.0625797604393017,0.0,0.0,method_specific,hyb_adam_um_outputs/tables/hyb_adam_um_all_masks_detailed.csv,0.06863514642792001,0.09363566595062978,-0.047837703008313553,0.22637,0.4517098982131177,0.5031345777079734,0.6405443223933526,0.5838638895359838,0.06170468821404129,0.0883661942637309,-0.024269290058749664,0.21010690663685452,0.5029532278313609,0.5249999999999999,0.5089556546832282,0.41869074571982623,0.07729821919526841,0.09983213410380976,-0.07729821919526841,0.22637,-0.022138053611280937,0.08320918999730094,0.9789697602479505,0.9629077143839687,0.3832029162479876,0.4433508675256999,-0.3717883263687166,0.7325312453197961,0.6290154324521353,0.5436554012025709,0.649541295472189,0.6051473257829165,0.38557656039651134,0.4442237775620176,-0.37178832636871656,0.7214429017945989,0.4515991861093844,0.3034211071946921,0.6508201722204963,0.6088957429998405
Hyb-Adam-UM,85,14,68,HybAdamUM_completed_p85_rep14_seed68.csv,hyb_adam_um_outputs/completed_matrices/HybAdamUM_completed_p85_rep14_seed68.csv,True,,15,105,27,15,12,0.10570382795269527,scipy.optimize.nnls,3.17394,1.7781100238166547,1.3958299761833453,0.4397783121871697,0.8476190476190476,105,89,16,89.0,missing_p85_rep14_seed68.csv,60.772518167999806,0.0519643424194543,0.0283677745659426,0.5584344767625041,0.6871467483827035,64.35323852541744,1.258632886660548,98.0441809681988,1.258632886660548,0.0005949199213205,0.0027662261245286,0.0269252729037805,0.0,0.0,method_specific,hyb_adam_um_outputs/tables/hyb_adam_um_all_masks_detailed.csv,0.07378806831847141,0.09458875887724956,-0.05169740652530908,0.22637,0.45704474034469905,0.45767619852968694,0.6470642553340918,0.6276986472960195,0.07135530619686942,0.09090435230277259,-0.03285489186895641,0.2008882200540411,0.43176601792236957,0.3857142857142856,0.5235744791920052,0.48417401055492837,0.07682902097047392,0.09900163308692583,-0.07525054984574993,0.22637,-0.07634204368218458,0.20802297499325234,0.9708257353937977,0.9570628890447385,0.39701456526012374,0.45008450250637616,-0.38422429245292294,0.7169379460798313,0.7606523964225974,0.8273584905660377,0.659406560906302,0.6269584397122728,0.3982477632212278,0.4505953099590942,-0.3842242924529229,0.7147709012439706,0.6891189261792893,0.7332573087290069,0.6601549310097079,0.6289058843080236
Hyb-Adam-UM,85,15,69,HybAdamUM_completed_p85_rep15_seed69.csv,hyb_adam_um_outputs/completed_matrices/HybAdamUM_completed_p85_rep15_seed69.csv,True,,15,105,27,15,12,0.1650008415589858,scipy.optimize.nnls,3.17394,1.8553784254182577,1.3185615745817423,0.41543368008901943,0.8476190476190476,105,89,16,89.0,missing_p85_rep15_seed69.csv,60.58101790100045,0.0586459768087465,0.0365616589735072,0.5511805040727636,0.7332652366360233,65.78493115081056,2.1578921161584947,96.71977749553076,2.1578921161584947,0.0010115382680749,0.0047426200355131,0.0461626537334821,0.0,0.0,method_specific,hyb_adam_um_outputs/tables/hyb_adam_um_all_masks_detailed.csv,0.07088098404972326,0.09485958034546538,-0.04883561387339787,0.22637,0.42803605406395,0.48888229981830456,0.6489168950530141,0.6029687295104911,0.06672584561566432,0.09325975300655298,-0.027044179298278605,0.2187277404232207,0.3253382404434065,0.27499999999999997,0.5371406909907848,0.45276128716020536,0.07607490709229695,0.09682219812063228,-0.07607490709229695,0.22637,0.44279413574682336,0.28365713687130223,0.9494538500226026,0.9476688554126536,0.38896669146129165,0.4450504095112811,-0.3753393276717282,0.7165100040405458,0.80830538625973,0.848133941530168,0.6520312482023701,0.6142493785305726,0.39076042766818153,0.44559432682764827,-0.3753393276717282,0.7135176797548436,0.607800761199345,0.7397366784159237,0.6528281266663158,0.6170820152948945
Hyb-Adam-UM,85,16,70,HybAdamUM_completed_p85_rep16_seed70.csv,hyb_adam_um_outputs/completed_matrices/HybAdamUM_completed_p85_rep16_seed70.csv,True,,15,105,27,15,12,0.1745860028856542,scipy.optimize.nnls,3.17394,1.8633211085587351,1.3106188914412649,0.4129312121342133,0.8476190476190476,105,89,16,89.0,missing_p85_rep16_seed70.csv,60.00690259800013,0.0641070902780866,0.045907652643232,0.4453172452799794,-0.0145386448757235,96.59767188323023,5.815828963267101,93.979328021179,5.815828963267101,0.0022188993561066,0.0127820416775101,0.1244149772799561,0.0,0.0,method_specific,hyb_adam_um_outputs/tables/hyb_adam_um_all_masks_detailed.csv,0.06198016397111675,0.08923017590069623,-0.04854144042375054,0.22637,0.5339842582566535,0.4975554343933242,0.6104071774262498,0.5272514373996208,0.04950167334899311,0.07894174847051506,-0.02868320927693755,0.20422192472624556,0.6953189346872961,0.6499999999999999,0.45467443301606986,0.3358884572429111,0.07757827724877131,0.10062209047161612,-0.0733642293572668,0.22637,-0.39425058031301174,-0.3587078597847121,0.9867161978348058,0.9663964113164565,0.37329623043394833,0.4377973592844345,-0.36654114142191685,0.729022465784191,0.5600138427019217,0.41144515861496994,0.6414050016208233,0.5895028612615197,0.3760852020925479,0.4389231708028677,-0.36654114142191685,0.7147709012439706,0.44560141105150647,0.03048932199875596,0.6430543974508612,0.593907156399487
Hyb-Adam-UM,85,17,71,HybAdamUM_completed_p85_rep17_seed71.csv,hyb_adam_um_outputs/completed_matrices/HybAdamUM_completed_p85_rep17_seed71.csv,True,,15,105,27,15,12,0.15391178025609695,scipy.optimize.nnls,3.17394,1.6846369441298998,1.4893030558701001,0.46922848442947884,0.8476190476190476,105,89,16,89.0,missing_p85_rep17_seed71.csv,60.36079709899968,0.0398200218256183,0.0258570711742843,0.7338779194254269,0.7413517194416073,97.73464420310204,3.8404423026160326,96.07054148103796,3.8404423026160326,0.0017692689713741,0.008440532533222,0.0821565669903301,0.0,0.0,method_specific,hyb_adam_um_outputs/tables/hyb_adam_um_all_masks_detailed.csv,0.06845311844603481,0.09249133204918533,-0.05515937243963334,0.22637,0.5278309946938908,0.5717437065671697,0.6327161452126728,0.5823154180743618,0.062330387352164125,0.08673647609014164,-0.03840164454064146,0.20629803947595673,0.8085482567174334,0.7857142857142856,0.4995690981284359,0.42293636216031716,0.07610653231337315,0.0992166028387076,-0.07610653231337315,0.22637,-0.0957178064200236,0.06718195346951895,0.9729337629167146,0.9480628123454317,0.4013942710987085,0.45670609743817286,-0.3950518161654319,0.7242433861892447,0.8867239777467467,0.8724341696039809,0.6691076795126437,0.6338747943733638,0.40256664957595023,0.4572610955810865,-0.3950518161654319,0.7198321144037891,0.7723408792156481,0.7860252954592576,0.6699207921941294,0.6357261939066835
Hyb-Adam-UM,85,18,72,HybAdamUM_completed_p85_rep18_seed72.csv,hyb_adam_um_outputs/completed_matrices/HybAdamUM_completed_p85_rep18_seed72.csv,True,,15,105,27,15,12,0.1493007372489726,scipy.optimize.nnls,3.17394,1.8473948989352982,1.3265451010647018,0.4179490163849039,0.8476190476190476,105,89,16,89.0,missing_p85_rep18_seed72.csv,59.07714679699984,0.0555999320645175,0.0361512919260405,0.5133926263758951,0.4277664283282262,53.7373558675815,2.898690013552632,94.60581942160398,2.898690013552632,0.0013540263534964,0.0063707472825332,0.0620101544346642,0.0,0.0,method_specific,hyb_adam_um_outputs/tables/hyb_adam_um_all_masks_detailed.csv,0.06996137391279642,0.09258089915825621,-0.04913130003943339,0.22637,0.4822634925764856,0.5183441333290122,0.6333288572877788,0.5951458110882699,0.06330359362436001,0.08594098007561676,-0.025809460652306587,0.1997218506488109,0.6148894633873492,0.6071428571428571,0.4949873437794588,0.42953995212468854,0.0782835992733419,0.10026433278934868,-0.0782835992733419,0.22637,0.09367521540760865,0.14929322993226435,0.9832079691909903,0.9751826424308921,0.39205409127262103,0.4481038155193578,-0.3796749816531536,0.7244036565821399,0.6719550161957054,0.6736160066348745,0.6565047102825446,0.6191249461743208,0.39353142079614517,0.44873348388830014,-0.37967498165315355,0.7176293738114827,0.5635430713266708,0.47356417167737924,0.6574272202809196,0.6214579190525393
Hyb-Adam-UM,85,19,73,HybAdamUM_completed_p85_rep19_seed73.csv,hyb_adam_um_outputs/completed_matrices/HybAdamUM_completed_p85_rep19_seed73.csv,True,,15,105,27,15,12,0.19918212734239857,scipy.optimize.nnls,3.17394,1.7703539124639684,1.4035860875360315,0.44222199774917975,0.8476190476190476,105,89,16,89.0,missing_p85_rep19_seed73.csv,60.04597310099962,0.0569670485212325,0.035316985244128,0.4071890896046192,0.1493871297242084,79.37612232506608,2.015244428705508,97.4611452793668,2.015244428705508,0.0009192355463423,0.0044291086345176,0.0431110666071076,0.0,0.0,method_specific,hyb_adam_um_outputs/tables/hyb_adam_um_all_masks_detailed.csv,0.06914283662670297,0.09076489528137253,-0.051984669908741905,0.213100677902757,0.5262357928668691,0.5655769371237098,0.6209059096751086,0.5881826968754861,0.06693151167121246,0.09004731939215382,-0.03604681157888255,0.213100677902757,0.517184802306237,0.36785714285714277,0.51863829573697,0.4541568127946273,0.0719069928210661,0.09165396512206099,-0.0719069928210661,0.18393941338340855,0.546606623810762,0.4449102951958493,0.8987733365292644,0.8957489425551414,0.3920399479513547,0.4501293531773545,-0.3811418044333523,0.7350006941736416,0.6580798795331234,0.6602114866265809,0.6594722704042728,0.6191026112893836,0.39405106898256576,0.4508247530040925,-0.38114180443335244,0.7280018310148452,0.497966036896599,0.24336512544059716,0.6604910817733617,0.6222785383563779
Hyb-Adam-UM,85,20,74,HybAdamUM_completed_p85_rep20_seed74.csv,hyb_adam_um_outputs/completed_matrices/HybAdamUM_completed_p85_rep20_seed74.csv,True,,15,105,27,15,12,0.16587678425870017,scipy.optimize.nnls,3.17394,1.763481135542844,1.410458864457156,0.44438737482660545,0.8476190476190476,105,89,16,89.0,missing_p85_rep20_seed74.csv,60.6493975809999,0.0465669748452652,0.0277105915066963,0.6817808553327661,0.4992849846782432,76.39905415620478,3.8848970884638296,94.91499321376308,3.8848970884638296,0.0017779880082269,0.0085382353592611,0.0831075648972789,0.0,0.0,method_specific,hyb_adam_um_outputs/tables/hyb_adam_um_all_masks_detailed.csv,0.06916971292978825,0.09139221791252115,-0.05223921720211688,0.22637,0.5250001153736312,0.5896548692270174,0.6251973081033846,0.5884113275941836,0.06309169973548324,0.08485314223748887,-0.03261680742567475,0.20224249927524154,0.6722059390997864,0.6321428571428571,0.4887218117656985,0.42810216817479574,0.07676722942266954,0.09896029344748603,-0.07676722942266954,0.22637,0.11809413103459998,0.5140211182440294,0.9704203523247646,0.9562931486977552,0.3908043439535994,0.4444905809596697,-0.38301730570581966,0.7267858290581377,0.8313594013379103,0.7799709724238026,0.6512110586205038,0.6171513671227437,0.39309900799363584,0.4451229412360495,-0.3830173057058197,0.7239817014274605,0.7441013651377882,0.6300642753472943,0.652137512459237,0.6207750603372798
Hyb-Adam-UM,85,21,75,HybAdamUM_completed_p85_rep21_seed75.csv,hyb_adam_um_outputs/completed_matrices/HybAdamUM_completed_p85_rep21_seed75.csv,True,,15,105,27,15,12,0.15617183114075675,scipy.optimize.nnls,3.17394,1.8570615388638576,1.3168784611361424,0.4149033885757583,0.8476190476190476,105,89,16,89.0,missing_p85_rep21_seed75.csv,60.89637953400052,0.0641564807715581,0.0383103085429395,0.2742126663824791,0.130949948927477,50.819651856336016,1.972802128262932,96.11803297307128,1.972802128262932,0.0009278742423366,0.0043358288533251,0.0422031207444243,0.0,0.0,method_specific,hyb_adam_um_outputs/tables/hyb_adam_um_all_masks_detailed.csv,0.07478268592430971,0.0964752727797917,-0.04877327633837564,0.22637,0.4046444202677317,0.4091254126045782,0.6599695490287683,0.6361596375345351,0.07311622850699348,0.09492346516827924,-0.02629929125231214,0.21068665229859873,0.12718100472677252,0.06785714285714285,0.5467230399821725,0.49612256578663194,0.07686575769595501,0.09838061689638024,-0.07686575769595501,0.22637,0.3166707150172538,0.5325388159827259,0.9647359520126638,0.9575205202390301,0.3907999506931489,0.44582742035597356,-0.3744036887724104,0.7234147965026426,0.5723847109240684,0.6167634252539912,0.6531696256537872,0.6171444293628771,0.39260874337472895,0.4466466861389365,-0.3744036887724104,0.719810543135663,0.4456029912109463,0.2559921210864607,0.654369909665797,0.6200008430480107
Hyb-Adam-UM,85,22,76,HybAdamUM_completed_p85_rep22_seed76.csv,hyb_adam_um_outputs/completed_matrices/HybAdamUM_completed_p85_rep22_seed76.csv,True,,15,105,27,15,12,0.2042580776343362,scipy.optimize.nnls,3.17394,1.7017051972669197,1.4722348027330803,0.4638508613058471,0.8476190476190476,105,89,16,89.0,missing_p85_rep22_seed76.csv,60.90350930299974,0.0555300108427101,0.035161648043313,0.4979149291746358,0.34812734082397,169.52127960723016,2.350342889182403,98.61354108780444,2.350342889182403,0.0010953958315243,0.0051655887674338,0.0502796521363768,0.0,0.0,method_specific,hyb_adam_um_outputs/tables/hyb_adam_um_all_masks_detailed.csv,0.06660344433020562,0.08877042875169194,-0.05452721491604001,0.20747365111189897,0.5923437382006779,0.5585182908350805,0.6072621319668999,0.5665806527267535,0.059608486011869806,0.08617564275510138,-0.04371097088026655,0.20747365111189897,0.6492434120788948,0.42499999999999993,0.4963389115216472,0.404467183643598,0.0753471422281254,0.09191095441452919,-0.06804751996075684,0.17947084331684918,0.2170516299131187,0.07018197256657412,0.9012934143408063,0.9386030527426319,0.38243983252236163,0.4427688450129668,-0.3765690272871712,0.7277750502110345,0.6583985925672654,0.7137466307277627,0.6486885901216289,0.6039422773442659,0.3855792957016907,0.4437630933149185,-0.3765690272871712,0.7174168632803768,0.5508842296255464,0.47382334646485585,0.6501452362621335,0.6089000625458154
Hyb-Adam-UM,85,23,77,HybAdamUM_completed_p85_rep23_seed77.csv,hyb_adam_um_outputs/completed_matrices/HybAdamUM_completed_p85_rep23_seed77.csv,True,,15,105,27,15,12,0.1051230478934801,scipy.optimize.nnls,3.17394,1.83543461649087,1.33850538350913,0.4217172925477892,0.8476190476190476,105,89,16,89.0,missing_p85_rep23_seed77.csv,60.61669784400056,0.0543502972394013,0.0328354283967929,0.5894023663183381,0.6739870616275112,38.69678513462053,1.6724738957836691,95.67800299181089,1.6724738957836691,0.0007886356359285,0.0036757668039201,0.0357783564577788,0.0,0.0,method_specific,hyb_adam_um_outputs/tables/hyb_adam_um_all_masks_detailed.csv,0.07067722500443824,0.09384712554994931,-0.049574273463301094,0.22637,0.4593846596309428,0.4864355812751334,0.6419908785147254,0.6012353967371257,0.06488872911634609,0.08891606857343885,-0.026903416342299244,0.19799803006043104,0.5472013929105755,0.3714285714285714,0.5121227214741285,0.4402957241805238,0.07791284486455342,0.09966846355932897,-0.07791284486455342,0.22637,0.20553096793149828,0.5450201944823212,0.9773647808980811,0.9705641365444572,0.39309326905152076,0.448706828184964,-0.3805237540531198,0.7148227786913125,0.7530476997867,0.7873211693966411,0.6573881677350809,0.6207659975005254,0.39351517259215163,0.4492130002252109,-0.38052375405311967,0.7147709012439706,0.661588281718304,0.6975948579722165,0.6581297466217731,0.6214322601737089
Hyb-Adam-UM,85,24,78,HybAdamUM_completed_p85_rep24_seed78.csv,hyb_adam_um_outputs/completed_matrices/HybAdamUM_completed_p85_rep24_seed78.csv,True,,15,105,27,15,12,0.17346043449914927,scipy.optimize.nnls,3.17394,1.7828995578314832,1.3910404421685167,0.4382692937385448,0.8476190476190476,105,89,16,89.0,missing_p85_rep24_seed78.csv,60.52326000199992,0.0502819944461336,0.0297136405614168,0.6348361300633303,0.7254681647940076,57.96066322765024,3.560179144657877,93.8575941916422,3.560179144657877,0.0016191680952037,0.0078245695486986,0.0761610443141982,0.0,0.0,method_specific,hyb_adam_um_outputs/tables/hyb_adam_um_all_masks_detailed.csv,0.07093296167167942,0.09396381441750394,-0.05152001637661173,0.22637,0.4660644720669487,0.5720655922665819,0.6427891255377992,0.6034108915528789,0.06609811625349092,0.0904544842824575,-0.03115481472236908,0.21304115276432822,0.6786273757212361,0.6,0.5209834105745521,0.4485018948455254,0.07697651844441504,0.09817422923679783,-0.07697651844441504,0.22637,0.42741288273802086,0.3821018506402369,0.9627120818486801,0.9589002723245689,0.39572897412864655,0.45077015547001975,-0.3844631782343562,0.7233178163026697,0.9019370145071863,0.8843251088534106,0.6604110924114165,0.6249282567405958,0.3966396050705308,0.45134241743041803,-0.38446317823435616,0.7254343651970038,0.6951876608859183,0.7644204851752021,0.6612494978422686,0.6263663091558854
Hyb-Adam-UM,85,25,79,HybAdamUM_completed_p85_rep25_seed79.csv,hyb_adam_um_outputs/completed_matrices/HybAdamUM_completed_p85_rep25_seed79.csv,True,,15,105,27,15,12,0.22575044846512196,scipy.optimize.nnls,3.17394,1.975385018535682,1.198554981464318,0.3776237047531831,0.8476190476190476,105,89,16,89.0,missing_p85_rep25_seed79.csv,60.507891670999925,0.0761661454866495,0.0542867647838059,0.0163982523122553,0.0233401430030643,130.57087643562224,1.8208299526318683,98.6054853866822,1.8208299526318683,0.0008568354282817,0.0040018240717183,0.0389520597352809,0.0,0.0,method_specific,hyb_adam_um_outputs/tables/hyb_adam_um_all_masks_detailed.csv,0.07038094396727491,0.09444612065008491,-0.044390925239419184,0.22647777117417195,0.4103485025368282,0.48890950667259125,0.6460884935275304,0.5987150000051743,0.06532388582496604,0.09100347826592081,-0.020179507967036023,0.22647777117417195,0.3034436000256024,0.2928571428571428,0.5241454070212567,0.44324843477854303,0.07670226664516099,0.09858050272515093,-0.07465519682989814,0.2169374330330674,-0.06386918002020912,0.10401148749662617,0.9666960641912247,0.9554839041865357,0.37567388346803904,0.43618661908899575,-0.358971111532446,0.7193141466022382,0.5008538276560276,0.4283433547584491,0.6390451499776916,0.5932576092402343,0.3779610273582326,0.4373581528324312,-0.358971111532446,0.7114571026626684,0.23581382562173347,0.025202156334231805,0.6407615321957918,0.5968694267660062
Hyb-Adam-UM,85,26,80,HybAdamUM_completed_p85_rep26_seed80.csv,hyb_adam_um_outputs/completed_matrices/HybAdamUM_completed_p85_rep26_seed80.csv,True,,15,105,27,15,12,0.0778449297490737,scipy.optimize.nnls,3.17394,1.5634207208128368,1.6105192791871632,0.5074195728927337,0.8476190476190476,105,89,16,89.0,missing_p85_rep26_seed80.csv,61.18831010899976,0.0281672181045166,0.0173825835595084,0.8394749974976911,0.6225059584610148,139.34546129097126,4.048768380633738,97.09443828085698,4.048768380633738,0.0018739708607616,0.0088983920453488,0.0866131774627321,0.0,0.0,method_specific,hyb_adam_um_outputs/tables/hyb_adam_um_all_masks_detailed.csv,0.06517036952995284,0.09037760822719385,-0.059648862192117146,0.22637,0.6242097324064644,0.5893076122703109,0.6182565503613039,0.5543898048824889,0.05815800708756506,0.08379899091413245,-0.048219293879460785,0.19477370127374058,0.7877935378901165,0.7714285714285712,0.4826503012589451,0.39462510972594955,0.07393582258293761,0.09798170011369337,-0.07393582258293761,0.22637,-0.057737781390539,0.17935392989235605,0.9608241106941183,0.9210221745806141,0.40025560821362693,0.4544375823854271,-0.3991232957119821,0.7215398596343702,0.8522002733244483,0.8408874144723202,0.6657841398196189,0.6320766379119723,0.40026164584888185,0.4547035650945606,-0.3991232957119821,0.7153162035332064,0.832725060967181,0.7069458843043749,0.6661738238512032,0.6320861724396954
Hyb-Adam-UM,85,27,81,HybAdamUM_completed_p85_rep27_seed81.csv,hyb_adam_um_outputs/completed_matrices/HybAdamUM_completed_p85_rep27_seed81.csv,True,,15,105,27,15,12,0.22405168473483375,scipy.optimize.nnls,3.17394,1.8840279052186857,1.2899120947813143,0.40640720832193244,0.8476190476190476,105,89,16,89.0,missing_p85_rep27_seed81.csv,60.72463278600026,0.0688883931789627,0.0459408254829421,0.0985838691265873,-0.183043922369765,115.2868753225496,1.6668774054928508,98.5541481622871,1.6668774054928508,0.0007831893114464,0.003663466825259,0.0356586336776253,0.0,0.0,method_specific,hyb_adam_um_outputs/tables/hyb_adam_um_all_masks_detailed.csv,0.07361477544392268,0.09525217714548231,-0.04777452202893756,0.22602419603172264,0.4099463968073966,0.37932110645036055,0.6516025773588701,0.6262244834451541,0.07371883512274648,0.09807156565109344,-0.027206378975773236,0.22602419603172264,-0.07206672765984407,-0.23928571428571427,0.5648549008774982,0.5002114903177814,0.07348470084539296,0.09160599777348838,-0.07348470084539296,0.18491321724936002,0.6913979766416973,0.7949864493893076,0.8983029610920026,0.9154025289312013,0.3840095131374003,0.44357936283502253,-0.36881589752796806,0.718477247388301,0.5420881613525588,0.5503110097449719,0.6498760577340856,0.6064210894468053,0.3863404845242177,0.4443586743530105,-0.36881589752796806,0.7234230819301097,0.30439947807233864,-0.018370308936346672,0.6510178058393624,0.6101021185867198
Hyb-Adam-UM,85,28,82,HybAdamUM_completed_p85_rep28_seed82.csv,hyb_adam_um_outputs/completed_matrices/HybAdamUM_completed_p85_rep28_seed82.csv,True,,15,105,27,15,12,0.20663291254853627,scipy.optimize.nnls,3.17394,1.8418739577604142,1.3320660422395858,0.4196884762281536,0.8476190476190476,105,89,16,89.0,missing_p85_rep28_seed82.csv,60.2494969899999,0.0661500412181824,0.0444842144462587,0.2836042041644565,-0.0206162751106571,81.74962787540349,2.639114267497331,96.7717109715537,2.639114267497331,0.001211452828143,0.0058002511373567,0.0564571867060954,0.0,0.0,method_specific,hyb_adam_um_outputs/tables/hyb_adam_um_all_masks_detailed.csv,0.0708076937528088,0.09602788281307865,-0.049335779342206884,0.225694618985611,0.40040718899074157,0.4623414201210927,0.65690903677455,0.6023452652935587,0.0668842131487672,0.09376415254997805,-0.031580584209245935,0.225694618985611,0.28201342974567023,0.43214285714285705,0.5400458404315274,0.4538358735887544,0.07571204450786083,0.09878462302021446,-0.07152977325840806,0.22369842491216752,-0.2797609420002471,0.1377716189242871,0.9686977002186815,0.9431486583699223,0.38137064925040925,0.44252393712569504,-0.3694103250485646,0.7211801285912103,0.6082390349862845,0.5472216462782501,0.6483297822382528,0.6022538418695862,0.3838614466241381,0.4435374792180967,-0.3694103250485646,0.7200440187494608,0.38256837820646306,0.10491395397055772,0.6498146951862939,0.6061872654054439
Hyb-Adam-UM,85,29,83,HybAdamUM_completed_p85_rep29_seed83.csv,hyb_adam_um_outputs/completed_matrices/HybAdamUM_completed_p85_rep29_seed83.csv,True,,15,105,27,15,12,0.19020962402543648,scipy.optimize.nnls,3.17394,1.7393112199974916,1.4346287800025084,0.4520024890207466,0.8476190476190476,105,89,16,89.0,missing_p85_rep29_seed83.csv,60.17997250999997,0.0486582613510674,0.0305684830496078,0.5794072890607441,0.6249063670411986,99.03643029198524,3.4768508316765785,96.48932133213414,3.4768508316765785,0.0015805839318168,0.0076414303992891,0.0743784454393301,0.0,0.0,method_specific,hyb_adam_um_outputs/tables/hyb_adam_um_all_masks_detailed.csv,0.06484528415750031,0.09172934391326254,-0.053134399259352164,0.22469952876215324,0.5230678556882064,0.5401336143629729,0.627503524901372,0.5516243760917057,0.05646689394931088,0.085314283495553,-0.035387301132644225,0.2121630274036116,0.7203668905026778,0.7321428571428571,0.49137780994299934,0.38315023737109477,0.07531827191773709,0.09916629716166227,-0.07531827191773709,0.22469952876215324,-0.1886815051909059,-0.10823759170089164,0.9724404574591254,0.938243413867649,0.3891522554992312,0.4498786190159753,-0.38469642725047526,0.7327097606922182,0.7713916637359068,0.6940493468795356,0.6591049266051949,0.6145424180053765,0.39167547972294603,0.4507383477498074,-0.38469642725047526,0.7250547092890827,0.6239268094997208,0.6844909807173958,0.6603644917858036,0.6185270494541193
Hyb-Adam-UM,85,30,84,HybAdamUM_completed_p85_rep30_seed84.csv,hyb_adam_um_outputs/completed_matrices/HybAdamUM_completed_p85_rep30_seed84.csv,True,,15,105,27,15,12,0.13474250073989935,scipy.optimize.nnls,3.17394,2.0361063589373085,1.1378336410626915,0.3584924860150764,0.8476190476190476,105,89,16,89.0,missing_p85_rep30_seed84.csv,60.3949199409999,0.0766830799901848,0.0544628699339569,0.1306807881037404,0.089632277834525,28.07307671301155,0.8880127726921428,96.83678144091505,0.8880127726921428,0.0004195763285034,0.0019516764234992,0.0189967912805914,0.0,0.0,method_specific,hyb_adam_um_outputs/tables/hyb_adam_um_all_masks_detailed.csv,0.07244440549074573,0.09527074763562082,-0.04214198670602561,0.22637,0.40421012197417083,0.4969770469539946,0.6517296146571209,0.6162684071690501,0.06727428679093825,0.09029424010855436,-0.012729932978442025,0.20322695574912159,0.35717238973398874,0.3428571428571428,0.5200604651074808,0.4564826777271971,0.0789070538655051,0.10114765100033839,-0.0789070538655051,0.22637,-0.10522306336854541,0.18357897080143912,0.9918699278378529,0.9829490469174629,0.37883793869870647,0.43877766858774664,-0.3590862212262895,0.718190581240929,0.2947321547779036,0.33362015343147416,0.6428412261136058,0.5982542297780298,0.38019054299456034,0.4393545838347091,-0.3590862212262896,0.7144393954842525,0.12987457938625505,0.06878498859630934,0.6436864489480191,0.6003902387637985
