method,pct_missing,replicate,mask_seed,file,edge_id,edge_type,edge_descendant_count,branch_length_ref_ML,branch_length_hat_from_completed_matrix,branch_length_error,branch_length_abs_error
Hyb-Adam-UM,30,1,55,HybAdamUM_completed_p30_rep01_seed55.csv,terminal:T1,terminal,1,0.05696,0.04238820238641575,-0.014571797613584243,0.014571797613584243
Hyb-Adam-UM,30,1,55,HybAdamUM_completed_p30_rep01_seed55.csv,internal:T2|T3,internal,2,0.03472,0.02294502824100794,-0.011774971758992062,0.011774971758992062
Hyb-Adam-UM,30,1,55,HybAdamUM_completed_p30_rep01_seed55.csv,terminal:T2,terminal,1,0.02433,0.020746266567050375,-0.003583733432949626,0.003583733432949626
Hyb-Adam-UM,30,1,55,HybAdamUM_completed_p30_rep01_seed55.csv,terminal:T3,terminal,1,0.02231,0.02028588233311881,-0.0020241176668811915,0.0020241176668811915
Hyb-Adam-UM,30,1,55,HybAdamUM_completed_p30_rep01_seed55.csv,internal:T1|T2|T3,internal,3,0.01863,0.00840091711678406,-0.01022908288321594,0.01022908288321594
Hyb-Adam-UM,30,1,55,HybAdamUM_completed_p30_rep01_seed55.csv,terminal:T4,terminal,1,0.07771,0.054184398453611594,-0.023525601546388407,0.023525601546388407
Hyb-Adam-UM,30,1,55,HybAdamUM_completed_p30_rep01_seed55.csv,internal:T1|T2|T3|T4,internal,4,0.04682,0.021833312399833455,-0.024986687600166545,0.024986687600166545
Hyb-Adam-UM,30,1,55,HybAdamUM_completed_p30_rep01_seed55.csv,terminal:T5,terminal,1,0.12997,0.07739117366580141,-0.052578826334198595,0.052578826334198595
Hyb-Adam-UM,30,1,55,HybAdamUM_completed_p30_rep01_seed55.csv,internal:T1|T2|T3|T4|T5,internal,5,0.03057,0.005224576583680397,-0.025345423416319603,0.025345423416319603
Hyb-Adam-UM,30,1,55,HybAdamUM_completed_p30_rep01_seed55.csv,terminal:T6,terminal,1,0.14605,0.08385816908387095,-0.062191830916129065,0.062191830916129065
Hyb-Adam-UM,30,1,55,HybAdamUM_completed_p30_rep01_seed55.csv,internal:T1|T2|T3|T4|T5|T6,internal,6,0.0721,0.02200184425939163,-0.05009815574060837,0.05009815574060837
Hyb-Adam-UM,30,1,55,HybAdamUM_completed_p30_rep01_seed55.csv,internal:T10|T7|T8|T9,internal,4,0.08603,0.015918296424639333,-0.07011170357536066,0.07011170357536066
Hyb-Adam-UM,30,1,55,HybAdamUM_completed_p30_rep01_seed55.csv,internal:T7|T8|T9,internal,3,0.05128,0.014996068581524778,-0.03628393141847522,0.03628393141847522
Hyb-Adam-UM,30,1,55,HybAdamUM_completed_p30_rep01_seed55.csv,internal:T7|T8,internal,2,0.02354,0.003917678521325023,-0.019622321478674976,0.019622321478674976
Hyb-Adam-UM,30,1,55,HybAdamUM_completed_p30_rep01_seed55.csv,terminal:T7,terminal,1,0.11573,0.0714926860985436,-0.044237313901456396,0.044237313901456396
Hyb-Adam-UM,30,1,55,HybAdamUM_completed_p30_rep01_seed55.csv,terminal:T8,terminal,1,0.11535,0.07550900573678433,-0.03984099426321566,0.03984099426321566
Hyb-Adam-UM,30,1,55,HybAdamUM_completed_p30_rep01_seed55.csv,terminal:T9,terminal,1,0.12153,0.07658881024198222,-0.04494118975801778,0.04494118975801778
Hyb-Adam-UM,30,1,55,HybAdamUM_completed_p30_rep01_seed55.csv,terminal:T10,terminal,1,0.18189,0.09646169451618547,-0.08542830548381453,0.08542830548381453
Hyb-Adam-UM,30,1,55,HybAdamUM_completed_p30_rep01_seed55.csv,internal:T11|T12|T13|T14|T15,internal,5,0.11651,0.022208697021186094,-0.09430130297881391,0.09430130297881391
Hyb-Adam-UM,30,1,55,HybAdamUM_completed_p30_rep01_seed55.csv,internal:T11|T12,internal,2,0.22637,0.003131235652724955,-0.22323876434727502,0.22323876434727502
Hyb-Adam-UM,30,1,55,HybAdamUM_completed_p30_rep01_seed55.csv,terminal:T11,terminal,1,0.16094,0.12809469972861684,-0.03284530027138316,0.03284530027138316
Hyb-Adam-UM,30,1,55,HybAdamUM_completed_p30_rep01_seed55.csv,terminal:T12,terminal,1,0.14942,0.12492056549625556,-0.024499434503744436,0.024499434503744436
Hyb-Adam-UM,30,1,55,HybAdamUM_completed_p30_rep01_seed55.csv,internal:T13|T14|T15,internal,3,0.18561,0.009378081341598444,-0.17623191865840154,0.17623191865840154
Hyb-Adam-UM,30,1,55,HybAdamUM_completed_p30_rep01_seed55.csv,terminal:T13,terminal,1,0.32149,0.13572100047662788,-0.1857689995233721,0.1857689995233721
Hyb-Adam-UM,30,1,55,HybAdamUM_completed_p30_rep01_seed55.csv,internal:T14|T15,internal,2,0.07113,0.02048243411332519,-0.05064756588667481,0.05064756588667481
Hyb-Adam-UM,30,1,55,HybAdamUM_completed_p30_rep01_seed55.csv,terminal:T14,terminal,1,0.34439,0.12139865481750628,-0.2229913451824937,0.2229913451824937
Hyb-Adam-UM,30,1,55,HybAdamUM_completed_p30_rep01_seed55.csv,terminal:T15,terminal,1,0.24256,0.1144731369646361,-0.1280868630353639,0.1280868630353639
Hyb-Adam-UM,30,2,56,HybAdamUM_completed_p30_rep02_seed56.csv,terminal:T1,terminal,1,0.05696,0.06096757843353616,0.004007578433536163,0.004007578433536163
Hyb-Adam-UM,30,2,56,HybAdamUM_completed_p30_rep02_seed56.csv,internal:T2|T3,internal,2,0.03472,0.0,-0.03472,0.03472
Hyb-Adam-UM,30,2,56,HybAdamUM_completed_p30_rep02_seed56.csv,terminal:T2,terminal,1,0.02433,0.0750039169000225,0.0506739169000225,0.0506739169000225
Hyb-Adam-UM,30,2,56,HybAdamUM_completed_p30_rep02_seed56.csv,terminal:T3,terminal,1,0.02231,0.0625728299290326,0.0402628299290326,0.0402628299290326
Hyb-Adam-UM,30,2,56,HybAdamUM_completed_p30_rep02_seed56.csv,internal:T1|T2|T3,internal,3,0.01863,0.0,-0.01863,0.01863
Hyb-Adam-UM,30,2,56,HybAdamUM_completed_p30_rep02_seed56.csv,terminal:T4,terminal,1,0.07771,0.06525168897107392,-0.012458311028926083,0.012458311028926083
Hyb-Adam-UM,30,2,56,HybAdamUM_completed_p30_rep02_seed56.csv,internal:T1|T2|T3|T4,internal,4,0.04682,0.009175485372585534,-0.037644514627414465,0.037644514627414465
Hyb-Adam-UM,30,2,56,HybAdamUM_completed_p30_rep02_seed56.csv,terminal:T5,terminal,1,0.12997,0.07916351060850409,-0.050806489391495915,0.050806489391495915
Hyb-Adam-UM,30,2,56,HybAdamUM_completed_p30_rep02_seed56.csv,internal:T1|T2|T3|T4|T5,internal,5,0.03057,0.005623840393071379,-0.02494615960692862,0.02494615960692862
Hyb-Adam-UM,30,2,56,HybAdamUM_completed_p30_rep02_seed56.csv,terminal:T6,terminal,1,0.14605,0.08354147987134224,-0.06250852012865778,0.06250852012865778
Hyb-Adam-UM,30,2,56,HybAdamUM_completed_p30_rep02_seed56.csv,internal:T1|T2|T3|T4|T5|T6,internal,6,0.0721,0.019983262198902986,-0.05211673780109701,0.05211673780109701
Hyb-Adam-UM,30,2,56,HybAdamUM_completed_p30_rep02_seed56.csv,internal:T10|T7|T8|T9,internal,4,0.08603,0.016177360824405542,-0.06985263917559445,0.06985263917559445
Hyb-Adam-UM,30,2,56,HybAdamUM_completed_p30_rep02_seed56.csv,internal:T7|T8|T9,internal,3,0.05128,0.01445286678209239,-0.03682713321790761,0.03682713321790761
Hyb-Adam-UM,30,2,56,HybAdamUM_completed_p30_rep02_seed56.csv,internal:T7|T8,internal,2,0.02354,0.0049999504946586565,-0.01854004950534134,0.01854004950534134
Hyb-Adam-UM,30,2,56,HybAdamUM_completed_p30_rep02_seed56.csv,terminal:T7,terminal,1,0.11573,0.07079150459658437,-0.04493849540341563,0.04493849540341563
Hyb-Adam-UM,30,2,56,HybAdamUM_completed_p30_rep02_seed56.csv,terminal:T8,terminal,1,0.11535,0.07621018723874357,-0.03913981276125643,0.03913981276125643
Hyb-Adam-UM,30,2,56,HybAdamUM_completed_p30_rep02_seed56.csv,terminal:T9,terminal,1,0.12153,0.07760830038259738,-0.043921699617402624,0.043921699617402624
Hyb-Adam-UM,30,2,56,HybAdamUM_completed_p30_rep02_seed56.csv,terminal:T10,terminal,1,0.18189,0.09603205178377178,-0.08585794821622822,0.08585794821622822
Hyb-Adam-UM,30,2,56,HybAdamUM_completed_p30_rep02_seed56.csv,internal:T11|T12|T13|T14|T15,internal,5,0.11651,0.022800900436216413,-0.0937090995637836,0.0937090995637836
Hyb-Adam-UM,30,2,56,HybAdamUM_completed_p30_rep02_seed56.csv,internal:T11|T12,internal,2,0.22637,0.04342993198009241,-0.1829400680199076,0.1829400680199076
Hyb-Adam-UM,30,2,56,HybAdamUM_completed_p30_rep02_seed56.csv,terminal:T11,terminal,1,0.16094,0.08950292515665614,-0.07143707484334386,0.07143707484334386
Hyb-Adam-UM,30,2,56,HybAdamUM_completed_p30_rep02_seed56.csv,terminal:T12,terminal,1,0.14942,0.08348617549486914,-0.06593382450513086,0.06593382450513086
Hyb-Adam-UM,30,2,56,HybAdamUM_completed_p30_rep02_seed56.csv,internal:T13|T14|T15,internal,3,0.18561,0.022484737805709337,-0.16312526219429066,0.16312526219429066
Hyb-Adam-UM,30,2,56,HybAdamUM_completed_p30_rep02_seed56.csv,terminal:T13,terminal,1,0.32149,0.12181507316482058,-0.1996749268351794,0.1996749268351794
Hyb-Adam-UM,30,2,56,HybAdamUM_completed_p30_rep02_seed56.csv,internal:T14|T15,internal,2,0.07113,0.006847909089421255,-0.06428209091057874,0.06428209091057874
Hyb-Adam-UM,30,2,56,HybAdamUM_completed_p30_rep02_seed56.csv,terminal:T14,terminal,1,0.34439,0.12247873633404134,-0.22191126366595865,0.22191126366595865
Hyb-Adam-UM,30,2,56,HybAdamUM_completed_p30_rep02_seed56.csv,terminal:T15,terminal,1,0.24256,0.11339305544810108,-0.12916694455189892,0.12916694455189892
Hyb-Adam-UM,30,3,57,HybAdamUM_completed_p30_rep03_seed57.csv,terminal:T1,terminal,1,0.05696,0.04272410729737329,-0.014235892702626707,0.014235892702626707
Hyb-Adam-UM,30,3,57,HybAdamUM_completed_p30_rep03_seed57.csv,internal:T2|T3,internal,2,0.03472,0.022242869322825112,-0.012477130677174889,0.012477130677174889
Hyb-Adam-UM,30,3,57,HybAdamUM_completed_p30_rep03_seed57.csv,terminal:T2,terminal,1,0.02433,0.020829746384327077,-0.003500253615672924,0.003500253615672924
Hyb-Adam-UM,30,3,57,HybAdamUM_completed_p30_rep03_seed57.csv,terminal:T3,terminal,1,0.02231,0.02020240251584208,-0.0021075974841579213,0.0021075974841579213
Hyb-Adam-UM,30,3,57,HybAdamUM_completed_p30_rep03_seed57.csv,internal:T1|T2|T3,internal,3,0.01863,0.009141771093730613,-0.009488228906269387,0.009488228906269387
Hyb-Adam-UM,30,3,57,HybAdamUM_completed_p30_rep03_seed57.csv,terminal:T4,terminal,1,0.07771,0.054076187561605794,-0.023633812438394207,0.023633812438394207
Hyb-Adam-UM,30,3,57,HybAdamUM_completed_p30_rep03_seed57.csv,internal:T1|T2|T3|T4,internal,4,0.04682,0.0191595667415202,-0.0276604332584798,0.0276604332584798
Hyb-Adam-UM,30,3,57,HybAdamUM_completed_p30_rep03_seed57.csv,terminal:T5,terminal,1,0.12997,0.0758084147196319,-0.0541615852803681,0.0541615852803681
Hyb-Adam-UM,30,3,57,HybAdamUM_completed_p30_rep03_seed57.csv,internal:T1|T2|T3|T4|T5,internal,5,0.03057,0.008456499521623443,-0.022113500478376555,0.022113500478376555
Hyb-Adam-UM,30,3,57,HybAdamUM_completed_p30_rep03_seed57.csv,terminal:T6,terminal,1,0.14605,0.08420307853495183,-0.06184692146504818,0.06184692146504818
Hyb-Adam-UM,30,3,57,HybAdamUM_completed_p30_rep03_seed57.csv,internal:T1|T2|T3|T4|T5|T6,internal,6,0.0721,0.02092303822083366,-0.051176961779166336,0.051176961779166336
Hyb-Adam-UM,30,3,57,HybAdamUM_completed_p30_rep03_seed57.csv,internal:T10|T7|T8|T9,internal,4,0.08603,0.0013441779907107222,-0.08468582200928927,0.08468582200928927
Hyb-Adam-UM,30,3,57,HybAdamUM_completed_p30_rep03_seed57.csv,internal:T7|T8|T9,internal,3,0.05128,0.0009328784678143544,-0.050347121532185644,0.050347121532185644
Hyb-Adam-UM,30,3,57,HybAdamUM_completed_p30_rep03_seed57.csv,internal:T7|T8,internal,2,0.02354,0.03271355518166096,0.009173555181660964,0.009173555181660964
Hyb-Adam-UM,30,3,57,HybAdamUM_completed_p30_rep03_seed57.csv,terminal:T7,terminal,1,0.11573,0.07097557927236196,-0.044754420727638036,0.044754420727638036
Hyb-Adam-UM,30,3,57,HybAdamUM_completed_p30_rep03_seed57.csv,terminal:T8,terminal,1,0.11535,0.076026112562966,-0.039323887437033994,0.039323887437033994
Hyb-Adam-UM,30,3,57,HybAdamUM_completed_p30_rep03_seed57.csv,terminal:T9,terminal,1,0.12153,0.10512741358892476,-0.01640258641107524,0.01640258641107524
Hyb-Adam-UM,30,3,57,HybAdamUM_completed_p30_rep03_seed57.csv,terminal:T10,terminal,1,0.18189,0.1099993360530025,-0.0718906639469975,0.0718906639469975
Hyb-Adam-UM,30,3,57,HybAdamUM_completed_p30_rep03_seed57.csv,internal:T11|T12|T13|T14|T15,internal,5,0.11651,0.02396173616724498,-0.09254826383275502,0.09254826383275502
Hyb-Adam-UM,30,3,57,HybAdamUM_completed_p30_rep03_seed57.csv,internal:T11|T12,internal,2,0.22637,0.0,-0.22637,0.22637
Hyb-Adam-UM,30,3,57,HybAdamUM_completed_p30_rep03_seed57.csv,terminal:T11,terminal,1,0.16094,0.1303127308635732,-0.0306272691364268,0.0306272691364268
Hyb-Adam-UM,30,3,57,HybAdamUM_completed_p30_rep03_seed57.csv,terminal:T12,terminal,1,0.14942,0.12748501789720587,-0.021934982102794126,0.021934982102794126
Hyb-Adam-UM,30,3,57,HybAdamUM_completed_p30_rep03_seed57.csv,internal:T13|T14|T15,internal,3,0.18561,0.015570110516224884,-0.1700398894837751,0.1700398894837751
Hyb-Adam-UM,30,3,57,HybAdamUM_completed_p30_rep03_seed57.csv,terminal:T13,terminal,1,0.32149,0.1272451355906831,-0.1942448644093169,0.1942448644093169
Hyb-Adam-UM,30,3,57,HybAdamUM_completed_p30_rep03_seed57.csv,internal:T14|T15,internal,2,0.07113,0.01425213589752282,-0.05687786410247718,0.05687786410247718
Hyb-Adam-UM,30,3,57,HybAdamUM_completed_p30_rep03_seed57.csv,terminal:T14,terminal,1,0.34439,0.12301938348903958,-0.2213706165109604,0.2213706165109604
Hyb-Adam-UM,30,3,57,HybAdamUM_completed_p30_rep03_seed57.csv,terminal:T15,terminal,1,0.24256,0.11285240829310281,-0.1297075917068972,0.1297075917068972
Hyb-Adam-UM,30,4,58,HybAdamUM_completed_p30_rep04_seed58.csv,terminal:T1,terminal,1,0.05696,0.04230826370831628,-0.014651736291683717,0.014651736291683717
Hyb-Adam-UM,30,4,58,HybAdamUM_completed_p30_rep04_seed58.csv,internal:T2|T3,internal,2,0.03472,0.02302496691910728,-0.01169503308089272,0.01169503308089272
Hyb-Adam-UM,30,4,58,HybAdamUM_completed_p30_rep04_seed58.csv,terminal:T2,terminal,1,0.02433,0.0208862432814193,-0.003443756718580701,0.003443756718580701
Hyb-Adam-UM,30,4,58,HybAdamUM_completed_p30_rep04_seed58.csv,terminal:T3,terminal,1,0.02231,0.020145905618749883,-0.0021640943812501166,0.0021640943812501166
Hyb-Adam-UM,30,4,58,HybAdamUM_completed_p30_rep04_seed58.csv,internal:T1|T2|T3,internal,3,0.01863,0.008509278277837514,-0.010120721722162487,0.010120721722162487
Hyb-Adam-UM,30,4,58,HybAdamUM_completed_p30_rep04_seed58.csv,terminal:T4,terminal,1,0.07771,0.05325493940970389,-0.02445506059029611,0.02445506059029611
Hyb-Adam-UM,30,4,58,HybAdamUM_completed_p30_rep04_seed58.csv,internal:T1|T2|T3|T4,internal,4,0.04682,0.02144249524933484,-0.02537750475066516,0.02537750475066516
Hyb-Adam-UM,30,4,58,HybAdamUM_completed_p30_rep04_seed58.csv,terminal:T5,terminal,1,0.12997,0.07809245476465444,-0.05187754523534556,0.05187754523534556
Hyb-Adam-UM,30,4,58,HybAdamUM_completed_p30_rep04_seed58.csv,internal:T1|T2|T3|T4|T5,internal,5,0.03057,0.007056404291771993,-0.023513595708228006,0.023513595708228006
Hyb-Adam-UM,30,4,58,HybAdamUM_completed_p30_rep04_seed58.csv,terminal:T6,terminal,1,0.14605,0.08356918300200869,-0.06248081699799132,0.06248081699799132
Hyb-Adam-UM,30,4,58,HybAdamUM_completed_p30_rep04_seed58.csv,internal:T1|T2|T3|T4|T5|T6,internal,6,0.0721,0.02093899060772709,-0.05116100939227291,0.05116100939227291
Hyb-Adam-UM,30,4,58,HybAdamUM_completed_p30_rep04_seed58.csv,internal:T10|T7|T8|T9,internal,4,0.08603,0.016454383191486534,-0.06957561680851346,0.06957561680851346
Hyb-Adam-UM,30,4,58,HybAdamUM_completed_p30_rep04_seed58.csv,internal:T7|T8|T9,internal,3,0.05128,0.014581424172460524,-0.03669857582753948,0.03669857582753948
Hyb-Adam-UM,30,4,58,HybAdamUM_completed_p30_rep04_seed58.csv,internal:T7|T8,internal,2,0.02354,0.004642386632687866,-0.018897613367312133,0.018897613367312133
Hyb-Adam-UM,30,4,58,HybAdamUM_completed_p30_rep04_seed58.csv,terminal:T7,terminal,1,0.11573,0.07220587459648815,-0.043524125403511846,0.043524125403511846
Hyb-Adam-UM,30,4,58,HybAdamUM_completed_p30_rep04_seed58.csv,terminal:T8,terminal,1,0.11535,0.07479581723883982,-0.04055418276116017,0.04055418276116017
Hyb-Adam-UM,30,4,58,HybAdamUM_completed_p30_rep04_seed58.csv,terminal:T9,terminal,1,0.12153,0.07586410213061937,-0.045665897869380634,0.045665897869380634
Hyb-Adam-UM,30,4,58,HybAdamUM_completed_p30_rep04_seed58.csv,terminal:T10,terminal,1,0.18189,0.09580188423319948,-0.08608811576680052,0.08608811576680052
Hyb-Adam-UM,30,4,58,HybAdamUM_completed_p30_rep04_seed58.csv,internal:T11|T12|T13|T14|T15,internal,5,0.11651,0.021751325906621124,-0.09475867409337888,0.09475867409337888
Hyb-Adam-UM,30,4,58,HybAdamUM_completed_p30_rep04_seed58.csv,internal:T11|T12,internal,2,0.22637,0.002281991042910882,-0.2240880089570891,0.2240880089570891
Hyb-Adam-UM,30,4,58,HybAdamUM_completed_p30_rep04_seed58.csv,terminal:T11,terminal,1,0.16094,0.12823820551534554,-0.03270179448465446,0.03270179448465446
Hyb-Adam-UM,30,4,58,HybAdamUM_completed_p30_rep04_seed58.csv,terminal:T12,terminal,1,0.14942,0.1252274295597488,-0.024192570440251193,0.024192570440251193
Hyb-Adam-UM,30,4,58,HybAdamUM_completed_p30_rep04_seed58.csv,internal:T13|T14|T15,internal,3,0.18561,0.022511948050383337,-0.16309805194961666,0.16309805194961666
Hyb-Adam-UM,30,4,58,HybAdamUM_completed_p30_rep04_seed58.csv,terminal:T13,terminal,1,0.32149,0.1214128829248861,-0.20007711707511389,0.20007711707511389
Hyb-Adam-UM,30,4,58,HybAdamUM_completed_p30_rep04_seed58.csv,internal:T14|T15,internal,2,0.07113,0.007250099329355793,-0.06387990067064421,0.06387990067064421
Hyb-Adam-UM,30,4,58,HybAdamUM_completed_p30_rep04_seed58.csv,terminal:T14,terminal,1,0.34439,0.12125506006197721,-0.22313493993802275,0.22313493993802275
Hyb-Adam-UM,30,4,58,HybAdamUM_completed_p30_rep04_seed58.csv,terminal:T15,terminal,1,0.24256,0.11461673172016515,-0.12794326827983485,0.12794326827983485
Hyb-Adam-UM,30,5,59,HybAdamUM_completed_p30_rep05_seed59.csv,terminal:T1,terminal,1,0.05696,0.041963678250861856,-0.01499632174913814,0.01499632174913814
Hyb-Adam-UM,30,5,59,HybAdamUM_completed_p30_rep05_seed59.csv,internal:T2|T3,internal,2,0.03472,0.02430626349997774,-0.01041373650002226,0.01041373650002226
Hyb-Adam-UM,30,5,59,HybAdamUM_completed_p30_rep05_seed59.csv,terminal:T2,terminal,1,0.02433,0.020662437937350644,-0.003667562062649357,0.003667562062649357
Hyb-Adam-UM,30,5,59,HybAdamUM_completed_p30_rep05_seed59.csv,terminal:T3,terminal,1,0.02231,0.020369710962818526,-0.0019402890371814745,0.0019402890371814745
Hyb-Adam-UM,30,5,59,HybAdamUM_completed_p30_rep05_seed59.csv,internal:T1|T2|T3,internal,3,0.01863,0.0076619600909408276,-0.010968039909059174,0.010968039909059174
Hyb-Adam-UM,30,5,59,HybAdamUM_completed_p30_rep05_seed59.csv,terminal:T4,terminal,1,0.07771,0.054019357440334446,-0.023690642559665555,0.023690642559665555
Hyb-Adam-UM,30,5,59,HybAdamUM_completed_p30_rep05_seed59.csv,internal:T1|T2|T3|T4,internal,4,0.04682,0.019863539852323076,-0.026956460147676924,0.026956460147676924
Hyb-Adam-UM,30,5,59,HybAdamUM_completed_p30_rep05_seed59.csv,terminal:T5,terminal,1,0.12997,0.07740530627972142,-0.05256469372027858,0.05256469372027858
Hyb-Adam-UM,30,5,59,HybAdamUM_completed_p30_rep05_seed59.csv,internal:T1|T2|T3|T4|T5,internal,5,0.03057,0.00800245700184355,-0.02256754299815645,0.02256754299815645
Hyb-Adam-UM,30,5,59,HybAdamUM_completed_p30_rep05_seed59.csv,terminal:T6,terminal,1,0.14605,0.08452508091177291,-0.061524919088227104,0.061524919088227104
Hyb-Adam-UM,30,5,59,HybAdamUM_completed_p30_rep05_seed59.csv,internal:T1|T2|T3|T4|T5|T6,internal,6,0.0721,0.019895931082328573,-0.052204068917671424,0.052204068917671424
Hyb-Adam-UM,30,5,59,HybAdamUM_completed_p30_rep05_seed59.csv,internal:T10|T7|T8|T9,internal,4,0.08603,0.015988916538539472,-0.07004108346146053,0.07004108346146053
Hyb-Adam-UM,30,5,59,HybAdamUM_completed_p30_rep05_seed59.csv,internal:T7|T8|T9,internal,3,0.05128,0.0022769841314110397,-0.04900301586858896,0.04900301586858896
Hyb-Adam-UM,30,5,59,HybAdamUM_completed_p30_rep05_seed59.csv,internal:T7|T8,internal,2,0.02354,0.0,-0.02354,0.02354
Hyb-Adam-UM,30,5,59,HybAdamUM_completed_p30_rep05_seed59.csv,terminal:T7,terminal,1,0.11573,0.08888068987136558,-0.026849310128634424,0.026849310128634424
Hyb-Adam-UM,30,5,59,HybAdamUM_completed_p30_rep05_seed59.csv,terminal:T8,terminal,1,0.11535,0.0917131517995137,-0.023636848200486296,0.023636848200486296
Hyb-Adam-UM,30,5,59,HybAdamUM_completed_p30_rep05_seed59.csv,terminal:T9,terminal,1,0.12153,0.08854312797922427,-0.03298687202077573,0.03298687202077573
Hyb-Adam-UM,30,5,59,HybAdamUM_completed_p30_rep05_seed59.csv,terminal:T10,terminal,1,0.18189,0.09686047805246939,-0.0850295219475306,0.0850295219475306
Hyb-Adam-UM,30,5,59,HybAdamUM_completed_p30_rep05_seed59.csv,internal:T11|T12|T13|T14|T15,internal,5,0.11651,0.023174126991706682,-0.09333587300829332,0.09333587300829332
Hyb-Adam-UM,30,5,59,HybAdamUM_completed_p30_rep05_seed59.csv,internal:T11|T12,internal,2,0.22637,0.04221765262618263,-0.18415234737381736,0.18415234737381736
Hyb-Adam-UM,30,5,59,HybAdamUM_completed_p30_rep05_seed59.csv,terminal:T11,terminal,1,0.16094,0.08781784918566278,-0.07312215081433722,0.07312215081433722
Hyb-Adam-UM,30,5,59,HybAdamUM_completed_p30_rep05_seed59.csv,terminal:T12,terminal,1,0.14942,0.0851712514658625,-0.06424874853413749,0.06424874853413749
Hyb-Adam-UM,30,5,59,HybAdamUM_completed_p30_rep05_seed59.csv,internal:T13|T14|T15,internal,3,0.18561,0.021775516721313653,-0.16383448327868635,0.16383448327868635
Hyb-Adam-UM,30,5,59,HybAdamUM_completed_p30_rep05_seed59.csv,terminal:T13,terminal,1,0.32149,0.12239304891464012,-0.19909695108535988,0.19909695108535988
Hyb-Adam-UM,30,5,59,HybAdamUM_completed_p30_rep05_seed59.csv,internal:T14|T15,internal,2,0.07113,0.0,-0.07113,0.07113
Hyb-Adam-UM,30,5,59,HybAdamUM_completed_p30_rep05_seed59.csv,terminal:T14,terminal,1,0.34439,0.1301320720018893,-0.21425792799811066,0.21425792799811066
Hyb-Adam-UM,30,5,59,HybAdamUM_completed_p30_rep05_seed59.csv,terminal:T15,terminal,1,0.24256,0.1215439703063829,-0.12101602969361709,0.12101602969361709
Hyb-Adam-UM,30,6,60,HybAdamUM_completed_p30_rep06_seed60.csv,terminal:T1,terminal,1,0.05696,0.04248148258351269,-0.014478517416487306,0.014478517416487306
Hyb-Adam-UM,30,6,60,HybAdamUM_completed_p30_rep06_seed60.csv,internal:T2|T3,internal,2,0.03472,0.022851748043910953,-0.011868251956089048,0.011868251956089048
Hyb-Adam-UM,30,6,60,HybAdamUM_completed_p30_rep06_seed60.csv,terminal:T2,terminal,1,0.02433,0.020702940665436674,-0.003627059334563327,0.003627059334563327
Hyb-Adam-UM,30,6,60,HybAdamUM_completed_p30_rep06_seed60.csv,terminal:T3,terminal,1,0.02231,0.020329208234732478,-0.001980791765267522,0.001980791765267522
Hyb-Adam-UM,30,6,60,HybAdamUM_completed_p30_rep06_seed60.csv,internal:T1|T2|T3,internal,3,0.01863,0.008428769312202766,-0.010201230687797234,0.010201230687797234
Hyb-Adam-UM,30,6,60,HybAdamUM_completed_p30_rep06_seed60.csv,terminal:T4,terminal,1,0.07771,0.05314088428520786,-0.024569115714792145,0.024569115714792145
Hyb-Adam-UM,30,6,60,HybAdamUM_completed_p30_rep06_seed60.csv,internal:T1|T2|T3|T4,internal,4,0.04682,0.021342306944330442,-0.02547769305566956,0.02547769305566956
Hyb-Adam-UM,30,6,60,HybAdamUM_completed_p30_rep06_seed60.csv,terminal:T5,terminal,1,0.12997,0.07634693727518026,-0.053623062724819745,0.053623062724819745
Hyb-Adam-UM,30,6,60,HybAdamUM_completed_p30_rep06_seed60.csv,internal:T1|T2|T3|T4|T5,internal,5,0.03057,0.006237622296708447,-0.024332377703291552,0.024332377703291552
Hyb-Adam-UM,30,6,60,HybAdamUM_completed_p30_rep06_seed60.csv,terminal:T6,terminal,1,0.14605,0.08365883394641045,-0.06239116605358956,0.06239116605358956
Hyb-Adam-UM,30,6,60,HybAdamUM_completed_p30_rep06_seed60.csv,internal:T1|T2|T3|T4|T5|T6,internal,6,0.0721,0.022003369016028233,-0.05009663098397177,0.05009663098397177
Hyb-Adam-UM,30,6,60,HybAdamUM_completed_p30_rep06_seed60.csv,internal:T10|T7|T8|T9,internal,4,0.08603,0.015903391936075057,-0.07012660806392494,0.07012660806392494
Hyb-Adam-UM,30,6,60,HybAdamUM_completed_p30_rep06_seed60.csv,internal:T7|T8|T9,internal,3,0.05128,0.015351331238932772,-0.03592866876106723,0.03592866876106723
Hyb-Adam-UM,30,6,60,HybAdamUM_completed_p30_rep06_seed60.csv,internal:T7|T8,internal,2,0.02354,0.003575306433720904,-0.019964693566279095,0.019964693566279095
Hyb-Adam-UM,30,6,60,HybAdamUM_completed_p30_rep06_seed60.csv,terminal:T7,terminal,1,0.11573,0.07144699729236882,-0.04428300270763118,0.04428300270763118
Hyb-Adam-UM,30,6,60,HybAdamUM_completed_p30_rep06_seed60.csv,terminal:T8,terminal,1,0.11535,0.07555469454295917,-0.039795305457040825,0.039795305457040825
Hyb-Adam-UM,30,6,60,HybAdamUM_completed_p30_rep06_seed60.csv,terminal:T9,terminal,1,0.12153,0.07742708273004811,-0.044102917269951886,0.044102917269951886
Hyb-Adam-UM,30,6,60,HybAdamUM_completed_p30_rep06_seed60.csv,terminal:T10,terminal,1,0.18189,0.09605525575449156,-0.08583474424550844,0.08583474424550844
Hyb-Adam-UM,30,6,60,HybAdamUM_completed_p30_rep06_seed60.csv,internal:T11|T12|T13|T14|T15,internal,5,0.11651,0.022563023243694306,-0.0939469767563057,0.0939469767563057
Hyb-Adam-UM,30,6,60,HybAdamUM_completed_p30_rep06_seed60.csv,internal:T11|T12,internal,2,0.22637,0.04197828059897172,-0.18439171940102828,0.18439171940102828
Hyb-Adam-UM,30,6,60,HybAdamUM_completed_p30_rep06_seed60.csv,terminal:T11,terminal,1,0.16094,0.08720966004561281,-0.07373033995438719,0.07373033995438719
Hyb-Adam-UM,30,6,60,HybAdamUM_completed_p30_rep06_seed60.csv,terminal:T12,terminal,1,0.14942,0.08577944060591254,-0.06364055939408746,0.06364055939408746
Hyb-Adam-UM,30,6,60,HybAdamUM_completed_p30_rep06_seed60.csv,internal:T13|T14|T15,internal,3,0.18561,0.02318962500510041,-0.16242037499489959,0.16242037499489959
Hyb-Adam-UM,30,6,60,HybAdamUM_completed_p30_rep06_seed60.csv,terminal:T13,terminal,1,0.32149,0.12131113326745113,-0.20017886673254887,0.20017886673254887
Hyb-Adam-UM,30,6,60,HybAdamUM_completed_p30_rep06_seed60.csv,internal:T14|T15,internal,2,0.07113,0.0073518489867907474,-0.06377815101320924,0.06377815101320924
Hyb-Adam-UM,30,6,60,HybAdamUM_completed_p30_rep06_seed60.csv,terminal:T14,terminal,1,0.34439,0.12294436020919049,-0.2214456397908095,0.2214456397908095
Hyb-Adam-UM,30,6,60,HybAdamUM_completed_p30_rep06_seed60.csv,terminal:T15,terminal,1,0.24256,0.11292743157295189,-0.12963256842704812,0.12963256842704812
Hyb-Adam-UM,30,7,61,HybAdamUM_completed_p30_rep07_seed61.csv,terminal:T1,terminal,1,0.05696,0.05575174316861111,-0.0012082568313888861,0.0012082568313888861
Hyb-Adam-UM,30,7,61,HybAdamUM_completed_p30_rep07_seed61.csv,internal:T2|T3,internal,2,0.03472,0.0018000065976324436,-0.03291999340236756,0.03291999340236756
Hyb-Adam-UM,30,7,61,HybAdamUM_completed_p30_rep07_seed61.csv,terminal:T2,terminal,1,0.02433,0.05489891194626247,0.030568911946262472,0.030568911946262472
Hyb-Adam-UM,30,7,61,HybAdamUM_completed_p30_rep07_seed61.csv,terminal:T3,terminal,1,0.02231,0.053939357072032984,0.03162935707203299,0.03162935707203299
Hyb-Adam-UM,30,7,61,HybAdamUM_completed_p30_rep07_seed61.csv,internal:T1|T2|T3,internal,3,0.01863,0.0,-0.01863,0.01863
Hyb-Adam-UM,30,7,61,HybAdamUM_completed_p30_rep07_seed61.csv,terminal:T4,terminal,1,0.07771,0.0559170148710099,-0.021792985128990104,0.021792985128990104
Hyb-Adam-UM,30,7,61,HybAdamUM_completed_p30_rep07_seed61.csv,internal:T1|T2|T3|T4,internal,4,0.04682,0.01771631904354519,-0.02910368095645481,0.02910368095645481
Hyb-Adam-UM,30,7,61,HybAdamUM_completed_p30_rep07_seed61.csv,terminal:T5,terminal,1,0.12997,0.0773069832286554,-0.052663016771344606,0.052663016771344606
Hyb-Adam-UM,30,7,61,HybAdamUM_completed_p30_rep07_seed61.csv,internal:T1|T2|T3|T4|T5,internal,5,0.03057,0.005676912140940433,-0.024893087859059568,0.024893087859059568
Hyb-Adam-UM,30,7,61,HybAdamUM_completed_p30_rep07_seed61.csv,terminal:T6,terminal,1,0.14605,0.08343056259765426,-0.06261943740234575,0.06261943740234575
Hyb-Adam-UM,30,7,61,HybAdamUM_completed_p30_rep07_seed61.csv,internal:T1|T2|T3|T4|T5|T6,internal,6,0.0721,0.021390717571272203,-0.0507092824287278,0.0507092824287278
Hyb-Adam-UM,30,7,61,HybAdamUM_completed_p30_rep07_seed61.csv,internal:T10|T7|T8|T9,internal,4,0.08603,0.015648464959214854,-0.07038153504078515,0.07038153504078515
Hyb-Adam-UM,30,7,61,HybAdamUM_completed_p30_rep07_seed61.csv,internal:T7|T8|T9,internal,3,0.05128,0.015067893834554494,-0.036212106165445505,0.036212106165445505
Hyb-Adam-UM,30,7,61,HybAdamUM_completed_p30_rep07_seed61.csv,internal:T7|T8,internal,2,0.02354,0.004642923958842589,-0.01889707604115741,0.01889707604115741
Hyb-Adam-UM,30,7,61,HybAdamUM_completed_p30_rep07_seed61.csv,terminal:T7,terminal,1,0.11573,0.07119018787064617,-0.04453981212935383,0.04453981212935383
Hyb-Adam-UM,30,7,61,HybAdamUM_completed_p30_rep07_seed61.csv,terminal:T8,terminal,1,0.11535,0.07581150396468189,-0.0395384960353181,0.0395384960353181
Hyb-Adam-UM,30,7,61,HybAdamUM_completed_p30_rep07_seed61.csv,terminal:T9,terminal,1,0.12153,0.0758635648044646,-0.0456664351955354,0.0456664351955354
Hyb-Adam-UM,30,7,61,HybAdamUM_completed_p30_rep07_seed61.csv,terminal:T10,terminal,1,0.18189,0.09654174163168,-0.08534825836832,0.08534825836832
Hyb-Adam-UM,30,7,61,HybAdamUM_completed_p30_rep07_seed61.csv,internal:T11|T12|T13|T14|T15,internal,5,0.11651,0.02233816973145282,-0.09417183026854718,0.09417183026854718
Hyb-Adam-UM,30,7,61,HybAdamUM_completed_p30_rep07_seed61.csv,internal:T11|T12,internal,2,0.22637,0.04291218601435772,-0.18345781398564226,0.18345781398564226
Hyb-Adam-UM,30,7,61,HybAdamUM_completed_p30_rep07_seed61.csv,terminal:T11,terminal,1,0.16094,0.08821461104795308,-0.07272538895204692,0.07272538895204692
Hyb-Adam-UM,30,7,61,HybAdamUM_completed_p30_rep07_seed61.csv,terminal:T12,terminal,1,0.14942,0.08477448960357228,-0.06464551039642771,0.06464551039642771
Hyb-Adam-UM,30,7,61,HybAdamUM_completed_p30_rep07_seed61.csv,internal:T13|T14|T15,internal,3,0.18561,0.020114891624246768,-0.16549510837575324,0.16549510837575324
Hyb-Adam-UM,30,7,61,HybAdamUM_completed_p30_rep07_seed61.csv,terminal:T13,terminal,1,0.32149,0.12506218463251048,-0.19642781536748952,0.19642781536748952
Hyb-Adam-UM,30,7,61,HybAdamUM_completed_p30_rep07_seed61.csv,internal:T14|T15,internal,2,0.07113,0.010252974409548138,-0.06087702559045186,0.06087702559045186
Hyb-Adam-UM,30,7,61,HybAdamUM_completed_p30_rep07_seed61.csv,terminal:T14,terminal,1,0.34439,0.12127923015986679,-0.22311076984013317,0.22311076984013317
Hyb-Adam-UM,30,7,61,HybAdamUM_completed_p30_rep07_seed61.csv,terminal:T15,terminal,1,0.24256,0.11459256162227567,-0.12796743837772434,0.12796743837772434
Hyb-Adam-UM,30,8,62,HybAdamUM_completed_p30_rep08_seed62.csv,terminal:T1,terminal,1,0.05696,0.041968644972806106,-0.01499135502719389,0.01499135502719389
Hyb-Adam-UM,30,8,62,HybAdamUM_completed_p30_rep08_seed62.csv,internal:T2|T3,internal,2,0.03472,0.02336458565461761,-0.01135541434538239,0.01135541434538239
Hyb-Adam-UM,30,8,62,HybAdamUM_completed_p30_rep08_seed62.csv,terminal:T2,terminal,1,0.02433,0.020915695489441954,-0.003414304510558047,0.003414304510558047
Hyb-Adam-UM,30,8,62,HybAdamUM_completed_p30_rep08_seed62.csv,terminal:T3,terminal,1,0.02231,0.02011645341072721,-0.0021935465892727914,0.0021935465892727914
Hyb-Adam-UM,30,8,62,HybAdamUM_completed_p30_rep08_seed62.csv,internal:T1|T2|T3,internal,3,0.01863,0.008227820424669569,-0.010402179575330432,0.010402179575330432
Hyb-Adam-UM,30,8,62,HybAdamUM_completed_p30_rep08_seed62.csv,terminal:T4,terminal,1,0.07771,0.054079626762864305,-0.023630373237135696,0.023630373237135696
Hyb-Adam-UM,30,8,62,HybAdamUM_completed_p30_rep08_seed62.csv,internal:T1|T2|T3|T4,internal,4,0.04682,0.021845995817919264,-0.024974004182080737,0.024974004182080737
Hyb-Adam-UM,30,8,62,HybAdamUM_completed_p30_rep08_seed62.csv,terminal:T5,terminal,1,0.12997,0.07717920310785724,-0.05279079689214276,0.05279079689214276
Hyb-Adam-UM,30,8,62,HybAdamUM_completed_p30_rep08_seed62.csv,internal:T1|T2|T3|T4|T5,internal,5,0.03057,0.005560958445472503,-0.025009041554527496,0.025009041554527496
Hyb-Adam-UM,30,8,62,HybAdamUM_completed_p30_rep08_seed62.csv,terminal:T6,terminal,1,0.14605,0.08360524835096915,-0.062444751649030864,0.062444751649030864
Hyb-Adam-UM,30,8,62,HybAdamUM_completed_p30_rep08_seed62.csv,internal:T1|T2|T3|T4|T5|T6,internal,6,0.0721,0.02110045521138949,-0.050999544788610504,0.050999544788610504
Hyb-Adam-UM,30,8,62,HybAdamUM_completed_p30_rep08_seed62.csv,internal:T10|T7|T8|T9,internal,4,0.08603,0.01547292553589272,-0.07055707446410728,0.07055707446410728
Hyb-Adam-UM,30,8,62,HybAdamUM_completed_p30_rep08_seed62.csv,internal:T7|T8|T9,internal,3,0.05128,0.013178875649372977,-0.03810112435062702,0.03810112435062702
Hyb-Adam-UM,30,8,62,HybAdamUM_completed_p30_rep08_seed62.csv,internal:T7|T8,internal,2,0.02354,0.0,-0.02354,0.02354
Hyb-Adam-UM,30,8,62,HybAdamUM_completed_p30_rep08_seed62.csv,terminal:T7,terminal,1,0.11573,0.07817491352798871,-0.03755508647201129,0.03755508647201129
Hyb-Adam-UM,30,8,62,HybAdamUM_completed_p30_rep08_seed62.csv,terminal:T8,terminal,1,0.11535,0.08324100572114596,-0.03210899427885404,0.03210899427885404
Hyb-Adam-UM,30,8,62,HybAdamUM_completed_p30_rep08_seed62.csv,terminal:T9,terminal,1,0.12153,0.07838599514478356,-0.04314400485521644,0.04314400485521644
Hyb-Adam-UM,30,8,62,HybAdamUM_completed_p30_rep08_seed62.csv,terminal:T10,terminal,1,0.18189,0.09518790526002975,-0.08670209473997025,0.08670209473997025
Hyb-Adam-UM,30,8,62,HybAdamUM_completed_p30_rep08_seed62.csv,internal:T11|T12|T13|T14|T15,internal,5,0.11651,0.022303002457641993,-0.094206997542358,0.094206997542358
Hyb-Adam-UM,30,8,62,HybAdamUM_completed_p30_rep08_seed62.csv,internal:T11|T12,internal,2,0.22637,0.04248697626144242,-0.18388302373855758,0.18388302373855758
Hyb-Adam-UM,30,8,62,HybAdamUM_completed_p30_rep08_seed62.csv,terminal:T11,terminal,1,0.16094,0.08767973354135308,-0.07326026645864692,0.07326026645864692
Hyb-Adam-UM,30,8,62,HybAdamUM_completed_p30_rep08_seed62.csv,terminal:T12,terminal,1,0.14942,0.08530936711017222,-0.06411063288982778,0.06411063288982778
Hyb-Adam-UM,30,8,62,HybAdamUM_completed_p30_rep08_seed62.csv,internal:T13|T14|T15,internal,3,0.18561,0.01893278499980009,-0.1666772150001999,0.1666772150001999
Hyb-Adam-UM,30,8,62,HybAdamUM_completed_p30_rep08_seed62.csv,terminal:T13,terminal,1,0.32149,0.12486560150000729,-0.1966243984999927,0.1966243984999927
Hyb-Adam-UM,30,8,62,HybAdamUM_completed_p30_rep08_seed62.csv,internal:T14|T15,internal,2,0.07113,0.0,-0.07113,0.07113
Hyb-Adam-UM,30,8,62,HybAdamUM_completed_p30_rep08_seed62.csv,terminal:T14,terminal,1,0.34439,0.13541441485949582,-0.20897558514050416,0.20897558514050416
Hyb-Adam-UM,30,8,62,HybAdamUM_completed_p30_rep08_seed62.csv,terminal:T15,terminal,1,0.24256,0.12602189414430412,-0.11653810585569588,0.11653810585569588
Hyb-Adam-UM,30,9,63,HybAdamUM_completed_p30_rep09_seed63.csv,terminal:T1,terminal,1,0.05696,0.05134898845739355,-0.005611011542606445,0.005611011542606445
Hyb-Adam-UM,30,9,63,HybAdamUM_completed_p30_rep09_seed63.csv,internal:T2|T3,internal,2,0.03472,0.0,-0.03472,0.03472
Hyb-Adam-UM,30,9,63,HybAdamUM_completed_p30_rep09_seed63.csv,terminal:T2,terminal,1,0.02433,0.054044819100715416,0.029714819100715415,0.029714819100715415
Hyb-Adam-UM,30,9,63,HybAdamUM_completed_p30_rep09_seed63.csv,terminal:T3,terminal,1,0.02231,0.056129764941788673,0.03381976494178868,0.03381976494178868
Hyb-Adam-UM,30,9,63,HybAdamUM_completed_p30_rep09_seed63.csv,internal:T1|T2|T3,internal,3,0.01863,0.0,-0.01863,0.01863
Hyb-Adam-UM,30,9,63,HybAdamUM_completed_p30_rep09_seed63.csv,terminal:T4,terminal,1,0.07771,0.0550400475219809,-0.022669952478019104,0.022669952478019104
Hyb-Adam-UM,30,9,63,HybAdamUM_completed_p30_rep09_seed63.csv,internal:T1|T2|T3|T4,internal,4,0.04682,0.0187412255697418,-0.0280787744302582,0.0280787744302582
Hyb-Adam-UM,30,9,63,HybAdamUM_completed_p30_rep09_seed63.csv,terminal:T5,terminal,1,0.12997,0.07626429148446387,-0.05370570851553613,0.05370570851553613
Hyb-Adam-UM,30,9,63,HybAdamUM_completed_p30_rep09_seed63.csv,internal:T1|T2|T3|T4|T5,internal,5,0.03057,0.007646767195731372,-0.02292323280426863,0.02292323280426863
Hyb-Adam-UM,30,9,63,HybAdamUM_completed_p30_rep09_seed63.csv,terminal:T6,terminal,1,0.14605,0.08442659146901182,-0.06162340853098819,0.06162340853098819
Hyb-Adam-UM,30,9,63,HybAdamUM_completed_p30_rep09_seed63.csv,internal:T1|T2|T3|T4|T5|T6,internal,6,0.0721,0.02078881629487152,-0.05131118370512848,0.05131118370512848
Hyb-Adam-UM,30,9,63,HybAdamUM_completed_p30_rep09_seed63.csv,internal:T10|T7|T8|T9,internal,4,0.08603,0.015480161505351898,-0.0705498384946481,0.0705498384946481
Hyb-Adam-UM,30,9,63,HybAdamUM_completed_p30_rep09_seed63.csv,internal:T7|T8|T9,internal,3,0.05128,0.01271168564499699,-0.038568314355003006,0.038568314355003006
Hyb-Adam-UM,30,9,63,HybAdamUM_completed_p30_rep09_seed63.csv,internal:T7|T8,internal,2,0.02354,0.0,-0.02354,0.02354
Hyb-Adam-UM,30,9,63,HybAdamUM_completed_p30_rep09_seed63.csv,terminal:T7,terminal,1,0.11573,0.07857768908949593,-0.03715231091050407,0.03715231091050407
Hyb-Adam-UM,30,9,63,HybAdamUM_completed_p30_rep09_seed63.csv,terminal:T8,terminal,1,0.11535,0.08409560631993065,-0.03125439368006934,0.03125439368006934
Hyb-Adam-UM,30,9,63,HybAdamUM_completed_p30_rep09_seed63.csv,terminal:T9,terminal,1,0.12153,0.07752657100703188,-0.04400342899296812,0.04400342899296812
Hyb-Adam-UM,30,9,63,HybAdamUM_completed_p30_rep09_seed63.csv,terminal:T10,terminal,1,0.18189,0.09584462158599963,-0.08604537841400037,0.08604537841400037
Hyb-Adam-UM,30,9,63,HybAdamUM_completed_p30_rep09_seed63.csv,internal:T11|T12|T13|T14|T15,internal,5,0.11651,0.023297775032161308,-0.0932122249678387,0.0932122249678387
Hyb-Adam-UM,30,9,63,HybAdamUM_completed_p30_rep09_seed63.csv,internal:T11|T12,internal,2,0.22637,0.041746902953498095,-0.1846230970465019,0.1846230970465019
Hyb-Adam-UM,30,9,63,HybAdamUM_completed_p30_rep09_seed63.csv,terminal:T11,terminal,1,0.16094,0.0876416419271791,-0.0732983580728209,0.0732983580728209
Hyb-Adam-UM,30,9,63,HybAdamUM_completed_p30_rep09_seed63.csv,terminal:T12,terminal,1,0.14942,0.08534745872434622,-0.06407254127565377,0.06407254127565377
Hyb-Adam-UM,30,9,63,HybAdamUM_completed_p30_rep09_seed63.csv,internal:T13|T14|T15,internal,3,0.18561,0.01925600499694352,-0.16635399500305648,0.16635399500305648
Hyb-Adam-UM,30,9,63,HybAdamUM_completed_p30_rep09_seed63.csv,terminal:T13,terminal,1,0.32149,0.12561065030236918,-0.19587934969763082,0.19587934969763082
Hyb-Adam-UM,30,9,63,HybAdamUM_completed_p30_rep09_seed63.csv,internal:T14|T15,internal,2,0.07113,0.009942261076903183,-0.06118773892309681,0.06118773892309681
Hyb-Adam-UM,30,9,63,HybAdamUM_completed_p30_rep09_seed63.csv,terminal:T14,terminal,1,0.34439,0.12180899798468349,-0.2225810020153165,0.2225810020153165
Hyb-Adam-UM,30,9,63,HybAdamUM_completed_p30_rep09_seed63.csv,terminal:T15,terminal,1,0.24256,0.11406279379745886,-0.12849720620254113,0.12849720620254113
Hyb-Adam-UM,30,10,64,HybAdamUM_completed_p30_rep10_seed64.csv,terminal:T1,terminal,1,0.05696,0.062103953495128955,0.005143953495128958,0.005143953495128958
Hyb-Adam-UM,30,10,64,HybAdamUM_completed_p30_rep10_seed64.csv,internal:T2|T3,internal,2,0.03472,0.0,-0.03472,0.03472
Hyb-Adam-UM,30,10,64,HybAdamUM_completed_p30_rep10_seed64.csv,terminal:T2,terminal,1,0.02433,0.06367243376820227,0.03934243376820226,0.03934243376820226
Hyb-Adam-UM,30,10,64,HybAdamUM_completed_p30_rep10_seed64.csv,terminal:T3,terminal,1,0.02231,0.06914046026515536,0.04683046026515536,0.04683046026515536
Hyb-Adam-UM,30,10,64,HybAdamUM_completed_p30_rep10_seed64.csv,internal:T1|T2|T3,internal,3,0.01863,0.013167902401394213,-0.005462097598605787,0.005462097598605787
Hyb-Adam-UM,30,10,64,HybAdamUM_completed_p30_rep10_seed64.csv,terminal:T4,terminal,1,0.07771,0.08391426280411592,0.006204262804115915,0.006204262804115915
Hyb-Adam-UM,30,10,64,HybAdamUM_completed_p30_rep10_seed64.csv,internal:T1|T2|T3|T4,internal,4,0.04682,0.0,-0.04682,0.04682
Hyb-Adam-UM,30,10,64,HybAdamUM_completed_p30_rep10_seed64.csv,terminal:T5,terminal,1,0.12997,0.08014134441808766,-0.04982865558191234,0.04982865558191234
Hyb-Adam-UM,30,10,64,HybAdamUM_completed_p30_rep10_seed64.csv,internal:T1|T2|T3|T4|T5,internal,5,0.03057,0.001258131621277602,-0.0293118683787224,0.0293118683787224
Hyb-Adam-UM,30,10,64,HybAdamUM_completed_p30_rep10_seed64.csv,terminal:T6,terminal,1,0.14605,0.08356159493828233,-0.06248840506171768,0.06248840506171768
Hyb-Adam-UM,30,10,64,HybAdamUM_completed_p30_rep10_seed64.csv,internal:T1|T2|T3|T4|T5|T6,internal,6,0.0721,0.021448709995096328,-0.05065129000490367,0.05065129000490367
Hyb-Adam-UM,30,10,64,HybAdamUM_completed_p30_rep10_seed64.csv,internal:T10|T7|T8|T9,internal,4,0.08603,0.015294213410184589,-0.07073578658981541,0.07073578658981541
Hyb-Adam-UM,30,10,64,HybAdamUM_completed_p30_rep10_seed64.csv,internal:T7|T8|T9,internal,3,0.05128,0.015513141927093693,-0.035766858072906305,0.035766858072906305
Hyb-Adam-UM,30,10,64,HybAdamUM_completed_p30_rep10_seed64.csv,internal:T7|T8,internal,2,0.02354,0.0042159760595090615,-0.019324023940490938,0.019324023940490938
Hyb-Adam-UM,30,10,64,HybAdamUM_completed_p30_rep10_seed64.csv,terminal:T7,terminal,1,0.11573,0.0716792320721769,-0.0440507679278231,0.0440507679278231
Hyb-Adam-UM,30,10,64,HybAdamUM_completed_p30_rep10_seed64.csv,terminal:T8,terminal,1,0.11535,0.07532245976315108,-0.040027540236848916,0.040027540236848916
Hyb-Adam-UM,30,10,64,HybAdamUM_completed_p30_rep10_seed64.csv,terminal:T9,terminal,1,0.12153,0.07629051270379816,-0.045239487296201836,0.045239487296201836
Hyb-Adam-UM,30,10,64,HybAdamUM_completed_p30_rep10_seed64.csv,terminal:T10,terminal,1,0.18189,0.0958451886578885,-0.08604481134211149,0.08604481134211149
Hyb-Adam-UM,30,10,64,HybAdamUM_completed_p30_rep10_seed64.csv,internal:T11|T12|T13|T14|T15,internal,5,0.11651,0.02335190508027116,-0.09315809491972885,0.09315809491972885
Hyb-Adam-UM,30,10,64,HybAdamUM_completed_p30_rep10_seed64.csv,internal:T11|T12,internal,2,0.22637,0.0005231988096528731,-0.2258468011903471,0.2258468011903471
Hyb-Adam-UM,30,10,64,HybAdamUM_completed_p30_rep10_seed64.csv,terminal:T11,terminal,1,0.16094,0.12880598088971582,-0.032134019110284184,0.032134019110284184
Hyb-Adam-UM,30,10,64,HybAdamUM_completed_p30_rep10_seed64.csv,terminal:T12,terminal,1,0.14942,0.12866783282699565,-0.02075216717300435,0.02075216717300435
Hyb-Adam-UM,30,10,64,HybAdamUM_completed_p30_rep10_seed64.csv,internal:T13|T14|T15,internal,3,0.18561,0.02518520415888098,-0.16042479584111902,0.16042479584111902
Hyb-Adam-UM,30,10,64,HybAdamUM_completed_p30_rep10_seed64.csv,terminal:T13,terminal,1,0.32149,0.11929927462026574,-0.20219072537973426,0.20219072537973426
Hyb-Adam-UM,30,10,64,HybAdamUM_completed_p30_rep10_seed64.csv,internal:T14|T15,internal,2,0.07113,0.0030849092672932663,-0.06804509073270673,0.06804509073270673
Hyb-Adam-UM,30,10,64,HybAdamUM_completed_p30_rep10_seed64.csv,terminal:T14,terminal,1,0.34439,0.12225899738636141,-0.22213100261363855,0.22213100261363855
Hyb-Adam-UM,30,10,64,HybAdamUM_completed_p30_rep10_seed64.csv,terminal:T15,terminal,1,0.24256,0.11361279439578102,-0.12894720560421896,0.12894720560421896
Hyb-Adam-UM,30,11,65,HybAdamUM_completed_p30_rep11_seed65.csv,terminal:T1,terminal,1,0.05696,0.042014789324162555,-0.014945210675837442,0.014945210675837442
Hyb-Adam-UM,30,11,65,HybAdamUM_completed_p30_rep11_seed65.csv,internal:T2|T3,internal,2,0.03472,0.023318441303261196,-0.011401558696738805,0.011401558696738805
Hyb-Adam-UM,30,11,65,HybAdamUM_completed_p30_rep11_seed65.csv,terminal:T2,terminal,1,0.02433,0.02086615234659763,-0.0034638476534023695,0.0034638476534023695
Hyb-Adam-UM,30,11,65,HybAdamUM_completed_p30_rep11_seed65.csv,terminal:T3,terminal,1,0.02231,0.02016599655357152,-0.0021440034464284795,0.0021440034464284795
Hyb-Adam-UM,30,11,65,HybAdamUM_completed_p30_rep11_seed65.csv,internal:T1|T2|T3,internal,3,0.01863,0.008446106670785538,-0.010183893329214462,0.010183893329214462
Hyb-Adam-UM,30,11,65,HybAdamUM_completed_p30_rep11_seed65.csv,terminal:T4,terminal,1,0.07771,0.05387672196720045,-0.023833278032799554,0.023833278032799554
Hyb-Adam-UM,30,11,65,HybAdamUM_completed_p30_rep11_seed65.csv,internal:T1|T2|T3|T4,internal,4,0.04682,0.02063489090723326,-0.02618510909276674,0.02618510909276674
Hyb-Adam-UM,30,11,65,HybAdamUM_completed_p30_rep11_seed65.csv,terminal:T5,terminal,1,0.12997,0.07656263748824424,-0.05340736251175576,0.05340736251175576
Hyb-Adam-UM,30,11,65,HybAdamUM_completed_p30_rep11_seed65.csv,internal:T1|T2|T3|T4|T5,internal,5,0.03057,0.0065477768168115385,-0.02402222318318846,0.02402222318318846
Hyb-Adam-UM,30,11,65,HybAdamUM_completed_p30_rep11_seed65.csv,terminal:T6,terminal,1,0.14605,0.083669634708538,-0.062380365291462014,0.062380365291462014
Hyb-Adam-UM,30,11,65,HybAdamUM_completed_p30_rep11_seed65.csv,internal:T1|T2|T3|T4|T5|T6,internal,6,0.0721,0.021492656435619345,-0.05060734356438065,0.05060734356438065
Hyb-Adam-UM,30,11,65,HybAdamUM_completed_p30_rep11_seed65.csv,internal:T10|T7|T8|T9,internal,4,0.08603,0.01118136654437632,-0.07484863345562368,0.07484863345562368
Hyb-Adam-UM,30,11,65,HybAdamUM_completed_p30_rep11_seed65.csv,internal:T7|T8|T9,internal,3,0.05128,0.0001932255541175502,-0.05108677444588245,0.05108677444588245
Hyb-Adam-UM,30,11,65,HybAdamUM_completed_p30_rep11_seed65.csv,internal:T7|T8,internal,2,0.02354,0.0,-0.02354,0.02354
Hyb-Adam-UM,30,11,65,HybAdamUM_completed_p30_rep11_seed65.csv,terminal:T7,terminal,1,0.11573,0.09254743780308408,-0.023182562196915918,0.023182562196915918
Hyb-Adam-UM,30,11,65,HybAdamUM_completed_p30_rep11_seed65.csv,terminal:T8,terminal,1,0.11535,0.10497688666710354,-0.01037311333289645,0.01037311333289645
Hyb-Adam-UM,30,11,65,HybAdamUM_completed_p30_rep11_seed65.csv,terminal:T9,terminal,1,0.12153,0.09261406672554173,-0.028915933274458266,0.028915933274458266
Hyb-Adam-UM,30,11,65,HybAdamUM_completed_p30_rep11_seed65.csv,terminal:T10,terminal,1,0.18189,0.10009749737367858,-0.08179250262632141,0.08179250262632141
Hyb-Adam-UM,30,11,65,HybAdamUM_completed_p30_rep11_seed65.csv,internal:T11|T12|T13|T14|T15,internal,5,0.11651,0.0235638405415847,-0.0929461594584153,0.0929461594584153
Hyb-Adam-UM,30,11,65,HybAdamUM_completed_p30_rep11_seed65.csv,internal:T11|T12,internal,2,0.22637,0.04212921691664359,-0.1842407830833564,0.1842407830833564
Hyb-Adam-UM,30,11,65,HybAdamUM_completed_p30_rep11_seed65.csv,terminal:T11,terminal,1,0.16094,0.08738104693816591,-0.07355895306183409,0.07355895306183409
Hyb-Adam-UM,30,11,65,HybAdamUM_completed_p30_rep11_seed65.csv,terminal:T12,terminal,1,0.14942,0.0856080537133594,-0.0638119462866406,0.0638119462866406
Hyb-Adam-UM,30,11,65,HybAdamUM_completed_p30_rep11_seed65.csv,internal:T13|T14|T15,internal,3,0.18561,0.02136937835549707,-0.16424062164450293,0.16424062164450293
Hyb-Adam-UM,30,11,65,HybAdamUM_completed_p30_rep11_seed65.csv,terminal:T13,terminal,1,0.32149,0.12174811369657665,-0.19974188630342335,0.19974188630342335
Hyb-Adam-UM,30,11,65,HybAdamUM_completed_p30_rep11_seed65.csv,internal:T14|T15,internal,2,0.07113,0.0069148685576651955,-0.0642151314423348,0.0642151314423348
Hyb-Adam-UM,30,11,65,HybAdamUM_completed_p30_rep11_seed65.csv,terminal:T14,terminal,1,0.34439,0.1210715726595688,-0.22331842734043117,0.22331842734043117
Hyb-Adam-UM,30,11,65,HybAdamUM_completed_p30_rep11_seed65.csv,terminal:T15,terminal,1,0.24256,0.11480021912257363,-0.12775978087742637,0.12775978087742637
Hyb-Adam-UM,30,12,66,HybAdamUM_completed_p30_rep12_seed66.csv,terminal:T1,terminal,1,0.05696,0.05822076468706619,0.0012607646870661932,0.0012607646870661932
Hyb-Adam-UM,30,12,66,HybAdamUM_completed_p30_rep12_seed66.csv,internal:T2|T3,internal,2,0.03472,0.040084875131515936,0.005364875131515935,0.005364875131515935
Hyb-Adam-UM,30,12,66,HybAdamUM_completed_p30_rep12_seed66.csv,terminal:T2,terminal,1,0.02433,0.023344081471548494,-0.000985918528451507,0.000985918528451507
Hyb-Adam-UM,30,12,66,HybAdamUM_completed_p30_rep12_seed66.csv,terminal:T3,terminal,1,0.02231,0.017688067428620655,-0.004621932571379345,0.004621932571379345
Hyb-Adam-UM,30,12,66,HybAdamUM_completed_p30_rep12_seed66.csv,internal:T1|T2|T3,internal,3,0.01863,0.013548620448171341,-0.00508137955182866,0.00508137955182866
Hyb-Adam-UM,30,12,66,HybAdamUM_completed_p30_rep12_seed66.csv,terminal:T4,terminal,1,0.07771,0.07732741592585458,-0.0003825840741454173,0.0003825840741454173
Hyb-Adam-UM,30,12,66,HybAdamUM_completed_p30_rep12_seed66.csv,internal:T1|T2|T3|T4,internal,4,0.04682,0.0,-0.04682,0.04682
Hyb-Adam-UM,30,12,66,HybAdamUM_completed_p30_rep12_seed66.csv,terminal:T5,terminal,1,0.12997,0.07668364508142182,-0.05328635491857818,0.05328635491857818
Hyb-Adam-UM,30,12,66,HybAdamUM_completed_p30_rep12_seed66.csv,internal:T1|T2|T3|T4|T5,internal,5,0.03057,0.005537666678564041,-0.025032333321435958,0.025032333321435958
Hyb-Adam-UM,30,12,66,HybAdamUM_completed_p30_rep12_seed66.csv,terminal:T6,terminal,1,0.14605,0.08339441143733059,-0.06265558856266942,0.06265558856266942
Hyb-Adam-UM,30,12,66,HybAdamUM_completed_p30_rep12_seed66.csv,internal:T1|T2|T3|T4|T5|T6,internal,6,0.0721,0.021360953380564422,-0.050739046619435575,0.050739046619435575
Hyb-Adam-UM,30,12,66,HybAdamUM_completed_p30_rep12_seed66.csv,internal:T10|T7|T8|T9,internal,4,0.08603,0.015832008865330125,-0.07019799113466987,0.07019799113466987
Hyb-Adam-UM,30,12,66,HybAdamUM_completed_p30_rep12_seed66.csv,internal:T7|T8|T9,internal,3,0.05128,0.014990915288914278,-0.03628908471108572,0.03628908471108572
Hyb-Adam-UM,30,12,66,HybAdamUM_completed_p30_rep12_seed66.csv,internal:T7|T8,internal,2,0.02354,0.004353897168164663,-0.019186102831835333,0.019186102831835333
Hyb-Adam-UM,30,12,66,HybAdamUM_completed_p30_rep12_seed66.csv,terminal:T7,terminal,1,0.11573,0.07103872135875555,-0.04469127864124445,0.04469127864124445
Hyb-Adam-UM,30,12,66,HybAdamUM_completed_p30_rep12_seed66.csv,terminal:T8,terminal,1,0.11535,0.07596297047657245,-0.03938702952342754,0.03938702952342754
Hyb-Adam-UM,30,12,66,HybAdamUM_completed_p30_rep12_seed66.csv,terminal:T9,terminal,1,0.12153,0.07615259159514252,-0.045377408404857475,0.045377408404857475
Hyb-Adam-UM,30,12,66,HybAdamUM_completed_p30_rep12_seed66.csv,terminal:T10,terminal,1,0.18189,0.09632144159318272,-0.08556855840681728,0.08556855840681728
Hyb-Adam-UM,30,12,66,HybAdamUM_completed_p30_rep12_seed66.csv,internal:T11|T12|T13|T14|T15,internal,5,0.11651,0.023063309870638406,-0.0934466901293616,0.0934466901293616
Hyb-Adam-UM,30,12,66,HybAdamUM_completed_p30_rep12_seed66.csv,internal:T11|T12,internal,2,0.22637,0.042842295018557346,-0.18352770498144264,0.18352770498144264
Hyb-Adam-UM,30,12,66,HybAdamUM_completed_p30_rep12_seed66.csv,terminal:T11,terminal,1,0.16094,0.08758774240999331,-0.07335225759000669,0.07335225759000669
Hyb-Adam-UM,30,12,66,HybAdamUM_completed_p30_rep12_seed66.csv,terminal:T12,terminal,1,0.14942,0.08540135824153201,-0.06401864175846798,0.06401864175846798
Hyb-Adam-UM,30,12,66,HybAdamUM_completed_p30_rep12_seed66.csv,internal:T13|T14|T15,internal,3,0.18561,0.02223233139429355,-0.16337766860570646,0.16337766860570646
Hyb-Adam-UM,30,12,66,HybAdamUM_completed_p30_rep12_seed66.csv,terminal:T13,terminal,1,0.32149,0.12209225501685575,-0.19939774498314425,0.19939774498314425
Hyb-Adam-UM,30,12,66,HybAdamUM_completed_p30_rep12_seed66.csv,internal:T14|T15,internal,2,0.07113,0.00657072723738611,-0.06455927276261389,0.06455927276261389
Hyb-Adam-UM,30,12,66,HybAdamUM_completed_p30_rep12_seed66.csv,terminal:T14,terminal,1,0.34439,0.12288091331328732,-0.22150908668671265,0.22150908668671265
Hyb-Adam-UM,30,12,66,HybAdamUM_completed_p30_rep12_seed66.csv,terminal:T15,terminal,1,0.24256,0.11299087846885507,-0.12956912153114492,0.12956912153114492
Hyb-Adam-UM,30,13,67,HybAdamUM_completed_p30_rep13_seed67.csv,terminal:T1,terminal,1,0.05696,0.06134139119034567,0.004381391190345675,0.004381391190345675
Hyb-Adam-UM,30,13,67,HybAdamUM_completed_p30_rep13_seed67.csv,internal:T2|T3,internal,2,0.03472,0.0,-0.03472,0.03472
Hyb-Adam-UM,30,13,67,HybAdamUM_completed_p30_rep13_seed67.csv,terminal:T2,terminal,1,0.02433,0.0696402608885915,0.0453102608885915,0.0453102608885915
Hyb-Adam-UM,30,13,67,HybAdamUM_completed_p30_rep13_seed67.csv,terminal:T3,terminal,1,0.02231,0.06389181160863285,0.04158181160863285,0.04158181160863285
Hyb-Adam-UM,30,13,67,HybAdamUM_completed_p30_rep13_seed67.csv,internal:T1|T2|T3,internal,3,0.01863,0.00817612898928201,-0.01045387101071799,0.01045387101071799
Hyb-Adam-UM,30,13,67,HybAdamUM_completed_p30_rep13_seed67.csv,terminal:T4,terminal,1,0.07771,0.07669978701457761,-0.001010212985422393,0.001010212985422393
Hyb-Adam-UM,30,13,67,HybAdamUM_completed_p30_rep13_seed67.csv,internal:T1|T2|T3|T4,internal,4,0.04682,0.0,-0.04682,0.04682
Hyb-Adam-UM,30,13,67,HybAdamUM_completed_p30_rep13_seed67.csv,terminal:T5,terminal,1,0.12997,0.07512118320404093,-0.05484881679595907,0.05484881679595907
Hyb-Adam-UM,30,13,67,HybAdamUM_completed_p30_rep13_seed67.csv,internal:T1|T2|T3|T4|T5,internal,5,0.03057,0.006170785045086002,-0.024399214954913997,0.024399214954913997
Hyb-Adam-UM,30,13,67,HybAdamUM_completed_p30_rep13_seed67.csv,terminal:T6,terminal,1,0.14605,0.08414931455872918,-0.061900685441270836,0.061900685441270836
Hyb-Adam-UM,30,13,67,HybAdamUM_completed_p30_rep13_seed67.csv,internal:T1|T2|T3|T4|T5|T6,internal,6,0.0721,0.02094598990191353,-0.05115401009808647,0.05115401009808647
Hyb-Adam-UM,30,13,67,HybAdamUM_completed_p30_rep13_seed67.csv,internal:T10|T7|T8|T9,internal,4,0.08603,0.014620946007276746,-0.07140905399272325,0.07140905399272325
Hyb-Adam-UM,30,13,67,HybAdamUM_completed_p30_rep13_seed67.csv,internal:T7|T8|T9,internal,3,0.05128,0.01671954123343591,-0.03456045876656409,0.03456045876656409
Hyb-Adam-UM,30,13,67,HybAdamUM_completed_p30_rep13_seed67.csv,internal:T7|T8,internal,2,0.02354,0.0035597214444942306,-0.019980278555505767,0.019980278555505767
Hyb-Adam-UM,30,13,67,HybAdamUM_completed_p30_rep13_seed67.csv,terminal:T7,terminal,1,0.11573,0.07169253301173965,-0.044037466988260346,0.044037466988260346
Hyb-Adam-UM,30,13,67,HybAdamUM_completed_p30_rep13_seed67.csv,terminal:T8,terminal,1,0.11535,0.0753091588235883,-0.0400408411764117,0.0400408411764117
Hyb-Adam-UM,30,13,67,HybAdamUM_completed_p30_rep13_seed67.csv,terminal:T9,terminal,1,0.12153,0.07694676731881295,-0.04458323268118705,0.04458323268118705
Hyb-Adam-UM,30,13,67,HybAdamUM_completed_p30_rep13_seed67.csv,terminal:T10,terminal,1,0.18189,0.09485754088988457,-0.08703245911011542,0.08703245911011542
Hyb-Adam-UM,30,13,67,HybAdamUM_completed_p30_rep13_seed67.csv,internal:T11|T12|T13|T14|T15,internal,5,0.11651,0.021940609446123305,-0.0945693905538767,0.0945693905538767
Hyb-Adam-UM,30,13,67,HybAdamUM_completed_p30_rep13_seed67.csv,internal:T11|T12,internal,2,0.22637,0.00036103711881894674,-0.22600896288118105,0.22600896288118105
Hyb-Adam-UM,30,13,67,HybAdamUM_completed_p30_rep13_seed67.csv,terminal:T11,terminal,1,0.16094,0.13208644549820334,-0.028853554501796663,0.028853554501796663
Hyb-Adam-UM,30,13,67,HybAdamUM_completed_p30_rep13_seed67.csv,terminal:T12,terminal,1,0.14942,0.12643869863129747,-0.022981301368702522,0.022981301368702522
Hyb-Adam-UM,30,13,67,HybAdamUM_completed_p30_rep13_seed67.csv,internal:T13|T14|T15,internal,3,0.18561,0.023686356669429788,-0.16192364333057022,0.16192364333057022
Hyb-Adam-UM,30,13,67,HybAdamUM_completed_p30_rep13_seed67.csv,terminal:T13,terminal,1,0.32149,0.1221636300363972,-0.1993263699636028,0.1993263699636028
Hyb-Adam-UM,30,13,67,HybAdamUM_completed_p30_rep13_seed67.csv,internal:T14|T15,internal,2,0.07113,0.006499352217844667,-0.06463064778215533,0.06463064778215533
Hyb-Adam-UM,30,13,67,HybAdamUM_completed_p30_rep13_seed67.csv,terminal:T14,terminal,1,0.34439,0.12176089324317517,-0.2226291067568248,0.2226291067568248
Hyb-Adam-UM,30,13,67,HybAdamUM_completed_p30_rep13_seed67.csv,terminal:T15,terminal,1,0.24256,0.11411089853896726,-0.12844910146103272,0.12844910146103272
Hyb-Adam-UM,30,14,68,HybAdamUM_completed_p30_rep14_seed68.csv,terminal:T1,terminal,1,0.05696,0.04176066131255542,-0.01519933868744458,0.01519933868744458
Hyb-Adam-UM,30,14,68,HybAdamUM_completed_p30_rep14_seed68.csv,internal:T2|T3,internal,2,0.03472,0.023572569314868282,-0.011147430685131719,0.011147430685131719
Hyb-Adam-UM,30,14,68,HybAdamUM_completed_p30_rep14_seed68.csv,terminal:T2,terminal,1,0.02433,0.020980112292987678,-0.003349887707012323,0.003349887707012323
Hyb-Adam-UM,30,14,68,HybAdamUM_completed_p30_rep14_seed68.csv,terminal:T3,terminal,1,0.02231,0.02005203660718152,-0.002257963392818481,0.002257963392818481
Hyb-Adam-UM,30,14,68,HybAdamUM_completed_p30_rep14_seed68.csv,internal:T1|T2|T3,internal,3,0.01863,0.008146058462916203,-0.010483941537083798,0.010483941537083798
Hyb-Adam-UM,30,14,68,HybAdamUM_completed_p30_rep14_seed68.csv,terminal:T4,terminal,1,0.07771,0.05418976603113266,-0.023520233968867342,0.023520233968867342
Hyb-Adam-UM,30,14,68,HybAdamUM_completed_p30_rep14_seed68.csv,internal:T1|T2|T3|T4,internal,4,0.04682,0.02171636182801656,-0.02510363817198344,0.02510363817198344
Hyb-Adam-UM,30,14,68,HybAdamUM_completed_p30_rep14_seed68.csv,terminal:T5,terminal,1,0.12997,0.07693838022055939,-0.05303161977944061,0.05303161977944061
Hyb-Adam-UM,30,14,68,HybAdamUM_completed_p30_rep14_seed68.csv,internal:T1|T2|T3|T4|T5,internal,5,0.03057,0.006104573441170776,-0.024465426558829224,0.024465426558829224
Hyb-Adam-UM,30,14,68,HybAdamUM_completed_p30_rep14_seed68.csv,terminal:T6,terminal,1,0.14605,0.0845190965307515,-0.06153090346924851,0.06153090346924851
Hyb-Adam-UM,30,14,68,HybAdamUM_completed_p30_rep14_seed68.csv,internal:T1|T2|T3|T4|T5|T6,internal,6,0.0721,0.020537460557334804,-0.051562539442665194,0.051562539442665194
Hyb-Adam-UM,30,14,68,HybAdamUM_completed_p30_rep14_seed68.csv,internal:T10|T7|T8|T9,internal,4,0.08603,0.01537273591836605,-0.07065726408163395,0.07065726408163395
Hyb-Adam-UM,30,14,68,HybAdamUM_completed_p30_rep14_seed68.csv,internal:T7|T8|T9,internal,3,0.05128,0.014605565897890483,-0.036674434102109514,0.036674434102109514
Hyb-Adam-UM,30,14,68,HybAdamUM_completed_p30_rep14_seed68.csv,internal:T7|T8,internal,2,0.02354,0.006394093321637991,-0.017145906678362008,0.017145906678362008
Hyb-Adam-UM,30,14,68,HybAdamUM_completed_p30_rep14_seed68.csv,terminal:T7,terminal,1,0.11573,0.07127391051606954,-0.044456089483930455,0.044456089483930455
Hyb-Adam-UM,30,14,68,HybAdamUM_completed_p30_rep14_seed68.csv,terminal:T8,terminal,1,0.11535,0.07572778131925846,-0.03962221868074153,0.03962221868074153
Hyb-Adam-UM,30,14,68,HybAdamUM_completed_p30_rep14_seed68.csv,terminal:T9,terminal,1,0.12153,0.0775391021897735,-0.0439908978102265,0.0439908978102265
Hyb-Adam-UM,30,14,68,HybAdamUM_completed_p30_rep14_seed68.csv,terminal:T10,terminal,1,0.18189,0.0948844900170139,-0.08700550998298609,0.08700550998298609
Hyb-Adam-UM,30,14,68,HybAdamUM_completed_p30_rep14_seed68.csv,internal:T11|T12|T13|T14|T15,internal,5,0.11651,0.022315617936550756,-0.09419438206344924,0.09419438206344924
Hyb-Adam-UM,30,14,68,HybAdamUM_completed_p30_rep14_seed68.csv,internal:T11|T12,internal,2,0.22637,0.0430503268518225,-0.1833196731481775,0.1833196731481775
Hyb-Adam-UM,30,14,68,HybAdamUM_completed_p30_rep14_seed68.csv,terminal:T11,terminal,1,0.16094,0.08799000105645109,-0.07294999894354891,0.07294999894354891
Hyb-Adam-UM,30,14,68,HybAdamUM_completed_p30_rep14_seed68.csv,terminal:T12,terminal,1,0.14942,0.08499909959507426,-0.06442090040492573,0.06442090040492573
Hyb-Adam-UM,30,14,68,HybAdamUM_completed_p30_rep14_seed68.csv,internal:T13|T14|T15,internal,3,0.18561,0.01956068766723527,-0.16604931233276474,0.16604931233276474
Hyb-Adam-UM,30,14,68,HybAdamUM_completed_p30_rep14_seed68.csv,terminal:T13,terminal,1,0.32149,0.12585628508003807,-0.19563371491996193,0.19563371491996193
Hyb-Adam-UM,30,14,68,HybAdamUM_completed_p30_rep14_seed68.csv,internal:T14|T15,internal,2,0.07113,0.009686522213821972,-0.06144347778617803,0.06144347778617803
Hyb-Adam-UM,30,14,68,HybAdamUM_completed_p30_rep14_seed68.csv,terminal:T14,terminal,1,0.34439,0.12181377402056255,-0.22257622597943744,0.22257622597943744
Hyb-Adam-UM,30,14,68,HybAdamUM_completed_p30_rep14_seed68.csv,terminal:T15,terminal,1,0.24256,0.1140580177615799,-0.1285019822384201,0.1285019822384201
Hyb-Adam-UM,30,15,69,HybAdamUM_completed_p30_rep15_seed69.csv,terminal:T1,terminal,1,0.05696,0.04166035325433449,-0.015299646745665509,0.015299646745665509
Hyb-Adam-UM,30,15,69,HybAdamUM_completed_p30_rep15_seed69.csv,internal:T2|T3,internal,2,0.03472,0.023672877373089086,-0.011047122626910915,0.011047122626910915
Hyb-Adam-UM,30,15,69,HybAdamUM_completed_p30_rep15_seed69.csv,terminal:T2,terminal,1,0.02433,0.020934154203407277,-0.003395845796592724,0.003395845796592724
Hyb-Adam-UM,30,15,69,HybAdamUM_completed_p30_rep15_seed69.csv,terminal:T3,terminal,1,0.02231,0.020097994696761923,-0.0022120053032380765,0.0022120053032380765
Hyb-Adam-UM,30,15,69,HybAdamUM_completed_p30_rep15_seed69.csv,internal:T1|T2|T3,internal,3,0.01863,0.008548908397329042,-0.010081091602670959,0.010081091602670959
Hyb-Adam-UM,30,15,69,HybAdamUM_completed_p30_rep15_seed69.csv,terminal:T4,terminal,1,0.07771,0.0541978347851202,-0.023512165214879803,0.023512165214879803
Hyb-Adam-UM,30,15,69,HybAdamUM_completed_p30_rep15_seed69.csv,internal:T1|T2|T3|T4,internal,4,0.04682,0.02010526125885357,-0.02671473874114643,0.02671473874114643
Hyb-Adam-UM,30,15,69,HybAdamUM_completed_p30_rep15_seed69.csv,terminal:T5,terminal,1,0.12997,0.07700706293977029,-0.05296293706022971,0.05296293706022971
Hyb-Adam-UM,30,15,69,HybAdamUM_completed_p30_rep15_seed69.csv,internal:T1|T2|T3|T4|T5,internal,5,0.03057,0.008195995494343345,-0.022374004505656655,0.022374004505656655
Hyb-Adam-UM,30,15,69,HybAdamUM_completed_p30_rep15_seed69.csv,terminal:T6,terminal,1,0.14605,0.08392649766055064,-0.06212350233944937,0.06212350233944937
Hyb-Adam-UM,30,15,69,HybAdamUM_completed_p30_rep15_seed69.csv,internal:T1|T2|T3|T4|T5|T6,internal,6,0.0721,0.01992938395261804,-0.05217061604738196,0.05217061604738196
Hyb-Adam-UM,30,15,69,HybAdamUM_completed_p30_rep15_seed69.csv,internal:T10|T7|T8|T9,internal,4,0.08603,0.016260555882270298,-0.0697694441177297,0.0697694441177297
Hyb-Adam-UM,30,15,69,HybAdamUM_completed_p30_rep15_seed69.csv,internal:T7|T8|T9,internal,3,0.05128,0.013613053147594872,-0.037666946852405125,0.037666946852405125
Hyb-Adam-UM,30,15,69,HybAdamUM_completed_p30_rep15_seed69.csv,internal:T7|T8,internal,2,0.02354,0.004726358421451292,-0.018813641578548708,0.018813641578548708
Hyb-Adam-UM,30,15,69,HybAdamUM_completed_p30_rep15_seed69.csv,terminal:T7,terminal,1,0.11573,0.07133334779580751,-0.04439665220419249,0.04439665220419249
Hyb-Adam-UM,30,15,69,HybAdamUM_completed_p30_rep15_seed69.csv,terminal:T8,terminal,1,0.11535,0.07566834403952052,-0.03968165596047947,0.03968165596047947
Hyb-Adam-UM,30,15,69,HybAdamUM_completed_p30_rep15_seed69.csv,terminal:T9,terminal,1,0.12153,0.07732541701837507,-0.044204582981624926,0.044204582981624926
Hyb-Adam-UM,30,15,69,HybAdamUM_completed_p30_rep15_seed69.csv,terminal:T10,terminal,1,0.18189,0.09689423077564595,-0.08499576922435405,0.08499576922435405
Hyb-Adam-UM,30,15,69,HybAdamUM_completed_p30_rep15_seed69.csv,internal:T11|T12|T13|T14|T15,internal,5,0.11651,0.022288156464633335,-0.09422184353536667,0.09422184353536667
Hyb-Adam-UM,30,15,69,HybAdamUM_completed_p30_rep15_seed69.csv,internal:T11|T12,internal,2,0.22637,0.0,-0.22637,0.22637
Hyb-Adam-UM,30,15,69,HybAdamUM_completed_p30_rep15_seed69.csv,terminal:T11,terminal,1,0.16094,0.13026548430141083,-0.030674515698589172,0.030674515698589172
Hyb-Adam-UM,30,15,69,HybAdamUM_completed_p30_rep15_seed69.csv,terminal:T12,terminal,1,0.14942,0.12675175473780168,-0.022668245262198322,0.022668245262198322
Hyb-Adam-UM,30,15,69,HybAdamUM_completed_p30_rep15_seed69.csv,internal:T13|T14|T15,internal,3,0.18561,0.023488305075158016,-0.162121694924842,0.162121694924842
Hyb-Adam-UM,30,15,69,HybAdamUM_completed_p30_rep15_seed69.csv,terminal:T13,terminal,1,0.32149,0.12181550191782077,-0.19967449808217924,0.19967449808217924
Hyb-Adam-UM,30,15,69,HybAdamUM_completed_p30_rep15_seed69.csv,internal:T14|T15,internal,2,0.07113,0.0068474803364211205,-0.06428251966357888,0.06428251966357888
Hyb-Adam-UM,30,15,69,HybAdamUM_completed_p30_rep15_seed69.csv,terminal:T14,terminal,1,0.34439,0.12295407478777624,-0.22143592521222372,0.22143592521222372
Hyb-Adam-UM,30,15,69,HybAdamUM_completed_p30_rep15_seed69.csv,terminal:T15,terminal,1,0.24256,0.11291771699436609,-0.1296422830056339,0.1296422830056339
Hyb-Adam-UM,30,16,70,HybAdamUM_completed_p30_rep16_seed70.csv,terminal:T1,terminal,1,0.05696,0.042785545654790924,-0.014174454345209073,0.014174454345209073
Hyb-Adam-UM,30,16,70,HybAdamUM_completed_p30_rep16_seed70.csv,internal:T2|T3,internal,2,0.03472,0.0,-0.03472,0.03472
Hyb-Adam-UM,30,16,70,HybAdamUM_completed_p30_rep16_seed70.csv,terminal:T2,terminal,1,0.02433,0.04464132914523183,0.020311329145231826,0.020311329145231826
Hyb-Adam-UM,30,16,70,HybAdamUM_completed_p30_rep16_seed70.csv,terminal:T3,terminal,1,0.02231,0.04422839425972085,0.021918394259720853,0.021918394259720853
Hyb-Adam-UM,30,16,70,HybAdamUM_completed_p30_rep16_seed70.csv,internal:T1|T2|T3,internal,3,0.01863,0.008032247045233521,-0.01059775295476648,0.01059775295476648
Hyb-Adam-UM,30,16,70,HybAdamUM_completed_p30_rep16_seed70.csv,terminal:T4,terminal,1,0.07771,0.054012949699566395,-0.023697050300433606,0.023697050300433606
Hyb-Adam-UM,30,16,70,HybAdamUM_completed_p30_rep16_seed70.csv,internal:T1|T2|T3|T4,internal,4,0.04682,0.020702136318454075,-0.026117863681545925,0.026117863681545925
Hyb-Adam-UM,30,16,70,HybAdamUM_completed_p30_rep16_seed70.csv,terminal:T5,terminal,1,0.12997,0.07627886780587362,-0.053691132194126384,0.053691132194126384
Hyb-Adam-UM,30,16,70,HybAdamUM_completed_p30_rep16_seed70.csv,internal:T1|T2|T3|T4|T5,internal,5,0.03057,0.006942192097136312,-0.023627807902863687,0.023627807902863687
Hyb-Adam-UM,30,16,70,HybAdamUM_completed_p30_rep16_seed70.csv,terminal:T6,terminal,1,0.14605,0.08300639251408265,-0.06304360748591736,0.06304360748591736
Hyb-Adam-UM,30,16,70,HybAdamUM_completed_p30_rep16_seed70.csv,internal:T1|T2|T3|T4|T5|T6,internal,6,0.0721,0.020881544490074753,-0.051218455509925244,0.051218455509925244
Hyb-Adam-UM,30,16,70,HybAdamUM_completed_p30_rep16_seed70.csv,internal:T10|T7|T8|T9,internal,4,0.08603,0.016362151971633477,-0.06966784802836652,0.06966784802836652
Hyb-Adam-UM,30,16,70,HybAdamUM_completed_p30_rep16_seed70.csv,internal:T7|T8|T9,internal,3,0.05128,0.011910790662108033,-0.03936920933789197,0.03936920933789197
Hyb-Adam-UM,30,16,70,HybAdamUM_completed_p30_rep16_seed70.csv,internal:T7|T8,internal,2,0.02354,0.0,-0.02354,0.02354
Hyb-Adam-UM,30,16,70,HybAdamUM_completed_p30_rep16_seed70.csv,terminal:T7,terminal,1,0.11573,0.07870293518078919,-0.03702706481921081,0.03702706481921081
Hyb-Adam-UM,30,16,70,HybAdamUM_completed_p30_rep16_seed70.csv,terminal:T8,terminal,1,0.11535,0.08458098932675256,-0.03076901067324743,0.03076901067324743
Hyb-Adam-UM,30,16,70,HybAdamUM_completed_p30_rep16_seed70.csv,terminal:T9,terminal,1,0.12153,0.0786926109884095,-0.042837389011590496,0.042837389011590496
Hyb-Adam-UM,30,16,70,HybAdamUM_completed_p30_rep16_seed70.csv,terminal:T10,terminal,1,0.18189,0.09520503175994144,-0.08668496824005856,0.08668496824005856
Hyb-Adam-UM,30,16,70,HybAdamUM_completed_p30_rep16_seed70.csv,internal:T11|T12|T13|T14|T15,internal,5,0.11651,0.022739712738567997,-0.09377028726143201,0.09377028726143201
Hyb-Adam-UM,30,16,70,HybAdamUM_completed_p30_rep16_seed70.csv,internal:T11|T12,internal,2,0.22637,0.0008844095971225215,-0.22548559040287747,0.22548559040287747
Hyb-Adam-UM,30,16,70,HybAdamUM_completed_p30_rep16_seed70.csv,terminal:T11,terminal,1,0.16094,0.1270892695037236,-0.033850730496276404,0.033850730496276404
Hyb-Adam-UM,30,16,70,HybAdamUM_completed_p30_rep16_seed70.csv,terminal:T12,terminal,1,0.14942,0.12790865671200172,-0.02151134328799828,0.02151134328799828
Hyb-Adam-UM,30,16,70,HybAdamUM_completed_p30_rep16_seed70.csv,internal:T13|T14|T15,internal,3,0.18561,0.014000462980452833,-0.17160953701954718,0.17160953701954718
Hyb-Adam-UM,30,16,70,HybAdamUM_completed_p30_rep16_seed70.csv,terminal:T13,terminal,1,0.32149,0.13074097503137244,-0.19074902496862756,0.19074902496862756
Hyb-Adam-UM,30,16,70,HybAdamUM_completed_p30_rep16_seed70.csv,internal:T14|T15,internal,2,0.07113,0.0,-0.07113,0.07113
Hyb-Adam-UM,30,16,70,HybAdamUM_completed_p30_rep16_seed70.csv,terminal:T14,terminal,1,0.34439,0.13803679421823767,-0.2063532057817623,0.2063532057817623
Hyb-Adam-UM,30,16,70,HybAdamUM_completed_p30_rep16_seed70.csv,terminal:T15,terminal,1,0.24256,0.1325175356042344,-0.1100424643957656,0.1100424643957656
Hyb-Adam-UM,30,17,71,HybAdamUM_completed_p30_rep17_seed71.csv,terminal:T1,terminal,1,0.05696,0.04241656668731746,-0.014543433312682534,0.014543433312682534
Hyb-Adam-UM,30,17,71,HybAdamUM_completed_p30_rep17_seed71.csv,internal:T2|T3,internal,2,0.03472,0.022916663940106264,-0.011803336059893737,0.011803336059893737
Hyb-Adam-UM,30,17,71,HybAdamUM_completed_p30_rep17_seed71.csv,terminal:T2,terminal,1,0.02433,0.020778133337089798,-0.003551866662910203,0.003551866662910203
Hyb-Adam-UM,30,17,71,HybAdamUM_completed_p30_rep17_seed71.csv,terminal:T3,terminal,1,0.02231,0.020254015563079385,-0.0020559844369206146,0.0020559844369206146
Hyb-Adam-UM,30,17,71,HybAdamUM_completed_p30_rep17_seed71.csv,internal:T1|T2|T3,internal,3,0.01863,0.008667617492828432,-0.00996238250717157,0.00996238250717157
Hyb-Adam-UM,30,17,71,HybAdamUM_completed_p30_rep17_seed71.csv,terminal:T4,terminal,1,0.07771,0.05442841867122555,-0.023281581328774455,0.023281581328774455
Hyb-Adam-UM,30,17,71,HybAdamUM_completed_p30_rep17_seed71.csv,internal:T1|T2|T3|T4,internal,4,0.04682,0.020321965629682217,-0.026498034370317784,0.026498034370317784
Hyb-Adam-UM,30,17,71,HybAdamUM_completed_p30_rep17_seed71.csv,terminal:T5,terminal,1,0.12997,0.07643210573082598,-0.05353789426917402,0.05353789426917402
Hyb-Adam-UM,30,17,71,HybAdamUM_completed_p30_rep17_seed71.csv,internal:T1|T2|T3|T4|T5,internal,5,0.03057,0.007549836880562283,-0.023020163119437716,0.023020163119437716
Hyb-Adam-UM,30,17,71,HybAdamUM_completed_p30_rep17_seed71.csv,terminal:T6,terminal,1,0.14605,0.08406112007696064,-0.06198887992303938,0.06198887992303938
Hyb-Adam-UM,30,17,71,HybAdamUM_completed_p30_rep17_seed71.csv,internal:T1|T2|T3|T4|T5|T6,internal,6,0.0721,0.02057285042548416,-0.05152714957451584,0.05152714957451584
Hyb-Adam-UM,30,17,71,HybAdamUM_completed_p30_rep17_seed71.csv,internal:T10|T7|T8|T9,internal,4,0.08603,0.01592858729280538,-0.07010141270719461,0.07010141270719461
Hyb-Adam-UM,30,17,71,HybAdamUM_completed_p30_rep17_seed71.csv,internal:T7|T8|T9,internal,3,0.05128,0.015987250366434308,-0.03529274963356569,0.03529274963356569
Hyb-Adam-UM,30,17,71,HybAdamUM_completed_p30_rep17_seed71.csv,internal:T7|T8,internal,2,0.02354,0.004091845030748191,-0.019448154969251806,0.019448154969251806
Hyb-Adam-UM,30,17,71,HybAdamUM_completed_p30_rep17_seed71.csv,terminal:T7,terminal,1,0.11573,0.07083424696627175,-0.04489575303372825,0.04489575303372825
Hyb-Adam-UM,30,17,71,HybAdamUM_completed_p30_rep17_seed71.csv,terminal:T8,terminal,1,0.11535,0.07616744486905623,-0.039182555130943764,0.039182555130943764
Hyb-Adam-UM,30,17,71,HybAdamUM_completed_p30_rep17_seed71.csv,terminal:T9,terminal,1,0.12153,0.07641464373255902,-0.04511535626744098,0.04511535626744098
Hyb-Adam-UM,30,17,71,HybAdamUM_completed_p30_rep17_seed71.csv,terminal:T10,terminal,1,0.18189,0.09551073209319116,-0.08637926790680883,0.08637926790680883
Hyb-Adam-UM,30,17,71,HybAdamUM_completed_p30_rep17_seed71.csv,internal:T11|T12|T13|T14|T15,internal,5,0.11651,0.024356817365726757,-0.09215318263427325,0.09215318263427325
Hyb-Adam-UM,30,17,71,HybAdamUM_completed_p30_rep17_seed71.csv,internal:T11|T12,internal,2,0.22637,0.0402552193031003,-0.18611478069689968,0.18611478069689968
Hyb-Adam-UM,30,17,71,HybAdamUM_completed_p30_rep17_seed71.csv,terminal:T11,terminal,1,0.16094,0.08795124402644725,-0.07298875597355275,0.07298875597355275
Hyb-Adam-UM,30,17,71,HybAdamUM_completed_p30_rep17_seed71.csv,terminal:T12,terminal,1,0.14942,0.08503785662507807,-0.06438214337492193,0.06438214337492193
Hyb-Adam-UM,30,17,71,HybAdamUM_completed_p30_rep17_seed71.csv,internal:T13|T14|T15,internal,3,0.18561,0.01725789218513211,-0.1683521078148679,0.1683521078148679
Hyb-Adam-UM,30,17,71,HybAdamUM_completed_p30_rep17_seed71.csv,terminal:T13,terminal,1,0.32149,0.12431101534431127,-0.19717898465568873,0.19717898465568873
Hyb-Adam-UM,30,17,71,HybAdamUM_completed_p30_rep17_seed71.csv,internal:T14|T15,internal,2,0.07113,0.011144558118623213,-0.059985441881376785,0.059985441881376785
Hyb-Adam-UM,30,17,71,HybAdamUM_completed_p30_rep17_seed71.csv,terminal:T14,terminal,1,0.34439,0.12032179132512431,-0.22406820867487565,0.22406820867487565
Hyb-Adam-UM,30,17,71,HybAdamUM_completed_p30_rep17_seed71.csv,terminal:T15,terminal,1,0.24256,0.11555000045701803,-0.12700999954298198,0.12700999954298198
Hyb-Adam-UM,30,18,72,HybAdamUM_completed_p30_rep18_seed72.csv,terminal:T1,terminal,1,0.05696,0.042983332369908964,-0.013976667630091033,0.013976667630091033
Hyb-Adam-UM,30,18,72,HybAdamUM_completed_p30_rep18_seed72.csv,internal:T2|T3,internal,2,0.03472,0.023223073737999658,-0.011496926262000343,0.011496926262000343
Hyb-Adam-UM,30,18,72,HybAdamUM_completed_p30_rep18_seed72.csv,terminal:T2,terminal,1,0.02433,0.020659639055050978,-0.003670360944949023,0.003670360944949023
Hyb-Adam-UM,30,18,72,HybAdamUM_completed_p30_rep18_seed72.csv,terminal:T3,terminal,1,0.02231,0.020372509845118233,-0.0019374901548817672,0.0019374901548817672
Hyb-Adam-UM,30,18,72,HybAdamUM_completed_p30_rep18_seed72.csv,internal:T1|T2|T3,internal,3,0.01863,0.008483089705650936,-0.010146910294349065,0.010146910294349065
Hyb-Adam-UM,30,18,72,HybAdamUM_completed_p30_rep18_seed72.csv,terminal:T4,terminal,1,0.07771,0.054355683930483824,-0.023354316069516178,0.023354316069516178
Hyb-Adam-UM,30,18,72,HybAdamUM_completed_p30_rep18_seed72.csv,internal:T1|T2|T3|T4,internal,4,0.04682,0.020414976361851116,-0.026405023638148884,0.026405023638148884
Hyb-Adam-UM,30,18,72,HybAdamUM_completed_p30_rep18_seed72.csv,terminal:T5,terminal,1,0.12997,0.07613313998772421,-0.05383686001227579,0.05383686001227579
Hyb-Adam-UM,30,18,72,HybAdamUM_completed_p30_rep18_seed72.csv,internal:T1|T2|T3|T4|T5,internal,5,0.03057,0.006766036283549743,-0.023803963716450258,0.023803963716450258
Hyb-Adam-UM,30,18,72,HybAdamUM_completed_p30_rep18_seed72.csv,terminal:T6,terminal,1,0.14605,0.08339071478876794,-0.06265928521123207,0.06265928521123207
Hyb-Adam-UM,30,18,72,HybAdamUM_completed_p30_rep18_seed72.csv,internal:T1|T2|T3|T4|T5|T6,internal,6,0.0721,0.02181970247088837,-0.05028029752911163,0.05028029752911163
Hyb-Adam-UM,30,18,72,HybAdamUM_completed_p30_rep18_seed72.csv,internal:T10|T7|T8|T9,internal,4,0.08603,0.01587005287649806,-0.07015994712350193,0.07015994712350193
Hyb-Adam-UM,30,18,72,HybAdamUM_completed_p30_rep18_seed72.csv,internal:T7|T8|T9,internal,3,0.05128,0.013892091936536866,-0.037387908063463135,0.037387908063463135
Hyb-Adam-UM,30,18,72,HybAdamUM_completed_p30_rep18_seed72.csv,internal:T7|T8,internal,2,0.02354,0.0,-0.02354,0.02354
Hyb-Adam-UM,30,18,72,HybAdamUM_completed_p30_rep18_seed72.csv,terminal:T7,terminal,1,0.11573,0.07686003706781232,-0.03886996293218768,0.03886996293218768
Hyb-Adam-UM,30,18,72,HybAdamUM_completed_p30_rep18_seed72.csv,terminal:T8,terminal,1,0.11535,0.07919847755978629,-0.036151522440213704,0.036151522440213704
Hyb-Adam-UM,30,18,72,HybAdamUM_completed_p30_rep18_seed72.csv,terminal:T9,terminal,1,0.12153,0.0767310559188755,-0.0447989440811245,0.0447989440811245
Hyb-Adam-UM,30,18,72,HybAdamUM_completed_p30_rep18_seed72.csv,terminal:T10,terminal,1,0.18189,0.09691728329567449,-0.0849727167043255,0.0849727167043255
Hyb-Adam-UM,30,18,72,HybAdamUM_completed_p30_rep18_seed72.csv,internal:T11|T12|T13|T14|T15,internal,5,0.11651,0.022763021352227658,-0.09374697864777234,0.09374697864777234
Hyb-Adam-UM,30,18,72,HybAdamUM_completed_p30_rep18_seed72.csv,internal:T11|T12,internal,2,0.22637,0.04299994548987531,-0.18337005451012467,0.18337005451012467
Hyb-Adam-UM,30,18,72,HybAdamUM_completed_p30_rep18_seed72.csv,terminal:T11,terminal,1,0.16094,0.08786209564140363,-0.07307790435859637,0.07307790435859637
Hyb-Adam-UM,30,18,72,HybAdamUM_completed_p30_rep18_seed72.csv,terminal:T12,terminal,1,0.14942,0.08512700501012169,-0.06429299498987831,0.06429299498987831
Hyb-Adam-UM,30,18,72,HybAdamUM_completed_p30_rep18_seed72.csv,internal:T13|T14|T15,internal,3,0.18561,0.022129706064085018,-0.16348029393591498,0.16348029393591498
Hyb-Adam-UM,30,18,72,HybAdamUM_completed_p30_rep18_seed72.csv,terminal:T13,terminal,1,0.32149,0.12228798105553015,-0.19920201894446984,0.19920201894446984
Hyb-Adam-UM,30,18,72,HybAdamUM_completed_p30_rep18_seed72.csv,internal:T14|T15,internal,2,0.07113,0.006375001198711753,-0.06475499880128825,0.06475499880128825
Hyb-Adam-UM,30,18,72,HybAdamUM_completed_p30_rep18_seed72.csv,terminal:T14,terminal,1,0.34439,0.12204836019636185,-0.22234163980363814,0.22234163980363814
Hyb-Adam-UM,30,18,72,HybAdamUM_completed_p30_rep18_seed72.csv,terminal:T15,terminal,1,0.24256,0.11382343158578048,-0.12873656841421952,0.12873656841421952
Hyb-Adam-UM,30,19,73,HybAdamUM_completed_p30_rep19_seed73.csv,terminal:T1,terminal,1,0.05696,0.04310399577655948,-0.013856004223440514,0.013856004223440514
Hyb-Adam-UM,30,19,73,HybAdamUM_completed_p30_rep19_seed73.csv,internal:T2|T3,internal,2,0.03472,0.0,-0.03472,0.03472
Hyb-Adam-UM,30,19,73,HybAdamUM_completed_p30_rep19_seed73.csv,terminal:T2,terminal,1,0.02433,0.04350464493515074,0.019174644935150736,0.019174644935150736
Hyb-Adam-UM,30,19,73,HybAdamUM_completed_p30_rep19_seed73.csv,terminal:T3,terminal,1,0.02231,0.04344346775131567,0.02113346775131567,0.02113346775131567
Hyb-Adam-UM,30,19,73,HybAdamUM_completed_p30_rep19_seed73.csv,internal:T1|T2|T3,internal,3,0.01863,0.008572244862651847,-0.010057755137348154,0.010057755137348154
Hyb-Adam-UM,30,19,73,HybAdamUM_completed_p30_rep19_seed73.csv,terminal:T4,terminal,1,0.07771,0.05320641898540687,-0.02450358101459313,0.02450358101459313
Hyb-Adam-UM,30,19,73,HybAdamUM_completed_p30_rep19_seed73.csv,internal:T1|T2|T3|T4,internal,4,0.04682,0.021680015239513278,-0.025139984760486723,0.025139984760486723
Hyb-Adam-UM,30,19,73,HybAdamUM_completed_p30_rep19_seed73.csv,terminal:T5,terminal,1,0.12997,0.07692339091933811,-0.05304660908066189,0.05304660908066189
Hyb-Adam-UM,30,19,73,HybAdamUM_completed_p30_rep19_seed73.csv,internal:T1|T2|T3|T4|T5,internal,5,0.03057,0.005600469822736871,-0.024969530177263128,0.024969530177263128
Hyb-Adam-UM,30,19,73,HybAdamUM_completed_p30_rep19_seed73.csv,terminal:T6,terminal,1,0.14605,0.0836310192808387,-0.06241898071916131,0.06241898071916131
Hyb-Adam-UM,30,19,73,HybAdamUM_completed_p30_rep19_seed73.csv,internal:T1|T2|T3|T4|T5|T6,internal,6,0.0721,0.021681340198901805,-0.05041865980109819,0.05041865980109819
Hyb-Adam-UM,30,19,73,HybAdamUM_completed_p30_rep19_seed73.csv,internal:T10|T7|T8|T9,internal,4,0.08603,0.015182531222665043,-0.07084746877733496,0.07084746877733496
Hyb-Adam-UM,30,19,73,HybAdamUM_completed_p30_rep19_seed73.csv,internal:T7|T8|T9,internal,3,0.05128,0.012921748626492249,-0.03835825137350775,0.03835825137350775
Hyb-Adam-UM,30,19,73,HybAdamUM_completed_p30_rep19_seed73.csv,internal:T7|T8,internal,2,0.02354,0.007237250130805585,-0.016302749869194413,0.016302749869194413
Hyb-Adam-UM,30,19,73,HybAdamUM_completed_p30_rep19_seed73.csv,terminal:T7,terminal,1,0.11573,0.07045619444204533,-0.04527380555795467,0.04527380555795467
Hyb-Adam-UM,30,19,73,HybAdamUM_completed_p30_rep19_seed73.csv,terminal:T8,terminal,1,0.11535,0.07654549739328273,-0.038804502606717264,0.038804502606717264
Hyb-Adam-UM,30,19,73,HybAdamUM_completed_p30_rep19_seed73.csv,terminal:T9,terminal,1,0.12153,0.07823913560163545,-0.04329086439836455,0.04329086439836455
Hyb-Adam-UM,30,19,73,HybAdamUM_completed_p30_rep19_seed73.csv,terminal:T10,terminal,1,0.18189,0.09560925058980656,-0.08628074941019344,0.08628074941019344
Hyb-Adam-UM,30,19,73,HybAdamUM_completed_p30_rep19_seed73.csv,internal:T11|T12|T13|T14|T15,internal,5,0.11651,0.023402227409895775,-0.09310777259010422,0.09310777259010422
Hyb-Adam-UM,30,19,73,HybAdamUM_completed_p30_rep19_seed73.csv,internal:T11|T12,internal,2,0.22637,0.04281286194105581,-0.1835571380589442,0.1835571380589442
Hyb-Adam-UM,30,19,73,HybAdamUM_completed_p30_rep19_seed73.csv,terminal:T11,terminal,1,0.16094,0.08716844022335084,-0.07377155977664916,0.07377155977664916
Hyb-Adam-UM,30,19,73,HybAdamUM_completed_p30_rep19_seed73.csv,terminal:T12,terminal,1,0.14942,0.08582066042817449,-0.06359933957182551,0.06359933957182551
Hyb-Adam-UM,30,19,73,HybAdamUM_completed_p30_rep19_seed73.csv,internal:T13|T14|T15,internal,3,0.18561,0.022562404931970537,-0.16304759506802946,0.16304759506802946
Hyb-Adam-UM,30,19,73,HybAdamUM_completed_p30_rep19_seed73.csv,terminal:T13,terminal,1,0.32149,0.12188414505751156,-0.19960585494248845,0.19960585494248845
Hyb-Adam-UM,30,19,73,HybAdamUM_completed_p30_rep19_seed73.csv,internal:T14|T15,internal,2,0.07113,0.0067788371967302755,-0.06435116280326972,0.06435116280326972
Hyb-Adam-UM,30,19,73,HybAdamUM_completed_p30_rep19_seed73.csv,terminal:T14,terminal,1,0.34439,0.12139682527239627,-0.22299317472760372,0.22299317472760372
Hyb-Adam-UM,30,19,73,HybAdamUM_completed_p30_rep19_seed73.csv,terminal:T15,terminal,1,0.24256,0.11447496650974615,-0.12808503349025385,0.12808503349025385
Hyb-Adam-UM,30,20,74,HybAdamUM_completed_p30_rep20_seed74.csv,terminal:T1,terminal,1,0.05696,0.041683521116187165,-0.015276478883812832,0.015276478883812832
Hyb-Adam-UM,30,20,74,HybAdamUM_completed_p30_rep20_seed74.csv,internal:T2|T3,internal,2,0.03472,0.023649709511236655,-0.011070290488763346,0.011070290488763346
Hyb-Adam-UM,30,20,74,HybAdamUM_completed_p30_rep20_seed74.csv,terminal:T2,terminal,1,0.02433,0.020609968605151244,-0.0037200313948487565,0.0037200313948487565
Hyb-Adam-UM,30,20,74,HybAdamUM_completed_p30_rep20_seed74.csv,terminal:T3,terminal,1,0.02231,0.0204221802950179,-0.0018878197049820994,0.0018878197049820994
Hyb-Adam-UM,30,20,74,HybAdamUM_completed_p30_rep20_seed74.csv,internal:T1|T2|T3,internal,3,0.01863,0.008763248945464831,-0.00986675105453517,0.00986675105453517
Hyb-Adam-UM,30,20,74,HybAdamUM_completed_p30_rep20_seed74.csv,terminal:T4,terminal,1,0.07771,0.053449156956529346,-0.024260843043470655,0.024260843043470655
Hyb-Adam-UM,30,20,74,HybAdamUM_completed_p30_rep20_seed74.csv,internal:T1|T2|T3|T4,internal,4,0.04682,0.021577346768336926,-0.025242653231663074,0.025242653231663074
Hyb-Adam-UM,30,20,74,HybAdamUM_completed_p30_rep20_seed74.csv,terminal:T5,terminal,1,0.12997,0.07791414598409004,-0.052055854015909966,0.052055854015909966
Hyb-Adam-UM,30,20,74,HybAdamUM_completed_p30_rep20_seed74.csv,internal:T1|T2|T3|T4|T5,internal,5,0.03057,0.005941719903816105,-0.024628280096183897,0.024628280096183897
Hyb-Adam-UM,30,20,74,HybAdamUM_completed_p30_rep20_seed74.csv,terminal:T6,terminal,1,0.14605,0.08288632711164838,-0.06316367288835163,0.06316367288835163
Hyb-Adam-UM,30,20,74,HybAdamUM_completed_p30_rep20_seed74.csv,internal:T1|T2|T3|T4|T5|T6,internal,6,0.0721,0.021727748270750122,-0.050372251729249876,0.050372251729249876
Hyb-Adam-UM,30,20,74,HybAdamUM_completed_p30_rep20_seed74.csv,internal:T10|T7|T8|T9,internal,4,0.08603,0.0157975674436061,-0.07023243255639389,0.07023243255639389
Hyb-Adam-UM,30,20,74,HybAdamUM_completed_p30_rep20_seed74.csv,internal:T7|T8|T9,internal,3,0.05128,0.014851687879421418,-0.03642831212057858,0.03642831212057858
Hyb-Adam-UM,30,20,74,HybAdamUM_completed_p30_rep20_seed74.csv,internal:T7|T8,internal,2,0.02354,0.004478970189822514,-0.019061029810177484,0.019061029810177484
Hyb-Adam-UM,30,20,74,HybAdamUM_completed_p30_rep20_seed74.csv,terminal:T7,terminal,1,0.11573,0.07198548603818297,-0.04374451396181703,0.04374451396181703
Hyb-Adam-UM,30,20,74,HybAdamUM_completed_p30_rep20_seed74.csv,terminal:T8,terminal,1,0.11535,0.07501620579714506,-0.04033379420285493,0.04033379420285493
Hyb-Adam-UM,30,20,74,HybAdamUM_completed_p30_rep20_seed74.csv,terminal:T9,terminal,1,0.12153,0.07602751857348465,-0.04550248142651535,0.04550248142651535
Hyb-Adam-UM,30,20,74,HybAdamUM_completed_p30_rep20_seed74.csv,terminal:T10,terminal,1,0.18189,0.09640078965321566,-0.08548921034678433,0.08548921034678433
Hyb-Adam-UM,30,20,74,HybAdamUM_completed_p30_rep20_seed74.csv,internal:T11|T12|T13|T14|T15,internal,5,0.11651,0.021754887907107605,-0.09475511209289239,0.09475511209289239
Hyb-Adam-UM,30,20,74,HybAdamUM_completed_p30_rep20_seed74.csv,internal:T11|T12,internal,2,0.22637,0.04319006379595094,-0.18317993620404904,0.18317993620404904
Hyb-Adam-UM,30,20,74,HybAdamUM_completed_p30_rep20_seed74.csv,terminal:T11,terminal,1,0.16094,0.08778242368266588,-0.07315757631733412,0.07315757631733412
Hyb-Adam-UM,30,20,74,HybAdamUM_completed_p30_rep20_seed74.csv,terminal:T12,terminal,1,0.14942,0.08520667696885938,-0.06421332303114062,0.06421332303114062
Hyb-Adam-UM,30,20,74,HybAdamUM_completed_p30_rep20_seed74.csv,internal:T13|T14|T15,internal,3,0.18561,0.013773873149310462,-0.17183612685068952,0.17183612685068952
Hyb-Adam-UM,30,20,74,HybAdamUM_completed_p30_rep20_seed74.csv,terminal:T13,terminal,1,0.32149,0.13049014479332602,-0.19099985520667398,0.19099985520667398
Hyb-Adam-UM,30,20,74,HybAdamUM_completed_p30_rep20_seed74.csv,internal:T14|T15,internal,2,0.07113,0.0,-0.07113,0.07113
Hyb-Adam-UM,30,20,74,HybAdamUM_completed_p30_rep20_seed74.csv,terminal:T14,terminal,1,0.34439,0.13867307912954477,-0.2057169208704552,0.2057169208704552
Hyb-Adam-UM,30,20,74,HybAdamUM_completed_p30_rep20_seed74.csv,terminal:T15,terminal,1,0.24256,0.1293572841605178,-0.11320271583948219,0.11320271583948219
Hyb-Adam-UM,30,21,75,HybAdamUM_completed_p30_rep21_seed75.csv,terminal:T1,terminal,1,0.05696,0.04323527942415303,-0.01372472057584697,0.01372472057584697
Hyb-Adam-UM,30,21,75,HybAdamUM_completed_p30_rep21_seed75.csv,internal:T2|T3,internal,2,0.03472,0.0,-0.03472,0.03472
Hyb-Adam-UM,30,21,75,HybAdamUM_completed_p30_rep21_seed75.csv,terminal:T2,terminal,1,0.02433,0.04586110693945629,0.02153110693945629,0.02153110693945629
Hyb-Adam-UM,30,21,75,HybAdamUM_completed_p30_rep21_seed75.csv,terminal:T3,terminal,1,0.02231,0.04526273352416592,0.02295273352416592,0.02295273352416592
Hyb-Adam-UM,30,21,75,HybAdamUM_completed_p30_rep21_seed75.csv,internal:T1|T2|T3,internal,3,0.01863,0.00683299118048581,-0.01179700881951419,0.01179700881951419
Hyb-Adam-UM,30,21,75,HybAdamUM_completed_p30_rep21_seed75.csv,terminal:T4,terminal,1,0.07771,0.05393140443852651,-0.023778595561473492,0.023778595561473492
Hyb-Adam-UM,30,21,75,HybAdamUM_completed_p30_rep21_seed75.csv,internal:T1|T2|T3|T4,internal,4,0.04682,0.021705157418915447,-0.025114842581084554,0.025114842581084554
Hyb-Adam-UM,30,21,75,HybAdamUM_completed_p30_rep21_seed75.csv,terminal:T5,terminal,1,0.12997,0.07720308135410879,-0.05276691864589121,0.05276691864589121
Hyb-Adam-UM,30,21,75,HybAdamUM_completed_p30_rep21_seed75.csv,internal:T1|T2|T3|T4|T5,internal,5,0.03057,0.006243847721309491,-0.02432615227869051,0.02432615227869051
Hyb-Adam-UM,30,21,75,HybAdamUM_completed_p30_rep21_seed75.csv,terminal:T6,terminal,1,0.14605,0.08429112403010044,-0.06175887596989957,0.06175887596989957
Hyb-Adam-UM,30,21,75,HybAdamUM_completed_p30_rep21_seed75.csv,internal:T1|T2|T3|T4|T5|T6,internal,6,0.0721,0.0215585931626345,-0.05054140683736549,0.05054140683736549
Hyb-Adam-UM,30,21,75,HybAdamUM_completed_p30_rep21_seed75.csv,internal:T10|T7|T8|T9,internal,4,0.08603,0.014792752846881743,-0.07123724715311826,0.07123724715311826
Hyb-Adam-UM,30,21,75,HybAdamUM_completed_p30_rep21_seed75.csv,internal:T7|T8|T9,internal,3,0.05128,0.015667841945212365,-0.03561215805478764,0.03561215805478764
Hyb-Adam-UM,30,21,75,HybAdamUM_completed_p30_rep21_seed75.csv,internal:T7|T8,internal,2,0.02354,0.003724504333558428,-0.01981549566644157,0.01981549566644157
Hyb-Adam-UM,30,21,75,HybAdamUM_completed_p30_rep21_seed75.csv,terminal:T7,terminal,1,0.11573,0.07117331279402436,-0.04455668720597564,0.04455668720597564
Hyb-Adam-UM,30,21,75,HybAdamUM_completed_p30_rep21_seed75.csv,terminal:T8,terminal,1,0.11535,0.07582837904130361,-0.03952162095869638,0.03952162095869638
Hyb-Adam-UM,30,21,75,HybAdamUM_completed_p30_rep21_seed75.csv,terminal:T9,terminal,1,0.12153,0.07678198442974883,-0.04474801557025117,0.04474801557025117
Hyb-Adam-UM,30,21,75,HybAdamUM_completed_p30_rep21_seed75.csv,terminal:T10,terminal,1,0.18189,0.09585431254842006,-0.08603568745157994,0.08603568745157994
Hyb-Adam-UM,30,21,75,HybAdamUM_completed_p30_rep21_seed75.csv,internal:T11|T12|T13|T14|T15,internal,5,0.11651,0.023389535582171012,-0.093120464417829,0.093120464417829
Hyb-Adam-UM,30,21,75,HybAdamUM_completed_p30_rep21_seed75.csv,internal:T11|T12,internal,2,0.22637,0.04236369347885707,-0.18400630652114291,0.18400630652114291
Hyb-Adam-UM,30,21,75,HybAdamUM_completed_p30_rep21_seed75.csv,terminal:T11,terminal,1,0.16094,0.08803127877097155,-0.07290872122902844,0.07290872122902844
Hyb-Adam-UM,30,21,75,HybAdamUM_completed_p30_rep21_seed75.csv,terminal:T12,terminal,1,0.14942,0.0849578218805538,-0.0644621781194462,0.0644621781194462
Hyb-Adam-UM,30,21,75,HybAdamUM_completed_p30_rep21_seed75.csv,internal:T13|T14|T15,internal,3,0.18561,0.017443713981563712,-0.16816628601843628,0.16816628601843628
Hyb-Adam-UM,30,21,75,HybAdamUM_completed_p30_rep21_seed75.csv,terminal:T13,terminal,1,0.32149,0.12700283377071644,-0.19448716622928355,0.19448716622928355
Hyb-Adam-UM,30,21,75,HybAdamUM_completed_p30_rep21_seed75.csv,internal:T14|T15,internal,2,0.07113,0.0,-0.07113,0.07113
Hyb-Adam-UM,30,21,75,HybAdamUM_completed_p30_rep21_seed75.csv,terminal:T14,terminal,1,0.34439,0.13331268872878407,-0.2110773112712159,0.2110773112712159
Hyb-Adam-UM,30,21,75,HybAdamUM_completed_p30_rep21_seed75.csv,terminal:T15,terminal,1,0.24256,0.12578453599056066,-0.11677546400943933,0.11677546400943933
Hyb-Adam-UM,30,22,76,HybAdamUM_completed_p30_rep22_seed76.csv,terminal:T1,terminal,1,0.05696,0.042170096253905165,-0.014789903746094832,0.014789903746094832
Hyb-Adam-UM,30,22,76,HybAdamUM_completed_p30_rep22_seed76.csv,internal:T2|T3,internal,2,0.03472,0.0231631343735185,-0.011556865626481502,0.011556865626481502
Hyb-Adam-UM,30,22,76,HybAdamUM_completed_p30_rep22_seed76.csv,terminal:T2,terminal,1,0.02433,0.020811332027712747,-0.003518667972287254,0.003518667972287254
Hyb-Adam-UM,30,22,76,HybAdamUM_completed_p30_rep22_seed76.csv,terminal:T3,terminal,1,0.02231,0.020220816872456453,-0.0020891831275435466,0.0020891831275435466
Hyb-Adam-UM,30,22,76,HybAdamUM_completed_p30_rep22_seed76.csv,internal:T1|T2|T3,internal,3,0.01863,0.007774096144703799,-0.010855903855296202,0.010855903855296202
Hyb-Adam-UM,30,22,76,HybAdamUM_completed_p30_rep22_seed76.csv,terminal:T4,terminal,1,0.07771,0.05398611117065617,-0.023723888829343828,0.023723888829343828
Hyb-Adam-UM,30,22,76,HybAdamUM_completed_p30_rep22_seed76.csv,internal:T1|T2|T3|T4,internal,4,0.04682,0.021505921835325716,-0.025314078164674285,0.025314078164674285
Hyb-Adam-UM,30,22,76,HybAdamUM_completed_p30_rep22_seed76.csv,terminal:T5,terminal,1,0.12997,0.07800660409754988,-0.051963395902450124,0.051963395902450124
Hyb-Adam-UM,30,22,76,HybAdamUM_completed_p30_rep22_seed76.csv,internal:T1|T2|T3|T4|T5,internal,5,0.03057,0.007351503077903529,-0.02321849692209647,0.02321849692209647
Hyb-Adam-UM,30,22,76,HybAdamUM_completed_p30_rep22_seed76.csv,terminal:T6,terminal,1,0.14605,0.08414048680013805,-0.06190951319986196,0.06190951319986196
Hyb-Adam-UM,30,22,76,HybAdamUM_completed_p30_rep22_seed76.csv,internal:T1|T2|T3|T4|T5|T6,internal,6,0.0721,0.020856220211385376,-0.05124377978861462,0.05124377978861462
Hyb-Adam-UM,30,22,76,HybAdamUM_completed_p30_rep22_seed76.csv,internal:T10|T7|T8|T9,internal,4,0.08603,0.014699534291171759,-0.07133046570882824,0.07133046570882824
Hyb-Adam-UM,30,22,76,HybAdamUM_completed_p30_rep22_seed76.csv,internal:T7|T8|T9,internal,3,0.05128,0.01571582422409087,-0.03556417577590913,0.03556417577590913
Hyb-Adam-UM,30,22,76,HybAdamUM_completed_p30_rep22_seed76.csv,internal:T7|T8,internal,2,0.02354,0.005085068222450096,-0.0184549317775499,0.0184549317775499
Hyb-Adam-UM,30,22,76,HybAdamUM_completed_p30_rep22_seed76.csv,terminal:T7,terminal,1,0.11573,0.07050181228815902,-0.04522818771184098,0.04522818771184098
Hyb-Adam-UM,30,22,76,HybAdamUM_completed_p30_rep22_seed76.csv,terminal:T8,terminal,1,0.11535,0.0764998795471689,-0.038850120452831094,0.038850120452831094
Hyb-Adam-UM,30,22,76,HybAdamUM_completed_p30_rep22_seed76.csv,terminal:T9,terminal,1,0.12153,0.07542142054085715,-0.046108579459142846,0.046108579459142846
Hyb-Adam-UM,30,22,76,HybAdamUM_completed_p30_rep22_seed76.csv,terminal:T10,terminal,1,0.18189,0.09535280897324434,-0.08653719102675565,0.08653719102675565
Hyb-Adam-UM,30,22,76,HybAdamUM_completed_p30_rep22_seed76.csv,internal:T11|T12|T13|T14|T15,internal,5,0.11651,0.020961138309874373,-0.09554886169012564,0.09554886169012564
Hyb-Adam-UM,30,22,76,HybAdamUM_completed_p30_rep22_seed76.csv,internal:T11|T12,internal,2,0.22637,0.041854474007222545,-0.18451552599277743,0.18451552599277743
Hyb-Adam-UM,30,22,76,HybAdamUM_completed_p30_rep22_seed76.csv,terminal:T11,terminal,1,0.16094,0.08670722669813807,-0.07423277330186193,0.07423277330186193
Hyb-Adam-UM,30,22,76,HybAdamUM_completed_p30_rep22_seed76.csv,terminal:T12,terminal,1,0.14942,0.08628187395338724,-0.06313812604661276,0.06313812604661276
Hyb-Adam-UM,30,22,76,HybAdamUM_completed_p30_rep22_seed76.csv,internal:T13|T14|T15,internal,3,0.18561,0.019138271962057463,-0.16647172803794252,0.16647172803794252
Hyb-Adam-UM,30,22,76,HybAdamUM_completed_p30_rep22_seed76.csv,terminal:T13,terminal,1,0.32149,0.12413798840997352,-0.19735201159002647,0.19735201159002647
Hyb-Adam-UM,30,22,76,HybAdamUM_completed_p30_rep22_seed76.csv,internal:T14|T15,internal,2,0.07113,0.0,-0.07113,0.07113
Hyb-Adam-UM,30,22,76,HybAdamUM_completed_p30_rep22_seed76.csv,terminal:T14,terminal,1,0.34439,0.1352678116154686,-0.20912218838453137,0.20912218838453137
Hyb-Adam-UM,30,22,76,HybAdamUM_completed_p30_rep22_seed76.csv,terminal:T15,terminal,1,0.24256,0.1263116545815898,-0.1162483454184102,0.1162483454184102
Hyb-Adam-UM,30,23,77,HybAdamUM_completed_p30_rep23_seed77.csv,terminal:T1,terminal,1,0.05696,0.04091484705622986,-0.01604515294377014,0.01604515294377014
Hyb-Adam-UM,30,23,77,HybAdamUM_completed_p30_rep23_seed77.csv,internal:T2|T3,internal,2,0.03472,0.024418383571193927,-0.010301616428806074,0.010301616428806074
Hyb-Adam-UM,30,23,77,HybAdamUM_completed_p30_rep23_seed77.csv,terminal:T2,terminal,1,0.02433,0.02070158423692279,-0.003628415763077212,0.003628415763077212
Hyb-Adam-UM,30,23,77,HybAdamUM_completed_p30_rep23_seed77.csv,terminal:T3,terminal,1,0.02231,0.020330564663246408,-0.001979435336753592,0.001979435336753592
Hyb-Adam-UM,30,23,77,HybAdamUM_completed_p30_rep23_seed77.csv,internal:T1|T2|T3,internal,3,0.01863,0.007970350467641132,-0.010659649532358869,0.010659649532358869
Hyb-Adam-UM,30,23,77,HybAdamUM_completed_p30_rep23_seed77.csv,terminal:T4,terminal,1,0.07771,0.05458124505124191,-0.023128754948758094,0.023128754948758094
Hyb-Adam-UM,30,23,77,HybAdamUM_completed_p30_rep23_seed77.csv,internal:T1|T2|T3|T4,internal,4,0.04682,0.020284044775709446,-0.026535955224290555,0.026535955224290555
Hyb-Adam-UM,30,23,77,HybAdamUM_completed_p30_rep23_seed77.csv,terminal:T5,terminal,1,0.12997,0.07715526986099287,-0.05281473013900713,0.05281473013900713
Hyb-Adam-UM,30,23,77,HybAdamUM_completed_p30_rep23_seed77.csv,internal:T1|T2|T3|T4|T5,internal,5,0.03057,0.00761225627391601,-0.02295774372608399,0.02295774372608399
Hyb-Adam-UM,30,23,77,HybAdamUM_completed_p30_rep23_seed77.csv,terminal:T6,terminal,1,0.14605,0.08397429551113222,-0.06207570448886779,0.06207570448886779
Hyb-Adam-UM,30,23,77,HybAdamUM_completed_p30_rep23_seed77.csv,internal:T1|T2|T3|T4|T5|T6,internal,6,0.0721,0.021525396038311672,-0.05057460396168832,0.05057460396168832
Hyb-Adam-UM,30,23,77,HybAdamUM_completed_p30_rep23_seed77.csv,internal:T10|T7|T8|T9,internal,4,0.08603,0.015856649583097373,-0.07017335041690262,0.07017335041690262
Hyb-Adam-UM,30,23,77,HybAdamUM_completed_p30_rep23_seed77.csv,internal:T7|T8|T9,internal,3,0.05128,0.014221854872119476,-0.037058145127880526,0.037058145127880526
Hyb-Adam-UM,30,23,77,HybAdamUM_completed_p30_rep23_seed77.csv,internal:T7|T8,internal,2,0.02354,0.004503421749102619,-0.019036578250897378,0.019036578250897378
Hyb-Adam-UM,30,23,77,HybAdamUM_completed_p30_rep23_seed77.csv,terminal:T7,terminal,1,0.11573,0.07144063196829045,-0.04428936803170955,0.04428936803170955
Hyb-Adam-UM,30,23,77,HybAdamUM_completed_p30_rep23_seed77.csv,terminal:T8,terminal,1,0.11535,0.0755610598670376,-0.0397889401329624,0.0397889401329624
Hyb-Adam-UM,30,23,77,HybAdamUM_completed_p30_rep23_seed77.csv,terminal:T9,terminal,1,0.12153,0.07600306701420456,-0.04552693298579544,0.04552693298579544
Hyb-Adam-UM,30,23,77,HybAdamUM_completed_p30_rep23_seed77.csv,terminal:T10,terminal,1,0.18189,0.09622405692227526,-0.08566594307772474,0.08566594307772474
Hyb-Adam-UM,30,23,77,HybAdamUM_completed_p30_rep23_seed77.csv,internal:T11|T12|T13|T14|T15,internal,5,0.11651,0.021101741622929163,-0.09540825837707084,0.09540825837707084
Hyb-Adam-UM,30,23,77,HybAdamUM_completed_p30_rep23_seed77.csv,internal:T11|T12,internal,2,0.22637,0.04084483613703778,-0.1855251638629622,0.1855251638629622
Hyb-Adam-UM,30,23,77,HybAdamUM_completed_p30_rep23_seed77.csv,terminal:T11,terminal,1,0.16094,0.08723171004414174,-0.07370828995585826,0.07370828995585826
Hyb-Adam-UM,30,23,77,HybAdamUM_completed_p30_rep23_seed77.csv,terminal:T12,terminal,1,0.14942,0.08575739060738356,-0.06366260939261643,0.06366260939261643
Hyb-Adam-UM,30,23,77,HybAdamUM_completed_p30_rep23_seed77.csv,internal:T13|T14|T15,internal,3,0.18561,0.013462191263617876,-0.17214780873638214,0.17214780873638214
Hyb-Adam-UM,30,23,77,HybAdamUM_completed_p30_rep23_seed77.csv,terminal:T13,terminal,1,0.32149,0.13389195888460223,-0.18759804111539777,0.18759804111539777
Hyb-Adam-UM,30,23,77,HybAdamUM_completed_p30_rep23_seed77.csv,internal:T14|T15,internal,2,0.07113,0.0,-0.07113,0.07113
Hyb-Adam-UM,30,23,77,HybAdamUM_completed_p30_rep23_seed77.csv,terminal:T14,terminal,1,0.34439,0.13718386465039387,-0.2072061353496061,0.2072061353496061
Hyb-Adam-UM,30,23,77,HybAdamUM_completed_p30_rep23_seed77.csv,terminal:T15,terminal,1,0.24256,0.13229539976986693,-0.11026460023013307,0.11026460023013307
Hyb-Adam-UM,30,24,78,HybAdamUM_completed_p30_rep24_seed78.csv,terminal:T1,terminal,1,0.05696,0.057631366393707674,0.0006713663937076772,0.0006713663937076772
Hyb-Adam-UM,30,24,78,HybAdamUM_completed_p30_rep24_seed78.csv,internal:T2|T3,internal,2,0.03472,0.0,-0.03472,0.03472
Hyb-Adam-UM,30,24,78,HybAdamUM_completed_p30_rep24_seed78.csv,terminal:T2,terminal,1,0.02433,0.06065176936641079,0.036321769366410794,0.036321769366410794
Hyb-Adam-UM,30,24,78,HybAdamUM_completed_p30_rep24_seed78.csv,terminal:T3,terminal,1,0.02231,0.06841164266478378,0.04610164266478378,0.04610164266478378
Hyb-Adam-UM,30,24,78,HybAdamUM_completed_p30_rep24_seed78.csv,internal:T1|T2|T3,internal,3,0.01863,0.0,-0.01863,0.01863
Hyb-Adam-UM,30,24,78,HybAdamUM_completed_p30_rep24_seed78.csv,terminal:T4,terminal,1,0.07771,0.06309212200705533,-0.014617877992944672,0.014617877992944672
Hyb-Adam-UM,30,24,78,HybAdamUM_completed_p30_rep24_seed78.csv,internal:T1|T2|T3|T4,internal,4,0.04682,0.007974630368265952,-0.038845369631734045,0.038845369631734045
Hyb-Adam-UM,30,24,78,HybAdamUM_completed_p30_rep24_seed78.csv,terminal:T5,terminal,1,0.12997,0.07533435002516563,-0.054635649974834374,0.054635649974834374
Hyb-Adam-UM,30,24,78,HybAdamUM_completed_p30_rep24_seed78.csv,internal:T1|T2|T3|T4|T5,internal,5,0.03057,0.009677567461047757,-0.020892432538952243,0.020892432538952243
Hyb-Adam-UM,30,24,78,HybAdamUM_completed_p30_rep24_seed78.csv,terminal:T6,terminal,1,0.14605,0.08398256543288295,-0.062067434567117066,0.062067434567117066
Hyb-Adam-UM,30,24,78,HybAdamUM_completed_p30_rep24_seed78.csv,internal:T1|T2|T3|T4|T5|T6,internal,6,0.0721,0.020172123475340427,-0.05192787652465957,0.05192787652465957
Hyb-Adam-UM,30,24,78,HybAdamUM_completed_p30_rep24_seed78.csv,internal:T10|T7|T8|T9,internal,4,0.08603,0.016169345983401064,-0.06986065401659894,0.06986065401659894
Hyb-Adam-UM,30,24,78,HybAdamUM_completed_p30_rep24_seed78.csv,internal:T7|T8|T9,internal,3,0.05128,0.015118338204325503,-0.036161661795674496,0.036161661795674496
Hyb-Adam-UM,30,24,78,HybAdamUM_completed_p30_rep24_seed78.csv,internal:T7|T8,internal,2,0.02354,0.004845866305007962,-0.018694133694992038,0.018694133694992038
Hyb-Adam-UM,30,24,78,HybAdamUM_completed_p30_rep24_seed78.csv,terminal:T7,terminal,1,0.11573,0.07007573916430476,-0.04565426083569524,0.04565426083569524
Hyb-Adam-UM,30,24,78,HybAdamUM_completed_p30_rep24_seed78.csv,terminal:T8,terminal,1,0.11535,0.07692595267102328,-0.03842404732897671,0.03842404732897671
Hyb-Adam-UM,30,24,78,HybAdamUM_completed_p30_rep24_seed78.csv,terminal:T9,terminal,1,0.12153,0.0756606224582992,-0.0458693775417008,0.0458693775417008
Hyb-Adam-UM,30,24,78,HybAdamUM_completed_p30_rep24_seed78.csv,terminal:T10,terminal,1,0.18189,0.09589087164431852,-0.08599912835568148,0.08599912835568148
Hyb-Adam-UM,30,24,78,HybAdamUM_completed_p30_rep24_seed78.csv,internal:T11|T12|T13|T14|T15,internal,5,0.11651,0.02346819984953755,-0.09304180015046246,0.09304180015046246
Hyb-Adam-UM,30,24,78,HybAdamUM_completed_p30_rep24_seed78.csv,internal:T11|T12,internal,2,0.22637,0.04152873523153177,-0.1848412647684682,0.1848412647684682
Hyb-Adam-UM,30,24,78,HybAdamUM_completed_p30_rep24_seed78.csv,terminal:T11,terminal,1,0.16094,0.08792377754568897,-0.07301622245431102,0.07301622245431102
Hyb-Adam-UM,30,24,78,HybAdamUM_completed_p30_rep24_seed78.csv,terminal:T12,terminal,1,0.14942,0.08506532310583634,-0.06435467689416366,0.06435467689416366
Hyb-Adam-UM,30,24,78,HybAdamUM_completed_p30_rep24_seed78.csv,internal:T13|T14|T15,internal,3,0.18561,0.021490890723482335,-0.16411910927651766,0.16411910927651766
Hyb-Adam-UM,30,24,78,HybAdamUM_completed_p30_rep24_seed78.csv,terminal:T13,terminal,1,0.32149,0.12071956255126143,-0.20077043744873857,0.20077043744873857
Hyb-Adam-UM,30,24,78,HybAdamUM_completed_p30_rep24_seed78.csv,internal:T14|T15,internal,2,0.07113,0.007943419702980422,-0.06318658029701958,0.06318658029701958
Hyb-Adam-UM,30,24,78,HybAdamUM_completed_p30_rep24_seed78.csv,terminal:T14,terminal,1,0.34439,0.12203588050330653,-0.22235411949669343,0.22235411949669343
Hyb-Adam-UM,30,24,78,HybAdamUM_completed_p30_rep24_seed78.csv,terminal:T15,terminal,1,0.24256,0.11383591127883588,-0.12872408872116411,0.12872408872116411
Hyb-Adam-UM,30,25,79,HybAdamUM_completed_p30_rep25_seed79.csv,terminal:T1,terminal,1,0.05696,0.0426081406599429,-0.014351859340057095,0.014351859340057095
Hyb-Adam-UM,30,25,79,HybAdamUM_completed_p30_rep25_seed79.csv,internal:T2|T3,internal,2,0.03472,0.022300660895300747,-0.012419339104699254,0.012419339104699254
Hyb-Adam-UM,30,25,79,HybAdamUM_completed_p30_rep25_seed79.csv,terminal:T2,terminal,1,0.02433,0.020955009959013844,-0.0033749900409861568,0.0033749900409861568
Hyb-Adam-UM,30,25,79,HybAdamUM_completed_p30_rep25_seed79.csv,terminal:T3,terminal,1,0.02231,0.020077138941155283,-0.0022328610588447165,0.0022328610588447165
Hyb-Adam-UM,30,25,79,HybAdamUM_completed_p30_rep25_seed79.csv,internal:T1|T2|T3,internal,3,0.01863,0.008544074934968686,-0.010085925065031314,0.010085925065031314
Hyb-Adam-UM,30,25,79,HybAdamUM_completed_p30_rep25_seed79.csv,terminal:T4,terminal,1,0.07771,0.05383772658375137,-0.023872273416248632,0.023872273416248632
Hyb-Adam-UM,30,25,79,HybAdamUM_completed_p30_rep25_seed79.csv,internal:T1|T2|T3|T4,internal,4,0.04682,0.02202860797544667,-0.02479139202455333,0.02479139202455333
Hyb-Adam-UM,30,25,79,HybAdamUM_completed_p30_rep25_seed79.csv,terminal:T5,terminal,1,0.12997,0.07741152402904919,-0.05255847597095081,0.05255847597095081
Hyb-Adam-UM,30,25,79,HybAdamUM_completed_p30_rep25_seed79.csv,internal:T1|T2|T3|T4|T5,internal,5,0.03057,0.006520925566759151,-0.02404907443324085,0.02404907443324085
Hyb-Adam-UM,30,25,79,HybAdamUM_completed_p30_rep25_seed79.csv,terminal:T6,terminal,1,0.14605,0.08321896742322231,-0.0628310325767777,0.0628310325767777
Hyb-Adam-UM,30,25,79,HybAdamUM_completed_p30_rep25_seed79.csv,internal:T1|T2|T3|T4|T5|T6,internal,6,0.0721,0.02054358473507246,-0.05155641526492753,0.05155641526492753
Hyb-Adam-UM,30,25,79,HybAdamUM_completed_p30_rep25_seed79.csv,internal:T10|T7|T8|T9,internal,4,0.08603,0.015856170851358962,-0.07017382914864104,0.07017382914864104
Hyb-Adam-UM,30,25,79,HybAdamUM_completed_p30_rep25_seed79.csv,internal:T7|T8|T9,internal,3,0.05128,0.01512839037410625,-0.03615160962589375,0.03615160962589375
Hyb-Adam-UM,30,25,79,HybAdamUM_completed_p30_rep25_seed79.csv,internal:T7|T8,internal,2,0.02354,0.004222677730120566,-0.019317322269879433,0.019317322269879433
Hyb-Adam-UM,30,25,79,HybAdamUM_completed_p30_rep25_seed79.csv,terminal:T7,terminal,1,0.11573,0.07099685644840875,-0.04473314355159125,0.04473314355159125
Hyb-Adam-UM,30,25,79,HybAdamUM_completed_p30_rep25_seed79.csv,terminal:T8,terminal,1,0.11535,0.0760048353869193,-0.0393451646130807,0.0393451646130807
Hyb-Adam-UM,30,25,79,HybAdamUM_completed_p30_rep25_seed79.csv,terminal:T9,terminal,1,0.12153,0.07628381103318661,-0.045246188966813386,0.045246188966813386
Hyb-Adam-UM,30,25,79,HybAdamUM_completed_p30_rep25_seed79.csv,terminal:T10,terminal,1,0.18189,0.09624368863387442,-0.08564631136612558,0.08564631136612558
Hyb-Adam-UM,30,25,79,HybAdamUM_completed_p30_rep25_seed79.csv,internal:T11|T12|T13|T14|T15,internal,5,0.11651,0.022670365984935405,-0.0938396340150646,0.0938396340150646
Hyb-Adam-UM,30,25,79,HybAdamUM_completed_p30_rep25_seed79.csv,internal:T11|T12,internal,2,0.22637,0.001183498658176783,-0.2251865013418232,0.2251865013418232
Hyb-Adam-UM,30,25,79,HybAdamUM_completed_p30_rep25_seed79.csv,terminal:T11,terminal,1,0.16094,0.12836386808257222,-0.03257613191742778,0.03257613191742778
Hyb-Adam-UM,30,25,79,HybAdamUM_completed_p30_rep25_seed79.csv,terminal:T12,terminal,1,0.14942,0.12647884879150487,-0.02294115120849513,0.02294115120849513
Hyb-Adam-UM,30,25,79,HybAdamUM_completed_p30_rep25_seed79.csv,internal:T13|T14|T15,internal,3,0.18561,0.01972833324872715,-0.16588166675127286,0.16588166675127286
Hyb-Adam-UM,30,25,79,HybAdamUM_completed_p30_rep25_seed79.csv,terminal:T13,terminal,1,0.32149,0.12508225507479112,-0.19640774492520888,0.19640774492520888
Hyb-Adam-UM,30,25,79,HybAdamUM_completed_p30_rep25_seed79.csv,internal:T14|T15,internal,2,0.07113,0.010599178522570167,-0.06053082147742983,0.06053082147742983
Hyb-Adam-UM,30,25,79,HybAdamUM_completed_p30_rep25_seed79.csv,terminal:T14,terminal,1,0.34439,0.12241211948105919,-0.2219778805189408,0.2219778805189408
Hyb-Adam-UM,30,25,79,HybAdamUM_completed_p30_rep25_seed79.csv,terminal:T15,terminal,1,0.24256,0.11345967230108318,-0.12910032769891683,0.12910032769891683
Hyb-Adam-UM,30,26,80,HybAdamUM_completed_p30_rep26_seed80.csv,terminal:T1,terminal,1,0.05696,0.05016623283852722,-0.006793767161472779,0.006793767161472779
Hyb-Adam-UM,30,26,80,HybAdamUM_completed_p30_rep26_seed80.csv,internal:T2|T3,internal,2,0.03472,0.0,-0.03472,0.03472
Hyb-Adam-UM,30,26,80,HybAdamUM_completed_p30_rep26_seed80.csv,terminal:T2,terminal,1,0.02433,0.05542765760361857,0.03109765760361857,0.03109765760361857
Hyb-Adam-UM,30,26,80,HybAdamUM_completed_p30_rep26_seed80.csv,terminal:T3,terminal,1,0.02231,0.05248844230265843,0.03017844230265843,0.03017844230265843
Hyb-Adam-UM,30,26,80,HybAdamUM_completed_p30_rep26_seed80.csv,internal:T1|T2|T3,internal,3,0.01863,0.0,-0.01863,0.01863
Hyb-Adam-UM,30,26,80,HybAdamUM_completed_p30_rep26_seed80.csv,terminal:T4,terminal,1,0.07771,0.05471367186550822,-0.022996328134491782,0.022996328134491782
Hyb-Adam-UM,30,26,80,HybAdamUM_completed_p30_rep26_seed80.csv,internal:T1|T2|T3|T4,internal,4,0.04682,0.020144535008974118,-0.026675464991025882,0.026675464991025882
Hyb-Adam-UM,30,26,80,HybAdamUM_completed_p30_rep26_seed80.csv,terminal:T5,terminal,1,0.12997,0.0760787079365281,-0.0538912920634719,0.0538912920634719
Hyb-Adam-UM,30,26,80,HybAdamUM_completed_p30_rep26_seed80.csv,internal:T1|T2|T3|T4|T5,internal,5,0.03057,0.004984834545930887,-0.025585165454069112,0.025585165454069112
Hyb-Adam-UM,30,26,80,HybAdamUM_completed_p30_rep26_seed80.csv,terminal:T6,terminal,1,0.14605,0.08274909946512558,-0.06330090053487443,0.06330090053487443
Hyb-Adam-UM,30,26,80,HybAdamUM_completed_p30_rep26_seed80.csv,internal:T1|T2|T3|T4|T5|T6,internal,6,0.0721,0.022041903741316916,-0.050058096258683085,0.050058096258683085
Hyb-Adam-UM,30,26,80,HybAdamUM_completed_p30_rep26_seed80.csv,internal:T10|T7|T8|T9,internal,4,0.08603,0.016072059723247475,-0.06995794027675252,0.06995794027675252
Hyb-Adam-UM,30,26,80,HybAdamUM_completed_p30_rep26_seed80.csv,internal:T7|T8|T9,internal,3,0.05128,0.01605276542729169,-0.03522723457270831,0.03522723457270831
Hyb-Adam-UM,30,26,80,HybAdamUM_completed_p30_rep26_seed80.csv,internal:T7|T8,internal,2,0.02354,0.004058563028624209,-0.01948143697137579,0.01948143697137579
Hyb-Adam-UM,30,26,80,HybAdamUM_completed_p30_rep26_seed80.csv,terminal:T7,terminal,1,0.11573,0.07058252909922115,-0.04514747090077885,0.04514747090077885
Hyb-Adam-UM,30,26,80,HybAdamUM_completed_p30_rep26_seed80.csv,terminal:T8,terminal,1,0.11535,0.07641916273610691,-0.038930837263893084,0.038930837263893084
Hyb-Adam-UM,30,26,80,HybAdamUM_completed_p30_rep26_seed80.csv,terminal:T9,terminal,1,0.12153,0.076447925734683,-0.045082074265317004,0.045082074265317004
Hyb-Adam-UM,30,26,80,HybAdamUM_completed_p30_rep26_seed80.csv,terminal:T10,terminal,1,0.18189,0.09608022042086842,-0.08580977957913158,0.08580977957913158
Hyb-Adam-UM,30,26,80,HybAdamUM_completed_p30_rep26_seed80.csv,internal:T11|T12|T13|T14|T15,internal,5,0.11651,0.02219342598448241,-0.09431657401551759,0.09431657401551759
Hyb-Adam-UM,30,26,80,HybAdamUM_completed_p30_rep26_seed80.csv,internal:T11|T12,internal,2,0.22637,0.0029511605175439617,-0.22341883948245603,0.22341883948245603
Hyb-Adam-UM,30,26,80,HybAdamUM_completed_p30_rep26_seed80.csv,terminal:T11,terminal,1,0.16094,0.12842383768654464,-0.03251616231345536,0.03251616231345536
Hyb-Adam-UM,30,26,80,HybAdamUM_completed_p30_rep26_seed80.csv,terminal:T12,terminal,1,0.14942,0.12480428255284813,-0.024615717447151866,0.024615717447151866
Hyb-Adam-UM,30,26,80,HybAdamUM_completed_p30_rep26_seed80.csv,internal:T13|T14|T15,internal,3,0.18561,0.023815724775205757,-0.16179427522479423,0.16179427522479423
Hyb-Adam-UM,30,26,80,HybAdamUM_completed_p30_rep26_seed80.csv,terminal:T13,terminal,1,0.32149,0.1212113620987508,-0.2002786379012492,0.2002786379012492
Hyb-Adam-UM,30,26,80,HybAdamUM_completed_p30_rep26_seed80.csv,internal:T14|T15,internal,2,0.07113,0.007451620155491078,-0.06367837984450891,0.06367837984450891
Hyb-Adam-UM,30,26,80,HybAdamUM_completed_p30_rep26_seed80.csv,terminal:T14,terminal,1,0.34439,0.12200905169297835,-0.22238094830702163,0.22238094830702163
Hyb-Adam-UM,30,26,80,HybAdamUM_completed_p30_rep26_seed80.csv,terminal:T15,terminal,1,0.24256,0.113862740089164,-0.128697259910836,0.128697259910836
Hyb-Adam-UM,30,27,81,HybAdamUM_completed_p30_rep27_seed81.csv,terminal:T1,terminal,1,0.05696,0.041660824334824986,-0.01529917566517501,0.01529917566517501
Hyb-Adam-UM,30,27,81,HybAdamUM_completed_p30_rep27_seed81.csv,internal:T2|T3,internal,2,0.03472,0.02367240629259863,-0.011047593707401372,0.011047593707401372
Hyb-Adam-UM,30,27,81,HybAdamUM_completed_p30_rep27_seed81.csv,terminal:T2,terminal,1,0.02433,0.020633029189185876,-0.003696970810814125,0.003696970810814125
Hyb-Adam-UM,30,27,81,HybAdamUM_completed_p30_rep27_seed81.csv,terminal:T3,terminal,1,0.02231,0.02039911971098329,-0.00191088028901671,0.00191088028901671
Hyb-Adam-UM,30,27,81,HybAdamUM_completed_p30_rep27_seed81.csv,internal:T1|T2|T3,internal,3,0.01863,0.008498832166955546,-0.010131167833044455,0.010131167833044455
Hyb-Adam-UM,30,27,81,HybAdamUM_completed_p30_rep27_seed81.csv,terminal:T4,terminal,1,0.07771,0.054036066460307904,-0.023673933539692098,0.023673933539692098
Hyb-Adam-UM,30,27,81,HybAdamUM_completed_p30_rep27_seed81.csv,internal:T1|T2|T3|T4,internal,4,0.04682,0.018669845585928817,-0.028150154414071184,0.028150154414071184
Hyb-Adam-UM,30,27,81,HybAdamUM_completed_p30_rep27_seed81.csv,terminal:T5,terminal,1,0.12997,0.07523508610365999,-0.05473491389634001,0.05473491389634001
Hyb-Adam-UM,30,27,81,HybAdamUM_completed_p30_rep27_seed81.csv,internal:T1|T2|T3|T4|T5,internal,5,0.03057,0.008457107784932812,-0.02211289221506719,0.02211289221506719
Hyb-Adam-UM,30,27,81,HybAdamUM_completed_p30_rep27_seed81.csv,terminal:T6,terminal,1,0.14605,0.083199076347554,-0.06285092365244602,0.06285092365244602
Hyb-Adam-UM,30,27,81,HybAdamUM_completed_p30_rep27_seed81.csv,internal:T1|T2|T3|T4|T5|T6,internal,6,0.0721,0.02186230363069034,-0.05023769636930966,0.05023769636930966
Hyb-Adam-UM,30,27,81,HybAdamUM_completed_p30_rep27_seed81.csv,internal:T10|T7|T8|T9,internal,4,0.08603,0.015899609889706564,-0.07013039011029343,0.07013039011029343
Hyb-Adam-UM,30,27,81,HybAdamUM_completed_p30_rep27_seed81.csv,internal:T7|T8|T9,internal,3,0.05128,0.015342807273082315,-0.035937192726917686,0.035937192726917686
Hyb-Adam-UM,30,27,81,HybAdamUM_completed_p30_rep27_seed81.csv,internal:T7|T8,internal,2,0.02354,0.004149742542395843,-0.019390257457604157,0.019390257457604157
Hyb-Adam-UM,30,27,81,HybAdamUM_completed_p30_rep27_seed81.csv,terminal:T7,terminal,1,0.11573,0.07167849448740772,-0.04405150551259228,0.04405150551259228
Hyb-Adam-UM,30,27,81,HybAdamUM_completed_p30_rep27_seed81.csv,terminal:T8,terminal,1,0.11535,0.07532319734792024,-0.04002680265207975,0.04002680265207975
Hyb-Adam-UM,30,27,81,HybAdamUM_completed_p30_rep27_seed81.csv,terminal:T9,terminal,1,0.12153,0.07635674622091139,-0.04517325377908861,0.04517325377908861
Hyb-Adam-UM,30,27,81,HybAdamUM_completed_p30_rep27_seed81.csv,terminal:T10,terminal,1,0.18189,0.09603760115093762,-0.08585239884906237,0.08585239884906237
Hyb-Adam-UM,30,27,81,HybAdamUM_completed_p30_rep27_seed81.csv,internal:T11|T12|T13|T14|T15,internal,5,0.11651,0.022483169161467198,-0.0940268308385328,0.0940268308385328
Hyb-Adam-UM,30,27,81,HybAdamUM_completed_p30_rep27_seed81.csv,internal:T11|T12,internal,2,0.22637,0.04191282016965607,-0.18445717983034393,0.18445717983034393
Hyb-Adam-UM,30,27,81,HybAdamUM_completed_p30_rep27_seed81.csv,terminal:T11,terminal,1,0.16094,0.08813584404981285,-0.07280415595018715,0.07280415595018715
Hyb-Adam-UM,30,27,81,HybAdamUM_completed_p30_rep27_seed81.csv,terminal:T12,terminal,1,0.14942,0.08485325660171247,-0.06456674339828752,0.06456674339828752
Hyb-Adam-UM,30,27,81,HybAdamUM_completed_p30_rep27_seed81.csv,internal:T13|T14|T15,internal,3,0.18561,0.023026252491217508,-0.1625837475087825,0.1625837475087825
Hyb-Adam-UM,30,27,81,HybAdamUM_completed_p30_rep27_seed81.csv,terminal:T13,terminal,1,0.32149,0.12160354966699152,-0.19988645033300848,0.19988645033300848
Hyb-Adam-UM,30,27,81,HybAdamUM_completed_p30_rep27_seed81.csv,internal:T14|T15,internal,2,0.07113,0.007059432587250367,-0.06407056741274963,0.06407056741274963
Hyb-Adam-UM,30,27,81,HybAdamUM_completed_p30_rep27_seed81.csv,terminal:T14,terminal,1,0.34439,0.1227118869054078,-0.22167811309459218,0.22167811309459218
Hyb-Adam-UM,30,27,81,HybAdamUM_completed_p30_rep27_seed81.csv,terminal:T15,terminal,1,0.24256,0.11315990487673457,-0.12940009512326545,0.12940009512326545
Hyb-Adam-UM,30,28,82,HybAdamUM_completed_p30_rep28_seed82.csv,terminal:T1,terminal,1,0.05696,0.041875450428911457,-0.01508454957108854,0.01508454957108854
Hyb-Adam-UM,30,28,82,HybAdamUM_completed_p30_rep28_seed82.csv,internal:T2|T3,internal,2,0.03472,0.0,-0.03472,0.03472
Hyb-Adam-UM,30,28,82,HybAdamUM_completed_p30_rep28_seed82.csv,terminal:T2,terminal,1,0.02433,0.04466562607257771,0.020335626072577707,0.020335626072577707
Hyb-Adam-UM,30,28,82,HybAdamUM_completed_p30_rep28_seed82.csv,terminal:T3,terminal,1,0.02231,0.043552998604505566,0.021242998604505566,0.021242998604505566
Hyb-Adam-UM,30,28,82,HybAdamUM_completed_p30_rep28_seed82.csv,internal:T1|T2|T3,internal,3,0.01863,0.007955576161092234,-0.010674423838907767,0.010674423838907767
Hyb-Adam-UM,30,28,82,HybAdamUM_completed_p30_rep28_seed82.csv,terminal:T4,terminal,1,0.07771,0.05378629769453968,-0.023923702305460322,0.023923702305460322
Hyb-Adam-UM,30,28,82,HybAdamUM_completed_p30_rep28_seed82.csv,internal:T1|T2|T3|T4,internal,4,0.04682,0.020849657513370454,-0.025970342486629546,0.025970342486629546
Hyb-Adam-UM,30,28,82,HybAdamUM_completed_p30_rep28_seed82.csv,terminal:T5,terminal,1,0.12997,0.07853307362976868,-0.051436926370231326,0.051436926370231326
Hyb-Adam-UM,30,28,82,HybAdamUM_completed_p30_rep28_seed82.csv,internal:T1|T2|T3|T4|T5,internal,5,0.03057,0.006771111642143476,-0.023798888357856523,0.023798888357856523
Hyb-Adam-UM,30,28,82,HybAdamUM_completed_p30_rep28_seed82.csv,terminal:T6,terminal,1,0.14605,0.08430781523356261,-0.061742184766437405,0.061742184766437405
Hyb-Adam-UM,30,28,82,HybAdamUM_completed_p30_rep28_seed82.csv,internal:T1|T2|T3|T4|T5|T6,internal,6,0.0721,0.020689597491598506,-0.051410402508401495,0.051410402508401495
Hyb-Adam-UM,30,28,82,HybAdamUM_completed_p30_rep28_seed82.csv,internal:T10|T7|T8|T9,internal,4,0.08603,0.01503135873803399,-0.070998641261966,0.070998641261966
Hyb-Adam-UM,30,28,82,HybAdamUM_completed_p30_rep28_seed82.csv,internal:T7|T8|T9,internal,3,0.05128,0.015258220376309518,-0.03602177962369048,0.03602177962369048
Hyb-Adam-UM,30,28,82,HybAdamUM_completed_p30_rep28_seed82.csv,internal:T7|T8,internal,2,0.02354,0.004453379619318462,-0.019086620380681537,0.019086620380681537
Hyb-Adam-UM,30,28,82,HybAdamUM_completed_p30_rep28_seed82.csv,terminal:T7,terminal,1,0.11573,0.0711974263644176,-0.0445325736355824,0.0445325736355824
Hyb-Adam-UM,30,28,82,HybAdamUM_completed_p30_rep28_seed82.csv,terminal:T8,terminal,1,0.11535,0.07580426547091035,-0.039545734529089646,0.039545734529089646
Hyb-Adam-UM,30,28,82,HybAdamUM_completed_p30_rep28_seed82.csv,terminal:T9,terminal,1,0.12153,0.07761014831225814,-0.04391985168774186,0.04391985168774186
Hyb-Adam-UM,30,28,82,HybAdamUM_completed_p30_rep28_seed82.csv,terminal:T10,terminal,1,0.18189,0.09550196263264644,-0.08638803736735355,0.08638803736735355
Hyb-Adam-UM,30,28,82,HybAdamUM_completed_p30_rep28_seed82.csv,internal:T11|T12|T13|T14|T15,internal,5,0.11651,0.02271340210851436,-0.09379659789148564,0.09379659789148564
Hyb-Adam-UM,30,28,82,HybAdamUM_completed_p30_rep28_seed82.csv,internal:T11|T12,internal,2,0.22637,0.042718468660262784,-0.18365153133973722,0.18365153133973722
Hyb-Adam-UM,30,28,82,HybAdamUM_completed_p30_rep28_seed82.csv,terminal:T11,terminal,1,0.16094,0.08735787524478274,-0.07358212475521726,0.07358212475521726
Hyb-Adam-UM,30,28,82,HybAdamUM_completed_p30_rep28_seed82.csv,terminal:T12,terminal,1,0.14942,0.08563122540674259,-0.06378877459325741,0.06378877459325741
Hyb-Adam-UM,30,28,82,HybAdamUM_completed_p30_rep28_seed82.csv,internal:T13|T14|T15,internal,3,0.18561,0.008539173048786876,-0.17707082695121312,0.17707082695121312
Hyb-Adam-UM,30,28,82,HybAdamUM_completed_p30_rep28_seed82.csv,terminal:T13,terminal,1,0.32149,0.13567190773871854,-0.18581809226128146,0.18581809226128146
Hyb-Adam-UM,30,28,82,HybAdamUM_completed_p30_rep28_seed82.csv,internal:T14|T15,internal,2,0.07113,0.021384225023766447,-0.04974577497623355,0.04974577497623355
Hyb-Adam-UM,30,28,82,HybAdamUM_completed_p30_rep28_seed82.csv,terminal:T14,terminal,1,0.34439,0.12170127993542516,-0.2226887200645748,0.2226887200645748
Hyb-Adam-UM,30,28,82,HybAdamUM_completed_p30_rep28_seed82.csv,terminal:T15,terminal,1,0.24256,0.11417051184671721,-0.12838948815328277,0.12838948815328277
Hyb-Adam-UM,30,29,83,HybAdamUM_completed_p30_rep29_seed83.csv,terminal:T1,terminal,1,0.05696,0.05741522545523894,0.00045522545523894037,0.00045522545523894037
Hyb-Adam-UM,30,29,83,HybAdamUM_completed_p30_rep29_seed83.csv,internal:T2|T3,internal,2,0.03472,0.040669329259901986,0.005949329259901985,0.005949329259901985
Hyb-Adam-UM,30,29,83,HybAdamUM_completed_p30_rep29_seed83.csv,terminal:T2,terminal,1,0.02433,0.016261066638750935,-0.008068933361249066,0.008068933361249066
Hyb-Adam-UM,30,29,83,HybAdamUM_completed_p30_rep29_seed83.csv,terminal:T3,terminal,1,0.02231,0.024771082261418217,0.002461082261418217,0.002461082261418217
Hyb-Adam-UM,30,29,83,HybAdamUM_completed_p30_rep29_seed83.csv,internal:T1|T2|T3,internal,3,0.01863,0.0,-0.01863,0.01863
Hyb-Adam-UM,30,29,83,HybAdamUM_completed_p30_rep29_seed83.csv,terminal:T4,terminal,1,0.07771,0.06181188651116191,-0.015898113488838093,0.015898113488838093
Hyb-Adam-UM,30,29,83,HybAdamUM_completed_p30_rep29_seed83.csv,internal:T1|T2|T3|T4,internal,4,0.04682,0.013132100190617984,-0.03368789980938201,0.03368789980938201
Hyb-Adam-UM,30,29,83,HybAdamUM_completed_p30_rep29_seed83.csv,terminal:T5,terminal,1,0.12997,0.07774363148004831,-0.05222636851995169,0.05222636851995169
Hyb-Adam-UM,30,29,83,HybAdamUM_completed_p30_rep29_seed83.csv,internal:T1|T2|T3|T4|T5,internal,5,0.03057,0.007528320452818355,-0.023041679547181646,0.023041679547181646
Hyb-Adam-UM,30,29,83,HybAdamUM_completed_p30_rep29_seed83.csv,terminal:T6,terminal,1,0.14605,0.08463879729834851,-0.0614112027016515,0.0614112027016515
Hyb-Adam-UM,30,29,83,HybAdamUM_completed_p30_rep29_seed83.csv,internal:T1|T2|T3|T4|T5|T6,internal,6,0.0721,0.02002875715847165,-0.05207124284152835,0.05207124284152835
Hyb-Adam-UM,30,29,83,HybAdamUM_completed_p30_rep29_seed83.csv,internal:T10|T7|T8|T9,internal,4,0.08603,0.0146299790796813,-0.07140002092031869,0.07140002092031869
Hyb-Adam-UM,30,29,83,HybAdamUM_completed_p30_rep29_seed83.csv,internal:T7|T8|T9,internal,3,0.05128,0.0,-0.05128,0.05128
Hyb-Adam-UM,30,29,83,HybAdamUM_completed_p30_rep29_seed83.csv,internal:T7|T8,internal,2,0.02354,0.02094800206156315,-0.0025919979384368477,0.0025919979384368477
Hyb-Adam-UM,30,29,83,HybAdamUM_completed_p30_rep29_seed83.csv,terminal:T7,terminal,1,0.11573,0.07061631677353475,-0.04511368322646525,0.04511368322646525
Hyb-Adam-UM,30,29,83,HybAdamUM_completed_p30_rep29_seed83.csv,terminal:T8,terminal,1,0.11535,0.07638537506179317,-0.03896462493820682,0.03896462493820682
Hyb-Adam-UM,30,29,83,HybAdamUM_completed_p30_rep29_seed83.csv,terminal:T9,terminal,1,0.12153,0.09203640663717877,-0.02949359336282123,0.02949359336282123
Hyb-Adam-UM,30,29,83,HybAdamUM_completed_p30_rep29_seed83.csv,terminal:T10,terminal,1,0.18189,0.09685249392178376,-0.08503750607821624,0.08503750607821624
Hyb-Adam-UM,30,29,83,HybAdamUM_completed_p30_rep29_seed83.csv,internal:T11|T12|T13|T14|T15,internal,5,0.11651,0.023315012478115533,-0.09319498752188447,0.09319498752188447
Hyb-Adam-UM,30,29,83,HybAdamUM_completed_p30_rep29_seed83.csv,internal:T11|T12,internal,2,0.22637,0.04296087081379319,-0.1834091291862068,0.1834091291862068
Hyb-Adam-UM,30,29,83,HybAdamUM_completed_p30_rep29_seed83.csv,terminal:T11,terminal,1,0.16094,0.0878345756602728,-0.07310542433972719,0.07310542433972719
Hyb-Adam-UM,30,29,83,HybAdamUM_completed_p30_rep29_seed83.csv,terminal:T12,terminal,1,0.14942,0.08515452499125241,-0.06426547500874759,0.06426547500874759
Hyb-Adam-UM,30,29,83,HybAdamUM_completed_p30_rep29_seed83.csv,internal:T13|T14|T15,internal,3,0.18561,0.022801561537334602,-0.1628084384626654,0.1628084384626654
Hyb-Adam-UM,30,29,83,HybAdamUM_completed_p30_rep29_seed83.csv,terminal:T13,terminal,1,0.32149,0.1218559876298263,-0.1996340123701737,0.1996340123701737
Hyb-Adam-UM,30,29,83,HybAdamUM_completed_p30_rep29_seed83.csv,internal:T14|T15,internal,2,0.07113,0.0068069946244155724,-0.06432300537558443,0.06432300537558443
Hyb-Adam-UM,30,29,83,HybAdamUM_completed_p30_rep29_seed83.csv,terminal:T14,terminal,1,0.34439,0.12208709638300669,-0.22230290361699329,0.22230290361699329
Hyb-Adam-UM,30,29,83,HybAdamUM_completed_p30_rep29_seed83.csv,terminal:T15,terminal,1,0.24256,0.11378469539913569,-0.1287753046008643,0.1287753046008643
Hyb-Adam-UM,30,30,84,HybAdamUM_completed_p30_rep30_seed84.csv,terminal:T1,terminal,1,0.05696,0.04272602790732969,-0.014233972092670306,0.014233972092670306
Hyb-Adam-UM,30,30,84,HybAdamUM_completed_p30_rep30_seed84.csv,internal:T2|T3,internal,2,0.03472,0.02342720467055018,-0.01129279532944982,0.01129279532944982
Hyb-Adam-UM,30,30,84,HybAdamUM_completed_p30_rep30_seed84.csv,terminal:T2,terminal,1,0.02433,0.02098345815658988,-0.003346541843410121,0.003346541843410121
Hyb-Adam-UM,30,30,84,HybAdamUM_completed_p30_rep30_seed84.csv,terminal:T3,terminal,1,0.02231,0.020048690743579324,-0.002261309256420676,0.002261309256420676
Hyb-Adam-UM,30,30,84,HybAdamUM_completed_p30_rep30_seed84.csv,internal:T1|T2|T3,internal,3,0.01863,0.00795723770046418,-0.01067276229953582,0.01067276229953582
Hyb-Adam-UM,30,30,84,HybAdamUM_completed_p30_rep30_seed84.csv,terminal:T4,terminal,1,0.07771,0.05405600249827349,-0.02365399750172651,0.02365399750172651
Hyb-Adam-UM,30,30,84,HybAdamUM_completed_p30_rep30_seed84.csv,internal:T1|T2|T3|T4,internal,4,0.04682,0.021943705676844723,-0.024876294323155277,0.024876294323155277
Hyb-Adam-UM,30,30,84,HybAdamUM_completed_p30_rep30_seed84.csv,terminal:T5,terminal,1,0.12997,0.07774984744573152,-0.052220152554268484,0.052220152554268484
Hyb-Adam-UM,30,30,84,HybAdamUM_completed_p30_rep30_seed84.csv,internal:T1|T2|T3|T4|T5,internal,5,0.03057,0.006212217927057484,-0.024357782072942515,0.024357782072942515
Hyb-Adam-UM,30,30,84,HybAdamUM_completed_p30_rep30_seed84.csv,terminal:T6,terminal,1,0.14605,0.08406772643622772,-0.0619822735637723,0.0619822735637723
Hyb-Adam-UM,30,30,84,HybAdamUM_completed_p30_rep30_seed84.csv,internal:T1|T2|T3|T4|T5|T6,internal,6,0.0721,0.02058507655576608,-0.05151492344423392,0.05151492344423392
Hyb-Adam-UM,30,30,84,HybAdamUM_completed_p30_rep30_seed84.csv,internal:T10|T7|T8|T9,internal,4,0.08603,0.010637839250882797,-0.0753921607491172,0.0753921607491172
Hyb-Adam-UM,30,30,84,HybAdamUM_completed_p30_rep30_seed84.csv,internal:T7|T8|T9,internal,3,0.05128,0.0010146623583859057,-0.050265337641614095,0.050265337641614095
Hyb-Adam-UM,30,30,84,HybAdamUM_completed_p30_rep30_seed84.csv,internal:T7|T8,internal,2,0.02354,0.0,-0.02354,0.02354
Hyb-Adam-UM,30,30,84,HybAdamUM_completed_p30_rep30_seed84.csv,terminal:T7,terminal,1,0.11573,0.0925829445337419,-0.0231470554662581,0.0231470554662581
Hyb-Adam-UM,30,30,84,HybAdamUM_completed_p30_rep30_seed84.csv,terminal:T8,terminal,1,0.11535,0.10166924323853106,-0.013680756761468932,0.013680756761468932
Hyb-Adam-UM,30,30,84,HybAdamUM_completed_p30_rep30_seed84.csv,terminal:T9,terminal,1,0.12153,0.09594860100585581,-0.02558139899414419,0.02558139899414419
Hyb-Adam-UM,30,30,84,HybAdamUM_completed_p30_rep30_seed84.csv,terminal:T10,terminal,1,0.18189,0.09980004240780946,-0.08208995759219054,0.08208995759219054
Hyb-Adam-UM,30,30,84,HybAdamUM_completed_p30_rep30_seed84.csv,internal:T11|T12|T13|T14|T15,internal,5,0.11651,0.02213751457642563,-0.09437248542357438,0.09437248542357438
Hyb-Adam-UM,30,30,84,HybAdamUM_completed_p30_rep30_seed84.csv,internal:T11|T12,internal,2,0.22637,0.003954884644158647,-0.22241511535584135,0.22241511535584135
Hyb-Adam-UM,30,30,84,HybAdamUM_completed_p30_rep30_seed84.csv,terminal:T11,terminal,1,0.16094,0.12655172998916994,-0.03438827001083006,0.03438827001083006
Hyb-Adam-UM,30,30,84,HybAdamUM_completed_p30_rep30_seed84.csv,terminal:T12,terminal,1,0.14942,0.12305632205153423,-0.026363677948465766,0.026363677948465766
Hyb-Adam-UM,30,30,84,HybAdamUM_completed_p30_rep30_seed84.csv,internal:T13|T14|T15,internal,3,0.18561,0.009063056381155283,-0.1765469436188447,0.1765469436188447
Hyb-Adam-UM,30,30,84,HybAdamUM_completed_p30_rep30_seed84.csv,terminal:T13,terminal,1,0.32149,0.13631709305966214,-0.18517290694033786,0.18517290694033786
Hyb-Adam-UM,30,30,84,HybAdamUM_completed_p30_rep30_seed84.csv,internal:T14|T15,internal,2,0.07113,0.02162059195882909,-0.049509408041170905,0.049509408041170905
Hyb-Adam-UM,30,30,84,HybAdamUM_completed_p30_rep30_seed84.csv,terminal:T14,terminal,1,0.34439,0.12186129514326352,-0.22252870485673645,0.22252870485673645
Hyb-Adam-UM,30,30,84,HybAdamUM_completed_p30_rep30_seed84.csv,terminal:T15,terminal,1,0.24256,0.11401049663887881,-0.1285495033611212,0.1285495033611212
Hyb-Adam-UM,50,1,55,HybAdamUM_completed_p50_rep01_seed55.csv,terminal:T1,terminal,1,0.05696,0.06609950387259185,0.009139503872591853,0.009139503872591853
Hyb-Adam-UM,50,1,55,HybAdamUM_completed_p50_rep01_seed55.csv,internal:T2|T3,internal,2,0.03472,0.0,-0.03472,0.03472
Hyb-Adam-UM,50,1,55,HybAdamUM_completed_p50_rep01_seed55.csv,terminal:T2,terminal,1,0.02433,0.06742507636395258,0.04309507636395257,0.04309507636395257
Hyb-Adam-UM,50,1,55,HybAdamUM_completed_p50_rep01_seed55.csv,terminal:T3,terminal,1,0.02231,0.07505995699317608,0.052749956993176084,0.052749956993176084
Hyb-Adam-UM,50,1,55,HybAdamUM_completed_p50_rep01_seed55.csv,internal:T1|T2|T3,internal,3,0.01863,0.027203398661272908,0.008573398661272907,0.008573398661272907
Hyb-Adam-UM,50,1,55,HybAdamUM_completed_p50_rep01_seed55.csv,terminal:T4,terminal,1,0.07771,0.10410211685030903,0.026392116850309025,0.026392116850309025
Hyb-Adam-UM,50,1,55,HybAdamUM_completed_p50_rep01_seed55.csv,internal:T1|T2|T3|T4,internal,4,0.04682,0.0,-0.04682,0.04682
Hyb-Adam-UM,50,1,55,HybAdamUM_completed_p50_rep01_seed55.csv,terminal:T5,terminal,1,0.12997,0.104573425781067,-0.025396574218933002,0.025396574218933002
Hyb-Adam-UM,50,1,55,HybAdamUM_completed_p50_rep01_seed55.csv,internal:T1|T2|T3|T4|T5,internal,5,0.03057,0.0,-0.03057,0.03057
Hyb-Adam-UM,50,1,55,HybAdamUM_completed_p50_rep01_seed55.csv,terminal:T6,terminal,1,0.14605,0.09433997660438914,-0.05171002339561087,0.05171002339561087
Hyb-Adam-UM,50,1,55,HybAdamUM_completed_p50_rep01_seed55.csv,internal:T1|T2|T3|T4|T5|T6,internal,6,0.0721,0.004546998528648942,-0.06755300147135106,0.06755300147135106
Hyb-Adam-UM,50,1,55,HybAdamUM_completed_p50_rep01_seed55.csv,internal:T10|T7|T8|T9,internal,4,0.08603,0.015093686528463629,-0.07093631347153637,0.07093631347153637
Hyb-Adam-UM,50,1,55,HybAdamUM_completed_p50_rep01_seed55.csv,internal:T7|T8|T9,internal,3,0.05128,0.014459191364452484,-0.036820808635547514,0.036820808635547514
Hyb-Adam-UM,50,1,55,HybAdamUM_completed_p50_rep01_seed55.csv,internal:T7|T8,internal,2,0.02354,0.004516436367069938,-0.01902356363293006,0.01902356363293006
Hyb-Adam-UM,50,1,55,HybAdamUM_completed_p50_rep01_seed55.csv,terminal:T7,terminal,1,0.11573,0.07199441510269479,-0.04373558489730521,0.04373558489730521
Hyb-Adam-UM,50,1,55,HybAdamUM_completed_p50_rep01_seed55.csv,terminal:T8,terminal,1,0.11535,0.07500727673263317,-0.04034272326736682,0.04034272326736682
Hyb-Adam-UM,50,1,55,HybAdamUM_completed_p50_rep01_seed55.csv,terminal:T9,terminal,1,0.12153,0.0775488870511793,-0.043981112948820705,0.043981112948820705
Hyb-Adam-UM,50,1,55,HybAdamUM_completed_p50_rep01_seed55.csv,terminal:T10,terminal,1,0.18189,0.09627937423302876,-0.08561062576697123,0.08561062576697123
Hyb-Adam-UM,50,1,55,HybAdamUM_completed_p50_rep01_seed55.csv,internal:T11|T12|T13|T14|T15,internal,5,0.11651,0.022793458342647125,-0.09371654165735288,0.09371654165735288
Hyb-Adam-UM,50,1,55,HybAdamUM_completed_p50_rep01_seed55.csv,internal:T11|T12,internal,2,0.22637,0.005463967599887586,-0.2209060324001124,0.2209060324001124
Hyb-Adam-UM,50,1,55,HybAdamUM_completed_p50_rep01_seed55.csv,terminal:T11,terminal,1,0.16094,0.12536436285394317,-0.03557563714605683,0.03557563714605683
Hyb-Adam-UM,50,1,55,HybAdamUM_completed_p50_rep01_seed55.csv,terminal:T12,terminal,1,0.14942,0.12223977825249559,-0.02718022174750441,0.02718022174750441
Hyb-Adam-UM,50,1,55,HybAdamUM_completed_p50_rep01_seed55.csv,internal:T13|T14|T15,internal,3,0.18561,0.008601360257151035,-0.17700863974284897,0.17700863974284897
Hyb-Adam-UM,50,1,55,HybAdamUM_completed_p50_rep01_seed55.csv,terminal:T13,terminal,1,0.32149,0.1375835721372379,-0.1839064278627621,0.1839064278627621
Hyb-Adam-UM,50,1,55,HybAdamUM_completed_p50_rep01_seed55.csv,internal:T14|T15,internal,2,0.07113,0.021386576815435106,-0.04974342318456489,0.04974342318456489
Hyb-Adam-UM,50,1,55,HybAdamUM_completed_p50_rep01_seed55.csv,terminal:T14,terminal,1,0.34439,0.12115936980120394,-0.22323063019879602,0.22323063019879602
Hyb-Adam-UM,50,1,55,HybAdamUM_completed_p50_rep01_seed55.csv,terminal:T15,terminal,1,0.24256,0.11471242198093848,-0.12784757801906152,0.12784757801906152
Hyb-Adam-UM,50,2,56,HybAdamUM_completed_p50_rep02_seed56.csv,terminal:T1,terminal,1,0.05696,0.06757096637662593,0.010610966376625938,0.010610966376625938
Hyb-Adam-UM,50,2,56,HybAdamUM_completed_p50_rep02_seed56.csv,internal:T2|T3,internal,2,0.03472,0.0,-0.03472,0.03472
Hyb-Adam-UM,50,2,56,HybAdamUM_completed_p50_rep02_seed56.csv,terminal:T2,terminal,1,0.02433,0.07702627552078196,0.05269627552078196,0.05269627552078196
Hyb-Adam-UM,50,2,56,HybAdamUM_completed_p50_rep02_seed56.csv,terminal:T3,terminal,1,0.02231,0.06868784872296238,0.046377848722962384,0.046377848722962384
Hyb-Adam-UM,50,2,56,HybAdamUM_completed_p50_rep02_seed56.csv,internal:T1|T2|T3,internal,3,0.01863,0.009155957319742808,-0.009474042680257193,0.009474042680257193
Hyb-Adam-UM,50,2,56,HybAdamUM_completed_p50_rep02_seed56.csv,terminal:T4,terminal,1,0.07771,0.08416765953390482,0.006457659533904814,0.006457659533904814
Hyb-Adam-UM,50,2,56,HybAdamUM_completed_p50_rep02_seed56.csv,internal:T1|T2|T3|T4,internal,4,0.04682,0.0,-0.04682,0.04682
Hyb-Adam-UM,50,2,56,HybAdamUM_completed_p50_rep02_seed56.csv,terminal:T5,terminal,1,0.12997,0.08252685899624358,-0.04744314100375642,0.04744314100375642
Hyb-Adam-UM,50,2,56,HybAdamUM_completed_p50_rep02_seed56.csv,internal:T1|T2|T3|T4|T5,internal,5,0.03057,0.000145830170534888,-0.030424169829465112,0.030424169829465112
Hyb-Adam-UM,50,2,56,HybAdamUM_completed_p50_rep02_seed56.csv,terminal:T6,terminal,1,0.14605,0.0834622871384316,-0.06258771286156842,0.06258771286156842
Hyb-Adam-UM,50,2,56,HybAdamUM_completed_p50_rep02_seed56.csv,internal:T1|T2|T3|T4|T5|T6,internal,6,0.0721,0.021506377045088797,-0.0505936229549112,0.0505936229549112
Hyb-Adam-UM,50,2,56,HybAdamUM_completed_p50_rep02_seed56.csv,internal:T10|T7|T8|T9,internal,4,0.08603,0.01045430737308556,-0.07557569262691444,0.07557569262691444
Hyb-Adam-UM,50,2,56,HybAdamUM_completed_p50_rep02_seed56.csv,internal:T7|T8|T9,internal,3,0.05128,0.0,-0.05128,0.05128
Hyb-Adam-UM,50,2,56,HybAdamUM_completed_p50_rep02_seed56.csv,internal:T7|T8,internal,2,0.02354,0.0,-0.02354,0.02354
Hyb-Adam-UM,50,2,56,HybAdamUM_completed_p50_rep02_seed56.csv,terminal:T7,terminal,1,0.11573,0.09479092338108222,-0.02093907661891778,0.02093907661891778
Hyb-Adam-UM,50,2,56,HybAdamUM_completed_p50_rep02_seed56.csv,terminal:T8,terminal,1,0.11535,0.10214451062917747,-0.013205489370822526,0.013205489370822526
Hyb-Adam-UM,50,2,56,HybAdamUM_completed_p50_rep02_seed56.csv,terminal:T9,terminal,1,0.12153,0.09445889574450207,-0.027071104255497927,0.027071104255497927
Hyb-Adam-UM,50,2,56,HybAdamUM_completed_p50_rep02_seed56.csv,terminal:T10,terminal,1,0.18189,0.10068448078450973,-0.08120551921549027,0.08120551921549027
Hyb-Adam-UM,50,2,56,HybAdamUM_completed_p50_rep02_seed56.csv,internal:T11|T12|T13|T14|T15,internal,5,0.11651,0.024505300501892934,-0.09200469949810706,0.09200469949810706
Hyb-Adam-UM,50,2,56,HybAdamUM_completed_p50_rep02_seed56.csv,internal:T11|T12,internal,2,0.22637,0.04247229263070213,-0.18389770736929786,0.18389770736929786
Hyb-Adam-UM,50,2,56,HybAdamUM_completed_p50_rep02_seed56.csv,terminal:T11,terminal,1,0.16094,0.08748776729221691,-0.07345223270778309,0.07345223270778309
Hyb-Adam-UM,50,2,56,HybAdamUM_completed_p50_rep02_seed56.csv,terminal:T12,terminal,1,0.14942,0.08550133335930842,-0.06391866664069158,0.06391866664069158
Hyb-Adam-UM,50,2,56,HybAdamUM_completed_p50_rep02_seed56.csv,internal:T13|T14|T15,internal,3,0.18561,0.01931788872973455,-0.16629211127026544,0.16629211127026544
Hyb-Adam-UM,50,2,56,HybAdamUM_completed_p50_rep02_seed56.csv,terminal:T13,terminal,1,0.32149,0.12108547277356319,-0.2004045272264368,0.2004045272264368
Hyb-Adam-UM,50,2,56,HybAdamUM_completed_p50_rep02_seed56.csv,internal:T14|T15,internal,2,0.07113,0.0075775094806786744,-0.06355249051932133,0.06355249051932133
Hyb-Adam-UM,50,2,56,HybAdamUM_completed_p50_rep02_seed56.csv,terminal:T14,terminal,1,0.34439,0.1223438510206882,-0.22204614897931177,0.22204614897931177
Hyb-Adam-UM,50,2,56,HybAdamUM_completed_p50_rep02_seed56.csv,terminal:T15,terminal,1,0.24256,0.11352794076145425,-0.12903205923854574,0.12903205923854574
Hyb-Adam-UM,50,3,57,HybAdamUM_completed_p50_rep03_seed57.csv,terminal:T1,terminal,1,0.05696,0.0428495506775527,-0.014110449322447295,0.014110449322447295
Hyb-Adam-UM,50,3,57,HybAdamUM_completed_p50_rep03_seed57.csv,internal:T2|T3,internal,2,0.03472,0.02204416054694861,-0.01267583945305139,0.01267583945305139
Hyb-Adam-UM,50,3,57,HybAdamUM_completed_p50_rep03_seed57.csv,terminal:T2,terminal,1,0.02433,0.020618795093871257,-0.003711204906128744,0.003711204906128744
Hyb-Adam-UM,50,3,57,HybAdamUM_completed_p50_rep03_seed57.csv,terminal:T3,terminal,1,0.02231,0.02041335380629796,-0.0018966461937020389,0.0018966461937020389
Hyb-Adam-UM,50,3,57,HybAdamUM_completed_p50_rep03_seed57.csv,internal:T1|T2|T3,internal,3,0.01863,0.009664636671340225,-0.008965363328659775,0.008965363328659775
Hyb-Adam-UM,50,3,57,HybAdamUM_completed_p50_rep03_seed57.csv,terminal:T4,terminal,1,0.07771,0.053403430740535954,-0.024306569259464048,0.024306569259464048
Hyb-Adam-UM,50,3,57,HybAdamUM_completed_p50_rep03_seed57.csv,internal:T1|T2|T3|T4,internal,4,0.04682,0.0298106089759149,-0.0170093910240851,0.0170093910240851
Hyb-Adam-UM,50,3,57,HybAdamUM_completed_p50_rep03_seed57.csv,terminal:T5,terminal,1,0.12997,0.0860259123197332,-0.04394408768026681,0.04394408768026681
Hyb-Adam-UM,50,3,57,HybAdamUM_completed_p50_rep03_seed57.csv,internal:T1|T2|T3|T4|T5,internal,5,0.03057,0.0,-0.03057,0.03057
Hyb-Adam-UM,50,3,57,HybAdamUM_completed_p50_rep03_seed57.csv,terminal:T6,terminal,1,0.14605,0.08400866806780852,-0.062041331932191496,0.062041331932191496
Hyb-Adam-UM,50,3,57,HybAdamUM_completed_p50_rep03_seed57.csv,internal:T1|T2|T3|T4|T5|T6,internal,6,0.0721,0.019893250648125492,-0.052206749351874505,0.052206749351874505
Hyb-Adam-UM,50,3,57,HybAdamUM_completed_p50_rep03_seed57.csv,internal:T10|T7|T8|T9,internal,4,0.08603,0.0004113871262276907,-0.0856186128737723,0.0856186128737723
Hyb-Adam-UM,50,3,57,HybAdamUM_completed_p50_rep03_seed57.csv,internal:T7|T8|T9,internal,3,0.05128,0.0006622552647965631,-0.05061774473520344,0.05061774473520344
Hyb-Adam-UM,50,3,57,HybAdamUM_completed_p50_rep03_seed57.csv,internal:T7|T8,internal,2,0.02354,0.0,-0.02354,0.02354
Hyb-Adam-UM,50,3,57,HybAdamUM_completed_p50_rep03_seed57.csv,terminal:T7,terminal,1,0.11573,0.10301579054791617,-0.012714209452083833,0.012714209452083833
Hyb-Adam-UM,50,3,57,HybAdamUM_completed_p50_rep03_seed57.csv,terminal:T8,terminal,1,0.11535,0.10858912821829918,-0.006760871781700817,0.006760871781700817
Hyb-Adam-UM,50,3,57,HybAdamUM_completed_p50_rep03_seed57.csv,terminal:T9,terminal,1,0.12153,0.10497400620201311,-0.01655599379798689,0.01655599379798689
Hyb-Adam-UM,50,3,57,HybAdamUM_completed_p50_rep03_seed57.csv,terminal:T10,terminal,1,0.18189,0.11100028754288799,-0.07088971245711201,0.07088971245711201
Hyb-Adam-UM,50,3,57,HybAdamUM_completed_p50_rep03_seed57.csv,internal:T11|T12|T13|T14|T15,internal,5,0.11651,0.02392100011729372,-0.09258899988270627,0.09258899988270627
Hyb-Adam-UM,50,3,57,HybAdamUM_completed_p50_rep03_seed57.csv,internal:T11|T12,internal,2,0.22637,6.124393802545261e-05,-0.22630875606197454,0.22630875606197454
Hyb-Adam-UM,50,3,57,HybAdamUM_completed_p50_rep03_seed57.csv,terminal:T11,terminal,1,0.16094,0.12936981085796878,-0.03157018914203122,0.03157018914203122
Hyb-Adam-UM,50,3,57,HybAdamUM_completed_p50_rep03_seed57.csv,terminal:T12,terminal,1,0.14942,0.12703509434625865,-0.02238490565374135,0.02238490565374135
Hyb-Adam-UM,50,3,57,HybAdamUM_completed_p50_rep03_seed57.csv,internal:T13|T14|T15,internal,3,0.18561,0.006715941562877334,-0.17889405843712267,0.17889405843712267
Hyb-Adam-UM,50,3,57,HybAdamUM_completed_p50_rep03_seed57.csv,terminal:T13,terminal,1,0.32149,0.13494036843111848,-0.18654963156888152,0.18654963156888152
Hyb-Adam-UM,50,3,57,HybAdamUM_completed_p50_rep03_seed57.csv,internal:T14|T15,internal,2,0.07113,0.023493817406368255,-0.04763618259363174,0.04763618259363174
Hyb-Adam-UM,50,3,57,HybAdamUM_completed_p50_rep03_seed57.csv,terminal:T14,terminal,1,0.34439,0.12088953679470613,-0.22350046320529385,0.22350046320529385
Hyb-Adam-UM,50,3,57,HybAdamUM_completed_p50_rep03_seed57.csv,terminal:T15,terminal,1,0.24256,0.11498225498743624,-0.12757774501256375,0.12757774501256375
Hyb-Adam-UM,50,4,58,HybAdamUM_completed_p50_rep04_seed58.csv,terminal:T1,terminal,1,0.05696,0.04407913560638668,-0.012880864393613314,0.012880864393613314
Hyb-Adam-UM,50,4,58,HybAdamUM_completed_p50_rep04_seed58.csv,internal:T2|T3,internal,2,0.03472,0.0,-0.03472,0.03472
Hyb-Adam-UM,50,4,58,HybAdamUM_completed_p50_rep04_seed58.csv,terminal:T2,terminal,1,0.02433,0.045020952454393144,0.020690952454393143,0.020690952454393143
Hyb-Adam-UM,50,4,58,HybAdamUM_completed_p50_rep04_seed58.csv,terminal:T3,terminal,1,0.02231,0.045176700787804516,0.022866700787804516,0.022866700787804516
Hyb-Adam-UM,50,4,58,HybAdamUM_completed_p50_rep04_seed58.csv,internal:T1|T2|T3,internal,3,0.01863,0.007431537286458214,-0.011198462713541787,0.011198462713541787
Hyb-Adam-UM,50,4,58,HybAdamUM_completed_p50_rep04_seed58.csv,terminal:T4,terminal,1,0.07771,0.053489932596110644,-0.024220067403889357,0.024220067403889357
Hyb-Adam-UM,50,4,58,HybAdamUM_completed_p50_rep04_seed58.csv,internal:T1|T2|T3|T4,internal,4,0.04682,0.030096418157011796,-0.016723581842988205,0.016723581842988205
Hyb-Adam-UM,50,4,58,HybAdamUM_completed_p50_rep04_seed58.csv,terminal:T5,terminal,1,0.12997,0.08668503069781011,-0.04328496930218989,0.04328496930218989
Hyb-Adam-UM,50,4,58,HybAdamUM_completed_p50_rep04_seed58.csv,internal:T1|T2|T3|T4|T5,internal,5,0.03057,0.0,-0.03057,0.03057
Hyb-Adam-UM,50,4,58,HybAdamUM_completed_p50_rep04_seed58.csv,terminal:T6,terminal,1,0.14605,0.08374879273333653,-0.06230120726666348,0.06230120726666348
Hyb-Adam-UM,50,4,58,HybAdamUM_completed_p50_rep04_seed58.csv,internal:T1|T2|T3|T4|T5|T6,internal,6,0.0721,0.02022615598463309,-0.051873844015366904,0.051873844015366904
Hyb-Adam-UM,50,4,58,HybAdamUM_completed_p50_rep04_seed58.csv,internal:T10|T7|T8|T9,internal,4,0.08603,0.014881418396375816,-0.07114858160362418,0.07114858160362418
Hyb-Adam-UM,50,4,58,HybAdamUM_completed_p50_rep04_seed58.csv,internal:T7|T8|T9,internal,3,0.05128,0.014968480287743767,-0.036311519712256234,0.036311519712256234
Hyb-Adam-UM,50,4,58,HybAdamUM_completed_p50_rep04_seed58.csv,internal:T7|T8,internal,2,0.02354,0.00450250355596395,-0.01903749644403605,0.01903749644403605
Hyb-Adam-UM,50,4,58,HybAdamUM_completed_p50_rep04_seed58.csv,terminal:T7,terminal,1,0.11573,0.07194871529339013,-0.04378128470660987,0.04378128470660987
Hyb-Adam-UM,50,4,58,HybAdamUM_completed_p50_rep04_seed58.csv,terminal:T8,terminal,1,0.11535,0.07505297654193784,-0.04029702345806216,0.04029702345806216
Hyb-Adam-UM,50,4,58,HybAdamUM_completed_p50_rep04_seed58.csv,terminal:T9,terminal,1,0.12153,0.07600398520734329,-0.04552601479265671,0.04552601479265671
Hyb-Adam-UM,50,4,58,HybAdamUM_completed_p50_rep04_seed58.csv,terminal:T10,terminal,1,0.18189,0.09590153224504981,-0.08598846775495018,0.08598846775495018
Hyb-Adam-UM,50,4,58,HybAdamUM_completed_p50_rep04_seed58.csv,internal:T11|T12|T13|T14|T15,internal,5,0.11651,0.023413061490438928,-0.09309693850956108,0.09309693850956108
Hyb-Adam-UM,50,4,58,HybAdamUM_completed_p50_rep04_seed58.csv,internal:T11|T12,internal,2,0.22637,0.0009889688185771444,-0.22538103118142283,0.22538103118142283
Hyb-Adam-UM,50,4,58,HybAdamUM_completed_p50_rep04_seed58.csv,terminal:T11,terminal,1,0.16094,0.12769846969540743,-0.033241530304592565,0.033241530304592565
Hyb-Adam-UM,50,4,58,HybAdamUM_completed_p50_rep04_seed58.csv,terminal:T12,terminal,1,0.14942,0.12741071587271538,-0.022009284127284617,0.022009284127284617
Hyb-Adam-UM,50,4,58,HybAdamUM_completed_p50_rep04_seed58.csv,internal:T13|T14|T15,internal,3,0.18561,0.017392204419881426,-0.16821779558011857,0.16821779558011857
Hyb-Adam-UM,50,4,58,HybAdamUM_completed_p50_rep04_seed58.csv,terminal:T13,terminal,1,0.32149,0.12415485175931637,-0.19733514824068363,0.19733514824068363
Hyb-Adam-UM,50,4,58,HybAdamUM_completed_p50_rep04_seed58.csv,internal:T14|T15,internal,2,0.07113,0.011178173958134868,-0.05995182604186513,0.05995182604186513
Hyb-Adam-UM,50,4,58,HybAdamUM_completed_p50_rep04_seed58.csv,terminal:T14,terminal,1,0.34439,0.1200989815700609,-0.2242910184299391,0.2242910184299391
Hyb-Adam-UM,50,4,58,HybAdamUM_completed_p50_rep04_seed58.csv,terminal:T15,terminal,1,0.24256,0.11577281021208145,-0.12678718978791853,0.12678718978791853
Hyb-Adam-UM,50,5,59,HybAdamUM_completed_p50_rep05_seed59.csv,terminal:T1,terminal,1,0.05696,0.04187209188505179,-0.015087908114948208,0.015087908114948208
Hyb-Adam-UM,50,5,59,HybAdamUM_completed_p50_rep05_seed59.csv,internal:T2|T3,internal,2,0.03472,0.02413333493061978,-0.010586665069380222,0.010586665069380222
Hyb-Adam-UM,50,5,59,HybAdamUM_completed_p50_rep05_seed59.csv,terminal:T2,terminal,1,0.02433,0.020518575937974744,-0.003811424062025257,0.003811424062025257
Hyb-Adam-UM,50,5,59,HybAdamUM_completed_p50_rep05_seed59.csv,terminal:T3,terminal,1,0.02231,0.020513572962194464,-0.0017964270378055362,0.0017964270378055362
Hyb-Adam-UM,50,5,59,HybAdamUM_completed_p50_rep05_seed59.csv,internal:T1|T2|T3,internal,3,0.01863,0.008798780956626884,-0.009831219043373116,0.009831219043373116
Hyb-Adam-UM,50,5,59,HybAdamUM_completed_p50_rep05_seed59.csv,terminal:T4,terminal,1,0.07771,0.05402308968091643,-0.02368691031908357,0.02368691031908357
Hyb-Adam-UM,50,5,59,HybAdamUM_completed_p50_rep05_seed59.csv,internal:T1|T2|T3|T4,internal,4,0.04682,0.019947134054205656,-0.026872865945794345,0.026872865945794345
Hyb-Adam-UM,50,5,59,HybAdamUM_completed_p50_rep05_seed59.csv,terminal:T5,terminal,1,0.12997,0.07643104497252534,-0.05353895502747466,0.05353895502747466
Hyb-Adam-UM,50,5,59,HybAdamUM_completed_p50_rep05_seed59.csv,internal:T1|T2|T3|T4|T5,internal,5,0.03057,0.010919266609435914,-0.019650733390564085,0.019650733390564085
Hyb-Adam-UM,50,5,59,HybAdamUM_completed_p50_rep05_seed59.csv,terminal:T6,terminal,1,0.14605,0.08652543780335209,-0.05952456219664792,0.05952456219664792
Hyb-Adam-UM,50,5,59,HybAdamUM_completed_p50_rep05_seed59.csv,internal:T1|T2|T3|T4|T5|T6,internal,6,0.0721,0.017857901577319427,-0.054242098422680574,0.054242098422680574
Hyb-Adam-UM,50,5,59,HybAdamUM_completed_p50_rep05_seed59.csv,internal:T10|T7|T8|T9,internal,4,0.08603,0.010505662859513413,-0.07552433714048658,0.07552433714048658
Hyb-Adam-UM,50,5,59,HybAdamUM_completed_p50_rep05_seed59.csv,internal:T7|T8|T9,internal,3,0.05128,0.0,-0.05128,0.05128
Hyb-Adam-UM,50,5,59,HybAdamUM_completed_p50_rep05_seed59.csv,internal:T7|T8,internal,2,0.02354,0.0,-0.02354,0.02354
Hyb-Adam-UM,50,5,59,HybAdamUM_completed_p50_rep05_seed59.csv,terminal:T7,terminal,1,0.11573,0.09783071508887131,-0.017899284911128688,0.017899284911128688
Hyb-Adam-UM,50,5,59,HybAdamUM_completed_p50_rep05_seed59.csv,terminal:T8,terminal,1,0.11535,0.09628211317286847,-0.019067886827131522,0.019067886827131522
Hyb-Adam-UM,50,5,59,HybAdamUM_completed_p50_rep05_seed59.csv,terminal:T9,terminal,1,0.12153,0.09349840341260994,-0.02803159658739006,0.02803159658739006
Hyb-Adam-UM,50,5,59,HybAdamUM_completed_p50_rep05_seed59.csv,terminal:T10,terminal,1,0.18189,0.10155575367480979,-0.0803342463251902,0.0803342463251902
Hyb-Adam-UM,50,5,59,HybAdamUM_completed_p50_rep05_seed59.csv,internal:T11|T12|T13|T14|T15,internal,5,0.11651,0.02238788667682002,-0.09412211332317999,0.09412211332317999
Hyb-Adam-UM,50,5,59,HybAdamUM_completed_p50_rep05_seed59.csv,internal:T11|T12,internal,2,0.22637,0.0,-0.22637,0.22637
Hyb-Adam-UM,50,5,59,HybAdamUM_completed_p50_rep05_seed59.csv,terminal:T11,terminal,1,0.16094,0.13170805089391302,-0.02923194910608698,0.02923194910608698
Hyb-Adam-UM,50,5,59,HybAdamUM_completed_p50_rep05_seed59.csv,terminal:T12,terminal,1,0.14942,0.125968363991475,-0.023451636008524984,0.023451636008524984
Hyb-Adam-UM,50,5,59,HybAdamUM_completed_p50_rep05_seed59.csv,internal:T13|T14|T15,internal,3,0.18561,0.013751187247288453,-0.17185881275271153,0.17185881275271153
Hyb-Adam-UM,50,5,59,HybAdamUM_completed_p50_rep05_seed59.csv,terminal:T13,terminal,1,0.32149,0.13035061444066193,-0.19113938555933807,0.19113938555933807
Hyb-Adam-UM,50,5,59,HybAdamUM_completed_p50_rep05_seed59.csv,internal:T14|T15,internal,2,0.07113,0.0,-0.07113,0.07113
Hyb-Adam-UM,50,5,59,HybAdamUM_completed_p50_rep05_seed59.csv,terminal:T14,terminal,1,0.34439,0.13814916212616082,-0.20624083787383915,0.20624083787383915
Hyb-Adam-UM,50,5,59,HybAdamUM_completed_p50_rep05_seed59.csv,terminal:T15,terminal,1,0.24256,0.1290214139369343,-0.11353858606306569,0.11353858606306569
Hyb-Adam-UM,50,6,60,HybAdamUM_completed_p50_rep06_seed60.csv,terminal:T1,terminal,1,0.05696,0.0427405083797138,-0.014219491620286198,0.014219491620286198
Hyb-Adam-UM,50,6,60,HybAdamUM_completed_p50_rep06_seed60.csv,internal:T2|T3,internal,2,0.03472,0.0219569495995918,-0.012763050400408201,0.012763050400408201
Hyb-Adam-UM,50,6,60,HybAdamUM_completed_p50_rep06_seed60.csv,terminal:T2,terminal,1,0.02433,0.02061275947165929,-0.0037172405283407116,0.0037172405283407116
Hyb-Adam-UM,50,6,60,HybAdamUM_completed_p50_rep06_seed60.csv,terminal:T3,terminal,1,0.02231,0.020419389428509908,-0.0018906105714900923,0.0018906105714900923
Hyb-Adam-UM,50,6,60,HybAdamUM_completed_p50_rep06_seed60.csv,internal:T1|T2|T3,internal,3,0.01863,0.009299388335892698,-0.009330611664107303,0.009330611664107303
Hyb-Adam-UM,50,6,60,HybAdamUM_completed_p50_rep06_seed60.csv,terminal:T4,terminal,1,0.07771,0.052878809177739176,-0.024831190822260825,0.024831190822260825
Hyb-Adam-UM,50,6,60,HybAdamUM_completed_p50_rep06_seed60.csv,internal:T1|T2|T3|T4,internal,4,0.04682,0.022272849984322846,-0.024547150015677154,0.024547150015677154
Hyb-Adam-UM,50,6,60,HybAdamUM_completed_p50_rep06_seed60.csv,terminal:T5,terminal,1,0.12997,0.07719119614621422,-0.05277880385378578,0.05277880385378578
Hyb-Adam-UM,50,6,60,HybAdamUM_completed_p50_rep06_seed60.csv,internal:T1|T2|T3|T4|T5,internal,5,0.03057,0.005225736834603139,-0.02534426316539686,0.02534426316539686
Hyb-Adam-UM,50,6,60,HybAdamUM_completed_p50_rep06_seed60.csv,terminal:T6,terminal,1,0.14605,0.08371118967778167,-0.062338810322218344,0.062338810322218344
Hyb-Adam-UM,50,6,60,HybAdamUM_completed_p50_rep06_seed60.csv,internal:T1|T2|T3|T4|T5|T6,internal,6,0.0721,0.0225746611770552,-0.0495253388229448,0.0495253388229448
Hyb-Adam-UM,50,6,60,HybAdamUM_completed_p50_rep06_seed60.csv,internal:T10|T7|T8|T9,internal,4,0.08603,0.014852146971462333,-0.07117785302853766,0.07117785302853766
Hyb-Adam-UM,50,6,60,HybAdamUM_completed_p50_rep06_seed60.csv,internal:T7|T8|T9,internal,3,0.05128,0.01639738146285616,-0.03488261853714384,0.03488261853714384
Hyb-Adam-UM,50,6,60,HybAdamUM_completed_p50_rep06_seed60.csv,internal:T7|T8,internal,2,0.02354,0.0025318541715434744,-0.021008145828456525,0.021008145828456525
Hyb-Adam-UM,50,6,60,HybAdamUM_completed_p50_rep06_seed60.csv,terminal:T7,terminal,1,0.11573,0.07207650339491103,-0.043653496605088965,0.043653496605088965
Hyb-Adam-UM,50,6,60,HybAdamUM_completed_p50_rep06_seed60.csv,terminal:T8,terminal,1,0.11535,0.07492518844041693,-0.040424811559583065,0.040424811559583065
Hyb-Adam-UM,50,6,60,HybAdamUM_completed_p50_rep06_seed60.csv,terminal:T9,terminal,1,0.12153,0.07689659513369781,-0.044633404866302184,0.044633404866302184
Hyb-Adam-UM,50,6,60,HybAdamUM_completed_p50_rep06_seed60.csv,terminal:T10,terminal,1,0.18189,0.09588166957080324,-0.08600833042919676,0.08600833042919676
Hyb-Adam-UM,50,6,60,HybAdamUM_completed_p50_rep06_seed60.csv,internal:T11|T12|T13|T14|T15,internal,5,0.11651,0.021446153411985445,-0.09506384658801456,0.09506384658801456
Hyb-Adam-UM,50,6,60,HybAdamUM_completed_p50_rep06_seed60.csv,internal:T11|T12,internal,2,0.22637,0.04122982866891125,-0.18514017133108873,0.18514017133108873
Hyb-Adam-UM,50,6,60,HybAdamUM_completed_p50_rep06_seed60.csv,terminal:T11,terminal,1,0.16094,0.08744239770074748,-0.07349760229925252,0.07349760229925252
Hyb-Adam-UM,50,6,60,HybAdamUM_completed_p50_rep06_seed60.csv,terminal:T12,terminal,1,0.14942,0.08554670295077786,-0.06387329704922214,0.06387329704922214
Hyb-Adam-UM,50,6,60,HybAdamUM_completed_p50_rep06_seed60.csv,internal:T13|T14|T15,internal,3,0.18561,0.01356704555134038,-0.1720429544486596,0.1720429544486596
Hyb-Adam-UM,50,6,60,HybAdamUM_completed_p50_rep06_seed60.csv,terminal:T13,terminal,1,0.32149,0.13138151487594224,-0.19010848512405776,0.19010848512405776
Hyb-Adam-UM,50,6,60,HybAdamUM_completed_p50_rep06_seed60.csv,internal:T14|T15,internal,2,0.07113,0.0,-0.07113,0.07113
Hyb-Adam-UM,50,6,60,HybAdamUM_completed_p50_rep06_seed60.csv,terminal:T14,terminal,1,0.34439,0.1402294962937616,-0.20416050370623837,0.20416050370623837
Hyb-Adam-UM,50,6,60,HybAdamUM_completed_p50_rep06_seed60.csv,terminal:T15,terminal,1,0.24256,0.13187160936039002,-0.11068839063960997,0.11068839063960997
Hyb-Adam-UM,50,7,61,HybAdamUM_completed_p50_rep07_seed61.csv,terminal:T1,terminal,1,0.05696,0.09389814901877507,0.03693814901877507,0.03693814901877507
Hyb-Adam-UM,50,7,61,HybAdamUM_completed_p50_rep07_seed61.csv,internal:T2|T3,internal,2,0.03472,0.027176112602745085,-0.007543887397254916,0.007543887397254916
Hyb-Adam-UM,50,7,61,HybAdamUM_completed_p50_rep07_seed61.csv,terminal:T2,terminal,1,0.02433,0.05418878385736398,0.029858783857363982,0.029858783857363982
Hyb-Adam-UM,50,7,61,HybAdamUM_completed_p50_rep07_seed61.csv,terminal:T3,terminal,1,0.02231,0.053555115478441016,0.031245115478441016,0.031245115478441016
Hyb-Adam-UM,50,7,61,HybAdamUM_completed_p50_rep07_seed61.csv,internal:T1|T2|T3,internal,3,0.01863,0.0,-0.01863,0.01863
Hyb-Adam-UM,50,7,61,HybAdamUM_completed_p50_rep07_seed61.csv,terminal:T4,terminal,1,0.07771,0.07802173885854057,0.00031173885854056393,0.00031173885854056393
Hyb-Adam-UM,50,7,61,HybAdamUM_completed_p50_rep07_seed61.csv,internal:T1|T2|T3|T4,internal,4,0.04682,0.0,-0.04682,0.04682
Hyb-Adam-UM,50,7,61,HybAdamUM_completed_p50_rep07_seed61.csv,terminal:T5,terminal,1,0.12997,0.08576168323966561,-0.04420831676033439,0.04420831676033439
Hyb-Adam-UM,50,7,61,HybAdamUM_completed_p50_rep07_seed61.csv,internal:T1|T2|T3|T4|T5,internal,5,0.03057,0.01635295186257215,-0.01421704813742785,0.01421704813742785
Hyb-Adam-UM,50,7,61,HybAdamUM_completed_p50_rep07_seed61.csv,terminal:T6,terminal,1,0.14605,0.10243605230633888,-0.04361394769366113,0.04361394769366113
Hyb-Adam-UM,50,7,61,HybAdamUM_completed_p50_rep07_seed61.csv,internal:T1|T2|T3|T4|T5|T6,internal,6,0.0721,0.0027558462871369975,-0.069344153712863,0.069344153712863
Hyb-Adam-UM,50,7,61,HybAdamUM_completed_p50_rep07_seed61.csv,internal:T10|T7|T8|T9,internal,4,0.08603,0.015607348469130158,-0.07042265153086984,0.07042265153086984
Hyb-Adam-UM,50,7,61,HybAdamUM_completed_p50_rep07_seed61.csv,internal:T7|T8|T9,internal,3,0.05128,0.015696195095851483,-0.03558380490414852,0.03558380490414852
Hyb-Adam-UM,50,7,61,HybAdamUM_completed_p50_rep07_seed61.csv,internal:T7|T8,internal,2,0.02354,0.003407620408191531,-0.02013237959180847,0.02013237959180847
Hyb-Adam-UM,50,7,61,HybAdamUM_completed_p50_rep07_seed61.csv,terminal:T7,terminal,1,0.11573,0.07168166748151421,-0.04404833251848579,0.04404833251848579
Hyb-Adam-UM,50,7,61,HybAdamUM_completed_p50_rep07_seed61.csv,terminal:T8,terminal,1,0.11535,0.07532002435381371,-0.04002997564618628,0.04002997564618628
Hyb-Adam-UM,50,7,61,HybAdamUM_completed_p50_rep07_seed61.csv,terminal:T9,terminal,1,0.12153,0.07709886835511576,-0.04443113164488424,0.04443113164488424
Hyb-Adam-UM,50,7,61,HybAdamUM_completed_p50_rep07_seed61.csv,terminal:T10,terminal,1,0.18189,0.09665774436917447,-0.08523225563082552,0.08523225563082552
Hyb-Adam-UM,50,7,61,HybAdamUM_completed_p50_rep07_seed61.csv,internal:T11|T12|T13|T14|T15,internal,5,0.11651,0.0210644123394439,-0.09544558766055611,0.09544558766055611
Hyb-Adam-UM,50,7,61,HybAdamUM_completed_p50_rep07_seed61.csv,internal:T11|T12,internal,2,0.22637,0.04243174220559503,-0.18393825779440495,0.18393825779440495
Hyb-Adam-UM,50,7,61,HybAdamUM_completed_p50_rep07_seed61.csv,terminal:T11,terminal,1,0.16094,0.08820632800605445,-0.07273367199394555,0.07273367199394555
Hyb-Adam-UM,50,7,61,HybAdamUM_completed_p50_rep07_seed61.csv,terminal:T12,terminal,1,0.14942,0.08478277264547081,-0.06463722735452919,0.06463722735452919
Hyb-Adam-UM,50,7,61,HybAdamUM_completed_p50_rep07_seed61.csv,internal:T13|T14|T15,internal,3,0.18561,0.020789753421599663,-0.16482024657840033,0.16482024657840033
Hyb-Adam-UM,50,7,61,HybAdamUM_completed_p50_rep07_seed61.csv,terminal:T13,terminal,1,0.32149,0.1252868335777338,-0.1962031664222662,0.1962031664222662
Hyb-Adam-UM,50,7,61,HybAdamUM_completed_p50_rep07_seed61.csv,internal:T14|T15,internal,2,0.07113,0.010347776649425726,-0.060782223350574274,0.060782223350574274
Hyb-Adam-UM,50,7,61,HybAdamUM_completed_p50_rep07_seed61.csv,terminal:T14,terminal,1,0.34439,0.12090718858716186,-0.2234828114128381,0.2234828114128381
Hyb-Adam-UM,50,7,61,HybAdamUM_completed_p50_rep07_seed61.csv,terminal:T15,terminal,1,0.24256,0.11496460319498057,-0.1275953968050194,0.1275953968050194
Hyb-Adam-UM,50,8,62,HybAdamUM_completed_p50_rep08_seed62.csv,terminal:T1,terminal,1,0.05696,0.042191370760911014,-0.014768629239088983,0.014768629239088983
Hyb-Adam-UM,50,8,62,HybAdamUM_completed_p50_rep08_seed62.csv,internal:T2|T3,internal,2,0.03472,0.0,-0.03472,0.03472
Hyb-Adam-UM,50,8,62,HybAdamUM_completed_p50_rep08_seed62.csv,terminal:T2,terminal,1,0.02433,0.043973292945904414,0.019643292945904414,0.019643292945904414
Hyb-Adam-UM,50,8,62,HybAdamUM_completed_p50_rep08_seed62.csv,terminal:T3,terminal,1,0.02231,0.04341219972501545,0.02110219972501545,0.02110219972501545
Hyb-Adam-UM,50,8,62,HybAdamUM_completed_p50_rep08_seed62.csv,internal:T1|T2|T3,internal,3,0.01863,0.008945310859985471,-0.00968468914001453,0.00968468914001453
Hyb-Adam-UM,50,8,62,HybAdamUM_completed_p50_rep08_seed62.csv,terminal:T4,terminal,1,0.07771,0.0536431996323882,-0.0240668003676118,0.0240668003676118
Hyb-Adam-UM,50,8,62,HybAdamUM_completed_p50_rep08_seed62.csv,internal:T1|T2|T3|T4,internal,4,0.04682,0.02199391496046907,-0.024826085039530932,0.024826085039530932
Hyb-Adam-UM,50,8,62,HybAdamUM_completed_p50_rep08_seed62.csv,terminal:T5,terminal,1,0.12997,0.07646638732494761,-0.053503612675052395,0.053503612675052395
Hyb-Adam-UM,50,8,62,HybAdamUM_completed_p50_rep08_seed62.csv,internal:T1|T2|T3|T4|T5,internal,5,0.03057,0.006050469645239924,-0.024519530354760077,0.024519530354760077
Hyb-Adam-UM,50,8,62,HybAdamUM_completed_p50_rep08_seed62.csv,terminal:T6,terminal,1,0.14605,0.08283514774498248,-0.06321485225501754,0.06321485225501754
Hyb-Adam-UM,50,8,62,HybAdamUM_completed_p50_rep08_seed62.csv,internal:T1|T2|T3|T4|T5|T6,internal,6,0.0721,0.021934216039429074,-0.05016578396057092,0.05016578396057092
Hyb-Adam-UM,50,8,62,HybAdamUM_completed_p50_rep08_seed62.csv,internal:T10|T7|T8|T9,internal,4,0.08603,0.01402784609964476,-0.07200215390035523,0.07200215390035523
Hyb-Adam-UM,50,8,62,HybAdamUM_completed_p50_rep08_seed62.csv,internal:T7|T8|T9,internal,3,0.05128,0.013263882503274859,-0.03801611749672514,0.03801611749672514
Hyb-Adam-UM,50,8,62,HybAdamUM_completed_p50_rep08_seed62.csv,internal:T7|T8,internal,2,0.02354,0.0,-0.02354,0.02354
Hyb-Adam-UM,50,8,62,HybAdamUM_completed_p50_rep08_seed62.csv,terminal:T7,terminal,1,0.11573,0.07729868349702827,-0.03843131650297173,0.03843131650297173
Hyb-Adam-UM,50,8,62,HybAdamUM_completed_p50_rep08_seed62.csv,terminal:T8,terminal,1,0.11535,0.08181925511609373,-0.03353074488390627,0.03353074488390627
Hyb-Adam-UM,50,8,62,HybAdamUM_completed_p50_rep08_seed62.csv,terminal:T9,terminal,1,0.12153,0.07730272951991983,-0.04422727048008017,0.04422727048008017
Hyb-Adam-UM,50,8,62,HybAdamUM_completed_p50_rep08_seed62.csv,terminal:T10,terminal,1,0.18189,0.09570342665010281,-0.08618657334989718,0.08618657334989718
Hyb-Adam-UM,50,8,62,HybAdamUM_completed_p50_rep08_seed62.csv,internal:T11|T12|T13|T14|T15,internal,5,0.11651,0.022725738353622075,-0.09378426164637793,0.09378426164637793
Hyb-Adam-UM,50,8,62,HybAdamUM_completed_p50_rep08_seed62.csv,internal:T11|T12,internal,2,0.22637,0.04188620635371429,-0.1844837936462857,0.1844837936462857
Hyb-Adam-UM,50,8,62,HybAdamUM_completed_p50_rep08_seed62.csv,terminal:T11,terminal,1,0.16094,0.08914909745229121,-0.07179090254770878,0.07179090254770878
Hyb-Adam-UM,50,8,62,HybAdamUM_completed_p50_rep08_seed62.csv,terminal:T12,terminal,1,0.14942,0.08384000319923413,-0.06557999680076587,0.06557999680076587
Hyb-Adam-UM,50,8,62,HybAdamUM_completed_p50_rep08_seed62.csv,internal:T13|T14|T15,internal,3,0.18561,0.012927655455904876,-0.17268234454409512,0.17268234454409512
Hyb-Adam-UM,50,8,62,HybAdamUM_completed_p50_rep08_seed62.csv,terminal:T13,terminal,1,0.32149,0.13192520729071017,-0.18956479270928983,0.18956479270928983
Hyb-Adam-UM,50,8,62,HybAdamUM_completed_p50_rep08_seed62.csv,internal:T14|T15,internal,2,0.07113,0.0,-0.07113,0.07113
Hyb-Adam-UM,50,8,62,HybAdamUM_completed_p50_rep08_seed62.csv,terminal:T14,terminal,1,0.34439,0.13938399607559251,-0.20500600392440746,0.20500600392440746
Hyb-Adam-UM,50,8,62,HybAdamUM_completed_p50_rep08_seed62.csv,terminal:T15,terminal,1,0.24256,0.13170160932756103,-0.11085839067243897,0.11085839067243897
Hyb-Adam-UM,50,9,63,HybAdamUM_completed_p50_rep09_seed63.csv,terminal:T1,terminal,1,0.05696,0.05387839252026096,-0.0030816074797390333,0.0030816074797390333
Hyb-Adam-UM,50,9,63,HybAdamUM_completed_p50_rep09_seed63.csv,internal:T2|T3,internal,2,0.03472,0.0,-0.03472,0.03472
Hyb-Adam-UM,50,9,63,HybAdamUM_completed_p50_rep09_seed63.csv,terminal:T2,terminal,1,0.02433,0.054507869140481675,0.030177869140481674,0.030177869140481674
Hyb-Adam-UM,50,9,63,HybAdamUM_completed_p50_rep09_seed63.csv,terminal:T3,terminal,1,0.02231,0.057112594927571314,0.03480259492757132,0.03480259492757132
Hyb-Adam-UM,50,9,63,HybAdamUM_completed_p50_rep09_seed63.csv,internal:T1|T2|T3,internal,3,0.01863,1.080684717984805e-05,-0.01861919315282015,0.01861919315282015
Hyb-Adam-UM,50,9,63,HybAdamUM_completed_p50_rep09_seed63.csv,terminal:T4,terminal,1,0.07771,0.05614808875392716,-0.02156191124607284,0.02156191124607284
Hyb-Adam-UM,50,9,63,HybAdamUM_completed_p50_rep09_seed63.csv,internal:T1|T2|T3|T4,internal,4,0.04682,0.01799513318485454,-0.02882486681514546,0.02882486681514546
Hyb-Adam-UM,50,9,63,HybAdamUM_completed_p50_rep09_seed63.csv,terminal:T5,terminal,1,0.12997,0.07577211463537317,-0.05419788536462683,0.05419788536462683
Hyb-Adam-UM,50,9,63,HybAdamUM_completed_p50_rep09_seed63.csv,internal:T1|T2|T3|T4|T5,internal,5,0.03057,0.007818384011602513,-0.022751615988397485,0.022751615988397485
Hyb-Adam-UM,50,9,63,HybAdamUM_completed_p50_rep09_seed63.csv,terminal:T6,terminal,1,0.14605,0.08406496925355293,-0.06198503074644708,0.06198503074644708
Hyb-Adam-UM,50,9,63,HybAdamUM_completed_p50_rep09_seed63.csv,internal:T1|T2|T3|T4|T5|T6,internal,6,0.0721,0.021666425309855485,-0.05043357469014451,0.05043357469014451
Hyb-Adam-UM,50,9,63,HybAdamUM_completed_p50_rep09_seed63.csv,internal:T10|T7|T8|T9,internal,4,0.08603,0.009373802005774331,-0.07665619799422567,0.07665619799422567
Hyb-Adam-UM,50,9,63,HybAdamUM_completed_p50_rep09_seed63.csv,internal:T7|T8|T9,internal,3,0.05128,0.0003614172452495111,-0.05091858275475049,0.05091858275475049
Hyb-Adam-UM,50,9,63,HybAdamUM_completed_p50_rep09_seed63.csv,internal:T7|T8,internal,2,0.02354,0.0,-0.02354,0.02354
Hyb-Adam-UM,50,9,63,HybAdamUM_completed_p50_rep09_seed63.csv,terminal:T7,terminal,1,0.11573,0.09266901470647156,-0.023060985293528444,0.023060985293528444
Hyb-Adam-UM,50,9,63,HybAdamUM_completed_p50_rep09_seed63.csv,terminal:T8,terminal,1,0.11535,0.10620452506138132,-0.00914547493861867,0.00914547493861867
Hyb-Adam-UM,50,9,63,HybAdamUM_completed_p50_rep09_seed63.csv,terminal:T9,terminal,1,0.12153,0.09216070037051605,-0.029369299629483953,0.029369299629483953
Hyb-Adam-UM,50,9,63,HybAdamUM_completed_p50_rep09_seed63.csv,terminal:T10,terminal,1,0.18189,0.10029863171029821,-0.08159136828970179,0.08159136828970179
Hyb-Adam-UM,50,9,63,HybAdamUM_completed_p50_rep09_seed63.csv,internal:T11|T12|T13|T14|T15,internal,5,0.11651,0.022365606198881945,-0.09414439380111805,0.09414439380111805
Hyb-Adam-UM,50,9,63,HybAdamUM_completed_p50_rep09_seed63.csv,internal:T11|T12,internal,2,0.22637,0.04093144955797047,-0.1854385504420295,0.1854385504420295
Hyb-Adam-UM,50,9,63,HybAdamUM_completed_p50_rep09_seed63.csv,terminal:T11,terminal,1,0.16094,0.08630749849554584,-0.07463250150445416,0.07463250150445416
Hyb-Adam-UM,50,9,63,HybAdamUM_completed_p50_rep09_seed63.csv,terminal:T12,terminal,1,0.14942,0.08668160215597943,-0.06273839784402056,0.06273839784402056
Hyb-Adam-UM,50,9,63,HybAdamUM_completed_p50_rep09_seed63.csv,internal:T13|T14|T15,internal,3,0.18561,0.00871170521510418,-0.17689829478489583,0.17689829478489583
Hyb-Adam-UM,50,9,63,HybAdamUM_completed_p50_rep09_seed63.csv,terminal:T13,terminal,1,0.32149,0.13744209251002934,-0.18404790748997066,0.18404790748997066
Hyb-Adam-UM,50,9,63,HybAdamUM_completed_p50_rep09_seed63.csv,internal:T14|T15,internal,2,0.07113,0.020723674715083993,-0.05040632528491601,0.05040632528491601
Hyb-Adam-UM,50,9,63,HybAdamUM_completed_p50_rep09_seed63.csv,terminal:T14,terminal,1,0.34439,0.12203595559386364,-0.22235404440613632,0.22235404440613632
Hyb-Adam-UM,50,9,63,HybAdamUM_completed_p50_rep09_seed63.csv,terminal:T15,terminal,1,0.24256,0.11383583618827878,-0.12872416381172122,0.12872416381172122
Hyb-Adam-UM,50,10,64,HybAdamUM_completed_p50_rep10_seed64.csv,terminal:T1,terminal,1,0.05696,0.061828295254023814,0.0048682952540238175,0.0048682952540238175
Hyb-Adam-UM,50,10,64,HybAdamUM_completed_p50_rep10_seed64.csv,internal:T2|T3,internal,2,0.03472,0.0,-0.03472,0.03472
Hyb-Adam-UM,50,10,64,HybAdamUM_completed_p50_rep10_seed64.csv,terminal:T2,terminal,1,0.02433,0.06319429622900832,0.03886429622900832,0.03886429622900832
Hyb-Adam-UM,50,10,64,HybAdamUM_completed_p50_rep10_seed64.csv,terminal:T3,terminal,1,0.02231,0.06895985463188437,0.04664985463188437,0.04664985463188437
Hyb-Adam-UM,50,10,64,HybAdamUM_completed_p50_rep10_seed64.csv,internal:T1|T2|T3,internal,3,0.01863,0.021799053285275233,0.003169053285275232,0.003169053285275232
Hyb-Adam-UM,50,10,64,HybAdamUM_completed_p50_rep10_seed64.csv,terminal:T4,terminal,1,0.07771,0.10136657001530604,0.023656570015306036,0.023656570015306036
Hyb-Adam-UM,50,10,64,HybAdamUM_completed_p50_rep10_seed64.csv,internal:T1|T2|T3|T4,internal,4,0.04682,0.0,-0.04682,0.04682
Hyb-Adam-UM,50,10,64,HybAdamUM_completed_p50_rep10_seed64.csv,terminal:T5,terminal,1,0.12997,0.08460778887643759,-0.04536221112356241,0.04536221112356241
Hyb-Adam-UM,50,10,64,HybAdamUM_completed_p50_rep10_seed64.csv,internal:T1|T2|T3|T4|T5,internal,5,0.03057,0.0,-0.03057,0.03057
Hyb-Adam-UM,50,10,64,HybAdamUM_completed_p50_rep10_seed64.csv,terminal:T6,terminal,1,0.14605,0.0882894934112029,-0.05776050658879711,0.05776050658879711
Hyb-Adam-UM,50,10,64,HybAdamUM_completed_p50_rep10_seed64.csv,internal:T1|T2|T3|T4|T5|T6,internal,6,0.0721,0.01490477686608831,-0.05719522313391169,0.05719522313391169
Hyb-Adam-UM,50,10,64,HybAdamUM_completed_p50_rep10_seed64.csv,internal:T10|T7|T8|T9,internal,4,0.08603,0.013849197561996013,-0.07218080243800398,0.07218080243800398
Hyb-Adam-UM,50,10,64,HybAdamUM_completed_p50_rep10_seed64.csv,internal:T7|T8|T9,internal,3,0.05128,0.01619543292572844,-0.03508456707427156,0.03508456707427156
Hyb-Adam-UM,50,10,64,HybAdamUM_completed_p50_rep10_seed64.csv,internal:T7|T8,internal,2,0.02354,0.003556645613873465,-0.019983354386126535,0.019983354386126535
Hyb-Adam-UM,50,10,64,HybAdamUM_completed_p50_rep10_seed64.csv,terminal:T7,terminal,1,0.11573,0.07233266656113886,-0.04339733343886114,0.04339733343886114
Hyb-Adam-UM,50,10,64,HybAdamUM_completed_p50_rep10_seed64.csv,terminal:T8,terminal,1,0.11535,0.0746690252741891,-0.04068097472581089,0.04068097472581089
Hyb-Adam-UM,50,10,64,HybAdamUM_completed_p50_rep10_seed64.csv,terminal:T9,terminal,1,0.12153,0.07694984314943373,-0.044580156850566266,0.044580156850566266
Hyb-Adam-UM,50,10,64,HybAdamUM_completed_p50_rep10_seed64.csv,terminal:T10,terminal,1,0.18189,0.0953630697155482,-0.0865269302844518,0.0865269302844518
Hyb-Adam-UM,50,10,64,HybAdamUM_completed_p50_rep10_seed64.csv,internal:T11|T12|T13|T14|T15,internal,5,0.11651,0.024044850705745507,-0.09246514929425449,0.09246514929425449
Hyb-Adam-UM,50,10,64,HybAdamUM_completed_p50_rep10_seed64.csv,internal:T11|T12,internal,2,0.22637,0.0,-0.22637,0.22637
Hyb-Adam-UM,50,10,64,HybAdamUM_completed_p50_rep10_seed64.csv,terminal:T11,terminal,1,0.16094,0.12938732810363354,-0.03155267189636646,0.03155267189636646
Hyb-Adam-UM,50,10,64,HybAdamUM_completed_p50_rep10_seed64.csv,terminal:T12,terminal,1,0.14942,0.13175199017636063,-0.017668009823639363,0.017668009823639363
Hyb-Adam-UM,50,10,64,HybAdamUM_completed_p50_rep10_seed64.csv,internal:T13|T14|T15,internal,3,0.18561,0.021894182415997544,-0.16371581758400244,0.16371581758400244
Hyb-Adam-UM,50,10,64,HybAdamUM_completed_p50_rep10_seed64.csv,terminal:T13,terminal,1,0.32149,0.11952086108719727,-0.20196913891280271,0.20196913891280271
Hyb-Adam-UM,50,10,64,HybAdamUM_completed_p50_rep10_seed64.csv,internal:T14|T15,internal,2,0.07113,0.005262904140393376,-0.06586709585960662,0.06586709585960662
Hyb-Adam-UM,50,10,64,HybAdamUM_completed_p50_rep10_seed64.csv,terminal:T14,terminal,1,0.34439,0.12233031211187093,-0.22205968788812905,0.22205968788812905
Hyb-Adam-UM,50,10,64,HybAdamUM_completed_p50_rep10_seed64.csv,terminal:T15,terminal,1,0.24256,0.11354147967027148,-0.12901852032972852,0.12901852032972852
Hyb-Adam-UM,50,11,65,HybAdamUM_completed_p50_rep11_seed65.csv,terminal:T1,terminal,1,0.05696,0.04194602918655544,-0.015013970813444556,0.015013970813444556
Hyb-Adam-UM,50,11,65,HybAdamUM_completed_p50_rep11_seed65.csv,internal:T2|T3,internal,2,0.03472,0.02301176706568474,-0.01170823293431526,0.01170823293431526
Hyb-Adam-UM,50,11,65,HybAdamUM_completed_p50_rep11_seed65.csv,terminal:T2,terminal,1,0.02433,0.020543227940594558,-0.003786772059405443,0.003786772059405443
Hyb-Adam-UM,50,11,65,HybAdamUM_completed_p50_rep11_seed65.csv,terminal:T3,terminal,1,0.02231,0.020488920959574646,-0.0018210790404253538,0.0018210790404253538
Hyb-Adam-UM,50,11,65,HybAdamUM_completed_p50_rep11_seed65.csv,internal:T1|T2|T3,internal,3,0.01863,0.009358514192947368,-0.009271485807052633,0.009271485807052633
Hyb-Adam-UM,50,11,65,HybAdamUM_completed_p50_rep11_seed65.csv,terminal:T4,terminal,1,0.07771,0.053908679807882345,-0.023801320192117656,0.023801320192117656
Hyb-Adam-UM,50,11,65,HybAdamUM_completed_p50_rep11_seed65.csv,internal:T1|T2|T3|T4,internal,4,0.04682,0.02057779049988557,-0.02624220950011443,0.02624220950011443
Hyb-Adam-UM,50,11,65,HybAdamUM_completed_p50_rep11_seed65.csv,terminal:T5,terminal,1,0.12997,0.07582245649564393,-0.05414754350435608,0.05414754350435608
Hyb-Adam-UM,50,11,65,HybAdamUM_completed_p50_rep11_seed65.csv,internal:T1|T2|T3|T4|T5,internal,5,0.03057,0.005624859861561751,-0.024945140138438248,0.024945140138438248
Hyb-Adam-UM,50,11,65,HybAdamUM_completed_p50_rep11_seed65.csv,terminal:T6,terminal,1,0.14605,0.08214705647985884,-0.06390294352014117,0.06390294352014117
Hyb-Adam-UM,50,11,65,HybAdamUM_completed_p50_rep11_seed65.csv,internal:T1|T2|T3|T4|T5|T6,internal,6,0.0721,0.02335372902786676,-0.048746270972133236,0.048746270972133236
Hyb-Adam-UM,50,11,65,HybAdamUM_completed_p50_rep11_seed65.csv,internal:T10|T7|T8|T9,internal,4,0.08603,0.0071871115875785955,-0.0788428884124214,0.0788428884124214
Hyb-Adam-UM,50,11,65,HybAdamUM_completed_p50_rep11_seed65.csv,internal:T7|T8|T9,internal,3,0.05128,0.0,-0.05128,0.05128
Hyb-Adam-UM,50,11,65,HybAdamUM_completed_p50_rep11_seed65.csv,internal:T7|T8,internal,2,0.02354,0.0,-0.02354,0.02354
Hyb-Adam-UM,50,11,65,HybAdamUM_completed_p50_rep11_seed65.csv,terminal:T7,terminal,1,0.11573,0.09758820128534863,-0.018141798714651367,0.018141798714651367
Hyb-Adam-UM,50,11,65,HybAdamUM_completed_p50_rep11_seed65.csv,terminal:T8,terminal,1,0.11535,0.10609201683226602,-0.009257983167733977,0.009257983167733977
Hyb-Adam-UM,50,11,65,HybAdamUM_completed_p50_rep11_seed65.csv,terminal:T9,terminal,1,0.12153,0.09786375687814317,-0.023666243121856834,0.023666243121856834
Hyb-Adam-UM,50,11,65,HybAdamUM_completed_p50_rep11_seed65.csv,terminal:T10,terminal,1,0.18189,0.10150982621369749,-0.08038017378630251,0.08038017378630251
Hyb-Adam-UM,50,11,65,HybAdamUM_completed_p50_rep11_seed65.csv,internal:T11|T12|T13|T14|T15,internal,5,0.11651,0.02266539312032078,-0.09384460687967922,0.09384460687967922
Hyb-Adam-UM,50,11,65,HybAdamUM_completed_p50_rep11_seed65.csv,internal:T11|T12,internal,2,0.22637,0.0,-0.22637,0.22637
Hyb-Adam-UM,50,11,65,HybAdamUM_completed_p50_rep11_seed65.csv,terminal:T11,terminal,1,0.16094,0.12679722809312882,-0.03414277190687118,0.03414277190687118
Hyb-Adam-UM,50,11,65,HybAdamUM_completed_p50_rep11_seed65.csv,terminal:T12,terminal,1,0.14942,0.1280673704913417,-0.021352629508658294,0.021352629508658294
Hyb-Adam-UM,50,11,65,HybAdamUM_completed_p50_rep11_seed65.csv,internal:T13|T14|T15,internal,3,0.18561,0.01760363984121014,-0.16800636015878986,0.16800636015878986
Hyb-Adam-UM,50,11,65,HybAdamUM_completed_p50_rep11_seed65.csv,terminal:T13,terminal,1,0.32149,0.1242378947475006,-0.1972521052524994,0.1972521052524994
Hyb-Adam-UM,50,11,65,HybAdamUM_completed_p50_rep11_seed65.csv,internal:T14|T15,internal,2,0.07113,0.011009473512121904,-0.06012052648787809,0.06012052648787809
Hyb-Adam-UM,50,11,65,HybAdamUM_completed_p50_rep11_seed65.csv,terminal:T14,terminal,1,0.34439,0.12008819835951928,-0.2243018016404807,0.2243018016404807
Hyb-Adam-UM,50,11,65,HybAdamUM_completed_p50_rep11_seed65.csv,terminal:T15,terminal,1,0.24256,0.11578359342262311,-0.12677640657737688,0.12677640657737688
Hyb-Adam-UM,50,12,66,HybAdamUM_completed_p50_rep12_seed66.csv,terminal:T1,terminal,1,0.05696,0.07509762168780378,0.01813762168780378,0.01813762168780378
Hyb-Adam-UM,50,12,66,HybAdamUM_completed_p50_rep12_seed66.csv,internal:T2|T3,internal,2,0.03472,0.05388449821361528,0.01916449821361528,0.01916449821361528
Hyb-Adam-UM,50,12,66,HybAdamUM_completed_p50_rep12_seed66.csv,terminal:T2,terminal,1,0.02433,0.020814801764699308,-0.0035151982353006928,0.0035151982353006928
Hyb-Adam-UM,50,12,66,HybAdamUM_completed_p50_rep12_seed66.csv,terminal:T3,terminal,1,0.02231,0.020217347135469937,-0.0020926528645300625,0.0020926528645300625
Hyb-Adam-UM,50,12,66,HybAdamUM_completed_p50_rep12_seed66.csv,internal:T1|T2|T3,internal,3,0.01863,0.0,-0.01863,0.01863
Hyb-Adam-UM,50,12,66,HybAdamUM_completed_p50_rep12_seed66.csv,terminal:T4,terminal,1,0.07771,0.0767522818033003,-0.0009577181966996945,0.0009577181966996945
Hyb-Adam-UM,50,12,66,HybAdamUM_completed_p50_rep12_seed66.csv,internal:T1|T2|T3|T4,internal,4,0.04682,0.0,-0.04682,0.04682
Hyb-Adam-UM,50,12,66,HybAdamUM_completed_p50_rep12_seed66.csv,terminal:T5,terminal,1,0.12997,0.07625385138585974,-0.05371614861414026,0.05371614861414026
Hyb-Adam-UM,50,12,66,HybAdamUM_completed_p50_rep12_seed66.csv,internal:T1|T2|T3|T4|T5,internal,5,0.03057,0.005928487536919448,-0.02464151246308055,0.02464151246308055
Hyb-Adam-UM,50,12,66,HybAdamUM_completed_p50_rep12_seed66.csv,terminal:T6,terminal,1,0.14605,0.08319385428374168,-0.06285614571625833,0.06285614571625833
Hyb-Adam-UM,50,12,66,HybAdamUM_completed_p50_rep12_seed66.csv,internal:T1|T2|T3|T4|T5|T6,internal,6,0.0721,0.02166941251841072,-0.05043058748158928,0.05043058748158928
Hyb-Adam-UM,50,12,66,HybAdamUM_completed_p50_rep12_seed66.csv,internal:T10|T7|T8|T9,internal,4,0.08603,0.01521105044221243,-0.07081894955778756,0.07081894955778756
Hyb-Adam-UM,50,12,66,HybAdamUM_completed_p50_rep12_seed66.csv,internal:T7|T8|T9,internal,3,0.05128,0.014871736160196021,-0.03640826383980398,0.03640826383980398
Hyb-Adam-UM,50,12,66,HybAdamUM_completed_p50_rep12_seed66.csv,internal:T7|T8,internal,2,0.02354,0.003809766491156241,-0.01973023350884376,0.01973023350884376
Hyb-Adam-UM,50,12,66,HybAdamUM_completed_p50_rep12_seed66.csv,terminal:T7,terminal,1,0.11573,0.07164807563622076,-0.04408192436377924,0.04408192436377924
Hyb-Adam-UM,50,12,66,HybAdamUM_completed_p50_rep12_seed66.csv,terminal:T8,terminal,1,0.11535,0.07535361619910723,-0.039996383800892765,0.039996383800892765
Hyb-Adam-UM,50,12,66,HybAdamUM_completed_p50_rep12_seed66.csv,terminal:T9,terminal,1,0.12153,0.07669672227215098,-0.04483327772784902,0.04483327772784902
Hyb-Adam-UM,50,12,66,HybAdamUM_completed_p50_rep12_seed66.csv,terminal:T10,terminal,1,0.18189,0.09654757697281273,-0.08534242302718727,0.08534242302718727
Hyb-Adam-UM,50,12,66,HybAdamUM_completed_p50_rep12_seed66.csv,internal:T11|T12|T13|T14|T15,internal,5,0.11651,0.023412871128438626,-0.09309712887156138,0.09309712887156138
Hyb-Adam-UM,50,12,66,HybAdamUM_completed_p50_rep12_seed66.csv,internal:T11|T12,internal,2,0.22637,0.04190065014787922,-0.18446934985212077,0.18446934985212077
Hyb-Adam-UM,50,12,66,HybAdamUM_completed_p50_rep12_seed66.csv,terminal:T11,terminal,1,0.16094,0.08665668539008156,-0.07428331460991844,0.07428331460991844
Hyb-Adam-UM,50,12,66,HybAdamUM_completed_p50_rep12_seed66.csv,terminal:T12,terminal,1,0.14942,0.08633241526144378,-0.06308758473855622,0.06308758473855622
Hyb-Adam-UM,50,12,66,HybAdamUM_completed_p50_rep12_seed66.csv,internal:T13|T14|T15,internal,3,0.18561,0.016996438126396875,-0.16861356187360313,0.16861356187360313
Hyb-Adam-UM,50,12,66,HybAdamUM_completed_p50_rep12_seed66.csv,terminal:T13,terminal,1,0.32149,0.12505370546087913,-0.19643629453912087,0.19643629453912087
Hyb-Adam-UM,50,12,66,HybAdamUM_completed_p50_rep12_seed66.csv,internal:T14|T15,internal,2,0.07113,0.0,-0.07113,0.07113
Hyb-Adam-UM,50,12,66,HybAdamUM_completed_p50_rep12_seed66.csv,terminal:T14,terminal,1,0.34439,0.13509331804941013,-0.20929668195058984,0.20929668195058984
Hyb-Adam-UM,50,12,66,HybAdamUM_completed_p50_rep12_seed66.csv,terminal:T15,terminal,1,0.24256,0.1256708612778363,-0.1168891387221637,0.1168891387221637
Hyb-Adam-UM,50,13,67,HybAdamUM_completed_p50_rep13_seed67.csv,terminal:T1,terminal,1,0.05696,0.0992014162454804,0.042241416245480404,0.042241416245480404
Hyb-Adam-UM,50,13,67,HybAdamUM_completed_p50_rep13_seed67.csv,internal:T2|T3,internal,2,0.03472,0.004746799282346204,-0.029973200717653796,0.029973200717653796
Hyb-Adam-UM,50,13,67,HybAdamUM_completed_p50_rep13_seed67.csv,terminal:T2,terminal,1,0.02433,0.0816242720115016,0.0572942720115016,0.0572942720115016
Hyb-Adam-UM,50,13,67,HybAdamUM_completed_p50_rep13_seed67.csv,terminal:T3,terminal,1,0.02231,0.08374042960348117,0.061430429603481176,0.061430429603481176
Hyb-Adam-UM,50,13,67,HybAdamUM_completed_p50_rep13_seed67.csv,internal:T1|T2|T3,internal,3,0.01863,0.0,-0.01863,0.01863
Hyb-Adam-UM,50,13,67,HybAdamUM_completed_p50_rep13_seed67.csv,terminal:T4,terminal,1,0.07771,0.08643179027598769,0.008721790275987684,0.008721790275987684
Hyb-Adam-UM,50,13,67,HybAdamUM_completed_p50_rep13_seed67.csv,internal:T1|T2|T3|T4,internal,4,0.04682,0.0,-0.04682,0.04682
Hyb-Adam-UM,50,13,67,HybAdamUM_completed_p50_rep13_seed67.csv,terminal:T5,terminal,1,0.12997,0.08611414031486227,-0.043855859685137735,0.043855859685137735
Hyb-Adam-UM,50,13,67,HybAdamUM_completed_p50_rep13_seed67.csv,internal:T1|T2|T3|T4|T5,internal,5,0.03057,0.0,-0.03057,0.03057
Hyb-Adam-UM,50,13,67,HybAdamUM_completed_p50_rep13_seed67.csv,terminal:T6,terminal,1,0.14605,0.08914101044334612,-0.0569089895566539,0.0569089895566539
Hyb-Adam-UM,50,13,67,HybAdamUM_completed_p50_rep13_seed67.csv,internal:T1|T2|T3|T4|T5|T6,internal,6,0.0721,0.013906642802768654,-0.058193357197231343,0.058193357197231343
Hyb-Adam-UM,50,13,67,HybAdamUM_completed_p50_rep13_seed67.csv,internal:T10|T7|T8|T9,internal,4,0.08603,0.014194645892079893,-0.07183535410792011,0.07183535410792011
Hyb-Adam-UM,50,13,67,HybAdamUM_completed_p50_rep13_seed67.csv,internal:T7|T8|T9,internal,3,0.05128,0.017424646185086462,-0.03385535381491354,0.03385535381491354
Hyb-Adam-UM,50,13,67,HybAdamUM_completed_p50_rep13_seed67.csv,internal:T7|T8,internal,2,0.02354,0.0029142494469575125,-0.020625750553042485,0.020625750553042485
Hyb-Adam-UM,50,13,67,HybAdamUM_completed_p50_rep13_seed67.csv,terminal:T7,terminal,1,0.11573,0.07224335362438399,-0.043486646375616014,0.043486646375616014
Hyb-Adam-UM,50,13,67,HybAdamUM_completed_p50_rep13_seed67.csv,terminal:T8,terminal,1,0.11535,0.07475833821094396,-0.04059166178905603,0.04059166178905603
Hyb-Adam-UM,50,13,67,HybAdamUM_completed_p50_rep13_seed67.csv,terminal:T9,terminal,1,0.12153,0.0775922393163497,-0.043937760683650295,0.043937760683650295
Hyb-Adam-UM,50,13,67,HybAdamUM_completed_p50_rep13_seed67.csv,terminal:T10,terminal,1,0.18189,0.09478640070638272,-0.08710359929361727,0.08710359929361727
Hyb-Adam-UM,50,13,67,HybAdamUM_completed_p50_rep13_seed67.csv,internal:T11|T12|T13|T14|T15,internal,5,0.11651,0.02237481716667053,-0.09413518283332947,0.09413518283332947
Hyb-Adam-UM,50,13,67,HybAdamUM_completed_p50_rep13_seed67.csv,internal:T11|T12,internal,2,0.22637,0.0,-0.22637,0.22637
Hyb-Adam-UM,50,13,67,HybAdamUM_completed_p50_rep13_seed67.csv,terminal:T11,terminal,1,0.16094,0.1306130930735308,-0.030326906926469194,0.030326906926469194
Hyb-Adam-UM,50,13,67,HybAdamUM_completed_p50_rep13_seed67.csv,terminal:T12,terminal,1,0.14942,0.12670533207084234,-0.02271466792915766,0.02271466792915766
Hyb-Adam-UM,50,13,67,HybAdamUM_completed_p50_rep13_seed67.csv,internal:T13|T14|T15,internal,3,0.18561,0.02096828476768988,-0.1646417152323101,0.1646417152323101
Hyb-Adam-UM,50,13,67,HybAdamUM_completed_p50_rep13_seed67.csv,terminal:T13,terminal,1,0.32149,0.12136540551666887,-0.20012459448333114,0.20012459448333114
Hyb-Adam-UM,50,13,67,HybAdamUM_completed_p50_rep13_seed67.csv,internal:T14|T15,internal,2,0.07113,0.0,-0.07113,0.07113
Hyb-Adam-UM,50,13,67,HybAdamUM_completed_p50_rep13_seed67.csv,terminal:T14,terminal,1,0.34439,0.12950075394529972,-0.21488924605470025,0.21488924605470025
Hyb-Adam-UM,50,13,67,HybAdamUM_completed_p50_rep13_seed67.csv,terminal:T15,terminal,1,0.24256,0.12237948830652322,-0.12018051169347678,0.12018051169347678
Hyb-Adam-UM,50,14,68,HybAdamUM_completed_p50_rep14_seed68.csv,terminal:T1,terminal,1,0.05696,0.06590901086823055,0.00894901086823055,0.00894901086823055
Hyb-Adam-UM,50,14,68,HybAdamUM_completed_p50_rep14_seed68.csv,internal:T2|T3,internal,2,0.03472,0.0,-0.03472,0.03472
Hyb-Adam-UM,50,14,68,HybAdamUM_completed_p50_rep14_seed68.csv,terminal:T2,terminal,1,0.02433,0.07565691882497023,0.05132691882497023,0.05132691882497023
Hyb-Adam-UM,50,14,68,HybAdamUM_completed_p50_rep14_seed68.csv,terminal:T3,terminal,1,0.02231,0.06584877080764766,0.04353877080764766,0.04353877080764766
Hyb-Adam-UM,50,14,68,HybAdamUM_completed_p50_rep14_seed68.csv,internal:T1|T2|T3,internal,3,0.01863,0.007495722634753284,-0.011134277365246716,0.011134277365246716
Hyb-Adam-UM,50,14,68,HybAdamUM_completed_p50_rep14_seed68.csv,terminal:T4,terminal,1,0.07771,0.07862512805374126,0.0009151280537412626,0.0009151280537412626
Hyb-Adam-UM,50,14,68,HybAdamUM_completed_p50_rep14_seed68.csv,internal:T1|T2|T3|T4,internal,4,0.04682,0.0,-0.04682,0.04682
Hyb-Adam-UM,50,14,68,HybAdamUM_completed_p50_rep14_seed68.csv,terminal:T5,terminal,1,0.12997,0.07810627985537742,-0.05186372014462258,0.05186372014462258
Hyb-Adam-UM,50,14,68,HybAdamUM_completed_p50_rep14_seed68.csv,internal:T1|T2|T3|T4|T5,internal,5,0.03057,0.0039439736804149726,-0.02662602631958503,0.02662602631958503
Hyb-Adam-UM,50,14,68,HybAdamUM_completed_p50_rep14_seed68.csv,terminal:T6,terminal,1,0.14605,0.0838308788236072,-0.06221912117639282,0.06221912117639282
Hyb-Adam-UM,50,14,68,HybAdamUM_completed_p50_rep14_seed68.csv,internal:T1|T2|T3|T4|T5|T6,internal,6,0.0721,0.021030837247039906,-0.05106916275296009,0.05106916275296009
Hyb-Adam-UM,50,14,68,HybAdamUM_completed_p50_rep14_seed68.csv,internal:T10|T7|T8|T9,internal,4,0.08603,0.014438523811715682,-0.07159147618828432,0.07159147618828432
Hyb-Adam-UM,50,14,68,HybAdamUM_completed_p50_rep14_seed68.csv,internal:T7|T8|T9,internal,3,0.05128,0.013979034034053435,-0.037300965965946564,0.037300965965946564
Hyb-Adam-UM,50,14,68,HybAdamUM_completed_p50_rep14_seed68.csv,internal:T7|T8,internal,2,0.02354,0.0071094751827775835,-0.016430524817222417,0.016430524817222417
Hyb-Adam-UM,50,14,68,HybAdamUM_completed_p50_rep14_seed68.csv,terminal:T7,terminal,1,0.11573,0.07097924433236569,-0.04475075566763431,0.04475075566763431
Hyb-Adam-UM,50,14,68,HybAdamUM_completed_p50_rep14_seed68.csv,terminal:T8,terminal,1,0.11535,0.0760224475029623,-0.03932755249703769,0.03932755249703769
Hyb-Adam-UM,50,14,68,HybAdamUM_completed_p50_rep14_seed68.csv,terminal:T9,terminal,1,0.12153,0.07826871712222123,-0.043261282877778764,0.043261282877778764
Hyb-Adam-UM,50,14,68,HybAdamUM_completed_p50_rep14_seed68.csv,terminal:T10,terminal,1,0.18189,0.09493681064594009,-0.0869531893540599,0.0869531893540599
Hyb-Adam-UM,50,14,68,HybAdamUM_completed_p50_rep14_seed68.csv,internal:T11|T12|T13|T14|T15,internal,5,0.11651,0.022781833718244982,-0.09372816628175502,0.09372816628175502
Hyb-Adam-UM,50,14,68,HybAdamUM_completed_p50_rep14_seed68.csv,internal:T11|T12,internal,2,0.22637,0.04327287871686703,-0.18309712128313296,0.18309712128313296
Hyb-Adam-UM,50,14,68,HybAdamUM_completed_p50_rep14_seed68.csv,terminal:T11,terminal,1,0.16094,0.0872243724303063,-0.0737156275696937,0.0737156275696937
Hyb-Adam-UM,50,14,68,HybAdamUM_completed_p50_rep14_seed68.csv,terminal:T12,terminal,1,0.14942,0.08576472822121897,-0.06365527177878103,0.06365527177878103
Hyb-Adam-UM,50,14,68,HybAdamUM_completed_p50_rep14_seed68.csv,internal:T13|T14|T15,internal,3,0.18561,0.008382399155447846,-0.17722760084455216,0.17722760084455216
Hyb-Adam-UM,50,14,68,HybAdamUM_completed_p50_rep14_seed68.csv,terminal:T13,terminal,1,0.32149,0.13761749663213724,-0.18387250336786276,0.18387250336786276
Hyb-Adam-UM,50,14,68,HybAdamUM_completed_p50_rep14_seed68.csv,internal:T14|T15,internal,2,0.07113,0.0,-0.07113,0.07113
Hyb-Adam-UM,50,14,68,HybAdamUM_completed_p50_rep14_seed68.csv,terminal:T14,terminal,1,0.34439,0.1421999347448231,-0.20219006525517688,0.20219006525517688
Hyb-Adam-UM,50,14,68,HybAdamUM_completed_p50_rep14_seed68.csv,terminal:T15,terminal,1,0.24256,0.13406113259672714,-0.10849886740327286,0.10849886740327286
Hyb-Adam-UM,50,15,69,HybAdamUM_completed_p50_rep15_seed69.csv,terminal:T1,terminal,1,0.05696,0.05764947456440465,0.0006894745644046504,0.0006894745644046504
Hyb-Adam-UM,50,15,69,HybAdamUM_completed_p50_rep15_seed69.csv,internal:T2|T3,internal,2,0.03472,0.040685989584770835,0.005965989584770834,0.005965989584770834
Hyb-Adam-UM,50,15,69,HybAdamUM_completed_p50_rep15_seed69.csv,terminal:T2,terminal,1,0.02433,0.0163917857892004,-0.007938214210799602,0.007938214210799602
Hyb-Adam-UM,50,15,69,HybAdamUM_completed_p50_rep15_seed69.csv,terminal:T3,terminal,1,0.02231,0.024640363110968764,0.002330363110968764,0.002330363110968764
Hyb-Adam-UM,50,15,69,HybAdamUM_completed_p50_rep15_seed69.csv,internal:T1|T2|T3,internal,3,0.01863,0.0,-0.01863,0.01863
Hyb-Adam-UM,50,15,69,HybAdamUM_completed_p50_rep15_seed69.csv,terminal:T4,terminal,1,0.07771,0.061853002429329375,-0.015856997570670626,0.015856997570670626
Hyb-Adam-UM,50,15,69,HybAdamUM_completed_p50_rep15_seed69.csv,internal:T1|T2|T3|T4,internal,4,0.04682,0.014241150980452257,-0.032578849019547745,0.032578849019547745
Hyb-Adam-UM,50,15,69,HybAdamUM_completed_p50_rep15_seed69.csv,terminal:T5,terminal,1,0.12997,0.07731271972988726,-0.05265728027011274,0.05265728027011274
Hyb-Adam-UM,50,15,69,HybAdamUM_completed_p50_rep15_seed69.csv,internal:T1|T2|T3|T4|T5,internal,5,0.03057,0.0064179467010398745,-0.024152053298960127,0.024152053298960127
Hyb-Adam-UM,50,15,69,HybAdamUM_completed_p50_rep15_seed69.csv,terminal:T6,terminal,1,0.14605,0.08391547021186556,-0.062134529788134454,0.062134529788134454
Hyb-Adam-UM,50,15,69,HybAdamUM_completed_p50_rep15_seed69.csv,internal:T1|T2|T3|T4|T5|T6,internal,6,0.0721,0.020074124916881753,-0.05202587508311825,0.05202587508311825
Hyb-Adam-UM,50,15,69,HybAdamUM_completed_p50_rep15_seed69.csv,internal:T10|T7|T8|T9,internal,4,0.08603,0.010421615487297043,-0.07560838451270295,0.07560838451270295
Hyb-Adam-UM,50,15,69,HybAdamUM_completed_p50_rep15_seed69.csv,internal:T7|T8|T9,internal,3,0.05128,0.0014499864282875282,-0.04983001357171247,0.04983001357171247
Hyb-Adam-UM,50,15,69,HybAdamUM_completed_p50_rep15_seed69.csv,internal:T7|T8,internal,2,0.02354,0.0,-0.02354,0.02354
Hyb-Adam-UM,50,15,69,HybAdamUM_completed_p50_rep15_seed69.csv,terminal:T7,terminal,1,0.11573,0.09782499813870815,-0.017905001861291847,0.017905001861291847
Hyb-Adam-UM,50,15,69,HybAdamUM_completed_p50_rep15_seed69.csv,terminal:T8,terminal,1,0.11535,0.09630039339148024,-0.01904960660851976,0.01904960660851976
Hyb-Adam-UM,50,15,69,HybAdamUM_completed_p50_rep15_seed69.csv,terminal:T9,terminal,1,0.12153,0.09262858765124941,-0.028901412348750585,0.028901412348750585
Hyb-Adam-UM,50,15,69,HybAdamUM_completed_p50_rep15_seed69.csv,terminal:T10,terminal,1,0.18189,0.10071773336072672,-0.08117226663927328,0.08117226663927328
Hyb-Adam-UM,50,15,69,HybAdamUM_completed_p50_rep15_seed69.csv,internal:T11|T12|T13|T14|T15,internal,5,0.11651,0.021491142650731605,-0.0950188573492684,0.0950188573492684
Hyb-Adam-UM,50,15,69,HybAdamUM_completed_p50_rep15_seed69.csv,internal:T11|T12,internal,2,0.22637,0.0,-0.22637,0.22637
Hyb-Adam-UM,50,15,69,HybAdamUM_completed_p50_rep15_seed69.csv,terminal:T11,terminal,1,0.16094,0.13052696911384798,-0.03041303088615202,0.03041303088615202
Hyb-Adam-UM,50,15,69,HybAdamUM_completed_p50_rep15_seed69.csv,terminal:T12,terminal,1,0.14942,0.1253506019227086,-0.024069398077291387,0.024069398077291387
Hyb-Adam-UM,50,15,69,HybAdamUM_completed_p50_rep15_seed69.csv,internal:T13|T14|T15,internal,3,0.18561,0.019107659983117864,-0.16650234001688213,0.16650234001688213
Hyb-Adam-UM,50,15,69,HybAdamUM_completed_p50_rep15_seed69.csv,terminal:T13,terminal,1,0.32149,0.12526074892852904,-0.19622925107147096,0.19622925107147096
Hyb-Adam-UM,50,15,69,HybAdamUM_completed_p50_rep15_seed69.csv,internal:T14|T15,internal,2,0.07113,0.0,-0.07113,0.07113
Hyb-Adam-UM,50,15,69,HybAdamUM_completed_p50_rep15_seed69.csv,terminal:T14,terminal,1,0.34439,0.13568099676689485,-0.20870900323310512,0.20870900323310512
Hyb-Adam-UM,50,15,69,HybAdamUM_completed_p50_rep15_seed69.csv,terminal:T15,terminal,1,0.24256,0.12447077059492585,-0.11808922940507414,0.11808922940507414
Hyb-Adam-UM,50,16,70,HybAdamUM_completed_p50_rep16_seed70.csv,terminal:T1,terminal,1,0.05696,0.04324026708851865,-0.013719732911481347,0.013719732911481347
Hyb-Adam-UM,50,16,70,HybAdamUM_completed_p50_rep16_seed70.csv,internal:T2|T3,internal,2,0.03472,0.0,-0.03472,0.03472
Hyb-Adam-UM,50,16,70,HybAdamUM_completed_p50_rep16_seed70.csv,terminal:T2,terminal,1,0.02433,0.04419247989790438,0.01986247989790438,0.01986247989790438
Hyb-Adam-UM,50,16,70,HybAdamUM_completed_p50_rep16_seed70.csv,terminal:T3,terminal,1,0.02231,0.045204896933230175,0.022894896933230175,0.022894896933230175
Hyb-Adam-UM,50,16,70,HybAdamUM_completed_p50_rep16_seed70.csv,internal:T1|T2|T3,internal,3,0.01863,0.008067581120200262,-0.010562418879799739,0.010562418879799739
Hyb-Adam-UM,50,16,70,HybAdamUM_completed_p50_rep16_seed70.csv,terminal:T4,terminal,1,0.07771,0.053569033654565335,-0.024140966345434667,0.024140966345434667
Hyb-Adam-UM,50,16,70,HybAdamUM_completed_p50_rep16_seed70.csv,internal:T1|T2|T3|T4,internal,4,0.04682,0.020619122267068087,-0.026200877732931914,0.026200877732931914
Hyb-Adam-UM,50,16,70,HybAdamUM_completed_p50_rep16_seed70.csv,terminal:T5,terminal,1,0.12997,0.07472469528443366,-0.05524530471556634,0.05524530471556634
Hyb-Adam-UM,50,16,70,HybAdamUM_completed_p50_rep16_seed70.csv,internal:T1|T2|T3|T4|T5,internal,5,0.03057,0.007524118524972015,-0.023045881475027986,0.023045881475027986
Hyb-Adam-UM,50,16,70,HybAdamUM_completed_p50_rep16_seed70.csv,terminal:T6,terminal,1,0.14605,0.08268845395154295,-0.06336154604845706,0.06336154604845706
Hyb-Adam-UM,50,16,70,HybAdamUM_completed_p50_rep16_seed70.csv,internal:T1|T2|T3|T4|T5|T6,internal,6,0.0721,0.02201774553544318,-0.050082254464556816,0.050082254464556816
Hyb-Adam-UM,50,16,70,HybAdamUM_completed_p50_rep16_seed70.csv,internal:T10|T7|T8|T9,internal,4,0.08603,0.001582518290930015,-0.08444748170906997,0.08444748170906997
Hyb-Adam-UM,50,16,70,HybAdamUM_completed_p50_rep16_seed70.csv,internal:T7|T8|T9,internal,3,0.05128,0.026722234178956774,-0.024557765821043225,0.024557765821043225
Hyb-Adam-UM,50,16,70,HybAdamUM_completed_p50_rep16_seed70.csv,internal:T7|T8,internal,2,0.02354,0.0,-0.02354,0.02354
Hyb-Adam-UM,50,16,70,HybAdamUM_completed_p50_rep16_seed70.csv,terminal:T7,terminal,1,0.11573,0.07803048234738913,-0.03769951765261087,0.03769951765261087
Hyb-Adam-UM,50,16,70,HybAdamUM_completed_p50_rep16_seed70.csv,terminal:T8,terminal,1,0.11535,0.08262831219407173,-0.03272168780592827,0.03272168780592827
Hyb-Adam-UM,50,16,70,HybAdamUM_completed_p50_rep16_seed70.csv,terminal:T9,terminal,1,0.12153,0.07751845843315004,-0.04401154156684996,0.04401154156684996
Hyb-Adam-UM,50,16,70,HybAdamUM_completed_p50_rep16_seed70.csv,terminal:T10,terminal,1,0.18189,0.1055546869769173,-0.07633531302308269,0.07633531302308269
Hyb-Adam-UM,50,16,70,HybAdamUM_completed_p50_rep16_seed70.csv,internal:T11|T12|T13|T14|T15,internal,5,0.11651,0.02201662438090913,-0.09449337561909088,0.09449337561909088
Hyb-Adam-UM,50,16,70,HybAdamUM_completed_p50_rep16_seed70.csv,internal:T11|T12,internal,2,0.22637,0.0,-0.22637,0.22637
Hyb-Adam-UM,50,16,70,HybAdamUM_completed_p50_rep16_seed70.csv,terminal:T11,terminal,1,0.16094,0.12614762913890745,-0.03479237086109255,0.03479237086109255
Hyb-Adam-UM,50,16,70,HybAdamUM_completed_p50_rep16_seed70.csv,terminal:T12,terminal,1,0.14942,0.12813820776715967,-0.021281792232840324,0.021281792232840324
Hyb-Adam-UM,50,16,70,HybAdamUM_completed_p50_rep16_seed70.csv,internal:T13|T14|T15,internal,3,0.18561,0.009910099954189417,-0.17569990004581057,0.17569990004581057
Hyb-Adam-UM,50,16,70,HybAdamUM_completed_p50_rep16_seed70.csv,terminal:T13,terminal,1,0.32149,0.13814558012471942,-0.18334441987528058,0.18334441987528058
Hyb-Adam-UM,50,16,70,HybAdamUM_completed_p50_rep16_seed70.csv,internal:T14|T15,internal,2,0.07113,0.0,-0.07113,0.07113
Hyb-Adam-UM,50,16,70,HybAdamUM_completed_p50_rep16_seed70.csv,terminal:T14,terminal,1,0.34439,0.14338798715142323,-0.20100201284857674,0.20100201284857674
Hyb-Adam-UM,50,16,70,HybAdamUM_completed_p50_rep16_seed70.csv,terminal:T15,terminal,1,0.24256,0.13483008211752195,-0.10772991788247804,0.10772991788247804
Hyb-Adam-UM,50,17,71,HybAdamUM_completed_p50_rep17_seed71.csv,terminal:T1,terminal,1,0.05696,0.04307651645063312,-0.013883483549366873,0.013883483549366873
Hyb-Adam-UM,50,17,71,HybAdamUM_completed_p50_rep17_seed71.csv,internal:T2|T3,internal,2,0.03472,0.022256714176790548,-0.012463285823209453,0.012463285823209453
Hyb-Adam-UM,50,17,71,HybAdamUM_completed_p50_rep17_seed71.csv,terminal:T2,terminal,1,0.02433,0.020699707248072567,-0.0036302927519274338,0.0036302927519274338
Hyb-Adam-UM,50,17,71,HybAdamUM_completed_p50_rep17_seed71.csv,terminal:T3,terminal,1,0.02231,0.020332441652096682,-0.001977558347903318,0.001977558347903318
Hyb-Adam-UM,50,17,71,HybAdamUM_completed_p50_rep17_seed71.csv,internal:T1|T2|T3,internal,3,0.01863,0.03119153537048325,0.01256153537048325,0.01256153537048325
Hyb-Adam-UM,50,17,71,HybAdamUM_completed_p50_rep17_seed71.csv,terminal:T4,terminal,1,0.07771,0.07652684872036151,-0.0011831512796384863,0.0011831512796384863
Hyb-Adam-UM,50,17,71,HybAdamUM_completed_p50_rep17_seed71.csv,internal:T1|T2|T3|T4,internal,4,0.04682,0.0,-0.04682,0.04682
Hyb-Adam-UM,50,17,71,HybAdamUM_completed_p50_rep17_seed71.csv,terminal:T5,terminal,1,0.12997,0.07742432872638852,-0.05254567127361148,0.05254567127361148
Hyb-Adam-UM,50,17,71,HybAdamUM_completed_p50_rep17_seed71.csv,internal:T1|T2|T3|T4|T5,internal,5,0.03057,0.006169672452482943,-0.02440032754751706,0.02440032754751706
Hyb-Adam-UM,50,17,71,HybAdamUM_completed_p50_rep17_seed71.csv,terminal:T6,terminal,1,0.14605,0.0823656045584248,-0.06368439544157521,0.06368439544157521
Hyb-Adam-UM,50,17,71,HybAdamUM_completed_p50_rep17_seed71.csv,internal:T1|T2|T3|T4|T5|T6,internal,6,0.0721,0.021754532807151512,-0.050345467192848485,0.050345467192848485
Hyb-Adam-UM,50,17,71,HybAdamUM_completed_p50_rep17_seed71.csv,internal:T10|T7|T8|T9,internal,4,0.08603,0.006684536936469125,-0.07934546306353087,0.07934546306353087
Hyb-Adam-UM,50,17,71,HybAdamUM_completed_p50_rep17_seed71.csv,internal:T7|T8|T9,internal,3,0.05128,0.0,-0.05128,0.05128
Hyb-Adam-UM,50,17,71,HybAdamUM_completed_p50_rep17_seed71.csv,internal:T7|T8,internal,2,0.02354,0.027625005820518415,0.004085005820518416,0.004085005820518416
Hyb-Adam-UM,50,17,71,HybAdamUM_completed_p50_rep17_seed71.csv,terminal:T7,terminal,1,0.11573,0.07245657112029173,-0.04327342887970827,0.04327342887970827
Hyb-Adam-UM,50,17,71,HybAdamUM_completed_p50_rep17_seed71.csv,terminal:T8,terminal,1,0.11535,0.07454512071503627,-0.04080487928496372,0.04080487928496372
Hyb-Adam-UM,50,17,71,HybAdamUM_completed_p50_rep17_seed71.csv,terminal:T9,terminal,1,0.12153,0.10186246290692351,-0.01966753709307649,0.01966753709307649
Hyb-Adam-UM,50,17,71,HybAdamUM_completed_p50_rep17_seed71.csv,terminal:T10,terminal,1,0.18189,0.10203489681547014,-0.07985510318452986,0.07985510318452986
Hyb-Adam-UM,50,17,71,HybAdamUM_completed_p50_rep17_seed71.csv,internal:T11|T12|T13|T14|T15,internal,5,0.11651,0.020762207140497042,-0.09574779285950297,0.09574779285950297
Hyb-Adam-UM,50,17,71,HybAdamUM_completed_p50_rep17_seed71.csv,internal:T11|T12,internal,2,0.22637,0.0,-0.22637,0.22637
Hyb-Adam-UM,50,17,71,HybAdamUM_completed_p50_rep17_seed71.csv,terminal:T11,terminal,1,0.16094,0.13014164202530898,-0.03079835797469102,0.03079835797469102
Hyb-Adam-UM,50,17,71,HybAdamUM_completed_p50_rep17_seed71.csv,terminal:T12,terminal,1,0.14942,0.12089869477310965,-0.02852130522689035,0.02852130522689035
Hyb-Adam-UM,50,17,71,HybAdamUM_completed_p50_rep17_seed71.csv,internal:T13|T14|T15,internal,3,0.18561,0.019267305291450987,-0.166342694708549,0.166342694708549
Hyb-Adam-UM,50,17,71,HybAdamUM_completed_p50_rep17_seed71.csv,terminal:T13,terminal,1,0.32149,0.12337370647453641,-0.1981162935254636,0.1981162935254636
Hyb-Adam-UM,50,17,71,HybAdamUM_completed_p50_rep17_seed71.csv,internal:T14|T15,internal,2,0.07113,0.011975094684124967,-0.05915490531587503,0.05915490531587503
Hyb-Adam-UM,50,17,71,HybAdamUM_completed_p50_rep17_seed71.csv,terminal:T14,terminal,1,0.34439,0.12063481821736628,-0.2237551817826337,0.2237551817826337
Hyb-Adam-UM,50,17,71,HybAdamUM_completed_p50_rep17_seed71.csv,terminal:T15,terminal,1,0.24256,0.11523697356477618,-0.1273230264352238,0.1273230264352238
Hyb-Adam-UM,50,18,72,HybAdamUM_completed_p50_rep18_seed72.csv,terminal:T1,terminal,1,0.05696,0.04318994475756,-0.013770055242439995,0.013770055242439995
Hyb-Adam-UM,50,18,72,HybAdamUM_completed_p50_rep18_seed72.csv,internal:T2|T3,internal,2,0.03472,0.022785938713586935,-0.011934061286413066,0.011934061286413066
Hyb-Adam-UM,50,18,72,HybAdamUM_completed_p50_rep18_seed72.csv,terminal:T2,terminal,1,0.02433,0.02063071318580372,-0.0036992868141962794,0.0036992868141962794
Hyb-Adam-UM,50,18,72,HybAdamUM_completed_p50_rep18_seed72.csv,terminal:T3,terminal,1,0.02231,0.02040143571436543,-0.0019085642856345696,0.0019085642856345696
Hyb-Adam-UM,50,18,72,HybAdamUM_completed_p50_rep18_seed72.csv,internal:T1|T2|T3,internal,3,0.01863,0.008606287111077698,-0.010023712888922303,0.010023712888922303
Hyb-Adam-UM,50,18,72,HybAdamUM_completed_p50_rep18_seed72.csv,terminal:T4,terminal,1,0.07771,0.05381881718133134,-0.023891182818668665,0.023891182818668665
Hyb-Adam-UM,50,18,72,HybAdamUM_completed_p50_rep18_seed72.csv,internal:T1|T2|T3|T4,internal,4,0.04682,0.021352553997107806,-0.025467446002892195,0.025467446002892195
Hyb-Adam-UM,50,18,72,HybAdamUM_completed_p50_rep18_seed72.csv,terminal:T5,terminal,1,0.12997,0.07543510310525198,-0.054534896894748025,0.054534896894748025
Hyb-Adam-UM,50,18,72,HybAdamUM_completed_p50_rep18_seed72.csv,internal:T1|T2|T3|T4|T5,internal,5,0.03057,0.006954064024137745,-0.023615935975862257,0.023615935975862257
Hyb-Adam-UM,50,18,72,HybAdamUM_completed_p50_rep18_seed72.csv,terminal:T6,terminal,1,0.14605,0.08335347807712895,-0.06269652192287106,0.06269652192287106
Hyb-Adam-UM,50,18,72,HybAdamUM_completed_p50_rep18_seed72.csv,internal:T1|T2|T3|T4|T5|T6,internal,6,0.0721,0.02188009140373565,-0.05021990859626435,0.05021990859626435
Hyb-Adam-UM,50,18,72,HybAdamUM_completed_p50_rep18_seed72.csv,internal:T10|T7|T8|T9,internal,4,0.08603,0.010508217309646543,-0.07552178269035345,0.07552178269035345
Hyb-Adam-UM,50,18,72,HybAdamUM_completed_p50_rep18_seed72.csv,internal:T7|T8|T9,internal,3,0.05128,0.00043388778421434737,-0.05084611221578565,0.05084611221578565
Hyb-Adam-UM,50,18,72,HybAdamUM_completed_p50_rep18_seed72.csv,internal:T7|T8,internal,2,0.02354,0.0,-0.02354,0.02354
Hyb-Adam-UM,50,18,72,HybAdamUM_completed_p50_rep18_seed72.csv,terminal:T7,terminal,1,0.11573,0.09295288453063276,-0.02277711546936724,0.02277711546936724
Hyb-Adam-UM,50,18,72,HybAdamUM_completed_p50_rep18_seed72.csv,terminal:T8,terminal,1,0.11535,0.10065351480725988,-0.01469648519274011,0.01469648519274011
Hyb-Adam-UM,50,18,72,HybAdamUM_completed_p50_rep18_seed72.csv,terminal:T9,terminal,1,0.12153,0.09308889304653731,-0.02844110695346269,0.02844110695346269
Hyb-Adam-UM,50,18,72,HybAdamUM_completed_p50_rep18_seed72.csv,terminal:T10,terminal,1,0.18189,0.10195718899122201,-0.07993281100877798,0.07993281100877798
Hyb-Adam-UM,50,18,72,HybAdamUM_completed_p50_rep18_seed72.csv,internal:T11|T12|T13|T14|T15,internal,5,0.11651,0.022373031267818744,-0.09413696873218126,0.09413696873218126
Hyb-Adam-UM,50,18,72,HybAdamUM_completed_p50_rep18_seed72.csv,internal:T11|T12,internal,2,0.22637,0.04250488915334001,-0.18386511084665996,0.18386511084665996
Hyb-Adam-UM,50,18,72,HybAdamUM_completed_p50_rep18_seed72.csv,terminal:T11,terminal,1,0.16094,0.08829091955470672,-0.07264908044529328,0.07264908044529328
Hyb-Adam-UM,50,18,72,HybAdamUM_completed_p50_rep18_seed72.csv,terminal:T12,terminal,1,0.14942,0.0846981810968186,-0.06472181890318139,0.06472181890318139
Hyb-Adam-UM,50,18,72,HybAdamUM_completed_p50_rep18_seed72.csv,internal:T13|T14|T15,internal,3,0.18561,0.011930924543634735,-0.17367907545636527,0.17367907545636527
Hyb-Adam-UM,50,18,72,HybAdamUM_completed_p50_rep18_seed72.csv,terminal:T13,terminal,1,0.32149,0.13089664863360798,-0.19059335136639202,0.19059335136639202
Hyb-Adam-UM,50,18,72,HybAdamUM_completed_p50_rep18_seed72.csv,internal:T14|T15,internal,2,0.07113,0.0,-0.07113,0.07113
Hyb-Adam-UM,50,18,72,HybAdamUM_completed_p50_rep18_seed72.csv,terminal:T14,terminal,1,0.34439,0.1368611553517493,-0.20752884464825067,0.20752884464825067
Hyb-Adam-UM,50,18,72,HybAdamUM_completed_p50_rep18_seed72.csv,terminal:T15,terminal,1,0.24256,0.13230337894587307,-0.11025662105412692,0.11025662105412692
Hyb-Adam-UM,50,19,73,HybAdamUM_completed_p50_rep19_seed73.csv,terminal:T1,terminal,1,0.05696,0.059912928036089025,0.002952928036089028,0.002952928036089028
Hyb-Adam-UM,50,19,73,HybAdamUM_completed_p50_rep19_seed73.csv,internal:T2|T3,internal,2,0.03472,0.0,-0.03472,0.03472
Hyb-Adam-UM,50,19,73,HybAdamUM_completed_p50_rep19_seed73.csv,terminal:T2,terminal,1,0.02433,0.06855954051844432,0.04422954051844431,0.04422954051844431
Hyb-Adam-UM,50,19,73,HybAdamUM_completed_p50_rep19_seed73.csv,terminal:T3,terminal,1,0.02231,0.06017438758566549,0.03786438758566549,0.03786438758566549
Hyb-Adam-UM,50,19,73,HybAdamUM_completed_p50_rep19_seed73.csv,internal:T1|T2|T3,internal,3,0.01863,0.0,-0.01863,0.01863
Hyb-Adam-UM,50,19,73,HybAdamUM_completed_p50_rep19_seed73.csv,terminal:T4,terminal,1,0.07771,0.06232399461997093,-0.015386005380029072,0.015386005380029072
Hyb-Adam-UM,50,19,73,HybAdamUM_completed_p50_rep19_seed73.csv,internal:T1|T2|T3|T4,internal,4,0.04682,0.011539665607035789,-0.03528033439296421,0.03528033439296421
Hyb-Adam-UM,50,19,73,HybAdamUM_completed_p50_rep19_seed73.csv,terminal:T5,terminal,1,0.12997,0.07634535393212832,-0.05362464606787168,0.05362464606787168
Hyb-Adam-UM,50,19,73,HybAdamUM_completed_p50_rep19_seed73.csv,internal:T1|T2|T3|T4|T5,internal,5,0.03057,0.006246894664300532,-0.024323105335699466,0.024323105335699466
Hyb-Adam-UM,50,19,73,HybAdamUM_completed_p50_rep19_seed73.csv,terminal:T6,terminal,1,0.14605,0.08282845044401381,-0.0632215495559862,0.0632215495559862
Hyb-Adam-UM,50,19,73,HybAdamUM_completed_p50_rep19_seed73.csv,internal:T1|T2|T3|T4|T5|T6,internal,6,0.0721,0.022879183556384144,-0.04922081644361585,0.04922081644361585
Hyb-Adam-UM,50,19,73,HybAdamUM_completed_p50_rep19_seed73.csv,internal:T10|T7|T8|T9,internal,4,0.08603,0.01392119824584148,-0.07210880175415851,0.07210880175415851
Hyb-Adam-UM,50,19,73,HybAdamUM_completed_p50_rep19_seed73.csv,internal:T7|T8|T9,internal,3,0.05128,0.0,-0.05128,0.05128
Hyb-Adam-UM,50,19,73,HybAdamUM_completed_p50_rep19_seed73.csv,internal:T7|T8,internal,2,0.02354,0.02076641519018358,-0.002773584809816418,0.002773584809816418
Hyb-Adam-UM,50,19,73,HybAdamUM_completed_p50_rep19_seed73.csv,terminal:T7,terminal,1,0.11573,0.07104220807381965,-0.044687791926180345,0.044687791926180345
Hyb-Adam-UM,50,19,73,HybAdamUM_completed_p50_rep19_seed73.csv,terminal:T8,terminal,1,0.11535,0.07595948376150831,-0.039390516238491685,0.039390516238491685
Hyb-Adam-UM,50,19,73,HybAdamUM_completed_p50_rep19_seed73.csv,terminal:T9,terminal,1,0.12153,0.09388824643952366,-0.027641753560476337,0.027641753560476337
Hyb-Adam-UM,50,19,73,HybAdamUM_completed_p50_rep19_seed73.csv,terminal:T10,terminal,1,0.18189,0.09531333039380392,-0.08657666960619607,0.08657666960619607
Hyb-Adam-UM,50,19,73,HybAdamUM_completed_p50_rep19_seed73.csv,internal:T11|T12|T13|T14|T15,internal,5,0.11651,0.023776596743600154,-0.09273340325639985,0.09273340325639985
Hyb-Adam-UM,50,19,73,HybAdamUM_completed_p50_rep19_seed73.csv,internal:T11|T12,internal,2,0.22637,0.04277209741727655,-0.18359790258272343,0.18359790258272343
Hyb-Adam-UM,50,19,73,HybAdamUM_completed_p50_rep19_seed73.csv,terminal:T11,terminal,1,0.16094,0.08630996902951957,-0.07463003097048043,0.07463003097048043
Hyb-Adam-UM,50,19,73,HybAdamUM_completed_p50_rep19_seed73.csv,terminal:T12,terminal,1,0.14942,0.0866791316220058,-0.0627408683779942,0.0627408683779942
Hyb-Adam-UM,50,19,73,HybAdamUM_completed_p50_rep19_seed73.csv,internal:T13|T14|T15,internal,3,0.18561,0.017610583095782152,-0.16799941690421785,0.16799941690421785
Hyb-Adam-UM,50,19,73,HybAdamUM_completed_p50_rep19_seed73.csv,terminal:T13,terminal,1,0.32149,0.12455972079509194,-0.19693027920490808,0.19693027920490808
Hyb-Adam-UM,50,19,73,HybAdamUM_completed_p50_rep19_seed73.csv,internal:T14|T15,internal,2,0.07113,0.011073771587818157,-0.06005622841218184,0.06005622841218184
Hyb-Adam-UM,50,19,73,HybAdamUM_completed_p50_rep19_seed73.csv,terminal:T14,terminal,1,0.34439,0.12147605026479677,-0.2229139497352032,0.2229139497352032
Hyb-Adam-UM,50,19,73,HybAdamUM_completed_p50_rep19_seed73.csv,terminal:T15,terminal,1,0.24256,0.11439574151734569,-0.1281642584826543,0.1281642584826543
Hyb-Adam-UM,50,20,74,HybAdamUM_completed_p50_rep20_seed74.csv,terminal:T1,terminal,1,0.05696,0.04229844846698366,-0.014661551533016334,0.014661551533016334
Hyb-Adam-UM,50,20,74,HybAdamUM_completed_p50_rep20_seed74.csv,internal:T2|T3,internal,2,0.03472,0.023518553730397507,-0.011201446269602493,0.011201446269602493
Hyb-Adam-UM,50,20,74,HybAdamUM_completed_p50_rep20_seed74.csv,terminal:T2,terminal,1,0.02433,0.020521480427063,-0.0038085195729369997,0.0038085195729369997
Hyb-Adam-UM,50,20,74,HybAdamUM_completed_p50_rep20_seed74.csv,terminal:T3,terminal,1,0.02231,0.02051066847310619,-0.001799331526893811,0.001799331526893811
Hyb-Adam-UM,50,20,74,HybAdamUM_completed_p50_rep20_seed74.csv,internal:T1|T2|T3,internal,3,0.01863,0.00894224597429701,-0.00968775402570299,0.00968775402570299
Hyb-Adam-UM,50,20,74,HybAdamUM_completed_p50_rep20_seed74.csv,terminal:T4,terminal,1,0.07771,0.05381441104795073,-0.023895588952049268,0.023895588952049268
Hyb-Adam-UM,50,20,74,HybAdamUM_completed_p50_rep20_seed74.csv,internal:T1|T2|T3|T4,internal,4,0.04682,0.021836807793845964,-0.024983192206154036,0.024983192206154036
Hyb-Adam-UM,50,20,74,HybAdamUM_completed_p50_rep20_seed74.csv,terminal:T5,terminal,1,0.12997,0.07720444236230795,-0.05276555763769206,0.05276555763769206
Hyb-Adam-UM,50,20,74,HybAdamUM_completed_p50_rep20_seed74.csv,internal:T1|T2|T3|T4|T5,internal,5,0.03057,0.0059216170737826845,-0.024648382926217315,0.024648382926217315
Hyb-Adam-UM,50,20,74,HybAdamUM_completed_p50_rep20_seed74.csv,terminal:T6,terminal,1,0.14605,0.08253145539313915,-0.06351854460686086,0.06351854460686086
Hyb-Adam-UM,50,20,74,HybAdamUM_completed_p50_rep20_seed74.csv,internal:T1|T2|T3|T4|T5|T6,internal,6,0.0721,0.023147299776418374,-0.04895270022358163,0.04895270022358163
Hyb-Adam-UM,50,20,74,HybAdamUM_completed_p50_rep20_seed74.csv,internal:T10|T7|T8|T9,internal,4,0.08603,0.014278523279470413,-0.07175147672052959,0.07175147672052959
Hyb-Adam-UM,50,20,74,HybAdamUM_completed_p50_rep20_seed74.csv,internal:T7|T8|T9,internal,3,0.05128,0.014815282641777616,-0.03646471735822238,0.03646471735822238
Hyb-Adam-UM,50,20,74,HybAdamUM_completed_p50_rep20_seed74.csv,internal:T7|T8,internal,2,0.02354,0.004546168062034432,-0.018993831937965566,0.018993831937965566
Hyb-Adam-UM,50,20,74,HybAdamUM_completed_p50_rep20_seed74.csv,terminal:T7,terminal,1,0.11573,0.07232222984622207,-0.04340777015377793,0.04340777015377793
Hyb-Adam-UM,50,20,74,HybAdamUM_completed_p50_rep20_seed74.csv,terminal:T8,terminal,1,0.11535,0.0746794619891059,-0.0406705380108941,0.0406705380108941
Hyb-Adam-UM,50,20,74,HybAdamUM_completed_p50_rep20_seed74.csv,terminal:T9,terminal,1,0.12153,0.07596032070127276,-0.04556967929872724,0.04556967929872724
Hyb-Adam-UM,50,20,74,HybAdamUM_completed_p50_rep20_seed74.csv,terminal:T10,terminal,1,0.18189,0.09675077953535065,-0.08513922046464935,0.08513922046464935
Hyb-Adam-UM,50,20,74,HybAdamUM_completed_p50_rep20_seed74.csv,internal:T11|T12|T13|T14|T15,internal,5,0.11651,0.024016842059099295,-0.09249315794090071,0.09249315794090071
Hyb-Adam-UM,50,20,74,HybAdamUM_completed_p50_rep20_seed74.csv,internal:T11|T12,internal,2,0.22637,0.044149217115532734,-0.18222078288446725,0.18222078288446725
Hyb-Adam-UM,50,20,74,HybAdamUM_completed_p50_rep20_seed74.csv,terminal:T11,terminal,1,0.16094,0.08516647461243278,-0.07577352538756722,0.07577352538756722
Hyb-Adam-UM,50,20,74,HybAdamUM_completed_p50_rep20_seed74.csv,terminal:T12,terminal,1,0.14942,0.08782262603909254,-0.06159737396090746,0.06159737396090746
Hyb-Adam-UM,50,20,74,HybAdamUM_completed_p50_rep20_seed74.csv,internal:T13|T14|T15,internal,3,0.18561,0.012001296369293295,-0.1736087036307067,0.1736087036307067
Hyb-Adam-UM,50,20,74,HybAdamUM_completed_p50_rep20_seed74.csv,terminal:T13,terminal,1,0.32149,0.13132943202759215,-0.19016056797240785,0.19016056797240785
Hyb-Adam-UM,50,20,74,HybAdamUM_completed_p50_rep20_seed74.csv,internal:T14|T15,internal,2,0.07113,0.0,-0.07113,0.07113
Hyb-Adam-UM,50,20,74,HybAdamUM_completed_p50_rep20_seed74.csv,terminal:T14,terminal,1,0.34439,0.13876444803630278,-0.2056255519636972,0.2056255519636972
Hyb-Adam-UM,50,20,74,HybAdamUM_completed_p50_rep20_seed74.csv,terminal:T15,terminal,1,0.24256,0.128560828581069,-0.11399917141893101,0.11399917141893101
Hyb-Adam-UM,50,21,75,HybAdamUM_completed_p50_rep21_seed75.csv,terminal:T1,terminal,1,0.05696,0.043077786129696205,-0.013882213870303792,0.013882213870303792
Hyb-Adam-UM,50,21,75,HybAdamUM_completed_p50_rep21_seed75.csv,internal:T2|T3,internal,2,0.03472,0.0,-0.03472,0.03472
Hyb-Adam-UM,50,21,75,HybAdamUM_completed_p50_rep21_seed75.csv,terminal:T2,terminal,1,0.02433,0.04527413421023777,0.02094413421023777,0.02094413421023777
Hyb-Adam-UM,50,21,75,HybAdamUM_completed_p50_rep21_seed75.csv,terminal:T3,terminal,1,0.02231,0.04539797177107293,0.02308797177107293,0.02308797177107293
Hyb-Adam-UM,50,21,75,HybAdamUM_completed_p50_rep21_seed75.csv,internal:T1|T2|T3,internal,3,0.01863,0.0071639600614762,-0.011466039938523801,0.011466039938523801
Hyb-Adam-UM,50,21,75,HybAdamUM_completed_p50_rep21_seed75.csv,terminal:T4,terminal,1,0.07771,0.05376653966412281,-0.023943460335877194,0.023943460335877194
Hyb-Adam-UM,50,21,75,HybAdamUM_completed_p50_rep21_seed75.csv,internal:T1|T2|T3|T4,internal,4,0.04682,0.021792316786675148,-0.025027683213324853,0.025027683213324853
Hyb-Adam-UM,50,21,75,HybAdamUM_completed_p50_rep21_seed75.csv,terminal:T5,terminal,1,0.12997,0.07646807455170682,-0.053501925448293186,0.053501925448293186
Hyb-Adam-UM,50,21,75,HybAdamUM_completed_p50_rep21_seed75.csv,internal:T1|T2|T3|T4|T5,internal,5,0.03057,0.006554283703714254,-0.024015716296285745,0.024015716296285745
Hyb-Adam-UM,50,21,75,HybAdamUM_completed_p50_rep21_seed75.csv,terminal:T6,terminal,1,0.14605,0.08386208196368106,-0.06218791803631896,0.06218791803631896
Hyb-Adam-UM,50,21,75,HybAdamUM_completed_p50_rep21_seed75.csv,internal:T1|T2|T3|T4|T5|T6,internal,6,0.0721,0.022003102533286453,-0.050096897466713544,0.050096897466713544
Hyb-Adam-UM,50,21,75,HybAdamUM_completed_p50_rep21_seed75.csv,internal:T10|T7|T8|T9,internal,4,0.08603,0.014904444334067358,-0.07112555566593264,0.07112555566593264
Hyb-Adam-UM,50,21,75,HybAdamUM_completed_p50_rep21_seed75.csv,internal:T7|T8|T9,internal,3,0.05128,0.016199039356954725,-0.03508096064304528,0.03508096064304528
Hyb-Adam-UM,50,21,75,HybAdamUM_completed_p50_rep21_seed75.csv,internal:T7|T8,internal,2,0.02354,0.0035670507567372913,-0.019972949243262705,0.019972949243262705
Hyb-Adam-UM,50,21,75,HybAdamUM_completed_p50_rep21_seed75.csv,terminal:T7,terminal,1,0.11573,0.07144988806751369,-0.04428011193248631,0.04428011193248631
Hyb-Adam-UM,50,21,75,HybAdamUM_completed_p50_rep21_seed75.csv,terminal:T8,terminal,1,0.11535,0.07555180376781437,-0.039798196232185626,0.039798196232185626
Hyb-Adam-UM,50,21,75,HybAdamUM_completed_p50_rep21_seed75.csv,terminal:T9,terminal,1,0.12153,0.07755261501486728,-0.04397738498513272,0.04397738498513272
Hyb-Adam-UM,50,21,75,HybAdamUM_completed_p50_rep21_seed75.csv,terminal:T10,terminal,1,0.18189,0.09517120732618559,-0.08671879267381441,0.08671879267381441
Hyb-Adam-UM,50,21,75,HybAdamUM_completed_p50_rep21_seed75.csv,internal:T11|T12|T13|T14|T15,internal,5,0.11651,0.02284334727467611,-0.09366665272532389,0.09366665272532389
Hyb-Adam-UM,50,21,75,HybAdamUM_completed_p50_rep21_seed75.csv,internal:T11|T12,internal,2,0.22637,0.04182887593744927,-0.18454112406255072,0.18454112406255072
Hyb-Adam-UM,50,21,75,HybAdamUM_completed_p50_rep21_seed75.csv,terminal:T11,terminal,1,0.16094,0.08792517182884578,-0.07301482817115422,0.07301482817115422
Hyb-Adam-UM,50,21,75,HybAdamUM_completed_p50_rep21_seed75.csv,terminal:T12,terminal,1,0.14942,0.08506392882267957,-0.06435607117732042,0.06435607117732042
Hyb-Adam-UM,50,21,75,HybAdamUM_completed_p50_rep21_seed75.csv,internal:T13|T14|T15,internal,3,0.18561,0.021468981001419786,-0.16414101899858022,0.16414101899858022
Hyb-Adam-UM,50,21,75,HybAdamUM_completed_p50_rep21_seed75.csv,terminal:T13,terminal,1,0.32149,0.12405336004738805,-0.19743663995261196,0.19743663995261196
Hyb-Adam-UM,50,21,75,HybAdamUM_completed_p50_rep21_seed75.csv,internal:T14|T15,internal,2,0.07113,0.0,-0.07113,0.07113
Hyb-Adam-UM,50,21,75,HybAdamUM_completed_p50_rep21_seed75.csv,terminal:T14,terminal,1,0.34439,0.1288410248158989,-0.21554897518410107,0.21554897518410107
Hyb-Adam-UM,50,21,75,HybAdamUM_completed_p50_rep21_seed75.csv,terminal:T15,terminal,1,0.24256,0.12074084380225211,-0.12181915619774789,0.12181915619774789
Hyb-Adam-UM,50,22,76,HybAdamUM_completed_p50_rep22_seed76.csv,terminal:T1,terminal,1,0.05696,0.04297556329988257,-0.013984436700117425,0.013984436700117425
Hyb-Adam-UM,50,22,76,HybAdamUM_completed_p50_rep22_seed76.csv,internal:T2|T3,internal,2,0.03472,0.02235766732754116,-0.012362332672458842,0.012362332672458842
Hyb-Adam-UM,50,22,76,HybAdamUM_completed_p50_rep22_seed76.csv,terminal:T2,terminal,1,0.02433,0.02084230847732666,-0.0034876915226733397,0.0034876915226733397
Hyb-Adam-UM,50,22,76,HybAdamUM_completed_p50_rep22_seed76.csv,terminal:T3,terminal,1,0.02231,0.02018984042284242,-0.0021201595771575786,0.0021201595771575786
Hyb-Adam-UM,50,22,76,HybAdamUM_completed_p50_rep22_seed76.csv,internal:T1|T2|T3,internal,3,0.01863,0.008783645677189122,-0.009846354322810879,0.009846354322810879
Hyb-Adam-UM,50,22,76,HybAdamUM_completed_p50_rep22_seed76.csv,terminal:T4,terminal,1,0.07771,0.05314505836977676,-0.02456494163022324,0.02456494163022324
Hyb-Adam-UM,50,22,76,HybAdamUM_completed_p50_rep22_seed76.csv,internal:T1|T2|T3|T4,internal,4,0.04682,0.021979076740647797,-0.024840923259352204,0.024840923259352204
Hyb-Adam-UM,50,22,76,HybAdamUM_completed_p50_rep22_seed76.csv,terminal:T5,terminal,1,0.12997,0.07742143243272456,-0.05254856756727544,0.05254856756727544
Hyb-Adam-UM,50,22,76,HybAdamUM_completed_p50_rep22_seed76.csv,internal:T1|T2|T3|T4|T5,internal,5,0.03057,0.006342613624420253,-0.024227386375579748,0.024227386375579748
Hyb-Adam-UM,50,22,76,HybAdamUM_completed_p50_rep22_seed76.csv,terminal:T6,terminal,1,0.14605,0.08314721660695916,-0.06290278339304085,0.06290278339304085
Hyb-Adam-UM,50,22,76,HybAdamUM_completed_p50_rep22_seed76.csv,internal:T1|T2|T3|T4|T5|T6,internal,6,0.0721,0.021787996804961473,-0.05031200319503852,0.05031200319503852
Hyb-Adam-UM,50,22,76,HybAdamUM_completed_p50_rep22_seed76.csv,internal:T10|T7|T8|T9,internal,4,0.08603,0.01302128993390383,-0.07300871006609616,0.07300871006609616
Hyb-Adam-UM,50,22,76,HybAdamUM_completed_p50_rep22_seed76.csv,internal:T7|T8|T9,internal,3,0.05128,0.015542605312040448,-0.03573739468795955,0.03573739468795955
Hyb-Adam-UM,50,22,76,HybAdamUM_completed_p50_rep22_seed76.csv,internal:T7|T8,internal,2,0.02354,0.006024602817958984,-0.017515397182041016,0.017515397182041016
Hyb-Adam-UM,50,22,76,HybAdamUM_completed_p50_rep22_seed76.csv,terminal:T7,terminal,1,0.11573,0.07114515398062292,-0.04458484601937708,0.04458484601937708
Hyb-Adam-UM,50,22,76,HybAdamUM_completed_p50_rep22_seed76.csv,terminal:T8,terminal,1,0.11535,0.0758565378547051,-0.039493462145294894,0.039493462145294894
Hyb-Adam-UM,50,22,76,HybAdamUM_completed_p50_rep22_seed76.csv,terminal:T9,terminal,1,0.12153,0.07628027993461572,-0.045249720065384275,0.045249720065384275
Hyb-Adam-UM,50,22,76,HybAdamUM_completed_p50_rep22_seed76.csv,terminal:T10,terminal,1,0.18189,0.0949799956778889,-0.0869100043221111,0.0869100043221111
Hyb-Adam-UM,50,22,76,HybAdamUM_completed_p50_rep22_seed76.csv,internal:T11|T12|T13|T14|T15,internal,5,0.11651,0.020316229052012105,-0.0961937709479879,0.0961937709479879
Hyb-Adam-UM,50,22,76,HybAdamUM_completed_p50_rep22_seed76.csv,internal:T11|T12,internal,2,0.22637,0.040301926603994044,-0.18606807339600595,0.18606807339600595
Hyb-Adam-UM,50,22,76,HybAdamUM_completed_p50_rep22_seed76.csv,terminal:T11,terminal,1,0.16094,0.08508895384384389,-0.07585104615615611,0.07585104615615611
Hyb-Adam-UM,50,22,76,HybAdamUM_completed_p50_rep22_seed76.csv,terminal:T12,terminal,1,0.14942,0.08790014680768142,-0.06151985319231858,0.06151985319231858
Hyb-Adam-UM,50,22,76,HybAdamUM_completed_p50_rep22_seed76.csv,internal:T13|T14|T15,internal,3,0.18561,0.015204471513731428,-0.17040552848626858,0.17040552848626858
Hyb-Adam-UM,50,22,76,HybAdamUM_completed_p50_rep22_seed76.csv,terminal:T13,terminal,1,0.32149,0.12908792251938014,-0.19240207748061985,0.19240207748061985
Hyb-Adam-UM,50,22,76,HybAdamUM_completed_p50_rep22_seed76.csv,internal:T14|T15,internal,2,0.07113,0.0,-0.07113,0.07113
Hyb-Adam-UM,50,22,76,HybAdamUM_completed_p50_rep22_seed76.csv,terminal:T14,terminal,1,0.34439,0.14005840454384738,-0.2043315954561526,0.2043315954561526
Hyb-Adam-UM,50,22,76,HybAdamUM_completed_p50_rep22_seed76.csv,terminal:T15,terminal,1,0.24256,0.12965224995124217,-0.11290775004875783,0.11290775004875783
Hyb-Adam-UM,50,23,77,HybAdamUM_completed_p50_rep23_seed77.csv,terminal:T1,terminal,1,0.05696,0.04174988450128026,-0.015210115498719735,0.015210115498719735
Hyb-Adam-UM,50,23,77,HybAdamUM_completed_p50_rep23_seed77.csv,internal:T2|T3,internal,2,0.03472,0.0010156060487204975,-0.033704393951279506,0.033704393951279506
Hyb-Adam-UM,50,23,77,HybAdamUM_completed_p50_rep23_seed77.csv,terminal:T2,terminal,1,0.02433,0.04335426683476064,0.019024266834760637,0.019024266834760637
Hyb-Adam-UM,50,23,77,HybAdamUM_completed_p50_rep23_seed77.csv,terminal:T3,terminal,1,0.02231,0.04281336222025421,0.02050336222025421,0.02050336222025421
Hyb-Adam-UM,50,23,77,HybAdamUM_completed_p50_rep23_seed77.csv,internal:T1|T2|T3,internal,3,0.01863,0.008931581551361402,-0.009698418448638599,0.009698418448638599
Hyb-Adam-UM,50,23,77,HybAdamUM_completed_p50_rep23_seed77.csv,terminal:T4,terminal,1,0.07771,0.05379798583866744,-0.02391201416133256,0.02391201416133256
Hyb-Adam-UM,50,23,77,HybAdamUM_completed_p50_rep23_seed77.csv,internal:T1|T2|T3|T4,internal,4,0.04682,0.01770708473733895,-0.02911291526266105,0.02911291526266105
Hyb-Adam-UM,50,23,77,HybAdamUM_completed_p50_rep23_seed77.csv,terminal:T5,terminal,1,0.12997,0.07413584399030229,-0.05583415600969771,0.05583415600969771
Hyb-Adam-UM,50,23,77,HybAdamUM_completed_p50_rep23_seed77.csv,internal:T1|T2|T3|T4|T5,internal,5,0.03057,0.010453115954728122,-0.020116884045271878,0.020116884045271878
Hyb-Adam-UM,50,23,77,HybAdamUM_completed_p50_rep23_seed77.csv,terminal:T6,terminal,1,0.14605,0.08314572565807035,-0.06290427434192966,0.06290427434192966
Hyb-Adam-UM,50,23,77,HybAdamUM_completed_p50_rep23_seed77.csv,internal:T1|T2|T3|T4|T5|T6,internal,6,0.0721,0.02269676297938678,-0.04940323702061322,0.04940323702061322
Hyb-Adam-UM,50,23,77,HybAdamUM_completed_p50_rep23_seed77.csv,internal:T10|T7|T8|T9,internal,4,0.08603,0.00979828105306195,-0.07623171894693805,0.07623171894693805
Hyb-Adam-UM,50,23,77,HybAdamUM_completed_p50_rep23_seed77.csv,internal:T7|T8|T9,internal,3,0.05128,0.0,-0.05128,0.05128
Hyb-Adam-UM,50,23,77,HybAdamUM_completed_p50_rep23_seed77.csv,internal:T7|T8,internal,2,0.02354,0.0,-0.02354,0.02354
Hyb-Adam-UM,50,23,77,HybAdamUM_completed_p50_rep23_seed77.csv,terminal:T7,terminal,1,0.11573,0.10054149394454828,-0.015188506055451717,0.015188506055451717
Hyb-Adam-UM,50,23,77,HybAdamUM_completed_p50_rep23_seed77.csv,terminal:T8,terminal,1,0.11535,0.09698265586376226,-0.018367344136237737,0.018367344136237737
Hyb-Adam-UM,50,23,77,HybAdamUM_completed_p50_rep23_seed77.csv,terminal:T9,terminal,1,0.12153,0.09216111902049932,-0.029368880979500675,0.029368880979500675
Hyb-Adam-UM,50,23,77,HybAdamUM_completed_p50_rep23_seed77.csv,terminal:T10,terminal,1,0.18189,0.10127307687750547,-0.08061692312249452,0.08061692312249452
Hyb-Adam-UM,50,23,77,HybAdamUM_completed_p50_rep23_seed77.csv,internal:T11|T12|T13|T14|T15,internal,5,0.11651,0.02032964235315282,-0.09618035764684718,0.09618035764684718
Hyb-Adam-UM,50,23,77,HybAdamUM_completed_p50_rep23_seed77.csv,internal:T11|T12,internal,2,0.22637,0.040149581203169575,-0.1862204187968304,0.1862204187968304
Hyb-Adam-UM,50,23,77,HybAdamUM_completed_p50_rep23_seed77.csv,terminal:T11,terminal,1,0.16094,0.08755551054750017,-0.07338448945249983,0.07338448945249983
Hyb-Adam-UM,50,23,77,HybAdamUM_completed_p50_rep23_seed77.csv,terminal:T12,terminal,1,0.14942,0.08543359010402518,-0.06398640989597482,0.06398640989597482
Hyb-Adam-UM,50,23,77,HybAdamUM_completed_p50_rep23_seed77.csv,internal:T13|T14|T15,internal,3,0.18561,0.014250264111465467,-0.17135973588853454,0.17135973588853454
Hyb-Adam-UM,50,23,77,HybAdamUM_completed_p50_rep23_seed77.csv,terminal:T13,terminal,1,0.32149,0.13654834639403055,-0.18494165360596945,0.18494165360596945
Hyb-Adam-UM,50,23,77,HybAdamUM_completed_p50_rep23_seed77.csv,internal:T14|T15,internal,2,0.07113,0.0,-0.07113,0.07113
Hyb-Adam-UM,50,23,77,HybAdamUM_completed_p50_rep23_seed77.csv,terminal:T14,terminal,1,0.34439,0.13649487994357773,-0.20789512005642224,0.20789512005642224
Hyb-Adam-UM,50,23,77,HybAdamUM_completed_p50_rep23_seed77.csv,terminal:T15,terminal,1,0.24256,0.1315411681697582,-0.1110188318302418,0.1110188318302418
Hyb-Adam-UM,50,24,78,HybAdamUM_completed_p50_rep24_seed78.csv,terminal:T1,terminal,1,0.05696,0.05878863135288166,0.0018286313528816656,0.0018286313528816656
Hyb-Adam-UM,50,24,78,HybAdamUM_completed_p50_rep24_seed78.csv,internal:T2|T3,internal,2,0.03472,0.0,-0.03472,0.03472
Hyb-Adam-UM,50,24,78,HybAdamUM_completed_p50_rep24_seed78.csv,terminal:T2,terminal,1,0.02433,0.06024170338485052,0.035911703384850516,0.035911703384850516
Hyb-Adam-UM,50,24,78,HybAdamUM_completed_p50_rep24_seed78.csv,terminal:T3,terminal,1,0.02231,0.06855036031644819,0.046240360316448195,0.046240360316448195
Hyb-Adam-UM,50,24,78,HybAdamUM_completed_p50_rep24_seed78.csv,internal:T1|T2|T3,internal,3,0.01863,0.0,-0.01863,0.01863
Hyb-Adam-UM,50,24,78,HybAdamUM_completed_p50_rep24_seed78.csv,terminal:T4,terminal,1,0.07771,0.06225075646174345,-0.015459243538256548,0.015459243538256548
Hyb-Adam-UM,50,24,78,HybAdamUM_completed_p50_rep24_seed78.csv,internal:T1|T2|T3|T4,internal,4,0.04682,0.008686890556258672,-0.03813310944374133,0.03813310944374133
Hyb-Adam-UM,50,24,78,HybAdamUM_completed_p50_rep24_seed78.csv,terminal:T5,terminal,1,0.12997,0.07469052018954535,-0.055279479810454654,0.055279479810454654
Hyb-Adam-UM,50,24,78,HybAdamUM_completed_p50_rep24_seed78.csv,internal:T1|T2|T3|T4|T5,internal,5,0.03057,0.009987722521400543,-0.020582277478599455,0.020582277478599455
Hyb-Adam-UM,50,24,78,HybAdamUM_completed_p50_rep24_seed78.csv,terminal:T6,terminal,1,0.14605,0.08388953944956536,-0.06216046055043466,0.06216046055043466
Hyb-Adam-UM,50,24,78,HybAdamUM_completed_p50_rep24_seed78.csv,internal:T1|T2|T3|T4|T5|T6,internal,6,0.0721,0.02098147903131557,-0.051118520968684425,0.051118520968684425
Hyb-Adam-UM,50,24,78,HybAdamUM_completed_p50_rep24_seed78.csv,internal:T10|T7|T8|T9,internal,4,0.08603,0.014125650891564659,-0.07190434910843534,0.07190434910843534
Hyb-Adam-UM,50,24,78,HybAdamUM_completed_p50_rep24_seed78.csv,internal:T7|T8|T9,internal,3,0.05128,0.01415560022353691,-0.03712439977646309,0.03712439977646309
Hyb-Adam-UM,50,24,78,HybAdamUM_completed_p50_rep24_seed78.csv,internal:T7|T8,internal,2,0.02354,0.005876976301956184,-0.017663023698043814,0.017663023698043814
Hyb-Adam-UM,50,24,78,HybAdamUM_completed_p50_rep24_seed78.csv,terminal:T7,terminal,1,0.11573,0.07175868939959278,-0.043971310600407224,0.043971310600407224
Hyb-Adam-UM,50,24,78,HybAdamUM_completed_p50_rep24_seed78.csv,terminal:T8,terminal,1,0.11535,0.07524300243573523,-0.040106997564264765,0.040106997564264765
Hyb-Adam-UM,50,24,78,HybAdamUM_completed_p50_rep24_seed78.csv,terminal:T9,terminal,1,0.12153,0.07663888955875359,-0.04489111044124641,0.04489111044124641
Hyb-Adam-UM,50,24,78,HybAdamUM_completed_p50_rep24_seed78.csv,terminal:T10,terminal,1,0.18189,0.09674192192575677,-0.08514807807424322,0.08514807807424322
Hyb-Adam-UM,50,24,78,HybAdamUM_completed_p50_rep24_seed78.csv,internal:T11|T12|T13|T14|T15,internal,5,0.11651,0.0233541010911056,-0.0931558989088944,0.0931558989088944
Hyb-Adam-UM,50,24,78,HybAdamUM_completed_p50_rep24_seed78.csv,internal:T11|T12,internal,2,0.22637,0.04208818744319277,-0.1842818125568072,0.1842818125568072
Hyb-Adam-UM,50,24,78,HybAdamUM_completed_p50_rep24_seed78.csv,terminal:T11,terminal,1,0.16094,0.0869523329869083,-0.0739876670130917,0.0739876670130917
Hyb-Adam-UM,50,24,78,HybAdamUM_completed_p50_rep24_seed78.csv,terminal:T12,terminal,1,0.14942,0.08603676766461701,-0.06338323233538298,0.06338323233538298
Hyb-Adam-UM,50,24,78,HybAdamUM_completed_p50_rep24_seed78.csv,internal:T13|T14|T15,internal,3,0.18561,0.011848190398272195,-0.1737618096017278,0.1737618096017278
Hyb-Adam-UM,50,24,78,HybAdamUM_completed_p50_rep24_seed78.csv,terminal:T13,terminal,1,0.32149,0.12889845508052575,-0.19259154491947425,0.19259154491947425
Hyb-Adam-UM,50,24,78,HybAdamUM_completed_p50_rep24_seed78.csv,internal:T14|T15,internal,2,0.07113,0.0,-0.07113,0.07113
Hyb-Adam-UM,50,24,78,HybAdamUM_completed_p50_rep24_seed78.csv,terminal:T14,terminal,1,0.34439,0.14146408006856012,-0.20292591993143985,0.20292591993143985
Hyb-Adam-UM,50,24,78,HybAdamUM_completed_p50_rep24_seed78.csv,terminal:T15,terminal,1,0.24256,0.12919944323223456,-0.11336055676776544,0.11336055676776544
Hyb-Adam-UM,50,25,79,HybAdamUM_completed_p50_rep25_seed79.csv,terminal:T1,terminal,1,0.05696,0.04280355689078013,-0.014156443109219867,0.014156443109219867
Hyb-Adam-UM,50,25,79,HybAdamUM_completed_p50_rep25_seed79.csv,internal:T2|T3,internal,2,0.03472,0.022264925352336217,-0.012455074647663784,0.012455074647663784
Hyb-Adam-UM,50,25,79,HybAdamUM_completed_p50_rep25_seed79.csv,terminal:T2,terminal,1,0.02433,0.020754797095582707,-0.003575202904417294,0.003575202904417294
Hyb-Adam-UM,50,25,79,HybAdamUM_completed_p50_rep25_seed79.csv,terminal:T3,terminal,1,0.02231,0.02027735180458644,-0.0020326481954135583,0.0020326481954135583
Hyb-Adam-UM,50,25,79,HybAdamUM_completed_p50_rep25_seed79.csv,internal:T1|T2|T3,internal,3,0.01863,0.009488157590759319,-0.009141842409240682,0.009141842409240682
Hyb-Adam-UM,50,25,79,HybAdamUM_completed_p50_rep25_seed79.csv,terminal:T4,terminal,1,0.07771,0.053833935350314374,-0.023876064649685627,0.023876064649685627
Hyb-Adam-UM,50,25,79,HybAdamUM_completed_p50_rep25_seed79.csv,internal:T1|T2|T3|T4,internal,4,0.04682,0.04030603978484166,-0.006513960215158342,0.006513960215158342
Hyb-Adam-UM,50,25,79,HybAdamUM_completed_p50_rep25_seed79.csv,terminal:T5,terminal,1,0.12997,0.10324966493691523,-0.02672033506308477,0.02672033506308477
Hyb-Adam-UM,50,25,79,HybAdamUM_completed_p50_rep25_seed79.csv,internal:T1|T2|T3|T4|T5,internal,5,0.03057,0.0,-0.03057,0.03057
Hyb-Adam-UM,50,25,79,HybAdamUM_completed_p50_rep25_seed79.csv,terminal:T6,terminal,1,0.14605,0.08965639403827287,-0.05639360596172714,0.05639360596172714
Hyb-Adam-UM,50,25,79,HybAdamUM_completed_p50_rep25_seed79.csv,internal:T1|T2|T3|T4|T5|T6,internal,6,0.0721,0.008359767129845715,-0.06374023287015429,0.06374023287015429
Hyb-Adam-UM,50,25,79,HybAdamUM_completed_p50_rep25_seed79.csv,internal:T10|T7|T8|T9,internal,4,0.08603,0.014290163556246642,-0.07173983644375335,0.07173983644375335
Hyb-Adam-UM,50,25,79,HybAdamUM_completed_p50_rep25_seed79.csv,internal:T7|T8|T9,internal,3,0.05128,0.004224915987224226,-0.04705508401277577,0.04705508401277577
Hyb-Adam-UM,50,25,79,HybAdamUM_completed_p50_rep25_seed79.csv,internal:T7|T8,internal,2,0.02354,0.0,-0.02354,0.02354
Hyb-Adam-UM,50,25,79,HybAdamUM_completed_p50_rep25_seed79.csv,terminal:T7,terminal,1,0.11573,0.08600462157488012,-0.02972537842511988,0.02972537842511988
Hyb-Adam-UM,50,25,79,HybAdamUM_completed_p50_rep25_seed79.csv,terminal:T8,terminal,1,0.11535,0.093108675497994,-0.022241324502006,0.022241324502006
Hyb-Adam-UM,50,25,79,HybAdamUM_completed_p50_rep25_seed79.csv,terminal:T9,terminal,1,0.12153,0.08692356505241161,-0.03460643494758839,0.03460643494758839
Hyb-Adam-UM,50,25,79,HybAdamUM_completed_p50_rep25_seed79.csv,terminal:T10,terminal,1,0.18189,0.09604997933305988,-0.08584002066694012,0.08584002066694012
Hyb-Adam-UM,50,25,79,HybAdamUM_completed_p50_rep25_seed79.csv,internal:T11|T12|T13|T14|T15,internal,5,0.11651,0.023977677519043266,-0.09253232248095673,0.09253232248095673
Hyb-Adam-UM,50,25,79,HybAdamUM_completed_p50_rep25_seed79.csv,internal:T11|T12,internal,2,0.22637,0.0002727379354344225,-0.22609726206456557,0.22609726206456557
Hyb-Adam-UM,50,25,79,HybAdamUM_completed_p50_rep25_seed79.csv,terminal:T11,terminal,1,0.16094,0.1278289304510976,-0.03311106954890239,0.03311106954890239
Hyb-Adam-UM,50,25,79,HybAdamUM_completed_p50_rep25_seed79.csv,terminal:T12,terminal,1,0.14942,0.12952294423751415,-0.01989705576248585,0.01989705576248585
Hyb-Adam-UM,50,25,79,HybAdamUM_completed_p50_rep25_seed79.csv,internal:T13|T14|T15,internal,3,0.18561,0.018292023701924082,-0.1673179762980759,0.1673179762980759
Hyb-Adam-UM,50,25,79,HybAdamUM_completed_p50_rep25_seed79.csv,terminal:T13,terminal,1,0.32149,0.12428078527366802,-0.19720921472633196,0.19720921472633196
Hyb-Adam-UM,50,25,79,HybAdamUM_completed_p50_rep25_seed79.csv,internal:T14|T15,internal,2,0.07113,0.011022129455081466,-0.060107870544918535,0.060107870544918535
Hyb-Adam-UM,50,25,79,HybAdamUM_completed_p50_rep25_seed79.csv,terminal:T14,terminal,1,0.34439,0.12240664787912788,-0.2219833521208721,0.2219833521208721
Hyb-Adam-UM,50,25,79,HybAdamUM_completed_p50_rep25_seed79.csv,terminal:T15,terminal,1,0.24256,0.11346514390301449,-0.1290948560969855,0.1290948560969855
Hyb-Adam-UM,50,26,80,HybAdamUM_completed_p50_rep26_seed80.csv,terminal:T1,terminal,1,0.05696,0.050520027189923176,-0.00643997281007682,0.00643997281007682
Hyb-Adam-UM,50,26,80,HybAdamUM_completed_p50_rep26_seed80.csv,internal:T2|T3,internal,2,0.03472,0.0,-0.03472,0.03472
Hyb-Adam-UM,50,26,80,HybAdamUM_completed_p50_rep26_seed80.csv,terminal:T2,terminal,1,0.02433,0.05368619499316581,0.029356194993165812,0.029356194993165812
Hyb-Adam-UM,50,26,80,HybAdamUM_completed_p50_rep26_seed80.csv,terminal:T3,terminal,1,0.02231,0.051394752436318525,0.029084752436318525,0.029084752436318525
Hyb-Adam-UM,50,26,80,HybAdamUM_completed_p50_rep26_seed80.csv,internal:T1|T2|T3,internal,3,0.01863,0.0,-0.01863,0.01863
Hyb-Adam-UM,50,26,80,HybAdamUM_completed_p50_rep26_seed80.csv,terminal:T4,terminal,1,0.07771,0.05375835155572079,-0.02395164844427921,0.02395164844427921
Hyb-Adam-UM,50,26,80,HybAdamUM_completed_p50_rep26_seed80.csv,internal:T1|T2|T3|T4,internal,4,0.04682,0.022507711310966936,-0.024312288689033065,0.024312288689033065
Hyb-Adam-UM,50,26,80,HybAdamUM_completed_p50_rep26_seed80.csv,terminal:T5,terminal,1,0.12997,0.07627386947975136,-0.053696130520248644,0.053696130520248644
Hyb-Adam-UM,50,26,80,HybAdamUM_completed_p50_rep26_seed80.csv,internal:T1|T2|T3|T4|T5,internal,5,0.03057,0.003835267577807165,-0.026734732422192833,0.026734732422192833
Hyb-Adam-UM,50,26,80,HybAdamUM_completed_p50_rep26_seed80.csv,terminal:T6,terminal,1,0.14605,0.08257905523969111,-0.0634709447603089,0.0634709447603089
Hyb-Adam-UM,50,26,80,HybAdamUM_completed_p50_rep26_seed80.csv,internal:T1|T2|T3|T4|T5|T6,internal,6,0.0721,0.023557974685277004,-0.04854202531472299,0.04854202531472299
Hyb-Adam-UM,50,26,80,HybAdamUM_completed_p50_rep26_seed80.csv,internal:T10|T7|T8|T9,internal,4,0.08603,0.015274846659967407,-0.07075515334003259,0.07075515334003259
Hyb-Adam-UM,50,26,80,HybAdamUM_completed_p50_rep26_seed80.csv,internal:T7|T8|T9,internal,3,0.05128,0.01461407696297555,-0.03666592303702445,0.03666592303702445
Hyb-Adam-UM,50,26,80,HybAdamUM_completed_p50_rep26_seed80.csv,internal:T7|T8,internal,2,0.02354,0.004672454281034981,-0.01886754571896502,0.01886754571896502
Hyb-Adam-UM,50,26,80,HybAdamUM_completed_p50_rep26_seed80.csv,terminal:T7,terminal,1,0.11573,0.0715221099445151,-0.044207890055484894,0.044207890055484894
Hyb-Adam-UM,50,26,80,HybAdamUM_completed_p50_rep26_seed80.csv,terminal:T8,terminal,1,0.11535,0.07547958189081289,-0.03987041810918711,0.03987041810918711
Hyb-Adam-UM,50,26,80,HybAdamUM_completed_p50_rep26_seed80.csv,terminal:T9,terminal,1,0.12153,0.07802266602488728,-0.04350733397511272,0.04350733397511272
Hyb-Adam-UM,50,26,80,HybAdamUM_completed_p50_rep26_seed80.csv,terminal:T10,terminal,1,0.18189,0.0962903915917623,-0.0855996084082377,0.0855996084082377
Hyb-Adam-UM,50,26,80,HybAdamUM_completed_p50_rep26_seed80.csv,internal:T11|T12|T13|T14|T15,internal,5,0.11651,0.020831628632887178,-0.09567837136711282,0.09567837136711282
Hyb-Adam-UM,50,26,80,HybAdamUM_completed_p50_rep26_seed80.csv,internal:T11|T12,internal,2,0.22637,0.0014180428754264204,-0.22495195712457355,0.22495195712457355
Hyb-Adam-UM,50,26,80,HybAdamUM_completed_p50_rep26_seed80.csv,terminal:T11,terminal,1,0.16094,0.12829816431542046,-0.03264183568457954,0.03264183568457954
Hyb-Adam-UM,50,26,80,HybAdamUM_completed_p50_rep26_seed80.csv,terminal:T12,terminal,1,0.14942,0.12487151931394533,-0.02454848068605467,0.02454848068605467
Hyb-Adam-UM,50,26,80,HybAdamUM_completed_p50_rep26_seed80.csv,internal:T13|T14|T15,internal,3,0.18561,0.014987276504215781,-0.17062272349578422,0.17062272349578422
Hyb-Adam-UM,50,26,80,HybAdamUM_completed_p50_rep26_seed80.csv,terminal:T13,terminal,1,0.32149,0.1296798170205648,-0.1918101829794352,0.1918101829794352
Hyb-Adam-UM,50,26,80,HybAdamUM_completed_p50_rep26_seed80.csv,internal:T14|T15,internal,2,0.07113,0.0,-0.07113,0.07113
Hyb-Adam-UM,50,26,80,HybAdamUM_completed_p50_rep26_seed80.csv,terminal:T14,terminal,1,0.34439,0.14060267266576357,-0.2037873273342364,0.2037873273342364
Hyb-Adam-UM,50,26,80,HybAdamUM_completed_p50_rep26_seed80.csv,terminal:T15,terminal,1,0.24256,0.12932034132310558,-0.11323965867689442,0.11323965867689442
Hyb-Adam-UM,50,27,81,HybAdamUM_completed_p50_rep27_seed81.csv,terminal:T1,terminal,1,0.05696,0.04223770280449975,-0.01472229719550025,0.01472229719550025
Hyb-Adam-UM,50,27,81,HybAdamUM_completed_p50_rep27_seed81.csv,internal:T2|T3,internal,2,0.03472,0.023095527822924036,-0.011624472177075965,0.011624472177075965
Hyb-Adam-UM,50,27,81,HybAdamUM_completed_p50_rep27_seed81.csv,terminal:T2,terminal,1,0.02433,0.020581605691522953,-0.003748394308477048,0.003748394308477048
Hyb-Adam-UM,50,27,81,HybAdamUM_completed_p50_rep27_seed81.csv,terminal:T3,terminal,1,0.02231,0.020450543208646192,-0.0018594567913538078,0.0018594567913538078
Hyb-Adam-UM,50,27,81,HybAdamUM_completed_p50_rep27_seed81.csv,internal:T1|T2|T3,internal,3,0.01863,0.009354862838339565,-0.009275137161660436,0.009275137161660436
Hyb-Adam-UM,50,27,81,HybAdamUM_completed_p50_rep27_seed81.csv,terminal:T4,terminal,1,0.07771,0.05357430125813736,-0.024135698741862638,0.024135698741862638
Hyb-Adam-UM,50,27,81,HybAdamUM_completed_p50_rep27_seed81.csv,internal:T1|T2|T3|T4,internal,4,0.04682,0.022288900349598267,-0.024531099650401733,0.024531099650401733
Hyb-Adam-UM,50,27,81,HybAdamUM_completed_p50_rep27_seed81.csv,terminal:T5,terminal,1,0.12997,0.07666913711454271,-0.053300862885457295,0.053300862885457295
Hyb-Adam-UM,50,27,81,HybAdamUM_completed_p50_rep27_seed81.csv,internal:T1|T2|T3|T4|T5,internal,5,0.03057,0.005325775528551246,-0.025244224471448754,0.025244224471448754
Hyb-Adam-UM,50,27,81,HybAdamUM_completed_p50_rep27_seed81.csv,terminal:T6,terminal,1,0.14605,0.08279493839738364,-0.06325506160261637,0.06325506160261637
Hyb-Adam-UM,50,27,81,HybAdamUM_completed_p50_rep27_seed81.csv,internal:T1|T2|T3|T4|T5|T6,internal,6,0.0721,0.022597894406838043,-0.049502105593161955,0.049502105593161955
Hyb-Adam-UM,50,27,81,HybAdamUM_completed_p50_rep27_seed81.csv,internal:T10|T7|T8|T9,internal,4,0.08603,0.014476550353596749,-0.07155344964640324,0.07155344964640324
Hyb-Adam-UM,50,27,81,HybAdamUM_completed_p50_rep27_seed81.csv,internal:T7|T8|T9,internal,3,0.05128,0.01324635080289499,-0.03803364919710501,0.03803364919710501
Hyb-Adam-UM,50,27,81,HybAdamUM_completed_p50_rep27_seed81.csv,internal:T7|T8,internal,2,0.02354,0.006892048203188691,-0.016647951796811306,0.016647951796811306
Hyb-Adam-UM,50,27,81,HybAdamUM_completed_p50_rep27_seed81.csv,terminal:T7,terminal,1,0.11573,0.07212018538658095,-0.04360981461341905,0.04360981461341905
Hyb-Adam-UM,50,27,81,HybAdamUM_completed_p50_rep27_seed81.csv,terminal:T8,terminal,1,0.11535,0.07488150644874698,-0.04046849355125301,0.04046849355125301
Hyb-Adam-UM,50,27,81,HybAdamUM_completed_p50_rep27_seed81.csv,terminal:T9,terminal,1,0.12153,0.07843564763244021,-0.04309435236755979,0.04309435236755979
Hyb-Adam-UM,50,27,81,HybAdamUM_completed_p50_rep27_seed81.csv,terminal:T10,terminal,1,0.18189,0.09561288671008678,-0.08627711328991322,0.08627711328991322
Hyb-Adam-UM,50,27,81,HybAdamUM_completed_p50_rep27_seed81.csv,internal:T11|T12|T13|T14|T15,internal,5,0.11651,0.02230714579659486,-0.09420285420340514,0.09420285420340514
Hyb-Adam-UM,50,27,81,HybAdamUM_completed_p50_rep27_seed81.csv,internal:T11|T12,internal,2,0.22637,0.042333638578348626,-0.18403636142165136,0.18403636142165136
Hyb-Adam-UM,50,27,81,HybAdamUM_completed_p50_rep27_seed81.csv,terminal:T11,terminal,1,0.16094,0.08782304521806479,-0.07311695478193521,0.07311695478193521
Hyb-Adam-UM,50,27,81,HybAdamUM_completed_p50_rep27_seed81.csv,terminal:T12,terminal,1,0.14942,0.08516605543346052,-0.06425394456653948,0.06425394456653948
Hyb-Adam-UM,50,27,81,HybAdamUM_completed_p50_rep27_seed81.csv,internal:T13|T14|T15,internal,3,0.18561,0.021845256626080247,-0.16376474337391975,0.16376474337391975
Hyb-Adam-UM,50,27,81,HybAdamUM_completed_p50_rep27_seed81.csv,terminal:T13,terminal,1,0.32149,0.12091671141112412,-0.20057328858887588,0.20057328858887588
Hyb-Adam-UM,50,27,81,HybAdamUM_completed_p50_rep27_seed81.csv,internal:T14|T15,internal,2,0.07113,0.007746270843117751,-0.06338372915688224,0.06338372915688224
Hyb-Adam-UM,50,27,81,HybAdamUM_completed_p50_rep27_seed81.csv,terminal:T14,terminal,1,0.34439,0.12062307797117701,-0.22376692202882298,0.22376692202882298
Hyb-Adam-UM,50,27,81,HybAdamUM_completed_p50_rep27_seed81.csv,terminal:T15,terminal,1,0.24256,0.1152487138109654,-0.1273112861890346,0.1273112861890346
Hyb-Adam-UM,50,28,82,HybAdamUM_completed_p50_rep28_seed82.csv,terminal:T1,terminal,1,0.05696,0.05848817232284204,0.001528172322842046,0.001528172322842046
Hyb-Adam-UM,50,28,82,HybAdamUM_completed_p50_rep28_seed82.csv,internal:T2|T3,internal,2,0.03472,0.0,-0.03472,0.03472
Hyb-Adam-UM,50,28,82,HybAdamUM_completed_p50_rep28_seed82.csv,terminal:T2,terminal,1,0.02433,0.06956267401917744,0.04523267401917744,0.04523267401917744
Hyb-Adam-UM,50,28,82,HybAdamUM_completed_p50_rep28_seed82.csv,terminal:T3,terminal,1,0.02231,0.059464564273999806,0.03715456427399981,0.03715456427399981
Hyb-Adam-UM,50,28,82,HybAdamUM_completed_p50_rep28_seed82.csv,internal:T1|T2|T3,internal,3,0.01863,0.0,-0.01863,0.01863
Hyb-Adam-UM,50,28,82,HybAdamUM_completed_p50_rep28_seed82.csv,terminal:T4,terminal,1,0.07771,0.06281595687742056,-0.014894043122579442,0.014894043122579442
Hyb-Adam-UM,50,28,82,HybAdamUM_completed_p50_rep28_seed82.csv,internal:T1|T2|T3|T4,internal,4,0.04682,0.011783261253398545,-0.03503673874660146,0.03503673874660146
Hyb-Adam-UM,50,28,82,HybAdamUM_completed_p50_rep28_seed82.csv,terminal:T5,terminal,1,0.12997,0.07663013909779907,-0.05333986090220093,0.05333986090220093
Hyb-Adam-UM,50,28,82,HybAdamUM_completed_p50_rep28_seed82.csv,internal:T1|T2|T3|T4|T5,internal,5,0.03057,0.0048711787841161,-0.0256988212158839,0.0256988212158839
Hyb-Adam-UM,50,28,82,HybAdamUM_completed_p50_rep28_seed82.csv,terminal:T6,terminal,1,0.14605,0.08191071080024293,-0.06413928919975709,0.06413928919975709
Hyb-Adam-UM,50,28,82,HybAdamUM_completed_p50_rep28_seed82.csv,internal:T1|T2|T3|T4|T5|T6,internal,6,0.0721,0.022082784174195857,-0.05001721582580414,0.05001721582580414
Hyb-Adam-UM,50,28,82,HybAdamUM_completed_p50_rep28_seed82.csv,internal:T10|T7|T8|T9,internal,4,0.08603,0.006513759096372598,-0.0795162409036274,0.0795162409036274
Hyb-Adam-UM,50,28,82,HybAdamUM_completed_p50_rep28_seed82.csv,internal:T7|T8|T9,internal,3,0.05128,0.0,-0.05128,0.05128
Hyb-Adam-UM,50,28,82,HybAdamUM_completed_p50_rep28_seed82.csv,internal:T7|T8,internal,2,0.02354,0.027069072327708034,0.0035290723277080355,0.0035290723277080355
Hyb-Adam-UM,50,28,82,HybAdamUM_completed_p50_rep28_seed82.csv,terminal:T7,terminal,1,0.11573,0.07116231596410302,-0.044567684035896976,0.044567684035896976
Hyb-Adam-UM,50,28,82,HybAdamUM_completed_p50_rep28_seed82.csv,terminal:T8,terminal,1,0.11535,0.07583937587122487,-0.039510624128775124,0.039510624128775124
Hyb-Adam-UM,50,28,82,HybAdamUM_completed_p50_rep28_seed82.csv,terminal:T9,terminal,1,0.12153,0.10173667768498176,-0.019793322315018236,0.019793322315018236
Hyb-Adam-UM,50,28,82,HybAdamUM_completed_p50_rep28_seed82.csv,terminal:T10,terminal,1,0.18189,0.10047024383789532,-0.08141975616210467,0.08141975616210467
Hyb-Adam-UM,50,28,82,HybAdamUM_completed_p50_rep28_seed82.csv,internal:T11|T12|T13|T14|T15,internal,5,0.11651,0.02265512765411857,-0.09385487234588144,0.09385487234588144
Hyb-Adam-UM,50,28,82,HybAdamUM_completed_p50_rep28_seed82.csv,internal:T11|T12,internal,2,0.22637,0.04198290279838899,-0.184387097201611,0.184387097201611
Hyb-Adam-UM,50,28,82,HybAdamUM_completed_p50_rep28_seed82.csv,terminal:T11,terminal,1,0.16094,0.08640252950207014,-0.07453747049792986,0.07453747049792986
Hyb-Adam-UM,50,28,82,HybAdamUM_completed_p50_rep28_seed82.csv,terminal:T12,terminal,1,0.14942,0.08658657114945514,-0.06283342885054485,0.06283342885054485
Hyb-Adam-UM,50,28,82,HybAdamUM_completed_p50_rep28_seed82.csv,internal:T13|T14|T15,internal,3,0.18561,0.008292454609108017,-0.17731754539089198,0.17731754539089198
Hyb-Adam-UM,50,28,82,HybAdamUM_completed_p50_rep28_seed82.csv,terminal:T13,terminal,1,0.32149,0.13473158549984582,-0.18675841450015418,0.18675841450015418
Hyb-Adam-UM,50,28,82,HybAdamUM_completed_p50_rep28_seed82.csv,internal:T14|T15,internal,2,0.07113,0.02203335721924427,-0.049096642780755734,0.049096642780755734
Hyb-Adam-UM,50,28,82,HybAdamUM_completed_p50_rep28_seed82.csv,terminal:T14,terminal,1,0.34439,0.12167241837894979,-0.22271758162105018,0.22271758162105018
Hyb-Adam-UM,50,28,82,HybAdamUM_completed_p50_rep28_seed82.csv,terminal:T15,terminal,1,0.24256,0.11419937340319268,-0.1283606265968073,0.1283606265968073
Hyb-Adam-UM,50,29,83,HybAdamUM_completed_p50_rep29_seed83.csv,terminal:T1,terminal,1,0.05696,0.042679019298476895,-0.014280980701523102,0.014280980701523102
Hyb-Adam-UM,50,29,83,HybAdamUM_completed_p50_rep29_seed83.csv,internal:T2|T3,internal,2,0.03472,0.023211904122801448,-0.011508095877198553,0.011508095877198553
Hyb-Adam-UM,50,29,83,HybAdamUM_completed_p50_rep29_seed83.csv,terminal:T2,terminal,1,0.02433,0.020673338126136823,-0.0036566618738631783,0.0036566618738631783
Hyb-Adam-UM,50,29,83,HybAdamUM_completed_p50_rep29_seed83.csv,terminal:T3,terminal,1,0.02231,0.0203588107740323,-0.0019511892259676984,0.0019511892259676984
Hyb-Adam-UM,50,29,83,HybAdamUM_completed_p50_rep29_seed83.csv,internal:T1|T2|T3,internal,3,0.01863,0.009488859807592748,-0.009141140192407252,0.009141140192407252
Hyb-Adam-UM,50,29,83,HybAdamUM_completed_p50_rep29_seed83.csv,terminal:T4,terminal,1,0.07771,0.05352025205457586,-0.02418974794542414,0.02418974794542414
Hyb-Adam-UM,50,29,83,HybAdamUM_completed_p50_rep29_seed83.csv,internal:T1|T2|T3|T4,internal,4,0.04682,0.02123443826204463,-0.02558556173795537,0.02558556173795537
Hyb-Adam-UM,50,29,83,HybAdamUM_completed_p50_rep29_seed83.csv,terminal:T5,terminal,1,0.12997,0.07674784041895405,-0.05322215958104595,0.05322215958104595
Hyb-Adam-UM,50,29,83,HybAdamUM_completed_p50_rep29_seed83.csv,internal:T1|T2|T3|T4|T5,internal,5,0.03057,0.008000041710841862,-0.022569958289158136,0.022569958289158136
Hyb-Adam-UM,50,29,83,HybAdamUM_completed_p50_rep29_seed83.csv,terminal:T6,terminal,1,0.14605,0.08317855619170385,-0.06287144380829617,0.06287144380829617
Hyb-Adam-UM,50,29,83,HybAdamUM_completed_p50_rep29_seed83.csv,internal:T1|T2|T3|T4|T5|T6,internal,6,0.0721,0.021427203618629955,-0.05067279638137004,0.05067279638137004
Hyb-Adam-UM,50,29,83,HybAdamUM_completed_p50_rep29_seed83.csv,internal:T10|T7|T8|T9,internal,4,0.08603,0.005506875882742803,-0.08052312411725719,0.08052312411725719
Hyb-Adam-UM,50,29,83,HybAdamUM_completed_p50_rep29_seed83.csv,internal:T7|T8|T9,internal,3,0.05128,0.0,-0.05128,0.05128
Hyb-Adam-UM,50,29,83,HybAdamUM_completed_p50_rep29_seed83.csv,internal:T7|T8,internal,2,0.02354,0.027047396602363192,0.0035073966023631935,0.0035073966023631935
Hyb-Adam-UM,50,29,83,HybAdamUM_completed_p50_rep29_seed83.csv,terminal:T7,terminal,1,0.11573,0.07129866140830358,-0.044431338591696415,0.044431338591696415
Hyb-Adam-UM,50,29,83,HybAdamUM_completed_p50_rep29_seed83.csv,terminal:T8,terminal,1,0.11535,0.07570303042702442,-0.039646969572975574,0.039646969572975574
Hyb-Adam-UM,50,29,83,HybAdamUM_completed_p50_rep29_seed83.csv,terminal:T9,terminal,1,0.12153,0.10179245487736402,-0.01973754512263598,0.01973754512263598
Hyb-Adam-UM,50,29,83,HybAdamUM_completed_p50_rep29_seed83.csv,terminal:T10,terminal,1,0.18189,0.10336399262064323,-0.07852600737935676,0.07852600737935676
Hyb-Adam-UM,50,29,83,HybAdamUM_completed_p50_rep29_seed83.csv,internal:T11|T12|T13|T14|T15,internal,5,0.11651,0.02410601190346738,-0.09240398809653262,0.09240398809653262
Hyb-Adam-UM,50,29,83,HybAdamUM_completed_p50_rep29_seed83.csv,internal:T11|T12,internal,2,0.22637,0.00029607902295245123,-0.22607392097704754,0.22607392097704754
Hyb-Adam-UM,50,29,83,HybAdamUM_completed_p50_rep29_seed83.csv,terminal:T11,terminal,1,0.16094,0.1296190132068646,-0.031320986793135414,0.031320986793135414
Hyb-Adam-UM,50,29,83,HybAdamUM_completed_p50_rep29_seed83.csv,terminal:T12,terminal,1,0.14942,0.1294515274162072,-0.019968472583792807,0.019968472583792807
Hyb-Adam-UM,50,29,83,HybAdamUM_completed_p50_rep29_seed83.csv,internal:T13|T14|T15,internal,3,0.18561,0.02581257595965087,-0.15979742404034913,0.15979742404034913
Hyb-Adam-UM,50,29,83,HybAdamUM_completed_p50_rep29_seed83.csv,terminal:T13,terminal,1,0.32149,0.11935396934996582,-0.20213603065003416,0.20213603065003416
Hyb-Adam-UM,50,29,83,HybAdamUM_completed_p50_rep29_seed83.csv,internal:T14|T15,internal,2,0.07113,0.0024860974599822416,-0.06864390254001776,0.06864390254001776
Hyb-Adam-UM,50,29,83,HybAdamUM_completed_p50_rep29_seed83.csv,terminal:T14,terminal,1,0.34439,0.12031022328486896,-0.22407977671513102,0.22407977671513102
Hyb-Adam-UM,50,29,83,HybAdamUM_completed_p50_rep29_seed83.csv,terminal:T15,terminal,1,0.24256,0.1155615684972735,-0.1269984315027265,0.1269984315027265
Hyb-Adam-UM,50,30,84,HybAdamUM_completed_p50_rep30_seed84.csv,terminal:T1,terminal,1,0.05696,0.042712803371894426,-0.014247196628105571,0.014247196628105571
Hyb-Adam-UM,50,30,84,HybAdamUM_completed_p50_rep30_seed84.csv,internal:T2|T3,internal,2,0.03472,0.023047666776922635,-0.011672333223077366,0.011672333223077366
Hyb-Adam-UM,50,30,84,HybAdamUM_completed_p50_rep30_seed84.csv,terminal:T2,terminal,1,0.02433,0.02059551909211337,-0.0037344809078866323,0.0037344809078866323
Hyb-Adam-UM,50,30,84,HybAdamUM_completed_p50_rep30_seed84.csv,terminal:T3,terminal,1,0.02231,0.020436629808055832,-0.001873370191944168,0.001873370191944168
Hyb-Adam-UM,50,30,84,HybAdamUM_completed_p50_rep30_seed84.csv,internal:T1|T2|T3,internal,3,0.01863,0.008654071840851691,-0.00997592815914831,0.00997592815914831
Hyb-Adam-UM,50,30,84,HybAdamUM_completed_p50_rep30_seed84.csv,terminal:T4,terminal,1,0.07771,0.05397386896904405,-0.023736131030955954,0.023736131030955954
Hyb-Adam-UM,50,30,84,HybAdamUM_completed_p50_rep30_seed84.csv,internal:T1|T2|T3|T4,internal,4,0.04682,0.04825982660501886,0.0014398266050188596,0.0014398266050188596
Hyb-Adam-UM,50,30,84,HybAdamUM_completed_p50_rep30_seed84.csv,terminal:T5,terminal,1,0.12997,0.14939993042686536,0.01942993042686536,0.01942993042686536
Hyb-Adam-UM,50,30,84,HybAdamUM_completed_p50_rep30_seed84.csv,internal:T1|T2|T3|T4|T5,internal,5,0.03057,0.0,-0.03057,0.03057
Hyb-Adam-UM,50,30,84,HybAdamUM_completed_p50_rep30_seed84.csv,terminal:T6,terminal,1,0.14605,0.09363386476160203,-0.052416135238397984,0.052416135238397984
Hyb-Adam-UM,50,30,84,HybAdamUM_completed_p50_rep30_seed84.csv,internal:T1|T2|T3|T4|T5|T6,internal,6,0.0721,0.0008164928168149015,-0.0712835071831851,0.0712835071831851
Hyb-Adam-UM,50,30,84,HybAdamUM_completed_p50_rep30_seed84.csv,internal:T10|T7|T8|T9,internal,4,0.08603,0.011150603649724632,-0.07487939635027537,0.07487939635027537
Hyb-Adam-UM,50,30,84,HybAdamUM_completed_p50_rep30_seed84.csv,internal:T7|T8|T9,internal,3,0.05128,0.0,-0.05128,0.05128
Hyb-Adam-UM,50,30,84,HybAdamUM_completed_p50_rep30_seed84.csv,internal:T7|T8,internal,2,0.02354,0.0032274291493365657,-0.020312570850663434,0.020312570850663434
Hyb-Adam-UM,50,30,84,HybAdamUM_completed_p50_rep30_seed84.csv,terminal:T7,terminal,1,0.11573,0.09622651621223764,-0.019503483787762357,0.019503483787762357
Hyb-Adam-UM,50,30,84,HybAdamUM_completed_p50_rep30_seed84.csv,terminal:T8,terminal,1,0.11535,0.09867425515836654,-0.01667574484163345,0.01667574484163345
Hyb-Adam-UM,50,30,84,HybAdamUM_completed_p50_rep30_seed84.csv,terminal:T9,terminal,1,0.12153,0.102621553115847,-0.018908446884152996,0.018908446884152996
Hyb-Adam-UM,50,30,84,HybAdamUM_completed_p50_rep30_seed84.csv,terminal:T10,terminal,1,0.18189,0.10143486433231587,-0.08045513566768413,0.08045513566768413
Hyb-Adam-UM,50,30,84,HybAdamUM_completed_p50_rep30_seed84.csv,internal:T11|T12|T13|T14|T15,internal,5,0.11651,0.017184384744281734,-0.09932561525571827,0.09932561525571827
Hyb-Adam-UM,50,30,84,HybAdamUM_completed_p50_rep30_seed84.csv,internal:T11|T12,internal,2,0.22637,0.0004952502999421298,-0.22587474970005786,0.22587474970005786
Hyb-Adam-UM,50,30,84,HybAdamUM_completed_p50_rep30_seed84.csv,terminal:T11,terminal,1,0.16094,0.1308513802316032,-0.0300886197683968,0.0300886197683968
Hyb-Adam-UM,50,30,84,HybAdamUM_completed_p50_rep30_seed84.csv,terminal:T12,terminal,1,0.14942,0.127063934049142,-0.022356065950857984,0.022356065950857984
Hyb-Adam-UM,50,30,84,HybAdamUM_completed_p50_rep30_seed84.csv,internal:T13|T14|T15,internal,3,0.18561,0.008544143645030066,-0.17706585635496994,0.17706585635496994
Hyb-Adam-UM,50,30,84,HybAdamUM_completed_p50_rep30_seed84.csv,terminal:T13,terminal,1,0.32149,0.13521586791489276,-0.18627413208510724,0.18627413208510724
Hyb-Adam-UM,50,30,84,HybAdamUM_completed_p50_rep30_seed84.csv,internal:T14|T15,internal,2,0.07113,0.00028849524374944586,-0.07084150475625055,0.07084150475625055
Hyb-Adam-UM,50,30,84,HybAdamUM_completed_p50_rep30_seed84.csv,terminal:T14,terminal,1,0.34439,0.14377283243702316,-0.20061716756297682,0.20061716756297682
Hyb-Adam-UM,50,30,84,HybAdamUM_completed_p50_rep30_seed84.csv,terminal:T15,terminal,1,0.24256,0.13533912580101137,-0.10722087419898862,0.10722087419898862
Hyb-Adam-UM,65,1,55,HybAdamUM_completed_p65_rep01_seed55.csv,terminal:T1,terminal,1,0.05696,0.06592658830744937,0.008966588307449369,0.008966588307449369
Hyb-Adam-UM,65,1,55,HybAdamUM_completed_p65_rep01_seed55.csv,internal:T2|T3,internal,2,0.03472,0.0,-0.03472,0.03472
Hyb-Adam-UM,65,1,55,HybAdamUM_completed_p65_rep01_seed55.csv,terminal:T2,terminal,1,0.02433,0.06764162984848554,0.043311629848485536,0.043311629848485536
Hyb-Adam-UM,65,1,55,HybAdamUM_completed_p65_rep01_seed55.csv,terminal:T3,terminal,1,0.02231,0.07436806441179598,0.05205806441179599,0.05205806441179599
Hyb-Adam-UM,65,1,55,HybAdamUM_completed_p65_rep01_seed55.csv,internal:T1|T2|T3,internal,3,0.01863,0.033391739885254366,0.014761739885254366,0.014761739885254366
Hyb-Adam-UM,65,1,55,HybAdamUM_completed_p65_rep01_seed55.csv,terminal:T4,terminal,1,0.07771,0.10899037316743719,0.03128037316743719,0.03128037316743719
Hyb-Adam-UM,65,1,55,HybAdamUM_completed_p65_rep01_seed55.csv,internal:T1|T2|T3|T4,internal,4,0.04682,0.00020377846062288852,-0.04661622153937711,0.04661622153937711
Hyb-Adam-UM,65,1,55,HybAdamUM_completed_p65_rep01_seed55.csv,terminal:T5,terminal,1,0.12997,0.13357176575957985,0.0036017657595798502,0.0036017657595798502
Hyb-Adam-UM,65,1,55,HybAdamUM_completed_p65_rep01_seed55.csv,internal:T1|T2|T3|T4|T5,internal,5,0.03057,0.0,-0.03057,0.03057
Hyb-Adam-UM,65,1,55,HybAdamUM_completed_p65_rep01_seed55.csv,terminal:T6,terminal,1,0.14605,0.09769830930369368,-0.048351690696306335,0.048351690696306335
Hyb-Adam-UM,65,1,55,HybAdamUM_completed_p65_rep01_seed55.csv,internal:T1|T2|T3|T4|T5|T6,internal,6,0.0721,0.005213790962241874,-0.06688620903775812,0.06688620903775812
Hyb-Adam-UM,65,1,55,HybAdamUM_completed_p65_rep01_seed55.csv,internal:T10|T7|T8|T9,internal,4,0.08603,0.007653719580775805,-0.07837628041922419,0.07837628041922419
Hyb-Adam-UM,65,1,55,HybAdamUM_completed_p65_rep01_seed55.csv,internal:T7|T8|T9,internal,3,0.05128,0.0,-0.05128,0.05128
Hyb-Adam-UM,65,1,55,HybAdamUM_completed_p65_rep01_seed55.csv,internal:T7|T8,internal,2,0.02354,0.0,-0.02354,0.02354
Hyb-Adam-UM,65,1,55,HybAdamUM_completed_p65_rep01_seed55.csv,terminal:T7,terminal,1,0.11573,0.13097848972026416,0.015248489720264158,0.015248489720264158
Hyb-Adam-UM,65,1,55,HybAdamUM_completed_p65_rep01_seed55.csv,terminal:T8,terminal,1,0.11535,0.1013893649743339,-0.013960635025666093,0.013960635025666093
Hyb-Adam-UM,65,1,55,HybAdamUM_completed_p65_rep01_seed55.csv,terminal:T9,terminal,1,0.12153,0.09918680774378749,-0.022343192256212507,0.022343192256212507
Hyb-Adam-UM,65,1,55,HybAdamUM_completed_p65_rep01_seed55.csv,terminal:T10,terminal,1,0.18189,0.10498864978250241,-0.07690135021749758,0.07690135021749758
Hyb-Adam-UM,65,1,55,HybAdamUM_completed_p65_rep01_seed55.csv,internal:T11|T12|T13|T14|T15,internal,5,0.11651,0.014756523431589714,-0.10175347656841029,0.10175347656841029
Hyb-Adam-UM,65,1,55,HybAdamUM_completed_p65_rep01_seed55.csv,internal:T11|T12,internal,2,0.22637,0.0,-0.22637,0.22637
Hyb-Adam-UM,65,1,55,HybAdamUM_completed_p65_rep01_seed55.csv,terminal:T11,terminal,1,0.16094,0.12936109533493598,-0.03157890466506402,0.03157890466506402
Hyb-Adam-UM,65,1,55,HybAdamUM_completed_p65_rep01_seed55.csv,terminal:T12,terminal,1,0.14942,0.12802775670469174,-0.021392243295308255,0.021392243295308255
Hyb-Adam-UM,65,1,55,HybAdamUM_completed_p65_rep01_seed55.csv,internal:T13|T14|T15,internal,3,0.18561,0.007739990818771376,-0.1778700091812286,0.1778700091812286
Hyb-Adam-UM,65,1,55,HybAdamUM_completed_p65_rep01_seed55.csv,terminal:T13,terminal,1,0.32149,0.13775486270243595,-0.18373513729756405,0.18373513729756405
Hyb-Adam-UM,65,1,55,HybAdamUM_completed_p65_rep01_seed55.csv,internal:T14|T15,internal,2,0.07113,0.021456850103657735,-0.049673149896342264,0.049673149896342264
Hyb-Adam-UM,65,1,55,HybAdamUM_completed_p65_rep01_seed55.csv,terminal:T14,terminal,1,0.34439,0.12031475155401532,-0.22407524844598464,0.22407524844598464
Hyb-Adam-UM,65,1,55,HybAdamUM_completed_p65_rep01_seed55.csv,terminal:T15,terminal,1,0.24256,0.11555704022812706,-0.12700295977187293,0.12700295977187293
Hyb-Adam-UM,65,2,56,HybAdamUM_completed_p65_rep02_seed56.csv,terminal:T1,terminal,1,0.05696,0.08192740079109927,0.02496740079109927,0.02496740079109927
Hyb-Adam-UM,65,2,56,HybAdamUM_completed_p65_rep02_seed56.csv,internal:T2|T3,internal,2,0.03472,0.0,-0.03472,0.03472
Hyb-Adam-UM,65,2,56,HybAdamUM_completed_p65_rep02_seed56.csv,terminal:T2,terminal,1,0.02433,0.08332252944629683,0.05899252944629682,0.05899252944629682
Hyb-Adam-UM,65,2,56,HybAdamUM_completed_p65_rep02_seed56.csv,terminal:T3,terminal,1,0.02231,0.08275350740658721,0.060443507406587216,0.060443507406587216
Hyb-Adam-UM,65,2,56,HybAdamUM_completed_p65_rep02_seed56.csv,internal:T1|T2|T3,internal,3,0.01863,0.0,-0.01863,0.01863
Hyb-Adam-UM,65,2,56,HybAdamUM_completed_p65_rep02_seed56.csv,terminal:T4,terminal,1,0.07771,0.08376289753379922,0.006052897533799215,0.006052897533799215
Hyb-Adam-UM,65,2,56,HybAdamUM_completed_p65_rep02_seed56.csv,internal:T1|T2|T3|T4,internal,4,0.04682,0.0,-0.04682,0.04682
Hyb-Adam-UM,65,2,56,HybAdamUM_completed_p65_rep02_seed56.csv,terminal:T5,terminal,1,0.12997,0.08365767469200432,-0.046312325307995686,0.046312325307995686
Hyb-Adam-UM,65,2,56,HybAdamUM_completed_p65_rep02_seed56.csv,internal:T1|T2|T3|T4|T5,internal,5,0.03057,0.0,-0.03057,0.03057
Hyb-Adam-UM,65,2,56,HybAdamUM_completed_p65_rep02_seed56.csv,terminal:T6,terminal,1,0.14605,0.08322337761909218,-0.06282662238090783,0.06282662238090783
Hyb-Adam-UM,65,2,56,HybAdamUM_completed_p65_rep02_seed56.csv,internal:T1|T2|T3|T4|T5|T6,internal,6,0.0721,0.02171633369820397,-0.050383666301796026,0.050383666301796026
Hyb-Adam-UM,65,2,56,HybAdamUM_completed_p65_rep02_seed56.csv,internal:T10|T7|T8|T9,internal,4,0.08603,0.00970064471040061,-0.07632935528959939,0.07632935528959939
Hyb-Adam-UM,65,2,56,HybAdamUM_completed_p65_rep02_seed56.csv,internal:T7|T8|T9,internal,3,0.05128,0.0,-0.05128,0.05128
Hyb-Adam-UM,65,2,56,HybAdamUM_completed_p65_rep02_seed56.csv,internal:T7|T8,internal,2,0.02354,0.0,-0.02354,0.02354
Hyb-Adam-UM,65,2,56,HybAdamUM_completed_p65_rep02_seed56.csv,terminal:T7,terminal,1,0.11573,0.09523328128462048,-0.020496718715379517,0.020496718715379517
Hyb-Adam-UM,65,2,56,HybAdamUM_completed_p65_rep02_seed56.csv,terminal:T8,terminal,1,0.11535,0.10129767079924487,-0.014052329200755123,0.014052329200755123
Hyb-Adam-UM,65,2,56,HybAdamUM_completed_p65_rep02_seed56.csv,terminal:T9,terminal,1,0.12153,0.09372289429379362,-0.027807105706206384,0.027807105706206384
Hyb-Adam-UM,65,2,56,HybAdamUM_completed_p65_rep02_seed56.csv,terminal:T10,terminal,1,0.18189,0.10142231945442036,-0.08046768054557964,0.08046768054557964
Hyb-Adam-UM,65,2,56,HybAdamUM_completed_p65_rep02_seed56.csv,internal:T11|T12|T13|T14|T15,internal,5,0.11651,0.01831948001264039,-0.09819051998735961,0.09819051998735961
Hyb-Adam-UM,65,2,56,HybAdamUM_completed_p65_rep02_seed56.csv,internal:T11|T12,internal,2,0.22637,0.037733045978804315,-0.18863695402119568,0.18863695402119568
Hyb-Adam-UM,65,2,56,HybAdamUM_completed_p65_rep02_seed56.csv,terminal:T11,terminal,1,0.16094,0.08614092262517241,-0.07479907737482759,0.07479907737482759
Hyb-Adam-UM,65,2,56,HybAdamUM_completed_p65_rep02_seed56.csv,terminal:T12,terminal,1,0.14942,0.08684817802635296,-0.06257182197364704,0.06257182197364704
Hyb-Adam-UM,65,2,56,HybAdamUM_completed_p65_rep02_seed56.csv,internal:T13|T14|T15,internal,3,0.18561,0.020206158073524647,-0.16540384192647534,0.16540384192647534
Hyb-Adam-UM,65,2,56,HybAdamUM_completed_p65_rep02_seed56.csv,terminal:T13,terminal,1,0.32149,0.1241145162973355,-0.1973754837026645,0.1973754837026645
Hyb-Adam-UM,65,2,56,HybAdamUM_completed_p65_rep02_seed56.csv,internal:T14|T15,internal,2,0.07113,0.0,-0.07113,0.07113
Hyb-Adam-UM,65,2,56,HybAdamUM_completed_p65_rep02_seed56.csv,terminal:T14,terminal,1,0.34439,0.1365793912050223,-0.20781060879497767,0.20781060879497767
Hyb-Adam-UM,65,2,56,HybAdamUM_completed_p65_rep02_seed56.csv,terminal:T15,terminal,1,0.24256,0.12561361976851673,-0.11694638023148327,0.11694638023148327
Hyb-Adam-UM,65,3,57,HybAdamUM_completed_p65_rep03_seed57.csv,terminal:T1,terminal,1,0.05696,0.06112039132197464,0.004160391321974641,0.004160391321974641
Hyb-Adam-UM,65,3,57,HybAdamUM_completed_p65_rep03_seed57.csv,internal:T2|T3,internal,2,0.03472,0.04255695721809012,0.007836957218090121,0.007836957218090121
Hyb-Adam-UM,65,3,57,HybAdamUM_completed_p65_rep03_seed57.csv,terminal:T2,terminal,1,0.02433,0.02595158578516021,0.0016215857851602095,0.0016215857851602095
Hyb-Adam-UM,65,3,57,HybAdamUM_completed_p65_rep03_seed57.csv,terminal:T3,terminal,1,0.02231,0.015080563115009087,-0.007229436884990913,0.007229436884990913
Hyb-Adam-UM,65,3,57,HybAdamUM_completed_p65_rep03_seed57.csv,internal:T1|T2|T3,internal,3,0.01863,0.0,-0.01863,0.01863
Hyb-Adam-UM,65,3,57,HybAdamUM_completed_p65_rep03_seed57.csv,terminal:T4,terminal,1,0.07771,0.062405341542619404,-0.015304658457380597,0.015304658457380597
Hyb-Adam-UM,65,3,57,HybAdamUM_completed_p65_rep03_seed57.csv,internal:T1|T2|T3|T4,internal,4,0.04682,0.020551594861616385,-0.026268405138383615,0.026268405138383615
Hyb-Adam-UM,65,3,57,HybAdamUM_completed_p65_rep03_seed57.csv,terminal:T5,terminal,1,0.12997,0.08582120779824486,-0.044148792201755147,0.044148792201755147
Hyb-Adam-UM,65,3,57,HybAdamUM_completed_p65_rep03_seed57.csv,internal:T1|T2|T3|T4|T5,internal,5,0.03057,0.0,-0.03057,0.03057
Hyb-Adam-UM,65,3,57,HybAdamUM_completed_p65_rep03_seed57.csv,terminal:T6,terminal,1,0.14605,0.0839263259513111,-0.06212367404868892,0.06212367404868892
Hyb-Adam-UM,65,3,57,HybAdamUM_completed_p65_rep03_seed57.csv,internal:T1|T2|T3|T4|T5|T6,internal,6,0.0721,0.02069063201077116,-0.051409367989228835,0.051409367989228835
Hyb-Adam-UM,65,3,57,HybAdamUM_completed_p65_rep03_seed57.csv,internal:T10|T7|T8|T9,internal,4,0.08603,0.0,-0.08603,0.08603
Hyb-Adam-UM,65,3,57,HybAdamUM_completed_p65_rep03_seed57.csv,internal:T7|T8|T9,internal,3,0.05128,0.0,-0.05128,0.05128
Hyb-Adam-UM,65,3,57,HybAdamUM_completed_p65_rep03_seed57.csv,internal:T7|T8,internal,2,0.02354,0.0,-0.02354,0.02354
Hyb-Adam-UM,65,3,57,HybAdamUM_completed_p65_rep03_seed57.csv,terminal:T7,terminal,1,0.11573,0.10382083307569599,-0.011909166924304007,0.011909166924304007
Hyb-Adam-UM,65,3,57,HybAdamUM_completed_p65_rep03_seed57.csv,terminal:T8,terminal,1,0.11535,0.10742513554457944,-0.007924864455420552,0.007924864455420552
Hyb-Adam-UM,65,3,57,HybAdamUM_completed_p65_rep03_seed57.csv,terminal:T9,terminal,1,0.12153,0.10473481198986886,-0.016795188010131135,0.016795188010131135
Hyb-Adam-UM,65,3,57,HybAdamUM_completed_p65_rep03_seed57.csv,terminal:T10,terminal,1,0.18189,0.1114304970275596,-0.0704595029724404,0.0704595029724404
Hyb-Adam-UM,65,3,57,HybAdamUM_completed_p65_rep03_seed57.csv,internal:T11|T12|T13|T14|T15,internal,5,0.11651,0.02295239588597824,-0.09355760411402177,0.09355760411402177
Hyb-Adam-UM,65,3,57,HybAdamUM_completed_p65_rep03_seed57.csv,internal:T11|T12,internal,2,0.22637,0.0,-0.22637,0.22637
Hyb-Adam-UM,65,3,57,HybAdamUM_completed_p65_rep03_seed57.csv,terminal:T11,terminal,1,0.16094,0.13131645098404315,-0.029623549015956846,0.029623549015956846
Hyb-Adam-UM,65,3,57,HybAdamUM_completed_p65_rep03_seed57.csv,terminal:T12,terminal,1,0.14942,0.12604710098378402,-0.023372899016215976,0.023372899016215976
Hyb-Adam-UM,65,3,57,HybAdamUM_completed_p65_rep03_seed57.csv,internal:T13|T14|T15,internal,3,0.18561,0.006895555965673765,-0.17871444403432624,0.17871444403432624
Hyb-Adam-UM,65,3,57,HybAdamUM_completed_p65_rep03_seed57.csv,terminal:T13,terminal,1,0.32149,0.13447249222923555,-0.18701750777076445,0.18701750777076445
Hyb-Adam-UM,65,3,57,HybAdamUM_completed_p65_rep03_seed57.csv,internal:T14|T15,internal,2,0.07113,0.023674762776498527,-0.04745523722350147,0.04745523722350147
Hyb-Adam-UM,65,3,57,HybAdamUM_completed_p65_rep03_seed57.csv,terminal:T14,terminal,1,0.34439,0.12102093824441078,-0.22336906175558918,0.22336906175558918
Hyb-Adam-UM,65,3,57,HybAdamUM_completed_p65_rep03_seed57.csv,terminal:T15,terminal,1,0.24256,0.11485085353773161,-0.12770914646226839,0.12770914646226839
Hyb-Adam-UM,65,4,58,HybAdamUM_completed_p65_rep04_seed58.csv,terminal:T1,terminal,1,0.05696,0.043090349519394486,-0.013869650480605511,0.013869650480605511
Hyb-Adam-UM,65,4,58,HybAdamUM_completed_p65_rep04_seed58.csv,internal:T2|T3,internal,2,0.03472,0.0,-0.03472,0.03472
Hyb-Adam-UM,65,4,58,HybAdamUM_completed_p65_rep04_seed58.csv,terminal:T2,terminal,1,0.02433,0.04308200688365043,0.01875200688365043,0.01875200688365043
Hyb-Adam-UM,65,4,58,HybAdamUM_completed_p65_rep04_seed58.csv,terminal:T3,terminal,1,0.02231,0.04292407585931339,0.02061407585931339,0.02061407585931339
Hyb-Adam-UM,65,4,58,HybAdamUM_completed_p65_rep04_seed58.csv,internal:T1|T2|T3,internal,3,0.01863,0.00956788281247374,-0.00906211718752626,0.00906211718752626
Hyb-Adam-UM,65,4,58,HybAdamUM_completed_p65_rep04_seed58.csv,terminal:T4,terminal,1,0.07771,0.05299150443482901,-0.024718495565170993,0.024718495565170993
Hyb-Adam-UM,65,4,58,HybAdamUM_completed_p65_rep04_seed58.csv,internal:T1|T2|T3|T4,internal,4,0.04682,0.03043819142097641,-0.01638180857902359,0.01638180857902359
Hyb-Adam-UM,65,4,58,HybAdamUM_completed_p65_rep04_seed58.csv,terminal:T5,terminal,1,0.12997,0.0859479333139815,-0.044022066686018504,0.044022066686018504
Hyb-Adam-UM,65,4,58,HybAdamUM_completed_p65_rep04_seed58.csv,internal:T1|T2|T3|T4|T5,internal,5,0.03057,0.0,-0.03057,0.03057
Hyb-Adam-UM,65,4,58,HybAdamUM_completed_p65_rep04_seed58.csv,terminal:T6,terminal,1,0.14605,0.08335304104290284,-0.06269695895709718,0.06269695895709718
Hyb-Adam-UM,65,4,58,HybAdamUM_completed_p65_rep04_seed58.csv,internal:T1|T2|T3|T4|T5|T6,internal,6,0.0721,0.021172288578857227,-0.050927711421142774,0.050927711421142774
Hyb-Adam-UM,65,4,58,HybAdamUM_completed_p65_rep04_seed58.csv,internal:T10|T7|T8|T9,internal,4,0.08603,0.0,-0.08603,0.08603
Hyb-Adam-UM,65,4,58,HybAdamUM_completed_p65_rep04_seed58.csv,internal:T7|T8|T9,internal,3,0.05128,0.028746954179792478,-0.02253304582020752,0.02253304582020752
Hyb-Adam-UM,65,4,58,HybAdamUM_completed_p65_rep04_seed58.csv,internal:T7|T8,internal,2,0.02354,0.0046769923306529725,-0.018863007669347027,0.018863007669347027
Hyb-Adam-UM,65,4,58,HybAdamUM_completed_p65_rep04_seed58.csv,terminal:T7,terminal,1,0.11573,0.07262048570014988,-0.04310951429985012,0.04310951429985012
Hyb-Adam-UM,65,4,58,HybAdamUM_completed_p65_rep04_seed58.csv,terminal:T8,terminal,1,0.11535,0.07438120613517808,-0.04096879386482191,0.04096879386482191
Hyb-Adam-UM,65,4,58,HybAdamUM_completed_p65_rep04_seed58.csv,terminal:T9,terminal,1,0.12153,0.07582949643265426,-0.04570050356734574,0.04570050356734574
Hyb-Adam-UM,65,4,58,HybAdamUM_completed_p65_rep04_seed58.csv,terminal:T10,terminal,1,0.18189,0.11043164379425574,-0.07145835620574426,0.07145835620574426
Hyb-Adam-UM,65,4,58,HybAdamUM_completed_p65_rep04_seed58.csv,internal:T11|T12|T13|T14|T15,internal,5,0.11651,0.023234419857119094,-0.09327558014288091,0.09327558014288091
Hyb-Adam-UM,65,4,58,HybAdamUM_completed_p65_rep04_seed58.csv,internal:T11|T12,internal,2,0.22637,0.0,-0.22637,0.22637
Hyb-Adam-UM,65,4,58,HybAdamUM_completed_p65_rep04_seed58.csv,terminal:T11,terminal,1,0.16094,0.127537808530386,-0.03340219146961401,0.03340219146961401
Hyb-Adam-UM,65,4,58,HybAdamUM_completed_p65_rep04_seed58.csv,terminal:T12,terminal,1,0.14942,0.1296825580862855,-0.019737441913714487,0.019737441913714487
Hyb-Adam-UM,65,4,58,HybAdamUM_completed_p65_rep04_seed58.csv,internal:T13|T14|T15,internal,3,0.18561,0.014763676544646737,-0.17084632345535325,0.17084632345535325
Hyb-Adam-UM,65,4,58,HybAdamUM_completed_p65_rep04_seed58.csv,terminal:T13,terminal,1,0.32149,0.12311719952410304,-0.19837280047589695,0.19837280047589695
Hyb-Adam-UM,65,4,58,HybAdamUM_completed_p65_rep04_seed58.csv,internal:T14|T15,internal,2,0.07113,0.011887328170692464,-0.059242671829307536,0.059242671829307536
Hyb-Adam-UM,65,4,58,HybAdamUM_completed_p65_rep04_seed58.csv,terminal:T14,terminal,1,0.34439,0.12142143821424406,-0.22296856178575591,0.22296856178575591
Hyb-Adam-UM,65,4,58,HybAdamUM_completed_p65_rep04_seed58.csv,terminal:T15,terminal,1,0.24256,0.11445035356789847,-0.12810964643210154,0.12810964643210154
Hyb-Adam-UM,65,5,59,HybAdamUM_completed_p65_rep05_seed59.csv,terminal:T1,terminal,1,0.05696,0.06857647339969582,0.01161647339969582,0.01161647339969582
Hyb-Adam-UM,65,5,59,HybAdamUM_completed_p65_rep05_seed59.csv,internal:T2|T3,internal,2,0.03472,0.05277430761497057,0.018054307614970566,0.018054307614970566
Hyb-Adam-UM,65,5,59,HybAdamUM_completed_p65_rep05_seed59.csv,terminal:T2,terminal,1,0.02433,0.012018451159547798,-0.012311548840452203,0.012311548840452203
Hyb-Adam-UM,65,5,59,HybAdamUM_completed_p65_rep05_seed59.csv,terminal:T3,terminal,1,0.02231,0.029013697740621375,0.006703697740621375,0.006703697740621375
Hyb-Adam-UM,65,5,59,HybAdamUM_completed_p65_rep05_seed59.csv,internal:T1|T2|T3,internal,3,0.01863,0.0,-0.01863,0.01863
Hyb-Adam-UM,65,5,59,HybAdamUM_completed_p65_rep05_seed59.csv,terminal:T4,terminal,1,0.07771,0.07119927310414302,-0.00651072689585698,0.00651072689585698
Hyb-Adam-UM,65,5,59,HybAdamUM_completed_p65_rep05_seed59.csv,internal:T1|T2|T3|T4,internal,4,0.04682,0.03259033333816184,-0.014229666661838163,0.014229666661838163
Hyb-Adam-UM,65,5,59,HybAdamUM_completed_p65_rep05_seed59.csv,terminal:T5,terminal,1,0.12997,0.10329518892660448,-0.02667481107339552,0.02667481107339552
Hyb-Adam-UM,65,5,59,HybAdamUM_completed_p65_rep05_seed59.csv,internal:T1|T2|T3|T4|T5,internal,5,0.03057,0.0,-0.03057,0.03057
Hyb-Adam-UM,65,5,59,HybAdamUM_completed_p65_rep05_seed59.csv,terminal:T6,terminal,1,0.14605,0.10299174997086509,-0.04305825002913492,0.04305825002913492
Hyb-Adam-UM,65,5,59,HybAdamUM_completed_p65_rep05_seed59.csv,internal:T1|T2|T3|T4|T5|T6,internal,6,0.0721,0.0008638026881610411,-0.07123619731183896,0.07123619731183896
Hyb-Adam-UM,65,5,59,HybAdamUM_completed_p65_rep05_seed59.csv,internal:T10|T7|T8|T9,internal,4,0.08603,0.009889313894784478,-0.07614068610521552,0.07614068610521552
Hyb-Adam-UM,65,5,59,HybAdamUM_completed_p65_rep05_seed59.csv,internal:T7|T8|T9,internal,3,0.05128,0.0,-0.05128,0.05128
Hyb-Adam-UM,65,5,59,HybAdamUM_completed_p65_rep05_seed59.csv,internal:T7|T8,internal,2,0.02354,0.0,-0.02354,0.02354
Hyb-Adam-UM,65,5,59,HybAdamUM_completed_p65_rep05_seed59.csv,terminal:T7,terminal,1,0.11573,0.10086338381179864,-0.014866616188201356,0.014866616188201356
Hyb-Adam-UM,65,5,59,HybAdamUM_completed_p65_rep05_seed59.csv,terminal:T8,terminal,1,0.11535,0.0950565322622662,-0.0202934677377338,0.0202934677377338
Hyb-Adam-UM,65,5,59,HybAdamUM_completed_p65_rep05_seed59.csv,terminal:T9,terminal,1,0.12153,0.09330638588203934,-0.028223614117960663,0.028223614117960663
Hyb-Adam-UM,65,5,59,HybAdamUM_completed_p65_rep05_seed59.csv,terminal:T10,terminal,1,0.18189,0.10201069361808511,-0.07987930638191489,0.07987930638191489
Hyb-Adam-UM,65,5,59,HybAdamUM_completed_p65_rep05_seed59.csv,internal:T11|T12|T13|T14|T15,internal,5,0.11651,0.020459463369339993,-0.09605053663066002,0.09605053663066002
Hyb-Adam-UM,65,5,59,HybAdamUM_completed_p65_rep05_seed59.csv,internal:T11|T12,internal,2,0.22637,0.0,-0.22637,0.22637
Hyb-Adam-UM,65,5,59,HybAdamUM_completed_p65_rep05_seed59.csv,terminal:T11,terminal,1,0.16094,0.13105873081100897,-0.029881269188991033,0.029881269188991033
Hyb-Adam-UM,65,5,59,HybAdamUM_completed_p65_rep05_seed59.csv,terminal:T12,terminal,1,0.14942,0.12560173915884157,-0.02381826084115843,0.02381826084115843
Hyb-Adam-UM,65,5,59,HybAdamUM_completed_p65_rep05_seed59.csv,internal:T13|T14|T15,internal,3,0.18561,0.015326114596133398,-0.1702838854038666,0.1702838854038666
Hyb-Adam-UM,65,5,59,HybAdamUM_completed_p65_rep05_seed59.csv,terminal:T13,terminal,1,0.32149,0.12958111977288664,-0.19190888022711336,0.19190888022711336
Hyb-Adam-UM,65,5,59,HybAdamUM_completed_p65_rep05_seed59.csv,internal:T14|T15,internal,2,0.07113,0.0,-0.07113,0.07113
Hyb-Adam-UM,65,5,59,HybAdamUM_completed_p65_rep05_seed59.csv,terminal:T14,terminal,1,0.34439,0.1372470769373543,-0.20714292306264567,0.20714292306264567
Hyb-Adam-UM,65,5,59,HybAdamUM_completed_p65_rep05_seed59.csv,terminal:T15,terminal,1,0.24256,0.13020492927747687,-0.11235507072252313,0.11235507072252313
Hyb-Adam-UM,65,6,60,HybAdamUM_completed_p65_rep06_seed60.csv,terminal:T1,terminal,1,0.05696,0.09685681195199768,0.03989681195199768,0.03989681195199768
Hyb-Adam-UM,65,6,60,HybAdamUM_completed_p65_rep06_seed60.csv,internal:T2|T3,internal,2,0.03472,0.06654511193022825,0.031825111930228245,0.031825111930228245
Hyb-Adam-UM,65,6,60,HybAdamUM_completed_p65_rep06_seed60.csv,terminal:T2,terminal,1,0.02433,0.0205350827573851,-0.003794917242614902,0.003794917242614902
Hyb-Adam-UM,65,6,60,HybAdamUM_completed_p65_rep06_seed60.csv,terminal:T3,terminal,1,0.02231,0.02049706614278408,-0.001812933857215919,0.001812933857215919
Hyb-Adam-UM,65,6,60,HybAdamUM_completed_p65_rep06_seed60.csv,internal:T1|T2|T3,internal,3,0.01863,0.0,-0.01863,0.01863
Hyb-Adam-UM,65,6,60,HybAdamUM_completed_p65_rep06_seed60.csv,terminal:T4,terminal,1,0.07771,0.08693344754109629,0.009223447541096289,0.009223447541096289
Hyb-Adam-UM,65,6,60,HybAdamUM_completed_p65_rep06_seed60.csv,internal:T1|T2|T3|T4,internal,4,0.04682,0.0,-0.04682,0.04682
Hyb-Adam-UM,65,6,60,HybAdamUM_completed_p65_rep06_seed60.csv,terminal:T5,terminal,1,0.12997,0.08731177277278176,-0.04265822722721824,0.04265822722721824
Hyb-Adam-UM,65,6,60,HybAdamUM_completed_p65_rep06_seed60.csv,internal:T1|T2|T3|T4|T5,internal,5,0.03057,0.01051855593779001,-0.02005144406220999,0.02005144406220999
Hyb-Adam-UM,65,6,60,HybAdamUM_completed_p65_rep06_seed60.csv,terminal:T6,terminal,1,0.14605,0.10238603485601602,-0.04366396514398399,0.04366396514398399
Hyb-Adam-UM,65,6,60,HybAdamUM_completed_p65_rep06_seed60.csv,internal:T1|T2|T3|T4|T5|T6,internal,6,0.0721,0.004404938199393319,-0.06769506180060668,0.06769506180060668
Hyb-Adam-UM,65,6,60,HybAdamUM_completed_p65_rep06_seed60.csv,internal:T10|T7|T8|T9,internal,4,0.08603,0.013401131626054223,-0.07262886837394578,0.07262886837394578
Hyb-Adam-UM,65,6,60,HybAdamUM_completed_p65_rep06_seed60.csv,internal:T7|T8|T9,internal,3,0.05128,0.003943526143914739,-0.04733647385608526,0.04733647385608526
Hyb-Adam-UM,65,6,60,HybAdamUM_completed_p65_rep06_seed60.csv,internal:T7|T8,internal,2,0.02354,0.0,-0.02354,0.02354
Hyb-Adam-UM,65,6,60,HybAdamUM_completed_p65_rep06_seed60.csv,terminal:T7,terminal,1,0.11573,0.08627955105539092,-0.029450448944609076,0.029450448944609076
Hyb-Adam-UM,65,6,60,HybAdamUM_completed_p65_rep06_seed60.csv,terminal:T8,terminal,1,0.11535,0.08993005386120752,-0.025419946138792476,0.025419946138792476
Hyb-Adam-UM,65,6,60,HybAdamUM_completed_p65_rep06_seed60.csv,terminal:T9,terminal,1,0.12153,0.08881996671428127,-0.032710033285718726,0.032710033285718726
Hyb-Adam-UM,65,6,60,HybAdamUM_completed_p65_rep06_seed60.csv,terminal:T10,terminal,1,0.18189,0.09631299945015566,-0.08557700054984434,0.08557700054984434
Hyb-Adam-UM,65,6,60,HybAdamUM_completed_p65_rep06_seed60.csv,internal:T11|T12|T13|T14|T15,internal,5,0.11651,0.020085623557275584,-0.09642437644272442,0.09642437644272442
Hyb-Adam-UM,65,6,60,HybAdamUM_completed_p65_rep06_seed60.csv,internal:T11|T12,internal,2,0.22637,0.04028823911053964,-0.18608176088946035,0.18608176088946035
Hyb-Adam-UM,65,6,60,HybAdamUM_completed_p65_rep06_seed60.csv,terminal:T11,terminal,1,0.16094,0.08691585507383408,-0.07402414492616592,0.07402414492616592
Hyb-Adam-UM,65,6,60,HybAdamUM_completed_p65_rep06_seed60.csv,terminal:T12,terminal,1,0.14942,0.0860732455776912,-0.0633467544223088,0.0633467544223088
Hyb-Adam-UM,65,6,60,HybAdamUM_completed_p65_rep06_seed60.csv,internal:T13|T14|T15,internal,3,0.18561,0.010326423088466433,-0.17528357691153357,0.17528357691153357
Hyb-Adam-UM,65,6,60,HybAdamUM_completed_p65_rep06_seed60.csv,terminal:T13,terminal,1,0.32149,0.13678872573438466,-0.18470127426561533,0.18470127426561533
Hyb-Adam-UM,65,6,60,HybAdamUM_completed_p65_rep06_seed60.csv,internal:T14|T15,internal,2,0.07113,0.0,-0.07113,0.07113
Hyb-Adam-UM,65,6,60,HybAdamUM_completed_p65_rep06_seed60.csv,terminal:T14,terminal,1,0.34439,0.14452092518225415,-0.19986907481774582,0.19986907481774582
Hyb-Adam-UM,65,6,60,HybAdamUM_completed_p65_rep06_seed60.csv,terminal:T15,terminal,1,0.24256,0.13523702319327927,-0.10732297680672073,0.10732297680672073
Hyb-Adam-UM,65,7,61,HybAdamUM_completed_p65_rep07_seed61.csv,terminal:T1,terminal,1,0.05696,0.10008758003998806,0.04312758003998807,0.04312758003998807
Hyb-Adam-UM,65,7,61,HybAdamUM_completed_p65_rep07_seed61.csv,internal:T2|T3,internal,2,0.03472,0.0,-0.03472,0.03472
Hyb-Adam-UM,65,7,61,HybAdamUM_completed_p65_rep07_seed61.csv,terminal:T2,terminal,1,0.02433,0.1014966101604554,0.0771666101604554,0.0771666101604554
Hyb-Adam-UM,65,7,61,HybAdamUM_completed_p65_rep07_seed61.csv,terminal:T3,terminal,1,0.02231,0.09328528800259601,0.07097528800259602,0.07097528800259602
Hyb-Adam-UM,65,7,61,HybAdamUM_completed_p65_rep07_seed61.csv,internal:T1|T2|T3,internal,3,0.01863,0.0,-0.01863,0.01863
Hyb-Adam-UM,65,7,61,HybAdamUM_completed_p65_rep07_seed61.csv,terminal:T4,terminal,1,0.07771,0.0942801821522528,0.016570182152252796,0.016570182152252796
Hyb-Adam-UM,65,7,61,HybAdamUM_completed_p65_rep07_seed61.csv,internal:T1|T2|T3|T4,internal,4,0.04682,0.004658087918331058,-0.042161912081668945,0.042161912081668945
Hyb-Adam-UM,65,7,61,HybAdamUM_completed_p65_rep07_seed61.csv,terminal:T5,terminal,1,0.12997,0.10650362591466668,-0.023466374085333322,0.023466374085333322
Hyb-Adam-UM,65,7,61,HybAdamUM_completed_p65_rep07_seed61.csv,internal:T1|T2|T3|T4|T5,internal,5,0.03057,0.0,-0.03057,0.03057
Hyb-Adam-UM,65,7,61,HybAdamUM_completed_p65_rep07_seed61.csv,terminal:T6,terminal,1,0.14605,0.10461465817818895,-0.041435341821811064,0.041435341821811064
Hyb-Adam-UM,65,7,61,HybAdamUM_completed_p65_rep07_seed61.csv,internal:T1|T2|T3|T4|T5|T6,internal,6,0.0721,0.008348658706571921,-0.06375134129342808,0.06375134129342808
Hyb-Adam-UM,65,7,61,HybAdamUM_completed_p65_rep07_seed61.csv,internal:T10|T7|T8|T9,internal,4,0.08603,0.0034976550073207695,-0.08253234499267922,0.08253234499267922
Hyb-Adam-UM,65,7,61,HybAdamUM_completed_p65_rep07_seed61.csv,internal:T7|T8|T9,internal,3,0.05128,0.0,-0.05128,0.05128
Hyb-Adam-UM,65,7,61,HybAdamUM_completed_p65_rep07_seed61.csv,internal:T7|T8,internal,2,0.02354,0.0,-0.02354,0.02354
Hyb-Adam-UM,65,7,61,HybAdamUM_completed_p65_rep07_seed61.csv,terminal:T7,terminal,1,0.11573,0.09852731792751392,-0.017202682072486083,0.017202682072486083
Hyb-Adam-UM,65,7,61,HybAdamUM_completed_p65_rep07_seed61.csv,terminal:T8,terminal,1,0.11535,0.16307257210267137,0.047722572102671376,0.047722572102671376
Hyb-Adam-UM,65,7,61,HybAdamUM_completed_p65_rep07_seed61.csv,terminal:T9,terminal,1,0.12153,0.0998083740357679,-0.021721625964232105,0.021721625964232105
Hyb-Adam-UM,65,7,61,HybAdamUM_completed_p65_rep07_seed61.csv,terminal:T10,terminal,1,0.18189,0.10622371720362346,-0.07566628279637654,0.07566628279637654
Hyb-Adam-UM,65,7,61,HybAdamUM_completed_p65_rep07_seed61.csv,internal:T11|T12|T13|T14|T15,internal,5,0.11651,0.015422615816404753,-0.10108738418359525,0.10108738418359525
Hyb-Adam-UM,65,7,61,HybAdamUM_completed_p65_rep07_seed61.csv,internal:T11|T12,internal,2,0.22637,0.043466057256881886,-0.1829039427431181,0.1829039427431181
Hyb-Adam-UM,65,7,61,HybAdamUM_completed_p65_rep07_seed61.csv,terminal:T11,terminal,1,0.16094,0.0867782693423053,-0.0741617306576947,0.0741617306576947
Hyb-Adam-UM,65,7,61,HybAdamUM_completed_p65_rep07_seed61.csv,terminal:T12,terminal,1,0.14942,0.08621083130922,-0.06320916869078,0.06320916869078
Hyb-Adam-UM,65,7,61,HybAdamUM_completed_p65_rep07_seed61.csv,internal:T13|T14|T15,internal,3,0.18561,0.017529066335073184,-0.16808093366492682,0.16808093366492682
Hyb-Adam-UM,65,7,61,HybAdamUM_completed_p65_rep07_seed61.csv,terminal:T13,terminal,1,0.32149,0.12394867320195478,-0.1975413267980452,0.1975413267980452
Hyb-Adam-UM,65,7,61,HybAdamUM_completed_p65_rep07_seed61.csv,internal:T14|T15,internal,2,0.07113,0.011352214022299408,-0.05977778597770059,0.05977778597770059
Hyb-Adam-UM,65,7,61,HybAdamUM_completed_p65_rep07_seed61.csv,terminal:T14,terminal,1,0.34439,0.12022668688597118,-0.2241633131140288,0.2241633131140288
Hyb-Adam-UM,65,7,61,HybAdamUM_completed_p65_rep07_seed61.csv,terminal:T15,terminal,1,0.24256,0.1156451048961712,-0.1269148951038288,0.1269148951038288
Hyb-Adam-UM,65,8,62,HybAdamUM_completed_p65_rep08_seed62.csv,terminal:T1,terminal,1,0.05696,0.042419702159618995,-0.014540297840381002,0.014540297840381002
Hyb-Adam-UM,65,8,62,HybAdamUM_completed_p65_rep08_seed62.csv,internal:T2|T3,internal,2,0.03472,0.0004315816460257045,-0.034288418353974295,0.034288418353974295
Hyb-Adam-UM,65,8,62,HybAdamUM_completed_p65_rep08_seed62.csv,terminal:T2,terminal,1,0.02433,0.04310461479369158,0.018774614793691576,0.018774614793691576
Hyb-Adam-UM,65,8,62,HybAdamUM_completed_p65_rep08_seed62.csv,terminal:T3,terminal,1,0.02231,0.04289142775003577,0.020581427750035772,0.020581427750035772
Hyb-Adam-UM,65,8,62,HybAdamUM_completed_p65_rep08_seed62.csv,internal:T1|T2|T3,internal,3,0.01863,0.008824464895196558,-0.009805535104803443,0.009805535104803443
Hyb-Adam-UM,65,8,62,HybAdamUM_completed_p65_rep08_seed62.csv,terminal:T4,terminal,1,0.07771,0.05337801263841443,-0.024331987361585573,0.024331987361585573
Hyb-Adam-UM,65,8,62,HybAdamUM_completed_p65_rep08_seed62.csv,internal:T1|T2|T3|T4,internal,4,0.04682,0.02305774106166288,-0.02376225893833712,0.02376225893833712
Hyb-Adam-UM,65,8,62,HybAdamUM_completed_p65_rep08_seed62.csv,terminal:T5,terminal,1,0.12997,0.0754758576083196,-0.054494142391680406,0.054494142391680406
Hyb-Adam-UM,65,8,62,HybAdamUM_completed_p65_rep08_seed62.csv,internal:T1|T2|T3|T4|T5,internal,5,0.03057,0.006268319177127107,-0.024301680822872894,0.024301680822872894
Hyb-Adam-UM,65,8,62,HybAdamUM_completed_p65_rep08_seed62.csv,terminal:T6,terminal,1,0.14605,0.08216980444835918,-0.06388019555164083,0.06388019555164083
Hyb-Adam-UM,65,8,62,HybAdamUM_completed_p65_rep08_seed62.csv,internal:T1|T2|T3|T4|T5|T6,internal,6,0.0721,0.02200956946026332,-0.05009043053973668,0.05009043053973668
Hyb-Adam-UM,65,8,62,HybAdamUM_completed_p65_rep08_seed62.csv,internal:T10|T7|T8|T9,internal,4,0.08603,0.0,-0.08603,0.08603
Hyb-Adam-UM,65,8,62,HybAdamUM_completed_p65_rep08_seed62.csv,internal:T7|T8|T9,internal,3,0.05128,0.026418381183872682,-0.024861618816127317,0.024861618816127317
Hyb-Adam-UM,65,8,62,HybAdamUM_completed_p65_rep08_seed62.csv,internal:T7|T8,internal,2,0.02354,0.0,-0.02354,0.02354
Hyb-Adam-UM,65,8,62,HybAdamUM_completed_p65_rep08_seed62.csv,terminal:T7,terminal,1,0.11573,0.07704463364448032,-0.03868536635551968,0.03868536635551968
Hyb-Adam-UM,65,8,62,HybAdamUM_completed_p65_rep08_seed62.csv,terminal:T8,terminal,1,0.11535,0.08181414059075956,-0.033535859409240434,0.033535859409240434
Hyb-Adam-UM,65,8,62,HybAdamUM_completed_p65_rep08_seed62.csv,terminal:T9,terminal,1,0.12153,0.07757626189054331,-0.043953738109456686,0.043953738109456686
Hyb-Adam-UM,65,8,62,HybAdamUM_completed_p65_rep08_seed62.csv,terminal:T10,terminal,1,0.18189,0.10969282948603858,-0.07219717051396142,0.07219717051396142
Hyb-Adam-UM,65,8,62,HybAdamUM_completed_p65_rep08_seed62.csv,internal:T11|T12|T13|T14|T15,internal,5,0.11651,0.019582588019451293,-0.09692741198054872,0.09692741198054872
Hyb-Adam-UM,65,8,62,HybAdamUM_completed_p65_rep08_seed62.csv,internal:T11|T12,internal,2,0.22637,0.0392342589310141,-0.1871357410689859,0.1871357410689859
Hyb-Adam-UM,65,8,62,HybAdamUM_completed_p65_rep08_seed62.csv,terminal:T11,terminal,1,0.16094,0.08780409601809543,-0.07313590398190457,0.07313590398190457
Hyb-Adam-UM,65,8,62,HybAdamUM_completed_p65_rep08_seed62.csv,terminal:T12,terminal,1,0.14942,0.0851850046334299,-0.0642349953665701,0.0642349953665701
Hyb-Adam-UM,65,8,62,HybAdamUM_completed_p65_rep08_seed62.csv,internal:T13|T14|T15,internal,3,0.18561,0.015674775800079012,-0.169935224199921,0.169935224199921
Hyb-Adam-UM,65,8,62,HybAdamUM_completed_p65_rep08_seed62.csv,terminal:T13,terminal,1,0.32149,0.13409057094397522,-0.18739942905602477,0.18739942905602477
Hyb-Adam-UM,65,8,62,HybAdamUM_completed_p65_rep08_seed62.csv,internal:T14|T15,internal,2,0.07113,0.0,-0.07113,0.07113
Hyb-Adam-UM,65,8,62,HybAdamUM_completed_p65_rep08_seed62.csv,terminal:T14,terminal,1,0.34439,0.13760673066242005,-0.20678326933757993,0.20678326933757993
Hyb-Adam-UM,65,8,62,HybAdamUM_completed_p65_rep08_seed62.csv,terminal:T15,terminal,1,0.24256,0.13156878940103658,-0.11099121059896341,0.11099121059896341
Hyb-Adam-UM,65,9,63,HybAdamUM_completed_p65_rep09_seed63.csv,terminal:T1,terminal,1,0.05696,0.05313677770063184,-0.0038232222993681564,0.0038232222993681564
Hyb-Adam-UM,65,9,63,HybAdamUM_completed_p65_rep09_seed63.csv,internal:T2|T3,internal,2,0.03472,0.0,-0.03472,0.03472
Hyb-Adam-UM,65,9,63,HybAdamUM_completed_p65_rep09_seed63.csv,terminal:T2,terminal,1,0.02433,0.05365588114617764,0.02932588114617764,0.02932588114617764
Hyb-Adam-UM,65,9,63,HybAdamUM_completed_p65_rep09_seed63.csv,terminal:T3,terminal,1,0.02231,0.055600480570042,0.033290480570042,0.033290480570042
Hyb-Adam-UM,65,9,63,HybAdamUM_completed_p65_rep09_seed63.csv,internal:T1|T2|T3,internal,3,0.01863,0.0004301706695252627,-0.01819982933047474,0.01819982933047474
Hyb-Adam-UM,65,9,63,HybAdamUM_completed_p65_rep09_seed63.csv,terminal:T4,terminal,1,0.07771,0.055743903829423506,-0.021966096170576495,0.021966096170576495
Hyb-Adam-UM,65,9,63,HybAdamUM_completed_p65_rep09_seed63.csv,internal:T1|T2|T3|T4,internal,4,0.04682,0.018971455291991946,-0.027848544708008054,0.027848544708008054
Hyb-Adam-UM,65,9,63,HybAdamUM_completed_p65_rep09_seed63.csv,terminal:T5,terminal,1,0.12997,0.07531528075444241,-0.05465471924555759,0.05465471924555759
Hyb-Adam-UM,65,9,63,HybAdamUM_completed_p65_rep09_seed63.csv,internal:T1|T2|T3|T4|T5,internal,5,0.03057,0.007684740197124268,-0.022885259802875733,0.022885259802875733
Hyb-Adam-UM,65,9,63,HybAdamUM_completed_p65_rep09_seed63.csv,terminal:T6,terminal,1,0.14605,0.08388043550187389,-0.06216956449812612,0.06216956449812612
Hyb-Adam-UM,65,9,63,HybAdamUM_completed_p65_rep09_seed63.csv,internal:T1|T2|T3|T4|T5|T6,internal,6,0.0721,0.022408216261174466,-0.04969178373882553,0.04969178373882553
Hyb-Adam-UM,65,9,63,HybAdamUM_completed_p65_rep09_seed63.csv,internal:T10|T7|T8|T9,internal,4,0.08603,0.0024230817007437812,-0.08360691829925622,0.08360691829925622
Hyb-Adam-UM,65,9,63,HybAdamUM_completed_p65_rep09_seed63.csv,internal:T7|T8|T9,internal,3,0.05128,0.0,-0.05128,0.05128
Hyb-Adam-UM,65,9,63,HybAdamUM_completed_p65_rep09_seed63.csv,internal:T7|T8,internal,2,0.02354,0.0,-0.02354,0.02354
Hyb-Adam-UM,65,9,63,HybAdamUM_completed_p65_rep09_seed63.csv,terminal:T7,terminal,1,0.11573,0.10369218879055593,-0.012037811209444069,0.012037811209444069
Hyb-Adam-UM,65,9,63,HybAdamUM_completed_p65_rep09_seed63.csv,terminal:T8,terminal,1,0.11535,0.10903519963215227,-0.00631480036784772,0.00631480036784772
Hyb-Adam-UM,65,9,63,HybAdamUM_completed_p65_rep09_seed63.csv,terminal:T9,terminal,1,0.12153,0.10119895740801015,-0.020331042591989854,0.020331042591989854
Hyb-Adam-UM,65,9,63,HybAdamUM_completed_p65_rep09_seed63.csv,terminal:T10,terminal,1,0.18189,0.10589269255858218,-0.07599730744141782,0.07599730744141782
Hyb-Adam-UM,65,9,63,HybAdamUM_completed_p65_rep09_seed63.csv,internal:T11|T12|T13|T14|T15,internal,5,0.11651,0.021857363978958145,-0.09465263602104186,0.09465263602104186
Hyb-Adam-UM,65,9,63,HybAdamUM_completed_p65_rep09_seed63.csv,internal:T11|T12,internal,2,0.22637,0.040844175584703886,-0.1855258244152961,0.1855258244152961
Hyb-Adam-UM,65,9,63,HybAdamUM_completed_p65_rep09_seed63.csv,terminal:T11,terminal,1,0.16094,0.08713198754385415,-0.07380801245614585,0.07380801245614585
Hyb-Adam-UM,65,9,63,HybAdamUM_completed_p65_rep09_seed63.csv,terminal:T12,terminal,1,0.14942,0.08585711310767119,-0.06356288689232881,0.06356288689232881
Hyb-Adam-UM,65,9,63,HybAdamUM_completed_p65_rep09_seed63.csv,internal:T13|T14|T15,internal,3,0.18561,0.00941986160135203,-0.17619013839864797,0.17619013839864797
Hyb-Adam-UM,65,9,63,HybAdamUM_completed_p65_rep09_seed63.csv,terminal:T13,terminal,1,0.32149,0.13728978702284816,-0.18420021297715183,0.18420021297715183
Hyb-Adam-UM,65,9,63,HybAdamUM_completed_p65_rep09_seed63.csv,internal:T14|T15,internal,2,0.07113,0.02096951864827075,-0.05016048135172925,0.05016048135172925
Hyb-Adam-UM,65,9,63,HybAdamUM_completed_p65_rep09_seed63.csv,terminal:T14,terminal,1,0.34439,0.12077689776814013,-0.22361310223185984,0.22361310223185984
Hyb-Adam-UM,65,9,63,HybAdamUM_completed_p65_rep09_seed63.csv,terminal:T15,terminal,1,0.24256,0.11509489401400216,-0.12746510598599783,0.12746510598599783
Hyb-Adam-UM,65,10,64,HybAdamUM_completed_p65_rep10_seed64.csv,terminal:T1,terminal,1,0.05696,0.08933804620684337,0.03237804620684337,0.03237804620684337
Hyb-Adam-UM,65,10,64,HybAdamUM_completed_p65_rep10_seed64.csv,internal:T2|T3,internal,2,0.03472,0.0,-0.03472,0.03472
Hyb-Adam-UM,65,10,64,HybAdamUM_completed_p65_rep10_seed64.csv,terminal:T2,terminal,1,0.02433,0.10303341806769227,0.07870341806769227,0.07870341806769227
Hyb-Adam-UM,65,10,64,HybAdamUM_completed_p65_rep10_seed64.csv,terminal:T3,terminal,1,0.02231,0.09049663412400706,0.06818663412400706,0.06818663412400706
Hyb-Adam-UM,65,10,64,HybAdamUM_completed_p65_rep10_seed64.csv,internal:T1|T2|T3,internal,3,0.01863,0.0,-0.01863,0.01863
Hyb-Adam-UM,65,10,64,HybAdamUM_completed_p65_rep10_seed64.csv,terminal:T4,terminal,1,0.07771,0.1022229107599093,0.0245129107599093,0.0245129107599093
Hyb-Adam-UM,65,10,64,HybAdamUM_completed_p65_rep10_seed64.csv,internal:T1|T2|T3|T4,internal,4,0.04682,0.0,-0.04682,0.04682
Hyb-Adam-UM,65,10,64,HybAdamUM_completed_p65_rep10_seed64.csv,terminal:T5,terminal,1,0.12997,0.09055846230112785,-0.03941153769887215,0.03941153769887215
Hyb-Adam-UM,65,10,64,HybAdamUM_completed_p65_rep10_seed64.csv,internal:T1|T2|T3|T4|T5,internal,5,0.03057,0.0,-0.03057,0.03057
Hyb-Adam-UM,65,10,64,HybAdamUM_completed_p65_rep10_seed64.csv,terminal:T6,terminal,1,0.14605,0.09312924887640843,-0.05292075112359158,0.05292075112359158
Hyb-Adam-UM,65,10,64,HybAdamUM_completed_p65_rep10_seed64.csv,internal:T1|T2|T3|T4|T5|T6,internal,6,0.0721,0.009966407996608537,-0.06213359200339146,0.06213359200339146
Hyb-Adam-UM,65,10,64,HybAdamUM_completed_p65_rep10_seed64.csv,internal:T10|T7|T8|T9,internal,4,0.08603,0.01286424490184273,-0.07316575509815726,0.07316575509815726
Hyb-Adam-UM,65,10,64,HybAdamUM_completed_p65_rep10_seed64.csv,internal:T7|T8|T9,internal,3,0.05128,0.016745608872629585,-0.03453439112737042,0.03453439112737042
Hyb-Adam-UM,65,10,64,HybAdamUM_completed_p65_rep10_seed64.csv,internal:T7|T8,internal,2,0.02354,0.003870992958723867,-0.01966900704127613,0.01966900704127613
Hyb-Adam-UM,65,10,64,HybAdamUM_completed_p65_rep10_seed64.csv,terminal:T7,terminal,1,0.11573,0.07189824565487629,-0.04383175434512371,0.04383175434512371
Hyb-Adam-UM,65,10,64,HybAdamUM_completed_p65_rep10_seed64.csv,terminal:T8,terminal,1,0.11535,0.07510344618045167,-0.04024655381954832,0.04024655381954832
Hyb-Adam-UM,65,10,64,HybAdamUM_completed_p65_rep10_seed64.csv,terminal:T9,terminal,1,0.12153,0.07663549580458323,-0.04489450419541677,0.04489450419541677
Hyb-Adam-UM,65,10,64,HybAdamUM_completed_p65_rep10_seed64.csv,terminal:T10,terminal,1,0.18189,0.094681346840849,-0.087208653159151,0.087208653159151
Hyb-Adam-UM,65,10,64,HybAdamUM_completed_p65_rep10_seed64.csv,internal:T11|T12|T13|T14|T15,internal,5,0.11651,0.024431442691991115,-0.09207855730800889,0.09207855730800889
Hyb-Adam-UM,65,10,64,HybAdamUM_completed_p65_rep10_seed64.csv,internal:T11|T12,internal,2,0.22637,0.0,-0.22637,0.22637
Hyb-Adam-UM,65,10,64,HybAdamUM_completed_p65_rep10_seed64.csv,terminal:T11,terminal,1,0.16094,0.130646558276761,-0.030293441723239,0.030293441723239
Hyb-Adam-UM,65,10,64,HybAdamUM_completed_p65_rep10_seed64.csv,terminal:T12,terminal,1,0.14942,0.13129282883231094,-0.018127171167689055,0.018127171167689055
Hyb-Adam-UM,65,10,64,HybAdamUM_completed_p65_rep10_seed64.csv,internal:T13|T14|T15,internal,3,0.18561,0.010985347693147155,-0.17462465230685284,0.17462465230685284
Hyb-Adam-UM,65,10,64,HybAdamUM_completed_p65_rep10_seed64.csv,terminal:T13,terminal,1,0.32149,0.13087728994557743,-0.19061271005442257,0.19061271005442257
Hyb-Adam-UM,65,10,64,HybAdamUM_completed_p65_rep10_seed64.csv,internal:T14|T15,internal,2,0.07113,0.0,-0.07113,0.07113
Hyb-Adam-UM,65,10,64,HybAdamUM_completed_p65_rep10_seed64.csv,terminal:T14,terminal,1,0.34439,0.13824722887311156,-0.20614277112688842,0.20614277112688842
Hyb-Adam-UM,65,10,64,HybAdamUM_completed_p65_rep10_seed64.csv,terminal:T15,terminal,1,0.24256,0.12801003344097336,-0.11454996655902663,0.11454996655902663
Hyb-Adam-UM,65,11,65,HybAdamUM_completed_p65_rep11_seed65.csv,terminal:T1,terminal,1,0.05696,0.07046949842166968,0.01350949842166968,0.01350949842166968
Hyb-Adam-UM,65,11,65,HybAdamUM_completed_p65_rep11_seed65.csv,internal:T2|T3,internal,2,0.03472,0.0,-0.03472,0.03472
Hyb-Adam-UM,65,11,65,HybAdamUM_completed_p65_rep11_seed65.csv,terminal:T2,terminal,1,0.02433,0.09569429357747157,0.07136429357747157,0.07136429357747157
Hyb-Adam-UM,65,11,65,HybAdamUM_completed_p65_rep11_seed65.csv,terminal:T3,terminal,1,0.02231,0.07111096027961403,0.04880096027961403,0.04880096027961403
Hyb-Adam-UM,65,11,65,HybAdamUM_completed_p65_rep11_seed65.csv,internal:T1|T2|T3,internal,3,0.01863,0.0,-0.01863,0.01863
Hyb-Adam-UM,65,11,65,HybAdamUM_completed_p65_rep11_seed65.csv,terminal:T4,terminal,1,0.07771,0.07306504958595793,-0.004644950414042073,0.004644950414042073
Hyb-Adam-UM,65,11,65,HybAdamUM_completed_p65_rep11_seed65.csv,internal:T1|T2|T3|T4,internal,4,0.04682,0.004322435261511485,-0.042497564738488515,0.042497564738488515
Hyb-Adam-UM,65,11,65,HybAdamUM_completed_p65_rep11_seed65.csv,terminal:T5,terminal,1,0.12997,0.08257165856372593,-0.04739834143627407,0.04739834143627407
Hyb-Adam-UM,65,11,65,HybAdamUM_completed_p65_rep11_seed65.csv,internal:T1|T2|T3|T4|T5,internal,5,0.03057,0.0030516973033870532,-0.027518302696612946,0.027518302696612946
Hyb-Adam-UM,65,11,65,HybAdamUM_completed_p65_rep11_seed65.csv,terminal:T6,terminal,1,0.14605,0.08663574062029031,-0.059414259379709705,0.059414259379709705
Hyb-Adam-UM,65,11,65,HybAdamUM_completed_p65_rep11_seed65.csv,internal:T1|T2|T3|T4|T5|T6,internal,6,0.0721,0.01920118869694759,-0.052898811303052407,0.052898811303052407
Hyb-Adam-UM,65,11,65,HybAdamUM_completed_p65_rep11_seed65.csv,internal:T10|T7|T8|T9,internal,4,0.08603,0.006471005420374325,-0.07955899457962567,0.07955899457962567
Hyb-Adam-UM,65,11,65,HybAdamUM_completed_p65_rep11_seed65.csv,internal:T7|T8|T9,internal,3,0.05128,0.0,-0.05128,0.05128
Hyb-Adam-UM,65,11,65,HybAdamUM_completed_p65_rep11_seed65.csv,internal:T7|T8,internal,2,0.02354,0.0,-0.02354,0.02354
Hyb-Adam-UM,65,11,65,HybAdamUM_completed_p65_rep11_seed65.csv,terminal:T7,terminal,1,0.11573,0.09865066509941477,-0.017079334900585233,0.017079334900585233
Hyb-Adam-UM,65,11,65,HybAdamUM_completed_p65_rep11_seed65.csv,terminal:T8,terminal,1,0.11535,0.10667008775869166,-0.008679912241308332,0.008679912241308332
Hyb-Adam-UM,65,11,65,HybAdamUM_completed_p65_rep11_seed65.csv,terminal:T9,terminal,1,0.12153,0.09796308229738854,-0.023566917702611462,0.023566917702611462
Hyb-Adam-UM,65,11,65,HybAdamUM_completed_p65_rep11_seed65.csv,terminal:T10,terminal,1,0.18189,0.10009465322853398,-0.08179534677146602,0.08179534677146602
Hyb-Adam-UM,65,11,65,HybAdamUM_completed_p65_rep11_seed65.csv,internal:T11|T12|T13|T14|T15,internal,5,0.11651,0.02482892119276128,-0.09168107880723872,0.09168107880723872
Hyb-Adam-UM,65,11,65,HybAdamUM_completed_p65_rep11_seed65.csv,internal:T11|T12,internal,2,0.22637,0.0,-0.22637,0.22637
Hyb-Adam-UM,65,11,65,HybAdamUM_completed_p65_rep11_seed65.csv,terminal:T11,terminal,1,0.16094,0.12799108958093913,-0.03294891041906087,0.03294891041906087
Hyb-Adam-UM,65,11,65,HybAdamUM_completed_p65_rep11_seed65.csv,terminal:T12,terminal,1,0.14942,0.13121800941913003,-0.018201990580869964,0.018201990580869964
Hyb-Adam-UM,65,11,65,HybAdamUM_completed_p65_rep11_seed65.csv,internal:T13|T14|T15,internal,3,0.18561,0.007895644340970715,-0.1777143556590293,0.1777143556590293
Hyb-Adam-UM,65,11,65,HybAdamUM_completed_p65_rep11_seed65.csv,terminal:T13,terminal,1,0.32149,0.1300475560258164,-0.19144244397418358,0.19144244397418358
Hyb-Adam-UM,65,11,65,HybAdamUM_completed_p65_rep11_seed65.csv,internal:T14|T15,internal,2,0.07113,0.0,-0.07113,0.07113
Hyb-Adam-UM,65,11,65,HybAdamUM_completed_p65_rep11_seed65.csv,terminal:T14,terminal,1,0.34439,0.13301650201929832,-0.21137349798070165,0.21137349798070165
Hyb-Adam-UM,65,11,65,HybAdamUM_completed_p65_rep11_seed65.csv,terminal:T15,terminal,1,0.24256,0.1345942230662331,-0.10796577693376691,0.10796577693376691
Hyb-Adam-UM,65,12,66,HybAdamUM_completed_p65_rep12_seed66.csv,terminal:T1,terminal,1,0.05696,0.07913501066122618,0.02217501066122618,0.02217501066122618
Hyb-Adam-UM,65,12,66,HybAdamUM_completed_p65_rep12_seed66.csv,internal:T2|T3,internal,2,0.03472,0.05985667656868863,0.025136676568688628,0.025136676568688628
Hyb-Adam-UM,65,12,66,HybAdamUM_completed_p65_rep12_seed66.csv,terminal:T2,terminal,1,0.02433,0.02057979591946035,-0.0037502040805396514,0.0037502040805396514
Hyb-Adam-UM,65,12,66,HybAdamUM_completed_p65_rep12_seed66.csv,terminal:T3,terminal,1,0.02231,0.020452352980708882,-0.0018576470192911178,0.0018576470192911178
Hyb-Adam-UM,65,12,66,HybAdamUM_completed_p65_rep12_seed66.csv,internal:T1|T2|T3,internal,3,0.01863,0.0,-0.01863,0.01863
Hyb-Adam-UM,65,12,66,HybAdamUM_completed_p65_rep12_seed66.csv,terminal:T4,terminal,1,0.07771,0.07963680960163952,0.0019268096016395175,0.0019268096016395175
Hyb-Adam-UM,65,12,66,HybAdamUM_completed_p65_rep12_seed66.csv,internal:T1|T2|T3|T4,internal,4,0.04682,0.0,-0.04682,0.04682
Hyb-Adam-UM,65,12,66,HybAdamUM_completed_p65_rep12_seed66.csv,terminal:T5,terminal,1,0.12997,0.07944325589118514,-0.05052674410881486,0.05052674410881486
Hyb-Adam-UM,65,12,66,HybAdamUM_completed_p65_rep12_seed66.csv,internal:T1|T2|T3|T4|T5,internal,5,0.03057,0.002046650858429217,-0.028523349141570783,0.028523349141570783
Hyb-Adam-UM,65,12,66,HybAdamUM_completed_p65_rep12_seed66.csv,terminal:T6,terminal,1,0.14605,0.08272175193534487,-0.06332824806465515,0.06332824806465515
Hyb-Adam-UM,65,12,66,HybAdamUM_completed_p65_rep12_seed66.csv,internal:T1|T2|T3|T4|T5|T6,internal,6,0.0721,0.022689283183190124,-0.04941071681680988,0.04941071681680988
Hyb-Adam-UM,65,12,66,HybAdamUM_completed_p65_rep12_seed66.csv,internal:T10|T7|T8|T9,internal,4,0.08603,0.004441290523702113,-0.08158870947629789,0.08158870947629789
Hyb-Adam-UM,65,12,66,HybAdamUM_completed_p65_rep12_seed66.csv,internal:T7|T8|T9,internal,3,0.05128,0.02391357068122761,-0.027366429318772388,0.027366429318772388
Hyb-Adam-UM,65,12,66,HybAdamUM_completed_p65_rep12_seed66.csv,internal:T7|T8,internal,2,0.02354,0.0046155257081220225,-0.018924474291877977,0.018924474291877977
Hyb-Adam-UM,65,12,66,HybAdamUM_completed_p65_rep12_seed66.csv,terminal:T7,terminal,1,0.11573,0.07295846297125742,-0.042771537028742576,0.042771537028742576
Hyb-Adam-UM,65,12,66,HybAdamUM_completed_p65_rep12_seed66.csv,terminal:T8,terminal,1,0.11535,0.07404322886407057,-0.041306771135929427,0.041306771135929427
Hyb-Adam-UM,65,12,66,HybAdamUM_completed_p65_rep12_seed66.csv,terminal:T9,terminal,1,0.12153,0.0758909630551852,-0.045639036944814804,0.045639036944814804
Hyb-Adam-UM,65,12,66,HybAdamUM_completed_p65_rep12_seed66.csv,terminal:T10,terminal,1,0.18189,0.1066880209079867,-0.0752019790920133,0.0752019790920133
Hyb-Adam-UM,65,12,66,HybAdamUM_completed_p65_rep12_seed66.csv,internal:T11|T12|T13|T14|T15,internal,5,0.11651,0.02142729551481515,-0.09508270448518485,0.09508270448518485
Hyb-Adam-UM,65,12,66,HybAdamUM_completed_p65_rep12_seed66.csv,internal:T11|T12,internal,2,0.22637,0.0,-0.22637,0.22637
Hyb-Adam-UM,65,12,66,HybAdamUM_completed_p65_rep12_seed66.csv,terminal:T11,terminal,1,0.16094,0.12476871526619918,-0.036171284733800824,0.036171284733800824
Hyb-Adam-UM,65,12,66,HybAdamUM_completed_p65_rep12_seed66.csv,terminal:T12,terminal,1,0.14942,0.12783088466848688,-0.021589115331513115,0.021589115331513115
Hyb-Adam-UM,65,12,66,HybAdamUM_completed_p65_rep12_seed66.csv,internal:T13|T14|T15,internal,3,0.18561,0.019706167518199747,-0.16590383248180024,0.16590383248180024
Hyb-Adam-UM,65,12,66,HybAdamUM_completed_p65_rep12_seed66.csv,terminal:T13,terminal,1,0.32149,0.12662568444002562,-0.19486431555997438,0.19486431555997438
Hyb-Adam-UM,65,12,66,HybAdamUM_completed_p65_rep12_seed66.csv,internal:T14|T15,internal,2,0.07113,0.0,-0.07113,0.07113
Hyb-Adam-UM,65,12,66,HybAdamUM_completed_p65_rep12_seed66.csv,terminal:T14,terminal,1,0.34439,0.13406420493545035,-0.21032579506454963,0.21032579506454963
Hyb-Adam-UM,65,12,66,HybAdamUM_completed_p65_rep12_seed66.csv,terminal:T15,terminal,1,0.24256,0.1250431555543025,-0.11751684444569749,0.11751684444569749
Hyb-Adam-UM,65,13,67,HybAdamUM_completed_p65_rep13_seed67.csv,terminal:T1,terminal,1,0.05696,0.1000662314025755,0.04310623140257551,0.04310623140257551
Hyb-Adam-UM,65,13,67,HybAdamUM_completed_p65_rep13_seed67.csv,internal:T2|T3,internal,2,0.03472,0.0,-0.03472,0.03472
Hyb-Adam-UM,65,13,67,HybAdamUM_completed_p65_rep13_seed67.csv,terminal:T2,terminal,1,0.02433,0.09345173475840499,0.06912173475840498,0.06912173475840498
Hyb-Adam-UM,65,13,67,HybAdamUM_completed_p65_rep13_seed67.csv,terminal:T3,terminal,1,0.02231,0.10344464909311811,0.08113464909311811,0.08113464909311811
Hyb-Adam-UM,65,13,67,HybAdamUM_completed_p65_rep13_seed67.csv,internal:T1|T2|T3,internal,3,0.01863,0.0,-0.01863,0.01863
Hyb-Adam-UM,65,13,67,HybAdamUM_completed_p65_rep13_seed67.csv,terminal:T4,terminal,1,0.07771,0.09490635155355194,0.01719635155355194,0.01719635155355194
Hyb-Adam-UM,65,13,67,HybAdamUM_completed_p65_rep13_seed67.csv,internal:T1|T2|T3|T4,internal,4,0.04682,0.0,-0.04682,0.04682
Hyb-Adam-UM,65,13,67,HybAdamUM_completed_p65_rep13_seed67.csv,terminal:T5,terminal,1,0.12997,0.09433215491971064,-0.03563784508028936,0.03563784508028936
Hyb-Adam-UM,65,13,67,HybAdamUM_completed_p65_rep13_seed67.csv,internal:T1|T2|T3|T4|T5,internal,5,0.03057,0.0075198583580425565,-0.023050141641957442,0.023050141641957442
Hyb-Adam-UM,65,13,67,HybAdamUM_completed_p65_rep13_seed67.csv,terminal:T6,terminal,1,0.14605,0.10828566412868973,-0.037764335871310284,0.037764335871310284
Hyb-Adam-UM,65,13,67,HybAdamUM_completed_p65_rep13_seed67.csv,internal:T1|T2|T3|T4|T5|T6,internal,6,0.0721,0.0,-0.0721,0.0721
Hyb-Adam-UM,65,13,67,HybAdamUM_completed_p65_rep13_seed67.csv,internal:T10|T7|T8|T9,internal,4,0.08603,0.013148604895951637,-0.07288139510404835,0.07288139510404835
Hyb-Adam-UM,65,13,67,HybAdamUM_completed_p65_rep13_seed67.csv,internal:T7|T8|T9,internal,3,0.05128,0.01699811415837526,-0.03428188584162474,0.03428188584162474
Hyb-Adam-UM,65,13,67,HybAdamUM_completed_p65_rep13_seed67.csv,internal:T7|T8,internal,2,0.02354,0.0,-0.02354,0.02354
Hyb-Adam-UM,65,13,67,HybAdamUM_completed_p65_rep13_seed67.csv,terminal:T7,terminal,1,0.11573,0.07642216913373658,-0.039307830866263424,0.039307830866263424
Hyb-Adam-UM,65,13,67,HybAdamUM_completed_p65_rep13_seed67.csv,terminal:T8,terminal,1,0.11535,0.07717534328390716,-0.03817465671609284,0.03817465671609284
Hyb-Adam-UM,65,13,67,HybAdamUM_completed_p65_rep13_seed67.csv,terminal:T9,terminal,1,0.12153,0.07828484631890249,-0.043245153681097506,0.043245153681097506
Hyb-Adam-UM,65,13,67,HybAdamUM_completed_p65_rep13_seed67.csv,terminal:T10,terminal,1,0.18189,0.0947356685106701,-0.0871543314893299,0.0871543314893299
Hyb-Adam-UM,65,13,67,HybAdamUM_completed_p65_rep13_seed67.csv,internal:T11|T12|T13|T14|T15,internal,5,0.11651,0.02052504115733068,-0.09598495884266932,0.09598495884266932
Hyb-Adam-UM,65,13,67,HybAdamUM_completed_p65_rep13_seed67.csv,internal:T11|T12,internal,2,0.22637,0.0,-0.22637,0.22637
Hyb-Adam-UM,65,13,67,HybAdamUM_completed_p65_rep13_seed67.csv,terminal:T11,terminal,1,0.16094,0.1328648085867773,-0.028075191413222705,0.028075191413222705
Hyb-Adam-UM,65,13,67,HybAdamUM_completed_p65_rep13_seed67.csv,terminal:T12,terminal,1,0.14942,0.124673409516512,-0.024746590483488,0.024746590483488
Hyb-Adam-UM,65,13,67,HybAdamUM_completed_p65_rep13_seed67.csv,internal:T13|T14|T15,internal,3,0.18561,0.019754603402706905,-0.1658553965972931,0.1658553965972931
Hyb-Adam-UM,65,13,67,HybAdamUM_completed_p65_rep13_seed67.csv,terminal:T13,terminal,1,0.32149,0.12331504249798712,-0.19817495750201286,0.19817495750201286
Hyb-Adam-UM,65,13,67,HybAdamUM_completed_p65_rep13_seed67.csv,internal:T14|T15,internal,2,0.07113,0.0,-0.07113,0.07113
Hyb-Adam-UM,65,13,67,HybAdamUM_completed_p65_rep13_seed67.csv,terminal:T14,terminal,1,0.34439,0.12628037854429722,-0.21810962145570276,0.21810962145570276
Hyb-Adam-UM,65,13,67,HybAdamUM_completed_p65_rep13_seed67.csv,terminal:T15,terminal,1,0.24256,0.12360442412802868,-0.11895557587197132,0.11895557587197132
Hyb-Adam-UM,65,14,68,HybAdamUM_completed_p65_rep14_seed68.csv,terminal:T1,terminal,1,0.05696,0.06647588009774291,0.009515880097742915,0.009515880097742915
Hyb-Adam-UM,65,14,68,HybAdamUM_completed_p65_rep14_seed68.csv,internal:T2|T3,internal,2,0.03472,0.0,-0.03472,0.03472
Hyb-Adam-UM,65,14,68,HybAdamUM_completed_p65_rep14_seed68.csv,terminal:T2,terminal,1,0.02433,0.07533659231698497,0.05100659231698497,0.05100659231698497
Hyb-Adam-UM,65,14,68,HybAdamUM_completed_p65_rep14_seed68.csv,terminal:T3,terminal,1,0.02231,0.06536268780205526,0.04305268780205526,0.04305268780205526
Hyb-Adam-UM,65,14,68,HybAdamUM_completed_p65_rep14_seed68.csv,internal:T1|T2|T3,internal,3,0.01863,0.007915374097063157,-0.010714625902936844,0.010714625902936844
Hyb-Adam-UM,65,14,68,HybAdamUM_completed_p65_rep14_seed68.csv,terminal:T4,terminal,1,0.07771,0.07869121610945398,0.0009812161094539806,0.0009812161094539806
Hyb-Adam-UM,65,14,68,HybAdamUM_completed_p65_rep14_seed68.csv,internal:T1|T2|T3|T4,internal,4,0.04682,0.0,-0.04682,0.04682
Hyb-Adam-UM,65,14,68,HybAdamUM_completed_p65_rep14_seed68.csv,terminal:T5,terminal,1,0.12997,0.07718641834581914,-0.05278358165418086,0.05278358165418086
Hyb-Adam-UM,65,14,68,HybAdamUM_completed_p65_rep14_seed68.csv,internal:T1|T2|T3|T4|T5,internal,5,0.03057,0.0035065098611125347,-0.027063490138887467,0.027063490138887467
Hyb-Adam-UM,65,14,68,HybAdamUM_completed_p65_rep14_seed68.csv,terminal:T6,terminal,1,0.14605,0.08234805039644531,-0.0637019496035547,0.0637019496035547
Hyb-Adam-UM,65,14,68,HybAdamUM_completed_p65_rep14_seed68.csv,internal:T1|T2|T3|T4|T5|T6,internal,6,0.0721,0.02237153178627169,-0.04972846821372831,0.04972846821372831
Hyb-Adam-UM,65,14,68,HybAdamUM_completed_p65_rep14_seed68.csv,internal:T10|T7|T8|T9,internal,4,0.08603,0.0031097269437648256,-0.08292027305623517,0.08292027305623517
Hyb-Adam-UM,65,14,68,HybAdamUM_completed_p65_rep14_seed68.csv,internal:T7|T8|T9,internal,3,0.05128,0.0,-0.05128,0.05128
Hyb-Adam-UM,65,14,68,HybAdamUM_completed_p65_rep14_seed68.csv,internal:T7|T8,internal,2,0.02354,0.03170911584195529,0.008169115841955295,0.008169115841955295
Hyb-Adam-UM,65,14,68,HybAdamUM_completed_p65_rep14_seed68.csv,terminal:T7,terminal,1,0.11573,0.0726296916567748,-0.0431003083432252,0.0431003083432252
Hyb-Adam-UM,65,14,68,HybAdamUM_completed_p65_rep14_seed68.csv,terminal:T8,terminal,1,0.11535,0.07437200017855318,-0.040977999821446814,0.040977999821446814
Hyb-Adam-UM,65,14,68,HybAdamUM_completed_p65_rep14_seed68.csv,terminal:T9,terminal,1,0.12153,0.10054512780311274,-0.020984872196887258,0.020984872196887258
Hyb-Adam-UM,65,14,68,HybAdamUM_completed_p65_rep14_seed68.csv,terminal:T10,terminal,1,0.18189,0.10454894503509402,-0.07734105496490598,0.07734105496490598
Hyb-Adam-UM,65,14,68,HybAdamUM_completed_p65_rep14_seed68.csv,internal:T11|T12|T13|T14|T15,internal,5,0.11651,0.023569463353950337,-0.09294053664604966,0.09294053664604966
Hyb-Adam-UM,65,14,68,HybAdamUM_completed_p65_rep14_seed68.csv,internal:T11|T12,internal,2,0.22637,0.0438384221983483,-0.1825315778016517,0.1825315778016517
Hyb-Adam-UM,65,14,68,HybAdamUM_completed_p65_rep14_seed68.csv,terminal:T11,terminal,1,0.16094,0.0874431799427205,-0.0734968200572795,0.0734968200572795
Hyb-Adam-UM,65,14,68,HybAdamUM_completed_p65_rep14_seed68.csv,terminal:T12,terminal,1,0.14942,0.08554592070880485,-0.06387407929119515,0.06387407929119515
Hyb-Adam-UM,65,14,68,HybAdamUM_completed_p65_rep14_seed68.csv,internal:T13|T14|T15,internal,3,0.18561,0.00713674786843809,-0.1784732521315619,0.1784732521315619
Hyb-Adam-UM,65,14,68,HybAdamUM_completed_p65_rep14_seed68.csv,terminal:T13,terminal,1,0.32149,0.13849923057752112,-0.18299076942247888,0.18299076942247888
Hyb-Adam-UM,65,14,68,HybAdamUM_completed_p65_rep14_seed68.csv,internal:T14|T15,internal,2,0.07113,0.0,-0.07113,0.07113
Hyb-Adam-UM,65,14,68,HybAdamUM_completed_p65_rep14_seed68.csv,terminal:T14,terminal,1,0.34439,0.14372080574633164,-0.20066919425366833,0.20066919425366833
Hyb-Adam-UM,65,14,68,HybAdamUM_completed_p65_rep14_seed68.csv,terminal:T15,terminal,1,0.24256,0.13405767342899122,-0.10850232657100878,0.10850232657100878
Hyb-Adam-UM,65,15,69,HybAdamUM_completed_p65_rep15_seed69.csv,terminal:T1,terminal,1,0.05696,0.07651414468378219,0.019554144683782193,0.019554144683782193
Hyb-Adam-UM,65,15,69,HybAdamUM_completed_p65_rep15_seed69.csv,internal:T2|T3,internal,2,0.03472,0.06169585498714544,0.026975854987145442,0.026975854987145442
Hyb-Adam-UM,65,15,69,HybAdamUM_completed_p65_rep15_seed69.csv,terminal:T2,terminal,1,0.02433,0.0207098484537794,-0.003620151546220602,0.003620151546220602
Hyb-Adam-UM,65,15,69,HybAdamUM_completed_p65_rep15_seed69.csv,terminal:T3,terminal,1,0.02231,0.020322300446389652,-0.0019876995536103476,0.0019876995536103476
Hyb-Adam-UM,65,15,69,HybAdamUM_completed_p65_rep15_seed69.csv,internal:T1|T2|T3,internal,3,0.01863,0.0,-0.01863,0.01863
Hyb-Adam-UM,65,15,69,HybAdamUM_completed_p65_rep15_seed69.csv,terminal:T4,terminal,1,0.07771,0.07734427442675257,-0.00036572557324743293,0.00036572557324743293
Hyb-Adam-UM,65,15,69,HybAdamUM_completed_p65_rep15_seed69.csv,internal:T1|T2|T3|T4,internal,4,0.04682,0.0005949868488503113,-0.04622501315114969,0.04622501315114969
Hyb-Adam-UM,65,15,69,HybAdamUM_completed_p65_rep15_seed69.csv,terminal:T5,terminal,1,0.12997,0.08131382598412734,-0.04865617401587266,0.04865617401587266
Hyb-Adam-UM,65,15,69,HybAdamUM_completed_p65_rep15_seed69.csv,internal:T1|T2|T3|T4|T5,internal,5,0.03057,0.003381925724349658,-0.027188074275650342,0.027188074275650342
Hyb-Adam-UM,65,15,69,HybAdamUM_completed_p65_rep15_seed69.csv,terminal:T6,terminal,1,0.14605,0.08461227106752092,-0.06143772893247909,0.06143772893247909
Hyb-Adam-UM,65,15,69,HybAdamUM_completed_p65_rep15_seed69.csv,internal:T1|T2|T3|T4|T5|T6,internal,6,0.0721,0.020532042360488355,-0.05156795763951164,0.05156795763951164
Hyb-Adam-UM,65,15,69,HybAdamUM_completed_p65_rep15_seed69.csv,internal:T10|T7|T8|T9,internal,4,0.08603,0.010569673935075128,-0.07546032606492487,0.07546032606492487
Hyb-Adam-UM,65,15,69,HybAdamUM_completed_p65_rep15_seed69.csv,internal:T7|T8|T9,internal,3,0.05128,0.00021575254480176662,-0.05106424745519823,0.05106424745519823
Hyb-Adam-UM,65,15,69,HybAdamUM_completed_p65_rep15_seed69.csv,internal:T7|T8,internal,2,0.02354,0.0,-0.02354,0.02354
Hyb-Adam-UM,65,15,69,HybAdamUM_completed_p65_rep15_seed69.csv,terminal:T7,terminal,1,0.11573,0.09980327367006649,-0.015926726329933513,0.015926726329933513
Hyb-Adam-UM,65,15,69,HybAdamUM_completed_p65_rep15_seed69.csv,terminal:T8,terminal,1,0.11535,0.09659882454962104,-0.01875117545037895,0.01875117545037895
Hyb-Adam-UM,65,15,69,HybAdamUM_completed_p65_rep15_seed69.csv,terminal:T9,terminal,1,0.12153,0.09625135910103536,-0.025278640898964644,0.025278640898964644
Hyb-Adam-UM,65,15,69,HybAdamUM_completed_p65_rep15_seed69.csv,terminal:T10,terminal,1,0.18189,0.09978596670372751,-0.08210403329627249,0.08210403329627249
Hyb-Adam-UM,65,15,69,HybAdamUM_completed_p65_rep15_seed69.csv,internal:T11|T12|T13|T14|T15,internal,5,0.11651,0.020711550064986893,-0.0957984499350131,0.0957984499350131
Hyb-Adam-UM,65,15,69,HybAdamUM_completed_p65_rep15_seed69.csv,internal:T11|T12,internal,2,0.22637,0.0,-0.22637,0.22637
Hyb-Adam-UM,65,15,69,HybAdamUM_completed_p65_rep15_seed69.csv,terminal:T11,terminal,1,0.16094,0.130800830076062,-0.030139169923938003,0.030139169923938003
Hyb-Adam-UM,65,15,69,HybAdamUM_completed_p65_rep15_seed69.csv,terminal:T12,terminal,1,0.14942,0.12392543359905579,-0.025494566400944205,0.025494566400944205
Hyb-Adam-UM,65,15,69,HybAdamUM_completed_p65_rep15_seed69.csv,internal:T13|T14|T15,internal,3,0.18561,0.024491122428115956,-0.16111887757188403,0.16111887757188403
Hyb-Adam-UM,65,15,69,HybAdamUM_completed_p65_rep15_seed69.csv,terminal:T13,terminal,1,0.32149,0.12250158041349081,-0.1989884195865092,0.1989884195865092
Hyb-Adam-UM,65,15,69,HybAdamUM_completed_p65_rep15_seed69.csv,internal:T14|T15,internal,2,0.07113,0.0,-0.07113,0.07113
Hyb-Adam-UM,65,15,69,HybAdamUM_completed_p65_rep15_seed69.csv,terminal:T14,terminal,1,0.34439,0.1277624494885538,-0.21662755051144617,0.21662755051144617
Hyb-Adam-UM,65,15,69,HybAdamUM_completed_p65_rep15_seed69.csv,terminal:T15,terminal,1,0.24256,0.12312953794928325,-0.11943046205071675,0.11943046205071675
Hyb-Adam-UM,65,16,70,HybAdamUM_completed_p65_rep16_seed70.csv,terminal:T1,terminal,1,0.05696,0.04258811023061876,-0.014371889769381238,0.014371889769381238
Hyb-Adam-UM,65,16,70,HybAdamUM_completed_p65_rep16_seed70.csv,internal:T2|T3,internal,2,0.03472,0.0,-0.03472,0.03472
Hyb-Adam-UM,65,16,70,HybAdamUM_completed_p65_rep16_seed70.csv,terminal:T2,terminal,1,0.02433,0.04350597776424936,0.01917597776424936,0.01917597776424936
Hyb-Adam-UM,65,16,70,HybAdamUM_completed_p65_rep16_seed70.csv,terminal:T3,terminal,1,0.02231,0.0443289190161157,0.0220189190161157,0.0220189190161157
Hyb-Adam-UM,65,16,70,HybAdamUM_completed_p65_rep16_seed70.csv,internal:T1|T2|T3,internal,3,0.01863,0.03432164999759768,0.01569164999759768,0.01569164999759768
Hyb-Adam-UM,65,16,70,HybAdamUM_completed_p65_rep16_seed70.csv,terminal:T4,terminal,1,0.07771,0.08166664782848496,0.003956647828484955,0.003956647828484955
Hyb-Adam-UM,65,16,70,HybAdamUM_completed_p65_rep16_seed70.csv,internal:T1|T2|T3|T4,internal,4,0.04682,0.0,-0.04682,0.04682
Hyb-Adam-UM,65,16,70,HybAdamUM_completed_p65_rep16_seed70.csv,terminal:T5,terminal,1,0.12997,0.07751999109696002,-0.05245000890303998,0.05245000890303998
Hyb-Adam-UM,65,16,70,HybAdamUM_completed_p65_rep16_seed70.csv,internal:T1|T2|T3|T4|T5,internal,5,0.03057,0.0022185817254183234,-0.028351418274581677,0.028351418274581677
Hyb-Adam-UM,65,16,70,HybAdamUM_completed_p65_rep16_seed70.csv,terminal:T6,terminal,1,0.14605,0.08268963081638762,-0.06336036918361239,0.06336036918361239
Hyb-Adam-UM,65,16,70,HybAdamUM_completed_p65_rep16_seed70.csv,internal:T1|T2|T3|T4|T5|T6,internal,6,0.0721,0.023017977940953862,-0.04908202205904613,0.04908202205904613
Hyb-Adam-UM,65,16,70,HybAdamUM_completed_p65_rep16_seed70.csv,internal:T10|T7|T8|T9,internal,4,0.08603,0.001601309325121804,-0.0844286906748782,0.0844286906748782
Hyb-Adam-UM,65,16,70,HybAdamUM_completed_p65_rep16_seed70.csv,internal:T7|T8|T9,internal,3,0.05128,0.02753215107077951,-0.02374784892922049,0.02374784892922049
Hyb-Adam-UM,65,16,70,HybAdamUM_completed_p65_rep16_seed70.csv,internal:T7|T8,internal,2,0.02354,0.0,-0.02354,0.02354
Hyb-Adam-UM,65,16,70,HybAdamUM_completed_p65_rep16_seed70.csv,terminal:T7,terminal,1,0.11573,0.07722872238438054,-0.03850127761561946,0.03850127761561946
Hyb-Adam-UM,65,16,70,HybAdamUM_completed_p65_rep16_seed70.csv,terminal:T8,terminal,1,0.11535,0.08083169409066886,-0.03451830590933114,0.03451830590933114
Hyb-Adam-UM,65,16,70,HybAdamUM_completed_p65_rep16_seed70.csv,terminal:T9,terminal,1,0.12153,0.078108998327682,-0.043421001672317994,0.043421001672317994
Hyb-Adam-UM,65,16,70,HybAdamUM_completed_p65_rep16_seed70.csv,terminal:T10,terminal,1,0.18189,0.10549299921561159,-0.07639700078438841,0.07639700078438841
Hyb-Adam-UM,65,16,70,HybAdamUM_completed_p65_rep16_seed70.csv,internal:T11|T12|T13|T14|T15,internal,5,0.11651,0.021062122685443642,-0.09544787731455637,0.09544787731455637
Hyb-Adam-UM,65,16,70,HybAdamUM_completed_p65_rep16_seed70.csv,internal:T11|T12,internal,2,0.22637,0.0,-0.22637,0.22637
Hyb-Adam-UM,65,16,70,HybAdamUM_completed_p65_rep16_seed70.csv,terminal:T11,terminal,1,0.16094,0.12572734439495412,-0.035212655605045884,0.035212655605045884
Hyb-Adam-UM,65,16,70,HybAdamUM_completed_p65_rep16_seed70.csv,terminal:T12,terminal,1,0.14942,0.12843870712679603,-0.020981292873203966,0.020981292873203966
Hyb-Adam-UM,65,16,70,HybAdamUM_completed_p65_rep16_seed70.csv,internal:T13|T14|T15,internal,3,0.18561,0.01000231042497531,-0.17560768957502468,0.17560768957502468
Hyb-Adam-UM,65,16,70,HybAdamUM_completed_p65_rep16_seed70.csv,terminal:T13,terminal,1,0.32149,0.1372444116794552,-0.1842455883205448,0.1842455883205448
Hyb-Adam-UM,65,16,70,HybAdamUM_completed_p65_rep16_seed70.csv,internal:T14|T15,internal,2,0.07113,4.186881971773945e-05,-0.07108813118028226,0.07108813118028226
Hyb-Adam-UM,65,16,70,HybAdamUM_completed_p65_rep16_seed70.csv,terminal:T14,terminal,1,0.34439,0.1433651858368906,-0.20102481416310938,0.20102481416310938
Hyb-Adam-UM,65,16,70,HybAdamUM_completed_p65_rep16_seed70.csv,terminal:T15,terminal,1,0.24256,0.13498127690755693,-0.10757872309244307,0.10757872309244307
Hyb-Adam-UM,65,17,71,HybAdamUM_completed_p65_rep17_seed71.csv,terminal:T1,terminal,1,0.05696,0.05899158013038345,0.002031580130383452,0.002031580130383452
Hyb-Adam-UM,65,17,71,HybAdamUM_completed_p65_rep17_seed71.csv,internal:T2|T3,internal,2,0.03472,0.03848996284957661,0.003769962849576612,0.003769962849576612
Hyb-Adam-UM,65,17,71,HybAdamUM_completed_p65_rep17_seed71.csv,terminal:T2,terminal,1,0.02433,0.018094745711063707,-0.006235254288936294,0.006235254288936294
Hyb-Adam-UM,65,17,71,HybAdamUM_completed_p65_rep17_seed71.csv,terminal:T3,terminal,1,0.02231,0.02293740318910549,0.0006274031891054903,0.0006274031891054903
Hyb-Adam-UM,65,17,71,HybAdamUM_completed_p65_rep17_seed71.csv,internal:T1|T2|T3,internal,3,0.01863,0.015441747618359486,-0.003188252381640515,0.003188252381640515
Hyb-Adam-UM,65,17,71,HybAdamUM_completed_p65_rep17_seed71.csv,terminal:T4,terminal,1,0.07771,0.07549610237853342,-0.002213897621466579,0.002213897621466579
Hyb-Adam-UM,65,17,71,HybAdamUM_completed_p65_rep17_seed71.csv,internal:T1|T2|T3|T4,internal,4,0.04682,0.0,-0.04682,0.04682
Hyb-Adam-UM,65,17,71,HybAdamUM_completed_p65_rep17_seed71.csv,terminal:T5,terminal,1,0.12997,0.07753681616279863,-0.05243318383720137,0.05243318383720137
Hyb-Adam-UM,65,17,71,HybAdamUM_completed_p65_rep17_seed71.csv,internal:T1|T2|T3|T4|T5,internal,5,0.03057,0.006097231473871586,-0.024472768526128414,0.024472768526128414
Hyb-Adam-UM,65,17,71,HybAdamUM_completed_p65_rep17_seed71.csv,terminal:T6,terminal,1,0.14605,0.08238989522687762,-0.0636601047731224,0.0636601047731224
Hyb-Adam-UM,65,17,71,HybAdamUM_completed_p65_rep17_seed71.csv,internal:T1|T2|T3|T4|T5|T6,internal,6,0.0721,0.02336676980979839,-0.04873323019020161,0.04873323019020161
Hyb-Adam-UM,65,17,71,HybAdamUM_completed_p65_rep17_seed71.csv,internal:T10|T7|T8|T9,internal,4,0.08603,0.002728003224023799,-0.08330199677597619,0.08330199677597619
Hyb-Adam-UM,65,17,71,HybAdamUM_completed_p65_rep17_seed71.csv,internal:T7|T8|T9,internal,3,0.05128,0.0,-0.05128,0.05128
Hyb-Adam-UM,65,17,71,HybAdamUM_completed_p65_rep17_seed71.csv,internal:T7|T8,internal,2,0.02354,0.03163489691451666,0.008094896914516661,0.008094896914516661
Hyb-Adam-UM,65,17,71,HybAdamUM_completed_p65_rep17_seed71.csv,terminal:T7,terminal,1,0.11573,0.07328008107367903,-0.04244991892632097,0.04244991892632097
Hyb-Adam-UM,65,17,71,HybAdamUM_completed_p65_rep17_seed71.csv,terminal:T8,terminal,1,0.11535,0.07372161076164899,-0.04162838923835101,0.04162838923835101
Hyb-Adam-UM,65,17,71,HybAdamUM_completed_p65_rep17_seed71.csv,terminal:T9,terminal,1,0.12153,0.1017973331767848,-0.0197326668232152,0.0197326668232152
Hyb-Adam-UM,65,17,71,HybAdamUM_completed_p65_rep17_seed71.csv,terminal:T10,terminal,1,0.18189,0.10581360807182666,-0.07607639192817334,0.07607639192817334
Hyb-Adam-UM,65,17,71,HybAdamUM_completed_p65_rep17_seed71.csv,internal:T11|T12|T13|T14|T15,internal,5,0.11651,0.018982464764164052,-0.09752753523583595,0.09752753523583595
Hyb-Adam-UM,65,17,71,HybAdamUM_completed_p65_rep17_seed71.csv,internal:T11|T12,internal,2,0.22637,0.0,-0.22637,0.22637
Hyb-Adam-UM,65,17,71,HybAdamUM_completed_p65_rep17_seed71.csv,terminal:T11,terminal,1,0.16094,0.13017483092543544,-0.030765169074564558,0.030765169074564558
Hyb-Adam-UM,65,17,71,HybAdamUM_completed_p65_rep17_seed71.csv,terminal:T12,terminal,1,0.14942,0.12020212141847954,-0.02921787858152046,0.02921787858152046
Hyb-Adam-UM,65,17,71,HybAdamUM_completed_p65_rep17_seed71.csv,internal:T13|T14|T15,internal,3,0.18561,0.010345158743249181,-0.17526484125675082,0.17526484125675082
Hyb-Adam-UM,65,17,71,HybAdamUM_completed_p65_rep17_seed71.csv,terminal:T13,terminal,1,0.32149,0.1352235008460261,-0.1862664991539739,0.1862664991539739
Hyb-Adam-UM,65,17,71,HybAdamUM_completed_p65_rep17_seed71.csv,internal:T14|T15,internal,2,0.07113,0.0012272894902229943,-0.069902710509777,0.069902710509777
Hyb-Adam-UM,65,17,71,HybAdamUM_completed_p65_rep17_seed71.csv,terminal:T14,terminal,1,0.34439,0.14209351149893099,-0.202296488501069,0.202296488501069
Hyb-Adam-UM,65,17,71,HybAdamUM_completed_p65_rep17_seed71.csv,terminal:T15,terminal,1,0.24256,0.13634380312118202,-0.10621619687881798,0.10621619687881798
Hyb-Adam-UM,65,18,72,HybAdamUM_completed_p65_rep18_seed72.csv,terminal:T1,terminal,1,0.05696,0.09482891771128936,0.03786891771128936,0.03786891771128936
Hyb-Adam-UM,65,18,72,HybAdamUM_completed_p65_rep18_seed72.csv,internal:T2|T3,internal,2,0.03472,0.07106252357620613,0.036342523576206126,0.036342523576206126
Hyb-Adam-UM,65,18,72,HybAdamUM_completed_p65_rep18_seed72.csv,terminal:T2,terminal,1,0.02433,0.02063953704855772,-0.003690462951442281,0.003690462951442281
Hyb-Adam-UM,65,18,72,HybAdamUM_completed_p65_rep18_seed72.csv,terminal:T3,terminal,1,0.02231,0.020392611851611425,-0.0019173881483885748,0.0019173881483885748
Hyb-Adam-UM,65,18,72,HybAdamUM_completed_p65_rep18_seed72.csv,internal:T1|T2|T3,internal,3,0.01863,0.0,-0.01863,0.01863
Hyb-Adam-UM,65,18,72,HybAdamUM_completed_p65_rep18_seed72.csv,terminal:T4,terminal,1,0.07771,0.09627824527429941,0.018568245274299414,0.018568245274299414
Hyb-Adam-UM,65,18,72,HybAdamUM_completed_p65_rep18_seed72.csv,internal:T1|T2|T3|T4,internal,4,0.04682,0.0,-0.04682,0.04682
Hyb-Adam-UM,65,18,72,HybAdamUM_completed_p65_rep18_seed72.csv,terminal:T5,terminal,1,0.12997,0.0903027972286886,-0.0396672027713114,0.0396672027713114
Hyb-Adam-UM,65,18,72,HybAdamUM_completed_p65_rep18_seed72.csv,internal:T1|T2|T3|T4|T5,internal,5,0.03057,0.0,-0.03057,0.03057
Hyb-Adam-UM,65,18,72,HybAdamUM_completed_p65_rep18_seed72.csv,terminal:T6,terminal,1,0.14605,0.09236054812151909,-0.053689451878480926,0.053689451878480926
Hyb-Adam-UM,65,18,72,HybAdamUM_completed_p65_rep18_seed72.csv,internal:T1|T2|T3|T4|T5|T6,internal,6,0.0721,0.010256593772731335,-0.061843406227268666,0.061843406227268666
Hyb-Adam-UM,65,18,72,HybAdamUM_completed_p65_rep18_seed72.csv,internal:T10|T7|T8|T9,internal,4,0.08603,0.00825885359578831,-0.07777114640421169,0.07777114640421169
Hyb-Adam-UM,65,18,72,HybAdamUM_completed_p65_rep18_seed72.csv,internal:T7|T8|T9,internal,3,0.05128,0.0014388404418750745,-0.049841159558124924,0.049841159558124924
Hyb-Adam-UM,65,18,72,HybAdamUM_completed_p65_rep18_seed72.csv,internal:T7|T8,internal,2,0.02354,0.0,-0.02354,0.02354
Hyb-Adam-UM,65,18,72,HybAdamUM_completed_p65_rep18_seed72.csv,terminal:T7,terminal,1,0.11573,0.09368955988390257,-0.02204044011609743,0.02204044011609743
Hyb-Adam-UM,65,18,72,HybAdamUM_completed_p65_rep18_seed72.csv,terminal:T8,terminal,1,0.11535,0.10258729163996466,-0.012762708360035332,0.012762708360035332
Hyb-Adam-UM,65,18,72,HybAdamUM_completed_p65_rep18_seed72.csv,terminal:T9,terminal,1,0.12153,0.09340726459732543,-0.02812273540267457,0.02812273540267457
Hyb-Adam-UM,65,18,72,HybAdamUM_completed_p65_rep18_seed72.csv,terminal:T10,terminal,1,0.18189,0.09851923639233792,-0.08337076360766207,0.08337076360766207
Hyb-Adam-UM,65,18,72,HybAdamUM_completed_p65_rep18_seed72.csv,internal:T11|T12|T13|T14|T15,internal,5,0.11651,0.02402458128672114,-0.09248541871327887,0.09248541871327887
Hyb-Adam-UM,65,18,72,HybAdamUM_completed_p65_rep18_seed72.csv,internal:T11|T12,internal,2,0.22637,0.043514907848653396,-0.1828550921513466,0.1828550921513466
Hyb-Adam-UM,65,18,72,HybAdamUM_completed_p65_rep18_seed72.csv,terminal:T11,terminal,1,0.16094,0.08678180911888887,-0.07415819088111113,0.07415819088111113
Hyb-Adam-UM,65,18,72,HybAdamUM_completed_p65_rep18_seed72.csv,terminal:T12,terminal,1,0.14942,0.08620729153263652,-0.06321270846736347,0.06321270846736347
Hyb-Adam-UM,65,18,72,HybAdamUM_completed_p65_rep18_seed72.csv,internal:T13|T14|T15,internal,3,0.18561,0.01098941520009328,-0.17462058479990672,0.17462058479990672
Hyb-Adam-UM,65,18,72,HybAdamUM_completed_p65_rep18_seed72.csv,terminal:T13,terminal,1,0.32149,0.13093251916347343,-0.19055748083652657,0.19055748083652657
Hyb-Adam-UM,65,18,72,HybAdamUM_completed_p65_rep18_seed72.csv,internal:T14|T15,internal,2,0.07113,0.0,-0.07113,0.07113
Hyb-Adam-UM,65,18,72,HybAdamUM_completed_p65_rep18_seed72.csv,terminal:T14,terminal,1,0.34439,0.1369338695133279,-0.20745613048667208,0.20745613048667208
Hyb-Adam-UM,65,18,72,HybAdamUM_completed_p65_rep18_seed72.csv,terminal:T15,terminal,1,0.24256,0.13273969628712018,-0.10982030371287982,0.10982030371287982
Hyb-Adam-UM,65,19,73,HybAdamUM_completed_p65_rep19_seed73.csv,terminal:T1,terminal,1,0.05696,0.06346330059286812,0.006503300592868119,0.006503300592868119
Hyb-Adam-UM,65,19,73,HybAdamUM_completed_p65_rep19_seed73.csv,internal:T2|T3,internal,2,0.03472,0.0,-0.03472,0.03472
Hyb-Adam-UM,65,19,73,HybAdamUM_completed_p65_rep19_seed73.csv,terminal:T2,terminal,1,0.02433,0.06707560121298922,0.04274560121298922,0.04274560121298922
Hyb-Adam-UM,65,19,73,HybAdamUM_completed_p65_rep19_seed73.csv,terminal:T3,terminal,1,0.02231,0.0637058382805456,0.041395838280545605,0.041395838280545605
Hyb-Adam-UM,65,19,73,HybAdamUM_completed_p65_rep19_seed73.csv,internal:T1|T2|T3,internal,3,0.01863,0.023364754593689148,0.004734754593689147,0.004734754593689147
Hyb-Adam-UM,65,19,73,HybAdamUM_completed_p65_rep19_seed73.csv,terminal:T4,terminal,1,0.07771,0.10253967672751954,0.02482967672751954,0.02482967672751954
Hyb-Adam-UM,65,19,73,HybAdamUM_completed_p65_rep19_seed73.csv,internal:T1|T2|T3|T4,internal,4,0.04682,0.0,-0.04682,0.04682
Hyb-Adam-UM,65,19,73,HybAdamUM_completed_p65_rep19_seed73.csv,terminal:T5,terminal,1,0.12997,0.0849043623839968,-0.0450656376160032,0.0450656376160032
Hyb-Adam-UM,65,19,73,HybAdamUM_completed_p65_rep19_seed73.csv,internal:T1|T2|T3|T4|T5,internal,5,0.03057,0.0,-0.03057,0.03057
Hyb-Adam-UM,65,19,73,HybAdamUM_completed_p65_rep19_seed73.csv,terminal:T6,terminal,1,0.14605,0.08772813054377936,-0.05832186945622066,0.05832186945622066
Hyb-Adam-UM,65,19,73,HybAdamUM_completed_p65_rep19_seed73.csv,internal:T1|T2|T3|T4|T5|T6,internal,6,0.0721,0.01468798363767809,-0.057412016362321905,0.057412016362321905
Hyb-Adam-UM,65,19,73,HybAdamUM_completed_p65_rep19_seed73.csv,internal:T10|T7|T8|T9,internal,4,0.08603,0.006980618941444146,-0.07904938105855586,0.07904938105855586
Hyb-Adam-UM,65,19,73,HybAdamUM_completed_p65_rep19_seed73.csv,internal:T7|T8|T9,internal,3,0.05128,0.0,-0.05128,0.05128
Hyb-Adam-UM,65,19,73,HybAdamUM_completed_p65_rep19_seed73.csv,internal:T7|T8,internal,2,0.02354,0.02670900383261556,0.00316900383261556,0.00316900383261556
Hyb-Adam-UM,65,19,73,HybAdamUM_completed_p65_rep19_seed73.csv,terminal:T7,terminal,1,0.11573,0.07212350043352984,-0.043606499566470155,0.043606499566470155
Hyb-Adam-UM,65,19,73,HybAdamUM_completed_p65_rep19_seed73.csv,terminal:T8,terminal,1,0.11535,0.07487819140179819,-0.040471808598201806,0.040471808598201806
Hyb-Adam-UM,65,19,73,HybAdamUM_completed_p65_rep19_seed73.csv,terminal:T9,terminal,1,0.12153,0.09860326039690376,-0.02292673960309624,0.02292673960309624
Hyb-Adam-UM,65,19,73,HybAdamUM_completed_p65_rep19_seed73.csv,terminal:T10,terminal,1,0.18189,0.09904787555351174,-0.08284212444648825,0.08284212444648825
Hyb-Adam-UM,65,19,73,HybAdamUM_completed_p65_rep19_seed73.csv,internal:T11|T12|T13|T14|T15,internal,5,0.11651,0.025363980856399848,-0.09114601914360015,0.09114601914360015
Hyb-Adam-UM,65,19,73,HybAdamUM_completed_p65_rep19_seed73.csv,internal:T11|T12,internal,2,0.22637,0.043915640144721164,-0.18245435985527883,0.18245435985527883
Hyb-Adam-UM,65,19,73,HybAdamUM_completed_p65_rep19_seed73.csv,terminal:T11,terminal,1,0.16094,0.0866089841280544,-0.0743310158719456,0.0743310158719456
Hyb-Adam-UM,65,19,73,HybAdamUM_completed_p65_rep19_seed73.csv,terminal:T12,terminal,1,0.14942,0.08638011652347087,-0.06303988347652913,0.06303988347652913
Hyb-Adam-UM,65,19,73,HybAdamUM_completed_p65_rep19_seed73.csv,internal:T13|T14|T15,internal,3,0.18561,0.01860658218159812,-0.1670034178184019,0.1670034178184019
Hyb-Adam-UM,65,19,73,HybAdamUM_completed_p65_rep19_seed73.csv,terminal:T13,terminal,1,0.32149,0.12541622760116317,-0.19607377239883683,0.19607377239883683
Hyb-Adam-UM,65,19,73,HybAdamUM_completed_p65_rep19_seed73.csv,internal:T14|T15,internal,2,0.07113,0.009804732838737342,-0.06132526716126266,0.06132526716126266
Hyb-Adam-UM,65,19,73,HybAdamUM_completed_p65_rep19_seed73.csv,terminal:T14,terminal,1,0.34439,0.12079118664038618,-0.2235988133596138,0.2235988133596138
Hyb-Adam-UM,65,19,73,HybAdamUM_completed_p65_rep19_seed73.csv,terminal:T15,terminal,1,0.24256,0.11508060514175622,-0.12747939485824378,0.12747939485824378
Hyb-Adam-UM,65,20,74,HybAdamUM_completed_p65_rep20_seed74.csv,terminal:T1,terminal,1,0.05696,0.08622100347094956,0.029261003470949565,0.029261003470949565
Hyb-Adam-UM,65,20,74,HybAdamUM_completed_p65_rep20_seed74.csv,internal:T2|T3,internal,2,0.03472,0.0,-0.03472,0.03472
Hyb-Adam-UM,65,20,74,HybAdamUM_completed_p65_rep20_seed74.csv,terminal:T2,terminal,1,0.02433,0.08253671358374522,0.05820671358374521,0.05820671358374521
Hyb-Adam-UM,65,20,74,HybAdamUM_completed_p65_rep20_seed74.csv,terminal:T3,terminal,1,0.02231,0.10115983777862199,0.07884983777862199,0.07884983777862199
Hyb-Adam-UM,65,20,74,HybAdamUM_completed_p65_rep20_seed74.csv,internal:T1|T2|T3,internal,3,0.01863,0.0,-0.01863,0.01863
Hyb-Adam-UM,65,20,74,HybAdamUM_completed_p65_rep20_seed74.csv,terminal:T4,terminal,1,0.07771,0.08271249844302364,0.00500249844302364,0.00500249844302364
Hyb-Adam-UM,65,20,74,HybAdamUM_completed_p65_rep20_seed74.csv,internal:T1|T2|T3|T4,internal,4,0.04682,0.0,-0.04682,0.04682
Hyb-Adam-UM,65,20,74,HybAdamUM_completed_p65_rep20_seed74.csv,terminal:T5,terminal,1,0.12997,0.08724266543254325,-0.042727334567456754,0.042727334567456754
Hyb-Adam-UM,65,20,74,HybAdamUM_completed_p65_rep20_seed74.csv,internal:T1|T2|T3|T4|T5,internal,5,0.03057,0.0,-0.03057,0.03057
Hyb-Adam-UM,65,20,74,HybAdamUM_completed_p65_rep20_seed74.csv,terminal:T6,terminal,1,0.14605,0.08862793559297029,-0.057422064407029724,0.057422064407029724
Hyb-Adam-UM,65,20,74,HybAdamUM_completed_p65_rep20_seed74.csv,internal:T1|T2|T3|T4|T5|T6,internal,6,0.0721,0.018319883359683452,-0.053780116640316546,0.053780116640316546
Hyb-Adam-UM,65,20,74,HybAdamUM_completed_p65_rep20_seed74.csv,internal:T10|T7|T8|T9,internal,4,0.08603,0.013699975387161924,-0.07233002461283808,0.07233002461283808
Hyb-Adam-UM,65,20,74,HybAdamUM_completed_p65_rep20_seed74.csv,internal:T7|T8|T9,internal,3,0.05128,0.016752316812013727,-0.03452768318798627,0.03452768318798627
Hyb-Adam-UM,65,20,74,HybAdamUM_completed_p65_rep20_seed74.csv,internal:T7|T8,internal,2,0.02354,0.004218688230735502,-0.019321311769264497,0.019321311769264497
Hyb-Adam-UM,65,20,74,HybAdamUM_completed_p65_rep20_seed74.csv,terminal:T7,terminal,1,0.11573,0.0729634356269726,-0.042766564373027394,0.042766564373027394
Hyb-Adam-UM,65,20,74,HybAdamUM_completed_p65_rep20_seed74.csv,terminal:T8,terminal,1,0.11535,0.0740382562083554,-0.041311743791644595,0.041311743791644595
Hyb-Adam-UM,65,20,74,HybAdamUM_completed_p65_rep20_seed74.csv,terminal:T9,terminal,1,0.12153,0.07628780053257171,-0.04524219946742829,0.04524219946742829
Hyb-Adam-UM,65,20,74,HybAdamUM_completed_p65_rep20_seed74.csv,terminal:T10,terminal,1,0.18189,0.09502347565962486,-0.08686652434037513,0.08686652434037513
Hyb-Adam-UM,65,20,74,HybAdamUM_completed_p65_rep20_seed74.csv,internal:T11|T12|T13|T14|T15,internal,5,0.11651,0.02399342641070616,-0.09251657358929384,0.09251657358929384
Hyb-Adam-UM,65,20,74,HybAdamUM_completed_p65_rep20_seed74.csv,internal:T11|T12,internal,2,0.22637,0.0441071441369358,-0.18226285586306418,0.18226285586306418
Hyb-Adam-UM,65,20,74,HybAdamUM_completed_p65_rep20_seed74.csv,terminal:T11,terminal,1,0.16094,0.08499844504554688,-0.07594155495445312,0.07594155495445312
Hyb-Adam-UM,65,20,74,HybAdamUM_completed_p65_rep20_seed74.csv,terminal:T12,terminal,1,0.14942,0.08799065560597848,-0.06142934439402152,0.06142934439402152
Hyb-Adam-UM,65,20,74,HybAdamUM_completed_p65_rep20_seed74.csv,internal:T13|T14|T15,internal,3,0.18561,0.011213342247185802,-0.17439665775281418,0.17439665775281418
Hyb-Adam-UM,65,20,74,HybAdamUM_completed_p65_rep20_seed74.csv,terminal:T13,terminal,1,0.32149,0.13214908618227622,-0.18934091381772378,0.18934091381772378
Hyb-Adam-UM,65,20,74,HybAdamUM_completed_p65_rep20_seed74.csv,internal:T14|T15,internal,2,0.07113,0.0,-0.07113,0.07113
Hyb-Adam-UM,65,20,74,HybAdamUM_completed_p65_rep20_seed74.csv,terminal:T14,terminal,1,0.34439,0.13682746910063676,-0.20756253089936322,0.20756253089936322
Hyb-Adam-UM,65,20,74,HybAdamUM_completed_p65_rep20_seed74.csv,terminal:T15,terminal,1,0.24256,0.12812758229321686,-0.11443241770678314,0.11443241770678314
Hyb-Adam-UM,65,21,75,HybAdamUM_completed_p65_rep21_seed75.csv,terminal:T1,terminal,1,0.05696,0.06874163930070928,0.011781639300709287,0.011781639300709287
Hyb-Adam-UM,65,21,75,HybAdamUM_completed_p65_rep21_seed75.csv,internal:T2|T3,internal,2,0.03472,0.0,-0.03472,0.03472
Hyb-Adam-UM,65,21,75,HybAdamUM_completed_p65_rep21_seed75.csv,terminal:T2,terminal,1,0.02433,0.07011517056273862,0.04578517056273862,0.04578517056273862
Hyb-Adam-UM,65,21,75,HybAdamUM_completed_p65_rep21_seed75.csv,terminal:T3,terminal,1,0.02231,0.07532547855535486,0.053015478555354864,0.053015478555354864
Hyb-Adam-UM,65,21,75,HybAdamUM_completed_p65_rep21_seed75.csv,internal:T1|T2|T3,internal,3,0.01863,0.024020007549906616,0.0053900075499066155,0.0053900075499066155
Hyb-Adam-UM,65,21,75,HybAdamUM_completed_p65_rep21_seed75.csv,terminal:T4,terminal,1,0.07771,0.14003432007012998,0.062324320070129974,0.062324320070129974
Hyb-Adam-UM,65,21,75,HybAdamUM_completed_p65_rep21_seed75.csv,internal:T1|T2|T3|T4,internal,4,0.04682,0.0,-0.04682,0.04682
Hyb-Adam-UM,65,21,75,HybAdamUM_completed_p65_rep21_seed75.csv,terminal:T5,terminal,1,0.12997,0.09324156295646568,-0.03672843704353432,0.03672843704353432
Hyb-Adam-UM,65,21,75,HybAdamUM_completed_p65_rep21_seed75.csv,internal:T1|T2|T3|T4|T5,internal,5,0.03057,0.0,-0.03057,0.03057
Hyb-Adam-UM,65,21,75,HybAdamUM_completed_p65_rep21_seed75.csv,terminal:T6,terminal,1,0.14605,0.09359834690930514,-0.05245165309069487,0.05245165309069487
Hyb-Adam-UM,65,21,75,HybAdamUM_completed_p65_rep21_seed75.csv,internal:T1|T2|T3|T4|T5|T6,internal,6,0.0721,0.006397815569677096,-0.0657021844303229,0.0657021844303229
Hyb-Adam-UM,65,21,75,HybAdamUM_completed_p65_rep21_seed75.csv,internal:T10|T7|T8|T9,internal,4,0.08603,0.013875872329222813,-0.07215412767077718,0.07215412767077718
Hyb-Adam-UM,65,21,75,HybAdamUM_completed_p65_rep21_seed75.csv,internal:T7|T8|T9,internal,3,0.05128,0.0005627900679250362,-0.050717209932074965,0.050717209932074965
Hyb-Adam-UM,65,21,75,HybAdamUM_completed_p65_rep21_seed75.csv,internal:T7|T8,internal,2,0.02354,0.0,-0.02354,0.02354
Hyb-Adam-UM,65,21,75,HybAdamUM_completed_p65_rep21_seed75.csv,terminal:T7,terminal,1,0.11573,0.09351300400492425,-0.022216995995075747,0.022216995995075747
Hyb-Adam-UM,65,21,75,HybAdamUM_completed_p65_rep21_seed75.csv,terminal:T8,terminal,1,0.11535,0.101754932354806,-0.013595067645193998,0.013595067645193998
Hyb-Adam-UM,65,21,75,HybAdamUM_completed_p65_rep21_seed75.csv,terminal:T9,terminal,1,0.12153,0.0961632913268016,-0.0253667086731984,0.0253667086731984
Hyb-Adam-UM,65,21,75,HybAdamUM_completed_p65_rep21_seed75.csv,terminal:T10,terminal,1,0.18189,0.09972017392404314,-0.08216982607595685,0.08216982607595685
Hyb-Adam-UM,65,21,75,HybAdamUM_completed_p65_rep21_seed75.csv,internal:T11|T12|T13|T14|T15,internal,5,0.11651,0.020104155831264965,-0.09640584416873504,0.09640584416873504
Hyb-Adam-UM,65,21,75,HybAdamUM_completed_p65_rep21_seed75.csv,internal:T11|T12,internal,2,0.22637,0.0,-0.22637,0.22637
Hyb-Adam-UM,65,21,75,HybAdamUM_completed_p65_rep21_seed75.csv,terminal:T11,terminal,1,0.16094,0.13512988740976342,-0.025810112590236578,0.025810112590236578
Hyb-Adam-UM,65,21,75,HybAdamUM_completed_p65_rep21_seed75.csv,terminal:T12,terminal,1,0.14942,0.12678589166061593,-0.022634108339384063,0.022634108339384063
Hyb-Adam-UM,65,21,75,HybAdamUM_completed_p65_rep21_seed75.csv,internal:T13|T14|T15,internal,3,0.18561,0.016053814517107672,-0.16955618548289234,0.16955618548289234
Hyb-Adam-UM,65,21,75,HybAdamUM_completed_p65_rep21_seed75.csv,terminal:T13,terminal,1,0.32149,0.12703022167651265,-0.19445977832348735,0.19445977832348735
Hyb-Adam-UM,65,21,75,HybAdamUM_completed_p65_rep21_seed75.csv,internal:T14|T15,internal,2,0.07113,0.0,-0.07113,0.07113
Hyb-Adam-UM,65,21,75,HybAdamUM_completed_p65_rep21_seed75.csv,terminal:T14,terminal,1,0.34439,0.13352278523578887,-0.2108672147642111,0.2108672147642111
Hyb-Adam-UM,65,21,75,HybAdamUM_completed_p65_rep21_seed75.csv,terminal:T15,terminal,1,0.24256,0.1255105599698219,-0.11704944003017809,0.11704944003017809
Hyb-Adam-UM,65,22,76,HybAdamUM_completed_p65_rep22_seed76.csv,terminal:T1,terminal,1,0.05696,0.0433331659823752,-0.013626834017624795,0.013626834017624795
Hyb-Adam-UM,65,22,76,HybAdamUM_completed_p65_rep22_seed76.csv,internal:T2|T3,internal,2,0.03472,0.02200006464504847,-0.012719935354951532,0.012719935354951532
Hyb-Adam-UM,65,22,76,HybAdamUM_completed_p65_rep22_seed76.csv,terminal:T2,terminal,1,0.02433,0.020719724999857227,-0.0036102750001427743,0.0036102750001427743
Hyb-Adam-UM,65,22,76,HybAdamUM_completed_p65_rep22_seed76.csv,terminal:T3,terminal,1,0.02231,0.020312423900311898,-0.0019975760996881024,0.0019975760996881024
Hyb-Adam-UM,65,22,76,HybAdamUM_completed_p65_rep22_seed76.csv,internal:T1|T2|T3,internal,3,0.01863,0.05009283895024806,0.03146283895024806,0.03146283895024806
Hyb-Adam-UM,65,22,76,HybAdamUM_completed_p65_rep22_seed76.csv,terminal:T4,terminal,1,0.07771,0.1363339778469539,0.05862397784695389,0.05862397784695389
Hyb-Adam-UM,65,22,76,HybAdamUM_completed_p65_rep22_seed76.csv,internal:T1|T2|T3|T4,internal,4,0.04682,0.0,-0.04682,0.04682
Hyb-Adam-UM,65,22,76,HybAdamUM_completed_p65_rep22_seed76.csv,terminal:T5,terminal,1,0.12997,0.08982344893140089,-0.040146551068599115,0.040146551068599115
Hyb-Adam-UM,65,22,76,HybAdamUM_completed_p65_rep22_seed76.csv,internal:T1|T2|T3|T4|T5,internal,5,0.03057,0.0,-0.03057,0.03057
Hyb-Adam-UM,65,22,76,HybAdamUM_completed_p65_rep22_seed76.csv,terminal:T6,terminal,1,0.14605,0.09168812301002342,-0.05436187698997659,0.05436187698997659
Hyb-Adam-UM,65,22,76,HybAdamUM_completed_p65_rep22_seed76.csv,internal:T1|T2|T3|T4|T5|T6,internal,6,0.0721,0.009369130015224759,-0.06273086998477524,0.06273086998477524
Hyb-Adam-UM,65,22,76,HybAdamUM_completed_p65_rep22_seed76.csv,internal:T10|T7|T8|T9,internal,4,0.08603,0.015976475625482853,-0.07005352437451715,0.07005352437451715
Hyb-Adam-UM,65,22,76,HybAdamUM_completed_p65_rep22_seed76.csv,internal:T7|T8|T9,internal,3,0.05128,0.004497053215661873,-0.04678294678433813,0.04678294678433813
Hyb-Adam-UM,65,22,76,HybAdamUM_completed_p65_rep22_seed76.csv,internal:T7|T8,internal,2,0.02354,0.0,-0.02354,0.02354
Hyb-Adam-UM,65,22,76,HybAdamUM_completed_p65_rep22_seed76.csv,terminal:T7,terminal,1,0.11573,0.09042290575684679,-0.025307094243153208,0.025307094243153208
Hyb-Adam-UM,65,22,76,HybAdamUM_completed_p65_rep22_seed76.csv,terminal:T8,terminal,1,0.11535,0.08917429468433567,-0.02617570531566432,0.02617570531566432
Hyb-Adam-UM,65,22,76,HybAdamUM_completed_p65_rep22_seed76.csv,terminal:T9,terminal,1,0.12153,0.08723516048486382,-0.03429483951513618,0.03429483951513618
Hyb-Adam-UM,65,22,76,HybAdamUM_completed_p65_rep22_seed76.csv,terminal:T10,terminal,1,0.18189,0.09560299369546309,-0.08628700630453691,0.08628700630453691
Hyb-Adam-UM,65,22,76,HybAdamUM_completed_p65_rep22_seed76.csv,internal:T11|T12|T13|T14|T15,internal,5,0.11651,0.020579308909369803,-0.0959306910906302,0.0959306910906302
Hyb-Adam-UM,65,22,76,HybAdamUM_completed_p65_rep22_seed76.csv,internal:T11|T12,internal,2,0.22637,0.04535816904479224,-0.18101183095520773,0.18101183095520773
Hyb-Adam-UM,65,22,76,HybAdamUM_completed_p65_rep22_seed76.csv,terminal:T11,terminal,1,0.16094,0.08701963030246528,-0.07392036969753472,0.07392036969753472
Hyb-Adam-UM,65,22,76,HybAdamUM_completed_p65_rep22_seed76.csv,terminal:T12,terminal,1,0.14942,0.08596947034906005,-0.06345052965093995,0.06345052965093995
Hyb-Adam-UM,65,22,76,HybAdamUM_completed_p65_rep22_seed76.csv,internal:T13|T14|T15,internal,3,0.18561,0.01019711959808378,-0.17541288040191622,0.17541288040191622
Hyb-Adam-UM,65,22,76,HybAdamUM_completed_p65_rep22_seed76.csv,terminal:T13,terminal,1,0.32149,0.12918679943194944,-0.19230320056805056,0.19230320056805056
Hyb-Adam-UM,65,22,76,HybAdamUM_completed_p65_rep22_seed76.csv,internal:T14|T15,internal,2,0.07113,0.0,-0.07113,0.07113
Hyb-Adam-UM,65,22,76,HybAdamUM_completed_p65_rep22_seed76.csv,terminal:T14,terminal,1,0.34439,0.13913842005715837,-0.2052515799428416,0.2052515799428416
Hyb-Adam-UM,65,22,76,HybAdamUM_completed_p65_rep22_seed76.csv,terminal:T15,terminal,1,0.24256,0.12888497445233876,-0.11367502554766123,0.11367502554766123
Hyb-Adam-UM,65,23,77,HybAdamUM_completed_p65_rep23_seed77.csv,terminal:T1,terminal,1,0.05696,0.041846029055421514,-0.015113970944578482,0.015113970944578482
Hyb-Adam-UM,65,23,77,HybAdamUM_completed_p65_rep23_seed77.csv,internal:T2|T3,internal,2,0.03472,0.00015416398988197676,-0.03456583601011803,0.03456583601011803
Hyb-Adam-UM,65,23,77,HybAdamUM_completed_p65_rep23_seed77.csv,terminal:T2,terminal,1,0.02433,0.04393438519267192,0.01960438519267192,0.01960438519267192
Hyb-Adam-UM,65,23,77,HybAdamUM_completed_p65_rep23_seed77.csv,terminal:T3,terminal,1,0.02231,0.04376383887173726,0.021453838871737258,0.021453838871737258
Hyb-Adam-UM,65,23,77,HybAdamUM_completed_p65_rep23_seed77.csv,internal:T1|T2|T3,internal,3,0.01863,0.00934510850315277,-0.00928489149684723,0.00928489149684723
Hyb-Adam-UM,65,23,77,HybAdamUM_completed_p65_rep23_seed77.csv,terminal:T4,terminal,1,0.07771,0.054087193508361484,-0.023622806491638518,0.023622806491638518
Hyb-Adam-UM,65,23,77,HybAdamUM_completed_p65_rep23_seed77.csv,internal:T1|T2|T3|T4,internal,4,0.04682,0.01802197262916728,-0.02879802737083272,0.02879802737083272
Hyb-Adam-UM,65,23,77,HybAdamUM_completed_p65_rep23_seed77.csv,terminal:T5,terminal,1,0.12997,0.07310439147017536,-0.05686560852982464,0.05686560852982464
Hyb-Adam-UM,65,23,77,HybAdamUM_completed_p65_rep23_seed77.csv,internal:T1|T2|T3|T4|T5,internal,5,0.03057,0.010216788053622328,-0.020353211946377674,0.020353211946377674
Hyb-Adam-UM,65,23,77,HybAdamUM_completed_p65_rep23_seed77.csv,terminal:T6,terminal,1,0.14605,0.08167952111029737,-0.06437047888970264,0.06437047888970264
Hyb-Adam-UM,65,23,77,HybAdamUM_completed_p65_rep23_seed77.csv,internal:T1|T2|T3|T4|T5|T6,internal,6,0.0721,0.023670956509396667,-0.04842904349060333,0.04842904349060333
Hyb-Adam-UM,65,23,77,HybAdamUM_completed_p65_rep23_seed77.csv,internal:T10|T7|T8|T9,internal,4,0.08603,0.00942482767451107,-0.07660517232548893,0.07660517232548893
Hyb-Adam-UM,65,23,77,HybAdamUM_completed_p65_rep23_seed77.csv,internal:T7|T8|T9,internal,3,0.05128,0.0,-0.05128,0.05128
Hyb-Adam-UM,65,23,77,HybAdamUM_completed_p65_rep23_seed77.csv,internal:T7|T8,internal,2,0.02354,0.0,-0.02354,0.02354
Hyb-Adam-UM,65,23,77,HybAdamUM_completed_p65_rep23_seed77.csv,terminal:T7,terminal,1,0.11573,0.10159422770607344,-0.014135772293926555,0.014135772293926555
Hyb-Adam-UM,65,23,77,HybAdamUM_completed_p65_rep23_seed77.csv,terminal:T8,terminal,1,0.11535,0.0960742347630301,-0.01927576523696989,0.01927576523696989
Hyb-Adam-UM,65,23,77,HybAdamUM_completed_p65_rep23_seed77.csv,terminal:T9,terminal,1,0.12153,0.09248448189176338,-0.02904551810823662,0.02904551810823662
Hyb-Adam-UM,65,23,77,HybAdamUM_completed_p65_rep23_seed77.csv,terminal:T10,terminal,1,0.18189,0.1014230405126996,-0.0804669594873004,0.0804669594873004
Hyb-Adam-UM,65,23,77,HybAdamUM_completed_p65_rep23_seed77.csv,internal:T11|T12|T13|T14|T15,internal,5,0.11651,0.01943758413658758,-0.09707241586341242,0.09707241586341242
Hyb-Adam-UM,65,23,77,HybAdamUM_completed_p65_rep23_seed77.csv,internal:T11|T12,internal,2,0.22637,0.00036893279555769214,-0.2260010672044423,0.2260010672044423
Hyb-Adam-UM,65,23,77,HybAdamUM_completed_p65_rep23_seed77.csv,terminal:T11,terminal,1,0.16094,0.126579349570147,-0.03436065042985301,0.03436065042985301
Hyb-Adam-UM,65,23,77,HybAdamUM_completed_p65_rep23_seed77.csv,terminal:T12,terminal,1,0.14942,0.12444671114930957,-0.02497328885069043,0.02497328885069043
Hyb-Adam-UM,65,23,77,HybAdamUM_completed_p65_rep23_seed77.csv,internal:T13|T14|T15,internal,3,0.18561,0.014830233187192255,-0.17077976681280774,0.17077976681280774
Hyb-Adam-UM,65,23,77,HybAdamUM_completed_p65_rep23_seed77.csv,terminal:T13,terminal,1,0.32149,0.1371233264200458,-0.1843666735799542,0.1843666735799542
Hyb-Adam-UM,65,23,77,HybAdamUM_completed_p65_rep23_seed77.csv,internal:T14|T15,internal,2,0.07113,0.0,-0.07113,0.07113
Hyb-Adam-UM,65,23,77,HybAdamUM_completed_p65_rep23_seed77.csv,terminal:T14,terminal,1,0.34439,0.13705577843694605,-0.20733422156305392,0.20733422156305392
Hyb-Adam-UM,65,23,77,HybAdamUM_completed_p65_rep23_seed77.csv,terminal:T15,terminal,1,0.24256,0.13127865628600585,-0.11128134371399415,0.11128134371399415
Hyb-Adam-UM,65,24,78,HybAdamUM_completed_p65_rep24_seed78.csv,terminal:T1,terminal,1,0.05696,0.09260096152711875,0.03564096152711875,0.03564096152711875
Hyb-Adam-UM,65,24,78,HybAdamUM_completed_p65_rep24_seed78.csv,internal:T2|T3,internal,2,0.03472,0.0,-0.03472,0.03472
Hyb-Adam-UM,65,24,78,HybAdamUM_completed_p65_rep24_seed78.csv,terminal:T2,terminal,1,0.02433,0.10211400777950758,0.07778400777950757,0.07778400777950757
Hyb-Adam-UM,65,24,78,HybAdamUM_completed_p65_rep24_seed78.csv,terminal:T3,terminal,1,0.02231,0.09527232102780736,0.07296232102780736,0.07296232102780736
Hyb-Adam-UM,65,24,78,HybAdamUM_completed_p65_rep24_seed78.csv,internal:T1|T2|T3,internal,3,0.01863,0.0,-0.01863,0.01863
Hyb-Adam-UM,65,24,78,HybAdamUM_completed_p65_rep24_seed78.csv,terminal:T4,terminal,1,0.07771,0.09435137370472053,0.016641373704720533,0.016641373704720533
Hyb-Adam-UM,65,24,78,HybAdamUM_completed_p65_rep24_seed78.csv,internal:T1|T2|T3|T4,internal,4,0.04682,0.0007882375469533514,-0.046031762453046646,0.046031762453046646
Hyb-Adam-UM,65,24,78,HybAdamUM_completed_p65_rep24_seed78.csv,terminal:T5,terminal,1,0.12997,0.09716578918148513,-0.03280421081851487,0.03280421081851487
Hyb-Adam-UM,65,24,78,HybAdamUM_completed_p65_rep24_seed78.csv,internal:T1|T2|T3|T4|T5,internal,5,0.03057,0.0,-0.03057,0.03057
Hyb-Adam-UM,65,24,78,HybAdamUM_completed_p65_rep24_seed78.csv,terminal:T6,terminal,1,0.14605,0.09789202656710434,-0.04815797343289567,0.04815797343289567
Hyb-Adam-UM,65,24,78,HybAdamUM_completed_p65_rep24_seed78.csv,internal:T1|T2|T3|T4|T5|T6,internal,6,0.0721,0.006293825924715013,-0.06580617407528498,0.06580617407528498
Hyb-Adam-UM,65,24,78,HybAdamUM_completed_p65_rep24_seed78.csv,internal:T10|T7|T8|T9,internal,4,0.08603,0.008022096634736197,-0.0780079033652638,0.0780079033652638
Hyb-Adam-UM,65,24,78,HybAdamUM_completed_p65_rep24_seed78.csv,internal:T7|T8|T9,internal,3,0.05128,0.0007315965257970584,-0.05054840347420294,0.05054840347420294
Hyb-Adam-UM,65,24,78,HybAdamUM_completed_p65_rep24_seed78.csv,internal:T7|T8,internal,2,0.02354,0.0,-0.02354,0.02354
Hyb-Adam-UM,65,24,78,HybAdamUM_completed_p65_rep24_seed78.csv,terminal:T7,terminal,1,0.11573,0.10092677542302148,-0.014803224576978524,0.014803224576978524
Hyb-Adam-UM,65,24,78,HybAdamUM_completed_p65_rep24_seed78.csv,terminal:T8,terminal,1,0.11535,0.09487244916945319,-0.02047755083054681,0.02047755083054681
Hyb-Adam-UM,65,24,78,HybAdamUM_completed_p65_rep24_seed78.csv,terminal:T9,terminal,1,0.12153,0.09388019500066165,-0.027649804999338348,0.027649804999338348
Hyb-Adam-UM,65,24,78,HybAdamUM_completed_p65_rep24_seed78.csv,terminal:T10,terminal,1,0.18189,0.09948446591896777,-0.08240553408103223,0.08240553408103223
Hyb-Adam-UM,65,24,78,HybAdamUM_completed_p65_rep24_seed78.csv,internal:T11|T12|T13|T14|T15,internal,5,0.11651,0.02290369073721258,-0.09360630926278743,0.09360630926278743
Hyb-Adam-UM,65,24,78,HybAdamUM_completed_p65_rep24_seed78.csv,internal:T11|T12,internal,2,0.22637,0.0,-0.22637,0.22637
Hyb-Adam-UM,65,24,78,HybAdamUM_completed_p65_rep24_seed78.csv,terminal:T11,terminal,1,0.16094,0.13063966735399443,-0.030300332646005568,0.030300332646005568
Hyb-Adam-UM,65,24,78,HybAdamUM_completed_p65_rep24_seed78.csv,terminal:T12,terminal,1,0.14942,0.12607080786596767,-0.02334919213403233,0.02334919213403233
Hyb-Adam-UM,65,24,78,HybAdamUM_completed_p65_rep24_seed78.csv,internal:T13|T14|T15,internal,3,0.18561,0.012617378311240629,-0.17299262168875937,0.17299262168875937
Hyb-Adam-UM,65,24,78,HybAdamUM_completed_p65_rep24_seed78.csv,terminal:T13,terminal,1,0.32149,0.1285540608311332,-0.1929359391688668,0.1929359391688668
Hyb-Adam-UM,65,24,78,HybAdamUM_completed_p65_rep24_seed78.csv,internal:T14|T15,internal,2,0.07113,0.0,-0.07113,0.07113
Hyb-Adam-UM,65,24,78,HybAdamUM_completed_p65_rep24_seed78.csv,terminal:T14,terminal,1,0.34439,0.14139008450951776,-0.2029999154904822,0.2029999154904822
Hyb-Adam-UM,65,24,78,HybAdamUM_completed_p65_rep24_seed78.csv,terminal:T15,terminal,1,0.24256,0.1294125873449408,-0.1131474126550592,0.1131474126550592
Hyb-Adam-UM,65,25,79,HybAdamUM_completed_p65_rep25_seed79.csv,terminal:T1,terminal,1,0.05696,0.0737317758803811,0.016771775880381104,0.016771775880381104
Hyb-Adam-UM,65,25,79,HybAdamUM_completed_p65_rep25_seed79.csv,internal:T2|T3,internal,2,0.03472,0.05296421631358864,0.018244216313588642,0.018244216313588642
Hyb-Adam-UM,65,25,79,HybAdamUM_completed_p65_rep25_seed79.csv,terminal:T2,terminal,1,0.02433,0.025257256477418093,0.0009272564774180925,0.0009272564774180925
Hyb-Adam-UM,65,25,79,HybAdamUM_completed_p65_rep25_seed79.csv,terminal:T3,terminal,1,0.02231,0.01577489242275114,-0.006535107577248862,0.006535107577248862
Hyb-Adam-UM,65,25,79,HybAdamUM_completed_p65_rep25_seed79.csv,internal:T1|T2|T3,internal,3,0.01863,0.03354285671794476,0.014912856717944761,0.014912856717944761
Hyb-Adam-UM,65,25,79,HybAdamUM_completed_p65_rep25_seed79.csv,terminal:T4,terminal,1,0.07771,0.1038784730779598,0.026168473077959803,0.026168473077959803
Hyb-Adam-UM,65,25,79,HybAdamUM_completed_p65_rep25_seed79.csv,internal:T1|T2|T3|T4,internal,4,0.04682,0.0,-0.04682,0.04682
Hyb-Adam-UM,65,25,79,HybAdamUM_completed_p65_rep25_seed79.csv,terminal:T5,terminal,1,0.12997,0.14883860304002022,0.01886860304002022,0.01886860304002022
Hyb-Adam-UM,65,25,79,HybAdamUM_completed_p65_rep25_seed79.csv,internal:T1|T2|T3|T4|T5,internal,5,0.03057,0.0,-0.03057,0.03057
Hyb-Adam-UM,65,25,79,HybAdamUM_completed_p65_rep25_seed79.csv,terminal:T6,terminal,1,0.14605,0.10419418492944371,-0.0418558150705563,0.0418558150705563
Hyb-Adam-UM,65,25,79,HybAdamUM_completed_p65_rep25_seed79.csv,internal:T1|T2|T3|T4|T5|T6,internal,6,0.0721,0.0,-0.0721,0.0721
Hyb-Adam-UM,65,25,79,HybAdamUM_completed_p65_rep25_seed79.csv,internal:T10|T7|T8|T9,internal,4,0.08603,0.010352349256992441,-0.07567765074300756,0.07567765074300756
Hyb-Adam-UM,65,25,79,HybAdamUM_completed_p65_rep25_seed79.csv,internal:T7|T8|T9,internal,3,0.05128,0.0,-0.05128,0.05128
Hyb-Adam-UM,65,25,79,HybAdamUM_completed_p65_rep25_seed79.csv,internal:T7|T8,internal,2,0.02354,0.0,-0.02354,0.02354
Hyb-Adam-UM,65,25,79,HybAdamUM_completed_p65_rep25_seed79.csv,terminal:T7,terminal,1,0.11573,0.10106891193507564,-0.01466108806492436,0.01466108806492436
Hyb-Adam-UM,65,25,79,HybAdamUM_completed_p65_rep25_seed79.csv,terminal:T8,terminal,1,0.11535,0.10056063113540743,-0.014789368864592561,0.014789368864592561
Hyb-Adam-UM,65,25,79,HybAdamUM_completed_p65_rep25_seed79.csv,terminal:T9,terminal,1,0.12153,0.09856760836814236,-0.022962391631857634,0.022962391631857634
Hyb-Adam-UM,65,25,79,HybAdamUM_completed_p65_rep25_seed79.csv,terminal:T10,terminal,1,0.18189,0.1001018883961804,-0.0817881116038196,0.0817881116038196
Hyb-Adam-UM,65,25,79,HybAdamUM_completed_p65_rep25_seed79.csv,internal:T11|T12|T13|T14|T15,internal,5,0.11651,0.018163487276200065,-0.09834651272379993,0.09834651272379993
Hyb-Adam-UM,65,25,79,HybAdamUM_completed_p65_rep25_seed79.csv,internal:T11|T12,internal,2,0.22637,0.001632883500490219,-0.22473711649950978,0.22473711649950978
Hyb-Adam-UM,65,25,79,HybAdamUM_completed_p65_rep25_seed79.csv,terminal:T11,terminal,1,0.16094,0.12923153557777017,-0.031708464422229826,0.031708464422229826
Hyb-Adam-UM,65,25,79,HybAdamUM_completed_p65_rep25_seed79.csv,terminal:T12,terminal,1,0.14942,0.12868232270744948,-0.02073767729255052,0.02073767729255052
Hyb-Adam-UM,65,25,79,HybAdamUM_completed_p65_rep25_seed79.csv,internal:T13|T14|T15,internal,3,0.18561,0.016875361446823594,-0.1687346385531764,0.1687346385531764
Hyb-Adam-UM,65,25,79,HybAdamUM_completed_p65_rep25_seed79.csv,terminal:T13,terminal,1,0.32149,0.12440486069237103,-0.19708513930762897,0.19708513930762897
Hyb-Adam-UM,65,25,79,HybAdamUM_completed_p65_rep25_seed79.csv,internal:T14|T15,internal,2,0.07113,0.010949207981592712,-0.060180792018407286,0.060180792018407286
Hyb-Adam-UM,65,25,79,HybAdamUM_completed_p65_rep25_seed79.csv,terminal:T14,terminal,1,0.34439,0.12253738829824995,-0.22185261170175002,0.22185261170175002
Hyb-Adam-UM,65,25,79,HybAdamUM_completed_p65_rep25_seed79.csv,terminal:T15,terminal,1,0.24256,0.1133344034838924,-0.1292255965161076,0.1292255965161076
Hyb-Adam-UM,65,26,80,HybAdamUM_completed_p65_rep26_seed80.csv,terminal:T1,terminal,1,0.05696,0.051124575283786694,-0.005835424716213303,0.005835424716213303
Hyb-Adam-UM,65,26,80,HybAdamUM_completed_p65_rep26_seed80.csv,internal:T2|T3,internal,2,0.03472,0.0,-0.03472,0.03472
Hyb-Adam-UM,65,26,80,HybAdamUM_completed_p65_rep26_seed80.csv,terminal:T2,terminal,1,0.02433,0.05421584841989914,0.02988584841989914,0.02988584841989914
Hyb-Adam-UM,65,26,80,HybAdamUM_completed_p65_rep26_seed80.csv,terminal:T3,terminal,1,0.02231,0.05148711676123447,0.02917711676123447,0.02917711676123447
Hyb-Adam-UM,65,26,80,HybAdamUM_completed_p65_rep26_seed80.csv,internal:T1|T2|T3,internal,3,0.01863,0.0,-0.01863,0.01863
Hyb-Adam-UM,65,26,80,HybAdamUM_completed_p65_rep26_seed80.csv,terminal:T4,terminal,1,0.07771,0.05383443285426101,-0.02387556714573899,0.02387556714573899
Hyb-Adam-UM,65,26,80,HybAdamUM_completed_p65_rep26_seed80.csv,internal:T1|T2|T3|T4,internal,4,0.04682,0.02238525169707979,-0.02443474830292021,0.02443474830292021
Hyb-Adam-UM,65,26,80,HybAdamUM_completed_p65_rep26_seed80.csv,terminal:T5,terminal,1,0.12997,0.07610743289450714,-0.053862567105492865,0.053862567105492865
Hyb-Adam-UM,65,26,80,HybAdamUM_completed_p65_rep26_seed80.csv,internal:T1|T2|T3|T4|T5,internal,5,0.03057,0.004683410753528431,-0.025886589246471567,0.025886589246471567
Hyb-Adam-UM,65,26,80,HybAdamUM_completed_p65_rep26_seed80.csv,terminal:T6,terminal,1,0.14605,0.08168331779518948,-0.06436668220481054,0.06436668220481054
Hyb-Adam-UM,65,26,80,HybAdamUM_completed_p65_rep26_seed80.csv,internal:T1|T2|T3|T4|T5|T6,internal,6,0.0721,0.02470794047850013,-0.04739205952149987,0.04739205952149987
Hyb-Adam-UM,65,26,80,HybAdamUM_completed_p65_rep26_seed80.csv,internal:T10|T7|T8|T9,internal,4,0.08603,0.006259797684752621,-0.07977020231524737,0.07977020231524737
Hyb-Adam-UM,65,26,80,HybAdamUM_completed_p65_rep26_seed80.csv,internal:T7|T8|T9,internal,3,0.05128,0.004394923238226422,-0.04688507676177358,0.04688507676177358
Hyb-Adam-UM,65,26,80,HybAdamUM_completed_p65_rep26_seed80.csv,internal:T7|T8,internal,2,0.02354,0.0,-0.02354,0.02354
Hyb-Adam-UM,65,26,80,HybAdamUM_completed_p65_rep26_seed80.csv,terminal:T7,terminal,1,0.11573,0.09803059164309674,-0.017699408356903257,0.017699408356903257
Hyb-Adam-UM,65,26,80,HybAdamUM_completed_p65_rep26_seed80.csv,terminal:T8,terminal,1,0.11535,0.0967416132863363,-0.018608386713663688,0.018608386713663688
Hyb-Adam-UM,65,26,80,HybAdamUM_completed_p65_rep26_seed80.csv,terminal:T9,terminal,1,0.12153,0.0974566680075444,-0.024073331992455593,0.024073331992455593
Hyb-Adam-UM,65,26,80,HybAdamUM_completed_p65_rep26_seed80.csv,terminal:T10,terminal,1,0.18189,0.1040947900503892,-0.0777952099496108,0.0777952099496108
Hyb-Adam-UM,65,26,80,HybAdamUM_completed_p65_rep26_seed80.csv,internal:T11|T12|T13|T14|T15,internal,5,0.11651,0.021372007447255762,-0.09513799255274424,0.09513799255274424
Hyb-Adam-UM,65,26,80,HybAdamUM_completed_p65_rep26_seed80.csv,internal:T11|T12,internal,2,0.22637,0.0,-0.22637,0.22637
Hyb-Adam-UM,65,26,80,HybAdamUM_completed_p65_rep26_seed80.csv,terminal:T11,terminal,1,0.16094,0.12835382625005884,-0.03258617374994116,0.03258617374994116
Hyb-Adam-UM,65,26,80,HybAdamUM_completed_p65_rep26_seed80.csv,terminal:T12,terminal,1,0.14942,0.12961489476224614,-0.01980510523775386,0.01980510523775386
Hyb-Adam-UM,65,26,80,HybAdamUM_completed_p65_rep26_seed80.csv,internal:T13|T14|T15,internal,3,0.18561,0.007269238024654882,-0.17834076197534512,0.17834076197534512
Hyb-Adam-UM,65,26,80,HybAdamUM_completed_p65_rep26_seed80.csv,terminal:T13,terminal,1,0.32149,0.1349899702847954,-0.1865000297152046,0.1865000297152046
Hyb-Adam-UM,65,26,80,HybAdamUM_completed_p65_rep26_seed80.csv,internal:T14|T15,internal,2,0.07113,0.0013223600492284003,-0.0698076399507716,0.0698076399507716
Hyb-Adam-UM,65,26,80,HybAdamUM_completed_p65_rep26_seed80.csv,terminal:T14,terminal,1,0.34439,0.14298701065118247,-0.2014029893488175,0.2014029893488175
Hyb-Adam-UM,65,26,80,HybAdamUM_completed_p65_rep26_seed80.csv,terminal:T15,terminal,1,0.24256,0.13656903722072938,-0.10599096277927061,0.10599096277927061
Hyb-Adam-UM,65,27,81,HybAdamUM_completed_p65_rep27_seed81.csv,terminal:T1,terminal,1,0.05696,0.044085770733177064,-0.012874229266822933,0.012874229266822933
Hyb-Adam-UM,65,27,81,HybAdamUM_completed_p65_rep27_seed81.csv,internal:T2|T3,internal,2,0.03472,0.0,-0.03472,0.03472
Hyb-Adam-UM,65,27,81,HybAdamUM_completed_p65_rep27_seed81.csv,terminal:T2,terminal,1,0.02433,0.04414653163958236,0.01981653163958236,0.01981653163958236
Hyb-Adam-UM,65,27,81,HybAdamUM_completed_p65_rep27_seed81.csv,terminal:T3,terminal,1,0.02231,0.04563611204857774,0.02332611204857774,0.02332611204857774
Hyb-Adam-UM,65,27,81,HybAdamUM_completed_p65_rep27_seed81.csv,internal:T1|T2|T3,internal,3,0.01863,0.007796119058378135,-0.010833880941621866,0.010833880941621866
Hyb-Adam-UM,65,27,81,HybAdamUM_completed_p65_rep27_seed81.csv,terminal:T4,terminal,1,0.07771,0.053681138823500334,-0.024028861176499668,0.024028861176499668
Hyb-Adam-UM,65,27,81,HybAdamUM_completed_p65_rep27_seed81.csv,internal:T1|T2|T3|T4,internal,4,0.04682,0.04141666086893657,-0.005403339131063431,0.005403339131063431
Hyb-Adam-UM,65,27,81,HybAdamUM_completed_p65_rep27_seed81.csv,terminal:T5,terminal,1,0.12997,0.10774220542615699,-0.02222779457384301,0.02222779457384301
Hyb-Adam-UM,65,27,81,HybAdamUM_completed_p65_rep27_seed81.csv,internal:T1|T2|T3|T4|T5,internal,5,0.03057,0.0,-0.03057,0.03057
Hyb-Adam-UM,65,27,81,HybAdamUM_completed_p65_rep27_seed81.csv,terminal:T6,terminal,1,0.14605,0.08976637799672106,-0.05628362200327895,0.05628362200327895
Hyb-Adam-UM,65,27,81,HybAdamUM_completed_p65_rep27_seed81.csv,internal:T1|T2|T3|T4|T5|T6,internal,6,0.0721,0.009715878637692368,-0.06238412136230763,0.06238412136230763
Hyb-Adam-UM,65,27,81,HybAdamUM_completed_p65_rep27_seed81.csv,internal:T10|T7|T8|T9,internal,4,0.08603,0.012854858714703725,-0.07317514128529627,0.07317514128529627
Hyb-Adam-UM,65,27,81,HybAdamUM_completed_p65_rep27_seed81.csv,internal:T7|T8|T9,internal,3,0.05128,0.017534211530927265,-0.03374578846907274,0.03374578846907274
Hyb-Adam-UM,65,27,81,HybAdamUM_completed_p65_rep27_seed81.csv,internal:T7|T8,internal,2,0.02354,0.003483440747010728,-0.02005655925298927,0.02005655925298927
Hyb-Adam-UM,65,27,81,HybAdamUM_completed_p65_rep27_seed81.csv,terminal:T7,terminal,1,0.11573,0.07323478430914436,-0.04249521569085564,0.04249521569085564
Hyb-Adam-UM,65,27,81,HybAdamUM_completed_p65_rep27_seed81.csv,terminal:T8,terminal,1,0.11535,0.07376690752618362,-0.04158309247381638,0.04158309247381638
Hyb-Adam-UM,65,27,81,HybAdamUM_completed_p65_rep27_seed81.csv,terminal:T9,terminal,1,0.12153,0.07585330743209803,-0.045676692567901966,0.045676692567901966
Hyb-Adam-UM,65,27,81,HybAdamUM_completed_p65_rep27_seed81.csv,terminal:T10,terminal,1,0.18189,0.09445821101962053,-0.08743178898037947,0.08743178898037947
Hyb-Adam-UM,65,27,81,HybAdamUM_completed_p65_rep27_seed81.csv,internal:T11|T12|T13|T14|T15,internal,5,0.11651,0.022003716723186784,-0.09450628327681322,0.09450628327681322
Hyb-Adam-UM,65,27,81,HybAdamUM_completed_p65_rep27_seed81.csv,internal:T11|T12,internal,2,0.22637,0.042026051855536026,-0.18434394814446398,0.18434394814446398
Hyb-Adam-UM,65,27,81,HybAdamUM_completed_p65_rep27_seed81.csv,terminal:T11,terminal,1,0.16094,0.08769321862444994,-0.07324678137555006,0.07324678137555006
Hyb-Adam-UM,65,27,81,HybAdamUM_completed_p65_rep27_seed81.csv,terminal:T12,terminal,1,0.14942,0.08529588202707539,-0.06412411797292461,0.06412411797292461
Hyb-Adam-UM,65,27,81,HybAdamUM_completed_p65_rep27_seed81.csv,internal:T13|T14|T15,internal,3,0.18561,0.025131516564610438,-0.16047848343538956,0.16047848343538956
Hyb-Adam-UM,65,27,81,HybAdamUM_completed_p65_rep27_seed81.csv,terminal:T13,terminal,1,0.32149,0.11988811654622043,-0.20160188345377955,0.20160188345377955
Hyb-Adam-UM,65,27,81,HybAdamUM_completed_p65_rep27_seed81.csv,internal:T14|T15,internal,2,0.07113,0.0022807298381329866,-0.06884927016186701,0.06884927016186701
Hyb-Adam-UM,65,27,81,HybAdamUM_completed_p65_rep27_seed81.csv,terminal:T14,terminal,1,0.34439,0.11871806028795745,-0.22567193971204252,0.22567193971204252
Hyb-Adam-UM,65,27,81,HybAdamUM_completed_p65_rep27_seed81.csv,terminal:T15,terminal,1,0.24256,0.11715373149418498,-0.12540626850581502,0.12540626850581502
Hyb-Adam-UM,65,28,82,HybAdamUM_completed_p65_rep28_seed82.csv,terminal:T1,terminal,1,0.05696,0.06954302554528494,0.01258302554528494,0.01258302554528494
Hyb-Adam-UM,65,28,82,HybAdamUM_completed_p65_rep28_seed82.csv,internal:T2|T3,internal,2,0.03472,0.0,-0.03472,0.03472
Hyb-Adam-UM,65,28,82,HybAdamUM_completed_p65_rep28_seed82.csv,terminal:T2,terminal,1,0.02433,0.07370380531510917,0.04937380531510917,0.04937380531510917
Hyb-Adam-UM,65,28,82,HybAdamUM_completed_p65_rep28_seed82.csv,terminal:T3,terminal,1,0.02231,0.07358036792334073,0.051270367923340734,0.051270367923340734
Hyb-Adam-UM,65,28,82,HybAdamUM_completed_p65_rep28_seed82.csv,internal:T1|T2|T3,internal,3,0.01863,0.0,-0.01863,0.01863
Hyb-Adam-UM,65,28,82,HybAdamUM_completed_p65_rep28_seed82.csv,terminal:T4,terminal,1,0.07771,0.07107308227918409,-0.006636917720815913,0.006636917720815913
Hyb-Adam-UM,65,28,82,HybAdamUM_completed_p65_rep28_seed82.csv,internal:T1|T2|T3|T4,internal,4,0.04682,0.0032510391198968236,-0.043568960880103175,0.043568960880103175
Hyb-Adam-UM,65,28,82,HybAdamUM_completed_p65_rep28_seed82.csv,terminal:T5,terminal,1,0.12997,0.07615231635118008,-0.05381768364881992,0.05381768364881992
Hyb-Adam-UM,65,28,82,HybAdamUM_completed_p65_rep28_seed82.csv,internal:T1|T2|T3|T4|T5,internal,5,0.03057,0.031934959464224956,0.001364959464224956,0.001364959464224956
Hyb-Adam-UM,65,28,82,HybAdamUM_completed_p65_rep28_seed82.csv,terminal:T6,terminal,1,0.14605,0.16195766940806272,0.015907669408062708,0.015907669408062708
Hyb-Adam-UM,65,28,82,HybAdamUM_completed_p65_rep28_seed82.csv,internal:T1|T2|T3|T4|T5|T6,internal,6,0.0721,0.0,-0.0721,0.0721
Hyb-Adam-UM,65,28,82,HybAdamUM_completed_p65_rep28_seed82.csv,internal:T10|T7|T8|T9,internal,4,0.08603,0.008596345021064525,-0.07743365497893547,0.07743365497893547
Hyb-Adam-UM,65,28,82,HybAdamUM_completed_p65_rep28_seed82.csv,internal:T7|T8|T9,internal,3,0.05128,0.0,-0.05128,0.05128
Hyb-Adam-UM,65,28,82,HybAdamUM_completed_p65_rep28_seed82.csv,internal:T7|T8,internal,2,0.02354,0.028010606577980057,0.004470606577980058,0.004470606577980058
Hyb-Adam-UM,65,28,82,HybAdamUM_completed_p65_rep28_seed82.csv,terminal:T7,terminal,1,0.11573,0.07174920240402789,-0.04398079759597211,0.04398079759597211
Hyb-Adam-UM,65,28,82,HybAdamUM_completed_p65_rep28_seed82.csv,terminal:T8,terminal,1,0.11535,0.07525248943130018,-0.04009751056869981,0.04009751056869981
Hyb-Adam-UM,65,28,82,HybAdamUM_completed_p65_rep28_seed82.csv,terminal:T9,terminal,1,0.12153,0.1022852514912734,-0.019244748508726595,0.019244748508726595
Hyb-Adam-UM,65,28,82,HybAdamUM_completed_p65_rep28_seed82.csv,terminal:T10,terminal,1,0.18189,0.09969896309068002,-0.08219103690931998,0.08219103690931998
Hyb-Adam-UM,65,28,82,HybAdamUM_completed_p65_rep28_seed82.csv,internal:T11|T12|T13|T14|T15,internal,5,0.11651,0.0158243862532815,-0.1006856137467185,0.1006856137467185
Hyb-Adam-UM,65,28,82,HybAdamUM_completed_p65_rep28_seed82.csv,internal:T11|T12,internal,2,0.22637,0.04198616289076113,-0.18438383710923886,0.18438383710923886
Hyb-Adam-UM,65,28,82,HybAdamUM_completed_p65_rep28_seed82.csv,terminal:T11,terminal,1,0.16094,0.08682273449390768,-0.07411726550609232,0.07411726550609232
Hyb-Adam-UM,65,28,82,HybAdamUM_completed_p65_rep28_seed82.csv,terminal:T12,terminal,1,0.14942,0.08616636615761769,-0.0632536338423823,0.0632536338423823
Hyb-Adam-UM,65,28,82,HybAdamUM_completed_p65_rep28_seed82.csv,internal:T13|T14|T15,internal,3,0.18561,0.006256313537570592,-0.1793536864624294,0.1793536864624294
Hyb-Adam-UM,65,28,82,HybAdamUM_completed_p65_rep28_seed82.csv,terminal:T13,terminal,1,0.32149,0.1336892280500436,-0.1878007719499564,0.1878007719499564
Hyb-Adam-UM,65,28,82,HybAdamUM_completed_p65_rep28_seed82.csv,internal:T14|T15,internal,2,0.07113,0.020895388242798456,-0.05023461175720154,0.05023461175720154
Hyb-Adam-UM,65,28,82,HybAdamUM_completed_p65_rep28_seed82.csv,terminal:T14,terminal,1,0.34439,0.12002933061500937,-0.2243606693849906,0.2243606693849906
Hyb-Adam-UM,65,28,82,HybAdamUM_completed_p65_rep28_seed82.csv,terminal:T15,terminal,1,0.24256,0.11584246116713301,-0.126717538832867,0.126717538832867
Hyb-Adam-UM,65,29,83,HybAdamUM_completed_p65_rep29_seed83.csv,terminal:T1,terminal,1,0.05696,0.060046378484657596,0.0030863784846575995,0.0030863784846575995
Hyb-Adam-UM,65,29,83,HybAdamUM_completed_p65_rep29_seed83.csv,internal:T2|T3,internal,2,0.03472,0.0,-0.03472,0.03472
Hyb-Adam-UM,65,29,83,HybAdamUM_completed_p65_rep29_seed83.csv,terminal:T2,terminal,1,0.02433,0.06053488004641291,0.03620488004641291,0.03620488004641291
Hyb-Adam-UM,65,29,83,HybAdamUM_completed_p65_rep29_seed83.csv,terminal:T3,terminal,1,0.02231,0.06878367533557152,0.04647367533557152,0.04647367533557152
Hyb-Adam-UM,65,29,83,HybAdamUM_completed_p65_rep29_seed83.csv,internal:T1|T2|T3,internal,3,0.01863,0.0,-0.01863,0.01863
Hyb-Adam-UM,65,29,83,HybAdamUM_completed_p65_rep29_seed83.csv,terminal:T4,terminal,1,0.07771,0.061834664646431066,-0.015875335353568935,0.015875335353568935
Hyb-Adam-UM,65,29,83,HybAdamUM_completed_p65_rep29_seed83.csv,internal:T1|T2|T3|T4,internal,4,0.04682,0.012183352245672017,-0.03463664775432798,0.03463664775432798
Hyb-Adam-UM,65,29,83,HybAdamUM_completed_p65_rep29_seed83.csv,terminal:T5,terminal,1,0.12997,0.07621900071369432,-0.05375099928630568,0.05375099928630568
Hyb-Adam-UM,65,29,83,HybAdamUM_completed_p65_rep29_seed83.csv,internal:T1|T2|T3|T4|T5,internal,5,0.03057,0.010085225648567748,-0.020484774351432252,0.020484774351432252
Hyb-Adam-UM,65,29,83,HybAdamUM_completed_p65_rep29_seed83.csv,terminal:T6,terminal,1,0.14605,0.08552416788382619,-0.06052583211617382,0.06052583211617382
Hyb-Adam-UM,65,29,83,HybAdamUM_completed_p65_rep29_seed83.csv,internal:T1|T2|T3|T4|T5|T6,internal,6,0.0721,0.019718143264584532,-0.05238185673541547,0.05238185673541547
Hyb-Adam-UM,65,29,83,HybAdamUM_completed_p65_rep29_seed83.csv,internal:T10|T7|T8|T9,internal,4,0.08603,0.0,-0.08603,0.08603
Hyb-Adam-UM,65,29,83,HybAdamUM_completed_p65_rep29_seed83.csv,internal:T7|T8|T9,internal,3,0.05128,0.0,-0.05128,0.05128
Hyb-Adam-UM,65,29,83,HybAdamUM_completed_p65_rep29_seed83.csv,internal:T7|T8,internal,2,0.02354,0.0,-0.02354,0.02354
Hyb-Adam-UM,65,29,83,HybAdamUM_completed_p65_rep29_seed83.csv,terminal:T7,terminal,1,0.11573,0.10428512175502236,-0.011444878244977641,0.011444878244977641
Hyb-Adam-UM,65,29,83,HybAdamUM_completed_p65_rep29_seed83.csv,terminal:T8,terminal,1,0.11535,0.10820997642932374,-0.007140023570676252,0.007140023570676252
Hyb-Adam-UM,65,29,83,HybAdamUM_completed_p65_rep29_seed83.csv,terminal:T9,terminal,1,0.12153,0.10529868352866553,-0.016231316471334467,0.016231316471334467
Hyb-Adam-UM,65,29,83,HybAdamUM_completed_p65_rep29_seed83.csv,terminal:T10,terminal,1,0.18189,0.11095260438667592,-0.07093739561332407,0.07093739561332407
Hyb-Adam-UM,65,29,83,HybAdamUM_completed_p65_rep29_seed83.csv,internal:T11|T12|T13|T14|T15,internal,5,0.11651,0.02296356161995052,-0.09354643838004949,0.09354643838004949
Hyb-Adam-UM,65,29,83,HybAdamUM_completed_p65_rep29_seed83.csv,internal:T11|T12,internal,2,0.22637,0.0010153116237086196,-0.22535468837629136,0.22535468837629136
Hyb-Adam-UM,65,29,83,HybAdamUM_completed_p65_rep29_seed83.csv,terminal:T11,terminal,1,0.16094,0.12979784817304293,-0.031142151826957065,0.031142151826957065
Hyb-Adam-UM,65,29,83,HybAdamUM_completed_p65_rep29_seed83.csv,terminal:T12,terminal,1,0.14942,0.12910563811859277,-0.020314361881407228,0.020314361881407228
Hyb-Adam-UM,65,29,83,HybAdamUM_completed_p65_rep29_seed83.csv,internal:T13|T14|T15,internal,3,0.18561,0.024693669477000912,-0.16091633052299908,0.16091633052299908
Hyb-Adam-UM,65,29,83,HybAdamUM_completed_p65_rep29_seed83.csv,terminal:T13,terminal,1,0.32149,0.12059723508627547,-0.20089276491372454,0.20089276491372454
Hyb-Adam-UM,65,29,83,HybAdamUM_completed_p65_rep29_seed83.csv,internal:T14|T15,internal,2,0.07113,0.0014778712459695433,-0.06965212875403046,0.06965212875403046
Hyb-Adam-UM,65,29,83,HybAdamUM_completed_p65_rep29_seed83.csv,terminal:T14,terminal,1,0.34439,0.11894700107866303,-0.22544299892133696,0.22544299892133696
Hyb-Adam-UM,65,29,83,HybAdamUM_completed_p65_rep29_seed83.csv,terminal:T15,terminal,1,0.24256,0.11692479070347937,-0.1256352092965206,0.1256352092965206
Hyb-Adam-UM,65,30,84,HybAdamUM_completed_p65_rep30_seed84.csv,terminal:T1,terminal,1,0.05696,0.04251664559808824,-0.01444335440191176,0.01444335440191176
Hyb-Adam-UM,65,30,84,HybAdamUM_completed_p65_rep30_seed84.csv,internal:T2|T3,internal,2,0.03472,0.023313684858504283,-0.011406315141495718,0.011406315141495718
Hyb-Adam-UM,65,30,84,HybAdamUM_completed_p65_rep30_seed84.csv,terminal:T2,terminal,1,0.02433,0.020657703401442816,-0.003672296598557185,0.003672296598557185
Hyb-Adam-UM,65,30,84,HybAdamUM_completed_p65_rep30_seed84.csv,terminal:T3,terminal,1,0.02231,0.020374445498726364,-0.0019355545012736362,0.0019355545012736362
Hyb-Adam-UM,65,30,84,HybAdamUM_completed_p65_rep30_seed84.csv,internal:T1|T2|T3,internal,3,0.01863,0.008427538780808742,-0.010202461219191258,0.010202461219191258
Hyb-Adam-UM,65,30,84,HybAdamUM_completed_p65_rep30_seed84.csv,terminal:T4,terminal,1,0.07771,0.05388142032146584,-0.023828579678534162,0.023828579678534162
Hyb-Adam-UM,65,30,84,HybAdamUM_completed_p65_rep30_seed84.csv,internal:T1|T2|T3|T4,internal,4,0.04682,0.048483817503878084,0.001663817503878083,0.001663817503878083
Hyb-Adam-UM,65,30,84,HybAdamUM_completed_p65_rep30_seed84.csv,terminal:T5,terminal,1,0.12997,0.16662807643541522,0.036658076435415216,0.036658076435415216
Hyb-Adam-UM,65,30,84,HybAdamUM_completed_p65_rep30_seed84.csv,internal:T1|T2|T3|T4|T5,internal,5,0.03057,0.0,-0.03057,0.03057
Hyb-Adam-UM,65,30,84,HybAdamUM_completed_p65_rep30_seed84.csv,terminal:T6,terminal,1,0.14605,0.09331553859549013,-0.05273446140450988,0.05273446140450988
Hyb-Adam-UM,65,30,84,HybAdamUM_completed_p65_rep30_seed84.csv,internal:T1|T2|T3|T4|T5|T6,internal,6,0.0721,0.0008231854815881322,-0.07127681451841186,0.07127681451841186
Hyb-Adam-UM,65,30,84,HybAdamUM_completed_p65_rep30_seed84.csv,internal:T10|T7|T8|T9,internal,4,0.08603,0.007376077998109549,-0.07865392200189045,0.07865392200189045
Hyb-Adam-UM,65,30,84,HybAdamUM_completed_p65_rep30_seed84.csv,internal:T7|T8|T9,internal,3,0.05128,0.0,-0.05128,0.05128
Hyb-Adam-UM,65,30,84,HybAdamUM_completed_p65_rep30_seed84.csv,internal:T7|T8,internal,2,0.02354,0.0,-0.02354,0.02354
Hyb-Adam-UM,65,30,84,HybAdamUM_completed_p65_rep30_seed84.csv,terminal:T7,terminal,1,0.11573,0.10075391587691794,-0.014976084123082059,0.014976084123082059
Hyb-Adam-UM,65,30,84,HybAdamUM_completed_p65_rep30_seed84.csv,terminal:T8,terminal,1,0.11535,0.10681206766628266,-0.00853793233371733,0.00853793233371733
Hyb-Adam-UM,65,30,84,HybAdamUM_completed_p65_rep30_seed84.csv,terminal:T9,terminal,1,0.12153,0.103340436724119,-0.018189563275881004,0.018189563275881004
Hyb-Adam-UM,65,30,84,HybAdamUM_completed_p65_rep30_seed84.csv,terminal:T10,terminal,1,0.18189,0.10188084581477384,-0.08000915418522615,0.08000915418522615
Hyb-Adam-UM,65,30,84,HybAdamUM_completed_p65_rep30_seed84.csv,internal:T11|T12|T13|T14|T15,internal,5,0.11651,0.01762342409102255,-0.09888657590897745,0.09888657590897745
Hyb-Adam-UM,65,30,84,HybAdamUM_completed_p65_rep30_seed84.csv,internal:T11|T12,internal,2,0.22637,0.0011433510231486101,-0.22522664897685138,0.22522664897685138
Hyb-Adam-UM,65,30,84,HybAdamUM_completed_p65_rep30_seed84.csv,terminal:T11,terminal,1,0.16094,0.12801091736164816,-0.03292908263835184,0.03292908263835184
Hyb-Adam-UM,65,30,84,HybAdamUM_completed_p65_rep30_seed84.csv,terminal:T12,terminal,1,0.14942,0.1257802441129794,-0.023639755887020608,0.023639755887020608
Hyb-Adam-UM,65,30,84,HybAdamUM_completed_p65_rep30_seed84.csv,internal:T13|T14|T15,internal,3,0.18561,0.007726596736709785,-0.17788340326329022,0.17788340326329022
Hyb-Adam-UM,65,30,84,HybAdamUM_completed_p65_rep30_seed84.csv,terminal:T13,terminal,1,0.32149,0.1348761459592368,-0.1866138540407632,0.1866138540407632
Hyb-Adam-UM,65,30,84,HybAdamUM_completed_p65_rep30_seed84.csv,internal:T14|T15,internal,2,0.07113,0.0024360566382157878,-0.06869394336178421,0.06869394336178421
Hyb-Adam-UM,65,30,84,HybAdamUM_completed_p65_rep30_seed84.csv,terminal:T14,terminal,1,0.34439,0.14263977021519983,-0.20175022978480014,0.20175022978480014
Hyb-Adam-UM,65,30,84,HybAdamUM_completed_p65_rep30_seed84.csv,terminal:T15,terminal,1,0.24256,0.13710764675704135,-0.10545235324295865,0.10545235324295865
Hyb-Adam-UM,85,1,55,HybAdamUM_completed_p85_rep01_seed55.csv,terminal:T1,terminal,1,0.05696,0.13991128582477863,0.08295128582477863,0.08295128582477863
Hyb-Adam-UM,85,1,55,HybAdamUM_completed_p85_rep01_seed55.csv,internal:T2|T3,internal,2,0.03472,0.008026500705464183,-0.02669349929453582,0.02669349929453582
Hyb-Adam-UM,85,1,55,HybAdamUM_completed_p85_rep01_seed55.csv,terminal:T2,terminal,1,0.02433,0.10856927923969299,0.08423927923969299,0.08423927923969299
Hyb-Adam-UM,85,1,55,HybAdamUM_completed_p85_rep01_seed55.csv,terminal:T3,terminal,1,0.02231,0.10613833260787417,0.08382833260787417,0.08382833260787417
Hyb-Adam-UM,85,1,55,HybAdamUM_completed_p85_rep01_seed55.csv,internal:T1|T2|T3,internal,3,0.01863,0.0,-0.01863,0.01863
Hyb-Adam-UM,85,1,55,HybAdamUM_completed_p85_rep01_seed55.csv,terminal:T4,terminal,1,0.07771,0.1179788626941565,0.0402688626941565,0.0402688626941565
Hyb-Adam-UM,85,1,55,HybAdamUM_completed_p85_rep01_seed55.csv,internal:T1|T2|T3|T4,internal,4,0.04682,0.0,-0.04682,0.04682
Hyb-Adam-UM,85,1,55,HybAdamUM_completed_p85_rep01_seed55.csv,terminal:T5,terminal,1,0.12997,0.14508002544002507,0.015110025440025071,0.015110025440025071
Hyb-Adam-UM,85,1,55,HybAdamUM_completed_p85_rep01_seed55.csv,internal:T1|T2|T3|T4|T5,internal,5,0.03057,0.0,-0.03057,0.03057
Hyb-Adam-UM,85,1,55,HybAdamUM_completed_p85_rep01_seed55.csv,terminal:T6,terminal,1,0.14605,0.11266723023126739,-0.033382769768732626,0.033382769768732626
Hyb-Adam-UM,85,1,55,HybAdamUM_completed_p85_rep01_seed55.csv,internal:T1|T2|T3|T4|T5|T6,internal,6,0.0721,0.0,-0.0721,0.0721
Hyb-Adam-UM,85,1,55,HybAdamUM_completed_p85_rep01_seed55.csv,internal:T10|T7|T8|T9,internal,4,0.08603,0.0026162652234113523,-0.08341373477658864,0.08341373477658864
Hyb-Adam-UM,85,1,55,HybAdamUM_completed_p85_rep01_seed55.csv,internal:T7|T8|T9,internal,3,0.05128,0.001856403189728098,-0.0494235968102719,0.0494235968102719
Hyb-Adam-UM,85,1,55,HybAdamUM_completed_p85_rep01_seed55.csv,internal:T7|T8,internal,2,0.02354,0.0,-0.02354,0.02354
Hyb-Adam-UM,85,1,55,HybAdamUM_completed_p85_rep01_seed55.csv,terminal:T7,terminal,1,0.11573,0.1384596550193406,0.0227296550193406,0.0227296550193406
Hyb-Adam-UM,85,1,55,HybAdamUM_completed_p85_rep01_seed55.csv,terminal:T8,terminal,1,0.11535,0.10902247782305256,-0.006327522176947431,0.006327522176947431
Hyb-Adam-UM,85,1,55,HybAdamUM_completed_p85_rep01_seed55.csv,terminal:T9,terminal,1,0.12153,0.10858815352152129,-0.012941846478478708,0.012941846478478708
Hyb-Adam-UM,85,1,55,HybAdamUM_completed_p85_rep01_seed55.csv,terminal:T10,terminal,1,0.18189,0.11701824878860641,-0.06487175121139359,0.06487175121139359
Hyb-Adam-UM,85,1,55,HybAdamUM_completed_p85_rep01_seed55.csv,internal:T11|T12|T13|T14|T15,internal,5,0.11651,0.01071184898685794,-0.10579815101314206,0.10579815101314206
Hyb-Adam-UM,85,1,55,HybAdamUM_completed_p85_rep01_seed55.csv,internal:T11|T12,internal,2,0.22637,0.0,-0.22637,0.22637
Hyb-Adam-UM,85,1,55,HybAdamUM_completed_p85_rep01_seed55.csv,terminal:T11,terminal,1,0.16094,0.131150783920521,-0.029789216079478986,0.029789216079478986
Hyb-Adam-UM,85,1,55,HybAdamUM_completed_p85_rep01_seed55.csv,terminal:T12,terminal,1,0.14942,0.13581084666894344,-0.013609153331056556,0.013609153331056556
Hyb-Adam-UM,85,1,55,HybAdamUM_completed_p85_rep01_seed55.csv,internal:T13|T14|T15,internal,3,0.18561,0.003931766774318805,-0.1816782332256812,0.1816782332256812
Hyb-Adam-UM,85,1,55,HybAdamUM_completed_p85_rep01_seed55.csv,terminal:T13,terminal,1,0.32149,0.13815331062753086,-0.18333668937246914,0.18333668937246914
Hyb-Adam-UM,85,1,55,HybAdamUM_completed_p85_rep01_seed55.csv,internal:T14|T15,internal,2,0.07113,0.017808358529700547,-0.053321641470299455,0.053321641470299455
Hyb-Adam-UM,85,1,55,HybAdamUM_completed_p85_rep01_seed55.csv,terminal:T14,terminal,1,0.34439,0.1179303998250118,-0.22645960017498817,0.22645960017498817
Hyb-Adam-UM,85,1,55,HybAdamUM_completed_p85_rep01_seed55.csv,terminal:T15,terminal,1,0.24256,0.11794139195713053,-0.12461860804286946,0.12461860804286946
Hyb-Adam-UM,85,2,56,HybAdamUM_completed_p85_rep02_seed56.csv,terminal:T1,terminal,1,0.05696,0.11902189611088917,0.06206189611088918,0.06206189611088918
Hyb-Adam-UM,85,2,56,HybAdamUM_completed_p85_rep02_seed56.csv,internal:T2|T3,internal,2,0.03472,0.02133673210958641,-0.01338326789041359,0.01338326789041359
Hyb-Adam-UM,85,2,56,HybAdamUM_completed_p85_rep02_seed56.csv,terminal:T2,terminal,1,0.02433,0.07985608648864667,0.05552608648864667,0.05552608648864667
Hyb-Adam-UM,85,2,56,HybAdamUM_completed_p85_rep02_seed56.csv,terminal:T3,terminal,1,0.02231,0.07998912538410667,0.057679125384106675,0.057679125384106675
Hyb-Adam-UM,85,2,56,HybAdamUM_completed_p85_rep02_seed56.csv,internal:T1|T2|T3,internal,3,0.01863,0.0,-0.01863,0.01863
Hyb-Adam-UM,85,2,56,HybAdamUM_completed_p85_rep02_seed56.csv,terminal:T4,terminal,1,0.07771,0.10971179964068882,0.03200179964068882,0.03200179964068882
Hyb-Adam-UM,85,2,56,HybAdamUM_completed_p85_rep02_seed56.csv,internal:T1|T2|T3|T4,internal,4,0.04682,0.0,-0.04682,0.04682
Hyb-Adam-UM,85,2,56,HybAdamUM_completed_p85_rep02_seed56.csv,terminal:T5,terminal,1,0.12997,0.09935270741714755,-0.03061729258285245,0.03061729258285245
Hyb-Adam-UM,85,2,56,HybAdamUM_completed_p85_rep02_seed56.csv,internal:T1|T2|T3|T4|T5,internal,5,0.03057,0.0,-0.03057,0.03057
Hyb-Adam-UM,85,2,56,HybAdamUM_completed_p85_rep02_seed56.csv,terminal:T6,terminal,1,0.14605,0.09833562746491752,-0.0477143725350825,0.0477143725350825
Hyb-Adam-UM,85,2,56,HybAdamUM_completed_p85_rep02_seed56.csv,internal:T1|T2|T3|T4|T5|T6,internal,6,0.0721,0.01030873235308591,-0.06179126764691409,0.06179126764691409
Hyb-Adam-UM,85,2,56,HybAdamUM_completed_p85_rep02_seed56.csv,internal:T10|T7|T8|T9,internal,4,0.08603,0.0,-0.08603,0.08603
Hyb-Adam-UM,85,2,56,HybAdamUM_completed_p85_rep02_seed56.csv,internal:T7|T8|T9,internal,3,0.05128,0.009249120187053768,-0.04203087981294623,0.04203087981294623
Hyb-Adam-UM,85,2,56,HybAdamUM_completed_p85_rep02_seed56.csv,internal:T7|T8,internal,2,0.02354,0.0,-0.02354,0.02354
Hyb-Adam-UM,85,2,56,HybAdamUM_completed_p85_rep02_seed56.csv,terminal:T7,terminal,1,0.11573,0.11043404035636462,-0.005295959643635384,0.005295959643635384
Hyb-Adam-UM,85,2,56,HybAdamUM_completed_p85_rep02_seed56.csv,terminal:T8,terminal,1,0.11535,0.10385116095922196,-0.01149883904077803,0.01149883904077803
Hyb-Adam-UM,85,2,56,HybAdamUM_completed_p85_rep02_seed56.csv,terminal:T9,terminal,1,0.12153,0.11035730185806669,-0.011172698141933307,0.011172698141933307
Hyb-Adam-UM,85,2,56,HybAdamUM_completed_p85_rep02_seed56.csv,terminal:T10,terminal,1,0.18189,0.11098065572046897,-0.07090934427953102,0.07090934427953102
Hyb-Adam-UM,85,2,56,HybAdamUM_completed_p85_rep02_seed56.csv,internal:T11|T12|T13|T14|T15,internal,5,0.11651,0.008700648453167722,-0.10780935154683229,0.10780935154683229
Hyb-Adam-UM,85,2,56,HybAdamUM_completed_p85_rep02_seed56.csv,internal:T11|T12,internal,2,0.22637,0.0,-0.22637,0.22637
Hyb-Adam-UM,85,2,56,HybAdamUM_completed_p85_rep02_seed56.csv,terminal:T11,terminal,1,0.16094,0.12408011217867515,-0.03685988782132485,0.03685988782132485
Hyb-Adam-UM,85,2,56,HybAdamUM_completed_p85_rep02_seed56.csv,terminal:T12,terminal,1,0.14942,0.12370963352830737,-0.025710366471692628,0.025710366471692628
Hyb-Adam-UM,85,2,56,HybAdamUM_completed_p85_rep02_seed56.csv,internal:T13|T14|T15,internal,3,0.18561,0.014535357110299863,-0.17107464288970015,0.17107464288970015
Hyb-Adam-UM,85,2,56,HybAdamUM_completed_p85_rep02_seed56.csv,terminal:T13,terminal,1,0.32149,0.12584609492917925,-0.19564390507082074,0.19564390507082074
Hyb-Adam-UM,85,2,56,HybAdamUM_completed_p85_rep02_seed56.csv,internal:T14|T15,internal,2,0.07113,0.0,-0.07113,0.07113
Hyb-Adam-UM,85,2,56,HybAdamUM_completed_p85_rep02_seed56.csv,terminal:T14,terminal,1,0.34439,0.1441782071629671,-0.2002117928370329,0.2002117928370329
Hyb-Adam-UM,85,2,56,HybAdamUM_completed_p85_rep02_seed56.csv,terminal:T15,terminal,1,0.24256,0.1335809202219461,-0.1089790797780539,0.1089790797780539
Hyb-Adam-UM,85,3,57,HybAdamUM_completed_p85_rep03_seed57.csv,terminal:T1,terminal,1,0.05696,0.08517660170899959,0.02821660170899959,0.02821660170899959
Hyb-Adam-UM,85,3,57,HybAdamUM_completed_p85_rep03_seed57.csv,internal:T2|T3,internal,2,0.03472,0.0,-0.03472,0.03472
Hyb-Adam-UM,85,3,57,HybAdamUM_completed_p85_rep03_seed57.csv,terminal:T2,terminal,1,0.02433,0.09429508065940474,0.06996508065940474,0.06996508065940474
Hyb-Adam-UM,85,3,57,HybAdamUM_completed_p85_rep03_seed57.csv,terminal:T3,terminal,1,0.02231,0.08513531893966,0.06282531893966001,0.06282531893966001
Hyb-Adam-UM,85,3,57,HybAdamUM_completed_p85_rep03_seed57.csv,internal:T1|T2|T3,internal,3,0.01863,0.0,-0.01863,0.01863
Hyb-Adam-UM,85,3,57,HybAdamUM_completed_p85_rep03_seed57.csv,terminal:T4,terminal,1,0.07771,0.08672960462111577,0.00901960462111577,0.00901960462111577
Hyb-Adam-UM,85,3,57,HybAdamUM_completed_p85_rep03_seed57.csv,internal:T1|T2|T3|T4,internal,4,0.04682,0.034057790956607076,-0.012762209043392925,0.012762209043392925
Hyb-Adam-UM,85,3,57,HybAdamUM_completed_p85_rep03_seed57.csv,terminal:T5,terminal,1,0.12997,0.11893584847636735,-0.011034151523632657,0.011034151523632657
Hyb-Adam-UM,85,3,57,HybAdamUM_completed_p85_rep03_seed57.csv,internal:T1|T2|T3|T4|T5,internal,5,0.03057,0.0,-0.03057,0.03057
Hyb-Adam-UM,85,3,57,HybAdamUM_completed_p85_rep03_seed57.csv,terminal:T6,terminal,1,0.14605,0.11244662669430341,-0.0336033733056966,0.0336033733056966
Hyb-Adam-UM,85,3,57,HybAdamUM_completed_p85_rep03_seed57.csv,internal:T1|T2|T3|T4|T5|T6,internal,6,0.0721,0.007369558546538547,-0.06473044145346145,0.06473044145346145
Hyb-Adam-UM,85,3,57,HybAdamUM_completed_p85_rep03_seed57.csv,internal:T10|T7|T8|T9,internal,4,0.08603,0.0,-0.08603,0.08603
Hyb-Adam-UM,85,3,57,HybAdamUM_completed_p85_rep03_seed57.csv,internal:T7|T8|T9,internal,3,0.05128,0.0,-0.05128,0.05128
Hyb-Adam-UM,85,3,57,HybAdamUM_completed_p85_rep03_seed57.csv,internal:T7|T8,internal,2,0.02354,0.0,-0.02354,0.02354
Hyb-Adam-UM,85,3,57,HybAdamUM_completed_p85_rep03_seed57.csv,terminal:T7,terminal,1,0.11573,0.14631887641639096,0.030588876416390964,0.030588876416390964
Hyb-Adam-UM,85,3,57,HybAdamUM_completed_p85_rep03_seed57.csv,terminal:T8,terminal,1,0.11535,0.11849611003822384,0.0031461100382238483,0.0031461100382238483
Hyb-Adam-UM,85,3,57,HybAdamUM_completed_p85_rep03_seed57.csv,terminal:T9,terminal,1,0.12153,0.15175383241519083,0.030223832415190832,0.030223832415190832
Hyb-Adam-UM,85,3,57,HybAdamUM_completed_p85_rep03_seed57.csv,terminal:T10,terminal,1,0.18189,0.11875403295610867,-0.06313596704389132,0.06313596704389132
Hyb-Adam-UM,85,3,57,HybAdamUM_completed_p85_rep03_seed57.csv,internal:T11|T12|T13|T14|T15,internal,5,0.11651,0.0036754560198788643,-0.11283454398012113,0.11283454398012113
Hyb-Adam-UM,85,3,57,HybAdamUM_completed_p85_rep03_seed57.csv,internal:T11|T12,internal,2,0.22637,0.0,-0.22637,0.22637
Hyb-Adam-UM,85,3,57,HybAdamUM_completed_p85_rep03_seed57.csv,terminal:T11,terminal,1,0.16094,0.15061067382115675,-0.010329326178843246,0.010329326178843246
Hyb-Adam-UM,85,3,57,HybAdamUM_completed_p85_rep03_seed57.csv,terminal:T12,terminal,1,0.14942,0.1268201395441897,-0.022599860455810306,0.022599860455810306
Hyb-Adam-UM,85,3,57,HybAdamUM_completed_p85_rep03_seed57.csv,internal:T13|T14|T15,internal,3,0.18561,0.005766812477371978,-0.179843187522628,0.179843187522628
Hyb-Adam-UM,85,3,57,HybAdamUM_completed_p85_rep03_seed57.csv,terminal:T13,terminal,1,0.32149,0.14085175727941052,-0.18063824272058948,0.18063824272058948
Hyb-Adam-UM,85,3,57,HybAdamUM_completed_p85_rep03_seed57.csv,internal:T14|T15,internal,2,0.07113,0.021827695614241773,-0.04930230438575822,0.04930230438575822
Hyb-Adam-UM,85,3,57,HybAdamUM_completed_p85_rep03_seed57.csv,terminal:T14,terminal,1,0.34439,0.1179858907138488,-0.22640410928615118,0.22640410928615118
Hyb-Adam-UM,85,3,57,HybAdamUM_completed_p85_rep03_seed57.csv,terminal:T15,terminal,1,0.24256,0.11788590106829357,-0.12467409893170643,0.12467409893170643
Hyb-Adam-UM,85,4,58,HybAdamUM_completed_p85_rep04_seed58.csv,terminal:T1,terminal,1,0.05696,0.08176464939134488,0.024804649391344885,0.024804649391344885
Hyb-Adam-UM,85,4,58,HybAdamUM_completed_p85_rep04_seed58.csv,internal:T2|T3,internal,2,0.03472,0.0,-0.03472,0.03472
Hyb-Adam-UM,85,4,58,HybAdamUM_completed_p85_rep04_seed58.csv,terminal:T2,terminal,1,0.02433,0.08160990009875181,0.05727990009875181,0.05727990009875181
Hyb-Adam-UM,85,4,58,HybAdamUM_completed_p85_rep04_seed58.csv,terminal:T3,terminal,1,0.02231,0.09161001962267368,0.06930001962267368,0.06930001962267368
Hyb-Adam-UM,85,4,58,HybAdamUM_completed_p85_rep04_seed58.csv,internal:T1|T2|T3,internal,3,0.01863,0.026497609741932875,0.007867609741932874,0.007867609741932874
Hyb-Adam-UM,85,4,58,HybAdamUM_completed_p85_rep04_seed58.csv,terminal:T4,terminal,1,0.07771,0.13760507892612306,0.05989507892612306,0.05989507892612306
Hyb-Adam-UM,85,4,58,HybAdamUM_completed_p85_rep04_seed58.csv,internal:T1|T2|T3|T4,internal,4,0.04682,0.0,-0.04682,0.04682
Hyb-Adam-UM,85,4,58,HybAdamUM_completed_p85_rep04_seed58.csv,terminal:T5,terminal,1,0.12997,0.10706958563260337,-0.022900414367396635,0.022900414367396635
Hyb-Adam-UM,85,4,58,HybAdamUM_completed_p85_rep04_seed58.csv,internal:T1|T2|T3|T4|T5,internal,5,0.03057,0.0,-0.03057,0.03057
Hyb-Adam-UM,85,4,58,HybAdamUM_completed_p85_rep04_seed58.csv,terminal:T6,terminal,1,0.14605,0.10680182307436298,-0.039248176925637035,0.039248176925637035
Hyb-Adam-UM,85,4,58,HybAdamUM_completed_p85_rep04_seed58.csv,internal:T1|T2|T3|T4|T5|T6,internal,6,0.0721,0.0019437738623028647,-0.07015622613769713,0.07015622613769713
Hyb-Adam-UM,85,4,58,HybAdamUM_completed_p85_rep04_seed58.csv,internal:T10|T7|T8|T9,internal,4,0.08603,0.0,-0.08603,0.08603
Hyb-Adam-UM,85,4,58,HybAdamUM_completed_p85_rep04_seed58.csv,internal:T7|T8|T9,internal,3,0.05128,0.0035506167006701876,-0.04772938329932981,0.04772938329932981
Hyb-Adam-UM,85,4,58,HybAdamUM_completed_p85_rep04_seed58.csv,internal:T7|T8,internal,2,0.02354,0.0,-0.02354,0.02354
Hyb-Adam-UM,85,4,58,HybAdamUM_completed_p85_rep04_seed58.csv,terminal:T7,terminal,1,0.11573,0.15029014893847523,0.03456014893847523,0.03456014893847523
Hyb-Adam-UM,85,4,58,HybAdamUM_completed_p85_rep04_seed58.csv,terminal:T8,terminal,1,0.11535,0.10385962496929724,-0.011490375030702757,0.011490375030702757
Hyb-Adam-UM,85,4,58,HybAdamUM_completed_p85_rep04_seed58.csv,terminal:T9,terminal,1,0.12153,0.1032458927967936,-0.018284107203206404,0.018284107203206404
Hyb-Adam-UM,85,4,58,HybAdamUM_completed_p85_rep04_seed58.csv,terminal:T10,terminal,1,0.18189,0.1129523558877785,-0.0689376441122215,0.0689376441122215
Hyb-Adam-UM,85,4,58,HybAdamUM_completed_p85_rep04_seed58.csv,internal:T11|T12|T13|T14|T15,internal,5,0.11651,0.015522513548823924,-0.10098748645117608,0.10098748645117608
Hyb-Adam-UM,85,4,58,HybAdamUM_completed_p85_rep04_seed58.csv,internal:T11|T12,internal,2,0.22637,0.002519039992052445,-0.22385096000794755,0.22385096000794755
Hyb-Adam-UM,85,4,58,HybAdamUM_completed_p85_rep04_seed58.csv,terminal:T11,terminal,1,0.16094,0.1297228200643732,-0.03121717993562681,0.03121717993562681
Hyb-Adam-UM,85,4,58,HybAdamUM_completed_p85_rep04_seed58.csv,terminal:T12,terminal,1,0.14942,0.12969373720941146,-0.019726262790588533,0.019726262790588533
Hyb-Adam-UM,85,4,58,HybAdamUM_completed_p85_rep04_seed58.csv,internal:T13|T14|T15,internal,3,0.18561,0.008069495579286762,-0.17754050442071323,0.17754050442071323
Hyb-Adam-UM,85,4,58,HybAdamUM_completed_p85_rep04_seed58.csv,terminal:T13,terminal,1,0.32149,0.12498091660581304,-0.19650908339418696,0.19650908339418696
Hyb-Adam-UM,85,4,58,HybAdamUM_completed_p85_rep04_seed58.csv,internal:T14|T15,internal,2,0.07113,0.01041609435646521,-0.060713905643534787,0.060713905643534787
Hyb-Adam-UM,85,4,58,HybAdamUM_completed_p85_rep04_seed58.csv,terminal:T14,terminal,1,0.34439,0.11774130180584619,-0.22664869819415379,0.22664869819415379
Hyb-Adam-UM,85,4,58,HybAdamUM_completed_p85_rep04_seed58.csv,terminal:T15,terminal,1,0.24256,0.1181304899762962,-0.1244295100237038,0.1244295100237038
Hyb-Adam-UM,85,5,59,HybAdamUM_completed_p85_rep05_seed59.csv,terminal:T1,terminal,1,0.05696,0.10199899291534083,0.04503899291534083,0.04503899291534083
Hyb-Adam-UM,85,5,59,HybAdamUM_completed_p85_rep05_seed59.csv,internal:T2|T3,internal,2,0.03472,0.0,-0.03472,0.03472
Hyb-Adam-UM,85,5,59,HybAdamUM_completed_p85_rep05_seed59.csv,terminal:T2,terminal,1,0.02433,0.10172447779482299,0.07739447779482299,0.07739447779482299
Hyb-Adam-UM,85,5,59,HybAdamUM_completed_p85_rep05_seed59.csv,terminal:T3,terminal,1,0.02231,0.11322620585872714,0.09091620585872714,0.09091620585872714
Hyb-Adam-UM,85,5,59,HybAdamUM_completed_p85_rep05_seed59.csv,internal:T1|T2|T3,internal,3,0.01863,0.02401391797640547,0.005383917976405469,0.005383917976405469
Hyb-Adam-UM,85,5,59,HybAdamUM_completed_p85_rep05_seed59.csv,terminal:T4,terminal,1,0.07771,0.13258471734700394,0.05487471734700394,0.05487471734700394
Hyb-Adam-UM,85,5,59,HybAdamUM_completed_p85_rep05_seed59.csv,internal:T1|T2|T3|T4,internal,4,0.04682,0.0,-0.04682,0.04682
Hyb-Adam-UM,85,5,59,HybAdamUM_completed_p85_rep05_seed59.csv,terminal:T5,terminal,1,0.12997,0.13276023957260177,0.0027902395726017715,0.0027902395726017715
Hyb-Adam-UM,85,5,59,HybAdamUM_completed_p85_rep05_seed59.csv,internal:T1|T2|T3|T4|T5,internal,5,0.03057,0.0022257664831139994,-0.028344233516886,0.028344233516886
Hyb-Adam-UM,85,5,59,HybAdamUM_completed_p85_rep05_seed59.csv,terminal:T6,terminal,1,0.14605,0.1383166733539699,-0.007733326646030103,0.007733326646030103
Hyb-Adam-UM,85,5,59,HybAdamUM_completed_p85_rep05_seed59.csv,internal:T1|T2|T3|T4|T5|T6,internal,6,0.0721,0.0,-0.0721,0.0721
Hyb-Adam-UM,85,5,59,HybAdamUM_completed_p85_rep05_seed59.csv,internal:T10|T7|T8|T9,internal,4,0.08603,0.007572354994979914,-0.07845764500502009,0.07845764500502009
Hyb-Adam-UM,85,5,59,HybAdamUM_completed_p85_rep05_seed59.csv,internal:T7|T8|T9,internal,3,0.05128,0.0,-0.05128,0.05128
Hyb-Adam-UM,85,5,59,HybAdamUM_completed_p85_rep05_seed59.csv,internal:T7|T8,internal,2,0.02354,0.0,-0.02354,0.02354
Hyb-Adam-UM,85,5,59,HybAdamUM_completed_p85_rep05_seed59.csv,terminal:T7,terminal,1,0.11573,0.13406080879222643,0.018330808792226427,0.018330808792226427
Hyb-Adam-UM,85,5,59,HybAdamUM_completed_p85_rep05_seed59.csv,terminal:T8,terminal,1,0.11535,0.1272751901745685,0.011925190174568515,0.011925190174568515
Hyb-Adam-UM,85,5,59,HybAdamUM_completed_p85_rep05_seed59.csv,terminal:T9,terminal,1,0.12153,0.1253965484348402,0.003866548434840189,0.003866548434840189
Hyb-Adam-UM,85,5,59,HybAdamUM_completed_p85_rep05_seed59.csv,terminal:T10,terminal,1,0.18189,0.12604801756470183,-0.05584198243529817,0.05584198243529817
Hyb-Adam-UM,85,5,59,HybAdamUM_completed_p85_rep05_seed59.csv,internal:T11|T12|T13|T14|T15,internal,5,0.11651,0.0,-0.11651,0.11651
Hyb-Adam-UM,85,5,59,HybAdamUM_completed_p85_rep05_seed59.csv,internal:T11|T12,internal,2,0.22637,0.0,-0.22637,0.22637
Hyb-Adam-UM,85,5,59,HybAdamUM_completed_p85_rep05_seed59.csv,terminal:T11,terminal,1,0.16094,0.13106251789263207,-0.02987748210736793,0.02987748210736793
Hyb-Adam-UM,85,5,59,HybAdamUM_completed_p85_rep05_seed59.csv,terminal:T12,terminal,1,0.14942,0.1336054591758652,-0.015814540824134804,0.015814540824134804
Hyb-Adam-UM,85,5,59,HybAdamUM_completed_p85_rep05_seed59.csv,internal:T13|T14|T15,internal,3,0.18561,0.001090667307760899,-0.1845193326922391,0.1845193326922391
Hyb-Adam-UM,85,5,59,HybAdamUM_completed_p85_rep05_seed59.csv,terminal:T13,terminal,1,0.32149,0.13582358667939765,-0.18566641332060235,0.18566641332060235
Hyb-Adam-UM,85,5,59,HybAdamUM_completed_p85_rep05_seed59.csv,internal:T14|T15,internal,2,0.07113,0.0009745465281450662,-0.07015545347185494,0.07015545347185494
Hyb-Adam-UM,85,5,59,HybAdamUM_completed_p85_rep05_seed59.csv,terminal:T14,terminal,1,0.34439,0.1423343123623313,-0.20205568763766868,0.20205568763766868
Hyb-Adam-UM,85,5,59,HybAdamUM_completed_p85_rep05_seed59.csv,terminal:T15,terminal,1,0.24256,0.13646918563326943,-0.10609081436673057,0.10609081436673057
Hyb-Adam-UM,85,6,60,HybAdamUM_completed_p85_rep06_seed60.csv,terminal:T1,terminal,1,0.05696,0.11081781428327152,0.05385781428327152,0.05385781428327152
Hyb-Adam-UM,85,6,60,HybAdamUM_completed_p85_rep06_seed60.csv,internal:T2|T3,internal,2,0.03472,0.0,-0.03472,0.03472
Hyb-Adam-UM,85,6,60,HybAdamUM_completed_p85_rep06_seed60.csv,terminal:T2,terminal,1,0.02433,0.14218521537245152,0.11785521537245151,0.11785521537245151
Hyb-Adam-UM,85,6,60,HybAdamUM_completed_p85_rep06_seed60.csv,terminal:T3,terminal,1,0.02231,0.11242882222733948,0.09011882222733948,0.09011882222733948
Hyb-Adam-UM,85,6,60,HybAdamUM_completed_p85_rep06_seed60.csv,internal:T1|T2|T3,internal,3,0.01863,0.0,-0.01863,0.01863
Hyb-Adam-UM,85,6,60,HybAdamUM_completed_p85_rep06_seed60.csv,terminal:T4,terminal,1,0.07771,0.14221195193664593,0.06450195193664593,0.06450195193664593
Hyb-Adam-UM,85,6,60,HybAdamUM_completed_p85_rep06_seed60.csv,internal:T1|T2|T3|T4,internal,4,0.04682,0.0,-0.04682,0.04682
Hyb-Adam-UM,85,6,60,HybAdamUM_completed_p85_rep06_seed60.csv,terminal:T5,terminal,1,0.12997,0.11978237976594634,-0.01018762023405366,0.01018762023405366
Hyb-Adam-UM,85,6,60,HybAdamUM_completed_p85_rep06_seed60.csv,internal:T1|T2|T3|T4|T5,internal,5,0.03057,0.0,-0.03057,0.03057
Hyb-Adam-UM,85,6,60,HybAdamUM_completed_p85_rep06_seed60.csv,terminal:T6,terminal,1,0.14605,0.11086119818592888,-0.035188801814071136,0.035188801814071136
Hyb-Adam-UM,85,6,60,HybAdamUM_completed_p85_rep06_seed60.csv,internal:T1|T2|T3|T4|T5|T6,internal,6,0.0721,0.0,-0.0721,0.0721
Hyb-Adam-UM,85,6,60,HybAdamUM_completed_p85_rep06_seed60.csv,internal:T10|T7|T8|T9,internal,4,0.08603,0.008931268174441741,-0.07709873182555825,0.07709873182555825
Hyb-Adam-UM,85,6,60,HybAdamUM_completed_p85_rep06_seed60.csv,internal:T7|T8|T9,internal,3,0.05128,0.0,-0.05128,0.05128
Hyb-Adam-UM,85,6,60,HybAdamUM_completed_p85_rep06_seed60.csv,internal:T7|T8,internal,2,0.02354,0.0,-0.02354,0.02354
Hyb-Adam-UM,85,6,60,HybAdamUM_completed_p85_rep06_seed60.csv,terminal:T7,terminal,1,0.11573,0.10286811202035419,-0.012861887979645811,0.012861887979645811
Hyb-Adam-UM,85,6,60,HybAdamUM_completed_p85_rep06_seed60.csv,terminal:T8,terminal,1,0.11535,0.13810419579716463,0.02275419579716463,0.02275419579716463
Hyb-Adam-UM,85,6,60,HybAdamUM_completed_p85_rep06_seed60.csv,terminal:T9,terminal,1,0.12153,0.10296130514823093,-0.01856869485176907,0.01856869485176907
Hyb-Adam-UM,85,6,60,HybAdamUM_completed_p85_rep06_seed60.csv,terminal:T10,terminal,1,0.18189,0.10574880040443255,-0.07614119959556745,0.07614119959556745
Hyb-Adam-UM,85,6,60,HybAdamUM_completed_p85_rep06_seed60.csv,internal:T11|T12|T13|T14|T15,internal,5,0.11651,0.01110062996703486,-0.10540937003296515,0.10540937003296515
Hyb-Adam-UM,85,6,60,HybAdamUM_completed_p85_rep06_seed60.csv,internal:T11|T12,internal,2,0.22637,0.04793607835582834,-0.17843392164417166,0.17843392164417166
Hyb-Adam-UM,85,6,60,HybAdamUM_completed_p85_rep06_seed60.csv,terminal:T11,terminal,1,0.16094,0.0865066601207118,-0.0744333398792882,0.0744333398792882
Hyb-Adam-UM,85,6,60,HybAdamUM_completed_p85_rep06_seed60.csv,terminal:T12,terminal,1,0.14942,0.0864824405308135,-0.0629375594691865,0.0629375594691865
Hyb-Adam-UM,85,6,60,HybAdamUM_completed_p85_rep06_seed60.csv,internal:T13|T14|T15,internal,3,0.18561,0.0024134637990914603,-0.18319653620090853,0.18319653620090853
Hyb-Adam-UM,85,6,60,HybAdamUM_completed_p85_rep06_seed60.csv,terminal:T13,terminal,1,0.32149,0.1362892606901905,-0.1852007393098095,0.1852007393098095
Hyb-Adam-UM,85,6,60,HybAdamUM_completed_p85_rep06_seed60.csv,internal:T14|T15,internal,2,0.07113,0.002500610892968681,-0.06862938910703131,0.06862938910703131
Hyb-Adam-UM,85,6,60,HybAdamUM_completed_p85_rep06_seed60.csv,terminal:T14,terminal,1,0.34439,0.14453638987060863,-0.19985361012939135,0.19985361012939135
Hyb-Adam-UM,85,6,60,HybAdamUM_completed_p85_rep06_seed60.csv,terminal:T15,terminal,1,0.24256,0.13875777253006122,-0.10380222746993878,0.10380222746993878
Hyb-Adam-UM,85,7,61,HybAdamUM_completed_p85_rep07_seed61.csv,terminal:T1,terminal,1,0.05696,0.12438053625374047,0.06742053625374048,0.06742053625374048
Hyb-Adam-UM,85,7,61,HybAdamUM_completed_p85_rep07_seed61.csv,internal:T2|T3,internal,2,0.03472,0.0,-0.03472,0.03472
Hyb-Adam-UM,85,7,61,HybAdamUM_completed_p85_rep07_seed61.csv,terminal:T2,terminal,1,0.02433,0.11367252149271512,0.08934252149271511,0.08934252149271511
Hyb-Adam-UM,85,7,61,HybAdamUM_completed_p85_rep07_seed61.csv,terminal:T3,terminal,1,0.02231,0.13133635890564072,0.10902635890564072,0.10902635890564072
Hyb-Adam-UM,85,7,61,HybAdamUM_completed_p85_rep07_seed61.csv,internal:T1|T2|T3,internal,3,0.01863,0.0,-0.01863,0.01863
Hyb-Adam-UM,85,7,61,HybAdamUM_completed_p85_rep07_seed61.csv,terminal:T4,terminal,1,0.07771,0.11353402097469058,0.035824020974690576,0.035824020974690576
Hyb-Adam-UM,85,7,61,HybAdamUM_completed_p85_rep07_seed61.csv,internal:T1|T2|T3|T4,internal,4,0.04682,0.0,-0.04682,0.04682
Hyb-Adam-UM,85,7,61,HybAdamUM_completed_p85_rep07_seed61.csv,terminal:T5,terminal,1,0.12997,0.11489087339060042,-0.015079126609399585,0.015079126609399585
Hyb-Adam-UM,85,7,61,HybAdamUM_completed_p85_rep07_seed61.csv,internal:T1|T2|T3|T4|T5,internal,5,0.03057,0.0,-0.03057,0.03057
Hyb-Adam-UM,85,7,61,HybAdamUM_completed_p85_rep07_seed61.csv,terminal:T6,terminal,1,0.14605,0.12436351420336388,-0.021686485796636137,0.021686485796636137
Hyb-Adam-UM,85,7,61,HybAdamUM_completed_p85_rep07_seed61.csv,internal:T1|T2|T3|T4|T5|T6,internal,6,0.0721,0.0,-0.0721,0.0721
Hyb-Adam-UM,85,7,61,HybAdamUM_completed_p85_rep07_seed61.csv,internal:T10|T7|T8|T9,internal,4,0.08603,0.010740850634538255,-0.07528914936546174,0.07528914936546174
Hyb-Adam-UM,85,7,61,HybAdamUM_completed_p85_rep07_seed61.csv,internal:T7|T8|T9,internal,3,0.05128,0.0,-0.05128,0.05128
Hyb-Adam-UM,85,7,61,HybAdamUM_completed_p85_rep07_seed61.csv,internal:T7|T8,internal,2,0.02354,0.0,-0.02354,0.02354
Hyb-Adam-UM,85,7,61,HybAdamUM_completed_p85_rep07_seed61.csv,terminal:T7,terminal,1,0.11573,0.10285580645713449,-0.012874193542865509,0.012874193542865509
Hyb-Adam-UM,85,7,61,HybAdamUM_completed_p85_rep07_seed61.csv,terminal:T8,terminal,1,0.11535,0.13478276609848827,0.019432766098488277,0.019432766098488277
Hyb-Adam-UM,85,7,61,HybAdamUM_completed_p85_rep07_seed61.csv,terminal:T9,terminal,1,0.12153,0.10288275911508789,-0.01864724088491211,0.01864724088491211
Hyb-Adam-UM,85,7,61,HybAdamUM_completed_p85_rep07_seed61.csv,terminal:T10,terminal,1,0.18189,0.1057259911142728,-0.07616400888572719,0.07616400888572719
Hyb-Adam-UM,85,7,61,HybAdamUM_completed_p85_rep07_seed61.csv,internal:T11|T12|T13|T14|T15,internal,5,0.11651,0.007770215591275002,-0.108739784408725,0.108739784408725
Hyb-Adam-UM,85,7,61,HybAdamUM_completed_p85_rep07_seed61.csv,internal:T11|T12,internal,2,0.22637,0.04178934554695662,-0.18458065445304336,0.18458065445304336
Hyb-Adam-UM,85,7,61,HybAdamUM_completed_p85_rep07_seed61.csv,terminal:T11,terminal,1,0.16094,0.0867381652422082,-0.0742018347577918,0.0742018347577918
Hyb-Adam-UM,85,7,61,HybAdamUM_completed_p85_rep07_seed61.csv,terminal:T12,terminal,1,0.14942,0.08625093540931705,-0.06316906459068294,0.06316906459068294
Hyb-Adam-UM,85,7,61,HybAdamUM_completed_p85_rep07_seed61.csv,internal:T13|T14|T15,internal,3,0.18561,0.005078533694072141,-0.18053146630592787,0.18053146630592787
Hyb-Adam-UM,85,7,61,HybAdamUM_completed_p85_rep07_seed61.csv,terminal:T13,terminal,1,0.32149,0.1340420566970686,-0.1874479433029314,0.1874479433029314
Hyb-Adam-UM,85,7,61,HybAdamUM_completed_p85_rep07_seed61.csv,internal:T14|T15,internal,2,0.07113,0.004917992278144636,-0.06621200772185536,0.06621200772185536
Hyb-Adam-UM,85,7,61,HybAdamUM_completed_p85_rep07_seed61.csv,terminal:T14,terminal,1,0.34439,0.14427889776810351,-0.20011110223189646,0.20011110223189646
Hyb-Adam-UM,85,7,61,HybAdamUM_completed_p85_rep07_seed61.csv,terminal:T15,terminal,1,0.24256,0.1386028439735386,-0.10395715602646141,0.10395715602646141
Hyb-Adam-UM,85,8,62,HybAdamUM_completed_p85_rep08_seed62.csv,terminal:T1,terminal,1,0.05696,0.09673300011952421,0.03977300011952421,0.03977300011952421
Hyb-Adam-UM,85,8,62,HybAdamUM_completed_p85_rep08_seed62.csv,internal:T2|T3,internal,2,0.03472,0.0,-0.03472,0.03472
Hyb-Adam-UM,85,8,62,HybAdamUM_completed_p85_rep08_seed62.csv,terminal:T2,terminal,1,0.02433,0.09701477764264603,0.07268477764264603,0.07268477764264603
Hyb-Adam-UM,85,8,62,HybAdamUM_completed_p85_rep08_seed62.csv,terminal:T3,terminal,1,0.02231,0.10274933523496131,0.08043933523496131,0.08043933523496131
Hyb-Adam-UM,85,8,62,HybAdamUM_completed_p85_rep08_seed62.csv,internal:T1|T2|T3,internal,3,0.01863,0.014049384990197682,-0.004580615009802318,0.004580615009802318
Hyb-Adam-UM,85,8,62,HybAdamUM_completed_p85_rep08_seed62.csv,terminal:T4,terminal,1,0.07771,0.10837678378199088,0.030666783781990878,0.030666783781990878
Hyb-Adam-UM,85,8,62,HybAdamUM_completed_p85_rep08_seed62.csv,internal:T1|T2|T3|T4,internal,4,0.04682,0.0,-0.04682,0.04682
Hyb-Adam-UM,85,8,62,HybAdamUM_completed_p85_rep08_seed62.csv,terminal:T5,terminal,1,0.12997,0.10847923061682639,-0.02149076938317361,0.02149076938317361
Hyb-Adam-UM,85,8,62,HybAdamUM_completed_p85_rep08_seed62.csv,internal:T1|T2|T3|T4|T5,internal,5,0.03057,0.0,-0.03057,0.03057
Hyb-Adam-UM,85,8,62,HybAdamUM_completed_p85_rep08_seed62.csv,terminal:T6,terminal,1,0.14605,0.11261146937886175,-0.03343853062113826,0.03343853062113826
Hyb-Adam-UM,85,8,62,HybAdamUM_completed_p85_rep08_seed62.csv,internal:T1|T2|T3|T4|T5|T6,internal,6,0.0721,0.003320108669832202,-0.06877989133016779,0.06877989133016779
Hyb-Adam-UM,85,8,62,HybAdamUM_completed_p85_rep08_seed62.csv,internal:T10|T7|T8|T9,internal,4,0.08603,0.0,-0.08603,0.08603
Hyb-Adam-UM,85,8,62,HybAdamUM_completed_p85_rep08_seed62.csv,internal:T7|T8|T9,internal,3,0.05128,0.012523054058770609,-0.03875694594122939,0.03875694594122939
Hyb-Adam-UM,85,8,62,HybAdamUM_completed_p85_rep08_seed62.csv,internal:T7|T8,internal,2,0.02354,0.0,-0.02354,0.02354
Hyb-Adam-UM,85,8,62,HybAdamUM_completed_p85_rep08_seed62.csv,terminal:T7,terminal,1,0.11573,0.10443219666849031,-0.01129780333150969,0.01129780333150969
Hyb-Adam-UM,85,8,62,HybAdamUM_completed_p85_rep08_seed62.csv,terminal:T8,terminal,1,0.11535,0.10731265976156504,-0.008037340238434956,0.008037340238434956
Hyb-Adam-UM,85,8,62,HybAdamUM_completed_p85_rep08_seed62.csv,terminal:T9,terminal,1,0.12153,0.10536522877813907,-0.016164771221860927,0.016164771221860927
Hyb-Adam-UM,85,8,62,HybAdamUM_completed_p85_rep08_seed62.csv,terminal:T10,terminal,1,0.18189,0.12170161559264327,-0.06018838440735673,0.06018838440735673
Hyb-Adam-UM,85,8,62,HybAdamUM_completed_p85_rep08_seed62.csv,internal:T11|T12|T13|T14|T15,internal,5,0.11651,0.009292784839194974,-0.10721721516080503,0.10721721516080503
Hyb-Adam-UM,85,8,62,HybAdamUM_completed_p85_rep08_seed62.csv,internal:T11|T12,internal,2,0.22637,0.03925953076725665,-0.18711046923274333,0.18711046923274333
Hyb-Adam-UM,85,8,62,HybAdamUM_completed_p85_rep08_seed62.csv,terminal:T11,terminal,1,0.16094,0.08687712473775701,-0.07406287526224299,0.07406287526224299
Hyb-Adam-UM,85,8,62,HybAdamUM_completed_p85_rep08_seed62.csv,terminal:T12,terminal,1,0.14942,0.08611197591376829,-0.0633080240862317,0.0633080240862317
Hyb-Adam-UM,85,8,62,HybAdamUM_completed_p85_rep08_seed62.csv,internal:T13|T14|T15,internal,3,0.18561,0.010554453634050671,-0.17505554636594933,0.17505554636594933
Hyb-Adam-UM,85,8,62,HybAdamUM_completed_p85_rep08_seed62.csv,terminal:T13,terminal,1,0.32149,0.14400609574154077,-0.17748390425845922,0.17748390425845922
Hyb-Adam-UM,85,8,62,HybAdamUM_completed_p85_rep08_seed62.csv,internal:T14|T15,internal,2,0.07113,0.0,-0.07113,0.07113
Hyb-Adam-UM,85,8,62,HybAdamUM_completed_p85_rep08_seed62.csv,terminal:T14,terminal,1,0.34439,0.14230210761440507,-0.2020878923855949,0.2020878923855949
Hyb-Adam-UM,85,8,62,HybAdamUM_completed_p85_rep08_seed62.csv,terminal:T15,terminal,1,0.24256,0.13365991901955945,-0.10890008098044054,0.10890008098044054
Hyb-Adam-UM,85,9,63,HybAdamUM_completed_p85_rep09_seed63.csv,terminal:T1,terminal,1,0.05696,0.07871732396668078,0.021757323966680786,0.021757323966680786
Hyb-Adam-UM,85,9,63,HybAdamUM_completed_p85_rep09_seed63.csv,internal:T2|T3,internal,2,0.03472,0.0,-0.03472,0.03472
Hyb-Adam-UM,85,9,63,HybAdamUM_completed_p85_rep09_seed63.csv,terminal:T2,terminal,1,0.02433,0.07879361065762112,0.05446361065762112,0.05446361065762112
Hyb-Adam-UM,85,9,63,HybAdamUM_completed_p85_rep09_seed63.csv,terminal:T3,terminal,1,0.02231,0.09416147897067621,0.07185147897067622,0.07185147897067622
Hyb-Adam-UM,85,9,63,HybAdamUM_completed_p85_rep09_seed63.csv,internal:T1|T2|T3,internal,3,0.01863,0.01662571907091453,-0.0020042809290854724,0.0020042809290854724
Hyb-Adam-UM,85,9,63,HybAdamUM_completed_p85_rep09_seed63.csv,terminal:T4,terminal,1,0.07771,0.13470444443052507,0.056994444430525065,0.056994444430525065
Hyb-Adam-UM,85,9,63,HybAdamUM_completed_p85_rep09_seed63.csv,internal:T1|T2|T3|T4,internal,4,0.04682,0.0,-0.04682,0.04682
Hyb-Adam-UM,85,9,63,HybAdamUM_completed_p85_rep09_seed63.csv,terminal:T5,terminal,1,0.12997,0.09799084954980783,-0.03197915045019217,0.03197915045019217
Hyb-Adam-UM,85,9,63,HybAdamUM_completed_p85_rep09_seed63.csv,internal:T1|T2|T3|T4|T5,internal,5,0.03057,0.0,-0.03057,0.03057
Hyb-Adam-UM,85,9,63,HybAdamUM_completed_p85_rep09_seed63.csv,terminal:T6,terminal,1,0.14605,0.09634283416594042,-0.0497071658340596,0.0497071658340596
Hyb-Adam-UM,85,9,63,HybAdamUM_completed_p85_rep09_seed63.csv,internal:T1|T2|T3|T4|T5|T6,internal,6,0.0721,0.00453695425477412,-0.06756304574522588,0.06756304574522588
Hyb-Adam-UM,85,9,63,HybAdamUM_completed_p85_rep09_seed63.csv,internal:T10|T7|T8|T9,internal,4,0.08603,0.0052077080630017385,-0.08082229193699826,0.08082229193699826
Hyb-Adam-UM,85,9,63,HybAdamUM_completed_p85_rep09_seed63.csv,internal:T7|T8|T9,internal,3,0.05128,0.0,-0.05128,0.05128
Hyb-Adam-UM,85,9,63,HybAdamUM_completed_p85_rep09_seed63.csv,internal:T7|T8,internal,2,0.02354,0.0,-0.02354,0.02354
Hyb-Adam-UM,85,9,63,HybAdamUM_completed_p85_rep09_seed63.csv,terminal:T7,terminal,1,0.11573,0.10391670806623103,-0.011813291933768968,0.011813291933768968
Hyb-Adam-UM,85,9,63,HybAdamUM_completed_p85_rep09_seed63.csv,terminal:T8,terminal,1,0.11535,0.10722720492826268,-0.008122795071737313,0.008122795071737313
Hyb-Adam-UM,85,9,63,HybAdamUM_completed_p85_rep09_seed63.csv,terminal:T9,terminal,1,0.12153,0.10232997817918654,-0.019200021820813457,0.019200021820813457
Hyb-Adam-UM,85,9,63,HybAdamUM_completed_p85_rep09_seed63.csv,terminal:T10,terminal,1,0.18189,0.10678184587074188,-0.07510815412925811,0.07510815412925811
Hyb-Adam-UM,85,9,63,HybAdamUM_completed_p85_rep09_seed63.csv,internal:T11|T12|T13|T14|T15,internal,5,0.11651,0.019371596651386123,-0.09713840334861387,0.09713840334861387
Hyb-Adam-UM,85,9,63,HybAdamUM_completed_p85_rep09_seed63.csv,internal:T11|T12,internal,2,0.22637,0.006174829926171773,-0.22019517007382822,0.22019517007382822
Hyb-Adam-UM,85,9,63,HybAdamUM_completed_p85_rep09_seed63.csv,terminal:T11,terminal,1,0.16094,0.12226202582761901,-0.03867797417238099,0.03867797417238099
Hyb-Adam-UM,85,9,63,HybAdamUM_completed_p85_rep09_seed63.csv,terminal:T12,terminal,1,0.14942,0.12215857920291646,-0.027261420797083533,0.027261420797083533
Hyb-Adam-UM,85,9,63,HybAdamUM_completed_p85_rep09_seed63.csv,internal:T13|T14|T15,internal,3,0.18561,0.004214516556152133,-0.18139548344384787,0.18139548344384787
Hyb-Adam-UM,85,9,63,HybAdamUM_completed_p85_rep09_seed63.csv,terminal:T13,terminal,1,0.32149,0.1405043882781215,-0.1809856117218785,0.1809856117218785
Hyb-Adam-UM,85,9,63,HybAdamUM_completed_p85_rep09_seed63.csv,internal:T14|T15,internal,2,0.07113,0.015279274514440944,-0.055850725485559055,0.055850725485559055
Hyb-Adam-UM,85,9,63,HybAdamUM_completed_p85_rep09_seed63.csv,terminal:T14,terminal,1,0.34439,0.12207395635458132,-0.22231604364541865,0.22231604364541865
Hyb-Adam-UM,85,9,63,HybAdamUM_completed_p85_rep09_seed63.csv,terminal:T15,terminal,1,0.24256,0.113797835427561,-0.128762164572439,0.128762164572439
Hyb-Adam-UM,85,10,64,HybAdamUM_completed_p85_rep10_seed64.csv,terminal:T1,terminal,1,0.05696,0.11465655005924219,0.057696550059242194,0.057696550059242194
Hyb-Adam-UM,85,10,64,HybAdamUM_completed_p85_rep10_seed64.csv,internal:T2|T3,internal,2,0.03472,0.0,-0.03472,0.03472
Hyb-Adam-UM,85,10,64,HybAdamUM_completed_p85_rep10_seed64.csv,terminal:T2,terminal,1,0.02433,0.12103382369967529,0.09670382369967528,0.09670382369967528
Hyb-Adam-UM,85,10,64,HybAdamUM_completed_p85_rep10_seed64.csv,terminal:T3,terminal,1,0.02231,0.11437871240996009,0.09206871240996009,0.09206871240996009
Hyb-Adam-UM,85,10,64,HybAdamUM_completed_p85_rep10_seed64.csv,internal:T1|T2|T3,internal,3,0.01863,0.0,-0.01863,0.01863
Hyb-Adam-UM,85,10,64,HybAdamUM_completed_p85_rep10_seed64.csv,terminal:T4,terminal,1,0.07771,0.12160715766895867,0.04389715766895867,0.04389715766895867
Hyb-Adam-UM,85,10,64,HybAdamUM_completed_p85_rep10_seed64.csv,internal:T1|T2|T3|T4,internal,4,0.04682,0.0,-0.04682,0.04682
Hyb-Adam-UM,85,10,64,HybAdamUM_completed_p85_rep10_seed64.csv,terminal:T5,terminal,1,0.12997,0.1147236002353224,-0.015246399764677607,0.015246399764677607
Hyb-Adam-UM,85,10,64,HybAdamUM_completed_p85_rep10_seed64.csv,internal:T1|T2|T3|T4|T5,internal,5,0.03057,0.0,-0.03057,0.03057
Hyb-Adam-UM,85,10,64,HybAdamUM_completed_p85_rep10_seed64.csv,terminal:T6,terminal,1,0.14605,0.11490525541886662,-0.031144744581133393,0.031144744581133393
Hyb-Adam-UM,85,10,64,HybAdamUM_completed_p85_rep10_seed64.csv,internal:T1|T2|T3|T4|T5|T6,internal,6,0.0721,0.006398559210005292,-0.06570144078999471,0.06570144078999471
Hyb-Adam-UM,85,10,64,HybAdamUM_completed_p85_rep10_seed64.csv,internal:T10|T7|T8|T9,internal,4,0.08603,0.0,-0.08603,0.08603
Hyb-Adam-UM,85,10,64,HybAdamUM_completed_p85_rep10_seed64.csv,internal:T7|T8|T9,internal,3,0.05128,0.014169143050963666,-0.03711085694903633,0.03711085694903633
Hyb-Adam-UM,85,10,64,HybAdamUM_completed_p85_rep10_seed64.csv,internal:T7|T8,internal,2,0.02354,0.0,-0.02354,0.02354
Hyb-Adam-UM,85,10,64,HybAdamUM_completed_p85_rep10_seed64.csv,terminal:T7,terminal,1,0.11573,0.10850367794081259,-0.007226322059187412,0.007226322059187412
Hyb-Adam-UM,85,10,64,HybAdamUM_completed_p85_rep10_seed64.csv,terminal:T8,terminal,1,0.11535,0.12946410355710555,0.014114103557105559,0.014114103557105559
Hyb-Adam-UM,85,10,64,HybAdamUM_completed_p85_rep10_seed64.csv,terminal:T9,terminal,1,0.12153,0.10858193728660523,-0.01294806271339477,0.01294806271339477
Hyb-Adam-UM,85,10,64,HybAdamUM_completed_p85_rep10_seed64.csv,terminal:T10,terminal,1,0.18189,0.12014311359052908,-0.061746886409470916,0.061746886409470916
Hyb-Adam-UM,85,10,64,HybAdamUM_completed_p85_rep10_seed64.csv,internal:T11|T12|T13|T14|T15,internal,5,0.11651,0.007969456262237544,-0.10854054373776245,0.10854054373776245
Hyb-Adam-UM,85,10,64,HybAdamUM_completed_p85_rep10_seed64.csv,internal:T11|T12,internal,2,0.22637,0.0,-0.22637,0.22637
Hyb-Adam-UM,85,10,64,HybAdamUM_completed_p85_rep10_seed64.csv,terminal:T11,terminal,1,0.16094,0.13121087852109073,-0.02972912147890927,0.02972912147890927
Hyb-Adam-UM,85,10,64,HybAdamUM_completed_p85_rep10_seed64.csv,terminal:T12,terminal,1,0.14942,0.1362020473699539,-0.013217952630046104,0.013217952630046104
Hyb-Adam-UM,85,10,64,HybAdamUM_completed_p85_rep10_seed64.csv,internal:T13|T14|T15,internal,3,0.18561,0.0011824913307915492,-0.18442750866920846,0.18442750866920846
Hyb-Adam-UM,85,10,64,HybAdamUM_completed_p85_rep10_seed64.csv,terminal:T13,terminal,1,0.32149,0.13402082993799755,-0.18746917006200245,0.18746917006200245
Hyb-Adam-UM,85,10,64,HybAdamUM_completed_p85_rep10_seed64.csv,internal:T14|T15,internal,2,0.07113,0.0005954815443173513,-0.07053451845568265,0.07053451845568265
Hyb-Adam-UM,85,10,64,HybAdamUM_completed_p85_rep10_seed64.csv,terminal:T14,terminal,1,0.34439,0.15575966983340347,-0.1886303301665965,0.1886303301665965
Hyb-Adam-UM,85,10,64,HybAdamUM_completed_p85_rep10_seed64.csv,terminal:T15,terminal,1,0.24256,0.13486735662699104,-0.10769264337300896,0.10769264337300896
Hyb-Adam-UM,85,11,65,HybAdamUM_completed_p85_rep11_seed65.csv,terminal:T1,terminal,1,0.05696,0.08471165442699623,0.02775165442699623,0.02775165442699623
Hyb-Adam-UM,85,11,65,HybAdamUM_completed_p85_rep11_seed65.csv,internal:T2|T3,internal,2,0.03472,0.0,-0.03472,0.03472
Hyb-Adam-UM,85,11,65,HybAdamUM_completed_p85_rep11_seed65.csv,terminal:T2,terminal,1,0.02433,0.13417833977789473,0.10984833977789472,0.10984833977789472
Hyb-Adam-UM,85,11,65,HybAdamUM_completed_p85_rep11_seed65.csv,terminal:T3,terminal,1,0.02231,0.08470379206571066,0.06239379206571066,0.06239379206571066
Hyb-Adam-UM,85,11,65,HybAdamUM_completed_p85_rep11_seed65.csv,internal:T1|T2|T3,internal,3,0.01863,0.0,-0.01863,0.01863
Hyb-Adam-UM,85,11,65,HybAdamUM_completed_p85_rep11_seed65.csv,terminal:T4,terminal,1,0.07771,0.090387762158655,0.012677762158655001,0.012677762158655001
Hyb-Adam-UM,85,11,65,HybAdamUM_completed_p85_rep11_seed65.csv,internal:T1|T2|T3|T4,internal,4,0.04682,0.0,-0.04682,0.04682
Hyb-Adam-UM,85,11,65,HybAdamUM_completed_p85_rep11_seed65.csv,terminal:T5,terminal,1,0.12997,0.08923208646036423,-0.04073791353963577,0.04073791353963577
Hyb-Adam-UM,85,11,65,HybAdamUM_completed_p85_rep11_seed65.csv,internal:T1|T2|T3|T4|T5,internal,5,0.03057,0.0,-0.03057,0.03057
Hyb-Adam-UM,85,11,65,HybAdamUM_completed_p85_rep11_seed65.csv,terminal:T6,terminal,1,0.14605,0.0927012690215526,-0.05334873097844742,0.05334873097844742
Hyb-Adam-UM,85,11,65,HybAdamUM_completed_p85_rep11_seed65.csv,internal:T1|T2|T3|T4|T5|T6,internal,6,0.0721,0.02889600582282824,-0.04320399417717176,0.04320399417717176
Hyb-Adam-UM,85,11,65,HybAdamUM_completed_p85_rep11_seed65.csv,internal:T10|T7|T8|T9,internal,4,0.08603,0.0,-0.08603,0.08603
Hyb-Adam-UM,85,11,65,HybAdamUM_completed_p85_rep11_seed65.csv,internal:T7|T8|T9,internal,3,0.05128,0.0,-0.05128,0.05128
Hyb-Adam-UM,85,11,65,HybAdamUM_completed_p85_rep11_seed65.csv,internal:T7|T8,internal,2,0.02354,0.0,-0.02354,0.02354
Hyb-Adam-UM,85,11,65,HybAdamUM_completed_p85_rep11_seed65.csv,terminal:T7,terminal,1,0.11573,0.14322630002757447,0.027496300027574472,0.027496300027574472
Hyb-Adam-UM,85,11,65,HybAdamUM_completed_p85_rep11_seed65.csv,terminal:T8,terminal,1,0.11535,0.11748091936774223,0.0021309193677422344,0.0021309193677422344
Hyb-Adam-UM,85,11,65,HybAdamUM_completed_p85_rep11_seed65.csv,terminal:T9,terminal,1,0.12153,0.14265161999910322,0.021121619999103225,0.021121619999103225
Hyb-Adam-UM,85,11,65,HybAdamUM_completed_p85_rep11_seed65.csv,terminal:T10,terminal,1,0.18189,0.1196621035954855,-0.062227896404514496,0.062227896404514496
Hyb-Adam-UM,85,11,65,HybAdamUM_completed_p85_rep11_seed65.csv,internal:T11|T12|T13|T14|T15,internal,5,0.11651,0.009082623422292322,-0.10742737657770768,0.10742737657770768
Hyb-Adam-UM,85,11,65,HybAdamUM_completed_p85_rep11_seed65.csv,internal:T11|T12,internal,2,0.22637,0.013234848971071059,-0.21313515102892894,0.21313515102892894
Hyb-Adam-UM,85,11,65,HybAdamUM_completed_p85_rep11_seed65.csv,terminal:T11,terminal,1,0.16094,0.12652387348058913,-0.03441612651941087,0.03441612651941087
Hyb-Adam-UM,85,11,65,HybAdamUM_completed_p85_rep11_seed65.csv,terminal:T12,terminal,1,0.14942,0.12629193046783135,-0.023128069532168644,0.023128069532168644
Hyb-Adam-UM,85,11,65,HybAdamUM_completed_p85_rep11_seed65.csv,internal:T13|T14|T15,internal,3,0.18561,0.0058503798494390895,-0.1797596201505609,0.1797596201505609
Hyb-Adam-UM,85,11,65,HybAdamUM_completed_p85_rep11_seed65.csv,terminal:T13,terminal,1,0.32149,0.13332510796215297,-0.18816489203784703,0.18816489203784703
Hyb-Adam-UM,85,11,65,HybAdamUM_completed_p85_rep11_seed65.csv,internal:T14|T15,internal,2,0.07113,0.0,-0.07113,0.07113
Hyb-Adam-UM,85,11,65,HybAdamUM_completed_p85_rep11_seed65.csv,terminal:T14,terminal,1,0.34439,0.13758437645736907,-0.2068056235426309,0.2068056235426309
Hyb-Adam-UM,85,11,65,HybAdamUM_completed_p85_rep11_seed65.csv,terminal:T15,terminal,1,0.24256,0.1335274906275605,-0.1090325093724395,0.1090325093724395
Hyb-Adam-UM,85,12,66,HybAdamUM_completed_p85_rep12_seed66.csv,terminal:T1,terminal,1,0.05696,0.11253158768724436,0.055571587687244364,0.055571587687244364
Hyb-Adam-UM,85,12,66,HybAdamUM_completed_p85_rep12_seed66.csv,internal:T2|T3,internal,2,0.03472,0.0,-0.03472,0.03472
Hyb-Adam-UM,85,12,66,HybAdamUM_completed_p85_rep12_seed66.csv,terminal:T2,terminal,1,0.02433,0.1118239739634082,0.08749397396340819,0.08749397396340819
Hyb-Adam-UM,85,12,66,HybAdamUM_completed_p85_rep12_seed66.csv,terminal:T3,terminal,1,0.02231,0.13440788194565123,0.11209788194565123,0.11209788194565123
Hyb-Adam-UM,85,12,66,HybAdamUM_completed_p85_rep12_seed66.csv,internal:T1|T2|T3,internal,3,0.01863,0.0,-0.01863,0.01863
Hyb-Adam-UM,85,12,66,HybAdamUM_completed_p85_rep12_seed66.csv,terminal:T4,terminal,1,0.07771,0.108878662060659,0.031168662060659005,0.031168662060659005
Hyb-Adam-UM,85,12,66,HybAdamUM_completed_p85_rep12_seed66.csv,internal:T1|T2|T3|T4,internal,4,0.04682,0.0,-0.04682,0.04682
Hyb-Adam-UM,85,12,66,HybAdamUM_completed_p85_rep12_seed66.csv,terminal:T5,terminal,1,0.12997,0.1414795579128342,0.0115095579128342,0.0115095579128342
Hyb-Adam-UM,85,12,66,HybAdamUM_completed_p85_rep12_seed66.csv,internal:T1|T2|T3|T4|T5,internal,5,0.03057,0.0,-0.03057,0.03057
Hyb-Adam-UM,85,12,66,HybAdamUM_completed_p85_rep12_seed66.csv,terminal:T6,terminal,1,0.14605,0.10898511428217303,-0.037064885717826984,0.037064885717826984
Hyb-Adam-UM,85,12,66,HybAdamUM_completed_p85_rep12_seed66.csv,internal:T1|T2|T3|T4|T5|T6,internal,6,0.0721,0.0,-0.0721,0.0721
Hyb-Adam-UM,85,12,66,HybAdamUM_completed_p85_rep12_seed66.csv,internal:T10|T7|T8|T9,internal,4,0.08603,0.0,-0.08603,0.08603
Hyb-Adam-UM,85,12,66,HybAdamUM_completed_p85_rep12_seed66.csv,internal:T7|T8|T9,internal,3,0.05128,0.0,-0.05128,0.05128
Hyb-Adam-UM,85,12,66,HybAdamUM_completed_p85_rep12_seed66.csv,internal:T7|T8,internal,2,0.02354,0.039943855013042574,0.016403855013042576,0.016403855013042576
Hyb-Adam-UM,85,12,66,HybAdamUM_completed_p85_rep12_seed66.csv,terminal:T7,terminal,1,0.11573,0.07354598432520389,-0.04218401567479611,0.04218401567479611
Hyb-Adam-UM,85,12,66,HybAdamUM_completed_p85_rep12_seed66.csv,terminal:T8,terminal,1,0.11535,0.07345570751012412,-0.041894292489875876,0.041894292489875876
Hyb-Adam-UM,85,12,66,HybAdamUM_completed_p85_rep12_seed66.csv,terminal:T9,terminal,1,0.12153,0.14156776713481387,0.020037767134813866,0.020037767134813866
Hyb-Adam-UM,85,12,66,HybAdamUM_completed_p85_rep12_seed66.csv,terminal:T10,terminal,1,0.18189,0.11588287009695326,-0.06600712990304673,0.06600712990304673
Hyb-Adam-UM,85,12,66,HybAdamUM_completed_p85_rep12_seed66.csv,internal:T11|T12|T13|T14|T15,internal,5,0.11651,0.010229011362201997,-0.106280988637798,0.106280988637798
Hyb-Adam-UM,85,12,66,HybAdamUM_completed_p85_rep12_seed66.csv,internal:T11|T12,internal,2,0.22637,0.0005835585655694148,-0.22578644143443058,0.22578644143443058
Hyb-Adam-UM,85,12,66,HybAdamUM_completed_p85_rep12_seed66.csv,terminal:T11,terminal,1,0.16094,0.1299592786332498,-0.030980721366750202,0.030980721366750202
Hyb-Adam-UM,85,12,66,HybAdamUM_completed_p85_rep12_seed66.csv,terminal:T12,terminal,1,0.14942,0.12991604822022096,-0.01950395177977904,0.01950395177977904
Hyb-Adam-UM,85,12,66,HybAdamUM_completed_p85_rep12_seed66.csv,internal:T13|T14|T15,internal,3,0.18561,0.009060883659986545,-0.17654911634001344,0.17654911634001344
Hyb-Adam-UM,85,12,66,HybAdamUM_completed_p85_rep12_seed66.csv,terminal:T13,terminal,1,0.32149,0.13440179749944736,-0.18708820250055264,0.18708820250055264
Hyb-Adam-UM,85,12,66,HybAdamUM_completed_p85_rep12_seed66.csv,internal:T14|T15,internal,2,0.07113,0.0,-0.07113,0.07113
Hyb-Adam-UM,85,12,66,HybAdamUM_completed_p85_rep12_seed66.csv,terminal:T14,terminal,1,0.34439,0.13640379868416164,-0.20798620131583834,0.20798620131583834
Hyb-Adam-UM,85,12,66,HybAdamUM_completed_p85_rep12_seed66.csv,terminal:T15,terminal,1,0.24256,0.13116446888721334,-0.11139553111278666,0.11139553111278666
Hyb-Adam-UM,85,13,67,HybAdamUM_completed_p85_rep13_seed67.csv,terminal:T1,terminal,1,0.05696,0.1301604128185018,0.0732004128185018,0.0732004128185018
Hyb-Adam-UM,85,13,67,HybAdamUM_completed_p85_rep13_seed67.csv,internal:T2|T3,internal,2,0.03472,0.0,-0.03472,0.03472
Hyb-Adam-UM,85,13,67,HybAdamUM_completed_p85_rep13_seed67.csv,terminal:T2,terminal,1,0.02433,0.1006504444843636,0.07632044448436359,0.07632044448436359
Hyb-Adam-UM,85,13,67,HybAdamUM_completed_p85_rep13_seed67.csv,terminal:T3,terminal,1,0.02231,0.11020384187821725,0.08789384187821725,0.08789384187821725
Hyb-Adam-UM,85,13,67,HybAdamUM_completed_p85_rep13_seed67.csv,internal:T1|T2|T3,internal,3,0.01863,0.0,-0.01863,0.01863
Hyb-Adam-UM,85,13,67,HybAdamUM_completed_p85_rep13_seed67.csv,terminal:T4,terminal,1,0.07771,0.10104352729313713,0.023333527293137132,0.023333527293137132
Hyb-Adam-UM,85,13,67,HybAdamUM_completed_p85_rep13_seed67.csv,internal:T1|T2|T3|T4,internal,4,0.04682,0.0,-0.04682,0.04682
Hyb-Adam-UM,85,13,67,HybAdamUM_completed_p85_rep13_seed67.csv,terminal:T5,terminal,1,0.12997,0.10107272870802138,-0.028897271291978624,0.028897271291978624
Hyb-Adam-UM,85,13,67,HybAdamUM_completed_p85_rep13_seed67.csv,internal:T1|T2|T3|T4|T5,internal,5,0.03057,0.015829737888321985,-0.014740262111678015,0.014740262111678015
Hyb-Adam-UM,85,13,67,HybAdamUM_completed_p85_rep13_seed67.csv,terminal:T6,terminal,1,0.14605,0.14051957766382348,-0.005530422336176538,0.005530422336176538
Hyb-Adam-UM,85,13,67,HybAdamUM_completed_p85_rep13_seed67.csv,internal:T1|T2|T3|T4|T5|T6,internal,6,0.0721,0.0,-0.0721,0.0721
Hyb-Adam-UM,85,13,67,HybAdamUM_completed_p85_rep13_seed67.csv,internal:T10|T7|T8|T9,internal,4,0.08603,0.0,-0.08603,0.08603
Hyb-Adam-UM,85,13,67,HybAdamUM_completed_p85_rep13_seed67.csv,internal:T7|T8|T9,internal,3,0.05128,0.00696075937921729,-0.04431924062078271,0.04431924062078271
Hyb-Adam-UM,85,13,67,HybAdamUM_completed_p85_rep13_seed67.csv,internal:T7|T8,internal,2,0.02354,0.0,-0.02354,0.02354
Hyb-Adam-UM,85,13,67,HybAdamUM_completed_p85_rep13_seed67.csv,terminal:T7,terminal,1,0.11573,0.13574725969046741,0.020017259690467415,0.020017259690467415
Hyb-Adam-UM,85,13,67,HybAdamUM_completed_p85_rep13_seed67.csv,terminal:T8,terminal,1,0.11535,0.10712402954860142,-0.00822597045139857,0.00822597045139857
Hyb-Adam-UM,85,13,67,HybAdamUM_completed_p85_rep13_seed67.csv,terminal:T9,terminal,1,0.12153,0.10842045770070427,-0.013109542299295729,0.013109542299295729
Hyb-Adam-UM,85,13,67,HybAdamUM_completed_p85_rep13_seed67.csv,terminal:T10,terminal,1,0.18189,0.1409963760730198,-0.040893623926980205,0.040893623926980205
Hyb-Adam-UM,85,13,67,HybAdamUM_completed_p85_rep13_seed67.csv,internal:T11|T12|T13|T14|T15,internal,5,0.11651,0.0065793575386882954,-0.1099306424613117,0.1099306424613117
Hyb-Adam-UM,85,13,67,HybAdamUM_completed_p85_rep13_seed67.csv,internal:T11|T12,internal,2,0.22637,0.0,-0.22637,0.22637
Hyb-Adam-UM,85,13,67,HybAdamUM_completed_p85_rep13_seed67.csv,terminal:T11,terminal,1,0.16094,0.13187960620570127,-0.029060393794298728,0.029060393794298728
Hyb-Adam-UM,85,13,67,HybAdamUM_completed_p85_rep13_seed67.csv,terminal:T12,terminal,1,0.14942,0.1450409999740077,-0.004379000025992286,0.004379000025992286
Hyb-Adam-UM,85,13,67,HybAdamUM_completed_p85_rep13_seed67.csv,internal:T13|T14|T15,internal,3,0.18561,0.0063615148505514274,-0.17924848514944858,0.17924848514944858
Hyb-Adam-UM,85,13,67,HybAdamUM_completed_p85_rep13_seed67.csv,terminal:T13,terminal,1,0.32149,0.12983158774766385,-0.19165841225233615,0.19165841225233615
Hyb-Adam-UM,85,13,67,HybAdamUM_completed_p85_rep13_seed67.csv,internal:T14|T15,internal,2,0.07113,0.0,-0.07113,0.07113
Hyb-Adam-UM,85,13,67,HybAdamUM_completed_p85_rep13_seed67.csv,terminal:T14,terminal,1,0.34439,0.13428309336314545,-0.21010690663685452,0.21010690663685452
Hyb-Adam-UM,85,13,67,HybAdamUM_completed_p85_rep13_seed67.csv,terminal:T15,terminal,1,0.24256,0.12961670596937916,-0.11294329403062084,0.11294329403062084
Hyb-Adam-UM,85,14,68,HybAdamUM_completed_p85_rep14_seed68.csv,terminal:T1,terminal,1,0.05696,0.10993806409070754,0.052978064090707544,0.052978064090707544
Hyb-Adam-UM,85,14,68,HybAdamUM_completed_p85_rep14_seed68.csv,internal:T2|T3,internal,2,0.03472,0.0,-0.03472,0.03472
Hyb-Adam-UM,85,14,68,HybAdamUM_completed_p85_rep14_seed68.csv,terminal:T2,terminal,1,0.02433,0.1444888103077331,0.12015881030773311,0.12015881030773311
Hyb-Adam-UM,85,14,68,HybAdamUM_completed_p85_rep14_seed68.csv,terminal:T3,terminal,1,0.02231,0.10553082467908755,0.08322082467908755,0.08322082467908755
Hyb-Adam-UM,85,14,68,HybAdamUM_completed_p85_rep14_seed68.csv,internal:T1|T2|T3,internal,3,0.01863,0.0,-0.01863,0.01863
Hyb-Adam-UM,85,14,68,HybAdamUM_completed_p85_rep14_seed68.csv,terminal:T4,terminal,1,0.07771,0.11010540838181937,0.03239540838181937,0.03239540838181937
Hyb-Adam-UM,85,14,68,HybAdamUM_completed_p85_rep14_seed68.csv,internal:T1|T2|T3|T4,internal,4,0.04682,0.0,-0.04682,0.04682
Hyb-Adam-UM,85,14,68,HybAdamUM_completed_p85_rep14_seed68.csv,terminal:T5,terminal,1,0.12997,0.10875988143341302,-0.021210118566586986,0.021210118566586986
Hyb-Adam-UM,85,14,68,HybAdamUM_completed_p85_rep14_seed68.csv,internal:T1|T2|T3|T4|T5,internal,5,0.03057,0.0,-0.03057,0.03057
Hyb-Adam-UM,85,14,68,HybAdamUM_completed_p85_rep14_seed68.csv,terminal:T6,terminal,1,0.14605,0.10549753672016533,-0.04055246327983468,0.04055246327983468
Hyb-Adam-UM,85,14,68,HybAdamUM_completed_p85_rep14_seed68.csv,internal:T1|T2|T3|T4|T5|T6,internal,6,0.0721,0.0,-0.0721,0.0721
Hyb-Adam-UM,85,14,68,HybAdamUM_completed_p85_rep14_seed68.csv,internal:T10|T7|T8|T9,internal,4,0.08603,0.004790604254034637,-0.08123939574596536,0.08123939574596536
Hyb-Adam-UM,85,14,68,HybAdamUM_completed_p85_rep14_seed68.csv,internal:T7|T8|T9,internal,3,0.05128,0.0,-0.05128,0.05128
Hyb-Adam-UM,85,14,68,HybAdamUM_completed_p85_rep14_seed68.csv,internal:T7|T8,internal,2,0.02354,0.033010826748343984,0.009470826748343986,0.009470826748343986
Hyb-Adam-UM,85,14,68,HybAdamUM_completed_p85_rep14_seed68.csv,terminal:T7,terminal,1,0.11573,0.07347687212320897,-0.04225312787679103,0.04225312787679103
Hyb-Adam-UM,85,14,68,HybAdamUM_completed_p85_rep14_seed68.csv,terminal:T8,terminal,1,0.11535,0.07352481971211897,-0.04182518028788103,0.04182518028788103
Hyb-Adam-UM,85,14,68,HybAdamUM_completed_p85_rep14_seed68.csv,terminal:T9,terminal,1,0.12153,0.1057906949047956,-0.015739305095204395,0.015739305095204395
Hyb-Adam-UM,85,14,68,HybAdamUM_completed_p85_rep14_seed68.csv,terminal:T10,terminal,1,0.18189,0.1060027121440442,-0.07588728785595579,0.07588728785595579
Hyb-Adam-UM,85,14,68,HybAdamUM_completed_p85_rep14_seed68.csv,internal:T11|T12|T13|T14|T15,internal,5,0.11651,0.015579825124219446,-0.10093017487578056,0.10093017487578056
Hyb-Adam-UM,85,14,68,HybAdamUM_completed_p85_rep14_seed68.csv,internal:T11|T12,internal,2,0.22637,0.0,-0.22637,0.22637
Hyb-Adam-UM,85,14,68,HybAdamUM_completed_p85_rep14_seed68.csv,terminal:T11,terminal,1,0.16094,0.12508589238621023,-0.035854107613789765,0.035854107613789765
Hyb-Adam-UM,85,14,68,HybAdamUM_completed_p85_rep14_seed68.csv,terminal:T12,terminal,1,0.14942,0.13343512254254006,-0.01598487745745994,0.01598487745745994
Hyb-Adam-UM,85,14,68,HybAdamUM_completed_p85_rep14_seed68.csv,internal:T13|T14|T15,internal,3,0.18561,0.006922145724402762,-0.17868785427559725,0.17868785427559725
Hyb-Adam-UM,85,14,68,HybAdamUM_completed_p85_rep14_seed68.csv,terminal:T13,terminal,1,0.32149,0.13872080871651657,-0.18276919128348343,0.18276919128348343
Hyb-Adam-UM,85,14,68,HybAdamUM_completed_p85_rep14_seed68.csv,internal:T14|T15,internal,2,0.07113,0.0,-0.07113,0.07113
Hyb-Adam-UM,85,14,68,HybAdamUM_completed_p85_rep14_seed68.csv,terminal:T14,terminal,1,0.34439,0.14350177994595886,-0.2008882200540411,0.2008882200540411
Hyb-Adam-UM,85,14,68,HybAdamUM_completed_p85_rep14_seed68.csv,terminal:T15,terminal,1,0.24256,0.13394739387733445,-0.10861260612266554,0.10861260612266554
Hyb-Adam-UM,85,15,69,HybAdamUM_completed_p85_rep15_seed69.csv,terminal:T1,terminal,1,0.05696,0.1278004386542843,0.07084043865428431,0.07084043865428431
Hyb-Adam-UM,85,15,69,HybAdamUM_completed_p85_rep15_seed69.csv,internal:T2|T3,internal,2,0.03472,0.006154224192257894,-0.028565775807742107,0.028565775807742107
Hyb-Adam-UM,85,15,69,HybAdamUM_completed_p85_rep15_seed69.csv,terminal:T2,terminal,1,0.02433,0.11084673809881201,0.08651673809881201,0.08651673809881201
Hyb-Adam-UM,85,15,69,HybAdamUM_completed_p85_rep15_seed69.csv,terminal:T3,terminal,1,0.02231,0.10614995913585933,0.08383995913585933,0.08383995913585933
Hyb-Adam-UM,85,15,69,HybAdamUM_completed_p85_rep15_seed69.csv,internal:T1|T2|T3,internal,3,0.01863,0.0,-0.01863,0.01863
Hyb-Adam-UM,85,15,69,HybAdamUM_completed_p85_rep15_seed69.csv,terminal:T4,terminal,1,0.07771,0.12901049138956697,0.051300491389566966,0.051300491389566966
Hyb-Adam-UM,85,15,69,HybAdamUM_completed_p85_rep15_seed69.csv,internal:T1|T2|T3|T4,internal,4,0.04682,0.0,-0.04682,0.04682
Hyb-Adam-UM,85,15,69,HybAdamUM_completed_p85_rep15_seed69.csv,terminal:T5,terminal,1,0.12997,0.12908294515181318,-0.0008870548481868246,0.0008870548481868246
Hyb-Adam-UM,85,15,69,HybAdamUM_completed_p85_rep15_seed69.csv,internal:T1|T2|T3|T4|T5,internal,5,0.03057,0.0,-0.03057,0.03057
Hyb-Adam-UM,85,15,69,HybAdamUM_completed_p85_rep15_seed69.csv,terminal:T6,terminal,1,0.14605,0.11148650955637739,-0.03456349044362263,0.03456349044362263
Hyb-Adam-UM,85,15,69,HybAdamUM_completed_p85_rep15_seed69.csv,internal:T1|T2|T3|T4|T5|T6,internal,6,0.0721,5.948114299919686e-05,-0.0720405188570008,0.0720405188570008
Hyb-Adam-UM,85,15,69,HybAdamUM_completed_p85_rep15_seed69.csv,internal:T10|T7|T8|T9,internal,4,0.08603,0.002717089788696684,-0.08331291021130331,0.08331291021130331
Hyb-Adam-UM,85,15,69,HybAdamUM_completed_p85_rep15_seed69.csv,internal:T7|T8|T9,internal,3,0.05128,0.0,-0.05128,0.05128
Hyb-Adam-UM,85,15,69,HybAdamUM_completed_p85_rep15_seed69.csv,internal:T7|T8,internal,2,0.02354,0.006515734324224564,-0.017024265675775432,0.017024265675775432
Hyb-Adam-UM,85,15,69,HybAdamUM_completed_p85_rep15_seed69.csv,terminal:T7,terminal,1,0.11573,0.10785032682549531,-0.007879673174504692,0.007879673174504692
Hyb-Adam-UM,85,15,69,HybAdamUM_completed_p85_rep15_seed69.csv,terminal:T8,terminal,1,0.11535,0.10893344084540153,-0.006416559154598461,0.006416559154598461
Hyb-Adam-UM,85,15,69,HybAdamUM_completed_p85_rep15_seed69.csv,terminal:T9,terminal,1,0.12153,0.12664487010187028,0.005114870101870284,0.005114870101870284
Hyb-Adam-UM,85,15,69,HybAdamUM_completed_p85_rep15_seed69.csv,terminal:T10,terminal,1,0.18189,0.11380787268040818,-0.06808212731959182,0.06808212731959182
Hyb-Adam-UM,85,15,69,HybAdamUM_completed_p85_rep15_seed69.csv,internal:T11|T12|T13|T14|T15,internal,5,0.11651,0.007072879804327604,-0.1094371201956724,0.1094371201956724
Hyb-Adam-UM,85,15,69,HybAdamUM_completed_p85_rep15_seed69.csv,internal:T11|T12,internal,2,0.22637,0.0,-0.22637,0.22637
Hyb-Adam-UM,85,15,69,HybAdamUM_completed_p85_rep15_seed69.csv,terminal:T11,terminal,1,0.16094,0.1348754245291782,-0.026064575470821805,0.026064575470821805
Hyb-Adam-UM,85,15,69,HybAdamUM_completed_p85_rep15_seed69.csv,terminal:T12,terminal,1,0.14942,0.12523073372111224,-0.02418926627888776,0.02418926627888776
Hyb-Adam-UM,85,15,69,HybAdamUM_completed_p85_rep15_seed69.csv,internal:T13|T14|T15,internal,3,0.18561,0.027891705639930788,-0.1577182943600692,0.1577182943600692
Hyb-Adam-UM,85,15,69,HybAdamUM_completed_p85_rep15_seed69.csv,terminal:T13,terminal,1,0.32149,0.12353958948067295,-0.19795041051932705,0.19795041051932705
Hyb-Adam-UM,85,15,69,HybAdamUM_completed_p85_rep15_seed69.csv,internal:T14|T15,internal,2,0.07113,0.0,-0.07113,0.07113
Hyb-Adam-UM,85,15,69,HybAdamUM_completed_p85_rep15_seed69.csv,terminal:T14,terminal,1,0.34439,0.12566225957677926,-0.2187277404232207,0.2187277404232207
Hyb-Adam-UM,85,15,69,HybAdamUM_completed_p85_rep15_seed69.csv,terminal:T15,terminal,1,0.24256,0.12404571077818982,-0.11851428922181018,0.11851428922181018
Hyb-Adam-UM,85,16,70,HybAdamUM_completed_p85_rep16_seed70.csv,terminal:T1,terminal,1,0.05696,0.056348589115132575,-0.0006114108848674221,0.0006114108848674221
Hyb-Adam-UM,85,16,70,HybAdamUM_completed_p85_rep16_seed70.csv,internal:T2|T3,internal,2,0.03472,0.0,-0.03472,0.03472
Hyb-Adam-UM,85,16,70,HybAdamUM_completed_p85_rep16_seed70.csv,terminal:T2,terminal,1,0.02433,0.06615483157114946,0.041824831571149454,0.041824831571149454
Hyb-Adam-UM,85,16,70,HybAdamUM_completed_p85_rep16_seed70.csv,terminal:T3,terminal,1,0.02231,0.06549736954463997,0.043187369544639975,0.043187369544639975
Hyb-Adam-UM,85,16,70,HybAdamUM_completed_p85_rep16_seed70.csv,internal:T1|T2|T3,internal,3,0.01863,0.043914287349027054,0.025284287349027053,0.025284287349027053
Hyb-Adam-UM,85,16,70,HybAdamUM_completed_p85_rep16_seed70.csv,terminal:T4,terminal,1,0.07771,0.10818351539846317,0.030473515398463172,0.030473515398463172
Hyb-Adam-UM,85,16,70,HybAdamUM_completed_p85_rep16_seed70.csv,internal:T1|T2|T3|T4,internal,4,0.04682,0.018768447257317217,-0.028051552742682784,0.028051552742682784
Hyb-Adam-UM,85,16,70,HybAdamUM_completed_p85_rep16_seed70.csv,terminal:T5,terminal,1,0.12997,0.14106748657304302,0.01109748657304302,0.01109748657304302
Hyb-Adam-UM,85,16,70,HybAdamUM_completed_p85_rep16_seed70.csv,internal:T1|T2|T3|T4|T5,internal,5,0.03057,0.0,-0.03057,0.03057
Hyb-Adam-UM,85,16,70,HybAdamUM_completed_p85_rep16_seed70.csv,terminal:T6,terminal,1,0.14605,0.14131957729549652,-0.004730422704503495,0.004730422704503495
Hyb-Adam-UM,85,16,70,HybAdamUM_completed_p85_rep16_seed70.csv,internal:T1|T2|T3|T4|T5|T6,internal,6,0.0721,0.0,-0.0721,0.0721
Hyb-Adam-UM,85,16,70,HybAdamUM_completed_p85_rep16_seed70.csv,internal:T10|T7|T8|T9,internal,4,0.08603,0.0,-0.08603,0.08603
Hyb-Adam-UM,85,16,70,HybAdamUM_completed_p85_rep16_seed70.csv,internal:T7|T8|T9,internal,3,0.05128,0.0,-0.05128,0.05128
Hyb-Adam-UM,85,16,70,HybAdamUM_completed_p85_rep16_seed70.csv,internal:T7|T8,internal,2,0.02354,0.013476740386419602,-0.010063259613580396,0.010063259613580396
Hyb-Adam-UM,85,16,70,HybAdamUM_completed_p85_rep16_seed70.csv,terminal:T7,terminal,1,0.11573,0.10477294583560041,-0.010957054164399585,0.010957054164399585
Hyb-Adam-UM,85,16,70,HybAdamUM_completed_p85_rep16_seed70.csv,terminal:T8,terminal,1,0.11535,0.10689850968382321,-0.008451490316176785,0.008451490316176785
Hyb-Adam-UM,85,16,70,HybAdamUM_completed_p85_rep16_seed70.csv,terminal:T9,terminal,1,0.12153,0.15108527745312106,0.02955527745312106,0.02955527745312106
Hyb-Adam-UM,85,16,70,HybAdamUM_completed_p85_rep16_seed70.csv,terminal:T10,terminal,1,0.18189,0.14463282230775626,-0.03725717769224374,0.03725717769224374
Hyb-Adam-UM,85,16,70,HybAdamUM_completed_p85_rep16_seed70.csv,internal:T11|T12|T13|T14|T15,internal,5,0.11651,0.005481500500038087,-0.11102849949996192,0.11102849949996192
Hyb-Adam-UM,85,16,70,HybAdamUM_completed_p85_rep16_seed70.csv,internal:T11|T12,internal,2,0.22637,0.0,-0.22637,0.22637
Hyb-Adam-UM,85,16,70,HybAdamUM_completed_p85_rep16_seed70.csv,terminal:T11,terminal,1,0.16094,0.13637512617439293,-0.02456487382560707,0.02456487382560707
Hyb-Adam-UM,85,16,70,HybAdamUM_completed_p85_rep16_seed70.csv,terminal:T12,terminal,1,0.14942,0.13889889018040977,-0.01052110981959023,0.01052110981959023
Hyb-Adam-UM,85,16,70,HybAdamUM_completed_p85_rep16_seed70.csv,internal:T13|T14|T15,internal,3,0.18561,0.0012982722199963907,-0.1843117277800036,0.1843117277800036
Hyb-Adam-UM,85,16,70,HybAdamUM_completed_p85_rep16_seed70.csv,terminal:T13,terminal,1,0.32149,0.13844893088978683,-0.18304106911021317,0.18304106911021317
Hyb-Adam-UM,85,16,70,HybAdamUM_completed_p85_rep16_seed70.csv,internal:T14|T15,internal,2,0.07113,0.0,-0.07113,0.07113
Hyb-Adam-UM,85,16,70,HybAdamUM_completed_p85_rep16_seed70.csv,terminal:T14,terminal,1,0.34439,0.1401680752737544,-0.20422192472624556,0.20422192472624556
Hyb-Adam-UM,85,16,70,HybAdamUM_completed_p85_rep16_seed70.csv,terminal:T15,terminal,1,0.24256,0.14052991354936717,-0.10203008645063283,0.10203008645063283
Hyb-Adam-UM,85,17,71,HybAdamUM_completed_p85_rep17_seed71.csv,terminal:T1,terminal,1,0.05696,0.08422455712857174,0.027264557128571745,0.027264557128571745
Hyb-Adam-UM,85,17,71,HybAdamUM_completed_p85_rep17_seed71.csv,internal:T2|T3,internal,2,0.03472,0.0,-0.03472,0.03472
Hyb-Adam-UM,85,17,71,HybAdamUM_completed_p85_rep17_seed71.csv,terminal:T2,terminal,1,0.02433,0.08411180607219809,0.05978180607219809,0.05978180607219809
Hyb-Adam-UM,85,17,71,HybAdamUM_completed_p85_rep17_seed71.csv,terminal:T3,terminal,1,0.02231,0.0865720099503931,0.0642620099503931,0.0642620099503931
Hyb-Adam-UM,85,17,71,HybAdamUM_completed_p85_rep17_seed71.csv,internal:T1|T2|T3,internal,3,0.01863,0.008076716722113964,-0.010553283277886037,0.010553283277886037
Hyb-Adam-UM,85,17,71,HybAdamUM_completed_p85_rep17_seed71.csv,terminal:T4,terminal,1,0.07771,0.09289128456174621,0.015181284561746208,0.015181284561746208
Hyb-Adam-UM,85,17,71,HybAdamUM_completed_p85_rep17_seed71.csv,internal:T1|T2|T3|T4,internal,4,0.04682,0.0,-0.04682,0.04682
Hyb-Adam-UM,85,17,71,HybAdamUM_completed_p85_rep17_seed71.csv,terminal:T5,terminal,1,0.12997,0.09279521502470943,-0.03717478497529057,0.03717478497529057
Hyb-Adam-UM,85,17,71,HybAdamUM_completed_p85_rep17_seed71.csv,internal:T1|T2|T3|T4|T5,internal,5,0.03057,0.002839869304184428,-0.02773013069581557,0.02773013069581557
Hyb-Adam-UM,85,17,71,HybAdamUM_completed_p85_rep17_seed71.csv,terminal:T6,terminal,1,0.14605,0.09701566021281852,-0.0490343397871815,0.0490343397871815
Hyb-Adam-UM,85,17,71,HybAdamUM_completed_p85_rep17_seed71.csv,internal:T1|T2|T3|T4|T5|T6,internal,6,0.0721,0.014034220244954466,-0.05806577975504553,0.05806577975504553
Hyb-Adam-UM,85,17,71,HybAdamUM_completed_p85_rep17_seed71.csv,internal:T10|T7|T8|T9,internal,4,0.08603,0.0,-0.08603,0.08603
Hyb-Adam-UM,85,17,71,HybAdamUM_completed_p85_rep17_seed71.csv,internal:T7|T8|T9,internal,3,0.05128,0.0,-0.05128,0.05128
Hyb-Adam-UM,85,17,71,HybAdamUM_completed_p85_rep17_seed71.csv,internal:T7|T8,internal,2,0.02354,0.0,-0.02354,0.02354
Hyb-Adam-UM,85,17,71,HybAdamUM_completed_p85_rep17_seed71.csv,terminal:T7,terminal,1,0.11573,0.10680384731844296,-0.00892615268155704,0.00892615268155704
Hyb-Adam-UM,85,17,71,HybAdamUM_completed_p85_rep17_seed71.csv,terminal:T8,terminal,1,0.11535,0.12832591337351082,0.012975913373510825,0.012975913373510825
Hyb-Adam-UM,85,17,71,HybAdamUM_completed_p85_rep17_seed71.csv,terminal:T9,terminal,1,0.12153,0.10541881284687546,-0.01611118715312454,0.01611118715312454
Hyb-Adam-UM,85,17,71,HybAdamUM_completed_p85_rep17_seed71.csv,terminal:T10,terminal,1,0.18189,0.11334341384161324,-0.06854658615838675,0.06854658615838675
Hyb-Adam-UM,85,17,71,HybAdamUM_completed_p85_rep17_seed71.csv,internal:T11|T12|T13|T14|T15,internal,5,0.11651,0.011547364225176644,-0.10496263577482336,0.10496263577482336
Hyb-Adam-UM,85,17,71,HybAdamUM_completed_p85_rep17_seed71.csv,internal:T11|T12,internal,2,0.22637,0.0,-0.22637,0.22637
Hyb-Adam-UM,85,17,71,HybAdamUM_completed_p85_rep17_seed71.csv,terminal:T11,terminal,1,0.16094,0.12480539662766334,-0.03613460337233666,0.03613460337233666
Hyb-Adam-UM,85,17,71,HybAdamUM_completed_p85_rep17_seed71.csv,terminal:T12,terminal,1,0.14942,0.12022784229451683,-0.029192157705483168,0.029192157705483168
Hyb-Adam-UM,85,17,71,HybAdamUM_completed_p85_rep17_seed71.csv,internal:T13|T14|T15,internal,3,0.18561,0.0005343799152255322,-0.18507562008477446,0.18507562008477446
Hyb-Adam-UM,85,17,71,HybAdamUM_completed_p85_rep17_seed71.csv,terminal:T13,terminal,1,0.32149,0.12345609525142792,-0.19803390474857208,0.19803390474857208
Hyb-Adam-UM,85,17,71,HybAdamUM_completed_p85_rep17_seed71.csv,internal:T14|T15,internal,2,0.07113,0.01299906182786697,-0.05813093817213303,0.05813093817213303
Hyb-Adam-UM,85,17,71,HybAdamUM_completed_p85_rep17_seed71.csv,terminal:T14,terminal,1,0.34439,0.13809196052404324,-0.20629803947595673,0.20629803947595673
Hyb-Adam-UM,85,17,71,HybAdamUM_completed_p85_rep17_seed71.csv,terminal:T15,terminal,1,0.24256,0.13652151686184708,-0.10603848313815292,0.10603848313815292
Hyb-Adam-UM,85,18,72,HybAdamUM_completed_p85_rep18_seed72.csv,terminal:T1,terminal,1,0.05696,0.10765211055479003,0.05069211055479003,0.05069211055479003
Hyb-Adam-UM,85,18,72,HybAdamUM_completed_p85_rep18_seed72.csv,internal:T2|T3,internal,2,0.03472,0.0,-0.03472,0.03472
Hyb-Adam-UM,85,18,72,HybAdamUM_completed_p85_rep18_seed72.csv,terminal:T2,terminal,1,0.02433,0.10398493059379241,0.0796549305937924,0.0796549305937924
Hyb-Adam-UM,85,18,72,HybAdamUM_completed_p85_rep18_seed72.csv,terminal:T3,terminal,1,0.02231,0.10711491799023301,0.08480491799023301,0.08480491799023301
Hyb-Adam-UM,85,18,72,HybAdamUM_completed_p85_rep18_seed72.csv,internal:T1|T2|T3,internal,3,0.01863,0.00035175438361272526,-0.018278245616387277,0.018278245616387277
Hyb-Adam-UM,85,18,72,HybAdamUM_completed_p85_rep18_seed72.csv,terminal:T4,terminal,1,0.07771,0.1437640381515853,0.06605403815158531,0.06605403815158531
Hyb-Adam-UM,85,18,72,HybAdamUM_completed_p85_rep18_seed72.csv,internal:T1|T2|T3|T4,internal,4,0.04682,0.0,-0.04682,0.04682
Hyb-Adam-UM,85,18,72,HybAdamUM_completed_p85_rep18_seed72.csv,terminal:T5,terminal,1,0.12997,0.10416843969333896,-0.025801560306661045,0.025801560306661045
Hyb-Adam-UM,85,18,72,HybAdamUM_completed_p85_rep18_seed72.csv,internal:T1|T2|T3|T4|T5,internal,5,0.03057,0.0,-0.03057,0.03057
Hyb-Adam-UM,85,18,72,HybAdamUM_completed_p85_rep18_seed72.csv,terminal:T6,terminal,1,0.14605,0.1074879686781237,-0.038562031321876314,0.038562031321876314
Hyb-Adam-UM,85,18,72,HybAdamUM_completed_p85_rep18_seed72.csv,internal:T1|T2|T3|T4|T5|T6,internal,6,0.0721,0.0031257536690590124,-0.06897424633094099,0.06897424633094099
Hyb-Adam-UM,85,18,72,HybAdamUM_completed_p85_rep18_seed72.csv,internal:T10|T7|T8|T9,internal,4,0.08603,0.0,-0.08603,0.08603
Hyb-Adam-UM,85,18,72,HybAdamUM_completed_p85_rep18_seed72.csv,internal:T7|T8|T9,internal,3,0.05128,0.007054973621911275,-0.04422502637808873,0.04422502637808873
Hyb-Adam-UM,85,18,72,HybAdamUM_completed_p85_rep18_seed72.csv,internal:T7|T8,internal,2,0.02354,2.714701930879765e-05,-0.0235128529806912,0.0235128529806912
Hyb-Adam-UM,85,18,72,HybAdamUM_completed_p85_rep18_seed72.csv,terminal:T7,terminal,1,0.11573,0.10471889339944554,-0.01101110660055446,0.01101110660055446
Hyb-Adam-UM,85,18,72,HybAdamUM_completed_p85_rep18_seed72.csv,terminal:T8,terminal,1,0.11535,0.1052101475654946,-0.010139852434505395,0.010139852434505395
Hyb-Adam-UM,85,18,72,HybAdamUM_completed_p85_rep18_seed72.csv,terminal:T9,terminal,1,0.12153,0.10441920452510685,-0.01711079547489315,0.01711079547489315
Hyb-Adam-UM,85,18,72,HybAdamUM_completed_p85_rep18_seed72.csv,terminal:T10,terminal,1,0.18189,0.14918682762494387,-0.03270317237505613,0.03270317237505613
Hyb-Adam-UM,85,18,72,HybAdamUM_completed_p85_rep18_seed72.csv,internal:T11|T12|T13|T14|T15,internal,5,0.11651,0.012768318116927878,-0.10374168188307212,0.10374168188307212
Hyb-Adam-UM,85,18,72,HybAdamUM_completed_p85_rep18_seed72.csv,internal:T11|T12,internal,2,0.22637,0.0,-0.22637,0.22637
Hyb-Adam-UM,85,18,72,HybAdamUM_completed_p85_rep18_seed72.csv,terminal:T11,terminal,1,0.16094,0.12776911293035173,-0.03317088706964827,0.03317088706964827
Hyb-Adam-UM,85,18,72,HybAdamUM_completed_p85_rep18_seed72.csv,terminal:T12,terminal,1,0.14942,0.14423908800760984,-0.0051809119923901525,0.0051809119923901525
Hyb-Adam-UM,85,18,72,HybAdamUM_completed_p85_rep18_seed72.csv,internal:T13|T14|T15,internal,3,0.18561,0.0005788619090774642,-0.18503113809092253,0.18503113809092253
Hyb-Adam-UM,85,18,72,HybAdamUM_completed_p85_rep18_seed72.csv,terminal:T13,terminal,1,0.32149,0.14187197214668196,-0.17961802785331804,0.17961802785331804
Hyb-Adam-UM,85,18,72,HybAdamUM_completed_p85_rep18_seed72.csv,internal:T14|T15,internal,2,0.07113,0.0,-0.07113,0.07113
Hyb-Adam-UM,85,18,72,HybAdamUM_completed_p85_rep18_seed72.csv,terminal:T14,terminal,1,0.34439,0.14466814935118907,-0.1997218506488109,0.1997218506488109
Hyb-Adam-UM,85,18,72,HybAdamUM_completed_p85_rep18_seed72.csv,terminal:T15,terminal,1,0.24256,0.12723228900271427,-0.11532771099728573,0.11532771099728573
Hyb-Adam-UM,85,19,73,HybAdamUM_completed_p85_rep19_seed73.csv,terminal:T1,terminal,1,0.05696,0.1369098765548675,0.0799498765548675,0.0799498765548675
Hyb-Adam-UM,85,19,73,HybAdamUM_completed_p85_rep19_seed73.csv,internal:T2|T3,internal,2,0.03472,0.029944474116066665,-0.0047755258839333355,0.0047755258839333355
Hyb-Adam-UM,85,19,73,HybAdamUM_completed_p85_rep19_seed73.csv,terminal:T2,terminal,1,0.02433,0.07536381627496712,0.051033816274967114,0.051033816274967114
Hyb-Adam-UM,85,19,73,HybAdamUM_completed_p85_rep19_seed73.csv,terminal:T3,terminal,1,0.02231,0.075361723710425,0.053051723710425006,0.053051723710425006
Hyb-Adam-UM,85,19,73,HybAdamUM_completed_p85_rep19_seed73.csv,internal:T1|T2|T3,internal,3,0.01863,0.0,-0.01863,0.01863
Hyb-Adam-UM,85,19,73,HybAdamUM_completed_p85_rep19_seed73.csv,terminal:T4,terminal,1,0.07771,0.10938946287002654,0.03167946287002654,0.03167946287002654
Hyb-Adam-UM,85,19,73,HybAdamUM_completed_p85_rep19_seed73.csv,internal:T1|T2|T3|T4,internal,4,0.04682,0.0,-0.04682,0.04682
Hyb-Adam-UM,85,19,73,HybAdamUM_completed_p85_rep19_seed73.csv,terminal:T5,terminal,1,0.12997,0.10084475561159856,-0.029125244388401444,0.029125244388401444
Hyb-Adam-UM,85,19,73,HybAdamUM_completed_p85_rep19_seed73.csv,internal:T1|T2|T3|T4|T5,internal,5,0.03057,0.002702787744153167,-0.027867212255846832,0.027867212255846832
Hyb-Adam-UM,85,19,73,HybAdamUM_completed_p85_rep19_seed73.csv,terminal:T6,terminal,1,0.14605,0.1379846341245788,-0.008065365875421227,0.008065365875421227
Hyb-Adam-UM,85,19,73,HybAdamUM_completed_p85_rep19_seed73.csv,internal:T1|T2|T3|T4|T5|T6,internal,6,0.0721,0.0036956008468205554,-0.06840439915317945,0.06840439915317945
Hyb-Adam-UM,85,19,73,HybAdamUM_completed_p85_rep19_seed73.csv,internal:T10|T7|T8|T9,internal,4,0.08603,0.0011708744791680424,-0.08485912552083195,0.08485912552083195
Hyb-Adam-UM,85,19,73,HybAdamUM_completed_p85_rep19_seed73.csv,internal:T7|T8|T9,internal,3,0.05128,0.0,-0.05128,0.05128
Hyb-Adam-UM,85,19,73,HybAdamUM_completed_p85_rep19_seed73.csv,internal:T7|T8,internal,2,0.02354,0.004935201426834663,-0.018604798573165333,0.018604798573165333
Hyb-Adam-UM,85,19,73,HybAdamUM_completed_p85_rep19_seed73.csv,terminal:T7,terminal,1,0.11573,0.10627734690554055,-0.009452653094459446,0.009452653094459446
Hyb-Adam-UM,85,19,73,HybAdamUM_completed_p85_rep19_seed73.csv,terminal:T8,terminal,1,0.11535,0.10789825130350128,-0.007451748696498714,0.007451748696498714
Hyb-Adam-UM,85,19,73,HybAdamUM_completed_p85_rep19_seed73.csv,terminal:T9,terminal,1,0.12153,0.13745037128218823,0.015920371282188234,0.015920371282188234
Hyb-Adam-UM,85,19,73,HybAdamUM_completed_p85_rep19_seed73.csv,terminal:T10,terminal,1,0.18189,0.11120849220578079,-0.07068150779421921,0.07068150779421921
Hyb-Adam-UM,85,19,73,HybAdamUM_completed_p85_rep19_seed73.csv,internal:T11|T12|T13|T14|T15,internal,5,0.11651,0.009661260490326224,-0.10684873950967377,0.10684873950967377
Hyb-Adam-UM,85,19,73,HybAdamUM_completed_p85_rep19_seed73.csv,internal:T11|T12,internal,2,0.22637,0.042430586616591444,-0.18393941338340855,0.18393941338340855
Hyb-Adam-UM,85,19,73,HybAdamUM_completed_p85_rep19_seed73.csv,terminal:T11,terminal,1,0.16094,0.08704468345761313,-0.07389531654238687,0.07389531654238687
Hyb-Adam-UM,85,19,73,HybAdamUM_completed_p85_rep19_seed73.csv,terminal:T12,terminal,1,0.14942,0.08594441719391221,-0.06347558280608778,0.06347558280608778
Hyb-Adam-UM,85,19,73,HybAdamUM_completed_p85_rep19_seed73.csv,internal:T13|T14|T15,internal,3,0.18561,0.005885300427245947,-0.17972469957275405,0.17972469957275405
Hyb-Adam-UM,85,19,73,HybAdamUM_completed_p85_rep19_seed73.csv,terminal:T13,terminal,1,0.32149,0.13127314221783576,-0.19021685778216424,0.19021685778216424
Hyb-Adam-UM,85,19,73,HybAdamUM_completed_p85_rep19_seed73.csv,internal:T14|T15,internal,2,0.07113,0.0,-0.07113,0.07113
Hyb-Adam-UM,85,19,73,HybAdamUM_completed_p85_rep19_seed73.csv,terminal:T14,terminal,1,0.34439,0.13128932209724298,-0.213100677902757,0.213100677902757
Hyb-Adam-UM,85,19,73,HybAdamUM_completed_p85_rep19_seed73.csv,terminal:T15,terminal,1,0.24256,0.13568753050668333,-0.10687246949331666,0.10687246949331666
Hyb-Adam-UM,85,20,74,HybAdamUM_completed_p85_rep20_seed74.csv,terminal:T1,terminal,1,0.05696,0.10057346211568254,0.04361346211568254,0.04361346211568254
Hyb-Adam-UM,85,20,74,HybAdamUM_completed_p85_rep20_seed74.csv,internal:T2|T3,internal,2,0.03472,0.0,-0.03472,0.03472
Hyb-Adam-UM,85,20,74,HybAdamUM_completed_p85_rep20_seed74.csv,terminal:T2,terminal,1,0.02433,0.08649617522759101,0.062166175227591006,0.062166175227591006
Hyb-Adam-UM,85,20,74,HybAdamUM_completed_p85_rep20_seed74.csv,terminal:T3,terminal,1,0.02231,0.10117574578836498,0.07886574578836499,0.07886574578836499
Hyb-Adam-UM,85,20,74,HybAdamUM_completed_p85_rep20_seed74.csv,internal:T1|T2|T3,internal,3,0.01863,0.0,-0.01863,0.01863
Hyb-Adam-UM,85,20,74,HybAdamUM_completed_p85_rep20_seed74.csv,terminal:T4,terminal,1,0.07771,0.0866196745430888,0.008909674543088802,0.008909674543088802
Hyb-Adam-UM,85,20,74,HybAdamUM_completed_p85_rep20_seed74.csv,internal:T1|T2|T3|T4,internal,4,0.04682,0.0,-0.04682,0.04682
Hyb-Adam-UM,85,20,74,HybAdamUM_completed_p85_rep20_seed74.csv,terminal:T5,terminal,1,0.12997,0.09069510567877231,-0.03927489432122769,0.03927489432122769
Hyb-Adam-UM,85,20,74,HybAdamUM_completed_p85_rep20_seed74.csv,internal:T1|T2|T3|T4|T5,internal,5,0.03057,0.0,-0.03057,0.03057
Hyb-Adam-UM,85,20,74,HybAdamUM_completed_p85_rep20_seed74.csv,terminal:T6,terminal,1,0.14605,0.09199137759971732,-0.054058622400282696,0.054058622400282696
Hyb-Adam-UM,85,20,74,HybAdamUM_completed_p85_rep20_seed74.csv,internal:T1|T2|T3|T4|T5|T6,internal,6,0.0721,0.02046427704627666,-0.05163572295372334,0.05163572295372334
Hyb-Adam-UM,85,20,74,HybAdamUM_completed_p85_rep20_seed74.csv,internal:T10|T7|T8|T9,internal,4,0.08603,0.0,-0.08603,0.08603
Hyb-Adam-UM,85,20,74,HybAdamUM_completed_p85_rep20_seed74.csv,internal:T7|T8|T9,internal,3,0.05128,0.0,-0.05128,0.05128
Hyb-Adam-UM,85,20,74,HybAdamUM_completed_p85_rep20_seed74.csv,internal:T7|T8,internal,2,0.02354,0.0,-0.02354,0.02354
Hyb-Adam-UM,85,20,74,HybAdamUM_completed_p85_rep20_seed74.csv,terminal:T7,terminal,1,0.11573,0.15073663464883633,0.03500663464883633,0.03500663464883633
Hyb-Adam-UM,85,20,74,HybAdamUM_completed_p85_rep20_seed74.csv,terminal:T8,terminal,1,0.11535,0.103267700335415,-0.012082299664584989,0.012082299664584989
Hyb-Adam-UM,85,20,74,HybAdamUM_completed_p85_rep20_seed74.csv,terminal:T9,terminal,1,0.12153,0.1021332205274787,-0.019396779472521303,0.019396779472521303
Hyb-Adam-UM,85,20,74,HybAdamUM_completed_p85_rep20_seed74.csv,terminal:T10,terminal,1,0.18189,0.11173957794750855,-0.07015042205249145,0.07015042205249145
Hyb-Adam-UM,85,20,74,HybAdamUM_completed_p85_rep20_seed74.csv,internal:T11|T12|T13|T14|T15,internal,5,0.11651,0.02070847028863558,-0.09580152971136442,0.09580152971136442
Hyb-Adam-UM,85,20,74,HybAdamUM_completed_p85_rep20_seed74.csv,internal:T11|T12,internal,2,0.22637,0.0,-0.22637,0.22637
Hyb-Adam-UM,85,20,74,HybAdamUM_completed_p85_rep20_seed74.csv,terminal:T11,terminal,1,0.16094,0.14316202223564453,-0.017777977764355468,0.017777977764355468
Hyb-Adam-UM,85,20,74,HybAdamUM_completed_p85_rep20_seed74.csv,terminal:T12,terminal,1,0.14942,0.13194623728080823,-0.017473762719191765,0.017473762719191765
Hyb-Adam-UM,85,20,74,HybAdamUM_completed_p85_rep20_seed74.csv,internal:T13|T14|T15,internal,3,0.18561,0.0009304995930532149,-0.18467950040694678,0.18467950040694678
Hyb-Adam-UM,85,20,74,HybAdamUM_completed_p85_rep20_seed74.csv,terminal:T13,terminal,1,0.32149,0.14300901145374892,-0.17848098854625108,0.17848098854625108
Hyb-Adam-UM,85,20,74,HybAdamUM_completed_p85_rep20_seed74.csv,internal:T14|T15,internal,2,0.07113,0.0,-0.07113,0.07113
Hyb-Adam-UM,85,20,74,HybAdamUM_completed_p85_rep20_seed74.csv,terminal:T14,terminal,1,0.34439,0.14214750072475843,-0.20224249927524154,0.20224249927524154
Hyb-Adam-UM,85,20,74,HybAdamUM_completed_p85_rep20_seed74.csv,terminal:T15,terminal,1,0.24256,0.13568444250746303,-0.10687555749253697,0.10687555749253697
Hyb-Adam-UM,85,21,75,HybAdamUM_completed_p85_rep21_seed75.csv,terminal:T1,terminal,1,0.05696,0.13266458890102634,0.07570458890102634,0.07570458890102634
Hyb-Adam-UM,85,21,75,HybAdamUM_completed_p85_rep21_seed75.csv,internal:T2|T3,internal,2,0.03472,0.0,-0.03472,0.03472
Hyb-Adam-UM,85,21,75,HybAdamUM_completed_p85_rep21_seed75.csv,terminal:T2,terminal,1,0.02433,0.14317158123806994,0.11884158123806994,0.11884158123806994
Hyb-Adam-UM,85,21,75,HybAdamUM_completed_p85_rep21_seed75.csv,terminal:T3,terminal,1,0.02231,0.10833262906819711,0.08602262906819712,0.08602262906819712
Hyb-Adam-UM,85,21,75,HybAdamUM_completed_p85_rep21_seed75.csv,internal:T1|T2|T3,internal,3,0.01863,0.0,-0.01863,0.01863
Hyb-Adam-UM,85,21,75,HybAdamUM_completed_p85_rep21_seed75.csv,terminal:T4,terminal,1,0.07771,0.14826823020281665,0.07055823020281665,0.07055823020281665
Hyb-Adam-UM,85,21,75,HybAdamUM_completed_p85_rep21_seed75.csv,internal:T1|T2|T3|T4,internal,4,0.04682,0.0,-0.04682,0.04682
Hyb-Adam-UM,85,21,75,HybAdamUM_completed_p85_rep21_seed75.csv,terminal:T5,terminal,1,0.12997,0.1084244324056184,-0.0215455675943816,0.0215455675943816
Hyb-Adam-UM,85,21,75,HybAdamUM_completed_p85_rep21_seed75.csv,internal:T1|T2|T3|T4|T5,internal,5,0.03057,0.0,-0.03057,0.03057
Hyb-Adam-UM,85,21,75,HybAdamUM_completed_p85_rep21_seed75.csv,terminal:T6,terminal,1,0.14605,0.11468366696388256,-0.03136633303611745,0.03136633303611745
Hyb-Adam-UM,85,21,75,HybAdamUM_completed_p85_rep21_seed75.csv,internal:T1|T2|T3|T4|T5|T6,internal,6,0.0721,0.0,-0.0721,0.0721
Hyb-Adam-UM,85,21,75,HybAdamUM_completed_p85_rep21_seed75.csv,internal:T10|T7|T8|T9,internal,4,0.08603,0.016278261973257175,-0.06975173802674282,0.06975173802674282
Hyb-Adam-UM,85,21,75,HybAdamUM_completed_p85_rep21_seed75.csv,internal:T7|T8|T9,internal,3,0.05128,0.005040712885317779,-0.04623928711468222,0.04623928711468222
Hyb-Adam-UM,85,21,75,HybAdamUM_completed_p85_rep21_seed75.csv,internal:T7|T8,internal,2,0.02354,0.0,-0.02354,0.02354
Hyb-Adam-UM,85,21,75,HybAdamUM_completed_p85_rep21_seed75.csv,terminal:T7,terminal,1,0.11573,0.09618094814741623,-0.019549051852583765,0.019549051852583765
Hyb-Adam-UM,85,21,75,HybAdamUM_completed_p85_rep21_seed75.csv,terminal:T8,terminal,1,0.11535,0.10046554008807365,-0.014884459911926343,0.014884459911926343
Hyb-Adam-UM,85,21,75,HybAdamUM_completed_p85_rep21_seed75.csv,terminal:T9,terminal,1,0.12153,0.09658291433969271,-0.02494708566030729,0.02494708566030729
Hyb-Adam-UM,85,21,75,HybAdamUM_completed_p85_rep21_seed75.csv,terminal:T10,terminal,1,0.18189,0.10393766093893281,-0.07795233906106719,0.07795233906106719
Hyb-Adam-UM,85,21,75,HybAdamUM_completed_p85_rep21_seed75.csv,internal:T11|T12|T13|T14|T15,internal,5,0.11651,0.010597505053496792,-0.1059124949465032,0.1059124949465032
Hyb-Adam-UM,85,21,75,HybAdamUM_completed_p85_rep21_seed75.csv,internal:T11|T12,internal,2,0.22637,0.0,-0.22637,0.22637
Hyb-Adam-UM,85,21,75,HybAdamUM_completed_p85_rep21_seed75.csv,terminal:T11,terminal,1,0.16094,0.13920980323808654,-0.021730196761913456,0.021730196761913456
Hyb-Adam-UM,85,21,75,HybAdamUM_completed_p85_rep21_seed75.csv,terminal:T12,terminal,1,0.14942,0.1289931464088607,-0.0204268535911393,0.0204268535911393
Hyb-Adam-UM,85,21,75,HybAdamUM_completed_p85_rep21_seed75.csv,internal:T13|T14|T15,internal,3,0.18561,0.009004427736468102,-0.1766055722635319,0.1766055722635319
Hyb-Adam-UM,85,21,75,HybAdamUM_completed_p85_rep21_seed75.csv,terminal:T13,terminal,1,0.32149,0.13064368930132764,-0.19084631069867236,0.19084631069867236
Hyb-Adam-UM,85,21,75,HybAdamUM_completed_p85_rep21_seed75.csv,internal:T14|T15,internal,2,0.07113,0.0,-0.07113,0.07113
Hyb-Adam-UM,85,21,75,HybAdamUM_completed_p85_rep21_seed75.csv,terminal:T14,terminal,1,0.34439,0.13370334770140124,-0.21068665229859873,0.21068665229859873
Hyb-Adam-UM,85,21,75,HybAdamUM_completed_p85_rep21_seed75.csv,terminal:T15,terminal,1,0.24256,0.1308784522719153,-0.1116815477280847,0.1116815477280847
Hyb-Adam-UM,85,22,76,HybAdamUM_completed_p85_rep22_seed76.csv,terminal:T1,terminal,1,0.05696,0.042980433698226274,-0.013979566301773723,0.013979566301773723
Hyb-Adam-UM,85,22,76,HybAdamUM_completed_p85_rep22_seed76.csv,internal:T2|T3,internal,2,0.03472,0.0,-0.03472,0.03472
Hyb-Adam-UM,85,22,76,HybAdamUM_completed_p85_rep22_seed76.csv,terminal:T2,terminal,1,0.02433,0.042979748077679326,0.018649748077679325,0.018649748077679325
Hyb-Adam-UM,85,22,76,HybAdamUM_completed_p85_rep22_seed76.csv,terminal:T3,terminal,1,0.02231,0.043043993935676345,0.020733993935676345,0.020733993935676345
Hyb-Adam-UM,85,22,76,HybAdamUM_completed_p85_rep22_seed76.csv,internal:T1|T2|T3,internal,3,0.01863,0.062427733604211395,0.043797733604211395,0.043797733604211395
Hyb-Adam-UM,85,22,76,HybAdamUM_completed_p85_rep22_seed76.csv,terminal:T4,terminal,1,0.07771,0.1327523561487846,0.05504235614878461,0.05504235614878461
Hyb-Adam-UM,85,22,76,HybAdamUM_completed_p85_rep22_seed76.csv,internal:T1|T2|T3|T4,internal,4,0.04682,0.0,-0.04682,0.04682
Hyb-Adam-UM,85,22,76,HybAdamUM_completed_p85_rep22_seed76.csv,terminal:T5,terminal,1,0.12997,0.09646060413042282,-0.033509395869577185,0.033509395869577185
Hyb-Adam-UM,85,22,76,HybAdamUM_completed_p85_rep22_seed76.csv,internal:T1|T2|T3|T4|T5,internal,5,0.03057,0.020135597465433436,-0.010434402534566563,0.010434402534566563
Hyb-Adam-UM,85,22,76,HybAdamUM_completed_p85_rep22_seed76.csv,terminal:T6,terminal,1,0.14605,0.13078727546454735,-0.01526272453545266,0.01526272453545266
Hyb-Adam-UM,85,22,76,HybAdamUM_completed_p85_rep22_seed76.csv,internal:T1|T2|T3|T4|T5|T6,internal,6,0.0721,0.0,-0.0721,0.0721
Hyb-Adam-UM,85,22,76,HybAdamUM_completed_p85_rep22_seed76.csv,internal:T10|T7|T8|T9,internal,4,0.08603,0.0,-0.08603,0.08603
Hyb-Adam-UM,85,22,76,HybAdamUM_completed_p85_rep22_seed76.csv,internal:T7|T8|T9,internal,3,0.05128,0.0,-0.05128,0.05128
Hyb-Adam-UM,85,22,76,HybAdamUM_completed_p85_rep22_seed76.csv,internal:T7|T8,internal,2,0.02354,0.0,-0.02354,0.02354
Hyb-Adam-UM,85,22,76,HybAdamUM_completed_p85_rep22_seed76.csv,terminal:T7,terminal,1,0.11573,0.11519448565875054,-0.0005355143412494601,0.0005355143412494601
Hyb-Adam-UM,85,22,76,HybAdamUM_completed_p85_rep22_seed76.csv,terminal:T8,terminal,1,0.11535,0.13096933687993614,0.01561933687993615,0.01561933687993615
Hyb-Adam-UM,85,22,76,HybAdamUM_completed_p85_rep22_seed76.csv,terminal:T9,terminal,1,0.12153,0.13071592844494798,0.009185928444947977,0.009185928444947977
Hyb-Adam-UM,85,22,76,HybAdamUM_completed_p85_rep22_seed76.csv,terminal:T10,terminal,1,0.18189,0.11915866043795512,-0.06273133956204488,0.06273133956204488
Hyb-Adam-UM,85,22,76,HybAdamUM_completed_p85_rep22_seed76.csv,internal:T11|T12|T13|T14|T15,internal,5,0.11651,0.008194958558963092,-0.10831504144103692,0.10831504144103692
Hyb-Adam-UM,85,22,76,HybAdamUM_completed_p85_rep22_seed76.csv,internal:T11|T12,internal,2,0.22637,0.04984231415915923,-0.17652768584084075,0.17652768584084075
Hyb-Adam-UM,85,22,76,HybAdamUM_completed_p85_rep22_seed76.csv,terminal:T11,terminal,1,0.16094,0.08645280895543367,-0.07448719104456633,0.07448719104456633
Hyb-Adam-UM,85,22,76,HybAdamUM_completed_p85_rep22_seed76.csv,terminal:T12,terminal,1,0.14942,0.08653629169609162,-0.06288370830390838,0.06288370830390838
Hyb-Adam-UM,85,22,76,HybAdamUM_completed_p85_rep22_seed76.csv,internal:T13|T14|T15,internal,3,0.18561,0.006139156683150812,-0.17947084331684918,0.17947084331684918
Hyb-Adam-UM,85,22,76,HybAdamUM_completed_p85_rep22_seed76.csv,terminal:T13,terminal,1,0.32149,0.13071060847942553,-0.19077939152057447,0.19077939152057447
Hyb-Adam-UM,85,22,76,HybAdamUM_completed_p85_rep22_seed76.csv,internal:T14|T15,internal,2,0.07113,0.0,-0.07113,0.07113
Hyb-Adam-UM,85,22,76,HybAdamUM_completed_p85_rep22_seed76.csv,terminal:T14,terminal,1,0.34439,0.136916348888101,-0.20747365111189897,0.20747365111189897
Hyb-Adam-UM,85,22,76,HybAdamUM_completed_p85_rep22_seed76.csv,terminal:T15,terminal,1,0.24256,0.12930655590002338,-0.11325344409997662,0.11325344409997662
Hyb-Adam-UM,85,23,77,HybAdamUM_completed_p85_rep23_seed77.csv,terminal:T1,terminal,1,0.05696,0.11034079516222238,0.05338079516222238,0.05338079516222238
Hyb-Adam-UM,85,23,77,HybAdamUM_completed_p85_rep23_seed77.csv,internal:T2|T3,internal,2,0.03472,0.0,-0.03472,0.03472
Hyb-Adam-UM,85,23,77,HybAdamUM_completed_p85_rep23_seed77.csv,terminal:T2,terminal,1,0.02433,0.11222435986709797,0.08789435986709797,0.08789435986709797
Hyb-Adam-UM,85,23,77,HybAdamUM_completed_p85_rep23_seed77.csv,terminal:T3,terminal,1,0.02231,0.13229119165995323,0.10998119165995324,0.10998119165995324
Hyb-Adam-UM,85,23,77,HybAdamUM_completed_p85_rep23_seed77.csv,internal:T1|T2|T3,internal,3,0.01863,0.0,-0.01863,0.01863
Hyb-Adam-UM,85,23,77,HybAdamUM_completed_p85_rep23_seed77.csv,terminal:T4,terminal,1,0.07771,0.11134349911607777,0.03363349911607777,0.03363349911607777
Hyb-Adam-UM,85,23,77,HybAdamUM_completed_p85_rep23_seed77.csv,internal:T1|T2|T3|T4,internal,4,0.04682,0.0,-0.04682,0.04682
Hyb-Adam-UM,85,23,77,HybAdamUM_completed_p85_rep23_seed77.csv,terminal:T5,terminal,1,0.12997,0.10972859401359392,-0.020241405986406086,0.020241405986406086
Hyb-Adam-UM,85,23,77,HybAdamUM_completed_p85_rep23_seed77.csv,internal:T1|T2|T3|T4|T5,internal,5,0.03057,0.0,-0.03057,0.03057
Hyb-Adam-UM,85,23,77,HybAdamUM_completed_p85_rep23_seed77.csv,terminal:T6,terminal,1,0.14605,0.1381784345758305,-0.007871565424169502,0.007871565424169502
Hyb-Adam-UM,85,23,77,HybAdamUM_completed_p85_rep23_seed77.csv,internal:T1|T2|T3|T4|T5|T6,internal,6,0.0721,0.0,-0.0721,0.0721
Hyb-Adam-UM,85,23,77,HybAdamUM_completed_p85_rep23_seed77.csv,internal:T10|T7|T8|T9,internal,4,0.08603,0.008930240391553145,-0.07709975960844685,0.07709975960844685
Hyb-Adam-UM,85,23,77,HybAdamUM_completed_p85_rep23_seed77.csv,internal:T7|T8|T9,internal,3,0.05128,0.0,-0.05128,0.05128
Hyb-Adam-UM,85,23,77,HybAdamUM_completed_p85_rep23_seed77.csv,internal:T7|T8,internal,2,0.02354,0.0,-0.02354,0.02354
Hyb-Adam-UM,85,23,77,HybAdamUM_completed_p85_rep23_seed77.csv,terminal:T7,terminal,1,0.11573,0.10464938974375979,-0.011080610256240214,0.011080610256240214
Hyb-Adam-UM,85,23,77,HybAdamUM_completed_p85_rep23_seed77.csv,terminal:T8,terminal,1,0.11535,0.10671292695135087,-0.008637073048649122,0.008637073048649122
Hyb-Adam-UM,85,23,77,HybAdamUM_completed_p85_rep23_seed77.csv,terminal:T9,terminal,1,0.12153,0.10283515500400493,-0.018694844995995066,0.018694844995995066
Hyb-Adam-UM,85,23,77,HybAdamUM_completed_p85_rep23_seed77.csv,terminal:T10,terminal,1,0.18189,0.10352957924826092,-0.07836042075173907,0.07836042075173907
Hyb-Adam-UM,85,23,77,HybAdamUM_completed_p85_rep23_seed77.csv,internal:T11|T12|T13|T14|T15,internal,5,0.11651,0.013451421868197698,-0.1030585781318023,0.1030585781318023
Hyb-Adam-UM,85,23,77,HybAdamUM_completed_p85_rep23_seed77.csv,internal:T11|T12,internal,2,0.22637,0.0,-0.22637,0.22637
Hyb-Adam-UM,85,23,77,HybAdamUM_completed_p85_rep23_seed77.csv,terminal:T11,terminal,1,0.16094,0.13347897203845668,-0.027461027961543316,0.027461027961543316
Hyb-Adam-UM,85,23,77,HybAdamUM_completed_p85_rep23_seed77.csv,terminal:T12,terminal,1,0.14942,0.1268400734918433,-0.022579926508156684,0.022579926508156684
Hyb-Adam-UM,85,23,77,HybAdamUM_completed_p85_rep23_seed77.csv,internal:T13|T14|T15,internal,3,0.18561,0.0015172402161244627,-0.18409275978387554,0.18409275978387554
Hyb-Adam-UM,85,23,77,HybAdamUM_completed_p85_rep23_seed77.csv,terminal:T13,terminal,1,0.32149,0.1319108042115816,-0.1895791957884184,0.1895791957884184
Hyb-Adam-UM,85,23,77,HybAdamUM_completed_p85_rep23_seed77.csv,internal:T14|T15,internal,2,0.07113,0.004456959149483503,-0.0666730408505165,0.0666730408505165
Hyb-Adam-UM,85,23,77,HybAdamUM_completed_p85_rep23_seed77.csv,terminal:T14,terminal,1,0.34439,0.14639196993956893,-0.19799803006043104,0.19799803006043104
Hyb-Adam-UM,85,23,77,HybAdamUM_completed_p85_rep23_seed77.csv,terminal:T15,terminal,1,0.24256,0.1366230098419085,-0.10593699015809149,0.10593699015809149
Hyb-Adam-UM,85,24,78,HybAdamUM_completed_p85_rep24_seed78.csv,terminal:T1,terminal,1,0.05696,0.11463492276558931,0.05767492276558932,0.05767492276558932
Hyb-Adam-UM,85,24,78,HybAdamUM_completed_p85_rep24_seed78.csv,internal:T2|T3,internal,2,0.03472,0.0,-0.03472,0.03472
Hyb-Adam-UM,85,24,78,HybAdamUM_completed_p85_rep24_seed78.csv,terminal:T2,terminal,1,0.02433,0.10972047112900343,0.08539047112900343,0.08539047112900343
Hyb-Adam-UM,85,24,78,HybAdamUM_completed_p85_rep24_seed78.csv,terminal:T3,terminal,1,0.02231,0.10439047032093872,0.08208047032093872,0.08208047032093872
Hyb-Adam-UM,85,24,78,HybAdamUM_completed_p85_rep24_seed78.csv,internal:T1|T2|T3,internal,3,0.01863,0.0,-0.01863,0.01863
Hyb-Adam-UM,85,24,78,HybAdamUM_completed_p85_rep24_seed78.csv,terminal:T4,terminal,1,0.07771,0.1146388972678823,0.0369288972678823,0.0369288972678823
Hyb-Adam-UM,85,24,78,HybAdamUM_completed_p85_rep24_seed78.csv,internal:T1|T2|T3|T4,internal,4,0.04682,0.005648289582653583,-0.041171710417346415,0.041171710417346415
Hyb-Adam-UM,85,24,78,HybAdamUM_completed_p85_rep24_seed78.csv,terminal:T5,terminal,1,0.12997,0.11303939257728096,-0.01693060742271904,0.01693060742271904
Hyb-Adam-UM,85,24,78,HybAdamUM_completed_p85_rep24_seed78.csv,internal:T1|T2|T3|T4|T5,internal,5,0.03057,0.0,-0.03057,0.03057
Hyb-Adam-UM,85,24,78,HybAdamUM_completed_p85_rep24_seed78.csv,terminal:T6,terminal,1,0.14605,0.10753530012459099,-0.03851469987540902,0.03851469987540902
Hyb-Adam-UM,85,24,78,HybAdamUM_completed_p85_rep24_seed78.csv,internal:T1|T2|T3|T4|T5|T6,internal,6,0.0721,0.0,-0.0721,0.0721
Hyb-Adam-UM,85,24,78,HybAdamUM_completed_p85_rep24_seed78.csv,internal:T10|T7|T8|T9,internal,4,0.08603,0.00699399140516233,-0.07903600859483767,0.07903600859483767
Hyb-Adam-UM,85,24,78,HybAdamUM_completed_p85_rep24_seed78.csv,internal:T7|T8|T9,internal,3,0.05128,0.0,-0.05128,0.05128
Hyb-Adam-UM,85,24,78,HybAdamUM_completed_p85_rep24_seed78.csv,internal:T7|T8,internal,2,0.02354,0.0007433006108270802,-0.02279669938917292,0.02279669938917292
Hyb-Adam-UM,85,24,78,HybAdamUM_completed_p85_rep24_seed78.csv,terminal:T7,terminal,1,0.11573,0.10659388035907345,-0.009136119640926546,0.009136119640926546
Hyb-Adam-UM,85,24,78,HybAdamUM_completed_p85_rep24_seed78.csv,terminal:T8,terminal,1,0.11535,0.10522984737729259,-0.010120152622707407,0.010120152622707407
Hyb-Adam-UM,85,24,78,HybAdamUM_completed_p85_rep24_seed78.csv,terminal:T9,terminal,1,0.12153,0.11041105925581358,-0.011118940744186415,0.011118940744186415
Hyb-Adam-UM,85,24,78,HybAdamUM_completed_p85_rep24_seed78.csv,terminal:T10,terminal,1,0.18189,0.10588844650472191,-0.07600155349527808,0.07600155349527808
Hyb-Adam-UM,85,24,78,HybAdamUM_completed_p85_rep24_seed78.csv,internal:T11|T12|T13|T14|T15,internal,5,0.11651,0.014010578805939032,-0.10249942119406097,0.10249942119406097
Hyb-Adam-UM,85,24,78,HybAdamUM_completed_p85_rep24_seed78.csv,internal:T11|T12,internal,2,0.22637,0.0,-0.22637,0.22637
Hyb-Adam-UM,85,24,78,HybAdamUM_completed_p85_rep24_seed78.csv,terminal:T11,terminal,1,0.16094,0.13545767482136142,-0.025482325178638576,0.025482325178638576
Hyb-Adam-UM,85,24,78,HybAdamUM_completed_p85_rep24_seed78.csv,terminal:T12,terminal,1,0.14942,0.12324823908400792,-0.026171760915992076,0.026171760915992076
Hyb-Adam-UM,85,24,78,HybAdamUM_completed_p85_rep24_seed78.csv,internal:T13|T14|T15,internal,3,0.18561,0.012195618262437468,-0.17341438173756252,0.17341438173756252
Hyb-Adam-UM,85,24,78,HybAdamUM_completed_p85_rep24_seed78.csv,terminal:T13,terminal,1,0.32149,0.12782067926840868,-0.19366932073159132,0.19366932073159132
Hyb-Adam-UM,85,24,78,HybAdamUM_completed_p85_rep24_seed78.csv,internal:T14|T15,internal,2,0.07113,0.0,-0.07113,0.07113
Hyb-Adam-UM,85,24,78,HybAdamUM_completed_p85_rep24_seed78.csv,terminal:T14,terminal,1,0.34439,0.13134884723567175,-0.21304115276432822,0.21304115276432822
Hyb-Adam-UM,85,24,78,HybAdamUM_completed_p85_rep24_seed78.csv,terminal:T15,terminal,1,0.24256,0.13334965107282667,-0.10921034892717332,0.10921034892717332
Hyb-Adam-UM,85,25,79,HybAdamUM_completed_p85_rep25_seed79.csv,terminal:T1,terminal,1,0.05696,0.102370669838658,0.045410669838658005,0.045410669838658005
Hyb-Adam-UM,85,25,79,HybAdamUM_completed_p85_rep25_seed79.csv,internal:T2|T3,internal,2,0.03472,0.0,-0.03472,0.03472
Hyb-Adam-UM,85,25,79,HybAdamUM_completed_p85_rep25_seed79.csv,terminal:T2,terminal,1,0.02433,0.12097611042847771,0.0966461104284777,0.0966461104284777
Hyb-Adam-UM,85,25,79,HybAdamUM_completed_p85_rep25_seed79.csv,terminal:T3,terminal,1,0.02231,0.10230476342494124,0.07999476342494125,0.07999476342494125
Hyb-Adam-UM,85,25,79,HybAdamUM_completed_p85_rep25_seed79.csv,internal:T1|T2|T3,internal,3,0.01863,0.030912418891577132,0.012282418891577131,0.012282418891577131
Hyb-Adam-UM,85,25,79,HybAdamUM_completed_p85_rep25_seed79.csv,terminal:T4,terminal,1,0.07771,0.12608553012744358,0.04837553012744358,0.04837553012744358
Hyb-Adam-UM,85,25,79,HybAdamUM_completed_p85_rep25_seed79.csv,internal:T1|T2|T3|T4,internal,4,0.04682,0.0,-0.04682,0.04682
Hyb-Adam-UM,85,25,79,HybAdamUM_completed_p85_rep25_seed79.csv,terminal:T5,terminal,1,0.12997,0.1439005988805893,0.013930598880589284,0.013930598880589284
Hyb-Adam-UM,85,25,79,HybAdamUM_completed_p85_rep25_seed79.csv,internal:T1|T2|T3|T4|T5,internal,5,0.03057,0.0,-0.03057,0.03057
Hyb-Adam-UM,85,25,79,HybAdamUM_completed_p85_rep25_seed79.csv,terminal:T6,terminal,1,0.14605,0.12653082628907703,-0.019519173710922988,0.019519173710922988
Hyb-Adam-UM,85,25,79,HybAdamUM_completed_p85_rep25_seed79.csv,internal:T1|T2|T3|T4|T5|T6,internal,6,0.0721,0.0,-0.0721,0.0721
Hyb-Adam-UM,85,25,79,HybAdamUM_completed_p85_rep25_seed79.csv,internal:T10|T7|T8|T9,internal,4,0.08603,0.0,-0.08603,0.08603
Hyb-Adam-UM,85,25,79,HybAdamUM_completed_p85_rep25_seed79.csv,internal:T7|T8|T9,internal,3,0.05128,0.0,-0.05128,0.05128
Hyb-Adam-UM,85,25,79,HybAdamUM_completed_p85_rep25_seed79.csv,internal:T7|T8,internal,2,0.02354,0.0,-0.02354,0.02354
Hyb-Adam-UM,85,25,79,HybAdamUM_completed_p85_rep25_seed79.csv,terminal:T7,terminal,1,0.11573,0.12989097238922112,0.014160972389221121,0.014160972389221121
Hyb-Adam-UM,85,25,79,HybAdamUM_completed_p85_rep25_seed79.csv,terminal:T8,terminal,1,0.11535,0.1334599804404377,0.018109980440437698,0.018109980440437698
Hyb-Adam-UM,85,25,79,HybAdamUM_completed_p85_rep25_seed79.csv,terminal:T9,terminal,1,0.12153,0.14348420840470655,0.02195420840470655,0.02195420840470655
Hyb-Adam-UM,85,25,79,HybAdamUM_completed_p85_rep25_seed79.csv,terminal:T10,terminal,1,0.18189,0.14318238844856107,-0.038707611551438925,0.038707611551438925
Hyb-Adam-UM,85,25,79,HybAdamUM_completed_p85_rep25_seed79.csv,internal:T11|T12|T13|T14|T15,internal,5,0.11651,0.0,-0.11651,0.11651
Hyb-Adam-UM,85,25,79,HybAdamUM_completed_p85_rep25_seed79.csv,internal:T11|T12,internal,2,0.22637,0.009432566966932595,-0.2169374330330674,0.2169374330330674
Hyb-Adam-UM,85,25,79,HybAdamUM_completed_p85_rep25_seed79.csv,terminal:T11,terminal,1,0.16094,0.13016468037403087,-0.030775319625969133,0.030775319625969133
Hyb-Adam-UM,85,25,79,HybAdamUM_completed_p85_rep25_seed79.csv,terminal:T12,terminal,1,0.14942,0.12942763795088966,-0.01999236204911034,0.01999236204911034
Hyb-Adam-UM,85,25,79,HybAdamUM_completed_p85_rep25_seed79.csv,internal:T13|T14|T15,internal,3,0.18561,0.002424718418318377,-0.18318528158168162,0.18318528158168162
Hyb-Adam-UM,85,25,79,HybAdamUM_completed_p85_rep25_seed79.csv,terminal:T13,terminal,1,0.32149,0.14028722171528343,-0.18120277828471656,0.18120277828471656
Hyb-Adam-UM,85,25,79,HybAdamUM_completed_p85_rep25_seed79.csv,internal:T14|T15,internal,2,0.07113,0.02467793376439425,-0.04645206623560575,0.04645206623560575
Hyb-Adam-UM,85,25,79,HybAdamUM_completed_p85_rep25_seed79.csv,terminal:T14,terminal,1,0.34439,0.11791222882582802,-0.22647777117417195,0.22647777117417195
Hyb-Adam-UM,85,25,79,HybAdamUM_completed_p85_rep25_seed79.csv,terminal:T15,terminal,1,0.24256,0.11795956295631443,-0.12460043704368556,0.12460043704368556
Hyb-Adam-UM,85,26,80,HybAdamUM_completed_p85_rep26_seed80.csv,terminal:T1,terminal,1,0.05696,0.05288097069725503,-0.004079029302744966,0.004079029302744966
Hyb-Adam-UM,85,26,80,HybAdamUM_completed_p85_rep26_seed80.csv,internal:T2|T3,internal,2,0.03472,0.0,-0.03472,0.03472
Hyb-Adam-UM,85,26,80,HybAdamUM_completed_p85_rep26_seed80.csv,terminal:T2,terminal,1,0.02433,0.05325305036942072,0.02892305036942072,0.02892305036942072
Hyb-Adam-UM,85,26,80,HybAdamUM_completed_p85_rep26_seed80.csv,terminal:T3,terminal,1,0.02231,0.05283335596693677,0.030523355966936772,0.030523355966936772
Hyb-Adam-UM,85,26,80,HybAdamUM_completed_p85_rep26_seed80.csv,internal:T1|T2|T3,internal,3,0.01863,0.0,-0.01863,0.01863
Hyb-Adam-UM,85,26,80,HybAdamUM_completed_p85_rep26_seed80.csv,terminal:T4,terminal,1,0.07771,0.052845246121352975,-0.024864753878647027,0.024864753878647027
Hyb-Adam-UM,85,26,80,HybAdamUM_completed_p85_rep26_seed80.csv,internal:T1|T2|T3|T4,internal,4,0.04682,0.022689739905314525,-0.024130260094685475,0.024130260094685475
Hyb-Adam-UM,85,26,80,HybAdamUM_completed_p85_rep26_seed80.csv,terminal:T5,terminal,1,0.12997,0.07581506913681559,-0.05415493086318442,0.05415493086318442
Hyb-Adam-UM,85,26,80,HybAdamUM_completed_p85_rep26_seed80.csv,internal:T1|T2|T3|T4|T5,internal,5,0.03057,0.004727114910473122,-0.02584288508952688,0.02584288508952688
Hyb-Adam-UM,85,26,80,HybAdamUM_completed_p85_rep26_seed80.csv,terminal:T6,terminal,1,0.14605,0.08128565278032177,-0.06476434721967825,0.06476434721967825
Hyb-Adam-UM,85,26,80,HybAdamUM_completed_p85_rep26_seed80.csv,internal:T1|T2|T3|T4|T5|T6,internal,6,0.0721,0.030936817228273673,-0.04116318277172633,0.04116318277172633
Hyb-Adam-UM,85,26,80,HybAdamUM_completed_p85_rep26_seed80.csv,internal:T10|T7|T8|T9,internal,4,0.08603,0.0,-0.08603,0.08603
Hyb-Adam-UM,85,26,80,HybAdamUM_completed_p85_rep26_seed80.csv,internal:T7|T8|T9,internal,3,0.05128,0.0,-0.05128,0.05128
Hyb-Adam-UM,85,26,80,HybAdamUM_completed_p85_rep26_seed80.csv,internal:T7|T8,internal,2,0.02354,0.0,-0.02354,0.02354
Hyb-Adam-UM,85,26,80,HybAdamUM_completed_p85_rep26_seed80.csv,terminal:T7,terminal,1,0.11573,0.10533738467868314,-0.010392615321316856,0.010392615321316856
Hyb-Adam-UM,85,26,80,HybAdamUM_completed_p85_rep26_seed80.csv,terminal:T8,terminal,1,0.11535,0.10702060309907935,-0.008329396900920646,0.008329396900920646
Hyb-Adam-UM,85,26,80,HybAdamUM_completed_p85_rep26_seed80.csv,terminal:T9,terminal,1,0.12153,0.13662394272442455,0.015093942724424547,0.015093942724424547
Hyb-Adam-UM,85,26,80,HybAdamUM_completed_p85_rep26_seed80.csv,terminal:T10,terminal,1,0.18189,0.10695751247628618,-0.07493248752371381,0.07493248752371381
Hyb-Adam-UM,85,26,80,HybAdamUM_completed_p85_rep26_seed80.csv,internal:T11|T12|T13|T14|T15,internal,5,0.11651,0.015424341618544935,-0.10108565838145507,0.10108565838145507
Hyb-Adam-UM,85,26,80,HybAdamUM_completed_p85_rep26_seed80.csv,internal:T11|T12,internal,2,0.22637,0.0,-0.22637,0.22637
Hyb-Adam-UM,85,26,80,HybAdamUM_completed_p85_rep26_seed80.csv,terminal:T11,terminal,1,0.16094,0.12534433217016686,-0.035595667829833144,0.035595667829833144
Hyb-Adam-UM,85,26,80,HybAdamUM_completed_p85_rep26_seed80.csv,terminal:T12,terminal,1,0.14942,0.13037976772740173,-0.019040232272598268,0.019040232272598268
Hyb-Adam-UM,85,26,80,HybAdamUM_completed_p85_rep26_seed80.csv,internal:T13|T14|T15,internal,3,0.18561,0.002302115342142384,-0.1833078846578576,0.1833078846578576
Hyb-Adam-UM,85,26,80,HybAdamUM_completed_p85_rep26_seed80.csv,terminal:T13,terminal,1,0.32149,0.1285247480077662,-0.1929652519922338,0.1929652519922338
Hyb-Adam-UM,85,26,80,HybAdamUM_completed_p85_rep26_seed80.csv,internal:T14|T15,internal,2,0.07113,0.0,-0.07113,0.07113
Hyb-Adam-UM,85,26,80,HybAdamUM_completed_p85_rep26_seed80.csv,terminal:T14,terminal,1,0.34439,0.1496162987262594,-0.19477370127374058,0.19477370127374058
Hyb-Adam-UM,85,26,80,HybAdamUM_completed_p85_rep26_seed80.csv,terminal:T15,terminal,1,0.24256,0.12862265712591794,-0.11393734287408205,0.11393734287408205
Hyb-Adam-UM,85,27,81,HybAdamUM_completed_p85_rep27_seed81.csv,terminal:T1,terminal,1,0.05696,0.11132814435661254,0.05436814435661254,0.05436814435661254
Hyb-Adam-UM,85,27,81,HybAdamUM_completed_p85_rep27_seed81.csv,internal:T2|T3,internal,2,0.03472,0.0,-0.03472,0.03472
Hyb-Adam-UM,85,27,81,HybAdamUM_completed_p85_rep27_seed81.csv,terminal:T2,terminal,1,0.02433,0.13129157094848978,0.10696157094848978,0.10696157094848978
Hyb-Adam-UM,85,27,81,HybAdamUM_completed_p85_rep27_seed81.csv,terminal:T3,terminal,1,0.02231,0.13780409947090547,0.11549409947090547,0.11549409947090547
Hyb-Adam-UM,85,27,81,HybAdamUM_completed_p85_rep27_seed81.csv,internal:T1|T2|T3,internal,3,0.01863,0.0,-0.01863,0.01863
Hyb-Adam-UM,85,27,81,HybAdamUM_completed_p85_rep27_seed81.csv,terminal:T4,terminal,1,0.07771,0.1112179687393279,0.033507968739327904,0.033507968739327904
Hyb-Adam-UM,85,27,81,HybAdamUM_completed_p85_rep27_seed81.csv,internal:T1|T2|T3|T4,internal,4,0.04682,0.0,-0.04682,0.04682
Hyb-Adam-UM,85,27,81,HybAdamUM_completed_p85_rep27_seed81.csv,terminal:T5,terminal,1,0.12997,0.13242029425299381,0.002450294252993812,0.002450294252993812
Hyb-Adam-UM,85,27,81,HybAdamUM_completed_p85_rep27_seed81.csv,internal:T1|T2|T3|T4|T5,internal,5,0.03057,0.0,-0.03057,0.03057
Hyb-Adam-UM,85,27,81,HybAdamUM_completed_p85_rep27_seed81.csv,terminal:T6,terminal,1,0.14605,0.11599326236039624,-0.030056737639603773,0.030056737639603773
Hyb-Adam-UM,85,27,81,HybAdamUM_completed_p85_rep27_seed81.csv,internal:T1|T2|T3|T4|T5|T6,internal,6,0.0721,0.008598478909926112,-0.06350152109007388,0.06350152109007388
Hyb-Adam-UM,85,27,81,HybAdamUM_completed_p85_rep27_seed81.csv,internal:T10|T7|T8|T9,internal,4,0.08603,0.003834635103213449,-0.08219536489678654,0.08219536489678654
Hyb-Adam-UM,85,27,81,HybAdamUM_completed_p85_rep27_seed81.csv,internal:T7|T8|T9,internal,3,0.05128,0.0,-0.05128,0.05128
Hyb-Adam-UM,85,27,81,HybAdamUM_completed_p85_rep27_seed81.csv,internal:T7|T8,internal,2,0.02354,0.0,-0.02354,0.02354
Hyb-Adam-UM,85,27,81,HybAdamUM_completed_p85_rep27_seed81.csv,terminal:T7,terminal,1,0.11573,0.13100752570943633,0.01527752570943633,0.01527752570943633
Hyb-Adam-UM,85,27,81,HybAdamUM_completed_p85_rep27_seed81.csv,terminal:T8,terminal,1,0.11535,0.13449568431437006,0.019145684314370068,0.019145684314370068
Hyb-Adam-UM,85,27,81,HybAdamUM_completed_p85_rep27_seed81.csv,terminal:T9,terminal,1,0.12153,0.12316813331016337,0.0016381333101633672,0.0016381333101633672
Hyb-Adam-UM,85,27,81,HybAdamUM_completed_p85_rep27_seed81.csv,terminal:T10,terminal,1,0.18189,0.13068834604538565,-0.051201653954614346,0.051201653954614346
Hyb-Adam-UM,85,27,81,HybAdamUM_completed_p85_rep27_seed81.csv,internal:T11|T12|T13|T14|T15,internal,5,0.11651,0.0038903474748403274,-0.11261965252515968,0.11261965252515968
Hyb-Adam-UM,85,27,81,HybAdamUM_completed_p85_rep27_seed81.csv,internal:T11|T12,internal,2,0.22637,0.04652568801137303,-0.17984431198862696,0.17984431198862696
Hyb-Adam-UM,85,27,81,HybAdamUM_completed_p85_rep27_seed81.csv,terminal:T11,terminal,1,0.16094,0.0866880371595459,-0.0742519628404541,0.0742519628404541
Hyb-Adam-UM,85,27,81,HybAdamUM_completed_p85_rep27_seed81.csv,terminal:T12,terminal,1,0.14942,0.08630106349197932,-0.06311893650802068,0.06311893650802068
Hyb-Adam-UM,85,27,81,HybAdamUM_completed_p85_rep27_seed81.csv,internal:T13|T14|T15,internal,3,0.18561,0.0006967827506399783,-0.18491321724936002,0.18491321724936002
Hyb-Adam-UM,85,27,81,HybAdamUM_completed_p85_rep27_seed81.csv,terminal:T13,terminal,1,0.32149,0.1342583934216527,-0.1872316065783473,0.1872316065783473
Hyb-Adam-UM,85,27,81,HybAdamUM_completed_p85_rep27_seed81.csv,internal:T14|T15,internal,2,0.07113,0.017947657605291552,-0.05318234239470845,0.05318234239470845
Hyb-Adam-UM,85,27,81,HybAdamUM_completed_p85_rep27_seed81.csv,terminal:T14,terminal,1,0.34439,0.11836580396827735,-0.22602419603172264,0.22602419603172264
Hyb-Adam-UM,85,27,81,HybAdamUM_completed_p85_rep27_seed81.csv,terminal:T15,terminal,1,0.24256,0.117505987813865,-0.125054012186135,0.125054012186135
Hyb-Adam-UM,85,28,82,HybAdamUM_completed_p85_rep28_seed82.csv,terminal:T1,terminal,1,0.05696,0.10383316334992003,0.04687316334992003,0.04687316334992003
Hyb-Adam-UM,85,28,82,HybAdamUM_completed_p85_rep28_seed82.csv,internal:T2|T3,internal,2,0.03472,0.0,-0.03472,0.03472
Hyb-Adam-UM,85,28,82,HybAdamUM_completed_p85_rep28_seed82.csv,terminal:T2,terminal,1,0.02433,0.1117472047518472,0.0874172047518472,0.0874172047518472
Hyb-Adam-UM,85,28,82,HybAdamUM_completed_p85_rep28_seed82.csv,terminal:T3,terminal,1,0.02231,0.12671003456009458,0.10440003456009458,0.10440003456009458
Hyb-Adam-UM,85,28,82,HybAdamUM_completed_p85_rep28_seed82.csv,internal:T1|T2|T3,internal,3,0.01863,0.0,-0.01863,0.01863
Hyb-Adam-UM,85,28,82,HybAdamUM_completed_p85_rep28_seed82.csv,terminal:T4,terminal,1,0.07771,0.10379681438454766,0.026086814384547657,0.026086814384547657
Hyb-Adam-UM,85,28,82,HybAdamUM_completed_p85_rep28_seed82.csv,internal:T1|T2|T3|T4,internal,4,0.04682,0.021448424936249415,-0.025371575063750585,0.025371575063750585
Hyb-Adam-UM,85,28,82,HybAdamUM_completed_p85_rep28_seed82.csv,terminal:T5,terminal,1,0.12997,0.1269606401365879,-0.003009359863412109,0.003009359863412109
Hyb-Adam-UM,85,28,82,HybAdamUM_completed_p85_rep28_seed82.csv,internal:T1|T2|T3|T4|T5,internal,5,0.03057,0.0,-0.03057,0.03057
Hyb-Adam-UM,85,28,82,HybAdamUM_completed_p85_rep28_seed82.csv,terminal:T6,terminal,1,0.14605,0.13911152307080585,-0.006938476929194165,0.006938476929194165
Hyb-Adam-UM,85,28,82,HybAdamUM_completed_p85_rep28_seed82.csv,internal:T1|T2|T3|T4|T5|T6,internal,6,0.0721,0.0,-0.0721,0.0721
Hyb-Adam-UM,85,28,82,HybAdamUM_completed_p85_rep28_seed82.csv,internal:T10|T7|T8|T9,internal,4,0.08603,0.008674404970444704,-0.07735559502955529,0.07735559502955529
Hyb-Adam-UM,85,28,82,HybAdamUM_completed_p85_rep28_seed82.csv,internal:T7|T8|T9,internal,3,0.05128,0.0,-0.05128,0.05128
Hyb-Adam-UM,85,28,82,HybAdamUM_completed_p85_rep28_seed82.csv,internal:T7|T8,internal,2,0.02354,0.04863362749671654,0.025093627496716543,0.025093627496716543
Hyb-Adam-UM,85,28,82,HybAdamUM_completed_p85_rep28_seed82.csv,terminal:T7,terminal,1,0.11573,0.07351176951937947,-0.042218230480620525,0.042218230480620525
Hyb-Adam-UM,85,28,82,HybAdamUM_completed_p85_rep28_seed82.csv,terminal:T8,terminal,1,0.11535,0.07348992231594852,-0.04186007768405148,0.04186007768405148
Hyb-Adam-UM,85,28,82,HybAdamUM_completed_p85_rep28_seed82.csv,terminal:T9,terminal,1,0.12153,0.1198239468983292,-0.0017060531016707958,0.0017060531016707958
Hyb-Adam-UM,85,28,82,HybAdamUM_completed_p85_rep28_seed82.csv,terminal:T10,terminal,1,0.18189,0.11778954835093167,-0.06410045164906833,0.06410045164906833
Hyb-Adam-UM,85,28,82,HybAdamUM_completed_p85_rep28_seed82.csv,internal:T11|T12|T13|T14|T15,internal,5,0.11651,0.004380154855050477,-0.11212984514494953,0.11212984514494953
Hyb-Adam-UM,85,28,82,HybAdamUM_completed_p85_rep28_seed82.csv,internal:T11|T12,internal,2,0.22637,0.002671575087832467,-0.22369842491216752,0.22369842491216752
Hyb-Adam-UM,85,28,82,HybAdamUM_completed_p85_rep28_seed82.csv,terminal:T11,terminal,1,0.16094,0.1354811071540582,-0.0254588928459418,0.0254588928459418
Hyb-Adam-UM,85,28,82,HybAdamUM_completed_p85_rep28_seed82.csv,terminal:T12,terminal,1,0.14942,0.13502394791622296,-0.014396052083777033,0.014396052083777033
Hyb-Adam-UM,85,28,82,HybAdamUM_completed_p85_rep28_seed82.csv,internal:T13|T14|T15,internal,3,0.18561,0.0009013155623973691,-0.18470868443760263,0.18470868443760263
Hyb-Adam-UM,85,28,82,HybAdamUM_completed_p85_rep28_seed82.csv,terminal:T13,terminal,1,0.32149,0.1337698226704953,-0.1877201773295047,0.1877201773295047
Hyb-Adam-UM,85,28,82,HybAdamUM_completed_p85_rep28_seed82.csv,internal:T14|T15,internal,2,0.07113,0.018243217990412147,-0.05288678200958785,0.05288678200958785
Hyb-Adam-UM,85,28,82,HybAdamUM_completed_p85_rep28_seed82.csv,terminal:T14,terminal,1,0.34439,0.11869538101438898,-0.225694618985611,0.225694618985611
Hyb-Adam-UM,85,28,82,HybAdamUM_completed_p85_rep28_seed82.csv,terminal:T15,terminal,1,0.24256,0.11717641076775345,-0.12538358923224655,0.12538358923224655
Hyb-Adam-UM,85,29,83,HybAdamUM_completed_p85_rep29_seed83.csv,terminal:T1,terminal,1,0.05696,0.07639448826479953,0.01943448826479953,0.01943448826479953
Hyb-Adam-UM,85,29,83,HybAdamUM_completed_p85_rep29_seed83.csv,internal:T2|T3,internal,2,0.03472,0.0,-0.03472,0.03472
Hyb-Adam-UM,85,29,83,HybAdamUM_completed_p85_rep29_seed83.csv,terminal:T2,terminal,1,0.02433,0.07646644848270043,0.05213644848270042,0.05213644848270042
Hyb-Adam-UM,85,29,83,HybAdamUM_completed_p85_rep29_seed83.csv,terminal:T3,terminal,1,0.02231,0.09276328991580916,0.07045328991580917,0.07045328991580917
Hyb-Adam-UM,85,29,83,HybAdamUM_completed_p85_rep29_seed83.csv,internal:T1|T2|T3,internal,3,0.01863,0.0,-0.01863,0.01863
Hyb-Adam-UM,85,29,83,HybAdamUM_completed_p85_rep29_seed83.csv,terminal:T4,terminal,1,0.07771,0.07841737577622722,0.0007073757762272176,0.0007073757762272176
Hyb-Adam-UM,85,29,83,HybAdamUM_completed_p85_rep29_seed83.csv,internal:T1|T2|T3|T4,internal,4,0.04682,0.019850245332828535,-0.026969754667171466,0.026969754667171466
Hyb-Adam-UM,85,29,83,HybAdamUM_completed_p85_rep29_seed83.csv,terminal:T5,terminal,1,0.12997,0.10525908431750913,-0.02471091568249087,0.02471091568249087
Hyb-Adam-UM,85,29,83,HybAdamUM_completed_p85_rep29_seed83.csv,internal:T1|T2|T3|T4|T5,internal,5,0.03057,0.014783878182570426,-0.015786121817429576,0.015786121817429576
Hyb-Adam-UM,85,29,83,HybAdamUM_completed_p85_rep29_seed83.csv,terminal:T6,terminal,1,0.14605,0.13573975984268202,-0.01031024015731799,0.01031024015731799
Hyb-Adam-UM,85,29,83,HybAdamUM_completed_p85_rep29_seed83.csv,internal:T1|T2|T3|T4|T5|T6,internal,6,0.0721,0.0,-0.0721,0.0721
Hyb-Adam-UM,85,29,83,HybAdamUM_completed_p85_rep29_seed83.csv,internal:T10|T7|T8|T9,internal,4,0.08603,0.0,-0.08603,0.08603
Hyb-Adam-UM,85,29,83,HybAdamUM_completed_p85_rep29_seed83.csv,internal:T7|T8|T9,internal,3,0.05128,0.0,-0.05128,0.05128
Hyb-Adam-UM,85,29,83,HybAdamUM_completed_p85_rep29_seed83.csv,internal:T7|T8,internal,2,0.02354,0.004236445298126341,-0.019303554701873657,0.019303554701873657
Hyb-Adam-UM,85,29,83,HybAdamUM_completed_p85_rep29_seed83.csv,terminal:T7,terminal,1,0.11573,0.10609712447748426,-0.009632875522515738,0.009632875522515738
Hyb-Adam-UM,85,29,83,HybAdamUM_completed_p85_rep29_seed83.csv,terminal:T8,terminal,1,0.11535,0.10695831577166419,-0.008391684228335805,0.008391684228335805
Hyb-Adam-UM,85,29,83,HybAdamUM_completed_p85_rep29_seed83.csv,terminal:T9,terminal,1,0.12153,0.13689534368546358,0.015365343685463578,0.015365343685463578
Hyb-Adam-UM,85,29,83,HybAdamUM_completed_p85_rep29_seed83.csv,terminal:T10,terminal,1,0.18189,0.1115386264053548,-0.0703513735946452,0.0703513735946452
Hyb-Adam-UM,85,29,83,HybAdamUM_completed_p85_rep29_seed83.csv,internal:T11|T12|T13|T14|T15,internal,5,0.11651,0.013358821771530957,-0.10315117822846905,0.10315117822846905
Hyb-Adam-UM,85,29,83,HybAdamUM_completed_p85_rep29_seed83.csv,internal:T11|T12,internal,2,0.22637,0.0016704712378467473,-0.22469952876215324,0.22469952876215324
Hyb-Adam-UM,85,29,83,HybAdamUM_completed_p85_rep29_seed83.csv,terminal:T11,terminal,1,0.16094,0.1292502267079711,-0.031689773292028905,0.031689773292028905
Hyb-Adam-UM,85,29,83,HybAdamUM_completed_p85_rep29_seed83.csv,terminal:T12,terminal,1,0.14942,0.1293472244105127,-0.020072775589487307,0.020072775589487307
Hyb-Adam-UM,85,29,83,HybAdamUM_completed_p85_rep29_seed83.csv,internal:T13|T14|T15,internal,3,0.18561,0.0,-0.18561,0.18561
Hyb-Adam-UM,85,29,83,HybAdamUM_completed_p85_rep29_seed83.csv,terminal:T13,terminal,1,0.32149,0.13097672703728194,-0.19051327296271806,0.19051327296271806
Hyb-Adam-UM,85,29,83,HybAdamUM_completed_p85_rep29_seed83.csv,internal:T14|T15,internal,2,0.07113,0.005590875164251966,-0.06553912483574803,0.06553912483574803
Hyb-Adam-UM,85,29,83,HybAdamUM_completed_p85_rep29_seed83.csv,terminal:T14,terminal,1,0.34439,0.13222697259638838,-0.2121630274036116,0.2121630274036116
Hyb-Adam-UM,85,29,83,HybAdamUM_completed_p85_rep29_seed83.csv,terminal:T15,terminal,1,0.24256,0.1314894753184882,-0.1110705246815118,0.1110705246815118
Hyb-Adam-UM,85,30,84,HybAdamUM_completed_p85_rep30_seed84.csv,terminal:T1,terminal,1,0.05696,0.14266503167370906,0.08570503167370906,0.08570503167370906
Hyb-Adam-UM,85,30,84,HybAdamUM_completed_p85_rep30_seed84.csv,internal:T2|T3,internal,2,0.03472,0.010812311132371823,-0.023907688867628177,0.023907688867628177
Hyb-Adam-UM,85,30,84,HybAdamUM_completed_p85_rep30_seed84.csv,terminal:T2,terminal,1,0.02433,0.1253918264581873,0.1010618264581873,0.1010618264581873
Hyb-Adam-UM,85,30,84,HybAdamUM_completed_p85_rep30_seed84.csv,terminal:T3,terminal,1,0.02231,0.12467310961065091,0.10236310961065091,0.10236310961065091
Hyb-Adam-UM,85,30,84,HybAdamUM_completed_p85_rep30_seed84.csv,internal:T1|T2|T3,internal,3,0.01863,0.0,-0.01863,0.01863
Hyb-Adam-UM,85,30,84,HybAdamUM_completed_p85_rep30_seed84.csv,terminal:T4,terminal,1,0.07771,0.12966153001768002,0.05195153001768002,0.05195153001768002
Hyb-Adam-UM,85,30,84,HybAdamUM_completed_p85_rep30_seed84.csv,internal:T1|T2|T3|T4,internal,4,0.04682,0.0,-0.04682,0.04682
Hyb-Adam-UM,85,30,84,HybAdamUM_completed_p85_rep30_seed84.csv,terminal:T5,terminal,1,0.12997,0.1411620791237738,0.01119207912377379,0.01119207912377379
Hyb-Adam-UM,85,30,84,HybAdamUM_completed_p85_rep30_seed84.csv,internal:T1|T2|T3|T4|T5,internal,5,0.03057,0.0,-0.03057,0.03057
Hyb-Adam-UM,85,30,84,HybAdamUM_completed_p85_rep30_seed84.csv,terminal:T6,terminal,1,0.14605,0.12962303886678367,-0.016426961133216345,0.016426961133216345
Hyb-Adam-UM,85,30,84,HybAdamUM_completed_p85_rep30_seed84.csv,internal:T1|T2|T3|T4|T5|T6,internal,6,0.0721,0.0,-0.0721,0.0721
Hyb-Adam-UM,85,30,84,HybAdamUM_completed_p85_rep30_seed84.csv,internal:T10|T7|T8|T9,internal,4,0.08603,0.0034153847417926543,-0.08261461525820735,0.08261461525820735
Hyb-Adam-UM,85,30,84,HybAdamUM_completed_p85_rep30_seed84.csv,internal:T7|T8|T9,internal,3,0.05128,0.0,-0.05128,0.05128
Hyb-Adam-UM,85,30,84,HybAdamUM_completed_p85_rep30_seed84.csv,internal:T7|T8,internal,2,0.02354,0.0,-0.02354,0.02354
Hyb-Adam-UM,85,30,84,HybAdamUM_completed_p85_rep30_seed84.csv,terminal:T7,terminal,1,0.11573,0.1292533320266255,0.013523332026625506,0.013523332026625506
Hyb-Adam-UM,85,30,84,HybAdamUM_completed_p85_rep30_seed84.csv,terminal:T8,terminal,1,0.11535,0.15245791626193383,0.03710791626193384,0.03710791626193384
Hyb-Adam-UM,85,30,84,HybAdamUM_completed_p85_rep30_seed84.csv,terminal:T9,terminal,1,0.12153,0.1277078284211613,0.006177828421161297,0.006177828421161297
Hyb-Adam-UM,85,30,84,HybAdamUM_completed_p85_rep30_seed84.csv,terminal:T10,terminal,1,0.18189,0.12888000708416594,-0.05300999291583405,0.05300999291583405
Hyb-Adam-UM,85,30,84,HybAdamUM_completed_p85_rep30_seed84.csv,internal:T11|T12|T13|T14|T15,internal,5,0.11651,0.0,-0.11651,0.11651
Hyb-Adam-UM,85,30,84,HybAdamUM_completed_p85_rep30_seed84.csv,internal:T11|T12,internal,2,0.22637,0.0,-0.22637,0.22637
Hyb-Adam-UM,85,30,84,HybAdamUM_completed_p85_rep30_seed84.csv,terminal:T11,terminal,1,0.16094,0.1367351377646592,-0.024204862235340796,0.024204862235340796
Hyb-Adam-UM,85,30,84,HybAdamUM_completed_p85_rep30_seed84.csv,terminal:T12,terminal,1,0.14942,0.13440957596683467,-0.015010424033165326,0.015010424033165326
Hyb-Adam-UM,85,30,84,HybAdamUM_completed_p85_rep30_seed84.csv,internal:T13|T14|T15,internal,3,0.18561,0.0021976577397743897,-0.1834123422602256,0.1834123422602256
Hyb-Adam-UM,85,30,84,HybAdamUM_completed_p85_rep30_seed84.csv,terminal:T13,terminal,1,0.32149,0.1378649312630327,-0.1836250687369673,0.1836250687369673
Hyb-Adam-UM,85,30,84,HybAdamUM_completed_p85_rep30_seed84.csv,internal:T14|T15,internal,2,0.07113,0.0,-0.07113,0.07113
Hyb-Adam-UM,85,30,84,HybAdamUM_completed_p85_rep30_seed84.csv,terminal:T14,terminal,1,0.34439,0.1411630442508784,-0.20322695574912159,0.20322695574912159
Hyb-Adam-UM,85,30,84,HybAdamUM_completed_p85_rep30_seed84.csv,terminal:T15,terminal,1,0.24256,0.13803261653329335,-0.10452738346670665,0.10452738346670665
