% Missing,LRMC Δ_total,Δ_normalized,Δ̄ (per triangle),Δ_relative (to original)
Original,105.5603,0.037555,0.232001,1.0000
30%,815.5664 ± 112.5390,0.139114 ± 0.007705,1.792454 ± 0.247338,7.7261 ± 1.0661
50%,1311.0056 ± 285.4694,0.197769 ± 0.014964,2.881331 ± 0.627405,12.4195 ± 2.7043
65%,1483.1377 ± 199.6462,0.236567 ± 0.009957,3.259643 ± 0.438783,14.0502 ± 1.8913
85%,5430136472756.7363 ± 985047943102.6536,0.454339 ± 0.063113,11934365874.190632 ± 2164940534.291546,51441100274.4218 ± 9331616299.2367
90%,8899282947291.0742 ± 1600971306623.1663,0.622641 ± 0.112817,19558863620.419941 ± 3518618256.314651,84305230404.2083 ± 15166419100.8195
