method,pct_missing,replicate,mask_seed,file,edge_id,edge_type,edge_descendant_count,branch_length_ref_ML,branch_length_hat_from_completed_matrix,branch_length_error,branch_length_abs_error
LRMC-SoftImpute,30,1,55,LRMC_SoftImpute_completed_p30_rep01_seed55.csv,terminal:Allenopithecus_nigroviridis_KJ434962,terminal,1,0.1474140195,0.06070535675001307,-0.08670866274998693,0.08670866274998693
LRMC-SoftImpute,30,1,55,LRMC_SoftImpute_completed_p30_rep01_seed55.csv,internal:Cercocebus_atys_KT159932|Cercocebus_chrysogaster_KC757390|Cercocebus_torquatus_KJ434959,internal,3,0.1544494817,0.05162001453162739,-0.10282946716837262,0.10282946716837262
LRMC-SoftImpute,30,1,55,LRMC_SoftImpute_completed_p30_rep01_seed55.csv,internal:Cercocebus_atys_KT159932|Cercocebus_torquatus_KJ434959,internal,2,0.0094381611,0.0,-0.0094381611,0.0094381611
LRMC-SoftImpute,30,1,55,LRMC_SoftImpute_completed_p30_rep01_seed55.csv,terminal:Cercocebus_atys_KT159932,terminal,1,0.0508580169,0.028485326355594365,-0.022372690544405632,0.022372690544405632
LRMC-SoftImpute,30,1,55,LRMC_SoftImpute_completed_p30_rep01_seed55.csv,terminal:Cercocebus_torquatus_KJ434959,terminal,1,0.0562685839,0.04207507840664459,-0.014193505493355414,0.014193505493355414
LRMC-SoftImpute,30,1,55,LRMC_SoftImpute_completed_p30_rep01_seed55.csv,terminal:Cercocebus_chrysogaster_KC757390,terminal,1,0.0511259412,0.02822019251061666,-0.022905748689383335,0.022905748689383335
LRMC-SoftImpute,30,1,55,LRMC_SoftImpute_completed_p30_rep01_seed55.csv,internal:Allenopithecus_nigroviridis_KJ434962|Cercocebus_atys_KT159932|Cercocebus_chrysogaster_KC757390|Cercocebus_torquatus_KJ434959,internal,4,0.0346917556,0.0,-0.0346917556,0.0346917556
LRMC-SoftImpute,30,1,55,LRMC_SoftImpute_completed_p30_rep01_seed55.csv,internal:Cercopithecus_aethiops_AY863426|Chlorocebus_aethiops_C1_KU682691|Chlorocebus_aethiops_MN816163|Chlorocebus_cynosuros_C3_KU682693|Chlorocebus_cynosuros_KM262190|Chlorocebus_djamdjamensis_C5_KU682695,internal,6,0.0834758403,0.03301034148978517,-0.05046549881021484,0.05046549881021484
LRMC-SoftImpute,30,1,55,LRMC_SoftImpute_completed_p30_rep01_seed55.csv,internal:Cercopithecus_aethiops_AY863426|Chlorocebus_aethiops_C1_KU682691|Chlorocebus_aethiops_MN816163|Chlorocebus_cynosuros_C3_KU682693|Chlorocebus_cynosuros_KM262190,internal,5,0.012780756,0.0,-0.012780756,0.012780756
LRMC-SoftImpute,30,1,55,LRMC_SoftImpute_completed_p30_rep01_seed55.csv,internal:Cercopithecus_aethiops_AY863426|Chlorocebus_aethiops_C1_KU682691|Chlorocebus_aethiops_MN816163,internal,3,0.0048654608,0.005690506389660006,0.0008250455896600065,0.0008250455896600065
LRMC-SoftImpute,30,1,55,LRMC_SoftImpute_completed_p30_rep01_seed55.csv,terminal:Cercopithecus_aethiops_AY863426,terminal,1,0.0221835236,0.010565074685589142,-0.01161844891441086,0.01161844891441086
LRMC-SoftImpute,30,1,55,LRMC_SoftImpute_completed_p30_rep01_seed55.csv,internal:Chlorocebus_aethiops_C1_KU682691|Chlorocebus_aethiops_MN816163,internal,2,0.0120854426,0.015019790096124856,0.002934347496124857,0.002934347496124857
LRMC-SoftImpute,30,1,55,LRMC_SoftImpute_completed_p30_rep01_seed55.csv,terminal:Chlorocebus_aethiops_C1_KU682691,terminal,1,0.0080961876,0.00918237171043026,0.0010861841104302591,0.0010861841104302591
LRMC-SoftImpute,30,1,55,LRMC_SoftImpute_completed_p30_rep01_seed55.csv,terminal:Chlorocebus_aethiops_MN816163,terminal,1,0.0104642592,0.010009887351963558,-0.0004543718480364417,0.0004543718480364417
LRMC-SoftImpute,30,1,55,LRMC_SoftImpute_completed_p30_rep01_seed55.csv,internal:Chlorocebus_cynosuros_C3_KU682693|Chlorocebus_cynosuros_KM262190,internal,2,0.0017398823,0.006761584834878546,0.005021702534878545,0.005021702534878545
LRMC-SoftImpute,30,1,55,LRMC_SoftImpute_completed_p30_rep01_seed55.csv,terminal:Chlorocebus_cynosuros_C3_KU682693,terminal,1,0.0241962287,0.008945675638705831,-0.015250553061294168,0.015250553061294168
LRMC-SoftImpute,30,1,55,LRMC_SoftImpute_completed_p30_rep01_seed55.csv,terminal:Chlorocebus_cynosuros_KM262190,terminal,1,0.0250691331,0.004547128057126236,-0.020522005042873766,0.020522005042873766
LRMC-SoftImpute,30,1,55,LRMC_SoftImpute_completed_p30_rep01_seed55.csv,terminal:Chlorocebus_djamdjamensis_C5_KU682695,terminal,1,0.0319881948,0.028979226540367324,-0.0030089682596326772,0.0030089682596326772
LRMC-SoftImpute,30,1,55,LRMC_SoftImpute_completed_p30_rep01_seed55.csv,internal:Cercopithecus_albogularis_KC757391|Cercopithecus_diana_KJ434958|Cercopithecus_lhoesti_KJ434957|Cercopithecus_mitis_KJ434956|Cercopithecus_neglectus_MW160353,internal,5,0.0020104988,0.0,-0.0020104988,0.0020104988
LRMC-SoftImpute,30,1,55,LRMC_SoftImpute_completed_p30_rep01_seed55.csv,internal:Cercopithecus_albogularis_KC757391|Cercopithecus_lhoesti_KJ434957|Cercopithecus_mitis_KJ434956,internal,3,0.0167387771,0.0,-0.0167387771,0.0167387771
LRMC-SoftImpute,30,1,55,LRMC_SoftImpute_completed_p30_rep01_seed55.csv,internal:Cercopithecus_albogularis_KC757391|Cercopithecus_mitis_KJ434956,internal,2,0.0593605632,0.03410724233436974,-0.025253320865630258,0.025253320865630258
LRMC-SoftImpute,30,1,55,LRMC_SoftImpute_completed_p30_rep01_seed55.csv,terminal:Cercopithecus_albogularis_KC757391,terminal,1,0.0366651729,0.027248239118176334,-0.009416933781823667,0.009416933781823667
LRMC-SoftImpute,30,1,55,LRMC_SoftImpute_completed_p30_rep01_seed55.csv,terminal:Cercopithecus_mitis_KJ434956,terminal,1,0.0331901409,0.0263816239287271,-0.0068085169712728995,0.0068085169712728995
LRMC-SoftImpute,30,1,55,LRMC_SoftImpute_completed_p30_rep01_seed55.csv,terminal:Cercopithecus_lhoesti_KJ434957,terminal,1,0.096446469,0.045277202262687166,-0.05116926673731284,0.05116926673731284
LRMC-SoftImpute,30,1,55,LRMC_SoftImpute_completed_p30_rep01_seed55.csv,internal:Cercopithecus_diana_KJ434958|Cercopithecus_neglectus_MW160353,internal,2,0.0175917107,0.0,-0.0175917107,0.0175917107
LRMC-SoftImpute,30,1,55,LRMC_SoftImpute_completed_p30_rep01_seed55.csv,terminal:Cercopithecus_diana_KJ434958,terminal,1,0.1093319625,0.06005974980040764,-0.049272212699592366,0.049272212699592366
LRMC-SoftImpute,30,1,55,LRMC_SoftImpute_completed_p30_rep01_seed55.csv,terminal:Cercopithecus_neglectus_MW160353,terminal,1,0.1017112524,0.052147190947021804,-0.04956406145297819,0.04956406145297819
LRMC-SoftImpute,30,2,56,LRMC_SoftImpute_completed_p30_rep02_seed56.csv,terminal:Allenopithecus_nigroviridis_KJ434962,terminal,1,0.1474140195,0.05691471123356347,-0.09049930826643653,0.09049930826643653
LRMC-SoftImpute,30,2,56,LRMC_SoftImpute_completed_p30_rep02_seed56.csv,internal:Cercocebus_atys_KT159932|Cercocebus_chrysogaster_KC757390|Cercocebus_torquatus_KJ434959,internal,3,0.1544494817,0.033644538994922556,-0.12080494270507744,0.12080494270507744
LRMC-SoftImpute,30,2,56,LRMC_SoftImpute_completed_p30_rep02_seed56.csv,internal:Cercocebus_atys_KT159932|Cercocebus_torquatus_KJ434959,internal,2,0.0094381611,0.0,-0.0094381611,0.0094381611
LRMC-SoftImpute,30,2,56,LRMC_SoftImpute_completed_p30_rep02_seed56.csv,terminal:Cercocebus_atys_KT159932,terminal,1,0.0508580169,0.026409931591335076,-0.02444808530866492,0.02444808530866492
LRMC-SoftImpute,30,2,56,LRMC_SoftImpute_completed_p30_rep02_seed56.csv,terminal:Cercocebus_torquatus_KJ434959,terminal,1,0.0562685839,0.0304235666920298,-0.0258450172079702,0.0258450172079702
LRMC-SoftImpute,30,2,56,LRMC_SoftImpute_completed_p30_rep02_seed56.csv,terminal:Cercocebus_chrysogaster_KC757390,terminal,1,0.0511259412,0.0398552733128232,-0.011270667887176795,0.011270667887176795
LRMC-SoftImpute,30,2,56,LRMC_SoftImpute_completed_p30_rep02_seed56.csv,internal:Allenopithecus_nigroviridis_KJ434962|Cercocebus_atys_KT159932|Cercocebus_chrysogaster_KC757390|Cercocebus_torquatus_KJ434959,internal,4,0.0346917556,0.016494351535006706,-0.018197404064993292,0.018197404064993292
LRMC-SoftImpute,30,2,56,LRMC_SoftImpute_completed_p30_rep02_seed56.csv,internal:Cercopithecus_aethiops_AY863426|Chlorocebus_aethiops_C1_KU682691|Chlorocebus_aethiops_MN816163|Chlorocebus_cynosuros_C3_KU682693|Chlorocebus_cynosuros_KM262190|Chlorocebus_djamdjamensis_C5_KU682695,internal,6,0.0834758403,0.020324504279453683,-0.06315133602054632,0.06315133602054632
LRMC-SoftImpute,30,2,56,LRMC_SoftImpute_completed_p30_rep02_seed56.csv,internal:Cercopithecus_aethiops_AY863426|Chlorocebus_aethiops_C1_KU682691|Chlorocebus_aethiops_MN816163|Chlorocebus_cynosuros_C3_KU682693|Chlorocebus_cynosuros_KM262190,internal,5,0.012780756,0.0112218431046453,-0.001558912895354701,0.001558912895354701
LRMC-SoftImpute,30,2,56,LRMC_SoftImpute_completed_p30_rep02_seed56.csv,internal:Cercopithecus_aethiops_AY863426|Chlorocebus_aethiops_C1_KU682691|Chlorocebus_aethiops_MN816163,internal,3,0.0048654608,0.0006855993822833224,-0.004179861417716677,0.004179861417716677
LRMC-SoftImpute,30,2,56,LRMC_SoftImpute_completed_p30_rep02_seed56.csv,terminal:Cercopithecus_aethiops_AY863426,terminal,1,0.0221835236,0.012954066607671165,-0.009229456992328836,0.009229456992328836
LRMC-SoftImpute,30,2,56,LRMC_SoftImpute_completed_p30_rep02_seed56.csv,internal:Chlorocebus_aethiops_C1_KU682691|Chlorocebus_aethiops_MN816163,internal,2,0.0120854426,0.014140756583550523,0.0020553139835505236,0.0020553139835505236
LRMC-SoftImpute,30,2,56,LRMC_SoftImpute_completed_p30_rep02_seed56.csv,terminal:Chlorocebus_aethiops_C1_KU682691,terminal,1,0.0080961876,0.005559663776159529,-0.0025365238238404713,0.0025365238238404713
LRMC-SoftImpute,30,2,56,LRMC_SoftImpute_completed_p30_rep02_seed56.csv,terminal:Chlorocebus_aethiops_MN816163,terminal,1,0.0104642592,0.01061267846721888,0.00014841926721888103,0.00014841926721888103
LRMC-SoftImpute,30,2,56,LRMC_SoftImpute_completed_p30_rep02_seed56.csv,internal:Chlorocebus_cynosuros_C3_KU682693|Chlorocebus_cynosuros_KM262190,internal,2,0.0017398823,0.0,-0.0017398823,0.0017398823
LRMC-SoftImpute,30,2,56,LRMC_SoftImpute_completed_p30_rep02_seed56.csv,terminal:Chlorocebus_cynosuros_C3_KU682693,terminal,1,0.0241962287,0.016648489355246678,-0.007547739344753321,0.007547739344753321
LRMC-SoftImpute,30,2,56,LRMC_SoftImpute_completed_p30_rep02_seed56.csv,terminal:Chlorocebus_cynosuros_KM262190,terminal,1,0.0250691331,0.018249959884518035,-0.006819173215481967,0.006819173215481967
LRMC-SoftImpute,30,2,56,LRMC_SoftImpute_completed_p30_rep02_seed56.csv,terminal:Chlorocebus_djamdjamensis_C5_KU682695,terminal,1,0.0319881948,0.02452517466974028,-0.0074630201302597204,0.0074630201302597204
LRMC-SoftImpute,30,2,56,LRMC_SoftImpute_completed_p30_rep02_seed56.csv,internal:Cercopithecus_albogularis_KC757391|Cercopithecus_diana_KJ434958|Cercopithecus_lhoesti_KJ434957|Cercopithecus_mitis_KJ434956|Cercopithecus_neglectus_MW160353,internal,5,0.0020104988,0.0,-0.0020104988,0.0020104988
LRMC-SoftImpute,30,2,56,LRMC_SoftImpute_completed_p30_rep02_seed56.csv,internal:Cercopithecus_albogularis_KC757391|Cercopithecus_lhoesti_KJ434957|Cercopithecus_mitis_KJ434956,internal,3,0.0167387771,0.046531936532864894,0.029793159432864893,0.029793159432864893
LRMC-SoftImpute,30,2,56,LRMC_SoftImpute_completed_p30_rep02_seed56.csv,internal:Cercopithecus_albogularis_KC757391|Cercopithecus_mitis_KJ434956,internal,2,0.0593605632,0.0,-0.0593605632,0.0593605632
LRMC-SoftImpute,30,2,56,LRMC_SoftImpute_completed_p30_rep02_seed56.csv,terminal:Cercopithecus_albogularis_KC757391,terminal,1,0.0366651729,0.013358595936940219,-0.02330657696305978,0.02330657696305978
LRMC-SoftImpute,30,2,56,LRMC_SoftImpute_completed_p30_rep02_seed56.csv,terminal:Cercopithecus_mitis_KJ434956,terminal,1,0.0331901409,0.02283112168383668,-0.010359019216163317,0.010359019216163317
LRMC-SoftImpute,30,2,56,LRMC_SoftImpute_completed_p30_rep02_seed56.csv,terminal:Cercopithecus_lhoesti_KJ434957,terminal,1,0.096446469,0.015914377871654253,-0.08053209112834575,0.08053209112834575
LRMC-SoftImpute,30,2,56,LRMC_SoftImpute_completed_p30_rep02_seed56.csv,internal:Cercopithecus_diana_KJ434958|Cercopithecus_neglectus_MW160353,internal,2,0.0175917107,0.03712684754488261,0.01953513684488261,0.01953513684488261
LRMC-SoftImpute,30,2,56,LRMC_SoftImpute_completed_p30_rep02_seed56.csv,terminal:Cercopithecus_diana_KJ434958,terminal,1,0.1093319625,0.028170133839331504,-0.0811618286606685,0.0811618286606685
LRMC-SoftImpute,30,2,56,LRMC_SoftImpute_completed_p30_rep02_seed56.csv,terminal:Cercopithecus_neglectus_MW160353,terminal,1,0.1017112524,0.01582282110782431,-0.08588843129217569,0.08588843129217569
LRMC-SoftImpute,30,3,57,LRMC_SoftImpute_completed_p30_rep03_seed57.csv,terminal:Allenopithecus_nigroviridis_KJ434962,terminal,1,0.1474140195,0.03974663404969328,-0.10766738545030671,0.10766738545030671
LRMC-SoftImpute,30,3,57,LRMC_SoftImpute_completed_p30_rep03_seed57.csv,internal:Cercocebus_atys_KT159932|Cercocebus_chrysogaster_KC757390|Cercocebus_torquatus_KJ434959,internal,3,0.1544494817,0.029988164007591477,-0.12446131769240852,0.12446131769240852
LRMC-SoftImpute,30,3,57,LRMC_SoftImpute_completed_p30_rep03_seed57.csv,internal:Cercocebus_atys_KT159932|Cercocebus_torquatus_KJ434959,internal,2,0.0094381611,0.0026814914500155047,-0.006756669649984495,0.006756669649984495
LRMC-SoftImpute,30,3,57,LRMC_SoftImpute_completed_p30_rep03_seed57.csv,terminal:Cercocebus_atys_KT159932,terminal,1,0.0508580169,0.0432689777952753,-0.0075890391047247,0.0075890391047247
LRMC-SoftImpute,30,3,57,LRMC_SoftImpute_completed_p30_rep03_seed57.csv,terminal:Cercocebus_torquatus_KJ434959,terminal,1,0.0562685839,0.03066121947331339,-0.025607364426686614,0.025607364426686614
LRMC-SoftImpute,30,3,57,LRMC_SoftImpute_completed_p30_rep03_seed57.csv,terminal:Cercocebus_chrysogaster_KC757390,terminal,1,0.0511259412,0.03722447846562905,-0.01390146273437095,0.01390146273437095
LRMC-SoftImpute,30,3,57,LRMC_SoftImpute_completed_p30_rep03_seed57.csv,internal:Allenopithecus_nigroviridis_KJ434962|Cercocebus_atys_KT159932|Cercocebus_chrysogaster_KC757390|Cercocebus_torquatus_KJ434959,internal,4,0.0346917556,0.013951935403859719,-0.02073982019614028,0.02073982019614028
LRMC-SoftImpute,30,3,57,LRMC_SoftImpute_completed_p30_rep03_seed57.csv,internal:Cercopithecus_aethiops_AY863426|Chlorocebus_aethiops_C1_KU682691|Chlorocebus_aethiops_MN816163|Chlorocebus_cynosuros_C3_KU682693|Chlorocebus_cynosuros_KM262190|Chlorocebus_djamdjamensis_C5_KU682695,internal,6,0.0834758403,0.020631845974918687,-0.06284399432508132,0.06284399432508132
LRMC-SoftImpute,30,3,57,LRMC_SoftImpute_completed_p30_rep03_seed57.csv,internal:Cercopithecus_aethiops_AY863426|Chlorocebus_aethiops_C1_KU682691|Chlorocebus_aethiops_MN816163|Chlorocebus_cynosuros_C3_KU682693|Chlorocebus_cynosuros_KM262190,internal,5,0.012780756,0.015111622280571975,0.0023308662805719745,0.0023308662805719745
LRMC-SoftImpute,30,3,57,LRMC_SoftImpute_completed_p30_rep03_seed57.csv,internal:Cercopithecus_aethiops_AY863426|Chlorocebus_aethiops_C1_KU682691|Chlorocebus_aethiops_MN816163,internal,3,0.0048654608,0.0,-0.0048654608,0.0048654608
LRMC-SoftImpute,30,3,57,LRMC_SoftImpute_completed_p30_rep03_seed57.csv,terminal:Cercopithecus_aethiops_AY863426,terminal,1,0.0221835236,0.019002764830525057,-0.0031807587694749444,0.0031807587694749444
LRMC-SoftImpute,30,3,57,LRMC_SoftImpute_completed_p30_rep03_seed57.csv,internal:Chlorocebus_aethiops_C1_KU682691|Chlorocebus_aethiops_MN816163,internal,2,0.0120854426,0.0074514480754346605,-0.004633994524565339,0.004633994524565339
LRMC-SoftImpute,30,3,57,LRMC_SoftImpute_completed_p30_rep03_seed57.csv,terminal:Chlorocebus_aethiops_C1_KU682691,terminal,1,0.0080961876,0.006398464749744069,-0.0016977228502559312,0.0016977228502559312
LRMC-SoftImpute,30,3,57,LRMC_SoftImpute_completed_p30_rep03_seed57.csv,terminal:Chlorocebus_aethiops_MN816163,terminal,1,0.0104642592,0.010153804507848661,-0.0003104546921513379,0.0003104546921513379
LRMC-SoftImpute,30,3,57,LRMC_SoftImpute_completed_p30_rep03_seed57.csv,internal:Chlorocebus_cynosuros_C3_KU682693|Chlorocebus_cynosuros_KM262190,internal,2,0.0017398823,0.005397307180877793,0.0036574248808777933,0.0036574248808777933
LRMC-SoftImpute,30,3,57,LRMC_SoftImpute_completed_p30_rep03_seed57.csv,terminal:Chlorocebus_cynosuros_C3_KU682693,terminal,1,0.0241962287,0.007090914134420987,-0.01710531456557901,0.01710531456557901
LRMC-SoftImpute,30,3,57,LRMC_SoftImpute_completed_p30_rep03_seed57.csv,terminal:Chlorocebus_cynosuros_KM262190,terminal,1,0.0250691331,0.01332195033055935,-0.011747182769440652,0.011747182769440652
LRMC-SoftImpute,30,3,57,LRMC_SoftImpute_completed_p30_rep03_seed57.csv,terminal:Chlorocebus_djamdjamensis_C5_KU682695,terminal,1,0.0319881948,0.020779634139471113,-0.011208560660528888,0.011208560660528888
LRMC-SoftImpute,30,3,57,LRMC_SoftImpute_completed_p30_rep03_seed57.csv,internal:Cercopithecus_albogularis_KC757391|Cercopithecus_diana_KJ434958|Cercopithecus_lhoesti_KJ434957|Cercopithecus_mitis_KJ434956|Cercopithecus_neglectus_MW160353,internal,5,0.0020104988,0.02827612354866727,0.026265624748667272,0.026265624748667272
LRMC-SoftImpute,30,3,57,LRMC_SoftImpute_completed_p30_rep03_seed57.csv,internal:Cercopithecus_albogularis_KC757391|Cercopithecus_lhoesti_KJ434957|Cercopithecus_mitis_KJ434956,internal,3,0.0167387771,0.0,-0.0167387771,0.0167387771
LRMC-SoftImpute,30,3,57,LRMC_SoftImpute_completed_p30_rep03_seed57.csv,internal:Cercopithecus_albogularis_KC757391|Cercopithecus_mitis_KJ434956,internal,2,0.0593605632,0.014545452714912161,-0.044815110485087836,0.044815110485087836
LRMC-SoftImpute,30,3,57,LRMC_SoftImpute_completed_p30_rep03_seed57.csv,terminal:Cercopithecus_albogularis_KC757391,terminal,1,0.0366651729,0.031312197569407195,-0.005352975330592806,0.005352975330592806
LRMC-SoftImpute,30,3,57,LRMC_SoftImpute_completed_p30_rep03_seed57.csv,terminal:Cercopithecus_mitis_KJ434956,terminal,1,0.0331901409,0.02231766547749622,-0.010872475422503778,0.010872475422503778
LRMC-SoftImpute,30,3,57,LRMC_SoftImpute_completed_p30_rep03_seed57.csv,terminal:Cercopithecus_lhoesti_KJ434957,terminal,1,0.096446469,0.03679575416752804,-0.05965071483247197,0.05965071483247197
LRMC-SoftImpute,30,3,57,LRMC_SoftImpute_completed_p30_rep03_seed57.csv,internal:Cercopithecus_diana_KJ434958|Cercopithecus_neglectus_MW160353,internal,2,0.0175917107,0.0,-0.0175917107,0.0175917107
LRMC-SoftImpute,30,3,57,LRMC_SoftImpute_completed_p30_rep03_seed57.csv,terminal:Cercopithecus_diana_KJ434958,terminal,1,0.1093319625,0.03911761007987729,-0.07021435242012272,0.07021435242012272
LRMC-SoftImpute,30,3,57,LRMC_SoftImpute_completed_p30_rep03_seed57.csv,terminal:Cercopithecus_neglectus_MW160353,terminal,1,0.1017112524,0.03421357313953533,-0.06749767926046465,0.06749767926046465
LRMC-SoftImpute,30,4,58,LRMC_SoftImpute_completed_p30_rep04_seed58.csv,terminal:Allenopithecus_nigroviridis_KJ434962,terminal,1,0.1474140195,0.0606002589161896,-0.08681376058381039,0.08681376058381039
LRMC-SoftImpute,30,4,58,LRMC_SoftImpute_completed_p30_rep04_seed58.csv,internal:Cercocebus_atys_KT159932|Cercocebus_chrysogaster_KC757390|Cercocebus_torquatus_KJ434959,internal,3,0.1544494817,0.044338881249560216,-0.11011060045043979,0.11011060045043979
LRMC-SoftImpute,30,4,58,LRMC_SoftImpute_completed_p30_rep04_seed58.csv,internal:Cercocebus_atys_KT159932|Cercocebus_torquatus_KJ434959,internal,2,0.0094381611,0.0,-0.0094381611,0.0094381611
LRMC-SoftImpute,30,4,58,LRMC_SoftImpute_completed_p30_rep04_seed58.csv,terminal:Cercocebus_atys_KT159932,terminal,1,0.0508580169,0.04286408952888163,-0.00799392737111837,0.00799392737111837
LRMC-SoftImpute,30,4,58,LRMC_SoftImpute_completed_p30_rep04_seed58.csv,terminal:Cercocebus_torquatus_KJ434959,terminal,1,0.0562685839,0.0404331704767578,-0.015835413423242205,0.015835413423242205
LRMC-SoftImpute,30,4,58,LRMC_SoftImpute_completed_p30_rep04_seed58.csv,terminal:Cercocebus_chrysogaster_KC757390,terminal,1,0.0511259412,0.043021223493128334,-0.008104717706871663,0.008104717706871663
LRMC-SoftImpute,30,4,58,LRMC_SoftImpute_completed_p30_rep04_seed58.csv,internal:Allenopithecus_nigroviridis_KJ434962|Cercocebus_atys_KT159932|Cercocebus_chrysogaster_KC757390|Cercocebus_torquatus_KJ434959,internal,4,0.0346917556,0.0,-0.0346917556,0.0346917556
LRMC-SoftImpute,30,4,58,LRMC_SoftImpute_completed_p30_rep04_seed58.csv,internal:Cercopithecus_aethiops_AY863426|Chlorocebus_aethiops_C1_KU682691|Chlorocebus_aethiops_MN816163|Chlorocebus_cynosuros_C3_KU682693|Chlorocebus_cynosuros_KM262190|Chlorocebus_djamdjamensis_C5_KU682695,internal,6,0.0834758403,0.02921664708664063,-0.054259193213359376,0.054259193213359376
LRMC-SoftImpute,30,4,58,LRMC_SoftImpute_completed_p30_rep04_seed58.csv,internal:Cercopithecus_aethiops_AY863426|Chlorocebus_aethiops_C1_KU682691|Chlorocebus_aethiops_MN816163|Chlorocebus_cynosuros_C3_KU682693|Chlorocebus_cynosuros_KM262190,internal,5,0.012780756,0.0,-0.012780756,0.012780756
LRMC-SoftImpute,30,4,58,LRMC_SoftImpute_completed_p30_rep04_seed58.csv,internal:Cercopithecus_aethiops_AY863426|Chlorocebus_aethiops_C1_KU682691|Chlorocebus_aethiops_MN816163,internal,3,0.0048654608,0.0029453523492148216,-0.001920108450785178,0.001920108450785178
LRMC-SoftImpute,30,4,58,LRMC_SoftImpute_completed_p30_rep04_seed58.csv,terminal:Cercopithecus_aethiops_AY863426,terminal,1,0.0221835236,0.02206902670867502,-0.00011449689132498123,0.00011449689132498123
LRMC-SoftImpute,30,4,58,LRMC_SoftImpute_completed_p30_rep04_seed58.csv,internal:Chlorocebus_aethiops_C1_KU682691|Chlorocebus_aethiops_MN816163,internal,2,0.0120854426,0.004877593157506671,-0.007207849442493328,0.007207849442493328
LRMC-SoftImpute,30,4,58,LRMC_SoftImpute_completed_p30_rep04_seed58.csv,terminal:Chlorocebus_aethiops_C1_KU682691,terminal,1,0.0080961876,0.010462216339802672,0.0023660287398026714,0.0023660287398026714
LRMC-SoftImpute,30,4,58,LRMC_SoftImpute_completed_p30_rep04_seed58.csv,terminal:Chlorocebus_aethiops_MN816163,terminal,1,0.0104642592,0.006006532553655741,-0.004457726646344258,0.004457726646344258
LRMC-SoftImpute,30,4,58,LRMC_SoftImpute_completed_p30_rep04_seed58.csv,internal:Chlorocebus_cynosuros_C3_KU682693|Chlorocebus_cynosuros_KM262190,internal,2,0.0017398823,0.0007995403872989385,-0.0009403419127010615,0.0009403419127010615
LRMC-SoftImpute,30,4,58,LRMC_SoftImpute_completed_p30_rep04_seed58.csv,terminal:Chlorocebus_cynosuros_C3_KU682693,terminal,1,0.0241962287,0.027391677326365334,0.0031954486263653346,0.0031954486263653346
LRMC-SoftImpute,30,4,58,LRMC_SoftImpute_completed_p30_rep04_seed58.csv,terminal:Chlorocebus_cynosuros_KM262190,terminal,1,0.0250691331,0.011100605770234265,-0.013968527329765737,0.013968527329765737
LRMC-SoftImpute,30,4,58,LRMC_SoftImpute_completed_p30_rep04_seed58.csv,terminal:Chlorocebus_djamdjamensis_C5_KU682695,terminal,1,0.0319881948,0.03454390676503802,0.002555711965038017,0.002555711965038017
LRMC-SoftImpute,30,4,58,LRMC_SoftImpute_completed_p30_rep04_seed58.csv,internal:Cercopithecus_albogularis_KC757391|Cercopithecus_diana_KJ434958|Cercopithecus_lhoesti_KJ434957|Cercopithecus_mitis_KJ434956|Cercopithecus_neglectus_MW160353,internal,5,0.0020104988,0.0013799608269338202,-0.00063053797306618,0.00063053797306618
LRMC-SoftImpute,30,4,58,LRMC_SoftImpute_completed_p30_rep04_seed58.csv,internal:Cercopithecus_albogularis_KC757391|Cercopithecus_lhoesti_KJ434957|Cercopithecus_mitis_KJ434956,internal,3,0.0167387771,0.0,-0.0167387771,0.0167387771
LRMC-SoftImpute,30,4,58,LRMC_SoftImpute_completed_p30_rep04_seed58.csv,internal:Cercopithecus_albogularis_KC757391|Cercopithecus_mitis_KJ434956,internal,2,0.0593605632,0.02873493478454263,-0.030625628415457372,0.030625628415457372
LRMC-SoftImpute,30,4,58,LRMC_SoftImpute_completed_p30_rep04_seed58.csv,terminal:Cercopithecus_albogularis_KC757391,terminal,1,0.0366651729,0.025835957158772033,-0.010829215741227968,0.010829215741227968
LRMC-SoftImpute,30,4,58,LRMC_SoftImpute_completed_p30_rep04_seed58.csv,terminal:Cercopithecus_mitis_KJ434956,terminal,1,0.0331901409,0.027793905888131357,-0.005396235011868641,0.005396235011868641
LRMC-SoftImpute,30,4,58,LRMC_SoftImpute_completed_p30_rep04_seed58.csv,terminal:Cercopithecus_lhoesti_KJ434957,terminal,1,0.096446469,0.050875776896679305,-0.0455706921033207,0.0455706921033207
LRMC-SoftImpute,30,4,58,LRMC_SoftImpute_completed_p30_rep04_seed58.csv,internal:Cercopithecus_diana_KJ434958|Cercopithecus_neglectus_MW160353,internal,2,0.0175917107,0.0018566640730908654,-0.015735046626909135,0.015735046626909135
LRMC-SoftImpute,30,4,58,LRMC_SoftImpute_completed_p30_rep04_seed58.csv,terminal:Cercopithecus_diana_KJ434958,terminal,1,0.1093319625,0.05523617303864032,-0.054095789461359685,0.054095789461359685
LRMC-SoftImpute,30,4,58,LRMC_SoftImpute_completed_p30_rep04_seed58.csv,terminal:Cercopithecus_neglectus_MW160353,terminal,1,0.1017112524,0.05582778724080832,-0.04588346515919167,0.04588346515919167
LRMC-SoftImpute,30,5,59,LRMC_SoftImpute_completed_p30_rep05_seed59.csv,terminal:Allenopithecus_nigroviridis_KJ434962,terminal,1,0.1474140195,0.05393466569056554,-0.09347935380943445,0.09347935380943445
LRMC-SoftImpute,30,5,59,LRMC_SoftImpute_completed_p30_rep05_seed59.csv,internal:Cercocebus_atys_KT159932|Cercocebus_chrysogaster_KC757390|Cercocebus_torquatus_KJ434959,internal,3,0.1544494817,0.029069415285092173,-0.12538006641490784,0.12538006641490784
LRMC-SoftImpute,30,5,59,LRMC_SoftImpute_completed_p30_rep05_seed59.csv,internal:Cercocebus_atys_KT159932|Cercocebus_torquatus_KJ434959,internal,2,0.0094381611,0.0038985261545757964,-0.005539634945424204,0.005539634945424204
LRMC-SoftImpute,30,5,59,LRMC_SoftImpute_completed_p30_rep05_seed59.csv,terminal:Cercocebus_atys_KT159932,terminal,1,0.0508580169,0.04446919058069418,-0.006388826319305818,0.006388826319305818
LRMC-SoftImpute,30,5,59,LRMC_SoftImpute_completed_p30_rep05_seed59.csv,terminal:Cercocebus_torquatus_KJ434959,terminal,1,0.0562685839,0.029461006687894496,-0.026807577212105506,0.026807577212105506
LRMC-SoftImpute,30,5,59,LRMC_SoftImpute_completed_p30_rep05_seed59.csv,terminal:Cercocebus_chrysogaster_KC757390,terminal,1,0.0511259412,0.03600744376106876,-0.01511849743893124,0.01511849743893124
LRMC-SoftImpute,30,5,59,LRMC_SoftImpute_completed_p30_rep05_seed59.csv,internal:Allenopithecus_nigroviridis_KJ434962|Cercocebus_atys_KT159932|Cercocebus_chrysogaster_KC757390|Cercocebus_torquatus_KJ434959,internal,4,0.0346917556,0.002209449635810955,-0.032482305964189044,0.032482305964189044
LRMC-SoftImpute,30,5,59,LRMC_SoftImpute_completed_p30_rep05_seed59.csv,internal:Cercopithecus_aethiops_AY863426|Chlorocebus_aethiops_C1_KU682691|Chlorocebus_aethiops_MN816163|Chlorocebus_cynosuros_C3_KU682693|Chlorocebus_cynosuros_KM262190|Chlorocebus_djamdjamensis_C5_KU682695,internal,6,0.0834758403,0.04245108781246326,-0.041024752487536745,0.041024752487536745
LRMC-SoftImpute,30,5,59,LRMC_SoftImpute_completed_p30_rep05_seed59.csv,internal:Cercopithecus_aethiops_AY863426|Chlorocebus_aethiops_C1_KU682691|Chlorocebus_aethiops_MN816163|Chlorocebus_cynosuros_C3_KU682693|Chlorocebus_cynosuros_KM262190,internal,5,0.012780756,0.012001614209152137,-0.0007791417908478634,0.0007791417908478634
LRMC-SoftImpute,30,5,59,LRMC_SoftImpute_completed_p30_rep05_seed59.csv,internal:Cercopithecus_aethiops_AY863426|Chlorocebus_aethiops_C1_KU682691|Chlorocebus_aethiops_MN816163,internal,3,0.0048654608,0.004728284188050461,-0.00013717661194953892,0.00013717661194953892
LRMC-SoftImpute,30,5,59,LRMC_SoftImpute_completed_p30_rep05_seed59.csv,terminal:Cercopithecus_aethiops_AY863426,terminal,1,0.0221835236,0.01803901428505959,-0.004144509314940412,0.004144509314940412
LRMC-SoftImpute,30,5,59,LRMC_SoftImpute_completed_p30_rep05_seed59.csv,internal:Chlorocebus_aethiops_C1_KU682691|Chlorocebus_aethiops_MN816163,internal,2,0.0120854426,0.009055808906162125,-0.0030296336938378746,0.0030296336938378746
LRMC-SoftImpute,30,5,59,LRMC_SoftImpute_completed_p30_rep05_seed59.csv,terminal:Chlorocebus_aethiops_C1_KU682691,terminal,1,0.0080961876,0.006749021845260985,-0.0013471657547390152,0.0013471657547390152
LRMC-SoftImpute,30,5,59,LRMC_SoftImpute_completed_p30_rep05_seed59.csv,terminal:Chlorocebus_aethiops_MN816163,terminal,1,0.0104642592,0.009423320398117399,-0.0010409388018826002,0.0010409388018826002
LRMC-SoftImpute,30,5,59,LRMC_SoftImpute_completed_p30_rep05_seed59.csv,internal:Chlorocebus_cynosuros_C3_KU682693|Chlorocebus_cynosuros_KM262190,internal,2,0.0017398823,0.0,-0.0017398823,0.0017398823
LRMC-SoftImpute,30,5,59,LRMC_SoftImpute_completed_p30_rep05_seed59.csv,terminal:Chlorocebus_cynosuros_C3_KU682693,terminal,1,0.0241962287,0.01718725858672674,-0.007008970113273259,0.007008970113273259
LRMC-SoftImpute,30,5,59,LRMC_SoftImpute_completed_p30_rep05_seed59.csv,terminal:Chlorocebus_cynosuros_KM262190,terminal,1,0.0250691331,0.016589769852761532,-0.00847936324723847,0.00847936324723847
LRMC-SoftImpute,30,5,59,LRMC_SoftImpute_completed_p30_rep05_seed59.csv,terminal:Chlorocebus_djamdjamensis_C5_KU682695,terminal,1,0.0319881948,0.01721516143922575,-0.014773033360774252,0.014773033360774252
LRMC-SoftImpute,30,5,59,LRMC_SoftImpute_completed_p30_rep05_seed59.csv,internal:Cercopithecus_albogularis_KC757391|Cercopithecus_diana_KJ434958|Cercopithecus_lhoesti_KJ434957|Cercopithecus_mitis_KJ434956|Cercopithecus_neglectus_MW160353,internal,5,0.0020104988,0.0,-0.0020104988,0.0020104988
LRMC-SoftImpute,30,5,59,LRMC_SoftImpute_completed_p30_rep05_seed59.csv,internal:Cercopithecus_albogularis_KC757391|Cercopithecus_lhoesti_KJ434957|Cercopithecus_mitis_KJ434956,internal,3,0.0167387771,0.0,-0.0167387771,0.0167387771
LRMC-SoftImpute,30,5,59,LRMC_SoftImpute_completed_p30_rep05_seed59.csv,internal:Cercopithecus_albogularis_KC757391|Cercopithecus_mitis_KJ434956,internal,2,0.0593605632,0.013894931766347162,-0.04546563143365284,0.04546563143365284
LRMC-SoftImpute,30,5,59,LRMC_SoftImpute_completed_p30_rep05_seed59.csv,terminal:Cercopithecus_albogularis_KC757391,terminal,1,0.0366651729,0.025098991416091166,-0.011566181483908835,0.011566181483908835
LRMC-SoftImpute,30,5,59,LRMC_SoftImpute_completed_p30_rep05_seed59.csv,terminal:Cercopithecus_mitis_KJ434956,terminal,1,0.0331901409,0.028530871630812228,-0.00465926926918777,0.00465926926918777
LRMC-SoftImpute,30,5,59,LRMC_SoftImpute_completed_p30_rep05_seed59.csv,terminal:Cercopithecus_lhoesti_KJ434957,terminal,1,0.096446469,0.04048529920859213,-0.055961169791407875,0.055961169791407875
LRMC-SoftImpute,30,5,59,LRMC_SoftImpute_completed_p30_rep05_seed59.csv,internal:Cercopithecus_diana_KJ434958|Cercopithecus_neglectus_MW160353,internal,2,0.0175917107,0.0,-0.0175917107,0.0175917107
LRMC-SoftImpute,30,5,59,LRMC_SoftImpute_completed_p30_rep05_seed59.csv,terminal:Cercopithecus_diana_KJ434958,terminal,1,0.1093319625,0.0409515470864657,-0.0683804154135343,0.0683804154135343
LRMC-SoftImpute,30,5,59,LRMC_SoftImpute_completed_p30_rep05_seed59.csv,terminal:Cercopithecus_neglectus_MW160353,terminal,1,0.1017112524,0.06444757049173618,-0.03726368190826382,0.03726368190826382
LRMC-SoftImpute,30,6,60,LRMC_SoftImpute_completed_p30_rep06_seed60.csv,terminal:Allenopithecus_nigroviridis_KJ434962,terminal,1,0.1474140195,0.05749724768458464,-0.08991677181541535,0.08991677181541535
LRMC-SoftImpute,30,6,60,LRMC_SoftImpute_completed_p30_rep06_seed60.csv,internal:Cercocebus_atys_KT159932|Cercocebus_chrysogaster_KC757390|Cercocebus_torquatus_KJ434959,internal,3,0.1544494817,0.03666522854476466,-0.11778425315523534,0.11778425315523534
LRMC-SoftImpute,30,6,60,LRMC_SoftImpute_completed_p30_rep06_seed60.csv,internal:Cercocebus_atys_KT159932|Cercocebus_torquatus_KJ434959,internal,2,0.0094381611,0.0,-0.0094381611,0.0094381611
LRMC-SoftImpute,30,6,60,LRMC_SoftImpute_completed_p30_rep06_seed60.csv,terminal:Cercocebus_atys_KT159932,terminal,1,0.0508580169,0.032841582657083083,-0.018016434242916914,0.018016434242916914
LRMC-SoftImpute,30,6,60,LRMC_SoftImpute_completed_p30_rep06_seed60.csv,terminal:Cercocebus_torquatus_KJ434959,terminal,1,0.0562685839,0.041550981456142055,-0.014717602443857947,0.014717602443857947
LRMC-SoftImpute,30,6,60,LRMC_SoftImpute_completed_p30_rep06_seed60.csv,terminal:Cercocebus_chrysogaster_KC757390,terminal,1,0.0511259412,0.04574154273066731,-0.005384398469332689,0.005384398469332689
LRMC-SoftImpute,30,6,60,LRMC_SoftImpute_completed_p30_rep06_seed60.csv,internal:Allenopithecus_nigroviridis_KJ434962|Cercocebus_atys_KT159932|Cercocebus_chrysogaster_KC757390|Cercocebus_torquatus_KJ434959,internal,4,0.0346917556,0.0,-0.0346917556,0.0346917556
LRMC-SoftImpute,30,6,60,LRMC_SoftImpute_completed_p30_rep06_seed60.csv,internal:Cercopithecus_aethiops_AY863426|Chlorocebus_aethiops_C1_KU682691|Chlorocebus_aethiops_MN816163|Chlorocebus_cynosuros_C3_KU682693|Chlorocebus_cynosuros_KM262190|Chlorocebus_djamdjamensis_C5_KU682695,internal,6,0.0834758403,0.03257103421776436,-0.050904806082235646,0.050904806082235646
LRMC-SoftImpute,30,6,60,LRMC_SoftImpute_completed_p30_rep06_seed60.csv,internal:Cercopithecus_aethiops_AY863426|Chlorocebus_aethiops_C1_KU682691|Chlorocebus_aethiops_MN816163|Chlorocebus_cynosuros_C3_KU682693|Chlorocebus_cynosuros_KM262190,internal,5,0.012780756,0.001010541389031742,-0.01177021461096826,0.01177021461096826
LRMC-SoftImpute,30,6,60,LRMC_SoftImpute_completed_p30_rep06_seed60.csv,internal:Cercopithecus_aethiops_AY863426|Chlorocebus_aethiops_C1_KU682691|Chlorocebus_aethiops_MN816163,internal,3,0.0048654608,0.008599476371326655,0.0037340155713266555,0.0037340155713266555
LRMC-SoftImpute,30,6,60,LRMC_SoftImpute_completed_p30_rep06_seed60.csv,terminal:Cercopithecus_aethiops_AY863426,terminal,1,0.0221835236,0.017657070351656933,-0.004526453248343068,0.004526453248343068
LRMC-SoftImpute,30,6,60,LRMC_SoftImpute_completed_p30_rep06_seed60.csv,internal:Chlorocebus_aethiops_C1_KU682691|Chlorocebus_aethiops_MN816163,internal,2,0.0120854426,0.009437752839564762,-0.0026476897604352373,0.0026476897604352373
LRMC-SoftImpute,30,6,60,LRMC_SoftImpute_completed_p30_rep06_seed60.csv,terminal:Chlorocebus_aethiops_C1_KU682691,terminal,1,0.0080961876,0.00982992054424614,0.0017337329442461396,0.0017337329442461396
LRMC-SoftImpute,30,6,60,LRMC_SoftImpute_completed_p30_rep06_seed60.csv,terminal:Chlorocebus_aethiops_MN816163,terminal,1,0.0104642592,0.00634242169913226,-0.004121837500867739,0.004121837500867739
LRMC-SoftImpute,30,6,60,LRMC_SoftImpute_completed_p30_rep06_seed60.csv,internal:Chlorocebus_cynosuros_C3_KU682693|Chlorocebus_cynosuros_KM262190,internal,2,0.0017398823,0.0,-0.0017398823,0.0017398823
LRMC-SoftImpute,30,6,60,LRMC_SoftImpute_completed_p30_rep06_seed60.csv,terminal:Chlorocebus_cynosuros_C3_KU682693,terminal,1,0.0241962287,0.028186353713276893,0.003990125013276894,0.003990125013276894
LRMC-SoftImpute,30,6,60,LRMC_SoftImpute_completed_p30_rep06_seed60.csv,terminal:Chlorocebus_cynosuros_KM262190,terminal,1,0.0250691331,0.0,-0.0250691331,0.0250691331
LRMC-SoftImpute,30,6,60,LRMC_SoftImpute_completed_p30_rep06_seed60.csv,terminal:Chlorocebus_djamdjamensis_C5_KU682695,terminal,1,0.0319881948,0.026464252270823004,-0.005523942529176998,0.005523942529176998
LRMC-SoftImpute,30,6,60,LRMC_SoftImpute_completed_p30_rep06_seed60.csv,internal:Cercopithecus_albogularis_KC757391|Cercopithecus_diana_KJ434958|Cercopithecus_lhoesti_KJ434957|Cercopithecus_mitis_KJ434956|Cercopithecus_neglectus_MW160353,internal,5,0.0020104988,0.0,-0.0020104988,0.0020104988
LRMC-SoftImpute,30,6,60,LRMC_SoftImpute_completed_p30_rep06_seed60.csv,internal:Cercopithecus_albogularis_KC757391|Cercopithecus_lhoesti_KJ434957|Cercopithecus_mitis_KJ434956,internal,3,0.0167387771,0.015012684256239618,-0.001726092843760383,0.001726092843760383
LRMC-SoftImpute,30,6,60,LRMC_SoftImpute_completed_p30_rep06_seed60.csv,internal:Cercopithecus_albogularis_KC757391|Cercopithecus_mitis_KJ434956,internal,2,0.0593605632,0.015821419666799227,-0.04353914353320078,0.04353914353320078
LRMC-SoftImpute,30,6,60,LRMC_SoftImpute_completed_p30_rep06_seed60.csv,terminal:Cercopithecus_albogularis_KC757391,terminal,1,0.0366651729,0.03405610402786369,-0.0026090688721363137,0.0026090688721363137
LRMC-SoftImpute,30,6,60,LRMC_SoftImpute_completed_p30_rep06_seed60.csv,terminal:Cercopithecus_mitis_KJ434956,terminal,1,0.0331901409,0.0195737590190397,-0.013616381880960298,0.013616381880960298
LRMC-SoftImpute,30,6,60,LRMC_SoftImpute_completed_p30_rep06_seed60.csv,terminal:Cercopithecus_lhoesti_KJ434957,terminal,1,0.096446469,0.03758593087841913,-0.058860538121580874,0.058860538121580874
LRMC-SoftImpute,30,6,60,LRMC_SoftImpute_completed_p30_rep06_seed60.csv,internal:Cercopithecus_diana_KJ434958|Cercopithecus_neglectus_MW160353,internal,2,0.0175917107,0.0017432587474386144,-0.015848451952561383,0.015848451952561383
LRMC-SoftImpute,30,6,60,LRMC_SoftImpute_completed_p30_rep06_seed60.csv,terminal:Cercopithecus_diana_KJ434958,terminal,1,0.1093319625,0.05682607266833598,-0.05250588983166402,0.05250588983166402
LRMC-SoftImpute,30,6,60,LRMC_SoftImpute_completed_p30_rep06_seed60.csv,terminal:Cercopithecus_neglectus_MW160353,terminal,1,0.1017112524,0.06292131620705878,-0.038789936192941216,0.038789936192941216
LRMC-SoftImpute,30,7,61,LRMC_SoftImpute_completed_p30_rep07_seed61.csv,terminal:Allenopithecus_nigroviridis_KJ434962,terminal,1,0.1474140195,0.04344235919418293,-0.10397166030581706,0.10397166030581706
LRMC-SoftImpute,30,7,61,LRMC_SoftImpute_completed_p30_rep07_seed61.csv,internal:Cercocebus_atys_KT159932|Cercocebus_chrysogaster_KC757390|Cercocebus_torquatus_KJ434959,internal,3,0.1544494817,0.0368519294731358,-0.1175975522268642,0.1175975522268642
LRMC-SoftImpute,30,7,61,LRMC_SoftImpute_completed_p30_rep07_seed61.csv,internal:Cercocebus_atys_KT159932|Cercocebus_torquatus_KJ434959,internal,2,0.0094381611,0.0,-0.0094381611,0.0094381611
LRMC-SoftImpute,30,7,61,LRMC_SoftImpute_completed_p30_rep07_seed61.csv,terminal:Cercocebus_atys_KT159932,terminal,1,0.0508580169,0.030588413703024227,-0.02026960319697577,0.02026960319697577
LRMC-SoftImpute,30,7,61,LRMC_SoftImpute_completed_p30_rep07_seed61.csv,terminal:Cercocebus_torquatus_KJ434959,terminal,1,0.0562685839,0.025194331855455214,-0.031074252044544788,0.031074252044544788
LRMC-SoftImpute,30,7,61,LRMC_SoftImpute_completed_p30_rep07_seed61.csv,terminal:Cercocebus_chrysogaster_KC757390,terminal,1,0.0511259412,0.03078417564231573,-0.020341765557684268,0.020341765557684268
LRMC-SoftImpute,30,7,61,LRMC_SoftImpute_completed_p30_rep07_seed61.csv,internal:Allenopithecus_nigroviridis_KJ434962|Cercocebus_atys_KT159932|Cercocebus_chrysogaster_KC757390|Cercocebus_torquatus_KJ434959,internal,4,0.0346917556,0.020077592808302364,-0.014614162791697635,0.014614162791697635
LRMC-SoftImpute,30,7,61,LRMC_SoftImpute_completed_p30_rep07_seed61.csv,internal:Cercopithecus_aethiops_AY863426|Chlorocebus_aethiops_C1_KU682691|Chlorocebus_aethiops_MN816163|Chlorocebus_cynosuros_C3_KU682693|Chlorocebus_cynosuros_KM262190|Chlorocebus_djamdjamensis_C5_KU682695,internal,6,0.0834758403,0.03147767996737372,-0.05199816033262629,0.05199816033262629
LRMC-SoftImpute,30,7,61,LRMC_SoftImpute_completed_p30_rep07_seed61.csv,internal:Cercopithecus_aethiops_AY863426|Chlorocebus_aethiops_C1_KU682691|Chlorocebus_aethiops_MN816163|Chlorocebus_cynosuros_C3_KU682693|Chlorocebus_cynosuros_KM262190,internal,5,0.012780756,0.008685536476094187,-0.0040952195239058135,0.0040952195239058135
LRMC-SoftImpute,30,7,61,LRMC_SoftImpute_completed_p30_rep07_seed61.csv,internal:Cercopithecus_aethiops_AY863426|Chlorocebus_aethiops_C1_KU682691|Chlorocebus_aethiops_MN816163,internal,3,0.0048654608,0.009827128580949694,0.004961667780949694,0.004961667780949694
LRMC-SoftImpute,30,7,61,LRMC_SoftImpute_completed_p30_rep07_seed61.csv,terminal:Cercopithecus_aethiops_AY863426,terminal,1,0.0221835236,0.007767589384461159,-0.014415934215538842,0.014415934215538842
LRMC-SoftImpute,30,7,61,LRMC_SoftImpute_completed_p30_rep07_seed61.csv,internal:Chlorocebus_aethiops_C1_KU682691|Chlorocebus_aethiops_MN816163,internal,2,0.0120854426,0.00744469546221035,-0.004640747137789649,0.004640747137789649
LRMC-SoftImpute,30,7,61,LRMC_SoftImpute_completed_p30_rep07_seed61.csv,terminal:Chlorocebus_aethiops_C1_KU682691,terminal,1,0.0080961876,0.007819789194492048,-0.0002763984055079525,0.0002763984055079525
LRMC-SoftImpute,30,7,61,LRMC_SoftImpute_completed_p30_rep07_seed61.csv,terminal:Chlorocebus_aethiops_MN816163,terminal,1,0.0104642592,0.008352553048886345,-0.0021117061511136542,0.0021117061511136542
LRMC-SoftImpute,30,7,61,LRMC_SoftImpute_completed_p30_rep07_seed61.csv,internal:Chlorocebus_cynosuros_C3_KU682693|Chlorocebus_cynosuros_KM262190,internal,2,0.0017398823,0.0,-0.0017398823,0.0017398823
LRMC-SoftImpute,30,7,61,LRMC_SoftImpute_completed_p30_rep07_seed61.csv,terminal:Chlorocebus_cynosuros_C3_KU682693,terminal,1,0.0241962287,0.013470565487124478,-0.010725663212875521,0.010725663212875521
LRMC-SoftImpute,30,7,61,LRMC_SoftImpute_completed_p30_rep07_seed61.csv,terminal:Chlorocebus_cynosuros_KM262190,terminal,1,0.0250691331,0.019765936534263864,-0.005303196565736138,0.005303196565736138
LRMC-SoftImpute,30,7,61,LRMC_SoftImpute_completed_p30_rep07_seed61.csv,terminal:Chlorocebus_djamdjamensis_C5_KU682695,terminal,1,0.0319881948,0.021608579714871155,-0.010379615085128847,0.010379615085128847
LRMC-SoftImpute,30,7,61,LRMC_SoftImpute_completed_p30_rep07_seed61.csv,internal:Cercopithecus_albogularis_KC757391|Cercopithecus_diana_KJ434958|Cercopithecus_lhoesti_KJ434957|Cercopithecus_mitis_KJ434956|Cercopithecus_neglectus_MW160353,internal,5,0.0020104988,0.0,-0.0020104988,0.0020104988
LRMC-SoftImpute,30,7,61,LRMC_SoftImpute_completed_p30_rep07_seed61.csv,internal:Cercopithecus_albogularis_KC757391|Cercopithecus_lhoesti_KJ434957|Cercopithecus_mitis_KJ434956,internal,3,0.0167387771,0.0,-0.0167387771,0.0167387771
LRMC-SoftImpute,30,7,61,LRMC_SoftImpute_completed_p30_rep07_seed61.csv,internal:Cercopithecus_albogularis_KC757391|Cercopithecus_mitis_KJ434956,internal,2,0.0593605632,0.03540435761496265,-0.023956205585037353,0.023956205585037353
LRMC-SoftImpute,30,7,61,LRMC_SoftImpute_completed_p30_rep07_seed61.csv,terminal:Cercopithecus_albogularis_KC757391,terminal,1,0.0366651729,0.015500351163847837,-0.021164821736152164,0.021164821736152164
LRMC-SoftImpute,30,7,61,LRMC_SoftImpute_completed_p30_rep07_seed61.csv,terminal:Cercopithecus_mitis_KJ434956,terminal,1,0.0331901409,0.014592366183054274,-0.018597774716945722,0.018597774716945722
LRMC-SoftImpute,30,7,61,LRMC_SoftImpute_completed_p30_rep07_seed61.csv,terminal:Cercopithecus_lhoesti_KJ434957,terminal,1,0.096446469,0.04714357509666284,-0.04930289390333717,0.04930289390333717
LRMC-SoftImpute,30,7,61,LRMC_SoftImpute_completed_p30_rep07_seed61.csv,internal:Cercopithecus_diana_KJ434958|Cercopithecus_neglectus_MW160353,internal,2,0.0175917107,0.0028889022504508762,-0.014702808449549123,0.014702808449549123
LRMC-SoftImpute,30,7,61,LRMC_SoftImpute_completed_p30_rep07_seed61.csv,terminal:Cercopithecus_diana_KJ434958,terminal,1,0.1093319625,0.05948005048205271,-0.049851912017947295,0.049851912017947295
LRMC-SoftImpute,30,7,61,LRMC_SoftImpute_completed_p30_rep07_seed61.csv,terminal:Cercopithecus_neglectus_MW160353,terminal,1,0.1017112524,0.06026733839334199,-0.041443914006658006,0.041443914006658006
LRMC-SoftImpute,30,8,62,LRMC_SoftImpute_completed_p30_rep08_seed62.csv,terminal:Allenopithecus_nigroviridis_KJ434962,terminal,1,0.1474140195,0.06611432811188986,-0.08129969138811013,0.08129969138811013
LRMC-SoftImpute,30,8,62,LRMC_SoftImpute_completed_p30_rep08_seed62.csv,internal:Cercocebus_atys_KT159932|Cercocebus_chrysogaster_KC757390|Cercocebus_torquatus_KJ434959,internal,3,0.1544494817,0.047736979240216394,-0.10671250245978361,0.10671250245978361
LRMC-SoftImpute,30,8,62,LRMC_SoftImpute_completed_p30_rep08_seed62.csv,internal:Cercocebus_atys_KT159932|Cercocebus_torquatus_KJ434959,internal,2,0.0094381611,0.0014858633016381609,-0.007952297798361839,0.007952297798361839
LRMC-SoftImpute,30,8,62,LRMC_SoftImpute_completed_p30_rep08_seed62.csv,terminal:Cercocebus_atys_KT159932,terminal,1,0.0508580169,0.03160593712395837,-0.019252079776041625,0.019252079776041625
LRMC-SoftImpute,30,8,62,LRMC_SoftImpute_completed_p30_rep08_seed62.csv,terminal:Cercocebus_torquatus_KJ434959,terminal,1,0.0562685839,0.0423242601446303,-0.013944323755369699,0.013944323755369699
LRMC-SoftImpute,30,8,62,LRMC_SoftImpute_completed_p30_rep08_seed62.csv,terminal:Cercocebus_chrysogaster_KC757390,terminal,1,0.0511259412,0.03842010661400645,-0.012705834585993545,0.012705834585993545
LRMC-SoftImpute,30,8,62,LRMC_SoftImpute_completed_p30_rep08_seed62.csv,internal:Allenopithecus_nigroviridis_KJ434962|Cercocebus_atys_KT159932|Cercocebus_chrysogaster_KC757390|Cercocebus_torquatus_KJ434959,internal,4,0.0346917556,0.006074100248812634,-0.028617655351187363,0.028617655351187363
LRMC-SoftImpute,30,8,62,LRMC_SoftImpute_completed_p30_rep08_seed62.csv,internal:Cercopithecus_aethiops_AY863426|Chlorocebus_aethiops_C1_KU682691|Chlorocebus_aethiops_MN816163|Chlorocebus_cynosuros_C3_KU682693|Chlorocebus_cynosuros_KM262190|Chlorocebus_djamdjamensis_C5_KU682695,internal,6,0.0834758403,0.024202851774802435,-0.05927298852519757,0.05927298852519757
LRMC-SoftImpute,30,8,62,LRMC_SoftImpute_completed_p30_rep08_seed62.csv,internal:Cercopithecus_aethiops_AY863426|Chlorocebus_aethiops_C1_KU682691|Chlorocebus_aethiops_MN816163|Chlorocebus_cynosuros_C3_KU682693|Chlorocebus_cynosuros_KM262190,internal,5,0.012780756,0.003500848773067536,-0.009279907226932465,0.009279907226932465
LRMC-SoftImpute,30,8,62,LRMC_SoftImpute_completed_p30_rep08_seed62.csv,internal:Cercopithecus_aethiops_AY863426|Chlorocebus_aethiops_C1_KU682691|Chlorocebus_aethiops_MN816163,internal,3,0.0048654608,0.0,-0.0048654608,0.0048654608
LRMC-SoftImpute,30,8,62,LRMC_SoftImpute_completed_p30_rep08_seed62.csv,terminal:Cercopithecus_aethiops_AY863426,terminal,1,0.0221835236,0.008396633048167188,-0.013786890551832813,0.013786890551832813
LRMC-SoftImpute,30,8,62,LRMC_SoftImpute_completed_p30_rep08_seed62.csv,internal:Chlorocebus_aethiops_C1_KU682691|Chlorocebus_aethiops_MN816163,internal,2,0.0120854426,0.013266684040619486,0.0011812414406194866,0.0011812414406194866
LRMC-SoftImpute,30,8,62,LRMC_SoftImpute_completed_p30_rep08_seed62.csv,terminal:Chlorocebus_aethiops_C1_KU682691,terminal,1,0.0080961876,0.010099766859990112,0.002003579259990111,0.002003579259990111
LRMC-SoftImpute,30,8,62,LRMC_SoftImpute_completed_p30_rep08_seed62.csv,terminal:Chlorocebus_aethiops_MN816163,terminal,1,0.0104642592,0.006072575383388288,-0.004391683816611711,0.004391683816611711
LRMC-SoftImpute,30,8,62,LRMC_SoftImpute_completed_p30_rep08_seed62.csv,internal:Chlorocebus_cynosuros_C3_KU682693|Chlorocebus_cynosuros_KM262190,internal,2,0.0017398823,0.004532570275552578,0.002792687975552578,0.002792687975552578
LRMC-SoftImpute,30,8,62,LRMC_SoftImpute_completed_p30_rep08_seed62.csv,terminal:Chlorocebus_cynosuros_C3_KU682693,terminal,1,0.0241962287,0.017451867485941335,-0.006744361214058664,0.006744361214058664
LRMC-SoftImpute,30,8,62,LRMC_SoftImpute_completed_p30_rep08_seed62.csv,terminal:Chlorocebus_cynosuros_KM262190,terminal,1,0.0250691331,0.021040415610658232,-0.00402871748934177,0.00402871748934177
LRMC-SoftImpute,30,8,62,LRMC_SoftImpute_completed_p30_rep08_seed62.csv,terminal:Chlorocebus_djamdjamensis_C5_KU682695,terminal,1,0.0319881948,0.019739468378790155,-0.012248726421209846,0.012248726421209846
LRMC-SoftImpute,30,8,62,LRMC_SoftImpute_completed_p30_rep08_seed62.csv,internal:Cercopithecus_albogularis_KC757391|Cercopithecus_diana_KJ434958|Cercopithecus_lhoesti_KJ434957|Cercopithecus_mitis_KJ434956|Cercopithecus_neglectus_MW160353,internal,5,0.0020104988,0.009420418536512522,0.007409919736512522,0.007409919736512522
LRMC-SoftImpute,30,8,62,LRMC_SoftImpute_completed_p30_rep08_seed62.csv,internal:Cercopithecus_albogularis_KC757391|Cercopithecus_lhoesti_KJ434957|Cercopithecus_mitis_KJ434956,internal,3,0.0167387771,0.0,-0.0167387771,0.0167387771
LRMC-SoftImpute,30,8,62,LRMC_SoftImpute_completed_p30_rep08_seed62.csv,internal:Cercopithecus_albogularis_KC757391|Cercopithecus_mitis_KJ434956,internal,2,0.0593605632,0.014175428593751727,-0.045185134606248276,0.045185134606248276
LRMC-SoftImpute,30,8,62,LRMC_SoftImpute_completed_p30_rep08_seed62.csv,terminal:Cercopithecus_albogularis_KC757391,terminal,1,0.0366651729,0.03675268597443272,8.751307443272127e-05,8.751307443272127e-05
LRMC-SoftImpute,30,8,62,LRMC_SoftImpute_completed_p30_rep08_seed62.csv,terminal:Cercopithecus_mitis_KJ434956,terminal,1,0.0331901409,0.035830812969401486,0.002640672069401488,0.002640672069401488
LRMC-SoftImpute,30,8,62,LRMC_SoftImpute_completed_p30_rep08_seed62.csv,terminal:Cercopithecus_lhoesti_KJ434957,terminal,1,0.096446469,0.04436890899424215,-0.052077560005757854,0.052077560005757854
LRMC-SoftImpute,30,8,62,LRMC_SoftImpute_completed_p30_rep08_seed62.csv,internal:Cercopithecus_diana_KJ434958|Cercopithecus_neglectus_MW160353,internal,2,0.0175917107,0.0,-0.0175917107,0.0175917107
LRMC-SoftImpute,30,8,62,LRMC_SoftImpute_completed_p30_rep08_seed62.csv,terminal:Cercopithecus_diana_KJ434958,terminal,1,0.1093319625,0.054834780323441946,-0.05449718217655806,0.05449718217655806
LRMC-SoftImpute,30,8,62,LRMC_SoftImpute_completed_p30_rep08_seed62.csv,terminal:Cercopithecus_neglectus_MW160353,terminal,1,0.1017112524,0.04263732650957427,-0.059073925890425726,0.059073925890425726
LRMC-SoftImpute,30,9,63,LRMC_SoftImpute_completed_p30_rep09_seed63.csv,terminal:Allenopithecus_nigroviridis_KJ434962,terminal,1,0.1474140195,0.054625740818002325,-0.09278827868199767,0.09278827868199767
LRMC-SoftImpute,30,9,63,LRMC_SoftImpute_completed_p30_rep09_seed63.csv,internal:Cercocebus_atys_KT159932|Cercocebus_chrysogaster_KC757390|Cercocebus_torquatus_KJ434959,internal,3,0.1544494817,0.05720099159520483,-0.09724849010479517,0.09724849010479517
LRMC-SoftImpute,30,9,63,LRMC_SoftImpute_completed_p30_rep09_seed63.csv,internal:Cercocebus_atys_KT159932|Cercocebus_torquatus_KJ434959,internal,2,0.0094381611,0.0,-0.0094381611,0.0094381611
LRMC-SoftImpute,30,9,63,LRMC_SoftImpute_completed_p30_rep09_seed63.csv,terminal:Cercocebus_atys_KT159932,terminal,1,0.0508580169,0.035236598156735056,-0.01562141874326494,0.01562141874326494
LRMC-SoftImpute,30,9,63,LRMC_SoftImpute_completed_p30_rep09_seed63.csv,terminal:Cercocebus_torquatus_KJ434959,terminal,1,0.0562685839,0.02445549255647887,-0.03181309134352113,0.03181309134352113
LRMC-SoftImpute,30,9,63,LRMC_SoftImpute_completed_p30_rep09_seed63.csv,terminal:Cercocebus_chrysogaster_KC757390,terminal,1,0.0511259412,0.02904411580226318,-0.02208182539773682,0.02208182539773682
LRMC-SoftImpute,30,9,63,LRMC_SoftImpute_completed_p30_rep09_seed63.csv,internal:Allenopithecus_nigroviridis_KJ434962|Cercocebus_atys_KT159932|Cercocebus_chrysogaster_KC757390|Cercocebus_torquatus_KJ434959,internal,4,0.0346917556,0.0,-0.0346917556,0.0346917556
LRMC-SoftImpute,30,9,63,LRMC_SoftImpute_completed_p30_rep09_seed63.csv,internal:Cercopithecus_aethiops_AY863426|Chlorocebus_aethiops_C1_KU682691|Chlorocebus_aethiops_MN816163|Chlorocebus_cynosuros_C3_KU682693|Chlorocebus_cynosuros_KM262190|Chlorocebus_djamdjamensis_C5_KU682695,internal,6,0.0834758403,0.04539124986771122,-0.03808459043228879,0.03808459043228879
LRMC-SoftImpute,30,9,63,LRMC_SoftImpute_completed_p30_rep09_seed63.csv,internal:Cercopithecus_aethiops_AY863426|Chlorocebus_aethiops_C1_KU682691|Chlorocebus_aethiops_MN816163|Chlorocebus_cynosuros_C3_KU682693|Chlorocebus_cynosuros_KM262190,internal,5,0.012780756,0.0,-0.012780756,0.012780756
LRMC-SoftImpute,30,9,63,LRMC_SoftImpute_completed_p30_rep09_seed63.csv,internal:Cercopithecus_aethiops_AY863426|Chlorocebus_aethiops_C1_KU682691|Chlorocebus_aethiops_MN816163,internal,3,0.0048654608,0.0010976432204418353,-0.003767817579558164,0.003767817579558164
LRMC-SoftImpute,30,9,63,LRMC_SoftImpute_completed_p30_rep09_seed63.csv,terminal:Cercopithecus_aethiops_AY863426,terminal,1,0.0221835236,0.016942214879002097,-0.005241308720997904,0.005241308720997904
LRMC-SoftImpute,30,9,63,LRMC_SoftImpute_completed_p30_rep09_seed63.csv,internal:Chlorocebus_aethiops_C1_KU682691|Chlorocebus_aethiops_MN816163,internal,2,0.0120854426,0.007472383907461445,-0.004613058692538554,0.004613058692538554
LRMC-SoftImpute,30,9,63,LRMC_SoftImpute_completed_p30_rep09_seed63.csv,terminal:Chlorocebus_aethiops_C1_KU682691,terminal,1,0.0080961876,0.009458865455074919,0.0013626778550749185,0.0013626778550749185
LRMC-SoftImpute,30,9,63,LRMC_SoftImpute_completed_p30_rep09_seed63.csv,terminal:Chlorocebus_aethiops_MN816163,terminal,1,0.0104642592,0.006713476788303473,-0.003750782411696526,0.003750782411696526
LRMC-SoftImpute,30,9,63,LRMC_SoftImpute_completed_p30_rep09_seed63.csv,internal:Chlorocebus_cynosuros_C3_KU682693|Chlorocebus_cynosuros_KM262190,internal,2,0.0017398823,0.0,-0.0017398823,0.0017398823
LRMC-SoftImpute,30,9,63,LRMC_SoftImpute_completed_p30_rep09_seed63.csv,terminal:Chlorocebus_cynosuros_C3_KU682693,terminal,1,0.0241962287,0.013459401459668332,-0.010736827240331667,0.010736827240331667
LRMC-SoftImpute,30,9,63,LRMC_SoftImpute_completed_p30_rep09_seed63.csv,terminal:Chlorocebus_cynosuros_KM262190,terminal,1,0.0250691331,0.017579267216253,-0.007489865883747001,0.007489865883747001
LRMC-SoftImpute,30,9,63,LRMC_SoftImpute_completed_p30_rep09_seed63.csv,terminal:Chlorocebus_djamdjamensis_C5_KU682695,terminal,1,0.0319881948,0.02020425601179224,-0.01178393878820776,0.01178393878820776
LRMC-SoftImpute,30,9,63,LRMC_SoftImpute_completed_p30_rep09_seed63.csv,internal:Cercopithecus_albogularis_KC757391|Cercopithecus_diana_KJ434958|Cercopithecus_lhoesti_KJ434957|Cercopithecus_mitis_KJ434956|Cercopithecus_neglectus_MW160353,internal,5,0.0020104988,0.0,-0.0020104988,0.0020104988
LRMC-SoftImpute,30,9,63,LRMC_SoftImpute_completed_p30_rep09_seed63.csv,internal:Cercopithecus_albogularis_KC757391|Cercopithecus_lhoesti_KJ434957|Cercopithecus_mitis_KJ434956,internal,3,0.0167387771,0.0,-0.0167387771,0.0167387771
LRMC-SoftImpute,30,9,63,LRMC_SoftImpute_completed_p30_rep09_seed63.csv,internal:Cercopithecus_albogularis_KC757391|Cercopithecus_mitis_KJ434956,internal,2,0.0593605632,0.03816891082930009,-0.021191652370699914,0.021191652370699914
LRMC-SoftImpute,30,9,63,LRMC_SoftImpute_completed_p30_rep09_seed63.csv,terminal:Cercopithecus_albogularis_KC757391,terminal,1,0.0366651729,0.016317833156084875,-0.020347339743915126,0.020347339743915126
LRMC-SoftImpute,30,9,63,LRMC_SoftImpute_completed_p30_rep09_seed63.csv,terminal:Cercopithecus_mitis_KJ434956,terminal,1,0.0331901409,0.011811313682669449,-0.02137882721733055,0.02137882721733055
LRMC-SoftImpute,30,9,63,LRMC_SoftImpute_completed_p30_rep09_seed63.csv,terminal:Cercopithecus_lhoesti_KJ434957,terminal,1,0.096446469,0.05354055916264411,-0.0429059098373559,0.0429059098373559
LRMC-SoftImpute,30,9,63,LRMC_SoftImpute_completed_p30_rep09_seed63.csv,internal:Cercopithecus_diana_KJ434958|Cercopithecus_neglectus_MW160353,internal,2,0.0175917107,0.008579218181884212,-0.009012492518115787,0.009012492518115787
LRMC-SoftImpute,30,9,63,LRMC_SoftImpute_completed_p30_rep09_seed63.csv,terminal:Cercopithecus_diana_KJ434958,terminal,1,0.1093319625,0.04860804131246291,-0.0607239211875371,0.0607239211875371
LRMC-SoftImpute,30,9,63,LRMC_SoftImpute_completed_p30_rep09_seed63.csv,terminal:Cercopithecus_neglectus_MW160353,terminal,1,0.1017112524,0.0456153773770442,-0.05609587502295579,0.05609587502295579
LRMC-SoftImpute,30,10,64,LRMC_SoftImpute_completed_p30_rep10_seed64.csv,terminal:Allenopithecus_nigroviridis_KJ434962,terminal,1,0.1474140195,0.0340816951781176,-0.1133323243218824,0.1133323243218824
LRMC-SoftImpute,30,10,64,LRMC_SoftImpute_completed_p30_rep10_seed64.csv,internal:Cercocebus_atys_KT159932|Cercocebus_chrysogaster_KC757390|Cercocebus_torquatus_KJ434959,internal,3,0.1544494817,0.0,-0.1544494817,0.1544494817
LRMC-SoftImpute,30,10,64,LRMC_SoftImpute_completed_p30_rep10_seed64.csv,internal:Cercocebus_atys_KT159932|Cercocebus_torquatus_KJ434959,internal,2,0.0094381611,0.0,-0.0094381611,0.0094381611
LRMC-SoftImpute,30,10,64,LRMC_SoftImpute_completed_p30_rep10_seed64.csv,terminal:Cercocebus_atys_KT159932,terminal,1,0.0508580169,0.04149297108708921,-0.00936504581291079,0.00936504581291079
LRMC-SoftImpute,30,10,64,LRMC_SoftImpute_completed_p30_rep10_seed64.csv,terminal:Cercocebus_torquatus_KJ434959,terminal,1,0.0562685839,0.04496211730872343,-0.01130646659127657,0.01130646659127657
LRMC-SoftImpute,30,10,64,LRMC_SoftImpute_completed_p30_rep10_seed64.csv,terminal:Cercocebus_chrysogaster_KC757390,terminal,1,0.0511259412,0.03424534678586182,-0.016880594414138174,0.016880594414138174
LRMC-SoftImpute,30,10,64,LRMC_SoftImpute_completed_p30_rep10_seed64.csv,internal:Allenopithecus_nigroviridis_KJ434962|Cercocebus_atys_KT159932|Cercocebus_chrysogaster_KC757390|Cercocebus_torquatus_KJ434959,internal,4,0.0346917556,0.041623003805861244,0.006931248205861246,0.006931248205861246
LRMC-SoftImpute,30,10,64,LRMC_SoftImpute_completed_p30_rep10_seed64.csv,internal:Cercopithecus_aethiops_AY863426|Chlorocebus_aethiops_C1_KU682691|Chlorocebus_aethiops_MN816163|Chlorocebus_cynosuros_C3_KU682693|Chlorocebus_cynosuros_KM262190|Chlorocebus_djamdjamensis_C5_KU682695,internal,6,0.0834758403,0.02183076544516298,-0.06164507485483703,0.06164507485483703
LRMC-SoftImpute,30,10,64,LRMC_SoftImpute_completed_p30_rep10_seed64.csv,internal:Cercopithecus_aethiops_AY863426|Chlorocebus_aethiops_C1_KU682691|Chlorocebus_aethiops_MN816163|Chlorocebus_cynosuros_C3_KU682693|Chlorocebus_cynosuros_KM262190,internal,5,0.012780756,0.01213803573262089,-0.0006427202673791113,0.0006427202673791113
LRMC-SoftImpute,30,10,64,LRMC_SoftImpute_completed_p30_rep10_seed64.csv,internal:Cercopithecus_aethiops_AY863426|Chlorocebus_aethiops_C1_KU682691|Chlorocebus_aethiops_MN816163,internal,3,0.0048654608,0.0,-0.0048654608,0.0048654608
LRMC-SoftImpute,30,10,64,LRMC_SoftImpute_completed_p30_rep10_seed64.csv,terminal:Cercopithecus_aethiops_AY863426,terminal,1,0.0221835236,0.02079296454529638,-0.0013905590547036197,0.0013905590547036197
LRMC-SoftImpute,30,10,64,LRMC_SoftImpute_completed_p30_rep10_seed64.csv,internal:Chlorocebus_aethiops_C1_KU682691|Chlorocebus_aethiops_MN816163,internal,2,0.0120854426,0.0,-0.0120854426,0.0120854426
LRMC-SoftImpute,30,10,64,LRMC_SoftImpute_completed_p30_rep10_seed64.csv,terminal:Chlorocebus_aethiops_C1_KU682691,terminal,1,0.0080961876,0.021329090298249823,0.013232902698249822,0.013232902698249822
LRMC-SoftImpute,30,10,64,LRMC_SoftImpute_completed_p30_rep10_seed64.csv,terminal:Chlorocebus_aethiops_MN816163,terminal,1,0.0104642592,0.008730937639524507,-0.0017333215604754919,0.0017333215604754919
LRMC-SoftImpute,30,10,64,LRMC_SoftImpute_completed_p30_rep10_seed64.csv,internal:Chlorocebus_cynosuros_C3_KU682693|Chlorocebus_cynosuros_KM262190,internal,2,0.0017398823,0.01593494939894203,0.014195067098942029,0.014195067098942029
LRMC-SoftImpute,30,10,64,LRMC_SoftImpute_completed_p30_rep10_seed64.csv,terminal:Chlorocebus_cynosuros_C3_KU682693,terminal,1,0.0241962287,0.009207908136324843,-0.014988320563675156,0.014988320563675156
LRMC-SoftImpute,30,10,64,LRMC_SoftImpute_completed_p30_rep10_seed64.csv,terminal:Chlorocebus_cynosuros_KM262190,terminal,1,0.0250691331,0.00720544023281202,-0.01786369286718798,0.01786369286718798
LRMC-SoftImpute,30,10,64,LRMC_SoftImpute_completed_p30_rep10_seed64.csv,terminal:Chlorocebus_djamdjamensis_C5_KU682695,terminal,1,0.0319881948,0.020259054570548496,-0.011729140229451505,0.011729140229451505
LRMC-SoftImpute,30,10,64,LRMC_SoftImpute_completed_p30_rep10_seed64.csv,internal:Cercopithecus_albogularis_KC757391|Cercopithecus_diana_KJ434958|Cercopithecus_lhoesti_KJ434957|Cercopithecus_mitis_KJ434956|Cercopithecus_neglectus_MW160353,internal,5,0.0020104988,0.0,-0.0020104988,0.0020104988
LRMC-SoftImpute,30,10,64,LRMC_SoftImpute_completed_p30_rep10_seed64.csv,internal:Cercopithecus_albogularis_KC757391|Cercopithecus_lhoesti_KJ434957|Cercopithecus_mitis_KJ434956,internal,3,0.0167387771,0.0,-0.0167387771,0.0167387771
LRMC-SoftImpute,30,10,64,LRMC_SoftImpute_completed_p30_rep10_seed64.csv,internal:Cercopithecus_albogularis_KC757391|Cercopithecus_mitis_KJ434956,internal,2,0.0593605632,0.030391161895140472,-0.02896940130485953,0.02896940130485953
LRMC-SoftImpute,30,10,64,LRMC_SoftImpute_completed_p30_rep10_seed64.csv,terminal:Cercopithecus_albogularis_KC757391,terminal,1,0.0366651729,0.024427535622011484,-0.012237637277988517,0.012237637277988517
LRMC-SoftImpute,30,10,64,LRMC_SoftImpute_completed_p30_rep10_seed64.csv,terminal:Cercopithecus_mitis_KJ434956,terminal,1,0.0331901409,0.029202327424891917,-0.003987813475108081,0.003987813475108081
LRMC-SoftImpute,30,10,64,LRMC_SoftImpute_completed_p30_rep10_seed64.csv,terminal:Cercopithecus_lhoesti_KJ434957,terminal,1,0.096446469,0.04809195423625611,-0.048354514763743896,0.048354514763743896
LRMC-SoftImpute,30,10,64,LRMC_SoftImpute_completed_p30_rep10_seed64.csv,internal:Cercopithecus_diana_KJ434958|Cercopithecus_neglectus_MW160353,internal,2,0.0175917107,0.0037330901701760656,-0.013858620529823933,0.013858620529823933
LRMC-SoftImpute,30,10,64,LRMC_SoftImpute_completed_p30_rep10_seed64.csv,terminal:Cercopithecus_diana_KJ434958,terminal,1,0.1093319625,0.056424853489435225,-0.05290710901056478,0.05290710901056478
LRMC-SoftImpute,30,10,64,LRMC_SoftImpute_completed_p30_rep10_seed64.csv,terminal:Cercopithecus_neglectus_MW160353,terminal,1,0.1017112524,0.06332253538595942,-0.03838871701404058,0.03838871701404058
LRMC-SoftImpute,30,11,65,LRMC_SoftImpute_completed_p30_rep11_seed65.csv,terminal:Allenopithecus_nigroviridis_KJ434962,terminal,1,0.1474140195,0.06642958701462041,-0.08098443248537958,0.08098443248537958
LRMC-SoftImpute,30,11,65,LRMC_SoftImpute_completed_p30_rep11_seed65.csv,internal:Cercocebus_atys_KT159932|Cercocebus_chrysogaster_KC757390|Cercocebus_torquatus_KJ434959,internal,3,0.1544494817,0.04695568461122587,-0.10749379708877413,0.10749379708877413
LRMC-SoftImpute,30,11,65,LRMC_SoftImpute_completed_p30_rep11_seed65.csv,internal:Cercocebus_atys_KT159932|Cercocebus_torquatus_KJ434959,internal,2,0.0094381611,0.0,-0.0094381611,0.0094381611
LRMC-SoftImpute,30,11,65,LRMC_SoftImpute_completed_p30_rep11_seed65.csv,terminal:Cercocebus_atys_KT159932,terminal,1,0.0508580169,0.03720265381102313,-0.013655363088976864,0.013655363088976864
LRMC-SoftImpute,30,11,65,LRMC_SoftImpute_completed_p30_rep11_seed65.csv,terminal:Cercocebus_torquatus_KJ434959,terminal,1,0.0562685839,0.032796883823533796,-0.023471700076466206,0.023471700076466206
LRMC-SoftImpute,30,11,65,LRMC_SoftImpute_completed_p30_rep11_seed65.csv,terminal:Cercocebus_chrysogaster_KC757390,terminal,1,0.0511259412,0.043836629549676306,-0.0072893116503236904,0.0072893116503236904
LRMC-SoftImpute,30,11,65,LRMC_SoftImpute_completed_p30_rep11_seed65.csv,internal:Allenopithecus_nigroviridis_KJ434962|Cercocebus_atys_KT159932|Cercocebus_chrysogaster_KC757390|Cercocebus_torquatus_KJ434959,internal,4,0.0346917556,0.0,-0.0346917556,0.0346917556
LRMC-SoftImpute,30,11,65,LRMC_SoftImpute_completed_p30_rep11_seed65.csv,internal:Cercopithecus_aethiops_AY863426|Chlorocebus_aethiops_C1_KU682691|Chlorocebus_aethiops_MN816163|Chlorocebus_cynosuros_C3_KU682693|Chlorocebus_cynosuros_KM262190|Chlorocebus_djamdjamensis_C5_KU682695,internal,6,0.0834758403,0.026960415606868553,-0.05651542469313145,0.05651542469313145
LRMC-SoftImpute,30,11,65,LRMC_SoftImpute_completed_p30_rep11_seed65.csv,internal:Cercopithecus_aethiops_AY863426|Chlorocebus_aethiops_C1_KU682691|Chlorocebus_aethiops_MN816163|Chlorocebus_cynosuros_C3_KU682693|Chlorocebus_cynosuros_KM262190,internal,5,0.012780756,0.015417239074467185,0.0026364830744671844,0.0026364830744671844
LRMC-SoftImpute,30,11,65,LRMC_SoftImpute_completed_p30_rep11_seed65.csv,internal:Cercopithecus_aethiops_AY863426|Chlorocebus_aethiops_C1_KU682691|Chlorocebus_aethiops_MN816163,internal,3,0.0048654608,0.007042890346387479,0.0021774295463874794,0.0021774295463874794
LRMC-SoftImpute,30,11,65,LRMC_SoftImpute_completed_p30_rep11_seed65.csv,terminal:Cercopithecus_aethiops_AY863426,terminal,1,0.0221835236,0.014177747823249086,-0.008005775776750915,0.008005775776750915
LRMC-SoftImpute,30,11,65,LRMC_SoftImpute_completed_p30_rep11_seed65.csv,internal:Chlorocebus_aethiops_C1_KU682691|Chlorocebus_aethiops_MN816163,internal,2,0.0120854426,0.0034076072960689085,-0.00867783530393109,0.00867783530393109
LRMC-SoftImpute,30,11,65,LRMC_SoftImpute_completed_p30_rep11_seed65.csv,terminal:Chlorocebus_aethiops_C1_KU682691,terminal,1,0.0080961876,0.00771263370234266,-0.00038355389765734084,0.00038355389765734084
LRMC-SoftImpute,30,11,65,LRMC_SoftImpute_completed_p30_rep11_seed65.csv,terminal:Chlorocebus_aethiops_MN816163,terminal,1,0.0104642592,0.00845970854103573,-0.0020045506589642693,0.0020045506589642693
LRMC-SoftImpute,30,11,65,LRMC_SoftImpute_completed_p30_rep11_seed65.csv,internal:Chlorocebus_cynosuros_C3_KU682693|Chlorocebus_cynosuros_KM262190,internal,2,0.0017398823,0.0,-0.0017398823,0.0017398823
LRMC-SoftImpute,30,11,65,LRMC_SoftImpute_completed_p30_rep11_seed65.csv,terminal:Chlorocebus_cynosuros_C3_KU682693,terminal,1,0.0241962287,0.02147352504977904,-0.0027227036502209603,0.0027227036502209603
LRMC-SoftImpute,30,11,65,LRMC_SoftImpute_completed_p30_rep11_seed65.csv,terminal:Chlorocebus_cynosuros_KM262190,terminal,1,0.0250691331,0.014419246833230943,-0.010649886266769059,0.010649886266769059
LRMC-SoftImpute,30,11,65,LRMC_SoftImpute_completed_p30_rep11_seed65.csv,terminal:Chlorocebus_djamdjamensis_C5_KU682695,terminal,1,0.0319881948,0.016092215389992552,-0.01589597941000745,0.01589597941000745
LRMC-SoftImpute,30,11,65,LRMC_SoftImpute_completed_p30_rep11_seed65.csv,internal:Cercopithecus_albogularis_KC757391|Cercopithecus_diana_KJ434958|Cercopithecus_lhoesti_KJ434957|Cercopithecus_mitis_KJ434956|Cercopithecus_neglectus_MW160353,internal,5,0.0020104988,0.0,-0.0020104988,0.0020104988
LRMC-SoftImpute,30,11,65,LRMC_SoftImpute_completed_p30_rep11_seed65.csv,internal:Cercopithecus_albogularis_KC757391|Cercopithecus_lhoesti_KJ434957|Cercopithecus_mitis_KJ434956,internal,3,0.0167387771,0.0,-0.0167387771,0.0167387771
LRMC-SoftImpute,30,11,65,LRMC_SoftImpute_completed_p30_rep11_seed65.csv,internal:Cercopithecus_albogularis_KC757391|Cercopithecus_mitis_KJ434956,internal,2,0.0593605632,0.020433500026038793,-0.038927063173961204,0.038927063173961204
LRMC-SoftImpute,30,11,65,LRMC_SoftImpute_completed_p30_rep11_seed65.csv,terminal:Cercopithecus_albogularis_KC757391,terminal,1,0.0366651729,0.02668568809765791,-0.009979484802342092,0.009979484802342092
LRMC-SoftImpute,30,11,65,LRMC_SoftImpute_completed_p30_rep11_seed65.csv,terminal:Cercopithecus_mitis_KJ434956,terminal,1,0.0331901409,0.026944174949245506,-0.006245965950754492,0.006245965950754492
LRMC-SoftImpute,30,11,65,LRMC_SoftImpute_completed_p30_rep11_seed65.csv,terminal:Cercopithecus_lhoesti_KJ434957,terminal,1,0.096446469,0.05526898862039792,-0.04117748037960209,0.04117748037960209
LRMC-SoftImpute,30,11,65,LRMC_SoftImpute_completed_p30_rep11_seed65.csv,internal:Cercopithecus_diana_KJ434958|Cercopithecus_neglectus_MW160353,internal,2,0.0175917107,0.0,-0.0175917107,0.0175917107
LRMC-SoftImpute,30,11,65,LRMC_SoftImpute_completed_p30_rep11_seed65.csv,terminal:Cercopithecus_diana_KJ434958,terminal,1,0.1093319625,0.05837973547066278,-0.05095222702933722,0.05095222702933722
LRMC-SoftImpute,30,11,65,LRMC_SoftImpute_completed_p30_rep11_seed65.csv,terminal:Cercopithecus_neglectus_MW160353,terminal,1,0.1017112524,0.05266855589817441,-0.049042696501825585,0.049042696501825585
LRMC-SoftImpute,30,12,66,LRMC_SoftImpute_completed_p30_rep12_seed66.csv,terminal:Allenopithecus_nigroviridis_KJ434962,terminal,1,0.1474140195,0.04398219777057012,-0.10343182172942987,0.10343182172942987
LRMC-SoftImpute,30,12,66,LRMC_SoftImpute_completed_p30_rep12_seed66.csv,internal:Cercocebus_atys_KT159932|Cercocebus_chrysogaster_KC757390|Cercocebus_torquatus_KJ434959,internal,3,0.1544494817,0.020600850785242906,-0.1338486309147571,0.1338486309147571
LRMC-SoftImpute,30,12,66,LRMC_SoftImpute_completed_p30_rep12_seed66.csv,internal:Cercocebus_atys_KT159932|Cercocebus_torquatus_KJ434959,internal,2,0.0094381611,0.014894105068650621,0.005455943968650621,0.005455943968650621
LRMC-SoftImpute,30,12,66,LRMC_SoftImpute_completed_p30_rep12_seed66.csv,terminal:Cercocebus_atys_KT159932,terminal,1,0.0508580169,0.02664486606140913,-0.024213150838590866,0.024213150838590866
LRMC-SoftImpute,30,12,66,LRMC_SoftImpute_completed_p30_rep12_seed66.csv,terminal:Cercocebus_torquatus_KJ434959,terminal,1,0.0562685839,0.026301370817933902,-0.0299672130820661,0.0299672130820661
LRMC-SoftImpute,30,12,66,LRMC_SoftImpute_completed_p30_rep12_seed66.csv,terminal:Cercocebus_chrysogaster_KC757390,terminal,1,0.0511259412,0.03853954912100175,-0.012586392078998247,0.012586392078998247
LRMC-SoftImpute,30,12,66,LRMC_SoftImpute_completed_p30_rep12_seed66.csv,internal:Allenopithecus_nigroviridis_KJ434962|Cercocebus_atys_KT159932|Cercocebus_chrysogaster_KC757390|Cercocebus_torquatus_KJ434959,internal,4,0.0346917556,0.022619044755293836,-0.012072710844706163,0.012072710844706163
LRMC-SoftImpute,30,12,66,LRMC_SoftImpute_completed_p30_rep12_seed66.csv,internal:Cercopithecus_aethiops_AY863426|Chlorocebus_aethiops_C1_KU682691|Chlorocebus_aethiops_MN816163|Chlorocebus_cynosuros_C3_KU682693|Chlorocebus_cynosuros_KM262190|Chlorocebus_djamdjamensis_C5_KU682695,internal,6,0.0834758403,0.029787566575271457,-0.05368827372472855,0.05368827372472855
LRMC-SoftImpute,30,12,66,LRMC_SoftImpute_completed_p30_rep12_seed66.csv,internal:Cercopithecus_aethiops_AY863426|Chlorocebus_aethiops_C1_KU682691|Chlorocebus_aethiops_MN816163|Chlorocebus_cynosuros_C3_KU682693|Chlorocebus_cynosuros_KM262190,internal,5,0.012780756,0.010694645587210833,-0.002086110412789168,0.002086110412789168
LRMC-SoftImpute,30,12,66,LRMC_SoftImpute_completed_p30_rep12_seed66.csv,internal:Cercopithecus_aethiops_AY863426|Chlorocebus_aethiops_C1_KU682691|Chlorocebus_aethiops_MN816163,internal,3,0.0048654608,0.0008149022166061322,-0.004050558583393867,0.004050558583393867
LRMC-SoftImpute,30,12,66,LRMC_SoftImpute_completed_p30_rep12_seed66.csv,terminal:Cercopithecus_aethiops_AY863426,terminal,1,0.0221835236,0.012699994323306756,-0.009483529276693246,0.009483529276693246
LRMC-SoftImpute,30,12,66,LRMC_SoftImpute_completed_p30_rep12_seed66.csv,internal:Chlorocebus_aethiops_C1_KU682691|Chlorocebus_aethiops_MN816163,internal,2,0.0120854426,0.009677826581461444,-0.0024076160185385557,0.0024076160185385557
LRMC-SoftImpute,30,12,66,LRMC_SoftImpute_completed_p30_rep12_seed66.csv,terminal:Chlorocebus_aethiops_C1_KU682691,terminal,1,0.0080961876,0.008971686865684352,0.0008754992656843513,0.0008754992656843513
LRMC-SoftImpute,30,12,66,LRMC_SoftImpute_completed_p30_rep12_seed66.csv,terminal:Chlorocebus_aethiops_MN816163,terminal,1,0.0104642592,0.007200655377694057,-0.0032636038223059424,0.0032636038223059424
LRMC-SoftImpute,30,12,66,LRMC_SoftImpute_completed_p30_rep12_seed66.csv,internal:Chlorocebus_cynosuros_C3_KU682693|Chlorocebus_cynosuros_KM262190,internal,2,0.0017398823,0.0,-0.0017398823,0.0017398823
LRMC-SoftImpute,30,12,66,LRMC_SoftImpute_completed_p30_rep12_seed66.csv,terminal:Chlorocebus_cynosuros_C3_KU682693,terminal,1,0.0241962287,0.021678685808720517,-0.002517542891279482,0.002517542891279482
LRMC-SoftImpute,30,12,66,LRMC_SoftImpute_completed_p30_rep12_seed66.csv,terminal:Chlorocebus_cynosuros_KM262190,terminal,1,0.0250691331,0.014940725989722941,-0.01012840711027706,0.01012840711027706
LRMC-SoftImpute,30,12,66,LRMC_SoftImpute_completed_p30_rep12_seed66.csv,terminal:Chlorocebus_djamdjamensis_C5_KU682695,terminal,1,0.0319881948,0.025549024786823075,-0.006439170013176926,0.006439170013176926
LRMC-SoftImpute,30,12,66,LRMC_SoftImpute_completed_p30_rep12_seed66.csv,internal:Cercopithecus_albogularis_KC757391|Cercopithecus_diana_KJ434958|Cercopithecus_lhoesti_KJ434957|Cercopithecus_mitis_KJ434956|Cercopithecus_neglectus_MW160353,internal,5,0.0020104988,0.0,-0.0020104988,0.0020104988
LRMC-SoftImpute,30,12,66,LRMC_SoftImpute_completed_p30_rep12_seed66.csv,internal:Cercopithecus_albogularis_KC757391|Cercopithecus_lhoesti_KJ434957|Cercopithecus_mitis_KJ434956,internal,3,0.0167387771,0.020201017763810086,0.003462240663810085,0.003462240663810085
LRMC-SoftImpute,30,12,66,LRMC_SoftImpute_completed_p30_rep12_seed66.csv,internal:Cercopithecus_albogularis_KC757391|Cercopithecus_mitis_KJ434956,internal,2,0.0593605632,0.0,-0.0593605632,0.0593605632
LRMC-SoftImpute,30,12,66,LRMC_SoftImpute_completed_p30_rep12_seed66.csv,terminal:Cercopithecus_albogularis_KC757391,terminal,1,0.0366651729,0.0382679556869348,0.001602782786934799,0.001602782786934799
LRMC-SoftImpute,30,12,66,LRMC_SoftImpute_completed_p30_rep12_seed66.csv,terminal:Cercopithecus_mitis_KJ434956,terminal,1,0.0331901409,0.03679397744251657,0.0036038365425165725,0.0036038365425165725
LRMC-SoftImpute,30,12,66,LRMC_SoftImpute_completed_p30_rep12_seed66.csv,terminal:Cercopithecus_lhoesti_KJ434957,terminal,1,0.096446469,0.036784032728713445,-0.05966243627128656,0.05966243627128656
LRMC-SoftImpute,30,12,66,LRMC_SoftImpute_completed_p30_rep12_seed66.csv,internal:Cercopithecus_diana_KJ434958|Cercopithecus_neglectus_MW160353,internal,2,0.0175917107,0.0,-0.0175917107,0.0175917107
LRMC-SoftImpute,30,12,66,LRMC_SoftImpute_completed_p30_rep12_seed66.csv,terminal:Cercopithecus_diana_KJ434958,terminal,1,0.1093319625,0.050870240364323055,-0.05846172213567695,0.05846172213567695
LRMC-SoftImpute,30,12,66,LRMC_SoftImpute_completed_p30_rep12_seed66.csv,terminal:Cercopithecus_neglectus_MW160353,terminal,1,0.1017112524,0.056636502951641646,-0.04507474944835835,0.04507474944835835
LRMC-SoftImpute,30,13,67,LRMC_SoftImpute_completed_p30_rep13_seed67.csv,terminal:Allenopithecus_nigroviridis_KJ434962,terminal,1,0.1474140195,0.039358255082339366,-0.10805576441766063,0.10805576441766063
LRMC-SoftImpute,30,13,67,LRMC_SoftImpute_completed_p30_rep13_seed67.csv,internal:Cercocebus_atys_KT159932|Cercocebus_chrysogaster_KC757390|Cercocebus_torquatus_KJ434959,internal,3,0.1544494817,0.033189885922505796,-0.1212595957774942,0.1212595957774942
LRMC-SoftImpute,30,13,67,LRMC_SoftImpute_completed_p30_rep13_seed67.csv,internal:Cercocebus_atys_KT159932|Cercocebus_torquatus_KJ434959,internal,2,0.0094381611,0.015959155544035566,0.006520994444035566,0.006520994444035566
LRMC-SoftImpute,30,13,67,LRMC_SoftImpute_completed_p30_rep13_seed67.csv,terminal:Cercocebus_atys_KT159932,terminal,1,0.0508580169,0.012536913345370394,-0.0383211035546296,0.0383211035546296
LRMC-SoftImpute,30,13,67,LRMC_SoftImpute_completed_p30_rep13_seed67.csv,terminal:Cercocebus_torquatus_KJ434959,terminal,1,0.0562685839,0.013871675614807438,-0.04239690828519256,0.04239690828519256
LRMC-SoftImpute,30,13,67,LRMC_SoftImpute_completed_p30_rep13_seed67.csv,terminal:Cercocebus_chrysogaster_KC757390,terminal,1,0.0511259412,0.025533465351726375,-0.02559247584827362,0.02559247584827362
LRMC-SoftImpute,30,13,67,LRMC_SoftImpute_completed_p30_rep13_seed67.csv,internal:Allenopithecus_nigroviridis_KJ434962|Cercocebus_atys_KT159932|Cercocebus_chrysogaster_KC757390|Cercocebus_torquatus_KJ434959,internal,4,0.0346917556,0.03169105922360413,-0.00300069637639587,0.00300069637639587
LRMC-SoftImpute,30,13,67,LRMC_SoftImpute_completed_p30_rep13_seed67.csv,internal:Cercopithecus_aethiops_AY863426|Chlorocebus_aethiops_C1_KU682691|Chlorocebus_aethiops_MN816163|Chlorocebus_cynosuros_C3_KU682693|Chlorocebus_cynosuros_KM262190|Chlorocebus_djamdjamensis_C5_KU682695,internal,6,0.0834758403,0.0276252386711704,-0.055850601628829606,0.055850601628829606
LRMC-SoftImpute,30,13,67,LRMC_SoftImpute_completed_p30_rep13_seed67.csv,internal:Cercopithecus_aethiops_AY863426|Chlorocebus_aethiops_C1_KU682691|Chlorocebus_aethiops_MN816163|Chlorocebus_cynosuros_C3_KU682693|Chlorocebus_cynosuros_KM262190,internal,5,0.012780756,0.0,-0.012780756,0.012780756
LRMC-SoftImpute,30,13,67,LRMC_SoftImpute_completed_p30_rep13_seed67.csv,internal:Cercopithecus_aethiops_AY863426|Chlorocebus_aethiops_C1_KU682691|Chlorocebus_aethiops_MN816163,internal,3,0.0048654608,0.007259439988127554,0.0023939791881275544,0.0023939791881275544
LRMC-SoftImpute,30,13,67,LRMC_SoftImpute_completed_p30_rep13_seed67.csv,terminal:Cercopithecus_aethiops_AY863426,terminal,1,0.0221835236,0.01059241942879774,-0.01159110417120226,0.01159110417120226
LRMC-SoftImpute,30,13,67,LRMC_SoftImpute_completed_p30_rep13_seed67.csv,internal:Chlorocebus_aethiops_C1_KU682691|Chlorocebus_aethiops_MN816163,internal,2,0.0120854426,0.0,-0.0120854426,0.0120854426
LRMC-SoftImpute,30,13,67,LRMC_SoftImpute_completed_p30_rep13_seed67.csv,terminal:Chlorocebus_aethiops_C1_KU682691,terminal,1,0.0080961876,0.01728248187968192,0.00918629427968192,0.00918629427968192
LRMC-SoftImpute,30,13,67,LRMC_SoftImpute_completed_p30_rep13_seed67.csv,terminal:Chlorocebus_aethiops_MN816163,terminal,1,0.0104642592,0.012477477211044865,0.0020132180110448653,0.0020132180110448653
LRMC-SoftImpute,30,13,67,LRMC_SoftImpute_completed_p30_rep13_seed67.csv,internal:Chlorocebus_cynosuros_C3_KU682693|Chlorocebus_cynosuros_KM262190,internal,2,0.0017398823,0.0,-0.0017398823,0.0017398823
LRMC-SoftImpute,30,13,67,LRMC_SoftImpute_completed_p30_rep13_seed67.csv,terminal:Chlorocebus_cynosuros_C3_KU682693,terminal,1,0.0241962287,0.017300402279226884,-0.006895826420773115,0.006895826420773115
LRMC-SoftImpute,30,13,67,LRMC_SoftImpute_completed_p30_rep13_seed67.csv,terminal:Chlorocebus_cynosuros_KM262190,terminal,1,0.0250691331,0.019008357932793193,-0.006060775167206808,0.006060775167206808
LRMC-SoftImpute,30,13,67,LRMC_SoftImpute_completed_p30_rep13_seed67.csv,terminal:Chlorocebus_djamdjamensis_C5_KU682695,terminal,1,0.0319881948,0.031708076928114996,-0.00028011787188500503,0.00028011787188500503
LRMC-SoftImpute,30,13,67,LRMC_SoftImpute_completed_p30_rep13_seed67.csv,internal:Cercopithecus_albogularis_KC757391|Cercopithecus_diana_KJ434958|Cercopithecus_lhoesti_KJ434957|Cercopithecus_mitis_KJ434956|Cercopithecus_neglectus_MW160353,internal,5,0.0020104988,0.0,-0.0020104988,0.0020104988
LRMC-SoftImpute,30,13,67,LRMC_SoftImpute_completed_p30_rep13_seed67.csv,internal:Cercopithecus_albogularis_KC757391|Cercopithecus_lhoesti_KJ434957|Cercopithecus_mitis_KJ434956,internal,3,0.0167387771,0.0027181798364882184,-0.014020597263511783,0.014020597263511783
LRMC-SoftImpute,30,13,67,LRMC_SoftImpute_completed_p30_rep13_seed67.csv,internal:Cercopithecus_albogularis_KC757391|Cercopithecus_mitis_KJ434956,internal,2,0.0593605632,0.032126645423644726,-0.027233917776355275,0.027233917776355275
LRMC-SoftImpute,30,13,67,LRMC_SoftImpute_completed_p30_rep13_seed67.csv,terminal:Cercopithecus_albogularis_KC757391,terminal,1,0.0366651729,0.021038670526721894,-0.015626502373278107,0.015626502373278107
LRMC-SoftImpute,30,13,67,LRMC_SoftImpute_completed_p30_rep13_seed67.csv,terminal:Cercopithecus_mitis_KJ434956,terminal,1,0.0331901409,0.03259119252018152,-0.0005989483798184772,0.0005989483798184772
LRMC-SoftImpute,30,13,67,LRMC_SoftImpute_completed_p30_rep13_seed67.csv,terminal:Cercopithecus_lhoesti_KJ434957,terminal,1,0.096446469,0.05229755461281204,-0.04414891438718797,0.04414891438718797
LRMC-SoftImpute,30,13,67,LRMC_SoftImpute_completed_p30_rep13_seed67.csv,internal:Cercopithecus_diana_KJ434958|Cercopithecus_neglectus_MW160353,internal,2,0.0175917107,0.0,-0.0175917107,0.0175917107
LRMC-SoftImpute,30,13,67,LRMC_SoftImpute_completed_p30_rep13_seed67.csv,terminal:Cercopithecus_diana_KJ434958,terminal,1,0.1093319625,0.055421621839854045,-0.05391034066014596,0.05391034066014596
LRMC-SoftImpute,30,13,67,LRMC_SoftImpute_completed_p30_rep13_seed67.csv,terminal:Cercopithecus_neglectus_MW160353,terminal,1,0.1017112524,0.04629172617122671,-0.05541952622877328,0.05541952622877328
LRMC-SoftImpute,30,14,68,LRMC_SoftImpute_completed_p30_rep14_seed68.csv,terminal:Allenopithecus_nigroviridis_KJ434962,terminal,1,0.1474140195,0.07429177674180591,-0.07312224275819408,0.07312224275819408
LRMC-SoftImpute,30,14,68,LRMC_SoftImpute_completed_p30_rep14_seed68.csv,internal:Cercocebus_atys_KT159932|Cercocebus_chrysogaster_KC757390|Cercocebus_torquatus_KJ434959,internal,3,0.1544494817,0.0504698547056791,-0.1039796269943209,0.1039796269943209
LRMC-SoftImpute,30,14,68,LRMC_SoftImpute_completed_p30_rep14_seed68.csv,internal:Cercocebus_atys_KT159932|Cercocebus_torquatus_KJ434959,internal,2,0.0094381611,0.0,-0.0094381611,0.0094381611
LRMC-SoftImpute,30,14,68,LRMC_SoftImpute_completed_p30_rep14_seed68.csv,terminal:Cercocebus_atys_KT159932,terminal,1,0.0508580169,0.023729466768861,-0.027128550131138997,0.027128550131138997
LRMC-SoftImpute,30,14,68,LRMC_SoftImpute_completed_p30_rep14_seed68.csv,terminal:Cercocebus_torquatus_KJ434959,terminal,1,0.0562685839,0.025580473150646887,-0.030688110749353115,0.030688110749353115
LRMC-SoftImpute,30,14,68,LRMC_SoftImpute_completed_p30_rep14_seed68.csv,terminal:Cercocebus_chrysogaster_KC757390,terminal,1,0.0511259412,0.0254222740030549,-0.025703667196945095,0.025703667196945095
LRMC-SoftImpute,30,14,68,LRMC_SoftImpute_completed_p30_rep14_seed68.csv,internal:Allenopithecus_nigroviridis_KJ434962|Cercocebus_atys_KT159932|Cercocebus_chrysogaster_KC757390|Cercocebus_torquatus_KJ434959,internal,4,0.0346917556,0.0,-0.0346917556,0.0346917556
LRMC-SoftImpute,30,14,68,LRMC_SoftImpute_completed_p30_rep14_seed68.csv,internal:Cercopithecus_aethiops_AY863426|Chlorocebus_aethiops_C1_KU682691|Chlorocebus_aethiops_MN816163|Chlorocebus_cynosuros_C3_KU682693|Chlorocebus_cynosuros_KM262190|Chlorocebus_djamdjamensis_C5_KU682695,internal,6,0.0834758403,0.03415728043987481,-0.0493185598601252,0.0493185598601252
LRMC-SoftImpute,30,14,68,LRMC_SoftImpute_completed_p30_rep14_seed68.csv,internal:Cercopithecus_aethiops_AY863426|Chlorocebus_aethiops_C1_KU682691|Chlorocebus_aethiops_MN816163|Chlorocebus_cynosuros_C3_KU682693|Chlorocebus_cynosuros_KM262190,internal,5,0.012780756,0.008770214196763684,-0.004010541803236317,0.004010541803236317
LRMC-SoftImpute,30,14,68,LRMC_SoftImpute_completed_p30_rep14_seed68.csv,internal:Cercopithecus_aethiops_AY863426|Chlorocebus_aethiops_C1_KU682691|Chlorocebus_aethiops_MN816163,internal,3,0.0048654608,0.0,-0.0048654608,0.0048654608
LRMC-SoftImpute,30,14,68,LRMC_SoftImpute_completed_p30_rep14_seed68.csv,terminal:Cercopithecus_aethiops_AY863426,terminal,1,0.0221835236,0.00977220810401626,-0.012411315495983741,0.012411315495983741
LRMC-SoftImpute,30,14,68,LRMC_SoftImpute_completed_p30_rep14_seed68.csv,internal:Chlorocebus_aethiops_C1_KU682691|Chlorocebus_aethiops_MN816163,internal,2,0.0120854426,0.012085483477319092,4.087731909213632e-08,4.087731909213632e-08
LRMC-SoftImpute,30,14,68,LRMC_SoftImpute_completed_p30_rep14_seed68.csv,terminal:Chlorocebus_aethiops_C1_KU682691,terminal,1,0.0080961876,0.010499911229164957,0.002403723629164956,0.002403723629164956
LRMC-SoftImpute,30,14,68,LRMC_SoftImpute_completed_p30_rep14_seed68.csv,terminal:Chlorocebus_aethiops_MN816163,terminal,1,0.0104642592,0.005672431014213452,-0.004791828185786547,0.004791828185786547
LRMC-SoftImpute,30,14,68,LRMC_SoftImpute_completed_p30_rep14_seed68.csv,internal:Chlorocebus_cynosuros_C3_KU682693|Chlorocebus_cynosuros_KM262190,internal,2,0.0017398823,0.002244113245805443,0.0005042309458054431,0.0005042309458054431
LRMC-SoftImpute,30,14,68,LRMC_SoftImpute_completed_p30_rep14_seed68.csv,terminal:Chlorocebus_cynosuros_C3_KU682693,terminal,1,0.0241962287,0.01973077090654803,-0.00446545779345197,0.00446545779345197
LRMC-SoftImpute,30,14,68,LRMC_SoftImpute_completed_p30_rep14_seed68.csv,terminal:Chlorocebus_cynosuros_KM262190,terminal,1,0.0250691331,0.01876151219005158,-0.006307620909948422,0.006307620909948422
LRMC-SoftImpute,30,14,68,LRMC_SoftImpute_completed_p30_rep14_seed68.csv,terminal:Chlorocebus_djamdjamensis_C5_KU682695,terminal,1,0.0319881948,0.021851931366685826,-0.010136263433314176,0.010136263433314176
LRMC-SoftImpute,30,14,68,LRMC_SoftImpute_completed_p30_rep14_seed68.csv,internal:Cercopithecus_albogularis_KC757391|Cercopithecus_diana_KJ434958|Cercopithecus_lhoesti_KJ434957|Cercopithecus_mitis_KJ434956|Cercopithecus_neglectus_MW160353,internal,5,0.0020104988,0.0,-0.0020104988,0.0020104988
LRMC-SoftImpute,30,14,68,LRMC_SoftImpute_completed_p30_rep14_seed68.csv,internal:Cercopithecus_albogularis_KC757391|Cercopithecus_lhoesti_KJ434957|Cercopithecus_mitis_KJ434956,internal,3,0.0167387771,0.013780535036773348,-0.002958242063226653,0.002958242063226653
LRMC-SoftImpute,30,14,68,LRMC_SoftImpute_completed_p30_rep14_seed68.csv,internal:Cercopithecus_albogularis_KC757391|Cercopithecus_mitis_KJ434956,internal,2,0.0593605632,0.016274538513155072,-0.04308602468684493,0.04308602468684493
LRMC-SoftImpute,30,14,68,LRMC_SoftImpute_completed_p30_rep14_seed68.csv,terminal:Cercopithecus_albogularis_KC757391,terminal,1,0.0366651729,0.03166133767937655,-0.005003835220623448,0.005003835220623448
LRMC-SoftImpute,30,14,68,LRMC_SoftImpute_completed_p30_rep14_seed68.csv,terminal:Cercopithecus_mitis_KJ434956,terminal,1,0.0331901409,0.021968525367526807,-0.011221615532473191,0.011221615532473191
LRMC-SoftImpute,30,14,68,LRMC_SoftImpute_completed_p30_rep14_seed68.csv,terminal:Cercopithecus_lhoesti_KJ434957,terminal,1,0.096446469,0.047391045535337496,-0.04905542346466251,0.04905542346466251
LRMC-SoftImpute,30,14,68,LRMC_SoftImpute_completed_p30_rep14_seed68.csv,internal:Cercopithecus_diana_KJ434958|Cercopithecus_neglectus_MW160353,internal,2,0.0175917107,0.0,-0.0175917107,0.0175917107
LRMC-SoftImpute,30,14,68,LRMC_SoftImpute_completed_p30_rep14_seed68.csv,terminal:Cercopithecus_diana_KJ434958,terminal,1,0.1093319625,0.04162530173065945,-0.06770666076934055,0.06770666076934055
LRMC-SoftImpute,30,14,68,LRMC_SoftImpute_completed_p30_rep14_seed68.csv,terminal:Cercopithecus_neglectus_MW160353,terminal,1,0.1017112524,0.05219483114048221,-0.04951642125951778,0.04951642125951778
LRMC-SoftImpute,30,15,69,LRMC_SoftImpute_completed_p30_rep15_seed69.csv,terminal:Allenopithecus_nigroviridis_KJ434962,terminal,1,0.1474140195,0.05661071484507297,-0.09080330465492703,0.09080330465492703
LRMC-SoftImpute,30,15,69,LRMC_SoftImpute_completed_p30_rep15_seed69.csv,internal:Cercocebus_atys_KT159932|Cercocebus_chrysogaster_KC757390|Cercocebus_torquatus_KJ434959,internal,3,0.1544494817,0.038763652452891054,-0.11568582924710895,0.11568582924710895
LRMC-SoftImpute,30,15,69,LRMC_SoftImpute_completed_p30_rep15_seed69.csv,internal:Cercocebus_atys_KT159932|Cercocebus_torquatus_KJ434959,internal,2,0.0094381611,0.011358318108757131,0.001920157008757131,0.001920157008757131
LRMC-SoftImpute,30,15,69,LRMC_SoftImpute_completed_p30_rep15_seed69.csv,terminal:Cercocebus_atys_KT159932,terminal,1,0.0508580169,0.04440124351644022,-0.00645677338355978,0.00645677338355978
LRMC-SoftImpute,30,15,69,LRMC_SoftImpute_completed_p30_rep15_seed69.csv,terminal:Cercocebus_torquatus_KJ434959,terminal,1,0.0562685839,0.029528953752148444,-0.026739630147851558,0.026739630147851558
LRMC-SoftImpute,30,15,69,LRMC_SoftImpute_completed_p30_rep15_seed69.csv,terminal:Cercocebus_chrysogaster_KC757390,terminal,1,0.0511259412,0.03360301255486181,-0.017522928645138186,0.017522928645138186
LRMC-SoftImpute,30,15,69,LRMC_SoftImpute_completed_p30_rep15_seed69.csv,internal:Allenopithecus_nigroviridis_KJ434962|Cercocebus_atys_KT159932|Cercocebus_chrysogaster_KC757390|Cercocebus_torquatus_KJ434959,internal,4,0.0346917556,0.0,-0.0346917556,0.0346917556
LRMC-SoftImpute,30,15,69,LRMC_SoftImpute_completed_p30_rep15_seed69.csv,internal:Cercopithecus_aethiops_AY863426|Chlorocebus_aethiops_C1_KU682691|Chlorocebus_aethiops_MN816163|Chlorocebus_cynosuros_C3_KU682693|Chlorocebus_cynosuros_KM262190|Chlorocebus_djamdjamensis_C5_KU682695,internal,6,0.0834758403,0.03483440654152994,-0.04864143375847007,0.04864143375847007
LRMC-SoftImpute,30,15,69,LRMC_SoftImpute_completed_p30_rep15_seed69.csv,internal:Cercopithecus_aethiops_AY863426|Chlorocebus_aethiops_C1_KU682691|Chlorocebus_aethiops_MN816163|Chlorocebus_cynosuros_C3_KU682693|Chlorocebus_cynosuros_KM262190,internal,5,0.012780756,0.010356289856070244,-0.002424466143929757,0.002424466143929757
LRMC-SoftImpute,30,15,69,LRMC_SoftImpute_completed_p30_rep15_seed69.csv,internal:Cercopithecus_aethiops_AY863426|Chlorocebus_aethiops_C1_KU682691|Chlorocebus_aethiops_MN816163,internal,3,0.0048654608,0.0,-0.0048654608,0.0048654608
LRMC-SoftImpute,30,15,69,LRMC_SoftImpute_completed_p30_rep15_seed69.csv,terminal:Cercopithecus_aethiops_AY863426,terminal,1,0.0221835236,0.01913130742060089,-0.00305221617939911,0.00305221617939911
LRMC-SoftImpute,30,15,69,LRMC_SoftImpute_completed_p30_rep15_seed69.csv,internal:Chlorocebus_aethiops_C1_KU682691|Chlorocebus_aethiops_MN816163,internal,2,0.0120854426,0.0019553611580005893,-0.01013008144199941,0.01013008144199941
LRMC-SoftImpute,30,15,69,LRMC_SoftImpute_completed_p30_rep15_seed69.csv,terminal:Chlorocebus_aethiops_C1_KU682691,terminal,1,0.0080961876,0.01732605293262411,0.00922986533262411,0.00922986533262411
LRMC-SoftImpute,30,15,69,LRMC_SoftImpute_completed_p30_rep15_seed69.csv,terminal:Chlorocebus_aethiops_MN816163,terminal,1,0.0104642592,0.010189951542023077,-0.0002743076579769226,0.0002743076579769226
LRMC-SoftImpute,30,15,69,LRMC_SoftImpute_completed_p30_rep15_seed69.csv,internal:Chlorocebus_cynosuros_C3_KU682693|Chlorocebus_cynosuros_KM262190,internal,2,0.0017398823,0.0001400311560045275,-0.0015998511439954725,0.0015998511439954725
LRMC-SoftImpute,30,15,69,LRMC_SoftImpute_completed_p30_rep15_seed69.csv,terminal:Chlorocebus_cynosuros_C3_KU682693,terminal,1,0.0241962287,0.022667976338099215,-0.0015282523619007844,0.0015282523619007844
LRMC-SoftImpute,30,15,69,LRMC_SoftImpute_completed_p30_rep15_seed69.csv,terminal:Chlorocebus_cynosuros_KM262190,terminal,1,0.0250691331,0.015824306758500363,-0.009244826341499639,0.009244826341499639
LRMC-SoftImpute,30,15,69,LRMC_SoftImpute_completed_p30_rep15_seed69.csv,terminal:Chlorocebus_djamdjamensis_C5_KU682695,terminal,1,0.0319881948,0.020601307530752393,-0.011386887269247609,0.011386887269247609
LRMC-SoftImpute,30,15,69,LRMC_SoftImpute_completed_p30_rep15_seed69.csv,internal:Cercopithecus_albogularis_KC757391|Cercopithecus_diana_KJ434958|Cercopithecus_lhoesti_KJ434957|Cercopithecus_mitis_KJ434956|Cercopithecus_neglectus_MW160353,internal,5,0.0020104988,0.0,-0.0020104988,0.0020104988
LRMC-SoftImpute,30,15,69,LRMC_SoftImpute_completed_p30_rep15_seed69.csv,internal:Cercopithecus_albogularis_KC757391|Cercopithecus_lhoesti_KJ434957|Cercopithecus_mitis_KJ434956,internal,3,0.0167387771,0.0,-0.0167387771,0.0167387771
LRMC-SoftImpute,30,15,69,LRMC_SoftImpute_completed_p30_rep15_seed69.csv,internal:Cercopithecus_albogularis_KC757391|Cercopithecus_mitis_KJ434956,internal,2,0.0593605632,0.0013596911744123798,-0.058000872025587624,0.058000872025587624
LRMC-SoftImpute,30,15,69,LRMC_SoftImpute_completed_p30_rep15_seed69.csv,terminal:Cercopithecus_albogularis_KC757391,terminal,1,0.0366651729,0.043557348018205336,0.006892175118205335,0.006892175118205335
LRMC-SoftImpute,30,15,69,LRMC_SoftImpute_completed_p30_rep15_seed69.csv,terminal:Cercopithecus_mitis_KJ434956,terminal,1,0.0331901409,0.03895611007304277,0.00576596917304277,0.00576596917304277
LRMC-SoftImpute,30,15,69,LRMC_SoftImpute_completed_p30_rep15_seed69.csv,terminal:Cercopithecus_lhoesti_KJ434957,terminal,1,0.096446469,0.05374487744634855,-0.042701591553651455,0.042701591553651455
LRMC-SoftImpute,30,15,69,LRMC_SoftImpute_completed_p30_rep15_seed69.csv,internal:Cercopithecus_diana_KJ434958|Cercopithecus_neglectus_MW160353,internal,2,0.0175917107,0.029432731626311923,0.011841020926311924,0.011841020926311924
LRMC-SoftImpute,30,15,69,LRMC_SoftImpute_completed_p30_rep15_seed69.csv,terminal:Cercopithecus_diana_KJ434958,terminal,1,0.1093319625,0.016951376189206443,-0.09238058631079356,0.09238058631079356
LRMC-SoftImpute,30,15,69,LRMC_SoftImpute_completed_p30_rep15_seed69.csv,terminal:Cercopithecus_neglectus_MW160353,terminal,1,0.1017112524,0.031619483404322066,-0.07009176899567793,0.07009176899567793
LRMC-SoftImpute,30,16,70,LRMC_SoftImpute_completed_p30_rep16_seed70.csv,terminal:Allenopithecus_nigroviridis_KJ434962,terminal,1,0.1474140195,0.06319541865859633,-0.08421860084140366,0.08421860084140366
LRMC-SoftImpute,30,16,70,LRMC_SoftImpute_completed_p30_rep16_seed70.csv,internal:Cercocebus_atys_KT159932|Cercocebus_chrysogaster_KC757390|Cercocebus_torquatus_KJ434959,internal,3,0.1544494817,0.04532590398241222,-0.10912357771758778,0.10912357771758778
LRMC-SoftImpute,30,16,70,LRMC_SoftImpute_completed_p30_rep16_seed70.csv,internal:Cercocebus_atys_KT159932|Cercocebus_torquatus_KJ434959,internal,2,0.0094381611,0.0,-0.0094381611,0.0094381611
LRMC-SoftImpute,30,16,70,LRMC_SoftImpute_completed_p30_rep16_seed70.csv,terminal:Cercocebus_atys_KT159932,terminal,1,0.0508580169,0.041766464736665496,-0.009091552163334501,0.009091552163334501
LRMC-SoftImpute,30,16,70,LRMC_SoftImpute_completed_p30_rep16_seed70.csv,terminal:Cercocebus_torquatus_KJ434959,terminal,1,0.0562685839,0.027738129327884848,-0.028530454572115154,0.028530454572115154
LRMC-SoftImpute,30,16,70,LRMC_SoftImpute_completed_p30_rep16_seed70.csv,terminal:Cercocebus_chrysogaster_KC757390,terminal,1,0.0511259412,0.0375211410356671,-0.013604800164332895,0.013604800164332895
LRMC-SoftImpute,30,16,70,LRMC_SoftImpute_completed_p30_rep16_seed70.csv,internal:Allenopithecus_nigroviridis_KJ434962|Cercocebus_atys_KT159932|Cercocebus_chrysogaster_KC757390|Cercocebus_torquatus_KJ434959,internal,4,0.0346917556,0.001957990908837974,-0.03273376469116202,0.03273376469116202
LRMC-SoftImpute,30,16,70,LRMC_SoftImpute_completed_p30_rep16_seed70.csv,internal:Cercopithecus_aethiops_AY863426|Chlorocebus_aethiops_C1_KU682691|Chlorocebus_aethiops_MN816163|Chlorocebus_cynosuros_C3_KU682693|Chlorocebus_cynosuros_KM262190|Chlorocebus_djamdjamensis_C5_KU682695,internal,6,0.0834758403,0.03416815010127142,-0.04930769019872858,0.04930769019872858
LRMC-SoftImpute,30,16,70,LRMC_SoftImpute_completed_p30_rep16_seed70.csv,internal:Cercopithecus_aethiops_AY863426|Chlorocebus_aethiops_C1_KU682691|Chlorocebus_aethiops_MN816163|Chlorocebus_cynosuros_C3_KU682693|Chlorocebus_cynosuros_KM262190,internal,5,0.012780756,0.0,-0.012780756,0.012780756
LRMC-SoftImpute,30,16,70,LRMC_SoftImpute_completed_p30_rep16_seed70.csv,internal:Cercopithecus_aethiops_AY863426|Chlorocebus_aethiops_C1_KU682691|Chlorocebus_aethiops_MN816163,internal,3,0.0048654608,0.0,-0.0048654608,0.0048654608
LRMC-SoftImpute,30,16,70,LRMC_SoftImpute_completed_p30_rep16_seed70.csv,terminal:Cercopithecus_aethiops_AY863426,terminal,1,0.0221835236,0.019449704122341746,-0.002733819477658255,0.002733819477658255
LRMC-SoftImpute,30,16,70,LRMC_SoftImpute_completed_p30_rep16_seed70.csv,internal:Chlorocebus_aethiops_C1_KU682691|Chlorocebus_aethiops_MN816163,internal,2,0.0120854426,0.0,-0.0120854426,0.0120854426
LRMC-SoftImpute,30,16,70,LRMC_SoftImpute_completed_p30_rep16_seed70.csv,terminal:Chlorocebus_aethiops_C1_KU682691,terminal,1,0.0080961876,0.019394178200753693,0.011297990600753692,0.011297990600753692
LRMC-SoftImpute,30,16,70,LRMC_SoftImpute_completed_p30_rep16_seed70.csv,terminal:Chlorocebus_aethiops_MN816163,terminal,1,0.0104642592,0.009667241001189547,-0.0007970181988104525,0.0007970181988104525
LRMC-SoftImpute,30,16,70,LRMC_SoftImpute_completed_p30_rep16_seed70.csv,internal:Chlorocebus_cynosuros_C3_KU682693|Chlorocebus_cynosuros_KM262190,internal,2,0.0017398823,0.0031570936219225037,0.0014172113219225037,0.0014172113219225037
LRMC-SoftImpute,30,16,70,LRMC_SoftImpute_completed_p30_rep16_seed70.csv,terminal:Chlorocebus_cynosuros_C3_KU682693,terminal,1,0.0241962287,0.01578656350128311,-0.00840966519871689,0.00840966519871689
LRMC-SoftImpute,30,16,70,LRMC_SoftImpute_completed_p30_rep16_seed70.csv,terminal:Chlorocebus_cynosuros_KM262190,terminal,1,0.0250691331,0.022705719595316476,-0.002363413504683526,0.002363413504683526
LRMC-SoftImpute,30,16,70,LRMC_SoftImpute_completed_p30_rep16_seed70.csv,terminal:Chlorocebus_djamdjamensis_C5_KU682695,terminal,1,0.0319881948,0.021998834592319744,-0.009989360207680258,0.009989360207680258
LRMC-SoftImpute,30,16,70,LRMC_SoftImpute_completed_p30_rep16_seed70.csv,internal:Cercopithecus_albogularis_KC757391|Cercopithecus_diana_KJ434958|Cercopithecus_lhoesti_KJ434957|Cercopithecus_mitis_KJ434956|Cercopithecus_neglectus_MW160353,internal,5,0.0020104988,0.009220745385849227,0.007210246585849227,0.007210246585849227
LRMC-SoftImpute,30,16,70,LRMC_SoftImpute_completed_p30_rep16_seed70.csv,internal:Cercopithecus_albogularis_KC757391|Cercopithecus_lhoesti_KJ434957|Cercopithecus_mitis_KJ434956,internal,3,0.0167387771,0.0,-0.0167387771,0.0167387771
LRMC-SoftImpute,30,16,70,LRMC_SoftImpute_completed_p30_rep16_seed70.csv,internal:Cercopithecus_albogularis_KC757391|Cercopithecus_mitis_KJ434956,internal,2,0.0593605632,0.04061266263035267,-0.018747900569647334,0.018747900569647334
LRMC-SoftImpute,30,16,70,LRMC_SoftImpute_completed_p30_rep16_seed70.csv,terminal:Cercopithecus_albogularis_KC757391,terminal,1,0.0366651729,0.014628242212829979,-0.022036930687170022,0.022036930687170022
LRMC-SoftImpute,30,16,70,LRMC_SoftImpute_completed_p30_rep16_seed70.csv,terminal:Cercopithecus_mitis_KJ434956,terminal,1,0.0331901409,0.01376794065567863,-0.01942220024432137,0.01942220024432137
LRMC-SoftImpute,30,16,70,LRMC_SoftImpute_completed_p30_rep16_seed70.csv,terminal:Cercopithecus_lhoesti_KJ434957,terminal,1,0.096446469,0.04943737055785224,-0.04700909844214777,0.04700909844214777
LRMC-SoftImpute,30,16,70,LRMC_SoftImpute_completed_p30_rep16_seed70.csv,internal:Cercopithecus_diana_KJ434958|Cercopithecus_neglectus_MW160353,internal,2,0.0175917107,0.03914336217783316,0.02155165147783316,0.02155165147783316
LRMC-SoftImpute,30,16,70,LRMC_SoftImpute_completed_p30_rep16_seed70.csv,terminal:Cercopithecus_diana_KJ434958,terminal,1,0.1093319625,0.009525455627786315,-0.0998065068722137,0.0998065068722137
LRMC-SoftImpute,30,16,70,LRMC_SoftImpute_completed_p30_rep16_seed70.csv,terminal:Cercopithecus_neglectus_MW160353,terminal,1,0.1017112524,0.005924295524064684,-0.0957869568759353,0.0957869568759353
LRMC-SoftImpute,30,17,71,LRMC_SoftImpute_completed_p30_rep17_seed71.csv,terminal:Allenopithecus_nigroviridis_KJ434962,terminal,1,0.1474140195,0.06085298236250682,-0.08656103713749316,0.08656103713749316
LRMC-SoftImpute,30,17,71,LRMC_SoftImpute_completed_p30_rep17_seed71.csv,internal:Cercocebus_atys_KT159932|Cercocebus_chrysogaster_KC757390|Cercocebus_torquatus_KJ434959,internal,3,0.1544494817,0.06575169035614042,-0.08869779134385958,0.08869779134385958
LRMC-SoftImpute,30,17,71,LRMC_SoftImpute_completed_p30_rep17_seed71.csv,internal:Cercocebus_atys_KT159932|Cercocebus_torquatus_KJ434959,internal,2,0.0094381611,0.0027325954103449464,-0.006705565689655054,0.006705565689655054
LRMC-SoftImpute,30,17,71,LRMC_SoftImpute_completed_p30_rep17_seed71.csv,terminal:Cercocebus_atys_KT159932,terminal,1,0.0508580169,0.017843849669342954,-0.033014167230657046,0.033014167230657046
LRMC-SoftImpute,30,17,71,LRMC_SoftImpute_completed_p30_rep17_seed71.csv,terminal:Cercocebus_torquatus_KJ434959,terminal,1,0.0562685839,0.02567641783150865,-0.030592166068491352,0.030592166068491352
LRMC-SoftImpute,30,17,71,LRMC_SoftImpute_completed_p30_rep17_seed71.csv,terminal:Cercocebus_chrysogaster_KC757390,terminal,1,0.0511259412,0.027567278512836118,-0.02355866268716388,0.02355866268716388
LRMC-SoftImpute,30,17,71,LRMC_SoftImpute_completed_p30_rep17_seed71.csv,internal:Allenopithecus_nigroviridis_KJ434962|Cercocebus_atys_KT159932|Cercocebus_chrysogaster_KC757390|Cercocebus_torquatus_KJ434959,internal,4,0.0346917556,0.0,-0.0346917556,0.0346917556
LRMC-SoftImpute,30,17,71,LRMC_SoftImpute_completed_p30_rep17_seed71.csv,internal:Cercopithecus_aethiops_AY863426|Chlorocebus_aethiops_C1_KU682691|Chlorocebus_aethiops_MN816163|Chlorocebus_cynosuros_C3_KU682693|Chlorocebus_cynosuros_KM262190|Chlorocebus_djamdjamensis_C5_KU682695,internal,6,0.0834758403,0.0252298157882799,-0.058246024511720104,0.058246024511720104
LRMC-SoftImpute,30,17,71,LRMC_SoftImpute_completed_p30_rep17_seed71.csv,internal:Cercopithecus_aethiops_AY863426|Chlorocebus_aethiops_C1_KU682691|Chlorocebus_aethiops_MN816163|Chlorocebus_cynosuros_C3_KU682693|Chlorocebus_cynosuros_KM262190,internal,5,0.012780756,0.0,-0.012780756,0.012780756
LRMC-SoftImpute,30,17,71,LRMC_SoftImpute_completed_p30_rep17_seed71.csv,internal:Cercopithecus_aethiops_AY863426|Chlorocebus_aethiops_C1_KU682691|Chlorocebus_aethiops_MN816163,internal,3,0.0048654608,0.012842753656857808,0.007977292856857807,0.007977292856857807
LRMC-SoftImpute,30,17,71,LRMC_SoftImpute_completed_p30_rep17_seed71.csv,terminal:Cercopithecus_aethiops_AY863426,terminal,1,0.0221835236,0.0169261453502464,-0.0052573782497536,0.0052573782497536
LRMC-SoftImpute,30,17,71,LRMC_SoftImpute_completed_p30_rep17_seed71.csv,internal:Chlorocebus_aethiops_C1_KU682691|Chlorocebus_aethiops_MN816163,internal,2,0.0120854426,0.010168677840975296,-0.0019167647590247038,0.0019167647590247038
LRMC-SoftImpute,30,17,71,LRMC_SoftImpute_completed_p30_rep17_seed71.csv,terminal:Chlorocebus_aethiops_C1_KU682691,terminal,1,0.0080961876,0.009481384307991293,0.0013851967079912923,0.0013851967079912923
LRMC-SoftImpute,30,17,71,LRMC_SoftImpute_completed_p30_rep17_seed71.csv,terminal:Chlorocebus_aethiops_MN816163,terminal,1,0.0104642592,0.006690957935387136,-0.0037733012646128635,0.0037733012646128635
LRMC-SoftImpute,30,17,71,LRMC_SoftImpute_completed_p30_rep17_seed71.csv,internal:Chlorocebus_cynosuros_C3_KU682693|Chlorocebus_cynosuros_KM262190,internal,2,0.0017398823,0.0,-0.0017398823,0.0017398823
LRMC-SoftImpute,30,17,71,LRMC_SoftImpute_completed_p30_rep17_seed71.csv,terminal:Chlorocebus_cynosuros_C3_KU682693,terminal,1,0.0241962287,0.011038637578434714,-0.013157591121565285,0.013157591121565285
LRMC-SoftImpute,30,17,71,LRMC_SoftImpute_completed_p30_rep17_seed71.csv,terminal:Chlorocebus_cynosuros_KM262190,terminal,1,0.0250691331,0.01826268878403886,-0.006806444315961141,0.006806444315961141
LRMC-SoftImpute,30,17,71,LRMC_SoftImpute_completed_p30_rep17_seed71.csv,terminal:Chlorocebus_djamdjamensis_C5_KU682695,terminal,1,0.0319881948,0.029457313775233914,-0.002530881024766087,0.002530881024766087
LRMC-SoftImpute,30,17,71,LRMC_SoftImpute_completed_p30_rep17_seed71.csv,internal:Cercopithecus_albogularis_KC757391|Cercopithecus_diana_KJ434958|Cercopithecus_lhoesti_KJ434957|Cercopithecus_mitis_KJ434956|Cercopithecus_neglectus_MW160353,internal,5,0.0020104988,0.00920809697975452,0.00719759817975452,0.00719759817975452
LRMC-SoftImpute,30,17,71,LRMC_SoftImpute_completed_p30_rep17_seed71.csv,internal:Cercopithecus_albogularis_KC757391|Cercopithecus_lhoesti_KJ434957|Cercopithecus_mitis_KJ434956,internal,3,0.0167387771,0.0,-0.0167387771,0.0167387771
LRMC-SoftImpute,30,17,71,LRMC_SoftImpute_completed_p30_rep17_seed71.csv,internal:Cercopithecus_albogularis_KC757391|Cercopithecus_mitis_KJ434956,internal,2,0.0593605632,0.02338737107534072,-0.035973192124659284,0.035973192124659284
LRMC-SoftImpute,30,17,71,LRMC_SoftImpute_completed_p30_rep17_seed71.csv,terminal:Cercopithecus_albogularis_KC757391,terminal,1,0.0366651729,0.019825680366511094,-0.016839492533488907,0.016839492533488907
LRMC-SoftImpute,30,17,71,LRMC_SoftImpute_completed_p30_rep17_seed71.csv,terminal:Cercopithecus_mitis_KJ434956,terminal,1,0.0331901409,0.03380418268039228,0.0006140417803922812,0.0006140417803922812
LRMC-SoftImpute,30,17,71,LRMC_SoftImpute_completed_p30_rep17_seed71.csv,terminal:Cercopithecus_lhoesti_KJ434957,terminal,1,0.096446469,0.05747142864991102,-0.03897504035008899,0.03897504035008899
LRMC-SoftImpute,30,17,71,LRMC_SoftImpute_completed_p30_rep17_seed71.csv,internal:Cercopithecus_diana_KJ434958|Cercopithecus_neglectus_MW160353,internal,2,0.0175917107,0.0242849193256831,0.006693208625683102,0.006693208625683102
LRMC-SoftImpute,30,17,71,LRMC_SoftImpute_completed_p30_rep17_seed71.csv,terminal:Cercopithecus_diana_KJ434958,terminal,1,0.1093319625,0.02488882899261754,-0.08444313350738247,0.08444313350738247
LRMC-SoftImpute,30,17,71,LRMC_SoftImpute_completed_p30_rep17_seed71.csv,terminal:Cercopithecus_neglectus_MW160353,terminal,1,0.1017112524,0.017868395654542554,-0.08384285674545744,0.08384285674545744
LRMC-SoftImpute,30,18,72,LRMC_SoftImpute_completed_p30_rep18_seed72.csv,terminal:Allenopithecus_nigroviridis_KJ434962,terminal,1,0.1474140195,0.06321506306127116,-0.08419895643872884,0.08419895643872884
LRMC-SoftImpute,30,18,72,LRMC_SoftImpute_completed_p30_rep18_seed72.csv,internal:Cercocebus_atys_KT159932|Cercocebus_chrysogaster_KC757390|Cercocebus_torquatus_KJ434959,internal,3,0.1544494817,0.0317240523663886,-0.1227254293336114,0.1227254293336114
LRMC-SoftImpute,30,18,72,LRMC_SoftImpute_completed_p30_rep18_seed72.csv,internal:Cercocebus_atys_KT159932|Cercocebus_torquatus_KJ434959,internal,2,0.0094381611,0.0,-0.0094381611,0.0094381611
LRMC-SoftImpute,30,18,72,LRMC_SoftImpute_completed_p30_rep18_seed72.csv,terminal:Cercocebus_atys_KT159932,terminal,1,0.0508580169,0.03799629419420055,-0.012861722705799446,0.012861722705799446
LRMC-SoftImpute,30,18,72,LRMC_SoftImpute_completed_p30_rep18_seed72.csv,terminal:Cercocebus_torquatus_KJ434959,terminal,1,0.0562685839,0.035467058636798734,-0.020801525263201268,0.020801525263201268
LRMC-SoftImpute,30,18,72,LRMC_SoftImpute_completed_p30_rep18_seed72.csv,terminal:Cercocebus_chrysogaster_KC757390,terminal,1,0.0511259412,0.04129697394813551,-0.009828967251864489,0.009828967251864489
LRMC-SoftImpute,30,18,72,LRMC_SoftImpute_completed_p30_rep18_seed72.csv,internal:Allenopithecus_nigroviridis_KJ434962|Cercocebus_atys_KT159932|Cercocebus_chrysogaster_KC757390|Cercocebus_torquatus_KJ434959,internal,4,0.0346917556,0.006199034970686048,-0.02849272062931395,0.02849272062931395
LRMC-SoftImpute,30,18,72,LRMC_SoftImpute_completed_p30_rep18_seed72.csv,internal:Cercopithecus_aethiops_AY863426|Chlorocebus_aethiops_C1_KU682691|Chlorocebus_aethiops_MN816163|Chlorocebus_cynosuros_C3_KU682693|Chlorocebus_cynosuros_KM262190|Chlorocebus_djamdjamensis_C5_KU682695,internal,6,0.0834758403,0.03873944334680382,-0.044736396953196186,0.044736396953196186
LRMC-SoftImpute,30,18,72,LRMC_SoftImpute_completed_p30_rep18_seed72.csv,internal:Cercopithecus_aethiops_AY863426|Chlorocebus_aethiops_C1_KU682691|Chlorocebus_aethiops_MN816163|Chlorocebus_cynosuros_C3_KU682693|Chlorocebus_cynosuros_KM262190,internal,5,0.012780756,0.006570168172952308,-0.0062105878270476925,0.0062105878270476925
LRMC-SoftImpute,30,18,72,LRMC_SoftImpute_completed_p30_rep18_seed72.csv,internal:Cercopithecus_aethiops_AY863426|Chlorocebus_aethiops_C1_KU682691|Chlorocebus_aethiops_MN816163,internal,3,0.0048654608,0.00041137008706266663,-0.004454090712937333,0.004454090712937333
LRMC-SoftImpute,30,18,72,LRMC_SoftImpute_completed_p30_rep18_seed72.csv,terminal:Cercopithecus_aethiops_AY863426,terminal,1,0.0221835236,0.015439094012423103,-0.006744429587576898,0.006744429587576898
LRMC-SoftImpute,30,18,72,LRMC_SoftImpute_completed_p30_rep18_seed72.csv,internal:Chlorocebus_aethiops_C1_KU682691|Chlorocebus_aethiops_MN816163,internal,2,0.0120854426,0.011655729178798589,-0.0004297134212014105,0.0004297134212014105
LRMC-SoftImpute,30,18,72,LRMC_SoftImpute_completed_p30_rep18_seed72.csv,terminal:Chlorocebus_aethiops_C1_KU682691,terminal,1,0.0080961876,0.01042052711833798,0.00232433951833798,0.00232433951833798
LRMC-SoftImpute,30,18,72,LRMC_SoftImpute_completed_p30_rep18_seed72.csv,terminal:Chlorocebus_aethiops_MN816163,terminal,1,0.0104642592,0.005751815125040415,-0.004712444074959584,0.004712444074959584
LRMC-SoftImpute,30,18,72,LRMC_SoftImpute_completed_p30_rep18_seed72.csv,internal:Chlorocebus_cynosuros_C3_KU682693|Chlorocebus_cynosuros_KM262190,internal,2,0.0017398823,0.0,-0.0017398823,0.0017398823
LRMC-SoftImpute,30,18,72,LRMC_SoftImpute_completed_p30_rep18_seed72.csv,terminal:Chlorocebus_cynosuros_C3_KU682693,terminal,1,0.0241962287,0.02337584085309417,-0.000820387846905829,0.000820387846905829
LRMC-SoftImpute,30,18,72,LRMC_SoftImpute_completed_p30_rep18_seed72.csv,terminal:Chlorocebus_cynosuros_KM262190,terminal,1,0.0250691331,0.014022155908641013,-0.011046977191358989,0.011046977191358989
LRMC-SoftImpute,30,18,72,LRMC_SoftImpute_completed_p30_rep18_seed72.csv,terminal:Chlorocebus_djamdjamensis_C5_KU682695,terminal,1,0.0319881948,0.018809791442408436,-0.013178403357591566,0.013178403357591566
LRMC-SoftImpute,30,18,72,LRMC_SoftImpute_completed_p30_rep18_seed72.csv,internal:Cercopithecus_albogularis_KC757391|Cercopithecus_diana_KJ434958|Cercopithecus_lhoesti_KJ434957|Cercopithecus_mitis_KJ434956|Cercopithecus_neglectus_MW160353,internal,5,0.0020104988,0.0,-0.0020104988,0.0020104988
LRMC-SoftImpute,30,18,72,LRMC_SoftImpute_completed_p30_rep18_seed72.csv,internal:Cercopithecus_albogularis_KC757391|Cercopithecus_lhoesti_KJ434957|Cercopithecus_mitis_KJ434956,internal,3,0.0167387771,0.0,-0.0167387771,0.0167387771
LRMC-SoftImpute,30,18,72,LRMC_SoftImpute_completed_p30_rep18_seed72.csv,internal:Cercopithecus_albogularis_KC757391|Cercopithecus_mitis_KJ434956,internal,2,0.0593605632,0.025746207495032702,-0.0336143557049673,0.0336143557049673
LRMC-SoftImpute,30,18,72,LRMC_SoftImpute_completed_p30_rep18_seed72.csv,terminal:Cercopithecus_albogularis_KC757391,terminal,1,0.0366651729,0.022734394641139476,-0.013930778258860525,0.013930778258860525
LRMC-SoftImpute,30,18,72,LRMC_SoftImpute_completed_p30_rep18_seed72.csv,terminal:Cercopithecus_mitis_KJ434956,terminal,1,0.0331901409,0.03089546840576388,-0.0022946724942361184,0.0022946724942361184
LRMC-SoftImpute,30,18,72,LRMC_SoftImpute_completed_p30_rep18_seed72.csv,terminal:Cercopithecus_lhoesti_KJ434957,terminal,1,0.096446469,0.028692387544497624,-0.06775408145550238,0.06775408145550238
LRMC-SoftImpute,30,18,72,LRMC_SoftImpute_completed_p30_rep18_seed72.csv,internal:Cercopithecus_diana_KJ434958|Cercopithecus_neglectus_MW160353,internal,2,0.0175917107,0.0,-0.0175917107,0.0175917107
LRMC-SoftImpute,30,18,72,LRMC_SoftImpute_completed_p30_rep18_seed72.csv,terminal:Cercopithecus_diana_KJ434958,terminal,1,0.1093319625,0.04987311847401048,-0.05945884402598953,0.05945884402598953
LRMC-SoftImpute,30,18,72,LRMC_SoftImpute_completed_p30_rep18_seed72.csv,terminal:Cercopithecus_neglectus_MW160353,terminal,1,0.1017112524,0.06248012478851481,-0.039231127611485186,0.039231127611485186
LRMC-SoftImpute,30,19,73,LRMC_SoftImpute_completed_p30_rep19_seed73.csv,terminal:Allenopithecus_nigroviridis_KJ434962,terminal,1,0.1474140195,0.051255003457106506,-0.09615901604289348,0.09615901604289348
LRMC-SoftImpute,30,19,73,LRMC_SoftImpute_completed_p30_rep19_seed73.csv,internal:Cercocebus_atys_KT159932|Cercocebus_chrysogaster_KC757390|Cercocebus_torquatus_KJ434959,internal,3,0.1544494817,0.0549408401123698,-0.0995086415876302,0.0995086415876302
LRMC-SoftImpute,30,19,73,LRMC_SoftImpute_completed_p30_rep19_seed73.csv,internal:Cercocebus_atys_KT159932|Cercocebus_torquatus_KJ434959,internal,2,0.0094381611,0.00601420890531777,-0.0034239521946822305,0.0034239521946822305
LRMC-SoftImpute,30,19,73,LRMC_SoftImpute_completed_p30_rep19_seed73.csv,terminal:Cercocebus_atys_KT159932,terminal,1,0.0508580169,0.03213863114539165,-0.018719385754608346,0.018719385754608346
LRMC-SoftImpute,30,19,73,LRMC_SoftImpute_completed_p30_rep19_seed73.csv,terminal:Cercocebus_torquatus_KJ434959,terminal,1,0.0562685839,0.020459168952327068,-0.03580941494767294,0.03580941494767294
LRMC-SoftImpute,30,19,73,LRMC_SoftImpute_completed_p30_rep19_seed73.csv,terminal:Cercocebus_chrysogaster_KC757390,terminal,1,0.0511259412,0.0309784894424052,-0.020147451757594796,0.020147451757594796
LRMC-SoftImpute,30,19,73,LRMC_SoftImpute_completed_p30_rep19_seed73.csv,internal:Allenopithecus_nigroviridis_KJ434962|Cercocebus_atys_KT159932|Cercocebus_chrysogaster_KC757390|Cercocebus_torquatus_KJ434959,internal,4,0.0346917556,0.0,-0.0346917556,0.0346917556
LRMC-SoftImpute,30,19,73,LRMC_SoftImpute_completed_p30_rep19_seed73.csv,internal:Cercopithecus_aethiops_AY863426|Chlorocebus_aethiops_C1_KU682691|Chlorocebus_aethiops_MN816163|Chlorocebus_cynosuros_C3_KU682693|Chlorocebus_cynosuros_KM262190|Chlorocebus_djamdjamensis_C5_KU682695,internal,6,0.0834758403,0.021607810831475675,-0.061868029468524335,0.061868029468524335
LRMC-SoftImpute,30,19,73,LRMC_SoftImpute_completed_p30_rep19_seed73.csv,internal:Cercopithecus_aethiops_AY863426|Chlorocebus_aethiops_C1_KU682691|Chlorocebus_aethiops_MN816163|Chlorocebus_cynosuros_C3_KU682693|Chlorocebus_cynosuros_KM262190,internal,5,0.012780756,0.008359863281107783,-0.0044208927188922175,0.0044208927188922175
LRMC-SoftImpute,30,19,73,LRMC_SoftImpute_completed_p30_rep19_seed73.csv,internal:Cercopithecus_aethiops_AY863426|Chlorocebus_aethiops_C1_KU682691|Chlorocebus_aethiops_MN816163,internal,3,0.0048654608,0.0,-0.0048654608,0.0048654608
LRMC-SoftImpute,30,19,73,LRMC_SoftImpute_completed_p30_rep19_seed73.csv,terminal:Cercopithecus_aethiops_AY863426,terminal,1,0.0221835236,0.0044987357175712605,-0.01768478788242874,0.01768478788242874
LRMC-SoftImpute,30,19,73,LRMC_SoftImpute_completed_p30_rep19_seed73.csv,internal:Chlorocebus_aethiops_C1_KU682691|Chlorocebus_aethiops_MN816163,internal,2,0.0120854426,0.014742907572785409,0.0026574649727854095,0.0026574649727854095
LRMC-SoftImpute,30,19,73,LRMC_SoftImpute_completed_p30_rep19_seed73.csv,terminal:Chlorocebus_aethiops_C1_KU682691,terminal,1,0.0080961876,0.006377163995954184,-0.001719023604045817,0.001719023604045817
LRMC-SoftImpute,30,19,73,LRMC_SoftImpute_completed_p30_rep19_seed73.csv,terminal:Chlorocebus_aethiops_MN816163,terminal,1,0.0104642592,0.009795178247424225,-0.0006690809525757742,0.0006690809525757742
LRMC-SoftImpute,30,19,73,LRMC_SoftImpute_completed_p30_rep19_seed73.csv,internal:Chlorocebus_cynosuros_C3_KU682693|Chlorocebus_cynosuros_KM262190,internal,2,0.0017398823,0.0029691462920647714,0.0012292639920647714,0.0012292639920647714
LRMC-SoftImpute,30,19,73,LRMC_SoftImpute_completed_p30_rep19_seed73.csv,terminal:Chlorocebus_cynosuros_C3_KU682693,terminal,1,0.0241962287,0.020458284241359974,-0.0037379444586400253,0.0037379444586400253
LRMC-SoftImpute,30,19,73,LRMC_SoftImpute_completed_p30_rep19_seed73.csv,terminal:Chlorocebus_cynosuros_KM262190,terminal,1,0.0250691331,0.01803399885523958,-0.007035134244760422,0.007035134244760422
LRMC-SoftImpute,30,19,73,LRMC_SoftImpute_completed_p30_rep19_seed73.csv,terminal:Chlorocebus_djamdjamensis_C5_KU682695,terminal,1,0.0319881948,0.024946981194629993,-0.007041213605370009,0.007041213605370009
LRMC-SoftImpute,30,19,73,LRMC_SoftImpute_completed_p30_rep19_seed73.csv,internal:Cercopithecus_albogularis_KC757391|Cercopithecus_diana_KJ434958|Cercopithecus_lhoesti_KJ434957|Cercopithecus_mitis_KJ434956|Cercopithecus_neglectus_MW160353,internal,5,0.0020104988,0.0,-0.0020104988,0.0020104988
LRMC-SoftImpute,30,19,73,LRMC_SoftImpute_completed_p30_rep19_seed73.csv,internal:Cercopithecus_albogularis_KC757391|Cercopithecus_lhoesti_KJ434957|Cercopithecus_mitis_KJ434956,internal,3,0.0167387771,0.015205712819841413,-0.001533064280158588,0.001533064280158588
LRMC-SoftImpute,30,19,73,LRMC_SoftImpute_completed_p30_rep19_seed73.csv,internal:Cercopithecus_albogularis_KC757391|Cercopithecus_mitis_KJ434956,internal,2,0.0593605632,0.013620997637505029,-0.04573956556249497,0.04573956556249497
LRMC-SoftImpute,30,19,73,LRMC_SoftImpute_completed_p30_rep19_seed73.csv,terminal:Cercopithecus_albogularis_KC757391,terminal,1,0.0366651729,0.03545486736886093,-0.001210305531139072,0.001210305531139072
LRMC-SoftImpute,30,19,73,LRMC_SoftImpute_completed_p30_rep19_seed73.csv,terminal:Cercopithecus_mitis_KJ434956,terminal,1,0.0331901409,0.01817499567804246,-0.01501514522195754,0.01501514522195754
LRMC-SoftImpute,30,19,73,LRMC_SoftImpute_completed_p30_rep19_seed73.csv,terminal:Cercopithecus_lhoesti_KJ434957,terminal,1,0.096446469,0.03574943952590844,-0.060697029474091564,0.060697029474091564
LRMC-SoftImpute,30,19,73,LRMC_SoftImpute_completed_p30_rep19_seed73.csv,internal:Cercopithecus_diana_KJ434958|Cercopithecus_neglectus_MW160353,internal,2,0.0175917107,0.026005465173453396,0.008413754473453397,0.008413754473453397
LRMC-SoftImpute,30,19,73,LRMC_SoftImpute_completed_p30_rep19_seed73.csv,terminal:Cercopithecus_diana_KJ434958,terminal,1,0.1093319625,0.034857096348628706,-0.0744748661513713,0.0744748661513713
LRMC-SoftImpute,30,19,73,LRMC_SoftImpute_completed_p30_rep19_seed73.csv,terminal:Cercopithecus_neglectus_MW160353,terminal,1,0.1017112524,0.04264116204000661,-0.05907009035999338,0.05907009035999338
LRMC-SoftImpute,30,20,74,LRMC_SoftImpute_completed_p30_rep20_seed74.csv,terminal:Allenopithecus_nigroviridis_KJ434962,terminal,1,0.1474140195,0.06994062188814874,-0.07747339761185125,0.07747339761185125
LRMC-SoftImpute,30,20,74,LRMC_SoftImpute_completed_p30_rep20_seed74.csv,internal:Cercocebus_atys_KT159932|Cercocebus_chrysogaster_KC757390|Cercocebus_torquatus_KJ434959,internal,3,0.1544494817,0.03529317613049447,-0.11915630556950553,0.11915630556950553
LRMC-SoftImpute,30,20,74,LRMC_SoftImpute_completed_p30_rep20_seed74.csv,internal:Cercocebus_atys_KT159932|Cercocebus_torquatus_KJ434959,internal,2,0.0094381611,0.01451962436077799,0.005081463260777989,0.005081463260777989
LRMC-SoftImpute,30,20,74,LRMC_SoftImpute_completed_p30_rep20_seed74.csv,terminal:Cercocebus_atys_KT159932,terminal,1,0.0508580169,0.03807251366607325,-0.01278550323392675,0.01278550323392675
LRMC-SoftImpute,30,20,74,LRMC_SoftImpute_completed_p30_rep20_seed74.csv,terminal:Cercocebus_torquatus_KJ434959,terminal,1,0.0562685839,0.0358576836025155,-0.020410900297484505,0.020410900297484505
LRMC-SoftImpute,30,20,74,LRMC_SoftImpute_completed_p30_rep20_seed74.csv,terminal:Cercocebus_chrysogaster_KC757390,terminal,1,0.0511259412,0.02538634555486656,-0.025739595645133437,0.025739595645133437
LRMC-SoftImpute,30,20,74,LRMC_SoftImpute_completed_p30_rep20_seed74.csv,internal:Allenopithecus_nigroviridis_KJ434962|Cercocebus_atys_KT159932|Cercocebus_chrysogaster_KC757390|Cercocebus_torquatus_KJ434959,internal,4,0.0346917556,0.0,-0.0346917556,0.0346917556
LRMC-SoftImpute,30,20,74,LRMC_SoftImpute_completed_p30_rep20_seed74.csv,internal:Cercopithecus_aethiops_AY863426|Chlorocebus_aethiops_C1_KU682691|Chlorocebus_aethiops_MN816163|Chlorocebus_cynosuros_C3_KU682693|Chlorocebus_cynosuros_KM262190|Chlorocebus_djamdjamensis_C5_KU682695,internal,6,0.0834758403,0.028800437502614396,-0.054675402797385614,0.054675402797385614
LRMC-SoftImpute,30,20,74,LRMC_SoftImpute_completed_p30_rep20_seed74.csv,internal:Cercopithecus_aethiops_AY863426|Chlorocebus_aethiops_C1_KU682691|Chlorocebus_aethiops_MN816163|Chlorocebus_cynosuros_C3_KU682693|Chlorocebus_cynosuros_KM262190,internal,5,0.012780756,0.0,-0.012780756,0.012780756
LRMC-SoftImpute,30,20,74,LRMC_SoftImpute_completed_p30_rep20_seed74.csv,internal:Cercopithecus_aethiops_AY863426|Chlorocebus_aethiops_C1_KU682691|Chlorocebus_aethiops_MN816163,internal,3,0.0048654608,0.00468597375031724,-0.00017948704968275952,0.00017948704968275952
LRMC-SoftImpute,30,20,74,LRMC_SoftImpute_completed_p30_rep20_seed74.csv,terminal:Cercopithecus_aethiops_AY863426,terminal,1,0.0221835236,0.015210187345311493,-0.006973336254688508,0.006973336254688508
LRMC-SoftImpute,30,20,74,LRMC_SoftImpute_completed_p30_rep20_seed74.csv,internal:Chlorocebus_aethiops_C1_KU682691|Chlorocebus_aethiops_MN816163,internal,2,0.0120854426,0.0023134267380066475,-0.009772015861993352,0.009772015861993352
LRMC-SoftImpute,30,20,74,LRMC_SoftImpute_completed_p30_rep20_seed74.csv,terminal:Chlorocebus_aethiops_C1_KU682691,terminal,1,0.0080961876,0.008818765342359963,0.000722577742359962,0.000722577742359962
LRMC-SoftImpute,30,20,74,LRMC_SoftImpute_completed_p30_rep20_seed74.csv,terminal:Chlorocebus_aethiops_MN816163,terminal,1,0.0104642592,0.007353576901018455,-0.0031106822989815444,0.0031106822989815444
LRMC-SoftImpute,30,20,74,LRMC_SoftImpute_completed_p30_rep20_seed74.csv,internal:Chlorocebus_cynosuros_C3_KU682693|Chlorocebus_cynosuros_KM262190,internal,2,0.0017398823,0.00493843362279096,0.00319855132279096,0.00319855132279096
LRMC-SoftImpute,30,20,74,LRMC_SoftImpute_completed_p30_rep20_seed74.csv,terminal:Chlorocebus_cynosuros_C3_KU682693,terminal,1,0.0241962287,0.02547653387532625,0.0012803051753262525,0.0012803051753262525
LRMC-SoftImpute,30,20,74,LRMC_SoftImpute_completed_p30_rep20_seed74.csv,terminal:Chlorocebus_cynosuros_KM262190,terminal,1,0.0250691331,0.00971007420511464,-0.015359058894885362,0.015359058894885362
LRMC-SoftImpute,30,20,74,LRMC_SoftImpute_completed_p30_rep20_seed74.csv,terminal:Chlorocebus_djamdjamensis_C5_KU682695,terminal,1,0.0319881948,0.02808891207700064,-0.003899282722999362,0.003899282722999362
LRMC-SoftImpute,30,20,74,LRMC_SoftImpute_completed_p30_rep20_seed74.csv,internal:Cercopithecus_albogularis_KC757391|Cercopithecus_diana_KJ434958|Cercopithecus_lhoesti_KJ434957|Cercopithecus_mitis_KJ434956|Cercopithecus_neglectus_MW160353,internal,5,0.0020104988,0.007734184642322285,0.005723685842322284,0.005723685842322284
LRMC-SoftImpute,30,20,74,LRMC_SoftImpute_completed_p30_rep20_seed74.csv,internal:Cercopithecus_albogularis_KC757391|Cercopithecus_lhoesti_KJ434957|Cercopithecus_mitis_KJ434956,internal,3,0.0167387771,0.0,-0.0167387771,0.0167387771
LRMC-SoftImpute,30,20,74,LRMC_SoftImpute_completed_p30_rep20_seed74.csv,internal:Cercopithecus_albogularis_KC757391|Cercopithecus_mitis_KJ434956,internal,2,0.0593605632,0.02371742810429465,-0.03564313509570535,0.03564313509570535
LRMC-SoftImpute,30,20,74,LRMC_SoftImpute_completed_p30_rep20_seed74.csv,terminal:Cercopithecus_albogularis_KC757391,terminal,1,0.0366651729,0.03190397131999612,-0.004761201580003878,0.004761201580003878
LRMC-SoftImpute,30,20,74,LRMC_SoftImpute_completed_p30_rep20_seed74.csv,terminal:Cercopithecus_mitis_KJ434956,terminal,1,0.0331901409,0.035809885269146025,0.0026197443691460265,0.0026197443691460265
LRMC-SoftImpute,30,20,74,LRMC_SoftImpute_completed_p30_rep20_seed74.csv,terminal:Cercopithecus_lhoesti_KJ434957,terminal,1,0.096446469,0.049257383133365785,-0.04718908586663422,0.04718908586663422
LRMC-SoftImpute,30,20,74,LRMC_SoftImpute_completed_p30_rep20_seed74.csv,internal:Cercopithecus_diana_KJ434958|Cercopithecus_neglectus_MW160353,internal,2,0.0175917107,0.0,-0.0175917107,0.0175917107
LRMC-SoftImpute,30,20,74,LRMC_SoftImpute_completed_p30_rep20_seed74.csv,terminal:Cercopithecus_diana_KJ434958,terminal,1,0.1093319625,0.05244976503945755,-0.056882197460542454,0.056882197460542454
LRMC-SoftImpute,30,20,74,LRMC_SoftImpute_completed_p30_rep20_seed74.csv,terminal:Cercopithecus_neglectus_MW160353,terminal,1,0.1017112524,0.05539339706908924,-0.046317855330910755,0.046317855330910755
LRMC-SoftImpute,30,21,75,LRMC_SoftImpute_completed_p30_rep21_seed75.csv,terminal:Allenopithecus_nigroviridis_KJ434962,terminal,1,0.1474140195,0.05044829877498279,-0.0969657207250172,0.0969657207250172
LRMC-SoftImpute,30,21,75,LRMC_SoftImpute_completed_p30_rep21_seed75.csv,internal:Cercocebus_atys_KT159932|Cercocebus_chrysogaster_KC757390|Cercocebus_torquatus_KJ434959,internal,3,0.1544494817,0.05635124176547793,-0.09809823993452207,0.09809823993452207
LRMC-SoftImpute,30,21,75,LRMC_SoftImpute_completed_p30_rep21_seed75.csv,internal:Cercocebus_atys_KT159932|Cercocebus_torquatus_KJ434959,internal,2,0.0094381611,0.0,-0.0094381611,0.0094381611
LRMC-SoftImpute,30,21,75,LRMC_SoftImpute_completed_p30_rep21_seed75.csv,terminal:Cercocebus_atys_KT159932,terminal,1,0.0508580169,0.031038998282483982,-0.019819018617516015,0.019819018617516015
LRMC-SoftImpute,30,21,75,LRMC_SoftImpute_completed_p30_rep21_seed75.csv,terminal:Cercocebus_torquatus_KJ434959,terminal,1,0.0562685839,0.03045005739068277,-0.025818526509317232,0.025818526509317232
LRMC-SoftImpute,30,21,75,LRMC_SoftImpute_completed_p30_rep21_seed75.csv,terminal:Cercocebus_chrysogaster_KC757390,terminal,1,0.0511259412,0.03635382769963084,-0.01477211350036916,0.01477211350036916
LRMC-SoftImpute,30,21,75,LRMC_SoftImpute_completed_p30_rep21_seed75.csv,internal:Allenopithecus_nigroviridis_KJ434962|Cercocebus_atys_KT159932|Cercocebus_chrysogaster_KC757390|Cercocebus_torquatus_KJ434959,internal,4,0.0346917556,0.0,-0.0346917556,0.0346917556
LRMC-SoftImpute,30,21,75,LRMC_SoftImpute_completed_p30_rep21_seed75.csv,internal:Cercopithecus_aethiops_AY863426|Chlorocebus_aethiops_C1_KU682691|Chlorocebus_aethiops_MN816163|Chlorocebus_cynosuros_C3_KU682693|Chlorocebus_cynosuros_KM262190|Chlorocebus_djamdjamensis_C5_KU682695,internal,6,0.0834758403,0.029903612711849235,-0.05357222758815077,0.05357222758815077
LRMC-SoftImpute,30,21,75,LRMC_SoftImpute_completed_p30_rep21_seed75.csv,internal:Cercopithecus_aethiops_AY863426|Chlorocebus_aethiops_C1_KU682691|Chlorocebus_aethiops_MN816163|Chlorocebus_cynosuros_C3_KU682693|Chlorocebus_cynosuros_KM262190,internal,5,0.012780756,0.0,-0.012780756,0.012780756
LRMC-SoftImpute,30,21,75,LRMC_SoftImpute_completed_p30_rep21_seed75.csv,internal:Cercopithecus_aethiops_AY863426|Chlorocebus_aethiops_C1_KU682691|Chlorocebus_aethiops_MN816163,internal,3,0.0048654608,0.005684665787616474,0.0008192049876164743,0.0008192049876164743
LRMC-SoftImpute,30,21,75,LRMC_SoftImpute_completed_p30_rep21_seed75.csv,terminal:Cercopithecus_aethiops_AY863426,terminal,1,0.0221835236,0.01318469072791467,-0.008998832872085331,0.008998832872085331
LRMC-SoftImpute,30,21,75,LRMC_SoftImpute_completed_p30_rep21_seed75.csv,internal:Chlorocebus_aethiops_C1_KU682691|Chlorocebus_aethiops_MN816163,internal,2,0.0120854426,0.0025277318011173995,-0.0095577107988826,0.0095577107988826
LRMC-SoftImpute,30,21,75,LRMC_SoftImpute_completed_p30_rep21_seed75.csv,terminal:Chlorocebus_aethiops_C1_KU682691,terminal,1,0.0080961876,0.0,-0.0080961876,0.0080961876
LRMC-SoftImpute,30,21,75,LRMC_SoftImpute_completed_p30_rep21_seed75.csv,terminal:Chlorocebus_aethiops_MN816163,terminal,1,0.0104642592,0.02160079754021896,0.011136538340218962,0.011136538340218962
LRMC-SoftImpute,30,21,75,LRMC_SoftImpute_completed_p30_rep21_seed75.csv,internal:Chlorocebus_cynosuros_C3_KU682693|Chlorocebus_cynosuros_KM262190,internal,2,0.0017398823,0.0,-0.0017398823,0.0017398823
LRMC-SoftImpute,30,21,75,LRMC_SoftImpute_completed_p30_rep21_seed75.csv,terminal:Chlorocebus_cynosuros_C3_KU682693,terminal,1,0.0241962287,0.011928398125180787,-0.012267830574819212,0.012267830574819212
LRMC-SoftImpute,30,21,75,LRMC_SoftImpute_completed_p30_rep21_seed75.csv,terminal:Chlorocebus_cynosuros_KM262190,terminal,1,0.0250691331,0.025438293520439692,0.00036916042043969033,0.00036916042043969033
LRMC-SoftImpute,30,21,75,LRMC_SoftImpute_completed_p30_rep21_seed75.csv,terminal:Chlorocebus_djamdjamensis_C5_KU682695,terminal,1,0.0319881948,0.026709245489723882,-0.005278949310276119,0.005278949310276119
LRMC-SoftImpute,30,21,75,LRMC_SoftImpute_completed_p30_rep21_seed75.csv,internal:Cercopithecus_albogularis_KC757391|Cercopithecus_diana_KJ434958|Cercopithecus_lhoesti_KJ434957|Cercopithecus_mitis_KJ434956|Cercopithecus_neglectus_MW160353,internal,5,0.0020104988,0.0,-0.0020104988,0.0020104988
LRMC-SoftImpute,30,21,75,LRMC_SoftImpute_completed_p30_rep21_seed75.csv,internal:Cercopithecus_albogularis_KC757391|Cercopithecus_lhoesti_KJ434957|Cercopithecus_mitis_KJ434956,internal,3,0.0167387771,0.0012842318624097745,-0.015454545237590227,0.015454545237590227
LRMC-SoftImpute,30,21,75,LRMC_SoftImpute_completed_p30_rep21_seed75.csv,internal:Cercopithecus_albogularis_KC757391|Cercopithecus_mitis_KJ434956,internal,2,0.0593605632,0.03652620230050911,-0.02283436089949089,0.02283436089949089
LRMC-SoftImpute,30,21,75,LRMC_SoftImpute_completed_p30_rep21_seed75.csv,terminal:Cercopithecus_albogularis_KC757391,terminal,1,0.0366651729,0.032277875325280245,-0.004387297574719756,0.004387297574719756
LRMC-SoftImpute,30,21,75,LRMC_SoftImpute_completed_p30_rep21_seed75.csv,terminal:Cercopithecus_mitis_KJ434956,terminal,1,0.0331901409,0.021351987721623156,-0.011838153178376842,0.011838153178376842
LRMC-SoftImpute,30,21,75,LRMC_SoftImpute_completed_p30_rep21_seed75.csv,terminal:Cercopithecus_lhoesti_KJ434957,terminal,1,0.096446469,0.04789799773594765,-0.04854847126405236,0.04854847126405236
LRMC-SoftImpute,30,21,75,LRMC_SoftImpute_completed_p30_rep21_seed75.csv,internal:Cercopithecus_diana_KJ434958|Cercopithecus_neglectus_MW160353,internal,2,0.0175917107,0.0,-0.0175917107,0.0175917107
LRMC-SoftImpute,30,21,75,LRMC_SoftImpute_completed_p30_rep21_seed75.csv,terminal:Cercopithecus_diana_KJ434958,terminal,1,0.1093319625,0.05750454130520797,-0.051827421194792035,0.051827421194792035
LRMC-SoftImpute,30,21,75,LRMC_SoftImpute_completed_p30_rep21_seed75.csv,terminal:Cercopithecus_neglectus_MW160353,terminal,1,0.1017112524,0.04757690792897831,-0.05413434447102168,0.05413434447102168
LRMC-SoftImpute,30,22,76,LRMC_SoftImpute_completed_p30_rep22_seed76.csv,terminal:Allenopithecus_nigroviridis_KJ434962,terminal,1,0.1474140195,0.07215700110158815,-0.07525701839841184,0.07525701839841184
LRMC-SoftImpute,30,22,76,LRMC_SoftImpute_completed_p30_rep22_seed76.csv,internal:Cercocebus_atys_KT159932|Cercocebus_chrysogaster_KC757390|Cercocebus_torquatus_KJ434959,internal,3,0.1544494817,0.04169916101269827,-0.11275032068730173,0.11275032068730173
LRMC-SoftImpute,30,22,76,LRMC_SoftImpute_completed_p30_rep22_seed76.csv,internal:Cercocebus_atys_KT159932|Cercocebus_torquatus_KJ434959,internal,2,0.0094381611,0.014746697324432944,0.005308536224432944,0.005308536224432944
LRMC-SoftImpute,30,22,76,LRMC_SoftImpute_completed_p30_rep22_seed76.csv,terminal:Cercocebus_atys_KT159932,terminal,1,0.0508580169,0.02189447781374458,-0.028963539086255416,0.028963539086255416
LRMC-SoftImpute,30,22,76,LRMC_SoftImpute_completed_p30_rep22_seed76.csv,terminal:Cercocebus_torquatus_KJ434959,terminal,1,0.0562685839,0.025484922836173686,-0.030783661063826316,0.030783661063826316
LRMC-SoftImpute,30,22,76,LRMC_SoftImpute_completed_p30_rep22_seed76.csv,terminal:Cercocebus_chrysogaster_KC757390,terminal,1,0.0511259412,0.038434670900546815,-0.012691270299453182,0.012691270299453182
LRMC-SoftImpute,30,22,76,LRMC_SoftImpute_completed_p30_rep22_seed76.csv,internal:Allenopithecus_nigroviridis_KJ434962|Cercocebus_atys_KT159932|Cercocebus_chrysogaster_KC757390|Cercocebus_torquatus_KJ434959,internal,4,0.0346917556,0.005008558481436998,-0.029683197118563,0.029683197118563
LRMC-SoftImpute,30,22,76,LRMC_SoftImpute_completed_p30_rep22_seed76.csv,internal:Cercopithecus_aethiops_AY863426|Chlorocebus_aethiops_C1_KU682691|Chlorocebus_aethiops_MN816163|Chlorocebus_cynosuros_C3_KU682693|Chlorocebus_cynosuros_KM262190|Chlorocebus_djamdjamensis_C5_KU682695,internal,6,0.0834758403,0.035230707373087373,-0.04824513292691263,0.04824513292691263
LRMC-SoftImpute,30,22,76,LRMC_SoftImpute_completed_p30_rep22_seed76.csv,internal:Cercopithecus_aethiops_AY863426|Chlorocebus_aethiops_C1_KU682691|Chlorocebus_aethiops_MN816163|Chlorocebus_cynosuros_C3_KU682693|Chlorocebus_cynosuros_KM262190,internal,5,0.012780756,0.0,-0.012780756,0.012780756
LRMC-SoftImpute,30,22,76,LRMC_SoftImpute_completed_p30_rep22_seed76.csv,internal:Cercopithecus_aethiops_AY863426|Chlorocebus_aethiops_C1_KU682691|Chlorocebus_aethiops_MN816163,internal,3,0.0048654608,0.011359528006811224,0.0064940672068112245,0.0064940672068112245
LRMC-SoftImpute,30,22,76,LRMC_SoftImpute_completed_p30_rep22_seed76.csv,terminal:Cercopithecus_aethiops_AY863426,terminal,1,0.0221835236,0.012160950972138209,-0.010022572627861792,0.010022572627861792
LRMC-SoftImpute,30,22,76,LRMC_SoftImpute_completed_p30_rep22_seed76.csv,internal:Chlorocebus_aethiops_C1_KU682691|Chlorocebus_aethiops_MN816163,internal,2,0.0120854426,0.0014555045359403332,-0.010629938064059666,0.010629938064059666
LRMC-SoftImpute,30,22,76,LRMC_SoftImpute_completed_p30_rep22_seed76.csv,terminal:Chlorocebus_aethiops_C1_KU682691,terminal,1,0.0080961876,0.0019335140354843194,-0.006162673564515681,0.006162673564515681
LRMC-SoftImpute,30,22,76,LRMC_SoftImpute_completed_p30_rep22_seed76.csv,terminal:Chlorocebus_aethiops_MN816163,terminal,1,0.0104642592,0.014238828207894093,0.0037745690078940936,0.0037745690078940936
LRMC-SoftImpute,30,22,76,LRMC_SoftImpute_completed_p30_rep22_seed76.csv,internal:Chlorocebus_cynosuros_C3_KU682693|Chlorocebus_cynosuros_KM262190,internal,2,0.0017398823,0.0,-0.0017398823,0.0017398823
LRMC-SoftImpute,30,22,76,LRMC_SoftImpute_completed_p30_rep22_seed76.csv,terminal:Chlorocebus_cynosuros_C3_KU682693,terminal,1,0.0241962287,0.014466897523439057,-0.009729331176560942,0.009729331176560942
LRMC-SoftImpute,30,22,76,LRMC_SoftImpute_completed_p30_rep22_seed76.csv,terminal:Chlorocebus_cynosuros_KM262190,terminal,1,0.0250691331,0.019077165656927235,-0.005991967443072767,0.005991967443072767
LRMC-SoftImpute,30,22,76,LRMC_SoftImpute_completed_p30_rep22_seed76.csv,terminal:Chlorocebus_djamdjamensis_C5_KU682695,terminal,1,0.0319881948,0.026830446453725,-0.005157748346275002,0.005157748346275002
LRMC-SoftImpute,30,22,76,LRMC_SoftImpute_completed_p30_rep22_seed76.csv,internal:Cercopithecus_albogularis_KC757391|Cercopithecus_diana_KJ434958|Cercopithecus_lhoesti_KJ434957|Cercopithecus_mitis_KJ434956|Cercopithecus_neglectus_MW160353,internal,5,0.0020104988,0.0,-0.0020104988,0.0020104988
LRMC-SoftImpute,30,22,76,LRMC_SoftImpute_completed_p30_rep22_seed76.csv,internal:Cercopithecus_albogularis_KC757391|Cercopithecus_lhoesti_KJ434957|Cercopithecus_mitis_KJ434956,internal,3,0.0167387771,0.0,-0.0167387771,0.0167387771
LRMC-SoftImpute,30,22,76,LRMC_SoftImpute_completed_p30_rep22_seed76.csv,internal:Cercopithecus_albogularis_KC757391|Cercopithecus_mitis_KJ434956,internal,2,0.0593605632,0.02109258245062121,-0.03826798074937879,0.03826798074937879
LRMC-SoftImpute,30,22,76,LRMC_SoftImpute_completed_p30_rep22_seed76.csv,terminal:Cercopithecus_albogularis_KC757391,terminal,1,0.0366651729,0.029829050762918873,-0.006836122137081128,0.006836122137081128
LRMC-SoftImpute,30,22,76,LRMC_SoftImpute_completed_p30_rep22_seed76.csv,terminal:Cercopithecus_mitis_KJ434956,terminal,1,0.0331901409,0.023800812283984518,-0.00938932861601548,0.00938932861601548
LRMC-SoftImpute,30,22,76,LRMC_SoftImpute_completed_p30_rep22_seed76.csv,terminal:Cercopithecus_lhoesti_KJ434957,terminal,1,0.096446469,0.058951672696471724,-0.03749479630352828,0.03749479630352828
LRMC-SoftImpute,30,22,76,LRMC_SoftImpute_completed_p30_rep22_seed76.csv,internal:Cercopithecus_diana_KJ434958|Cercopithecus_neglectus_MW160353,internal,2,0.0175917107,0.0,-0.0175917107,0.0175917107
LRMC-SoftImpute,30,22,76,LRMC_SoftImpute_completed_p30_rep22_seed76.csv,terminal:Cercopithecus_diana_KJ434958,terminal,1,0.1093319625,0.049242311740215525,-0.06008965075978448,0.06008965075978448
LRMC-SoftImpute,30,22,76,LRMC_SoftImpute_completed_p30_rep22_seed76.csv,terminal:Cercopithecus_neglectus_MW160353,terminal,1,0.1017112524,0.052429796416218075,-0.04928145598378192,0.04928145598378192
LRMC-SoftImpute,30,23,77,LRMC_SoftImpute_completed_p30_rep23_seed77.csv,terminal:Allenopithecus_nigroviridis_KJ434962,terminal,1,0.1474140195,0.07946264310417,-0.06795137639582999,0.06795137639582999
LRMC-SoftImpute,30,23,77,LRMC_SoftImpute_completed_p30_rep23_seed77.csv,internal:Cercocebus_atys_KT159932|Cercocebus_chrysogaster_KC757390|Cercocebus_torquatus_KJ434959,internal,3,0.1544494817,0.041682451964926995,-0.11276702973507301,0.11276702973507301
LRMC-SoftImpute,30,23,77,LRMC_SoftImpute_completed_p30_rep23_seed77.csv,internal:Cercocebus_atys_KT159932|Cercocebus_torquatus_KJ434959,internal,2,0.0094381611,0.0,-0.0094381611,0.0094381611
LRMC-SoftImpute,30,23,77,LRMC_SoftImpute_completed_p30_rep23_seed77.csv,terminal:Cercocebus_atys_KT159932,terminal,1,0.0508580169,0.03680880439861337,-0.014049212501386625,0.014049212501386625
LRMC-SoftImpute,30,23,77,LRMC_SoftImpute_completed_p30_rep23_seed77.csv,terminal:Cercocebus_torquatus_KJ434959,terminal,1,0.0562685839,0.03221369477909422,-0.02405488912090578,0.02405488912090578
LRMC-SoftImpute,30,23,77,LRMC_SoftImpute_completed_p30_rep23_seed77.csv,terminal:Cercocebus_chrysogaster_KC757390,terminal,1,0.0511259412,0.024418168157191472,-0.026707773042808525,0.026707773042808525
LRMC-SoftImpute,30,23,77,LRMC_SoftImpute_completed_p30_rep23_seed77.csv,internal:Allenopithecus_nigroviridis_KJ434962|Cercocebus_atys_KT159932|Cercocebus_chrysogaster_KC757390|Cercocebus_torquatus_KJ434959,internal,4,0.0346917556,0.005252960299157424,-0.029438795300842577,0.029438795300842577
LRMC-SoftImpute,30,23,77,LRMC_SoftImpute_completed_p30_rep23_seed77.csv,internal:Cercopithecus_aethiops_AY863426|Chlorocebus_aethiops_C1_KU682691|Chlorocebus_aethiops_MN816163|Chlorocebus_cynosuros_C3_KU682693|Chlorocebus_cynosuros_KM262190|Chlorocebus_djamdjamensis_C5_KU682695,internal,6,0.0834758403,0.0363014208304855,-0.047174419469514506,0.047174419469514506
LRMC-SoftImpute,30,23,77,LRMC_SoftImpute_completed_p30_rep23_seed77.csv,internal:Cercopithecus_aethiops_AY863426|Chlorocebus_aethiops_C1_KU682691|Chlorocebus_aethiops_MN816163|Chlorocebus_cynosuros_C3_KU682693|Chlorocebus_cynosuros_KM262190,internal,5,0.012780756,0.0,-0.012780756,0.012780756
LRMC-SoftImpute,30,23,77,LRMC_SoftImpute_completed_p30_rep23_seed77.csv,internal:Cercopithecus_aethiops_AY863426|Chlorocebus_aethiops_C1_KU682691|Chlorocebus_aethiops_MN816163,internal,3,0.0048654608,0.007257047857672066,0.0023915870576720665,0.0023915870576720665
LRMC-SoftImpute,30,23,77,LRMC_SoftImpute_completed_p30_rep23_seed77.csv,terminal:Cercopithecus_aethiops_AY863426,terminal,1,0.0221835236,0.02319703306267783,0.0010135094626778293,0.0010135094626778293
LRMC-SoftImpute,30,23,77,LRMC_SoftImpute_completed_p30_rep23_seed77.csv,internal:Chlorocebus_aethiops_C1_KU682691|Chlorocebus_aethiops_MN816163,internal,2,0.0120854426,0.0028755573191419524,-0.009209885280858046,0.009209885280858046
LRMC-SoftImpute,30,23,77,LRMC_SoftImpute_completed_p30_rep23_seed77.csv,terminal:Chlorocebus_aethiops_C1_KU682691,terminal,1,0.0080961876,0.005725739552958878,-0.0023704480470411226,0.0023704480470411226
LRMC-SoftImpute,30,23,77,LRMC_SoftImpute_completed_p30_rep23_seed77.csv,terminal:Chlorocebus_aethiops_MN816163,terminal,1,0.0104642592,0.010446602690419539,-1.7656509580460736e-05,1.7656509580460736e-05
LRMC-SoftImpute,30,23,77,LRMC_SoftImpute_completed_p30_rep23_seed77.csv,internal:Chlorocebus_cynosuros_C3_KU682693|Chlorocebus_cynosuros_KM262190,internal,2,0.0017398823,0.0,-0.0017398823,0.0017398823
LRMC-SoftImpute,30,23,77,LRMC_SoftImpute_completed_p30_rep23_seed77.csv,terminal:Chlorocebus_cynosuros_C3_KU682693,terminal,1,0.0241962287,0.011641239757043675,-0.012554988942956324,0.012554988942956324
LRMC-SoftImpute,30,23,77,LRMC_SoftImpute_completed_p30_rep23_seed77.csv,terminal:Chlorocebus_cynosuros_KM262190,terminal,1,0.0250691331,0.020408124219440268,-0.004661008880559734,0.004661008880559734
LRMC-SoftImpute,30,23,77,LRMC_SoftImpute_completed_p30_rep23_seed77.csv,terminal:Chlorocebus_djamdjamensis_C5_KU682695,terminal,1,0.0319881948,0.0270917238867627,-0.004896470913237302,0.004896470913237302
LRMC-SoftImpute,30,23,77,LRMC_SoftImpute_completed_p30_rep23_seed77.csv,internal:Cercopithecus_albogularis_KC757391|Cercopithecus_diana_KJ434958|Cercopithecus_lhoesti_KJ434957|Cercopithecus_mitis_KJ434956|Cercopithecus_neglectus_MW160353,internal,5,0.0020104988,0.0,-0.0020104988,0.0020104988
LRMC-SoftImpute,30,23,77,LRMC_SoftImpute_completed_p30_rep23_seed77.csv,internal:Cercopithecus_albogularis_KC757391|Cercopithecus_lhoesti_KJ434957|Cercopithecus_mitis_KJ434956,internal,3,0.0167387771,0.0,-0.0167387771,0.0167387771
LRMC-SoftImpute,30,23,77,LRMC_SoftImpute_completed_p30_rep23_seed77.csv,internal:Cercopithecus_albogularis_KC757391|Cercopithecus_mitis_KJ434956,internal,2,0.0593605632,0.016970427378017898,-0.0423901358219821,0.0423901358219821
LRMC-SoftImpute,30,23,77,LRMC_SoftImpute_completed_p30_rep23_seed77.csv,terminal:Cercopithecus_albogularis_KC757391,terminal,1,0.0366651729,0.03454203038587633,-0.0021231425141236687,0.0021231425141236687
LRMC-SoftImpute,30,23,77,LRMC_SoftImpute_completed_p30_rep23_seed77.csv,terminal:Cercopithecus_mitis_KJ434956,terminal,1,0.0331901409,0.03674158456867118,0.0035514436686711823,0.0035514436686711823
LRMC-SoftImpute,30,23,77,LRMC_SoftImpute_completed_p30_rep23_seed77.csv,terminal:Cercopithecus_lhoesti_KJ434957,terminal,1,0.096446469,0.045551340177047844,-0.05089512882295216,0.05089512882295216
LRMC-SoftImpute,30,23,77,LRMC_SoftImpute_completed_p30_rep23_seed77.csv,internal:Cercopithecus_diana_KJ434958|Cercopithecus_neglectus_MW160353,internal,2,0.0175917107,0.0,-0.0175917107,0.0175917107
LRMC-SoftImpute,30,23,77,LRMC_SoftImpute_completed_p30_rep23_seed77.csv,terminal:Cercopithecus_diana_KJ434958,terminal,1,0.1093319625,0.06265611512089948,-0.04667584737910052,0.04667584737910052
LRMC-SoftImpute,30,23,77,LRMC_SoftImpute_completed_p30_rep23_seed77.csv,terminal:Cercopithecus_neglectus_MW160353,terminal,1,0.1017112524,0.052700918217788106,-0.04901033418221189,0.04901033418221189
LRMC-SoftImpute,30,24,78,LRMC_SoftImpute_completed_p30_rep24_seed78.csv,terminal:Allenopithecus_nigroviridis_KJ434962,terminal,1,0.1474140195,0.05827146712633431,-0.08914255237366568,0.08914255237366568
LRMC-SoftImpute,30,24,78,LRMC_SoftImpute_completed_p30_rep24_seed78.csv,internal:Cercocebus_atys_KT159932|Cercocebus_chrysogaster_KC757390|Cercocebus_torquatus_KJ434959,internal,3,0.1544494817,0.06403415903398602,-0.09041532266601399,0.09041532266601399
LRMC-SoftImpute,30,24,78,LRMC_SoftImpute_completed_p30_rep24_seed78.csv,internal:Cercocebus_atys_KT159932|Cercocebus_torquatus_KJ434959,internal,2,0.0094381611,0.006749465010279819,-0.002688696089720181,0.002688696089720181
LRMC-SoftImpute,30,24,78,LRMC_SoftImpute_completed_p30_rep24_seed78.csv,terminal:Cercocebus_atys_KT159932,terminal,1,0.0508580169,0.012109274381440605,-0.03874874251855939,0.03874874251855939
LRMC-SoftImpute,30,24,78,LRMC_SoftImpute_completed_p30_rep24_seed78.csv,terminal:Cercocebus_torquatus_KJ434959,terminal,1,0.0562685839,0.009332918007961688,-0.04693566589203831,0.04693566589203831
LRMC-SoftImpute,30,24,78,LRMC_SoftImpute_completed_p30_rep24_seed78.csv,terminal:Cercocebus_chrysogaster_KC757390,terminal,1,0.0511259412,0.028753356476432543,-0.022372584723567453,0.022372584723567453
LRMC-SoftImpute,30,24,78,LRMC_SoftImpute_completed_p30_rep24_seed78.csv,internal:Allenopithecus_nigroviridis_KJ434962|Cercocebus_atys_KT159932|Cercocebus_chrysogaster_KC757390|Cercocebus_torquatus_KJ434959,internal,4,0.0346917556,0.0,-0.0346917556,0.0346917556
LRMC-SoftImpute,30,24,78,LRMC_SoftImpute_completed_p30_rep24_seed78.csv,internal:Cercopithecus_aethiops_AY863426|Chlorocebus_aethiops_C1_KU682691|Chlorocebus_aethiops_MN816163|Chlorocebus_cynosuros_C3_KU682693|Chlorocebus_cynosuros_KM262190|Chlorocebus_djamdjamensis_C5_KU682695,internal,6,0.0834758403,0.035654539637026736,-0.04782130066297327,0.04782130066297327
LRMC-SoftImpute,30,24,78,LRMC_SoftImpute_completed_p30_rep24_seed78.csv,internal:Cercopithecus_aethiops_AY863426|Chlorocebus_aethiops_C1_KU682691|Chlorocebus_aethiops_MN816163|Chlorocebus_cynosuros_C3_KU682693|Chlorocebus_cynosuros_KM262190,internal,5,0.012780756,0.004213572251504411,-0.008567183748495591,0.008567183748495591
LRMC-SoftImpute,30,24,78,LRMC_SoftImpute_completed_p30_rep24_seed78.csv,internal:Cercopithecus_aethiops_AY863426|Chlorocebus_aethiops_C1_KU682691|Chlorocebus_aethiops_MN816163,internal,3,0.0048654608,0.007371086352105398,0.002505625552105398,0.002505625552105398
LRMC-SoftImpute,30,24,78,LRMC_SoftImpute_completed_p30_rep24_seed78.csv,terminal:Cercopithecus_aethiops_AY863426,terminal,1,0.0221835236,0.014692944276718679,-0.0074905793232813225,0.0074905793232813225
LRMC-SoftImpute,30,24,78,LRMC_SoftImpute_completed_p30_rep24_seed78.csv,internal:Chlorocebus_aethiops_C1_KU682691|Chlorocebus_aethiops_MN816163,internal,2,0.0120854426,0.00790311704581473,-0.0041823255541852695,0.0041823255541852695
LRMC-SoftImpute,30,24,78,LRMC_SoftImpute_completed_p30_rep24_seed78.csv,terminal:Chlorocebus_aethiops_C1_KU682691,terminal,1,0.0080961876,0.0044691613836502185,-0.003627026216349782,0.003627026216349782
LRMC-SoftImpute,30,24,78,LRMC_SoftImpute_completed_p30_rep24_seed78.csv,terminal:Chlorocebus_aethiops_MN816163,terminal,1,0.0104642592,0.011703180859728156,0.0012389216597281563,0.0012389216597281563
LRMC-SoftImpute,30,24,78,LRMC_SoftImpute_completed_p30_rep24_seed78.csv,internal:Chlorocebus_cynosuros_C3_KU682693|Chlorocebus_cynosuros_KM262190,internal,2,0.0017398823,0.0,-0.0017398823,0.0017398823
LRMC-SoftImpute,30,24,78,LRMC_SoftImpute_completed_p30_rep24_seed78.csv,terminal:Chlorocebus_cynosuros_C3_KU682693,terminal,1,0.0241962287,0.01324995810321159,-0.01094627059678841,0.01094627059678841
LRMC-SoftImpute,30,24,78,LRMC_SoftImpute_completed_p30_rep24_seed78.csv,terminal:Chlorocebus_cynosuros_KM262190,terminal,1,0.0250691331,0.01810739795485585,-0.00696173514514415,0.00696173514514415
LRMC-SoftImpute,30,24,78,LRMC_SoftImpute_completed_p30_rep24_seed78.csv,terminal:Chlorocebus_djamdjamensis_C5_KU682695,terminal,1,0.0319881948,0.027982338836461264,-0.0040058559635387375,0.0040058559635387375
LRMC-SoftImpute,30,24,78,LRMC_SoftImpute_completed_p30_rep24_seed78.csv,internal:Cercopithecus_albogularis_KC757391|Cercopithecus_diana_KJ434958|Cercopithecus_lhoesti_KJ434957|Cercopithecus_mitis_KJ434956|Cercopithecus_neglectus_MW160353,internal,5,0.0020104988,0.0,-0.0020104988,0.0020104988
LRMC-SoftImpute,30,24,78,LRMC_SoftImpute_completed_p30_rep24_seed78.csv,internal:Cercopithecus_albogularis_KC757391|Cercopithecus_lhoesti_KJ434957|Cercopithecus_mitis_KJ434956,internal,3,0.0167387771,0.000514086468511319,-0.01622469063148868,0.01622469063148868
LRMC-SoftImpute,30,24,78,LRMC_SoftImpute_completed_p30_rep24_seed78.csv,internal:Cercopithecus_albogularis_KC757391|Cercopithecus_mitis_KJ434956,internal,2,0.0593605632,0.03518024968127945,-0.024180313518720548,0.024180313518720548
LRMC-SoftImpute,30,24,78,LRMC_SoftImpute_completed_p30_rep24_seed78.csv,terminal:Cercopithecus_albogularis_KC757391,terminal,1,0.0366651729,0.018406433610617237,-0.018258739289382764,0.018258739289382764
LRMC-SoftImpute,30,24,78,LRMC_SoftImpute_completed_p30_rep24_seed78.csv,terminal:Cercopithecus_mitis_KJ434956,terminal,1,0.0331901409,0.020785844838330857,-0.01240429606166914,0.01240429606166914
LRMC-SoftImpute,30,24,78,LRMC_SoftImpute_completed_p30_rep24_seed78.csv,terminal:Cercopithecus_lhoesti_KJ434957,terminal,1,0.096446469,0.05646274265415495,-0.03998372634584506,0.03998372634584506
LRMC-SoftImpute,30,24,78,LRMC_SoftImpute_completed_p30_rep24_seed78.csv,internal:Cercopithecus_diana_KJ434958|Cercopithecus_neglectus_MW160353,internal,2,0.0175917107,0.04436240927876249,0.026770698578762492,0.026770698578762492
LRMC-SoftImpute,30,24,78,LRMC_SoftImpute_completed_p30_rep24_seed78.csv,terminal:Cercopithecus_diana_KJ434958,terminal,1,0.1093319625,0.010932174136293363,-0.09839978836370664,0.09839978836370664
LRMC-SoftImpute,30,24,78,LRMC_SoftImpute_completed_p30_rep24_seed78.csv,terminal:Cercopithecus_neglectus_MW160353,terminal,1,0.1017112524,0.009601391409163043,-0.09210986099083696,0.09210986099083696
LRMC-SoftImpute,30,25,79,LRMC_SoftImpute_completed_p30_rep25_seed79.csv,terminal:Allenopithecus_nigroviridis_KJ434962,terminal,1,0.1474140195,0.05086170686258216,-0.09655231263741784,0.09655231263741784
LRMC-SoftImpute,30,25,79,LRMC_SoftImpute_completed_p30_rep25_seed79.csv,internal:Cercocebus_atys_KT159932|Cercocebus_chrysogaster_KC757390|Cercocebus_torquatus_KJ434959,internal,3,0.1544494817,0.043309270685883604,-0.11114021101411639,0.11114021101411639
LRMC-SoftImpute,30,25,79,LRMC_SoftImpute_completed_p30_rep25_seed79.csv,internal:Cercocebus_atys_KT159932|Cercocebus_torquatus_KJ434959,internal,2,0.0094381611,0.0,-0.0094381611,0.0094381611
LRMC-SoftImpute,30,25,79,LRMC_SoftImpute_completed_p30_rep25_seed79.csv,terminal:Cercocebus_atys_KT159932,terminal,1,0.0508580169,0.03971614302850652,-0.011141873871493478,0.011141873871493478
LRMC-SoftImpute,30,25,79,LRMC_SoftImpute_completed_p30_rep25_seed79.csv,terminal:Cercocebus_torquatus_KJ434959,terminal,1,0.0562685839,0.03853072948470046,-0.017737854415299542,0.017737854415299542
LRMC-SoftImpute,30,25,79,LRMC_SoftImpute_completed_p30_rep25_seed79.csv,terminal:Cercocebus_chrysogaster_KC757390,terminal,1,0.0511259412,0.045503050069298064,-0.005622891130701933,0.005622891130701933
LRMC-SoftImpute,30,25,79,LRMC_SoftImpute_completed_p30_rep25_seed79.csv,internal:Allenopithecus_nigroviridis_KJ434962|Cercocebus_atys_KT159932|Cercocebus_chrysogaster_KC757390|Cercocebus_torquatus_KJ434959,internal,4,0.0346917556,0.0,-0.0346917556,0.0346917556
LRMC-SoftImpute,30,25,79,LRMC_SoftImpute_completed_p30_rep25_seed79.csv,internal:Cercopithecus_aethiops_AY863426|Chlorocebus_aethiops_C1_KU682691|Chlorocebus_aethiops_MN816163|Chlorocebus_cynosuros_C3_KU682693|Chlorocebus_cynosuros_KM262190|Chlorocebus_djamdjamensis_C5_KU682695,internal,6,0.0834758403,0.029319110576447746,-0.05415672972355226,0.05415672972355226
LRMC-SoftImpute,30,25,79,LRMC_SoftImpute_completed_p30_rep25_seed79.csv,internal:Cercopithecus_aethiops_AY863426|Chlorocebus_aethiops_C1_KU682691|Chlorocebus_aethiops_MN816163|Chlorocebus_cynosuros_C3_KU682693|Chlorocebus_cynosuros_KM262190,internal,5,0.012780756,0.010739658703450526,-0.0020410972965494746,0.0020410972965494746
LRMC-SoftImpute,30,25,79,LRMC_SoftImpute_completed_p30_rep25_seed79.csv,internal:Cercopithecus_aethiops_AY863426|Chlorocebus_aethiops_C1_KU682691|Chlorocebus_aethiops_MN816163,internal,3,0.0048654608,0.0,-0.0048654608,0.0048654608
LRMC-SoftImpute,30,25,79,LRMC_SoftImpute_completed_p30_rep25_seed79.csv,terminal:Cercopithecus_aethiops_AY863426,terminal,1,0.0221835236,0.007453811267943604,-0.014729712332056397,0.014729712332056397
LRMC-SoftImpute,30,25,79,LRMC_SoftImpute_completed_p30_rep25_seed79.csv,internal:Chlorocebus_aethiops_C1_KU682691|Chlorocebus_aethiops_MN816163,internal,2,0.0120854426,0.0,-0.0120854426,0.0120854426
LRMC-SoftImpute,30,25,79,LRMC_SoftImpute_completed_p30_rep25_seed79.csv,terminal:Chlorocebus_aethiops_C1_KU682691,terminal,1,0.0080961876,0.02258753223237766,0.014491344632377659,0.014491344632377659
LRMC-SoftImpute,30,25,79,LRMC_SoftImpute_completed_p30_rep25_seed79.csv,terminal:Chlorocebus_aethiops_MN816163,terminal,1,0.0104642592,0.018161857860646623,0.007697598660646624,0.007697598660646624
LRMC-SoftImpute,30,25,79,LRMC_SoftImpute_completed_p30_rep25_seed79.csv,internal:Chlorocebus_cynosuros_C3_KU682693|Chlorocebus_cynosuros_KM262190,internal,2,0.0017398823,0.0020483843627236817,0.0003085020627236817,0.0003085020627236817
LRMC-SoftImpute,30,25,79,LRMC_SoftImpute_completed_p30_rep25_seed79.csv,terminal:Chlorocebus_cynosuros_C3_KU682693,terminal,1,0.0241962287,0.02119151880845394,-0.0030047098915460604,0.0030047098915460604
LRMC-SoftImpute,30,25,79,LRMC_SoftImpute_completed_p30_rep25_seed79.csv,terminal:Chlorocebus_cynosuros_KM262190,terminal,1,0.0250691331,0.017300764288145642,-0.007768368811854359,0.007768368811854359
LRMC-SoftImpute,30,25,79,LRMC_SoftImpute_completed_p30_rep25_seed79.csv,terminal:Chlorocebus_djamdjamensis_C5_KU682695,terminal,1,0.0319881948,0.017777263523256353,-0.014210931276743648,0.014210931276743648
LRMC-SoftImpute,30,25,79,LRMC_SoftImpute_completed_p30_rep25_seed79.csv,internal:Cercopithecus_albogularis_KC757391|Cercopithecus_diana_KJ434958|Cercopithecus_lhoesti_KJ434957|Cercopithecus_mitis_KJ434956|Cercopithecus_neglectus_MW160353,internal,5,0.0020104988,0.0,-0.0020104988,0.0020104988
LRMC-SoftImpute,30,25,79,LRMC_SoftImpute_completed_p30_rep25_seed79.csv,internal:Cercopithecus_albogularis_KC757391|Cercopithecus_lhoesti_KJ434957|Cercopithecus_mitis_KJ434956,internal,3,0.0167387771,0.004602186849417603,-0.012136590250582398,0.012136590250582398
LRMC-SoftImpute,30,25,79,LRMC_SoftImpute_completed_p30_rep25_seed79.csv,internal:Cercopithecus_albogularis_KC757391|Cercopithecus_mitis_KJ434956,internal,2,0.0593605632,0.0,-0.0593605632,0.0593605632
LRMC-SoftImpute,30,25,79,LRMC_SoftImpute_completed_p30_rep25_seed79.csv,terminal:Cercopithecus_albogularis_KC757391,terminal,1,0.0366651729,0.028550587799698494,-0.008114585100301507,0.008114585100301507
LRMC-SoftImpute,30,25,79,LRMC_SoftImpute_completed_p30_rep25_seed79.csv,terminal:Cercopithecus_mitis_KJ434956,terminal,1,0.0331901409,0.04856169883010924,0.01537155793010924,0.01537155793010924
LRMC-SoftImpute,30,25,79,LRMC_SoftImpute_completed_p30_rep25_seed79.csv,terminal:Cercopithecus_lhoesti_KJ434957,terminal,1,0.096446469,0.052320051920380764,-0.04412641707961924,0.04412641707961924
LRMC-SoftImpute,30,25,79,LRMC_SoftImpute_completed_p30_rep25_seed79.csv,internal:Cercopithecus_diana_KJ434958|Cercopithecus_neglectus_MW160353,internal,2,0.0175917107,0.050821727119036354,0.033230016419036355,0.033230016419036355
LRMC-SoftImpute,30,25,79,LRMC_SoftImpute_completed_p30_rep25_seed79.csv,terminal:Cercopithecus_diana_KJ434958,terminal,1,0.1093319625,0.007404028639903687,-0.10192793386009631,0.10192793386009631
LRMC-SoftImpute,30,25,79,LRMC_SoftImpute_completed_p30_rep25_seed79.csv,terminal:Cercopithecus_neglectus_MW160353,terminal,1,0.1017112524,0.01253345348651949,-0.0891777989134805,0.0891777989134805
LRMC-SoftImpute,30,26,80,LRMC_SoftImpute_completed_p30_rep26_seed80.csv,terminal:Allenopithecus_nigroviridis_KJ434962,terminal,1,0.1474140195,0.061124828824428226,-0.08628919067557177,0.08628919067557177
LRMC-SoftImpute,30,26,80,LRMC_SoftImpute_completed_p30_rep26_seed80.csv,internal:Cercocebus_atys_KT159932|Cercocebus_chrysogaster_KC757390|Cercocebus_torquatus_KJ434959,internal,3,0.1544494817,0.02535934710137495,-0.12909013459862506,0.12909013459862506
LRMC-SoftImpute,30,26,80,LRMC_SoftImpute_completed_p30_rep26_seed80.csv,internal:Cercocebus_atys_KT159932|Cercocebus_torquatus_KJ434959,internal,2,0.0094381611,0.0,-0.0094381611,0.0094381611
LRMC-SoftImpute,30,26,80,LRMC_SoftImpute_completed_p30_rep26_seed80.csv,terminal:Cercocebus_atys_KT159932,terminal,1,0.0508580169,0.03684792257740184,-0.014010094322598157,0.014010094322598157
LRMC-SoftImpute,30,26,80,LRMC_SoftImpute_completed_p30_rep26_seed80.csv,terminal:Cercocebus_torquatus_KJ434959,terminal,1,0.0562685839,0.0328536848937934,-0.0234148990062066,0.0234148990062066
LRMC-SoftImpute,30,26,80,LRMC_SoftImpute_completed_p30_rep26_seed80.csv,terminal:Cercocebus_chrysogaster_KC757390,terminal,1,0.0511259412,0.03794739406004289,-0.013178547139957107,0.013178547139957107
LRMC-SoftImpute,30,26,80,LRMC_SoftImpute_completed_p30_rep26_seed80.csv,internal:Allenopithecus_nigroviridis_KJ434962|Cercocebus_atys_KT159932|Cercocebus_chrysogaster_KC757390|Cercocebus_torquatus_KJ434959,internal,4,0.0346917556,0.008792991195397361,-0.025898764404602637,0.025898764404602637
LRMC-SoftImpute,30,26,80,LRMC_SoftImpute_completed_p30_rep26_seed80.csv,internal:Cercopithecus_aethiops_AY863426|Chlorocebus_aethiops_C1_KU682691|Chlorocebus_aethiops_MN816163|Chlorocebus_cynosuros_C3_KU682693|Chlorocebus_cynosuros_KM262190|Chlorocebus_djamdjamensis_C5_KU682695,internal,6,0.0834758403,0.04111496187158882,-0.042360878428411186,0.042360878428411186
LRMC-SoftImpute,30,26,80,LRMC_SoftImpute_completed_p30_rep26_seed80.csv,internal:Cercopithecus_aethiops_AY863426|Chlorocebus_aethiops_C1_KU682691|Chlorocebus_aethiops_MN816163|Chlorocebus_cynosuros_C3_KU682693|Chlorocebus_cynosuros_KM262190,internal,5,0.012780756,0.012382555102290057,-0.00039820089770994417,0.00039820089770994417
LRMC-SoftImpute,30,26,80,LRMC_SoftImpute_completed_p30_rep26_seed80.csv,internal:Cercopithecus_aethiops_AY863426|Chlorocebus_aethiops_C1_KU682691|Chlorocebus_aethiops_MN816163,internal,3,0.0048654608,0.0,-0.0048654608,0.0048654608
LRMC-SoftImpute,30,26,80,LRMC_SoftImpute_completed_p30_rep26_seed80.csv,terminal:Cercopithecus_aethiops_AY863426,terminal,1,0.0221835236,0.016548932362402465,-0.005634591237597537,0.005634591237597537
LRMC-SoftImpute,30,26,80,LRMC_SoftImpute_completed_p30_rep26_seed80.csv,internal:Chlorocebus_aethiops_C1_KU682691|Chlorocebus_aethiops_MN816163,internal,2,0.0120854426,0.008810675299122233,-0.0032747673008777668,0.0032747673008777668
LRMC-SoftImpute,30,26,80,LRMC_SoftImpute_completed_p30_rep26_seed80.csv,terminal:Chlorocebus_aethiops_C1_KU682691,terminal,1,0.0080961876,0.005902109037051751,-0.002194078562948249,0.002194078562948249
LRMC-SoftImpute,30,26,80,LRMC_SoftImpute_completed_p30_rep26_seed80.csv,terminal:Chlorocebus_aethiops_MN816163,terminal,1,0.0104642592,0.005971189707166318,-0.0044930694928336816,0.0044930694928336816
LRMC-SoftImpute,30,26,80,LRMC_SoftImpute_completed_p30_rep26_seed80.csv,internal:Chlorocebus_cynosuros_C3_KU682693|Chlorocebus_cynosuros_KM262190,internal,2,0.0017398823,0.0,-0.0017398823,0.0017398823
LRMC-SoftImpute,30,26,80,LRMC_SoftImpute_completed_p30_rep26_seed80.csv,terminal:Chlorocebus_cynosuros_C3_KU682693,terminal,1,0.0241962287,0.01574887496271775,-0.00844735373728225,0.00844735373728225
LRMC-SoftImpute,30,26,80,LRMC_SoftImpute_completed_p30_rep26_seed80.csv,terminal:Chlorocebus_cynosuros_KM262190,terminal,1,0.0250691331,0.01876637596647591,-0.00630275713352409,0.00630275713352409
LRMC-SoftImpute,30,26,80,LRMC_SoftImpute_completed_p30_rep26_seed80.csv,terminal:Chlorocebus_djamdjamensis_C5_KU682695,terminal,1,0.0319881948,0.015571966396456761,-0.01641622840354324,0.01641622840354324
LRMC-SoftImpute,30,26,80,LRMC_SoftImpute_completed_p30_rep26_seed80.csv,internal:Cercopithecus_albogularis_KC757391|Cercopithecus_diana_KJ434958|Cercopithecus_lhoesti_KJ434957|Cercopithecus_mitis_KJ434956|Cercopithecus_neglectus_MW160353,internal,5,0.0020104988,0.0,-0.0020104988,0.0020104988
LRMC-SoftImpute,30,26,80,LRMC_SoftImpute_completed_p30_rep26_seed80.csv,internal:Cercopithecus_albogularis_KC757391|Cercopithecus_lhoesti_KJ434957|Cercopithecus_mitis_KJ434956,internal,3,0.0167387771,0.0,-0.0167387771,0.0167387771
LRMC-SoftImpute,30,26,80,LRMC_SoftImpute_completed_p30_rep26_seed80.csv,internal:Cercopithecus_albogularis_KC757391|Cercopithecus_mitis_KJ434956,internal,2,0.0593605632,0.01442303742505477,-0.04493752577494523,0.04493752577494523
LRMC-SoftImpute,30,26,80,LRMC_SoftImpute_completed_p30_rep26_seed80.csv,terminal:Cercopithecus_albogularis_KC757391,terminal,1,0.0366651729,0.024757964332144906,-0.011907208567855095,0.011907208567855095
LRMC-SoftImpute,30,26,80,LRMC_SoftImpute_completed_p30_rep26_seed80.csv,terminal:Cercopithecus_mitis_KJ434956,terminal,1,0.0331901409,0.0422289334470421,0.009038792547042103,0.009038792547042103
LRMC-SoftImpute,30,26,80,LRMC_SoftImpute_completed_p30_rep26_seed80.csv,terminal:Cercopithecus_lhoesti_KJ434957,terminal,1,0.096446469,0.05980028357476242,-0.036646185425237586,0.036646185425237586
LRMC-SoftImpute,30,26,80,LRMC_SoftImpute_completed_p30_rep26_seed80.csv,internal:Cercopithecus_diana_KJ434958|Cercopithecus_neglectus_MW160353,internal,2,0.0175917107,0.0,-0.0175917107,0.0175917107
LRMC-SoftImpute,30,26,80,LRMC_SoftImpute_completed_p30_rep26_seed80.csv,terminal:Cercopithecus_diana_KJ434958,terminal,1,0.1093319625,0.05716262888988269,-0.052169333610117316,0.052169333610117316
LRMC-SoftImpute,30,26,80,LRMC_SoftImpute_completed_p30_rep26_seed80.csv,terminal:Cercopithecus_neglectus_MW160353,terminal,1,0.1017112524,0.04501496062854654,-0.05669629177145345,0.05669629177145345
LRMC-SoftImpute,30,27,81,LRMC_SoftImpute_completed_p30_rep27_seed81.csv,terminal:Allenopithecus_nigroviridis_KJ434962,terminal,1,0.1474140195,0.07869922982874644,-0.06871478967125355,0.06871478967125355
LRMC-SoftImpute,30,27,81,LRMC_SoftImpute_completed_p30_rep27_seed81.csv,internal:Cercocebus_atys_KT159932|Cercocebus_chrysogaster_KC757390|Cercocebus_torquatus_KJ434959,internal,3,0.1544494817,0.0035173248820518964,-0.1509321568179481,0.1509321568179481
LRMC-SoftImpute,30,27,81,LRMC_SoftImpute_completed_p30_rep27_seed81.csv,internal:Cercocebus_atys_KT159932|Cercocebus_torquatus_KJ434959,internal,2,0.0094381611,0.033247744143398976,0.023809583043398974,0.023809583043398974
LRMC-SoftImpute,30,27,81,LRMC_SoftImpute_completed_p30_rep27_seed81.csv,terminal:Cercocebus_atys_KT159932,terminal,1,0.0508580169,0.0363360568382276,-0.0145219600617724,0.0145219600617724
LRMC-SoftImpute,30,27,81,LRMC_SoftImpute_completed_p30_rep27_seed81.csv,terminal:Cercocebus_torquatus_KJ434959,terminal,1,0.0562685839,0.03759414043036106,-0.018674443469638945,0.018674443469638945
LRMC-SoftImpute,30,27,81,LRMC_SoftImpute_completed_p30_rep27_seed81.csv,terminal:Cercocebus_chrysogaster_KC757390,terminal,1,0.0511259412,0.031842145448238726,-0.01928379575176127,0.01928379575176127
LRMC-SoftImpute,30,27,81,LRMC_SoftImpute_completed_p30_rep27_seed81.csv,internal:Allenopithecus_nigroviridis_KJ434962|Cercocebus_atys_KT159932|Cercocebus_chrysogaster_KC757390|Cercocebus_torquatus_KJ434959,internal,4,0.0346917556,0.0,-0.0346917556,0.0346917556
LRMC-SoftImpute,30,27,81,LRMC_SoftImpute_completed_p30_rep27_seed81.csv,internal:Cercopithecus_aethiops_AY863426|Chlorocebus_aethiops_C1_KU682691|Chlorocebus_aethiops_MN816163|Chlorocebus_cynosuros_C3_KU682693|Chlorocebus_cynosuros_KM262190|Chlorocebus_djamdjamensis_C5_KU682695,internal,6,0.0834758403,0.016220595935773716,-0.0672552443642263,0.0672552443642263
LRMC-SoftImpute,30,27,81,LRMC_SoftImpute_completed_p30_rep27_seed81.csv,internal:Cercopithecus_aethiops_AY863426|Chlorocebus_aethiops_C1_KU682691|Chlorocebus_aethiops_MN816163|Chlorocebus_cynosuros_C3_KU682693|Chlorocebus_cynosuros_KM262190,internal,5,0.012780756,0.017478008184445757,0.004697252184445756,0.004697252184445756
LRMC-SoftImpute,30,27,81,LRMC_SoftImpute_completed_p30_rep27_seed81.csv,internal:Cercopithecus_aethiops_AY863426|Chlorocebus_aethiops_C1_KU682691|Chlorocebus_aethiops_MN816163,internal,3,0.0048654608,0.0,-0.0048654608,0.0048654608
LRMC-SoftImpute,30,27,81,LRMC_SoftImpute_completed_p30_rep27_seed81.csv,terminal:Cercopithecus_aethiops_AY863426,terminal,1,0.0221835236,0.014697331751226622,-0.007486191848773379,0.007486191848773379
LRMC-SoftImpute,30,27,81,LRMC_SoftImpute_completed_p30_rep27_seed81.csv,internal:Chlorocebus_aethiops_C1_KU682691|Chlorocebus_aethiops_MN816163,internal,2,0.0120854426,0.010394469624118385,-0.001690972975881614,0.001690972975881614
LRMC-SoftImpute,30,27,81,LRMC_SoftImpute_completed_p30_rep27_seed81.csv,terminal:Chlorocebus_aethiops_C1_KU682691,terminal,1,0.0080961876,0.008393484757237037,0.0002972971572370361,0.0002972971572370361
LRMC-SoftImpute,30,27,81,LRMC_SoftImpute_completed_p30_rep27_seed81.csv,terminal:Chlorocebus_aethiops_MN816163,terminal,1,0.0104642592,0.007778857486141375,-0.0026854017138586246,0.0026854017138586246
LRMC-SoftImpute,30,27,81,LRMC_SoftImpute_completed_p30_rep27_seed81.csv,internal:Chlorocebus_cynosuros_C3_KU682693|Chlorocebus_cynosuros_KM262190,internal,2,0.0017398823,0.0022800460436420587,0.0005401637436420587,0.0005401637436420587
LRMC-SoftImpute,30,27,81,LRMC_SoftImpute_completed_p30_rep27_seed81.csv,terminal:Chlorocebus_cynosuros_C3_KU682693,terminal,1,0.0241962287,0.02097835495936347,-0.003217873740636531,0.003217873740636531
LRMC-SoftImpute,30,27,81,LRMC_SoftImpute_completed_p30_rep27_seed81.csv,terminal:Chlorocebus_cynosuros_KM262190,terminal,1,0.0250691331,0.017513928137236134,-0.007555204962763868,0.007555204962763868
LRMC-SoftImpute,30,27,81,LRMC_SoftImpute_completed_p30_rep27_seed81.csv,terminal:Chlorocebus_djamdjamensis_C5_KU682695,terminal,1,0.0319881948,0.015199161068081918,-0.016789033731918084,0.016789033731918084
LRMC-SoftImpute,30,27,81,LRMC_SoftImpute_completed_p30_rep27_seed81.csv,internal:Cercopithecus_albogularis_KC757391|Cercopithecus_diana_KJ434958|Cercopithecus_lhoesti_KJ434957|Cercopithecus_mitis_KJ434956|Cercopithecus_neglectus_MW160353,internal,5,0.0020104988,0.00032736789418769547,-0.0016831309058123046,0.0016831309058123046
LRMC-SoftImpute,30,27,81,LRMC_SoftImpute_completed_p30_rep27_seed81.csv,internal:Cercopithecus_albogularis_KC757391|Cercopithecus_lhoesti_KJ434957|Cercopithecus_mitis_KJ434956,internal,3,0.0167387771,0.014261779970807699,-0.0024769971291923026,0.0024769971291923026
LRMC-SoftImpute,30,27,81,LRMC_SoftImpute_completed_p30_rep27_seed81.csv,internal:Cercopithecus_albogularis_KC757391|Cercopithecus_mitis_KJ434956,internal,2,0.0593605632,0.0189078862385292,-0.0404526769614708,0.0404526769614708
LRMC-SoftImpute,30,27,81,LRMC_SoftImpute_completed_p30_rep27_seed81.csv,terminal:Cercopithecus_albogularis_KC757391,terminal,1,0.0366651729,0.025641417407956155,-0.011023755492043846,0.011023755492043846
LRMC-SoftImpute,30,27,81,LRMC_SoftImpute_completed_p30_rep27_seed81.csv,terminal:Cercopithecus_mitis_KJ434956,terminal,1,0.0331901409,0.027988445638947226,-0.005201695261052772,0.005201695261052772
LRMC-SoftImpute,30,27,81,LRMC_SoftImpute_completed_p30_rep27_seed81.csv,terminal:Cercopithecus_lhoesti_KJ434957,terminal,1,0.096446469,0.044576645546618346,-0.05186982345338166,0.05186982345338166
LRMC-SoftImpute,30,27,81,LRMC_SoftImpute_completed_p30_rep27_seed81.csv,internal:Cercopithecus_diana_KJ434958|Cercopithecus_neglectus_MW160353,internal,2,0.0175917107,0.0038265692315057843,-0.013765141468494214,0.013765141468494214
LRMC-SoftImpute,30,27,81,LRMC_SoftImpute_completed_p30_rep27_seed81.csv,terminal:Cercopithecus_diana_KJ434958,terminal,1,0.1093319625,0.05299780635097696,-0.05633415614902305,0.05633415614902305
LRMC-SoftImpute,30,27,81,LRMC_SoftImpute_completed_p30_rep27_seed81.csv,terminal:Cercopithecus_neglectus_MW160353,terminal,1,0.1017112524,0.06674958252441772,-0.034961669875582274,0.034961669875582274
LRMC-SoftImpute,30,28,82,LRMC_SoftImpute_completed_p30_rep28_seed82.csv,terminal:Allenopithecus_nigroviridis_KJ434962,terminal,1,0.1474140195,0.06382980190402467,-0.08358421759597533,0.08358421759597533
LRMC-SoftImpute,30,28,82,LRMC_SoftImpute_completed_p30_rep28_seed82.csv,internal:Cercocebus_atys_KT159932|Cercocebus_chrysogaster_KC757390|Cercocebus_torquatus_KJ434959,internal,3,0.1544494817,0.025273044573561047,-0.12917643712643895,0.12917643712643895
LRMC-SoftImpute,30,28,82,LRMC_SoftImpute_completed_p30_rep28_seed82.csv,internal:Cercocebus_atys_KT159932|Cercocebus_torquatus_KJ434959,internal,2,0.0094381611,0.0,-0.0094381611,0.0094381611
LRMC-SoftImpute,30,28,82,LRMC_SoftImpute_completed_p30_rep28_seed82.csv,terminal:Cercocebus_atys_KT159932,terminal,1,0.0508580169,0.05681527690299789,0.0059572600029978925,0.0059572600029978925
LRMC-SoftImpute,30,28,82,LRMC_SoftImpute_completed_p30_rep28_seed82.csv,terminal:Cercocebus_torquatus_KJ434959,terminal,1,0.0562685839,0.04167086937256357,-0.014597714527436433,0.014597714527436433
LRMC-SoftImpute,30,28,82,LRMC_SoftImpute_completed_p30_rep28_seed82.csv,terminal:Cercocebus_chrysogaster_KC757390,terminal,1,0.0511259412,0.04044743923849439,-0.010678501961505604,0.010678501961505604
LRMC-SoftImpute,30,28,82,LRMC_SoftImpute_completed_p30_rep28_seed82.csv,internal:Allenopithecus_nigroviridis_KJ434962|Cercocebus_atys_KT159932|Cercocebus_chrysogaster_KC757390|Cercocebus_torquatus_KJ434959,internal,4,0.0346917556,0.0,-0.0346917556,0.0346917556
LRMC-SoftImpute,30,28,82,LRMC_SoftImpute_completed_p30_rep28_seed82.csv,internal:Cercopithecus_aethiops_AY863426|Chlorocebus_aethiops_C1_KU682691|Chlorocebus_aethiops_MN816163|Chlorocebus_cynosuros_C3_KU682693|Chlorocebus_cynosuros_KM262190|Chlorocebus_djamdjamensis_C5_KU682695,internal,6,0.0834758403,0.04223463894530796,-0.041241201354692045,0.041241201354692045
LRMC-SoftImpute,30,28,82,LRMC_SoftImpute_completed_p30_rep28_seed82.csv,internal:Cercopithecus_aethiops_AY863426|Chlorocebus_aethiops_C1_KU682691|Chlorocebus_aethiops_MN816163|Chlorocebus_cynosuros_C3_KU682693|Chlorocebus_cynosuros_KM262190,internal,5,0.012780756,0.004687752989132369,-0.008093003010867631,0.008093003010867631
LRMC-SoftImpute,30,28,82,LRMC_SoftImpute_completed_p30_rep28_seed82.csv,internal:Cercopithecus_aethiops_AY863426|Chlorocebus_aethiops_C1_KU682691|Chlorocebus_aethiops_MN816163,internal,3,0.0048654608,0.00012061175708145738,-0.004744849042918543,0.004744849042918543
LRMC-SoftImpute,30,28,82,LRMC_SoftImpute_completed_p30_rep28_seed82.csv,terminal:Cercopithecus_aethiops_AY863426,terminal,1,0.0221835236,0.02113267751821677,-0.0010508460817832306,0.0010508460817832306
LRMC-SoftImpute,30,28,82,LRMC_SoftImpute_completed_p30_rep28_seed82.csv,internal:Chlorocebus_aethiops_C1_KU682691|Chlorocebus_aethiops_MN816163,internal,2,0.0120854426,0.005962145673004944,-0.006123296926995056,0.006123296926995056
LRMC-SoftImpute,30,28,82,LRMC_SoftImpute_completed_p30_rep28_seed82.csv,terminal:Chlorocebus_aethiops_C1_KU682691,terminal,1,0.0080961876,0.00048234768718837564,-0.007613839912811625,0.007613839912811625
LRMC-SoftImpute,30,28,82,LRMC_SoftImpute_completed_p30_rep28_seed82.csv,terminal:Chlorocebus_aethiops_MN816163,terminal,1,0.0104642592,0.015689994556189996,0.005225735356189996,0.005225735356189996
LRMC-SoftImpute,30,28,82,LRMC_SoftImpute_completed_p30_rep28_seed82.csv,internal:Chlorocebus_cynosuros_C3_KU682693|Chlorocebus_cynosuros_KM262190,internal,2,0.0017398823,0.012738008010348027,0.010998125710348026,0.010998125710348026
LRMC-SoftImpute,30,28,82,LRMC_SoftImpute_completed_p30_rep28_seed82.csv,terminal:Chlorocebus_cynosuros_C3_KU682693,terminal,1,0.0241962287,0.009452170120414364,-0.014744058579585636,0.014744058579585636
LRMC-SoftImpute,30,28,82,LRMC_SoftImpute_completed_p30_rep28_seed82.csv,terminal:Chlorocebus_cynosuros_KM262190,terminal,1,0.0250691331,0.007383199271421248,-0.017685933828578755,0.017685933828578755
LRMC-SoftImpute,30,28,82,LRMC_SoftImpute_completed_p30_rep28_seed82.csv,terminal:Chlorocebus_djamdjamensis_C5_KU682695,terminal,1,0.0319881948,0.02448247460144232,-0.007505720198557681,0.007505720198557681
LRMC-SoftImpute,30,28,82,LRMC_SoftImpute_completed_p30_rep28_seed82.csv,internal:Cercopithecus_albogularis_KC757391|Cercopithecus_diana_KJ434958|Cercopithecus_lhoesti_KJ434957|Cercopithecus_mitis_KJ434956|Cercopithecus_neglectus_MW160353,internal,5,0.0020104988,0.0,-0.0020104988,0.0020104988
LRMC-SoftImpute,30,28,82,LRMC_SoftImpute_completed_p30_rep28_seed82.csv,internal:Cercopithecus_albogularis_KC757391|Cercopithecus_lhoesti_KJ434957|Cercopithecus_mitis_KJ434956,internal,3,0.0167387771,0.0,-0.0167387771,0.0167387771
LRMC-SoftImpute,30,28,82,LRMC_SoftImpute_completed_p30_rep28_seed82.csv,internal:Cercopithecus_albogularis_KC757391|Cercopithecus_mitis_KJ434956,internal,2,0.0593605632,0.0214132880347691,-0.0379472751652309,0.0379472751652309
LRMC-SoftImpute,30,28,82,LRMC_SoftImpute_completed_p30_rep28_seed82.csv,terminal:Cercopithecus_albogularis_KC757391,terminal,1,0.0366651729,0.024090015499428588,-0.012575157400571413,0.012575157400571413
LRMC-SoftImpute,30,28,82,LRMC_SoftImpute_completed_p30_rep28_seed82.csv,terminal:Cercopithecus_mitis_KJ434956,terminal,1,0.0331901409,0.029539847547474803,-0.0036502933525251954,0.0036502933525251954
LRMC-SoftImpute,30,28,82,LRMC_SoftImpute_completed_p30_rep28_seed82.csv,terminal:Cercopithecus_lhoesti_KJ434957,terminal,1,0.096446469,0.045006758566593204,-0.0514397104334068,0.0514397104334068
LRMC-SoftImpute,30,28,82,LRMC_SoftImpute_completed_p30_rep28_seed82.csv,internal:Cercopithecus_diana_KJ434958|Cercopithecus_neglectus_MW160353,internal,2,0.0175917107,0.0,-0.0175917107,0.0175917107
LRMC-SoftImpute,30,28,82,LRMC_SoftImpute_completed_p30_rep28_seed82.csv,terminal:Cercopithecus_diana_KJ434958,terminal,1,0.1093319625,0.05182490897177145,-0.057507053528228554,0.057507053528228554
LRMC-SoftImpute,30,28,82,LRMC_SoftImpute_completed_p30_rep28_seed82.csv,terminal:Cercopithecus_neglectus_MW160353,terminal,1,0.1017112524,0.043106995132862744,-0.05860425726713725,0.05860425726713725
LRMC-SoftImpute,30,29,83,LRMC_SoftImpute_completed_p30_rep29_seed83.csv,terminal:Allenopithecus_nigroviridis_KJ434962,terminal,1,0.1474140195,0.060776282897138205,-0.08663773660286178,0.08663773660286178
LRMC-SoftImpute,30,29,83,LRMC_SoftImpute_completed_p30_rep29_seed83.csv,internal:Cercocebus_atys_KT159932|Cercocebus_chrysogaster_KC757390|Cercocebus_torquatus_KJ434959,internal,3,0.1544494817,0.019137613214826692,-0.13531186848517332,0.13531186848517332
LRMC-SoftImpute,30,29,83,LRMC_SoftImpute_completed_p30_rep29_seed83.csv,internal:Cercocebus_atys_KT159932|Cercocebus_torquatus_KJ434959,internal,2,0.0094381611,0.026170905818259805,0.016732744718259807,0.016732744718259807
LRMC-SoftImpute,30,29,83,LRMC_SoftImpute_completed_p30_rep29_seed83.csv,terminal:Cercocebus_atys_KT159932,terminal,1,0.0508580169,0.03671916502515508,-0.01413885187484492,0.01413885187484492
LRMC-SoftImpute,30,29,83,LRMC_SoftImpute_completed_p30_rep29_seed83.csv,terminal:Cercocebus_torquatus_KJ434959,terminal,1,0.0562685839,0.03721103224343356,-0.01905755165656644,0.01905755165656644
LRMC-SoftImpute,30,29,83,LRMC_SoftImpute_completed_p30_rep29_seed83.csv,terminal:Cercocebus_chrysogaster_KC757390,terminal,1,0.0511259412,0.03156573077103809,-0.01956021042896191,0.01956021042896191
LRMC-SoftImpute,30,29,83,LRMC_SoftImpute_completed_p30_rep29_seed83.csv,internal:Allenopithecus_nigroviridis_KJ434962|Cercocebus_atys_KT159932|Cercocebus_chrysogaster_KC757390|Cercocebus_torquatus_KJ434959,internal,4,0.0346917556,0.003801484028502288,-0.03089027157149771,0.03089027157149771
LRMC-SoftImpute,30,29,83,LRMC_SoftImpute_completed_p30_rep29_seed83.csv,internal:Cercopithecus_aethiops_AY863426|Chlorocebus_aethiops_C1_KU682691|Chlorocebus_aethiops_MN816163|Chlorocebus_cynosuros_C3_KU682693|Chlorocebus_cynosuros_KM262190|Chlorocebus_djamdjamensis_C5_KU682695,internal,6,0.0834758403,0.03267972060653254,-0.050796119693467465,0.050796119693467465
LRMC-SoftImpute,30,29,83,LRMC_SoftImpute_completed_p30_rep29_seed83.csv,internal:Cercopithecus_aethiops_AY863426|Chlorocebus_aethiops_C1_KU682691|Chlorocebus_aethiops_MN816163|Chlorocebus_cynosuros_C3_KU682693|Chlorocebus_cynosuros_KM262190,internal,5,0.012780756,0.006927690514822814,-0.005853065485177187,0.005853065485177187
LRMC-SoftImpute,30,29,83,LRMC_SoftImpute_completed_p30_rep29_seed83.csv,internal:Cercopithecus_aethiops_AY863426|Chlorocebus_aethiops_C1_KU682691|Chlorocebus_aethiops_MN816163,internal,3,0.0048654608,0.006735941668828354,0.0018704808688283546,0.0018704808688283546
LRMC-SoftImpute,30,29,83,LRMC_SoftImpute_completed_p30_rep29_seed83.csv,terminal:Cercopithecus_aethiops_AY863426,terminal,1,0.0221835236,0.018228180540959295,-0.003955343059040706,0.003955343059040706
LRMC-SoftImpute,30,29,83,LRMC_SoftImpute_completed_p30_rep29_seed83.csv,internal:Chlorocebus_aethiops_C1_KU682691|Chlorocebus_aethiops_MN816163,internal,2,0.0120854426,0.010196721369052244,-0.0018887212309477552,0.0018887212309477552
LRMC-SoftImpute,30,29,83,LRMC_SoftImpute_completed_p30_rep29_seed83.csv,terminal:Chlorocebus_aethiops_C1_KU682691,terminal,1,0.0080961876,0.008018331089089056,-7.78565109109449e-05,7.78565109109449e-05
LRMC-SoftImpute,30,29,83,LRMC_SoftImpute_completed_p30_rep29_seed83.csv,terminal:Chlorocebus_aethiops_MN816163,terminal,1,0.0104642592,0.008154011154289351,-0.002310248045710648,0.002310248045710648
LRMC-SoftImpute,30,29,83,LRMC_SoftImpute_completed_p30_rep29_seed83.csv,internal:Chlorocebus_cynosuros_C3_KU682693|Chlorocebus_cynosuros_KM262190,internal,2,0.0017398823,0.0,-0.0017398823,0.0017398823
LRMC-SoftImpute,30,29,83,LRMC_SoftImpute_completed_p30_rep29_seed83.csv,terminal:Chlorocebus_cynosuros_C3_KU682693,terminal,1,0.0241962287,0.015916506015364935,-0.008279722684635064,0.008279722684635064
LRMC-SoftImpute,30,29,83,LRMC_SoftImpute_completed_p30_rep29_seed83.csv,terminal:Chlorocebus_cynosuros_KM262190,terminal,1,0.0250691331,0.01819626125243152,-0.006872871847568483,0.006872871847568483
LRMC-SoftImpute,30,29,83,LRMC_SoftImpute_completed_p30_rep29_seed83.csv,terminal:Chlorocebus_djamdjamensis_C5_KU682695,terminal,1,0.0319881948,0.023396540522315448,-0.008591654277684553,0.008591654277684553
LRMC-SoftImpute,30,29,83,LRMC_SoftImpute_completed_p30_rep29_seed83.csv,internal:Cercopithecus_albogularis_KC757391|Cercopithecus_diana_KJ434958|Cercopithecus_lhoesti_KJ434957|Cercopithecus_mitis_KJ434956|Cercopithecus_neglectus_MW160353,internal,5,0.0020104988,0.0,-0.0020104988,0.0020104988
LRMC-SoftImpute,30,29,83,LRMC_SoftImpute_completed_p30_rep29_seed83.csv,internal:Cercopithecus_albogularis_KC757391|Cercopithecus_lhoesti_KJ434957|Cercopithecus_mitis_KJ434956,internal,3,0.0167387771,0.0037008230677396435,-0.013037954032260358,0.013037954032260358
LRMC-SoftImpute,30,29,83,LRMC_SoftImpute_completed_p30_rep29_seed83.csv,internal:Cercopithecus_albogularis_KC757391|Cercopithecus_mitis_KJ434956,internal,2,0.0593605632,0.0,-0.0593605632,0.0593605632
LRMC-SoftImpute,30,29,83,LRMC_SoftImpute_completed_p30_rep29_seed83.csv,terminal:Cercopithecus_albogularis_KC757391,terminal,1,0.0366651729,0.04521890951550259,0.008553736615502586,0.008553736615502586
LRMC-SoftImpute,30,29,83,LRMC_SoftImpute_completed_p30_rep29_seed83.csv,terminal:Cercopithecus_mitis_KJ434956,terminal,1,0.0331901409,0.0451729383185651,0.011982797418565103,0.011982797418565103
LRMC-SoftImpute,30,29,83,LRMC_SoftImpute_completed_p30_rep29_seed83.csv,terminal:Cercopithecus_lhoesti_KJ434957,terminal,1,0.096446469,0.05911037808592911,-0.0373360909140709,0.0373360909140709
LRMC-SoftImpute,30,29,83,LRMC_SoftImpute_completed_p30_rep29_seed83.csv,internal:Cercopithecus_diana_KJ434958|Cercopithecus_neglectus_MW160353,internal,2,0.0175917107,0.0,-0.0175917107,0.0175917107
LRMC-SoftImpute,30,29,83,LRMC_SoftImpute_completed_p30_rep29_seed83.csv,terminal:Cercopithecus_diana_KJ434958,terminal,1,0.1093319625,0.05248639754052048,-0.056845564959479525,0.056845564959479525
LRMC-SoftImpute,30,29,83,LRMC_SoftImpute_completed_p30_rep29_seed83.csv,terminal:Cercopithecus_neglectus_MW160353,terminal,1,0.1017112524,0.0536972270206061,-0.04801402537939389,0.04801402537939389
LRMC-SoftImpute,30,30,84,LRMC_SoftImpute_completed_p30_rep30_seed84.csv,terminal:Allenopithecus_nigroviridis_KJ434962,terminal,1,0.1474140195,0.04799607765858726,-0.09941794184141273,0.09941794184141273
LRMC-SoftImpute,30,30,84,LRMC_SoftImpute_completed_p30_rep30_seed84.csv,internal:Cercocebus_atys_KT159932|Cercocebus_chrysogaster_KC757390|Cercocebus_torquatus_KJ434959,internal,3,0.1544494817,0.03765139929243883,-0.11679808240756118,0.11679808240756118
LRMC-SoftImpute,30,30,84,LRMC_SoftImpute_completed_p30_rep30_seed84.csv,internal:Cercocebus_atys_KT159932|Cercocebus_torquatus_KJ434959,internal,2,0.0094381611,0.003942736367580624,-0.005495424732419376,0.005495424732419376
LRMC-SoftImpute,30,30,84,LRMC_SoftImpute_completed_p30_rep30_seed84.csv,terminal:Cercocebus_atys_KT159932,terminal,1,0.0508580169,0.03156250884355746,-0.019295508056442534,0.019295508056442534
LRMC-SoftImpute,30,30,84,LRMC_SoftImpute_completed_p30_rep30_seed84.csv,terminal:Cercocebus_torquatus_KJ434959,terminal,1,0.0562685839,0.04236768842503122,-0.013900895474968783,0.013900895474968783
LRMC-SoftImpute,30,30,84,LRMC_SoftImpute_completed_p30_rep30_seed84.csv,terminal:Cercocebus_chrysogaster_KC757390,terminal,1,0.0511259412,0.03596323354806393,-0.015162707651936065,0.015162707651936065
LRMC-SoftImpute,30,30,84,LRMC_SoftImpute_completed_p30_rep30_seed84.csv,internal:Allenopithecus_nigroviridis_KJ434962|Cercocebus_atys_KT159932|Cercocebus_chrysogaster_KC757390|Cercocebus_torquatus_KJ434959,internal,4,0.0346917556,0.00966126594875338,-0.02503048965124662,0.02503048965124662
LRMC-SoftImpute,30,30,84,LRMC_SoftImpute_completed_p30_rep30_seed84.csv,internal:Cercopithecus_aethiops_AY863426|Chlorocebus_aethiops_C1_KU682691|Chlorocebus_aethiops_MN816163|Chlorocebus_cynosuros_C3_KU682693|Chlorocebus_cynosuros_KM262190|Chlorocebus_djamdjamensis_C5_KU682695,internal,6,0.0834758403,0.024761461009305763,-0.058714379290694244,0.058714379290694244
LRMC-SoftImpute,30,30,84,LRMC_SoftImpute_completed_p30_rep30_seed84.csv,internal:Cercopithecus_aethiops_AY863426|Chlorocebus_aethiops_C1_KU682691|Chlorocebus_aethiops_MN816163|Chlorocebus_cynosuros_C3_KU682693|Chlorocebus_cynosuros_KM262190,internal,5,0.012780756,0.012376258929772253,-0.0004044970702277474,0.0004044970702277474
LRMC-SoftImpute,30,30,84,LRMC_SoftImpute_completed_p30_rep30_seed84.csv,internal:Cercopithecus_aethiops_AY863426|Chlorocebus_aethiops_C1_KU682691|Chlorocebus_aethiops_MN816163,internal,3,0.0048654608,0.0,-0.0048654608,0.0048654608
LRMC-SoftImpute,30,30,84,LRMC_SoftImpute_completed_p30_rep30_seed84.csv,terminal:Cercopithecus_aethiops_AY863426,terminal,1,0.0221835236,0.008840798732472802,-0.0133427248675272,0.0133427248675272
LRMC-SoftImpute,30,30,84,LRMC_SoftImpute_completed_p30_rep30_seed84.csv,internal:Chlorocebus_aethiops_C1_KU682691|Chlorocebus_aethiops_MN816163,internal,2,0.0120854426,0.00784306617897058,-0.004242376421029419,0.004242376421029419
LRMC-SoftImpute,30,30,84,LRMC_SoftImpute_completed_p30_rep30_seed84.csv,terminal:Chlorocebus_aethiops_C1_KU682691,terminal,1,0.0080961876,0.013440661910848745,0.005344474310848744,0.005344474310848744
LRMC-SoftImpute,30,30,84,LRMC_SoftImpute_completed_p30_rep30_seed84.csv,terminal:Chlorocebus_aethiops_MN816163,terminal,1,0.0104642592,0.01643310909691982,0.005968849896919821,0.005968849896919821
LRMC-SoftImpute,30,30,84,LRMC_SoftImpute_completed_p30_rep30_seed84.csv,internal:Chlorocebus_cynosuros_C3_KU682693|Chlorocebus_cynosuros_KM262190,internal,2,0.0017398823,0.015813292936282135,0.014073410636282134,0.014073410636282134
LRMC-SoftImpute,30,30,84,LRMC_SoftImpute_completed_p30_rep30_seed84.csv,terminal:Chlorocebus_cynosuros_C3_KU682693,terminal,1,0.0241962287,0.006635797091919852,-0.017560431608080147,0.017560431608080147
LRMC-SoftImpute,30,30,84,LRMC_SoftImpute_completed_p30_rep30_seed84.csv,terminal:Chlorocebus_cynosuros_KM262190,terminal,1,0.0250691331,0.0066297775328688635,-0.018439355567131138,0.018439355567131138
LRMC-SoftImpute,30,30,84,LRMC_SoftImpute_completed_p30_rep30_seed84.csv,terminal:Chlorocebus_djamdjamensis_C5_KU682695,terminal,1,0.0319881948,0.01928427835332877,-0.01270391644667123,0.01270391644667123
LRMC-SoftImpute,30,30,84,LRMC_SoftImpute_completed_p30_rep30_seed84.csv,internal:Cercopithecus_albogularis_KC757391|Cercopithecus_diana_KJ434958|Cercopithecus_lhoesti_KJ434957|Cercopithecus_mitis_KJ434956|Cercopithecus_neglectus_MW160353,internal,5,0.0020104988,0.012205777795782285,0.010195278995782285,0.010195278995782285
LRMC-SoftImpute,30,30,84,LRMC_SoftImpute_completed_p30_rep30_seed84.csv,internal:Cercopithecus_albogularis_KC757391|Cercopithecus_lhoesti_KJ434957|Cercopithecus_mitis_KJ434956,internal,3,0.0167387771,0.00029969763232239255,-0.016439079467677607,0.016439079467677607
LRMC-SoftImpute,30,30,84,LRMC_SoftImpute_completed_p30_rep30_seed84.csv,internal:Cercopithecus_albogularis_KC757391|Cercopithecus_mitis_KJ434956,internal,2,0.0593605632,0.01350165349992291,-0.04585890970007709,0.04585890970007709
LRMC-SoftImpute,30,30,84,LRMC_SoftImpute_completed_p30_rep30_seed84.csv,terminal:Cercopithecus_albogularis_KC757391,terminal,1,0.0366651729,0.029617139489077227,-0.007048033410922774,0.007048033410922774
LRMC-SoftImpute,30,30,84,LRMC_SoftImpute_completed_p30_rep30_seed84.csv,terminal:Cercopithecus_mitis_KJ434956,terminal,1,0.0331901409,0.024012723557826157,-0.009177417342173842,0.009177417342173842
LRMC-SoftImpute,30,30,84,LRMC_SoftImpute_completed_p30_rep30_seed84.csv,terminal:Cercopithecus_lhoesti_KJ434957,terminal,1,0.096446469,0.03897149588212104,-0.05747497311787897,0.05747497311787897
LRMC-SoftImpute,30,30,84,LRMC_SoftImpute_completed_p30_rep30_seed84.csv,internal:Cercopithecus_diana_KJ434958|Cercopithecus_neglectus_MW160353,internal,2,0.0175917107,0.0,-0.0175917107,0.0175917107
LRMC-SoftImpute,30,30,84,LRMC_SoftImpute_completed_p30_rep30_seed84.csv,terminal:Cercopithecus_diana_KJ434958,terminal,1,0.1093319625,0.05790244505350787,-0.051429517446492136,0.051429517446492136
LRMC-SoftImpute,30,30,84,LRMC_SoftImpute_completed_p30_rep30_seed84.csv,terminal:Cercopithecus_neglectus_MW160353,terminal,1,0.1017112524,0.04401558192706013,-0.057695670472939865,0.057695670472939865
LRMC-SoftImpute,50,1,55,LRMC_SoftImpute_completed_p50_rep01_seed55.csv,terminal:Allenopithecus_nigroviridis_KJ434962,terminal,1,0.1474140195,0.04700256022722105,-0.10041145927277895,0.10041145927277895
LRMC-SoftImpute,50,1,55,LRMC_SoftImpute_completed_p50_rep01_seed55.csv,internal:Cercocebus_atys_KT159932|Cercocebus_chrysogaster_KC757390|Cercocebus_torquatus_KJ434959,internal,3,0.1544494817,0.01778205954450206,-0.13666742215549793,0.13666742215549793
LRMC-SoftImpute,50,1,55,LRMC_SoftImpute_completed_p50_rep01_seed55.csv,internal:Cercocebus_atys_KT159932|Cercocebus_torquatus_KJ434959,internal,2,0.0094381611,0.032797592156777654,0.023359431056777652,0.023359431056777652
LRMC-SoftImpute,50,1,55,LRMC_SoftImpute_completed_p50_rep01_seed55.csv,terminal:Cercocebus_atys_KT159932,terminal,1,0.0508580169,0.01225919055625606,-0.03859882634374394,0.03859882634374394
LRMC-SoftImpute,50,1,55,LRMC_SoftImpute_completed_p50_rep01_seed55.csv,terminal:Cercocebus_torquatus_KJ434959,terminal,1,0.0562685839,0.02389053160946752,-0.03237805229053248,0.03237805229053248
LRMC-SoftImpute,50,1,55,LRMC_SoftImpute_completed_p50_rep01_seed55.csv,terminal:Cercocebus_chrysogaster_KC757390,terminal,1,0.0511259412,0.02456066320203571,-0.026565277997964286,0.026565277997964286
LRMC-SoftImpute,50,1,55,LRMC_SoftImpute_completed_p50_rep01_seed55.csv,internal:Allenopithecus_nigroviridis_KJ434962|Cercocebus_atys_KT159932|Cercocebus_chrysogaster_KC757390|Cercocebus_torquatus_KJ434959,internal,4,0.0346917556,0.0058353640448417145,-0.028856391555158283,0.028856391555158283
LRMC-SoftImpute,50,1,55,LRMC_SoftImpute_completed_p50_rep01_seed55.csv,internal:Cercopithecus_aethiops_AY863426|Chlorocebus_aethiops_C1_KU682691|Chlorocebus_aethiops_MN816163|Chlorocebus_cynosuros_C3_KU682693|Chlorocebus_cynosuros_KM262190|Chlorocebus_djamdjamensis_C5_KU682695,internal,6,0.0834758403,0.02211433817024604,-0.06136150212975397,0.06136150212975397
LRMC-SoftImpute,50,1,55,LRMC_SoftImpute_completed_p50_rep01_seed55.csv,internal:Cercopithecus_aethiops_AY863426|Chlorocebus_aethiops_C1_KU682691|Chlorocebus_aethiops_MN816163|Chlorocebus_cynosuros_C3_KU682693|Chlorocebus_cynosuros_KM262190,internal,5,0.012780756,0.0051479186971637135,-0.007632837302836287,0.007632837302836287
LRMC-SoftImpute,50,1,55,LRMC_SoftImpute_completed_p50_rep01_seed55.csv,internal:Cercopithecus_aethiops_AY863426|Chlorocebus_aethiops_C1_KU682691|Chlorocebus_aethiops_MN816163,internal,3,0.0048654608,0.0,-0.0048654608,0.0048654608
LRMC-SoftImpute,50,1,55,LRMC_SoftImpute_completed_p50_rep01_seed55.csv,terminal:Cercopithecus_aethiops_AY863426,terminal,1,0.0221835236,0.0,-0.0221835236,0.0221835236
LRMC-SoftImpute,50,1,55,LRMC_SoftImpute_completed_p50_rep01_seed55.csv,internal:Chlorocebus_aethiops_C1_KU682691|Chlorocebus_aethiops_MN816163,internal,2,0.0120854426,0.03151905756345722,0.019433614963457222,0.019433614963457222
LRMC-SoftImpute,50,1,55,LRMC_SoftImpute_completed_p50_rep01_seed55.csv,terminal:Chlorocebus_aethiops_C1_KU682691,terminal,1,0.0080961876,0.00497672493843942,-0.0031194626615605806,0.0031194626615605806
LRMC-SoftImpute,50,1,55,LRMC_SoftImpute_completed_p50_rep01_seed55.csv,terminal:Chlorocebus_aethiops_MN816163,terminal,1,0.0104642592,0.0056674462230636834,-0.004796812976936316,0.004796812976936316
LRMC-SoftImpute,50,1,55,LRMC_SoftImpute_completed_p50_rep01_seed55.csv,internal:Chlorocebus_cynosuros_C3_KU682693|Chlorocebus_cynosuros_KM262190,internal,2,0.0017398823,7.649081013737545e-06,-0.0017322332189862624,0.0017322332189862624
LRMC-SoftImpute,50,1,55,LRMC_SoftImpute_completed_p50_rep01_seed55.csv,terminal:Chlorocebus_cynosuros_C3_KU682693,terminal,1,0.0241962287,0.012457020648313813,-0.011739208051686186,0.011739208051686186
LRMC-SoftImpute,50,1,55,LRMC_SoftImpute_completed_p50_rep01_seed55.csv,terminal:Chlorocebus_cynosuros_KM262190,terminal,1,0.0250691331,0.02434466008450578,-0.0007244730154942203,0.0007244730154942203
LRMC-SoftImpute,50,1,55,LRMC_SoftImpute_completed_p50_rep01_seed55.csv,terminal:Chlorocebus_djamdjamensis_C5_KU682695,terminal,1,0.0319881948,0.02797433025072479,-0.004013864549275211,0.004013864549275211
LRMC-SoftImpute,50,1,55,LRMC_SoftImpute_completed_p50_rep01_seed55.csv,internal:Cercopithecus_albogularis_KC757391|Cercopithecus_diana_KJ434958|Cercopithecus_lhoesti_KJ434957|Cercopithecus_mitis_KJ434956|Cercopithecus_neglectus_MW160353,internal,5,0.0020104988,0.0030988692898098,0.0010883704898097999,0.0010883704898097999
LRMC-SoftImpute,50,1,55,LRMC_SoftImpute_completed_p50_rep01_seed55.csv,internal:Cercopithecus_albogularis_KC757391|Cercopithecus_lhoesti_KJ434957|Cercopithecus_mitis_KJ434956,internal,3,0.0167387771,0.0,-0.0167387771,0.0167387771
LRMC-SoftImpute,50,1,55,LRMC_SoftImpute_completed_p50_rep01_seed55.csv,internal:Cercopithecus_albogularis_KC757391|Cercopithecus_mitis_KJ434956,internal,2,0.0593605632,0.03045862006618695,-0.02890194313381305,0.02890194313381305
LRMC-SoftImpute,50,1,55,LRMC_SoftImpute_completed_p50_rep01_seed55.csv,terminal:Cercopithecus_albogularis_KC757391,terminal,1,0.0366651729,0.02966751504199989,-0.006997657858000109,0.006997657858000109
LRMC-SoftImpute,50,1,55,LRMC_SoftImpute_completed_p50_rep01_seed55.csv,terminal:Cercopithecus_mitis_KJ434956,terminal,1,0.0331901409,0.023962348004903496,-0.009227792895096502,0.009227792895096502
LRMC-SoftImpute,50,1,55,LRMC_SoftImpute_completed_p50_rep01_seed55.csv,terminal:Cercopithecus_lhoesti_KJ434957,terminal,1,0.096446469,0.04801669903533629,-0.048429769964663714,0.048429769964663714
LRMC-SoftImpute,50,1,55,LRMC_SoftImpute_completed_p50_rep01_seed55.csv,internal:Cercopithecus_diana_KJ434958|Cercopithecus_neglectus_MW160353,internal,2,0.0175917107,0.0,-0.0175917107,0.0175917107
LRMC-SoftImpute,50,1,55,LRMC_SoftImpute_completed_p50_rep01_seed55.csv,terminal:Cercopithecus_diana_KJ434958,terminal,1,0.1093319625,0.051260788318441046,-0.05807117418155896,0.05807117418155896
LRMC-SoftImpute,50,1,55,LRMC_SoftImpute_completed_p50_rep01_seed55.csv,terminal:Cercopithecus_neglectus_MW160353,terminal,1,0.1017112524,0.049415248255305244,-0.05229600414469475,0.05229600414469475
LRMC-SoftImpute,50,2,56,LRMC_SoftImpute_completed_p50_rep02_seed56.csv,terminal:Allenopithecus_nigroviridis_KJ434962,terminal,1,0.1474140195,0.050358862177620055,-0.09705515732237993,0.09705515732237993
LRMC-SoftImpute,50,2,56,LRMC_SoftImpute_completed_p50_rep02_seed56.csv,internal:Cercocebus_atys_KT159932|Cercocebus_chrysogaster_KC757390|Cercocebus_torquatus_KJ434959,internal,3,0.1544494817,0.017360309497563703,-0.1370891722024363,0.1370891722024363
LRMC-SoftImpute,50,2,56,LRMC_SoftImpute_completed_p50_rep02_seed56.csv,internal:Cercocebus_atys_KT159932|Cercocebus_torquatus_KJ434959,internal,2,0.0094381611,0.017243905308431038,0.007805744208431038,0.007805744208431038
LRMC-SoftImpute,50,2,56,LRMC_SoftImpute_completed_p50_rep02_seed56.csv,terminal:Cercocebus_atys_KT159932,terminal,1,0.0508580169,0.006724100758493486,-0.04413391614150651,0.04413391614150651
LRMC-SoftImpute,50,2,56,LRMC_SoftImpute_completed_p50_rep02_seed56.csv,terminal:Cercocebus_torquatus_KJ434959,terminal,1,0.0562685839,0.004590551190868024,-0.05167803270913198,0.05167803270913198
LRMC-SoftImpute,50,2,56,LRMC_SoftImpute_completed_p50_rep02_seed56.csv,terminal:Cercocebus_chrysogaster_KC757390,terminal,1,0.0511259412,0.04812132599886441,-0.0030046152011355895,0.0030046152011355895
LRMC-SoftImpute,50,2,56,LRMC_SoftImpute_completed_p50_rep02_seed56.csv,internal:Allenopithecus_nigroviridis_KJ434962|Cercocebus_atys_KT159932|Cercocebus_chrysogaster_KC757390|Cercocebus_torquatus_KJ434959,internal,4,0.0346917556,0.01962396539872634,-0.015067790201273659,0.015067790201273659
LRMC-SoftImpute,50,2,56,LRMC_SoftImpute_completed_p50_rep02_seed56.csv,internal:Cercopithecus_aethiops_AY863426|Chlorocebus_aethiops_C1_KU682691|Chlorocebus_aethiops_MN816163|Chlorocebus_cynosuros_C3_KU682693|Chlorocebus_cynosuros_KM262190|Chlorocebus_djamdjamensis_C5_KU682695,internal,6,0.0834758403,0.0,-0.0834758403,0.0834758403
LRMC-SoftImpute,50,2,56,LRMC_SoftImpute_completed_p50_rep02_seed56.csv,internal:Cercopithecus_aethiops_AY863426|Chlorocebus_aethiops_C1_KU682691|Chlorocebus_aethiops_MN816163|Chlorocebus_cynosuros_C3_KU682693|Chlorocebus_cynosuros_KM262190,internal,5,0.012780756,0.011345360676980642,-0.0014353953230193586,0.0014353953230193586
LRMC-SoftImpute,50,2,56,LRMC_SoftImpute_completed_p50_rep02_seed56.csv,internal:Cercopithecus_aethiops_AY863426|Chlorocebus_aethiops_C1_KU682691|Chlorocebus_aethiops_MN816163,internal,3,0.0048654608,0.0,-0.0048654608,0.0048654608
LRMC-SoftImpute,50,2,56,LRMC_SoftImpute_completed_p50_rep02_seed56.csv,terminal:Cercopithecus_aethiops_AY863426,terminal,1,0.0221835236,0.02068144552504659,-0.001502078074953412,0.001502078074953412
LRMC-SoftImpute,50,2,56,LRMC_SoftImpute_completed_p50_rep02_seed56.csv,internal:Chlorocebus_aethiops_C1_KU682691|Chlorocebus_aethiops_MN816163,internal,2,0.0120854426,0.0,-0.0120854426,0.0120854426
LRMC-SoftImpute,50,2,56,LRMC_SoftImpute_completed_p50_rep02_seed56.csv,terminal:Chlorocebus_aethiops_C1_KU682691,terminal,1,0.0080961876,0.0,-0.0080961876,0.0080961876
LRMC-SoftImpute,50,2,56,LRMC_SoftImpute_completed_p50_rep02_seed56.csv,terminal:Chlorocebus_aethiops_MN816163,terminal,1,0.0104642592,0.022934277344533092,0.012470018144533093,0.012470018144533093
LRMC-SoftImpute,50,2,56,LRMC_SoftImpute_completed_p50_rep02_seed56.csv,internal:Chlorocebus_cynosuros_C3_KU682693|Chlorocebus_cynosuros_KM262190,internal,2,0.0017398823,0.004083156053578343,0.0023432737535783433,0.0023432737535783433
LRMC-SoftImpute,50,2,56,LRMC_SoftImpute_completed_p50_rep02_seed56.csv,terminal:Chlorocebus_cynosuros_C3_KU682693,terminal,1,0.0241962287,0.025303225124394924,0.0011069964243949244,0.0011069964243949244
LRMC-SoftImpute,50,2,56,LRMC_SoftImpute_completed_p50_rep02_seed56.csv,terminal:Chlorocebus_cynosuros_KM262190,terminal,1,0.0250691331,0.013189057972204652,-0.01188007512779535,0.01188007512779535
LRMC-SoftImpute,50,2,56,LRMC_SoftImpute_completed_p50_rep02_seed56.csv,terminal:Chlorocebus_djamdjamensis_C5_KU682695,terminal,1,0.0319881948,0.01887817641413763,-0.013110018385862371,0.013110018385862371
LRMC-SoftImpute,50,2,56,LRMC_SoftImpute_completed_p50_rep02_seed56.csv,internal:Cercopithecus_albogularis_KC757391|Cercopithecus_diana_KJ434958|Cercopithecus_lhoesti_KJ434957|Cercopithecus_mitis_KJ434956|Cercopithecus_neglectus_MW160353,internal,5,0.0020104988,0.013240034139684735,0.011229535339684736,0.011229535339684736
LRMC-SoftImpute,50,2,56,LRMC_SoftImpute_completed_p50_rep02_seed56.csv,internal:Cercopithecus_albogularis_KC757391|Cercopithecus_lhoesti_KJ434957|Cercopithecus_mitis_KJ434956,internal,3,0.0167387771,0.03377254730484846,0.017033770204848458,0.017033770204848458
LRMC-SoftImpute,50,2,56,LRMC_SoftImpute_completed_p50_rep02_seed56.csv,internal:Cercopithecus_albogularis_KC757391|Cercopithecus_mitis_KJ434956,internal,2,0.0593605632,0.0,-0.0593605632,0.0593605632
LRMC-SoftImpute,50,2,56,LRMC_SoftImpute_completed_p50_rep02_seed56.csv,terminal:Cercopithecus_albogularis_KC757391,terminal,1,0.0366651729,0.01846395826079358,-0.01820121463920642,0.01820121463920642
LRMC-SoftImpute,50,2,56,LRMC_SoftImpute_completed_p50_rep02_seed56.csv,terminal:Cercopithecus_mitis_KJ434956,terminal,1,0.0331901409,0.033648110635431314,0.0004579697354313156,0.0004579697354313156
LRMC-SoftImpute,50,2,56,LRMC_SoftImpute_completed_p50_rep02_seed56.csv,terminal:Cercopithecus_lhoesti_KJ434957,terminal,1,0.096446469,0.01647897409558081,-0.07996749490441919,0.07996749490441919
LRMC-SoftImpute,50,2,56,LRMC_SoftImpute_completed_p50_rep02_seed56.csv,internal:Cercopithecus_diana_KJ434958|Cercopithecus_neglectus_MW160353,internal,2,0.0175917107,0.042851212356609374,0.025259501656609375,0.025259501656609375
LRMC-SoftImpute,50,2,56,LRMC_SoftImpute_completed_p50_rep02_seed56.csv,terminal:Cercopithecus_diana_KJ434958,terminal,1,0.1093319625,0.021793346176282515,-0.08753861632371748,0.08753861632371748
LRMC-SoftImpute,50,2,56,LRMC_SoftImpute_completed_p50_rep02_seed56.csv,terminal:Cercopithecus_neglectus_MW160353,terminal,1,0.1017112524,0.017242577818316365,-0.08446867458168363,0.08446867458168363
LRMC-SoftImpute,50,3,57,LRMC_SoftImpute_completed_p50_rep03_seed57.csv,terminal:Allenopithecus_nigroviridis_KJ434962,terminal,1,0.1474140195,0.03285867905354888,-0.1145553404464511,0.1145553404464511
LRMC-SoftImpute,50,3,57,LRMC_SoftImpute_completed_p50_rep03_seed57.csv,internal:Cercocebus_atys_KT159932|Cercocebus_chrysogaster_KC757390|Cercocebus_torquatus_KJ434959,internal,3,0.1544494817,0.03422463306500353,-0.12022484863499647,0.12022484863499647
LRMC-SoftImpute,50,3,57,LRMC_SoftImpute_completed_p50_rep03_seed57.csv,internal:Cercocebus_atys_KT159932|Cercocebus_torquatus_KJ434959,internal,2,0.0094381611,0.006832129108010724,-0.0026060319919892763,0.0026060319919892763
LRMC-SoftImpute,50,3,57,LRMC_SoftImpute_completed_p50_rep03_seed57.csv,terminal:Cercocebus_atys_KT159932,terminal,1,0.0508580169,0.043747718910026205,-0.007110297989973792,0.007110297989973792
LRMC-SoftImpute,50,3,57,LRMC_SoftImpute_completed_p50_rep03_seed57.csv,terminal:Cercocebus_torquatus_KJ434959,terminal,1,0.0562685839,0.030182478358562474,-0.02608610554143753,0.02608610554143753
LRMC-SoftImpute,50,3,57,LRMC_SoftImpute_completed_p50_rep03_seed57.csv,terminal:Cercocebus_chrysogaster_KC757390,terminal,1,0.0511259412,0.03307384080763383,-0.01805210039236617,0.01805210039236617
LRMC-SoftImpute,50,3,57,LRMC_SoftImpute_completed_p50_rep03_seed57.csv,internal:Allenopithecus_nigroviridis_KJ434962|Cercocebus_atys_KT159932|Cercocebus_chrysogaster_KC757390|Cercocebus_torquatus_KJ434959,internal,4,0.0346917556,0.0,-0.0346917556,0.0346917556
LRMC-SoftImpute,50,3,57,LRMC_SoftImpute_completed_p50_rep03_seed57.csv,internal:Cercopithecus_aethiops_AY863426|Chlorocebus_aethiops_C1_KU682691|Chlorocebus_aethiops_MN816163|Chlorocebus_cynosuros_C3_KU682693|Chlorocebus_cynosuros_KM262190|Chlorocebus_djamdjamensis_C5_KU682695,internal,6,0.0834758403,0.0018604698739566041,-0.0816153704260434,0.0816153704260434
LRMC-SoftImpute,50,3,57,LRMC_SoftImpute_completed_p50_rep03_seed57.csv,internal:Cercopithecus_aethiops_AY863426|Chlorocebus_aethiops_C1_KU682691|Chlorocebus_aethiops_MN816163|Chlorocebus_cynosuros_C3_KU682693|Chlorocebus_cynosuros_KM262190,internal,5,0.012780756,0.015225811046590034,0.0024450550465900337,0.0024450550465900337
LRMC-SoftImpute,50,3,57,LRMC_SoftImpute_completed_p50_rep03_seed57.csv,internal:Cercopithecus_aethiops_AY863426|Chlorocebus_aethiops_C1_KU682691|Chlorocebus_aethiops_MN816163,internal,3,0.0048654608,0.0006791421387477311,-0.004186318661252269,0.004186318661252269
LRMC-SoftImpute,50,3,57,LRMC_SoftImpute_completed_p50_rep03_seed57.csv,terminal:Cercopithecus_aethiops_AY863426,terminal,1,0.0221835236,0.00247239238255525,-0.01971113121744475,0.01971113121744475
LRMC-SoftImpute,50,3,57,LRMC_SoftImpute_completed_p50_rep03_seed57.csv,internal:Chlorocebus_aethiops_C1_KU682691|Chlorocebus_aethiops_MN816163,internal,2,0.0120854426,0.018128157025955334,0.006042714425955335,0.006042714425955335
LRMC-SoftImpute,50,3,57,LRMC_SoftImpute_completed_p50_rep03_seed57.csv,terminal:Chlorocebus_aethiops_C1_KU682691,terminal,1,0.0080961876,0.0033409001724229925,-0.004755287427577008,0.004755287427577008
LRMC-SoftImpute,50,3,57,LRMC_SoftImpute_completed_p50_rep03_seed57.csv,terminal:Chlorocebus_aethiops_MN816163,terminal,1,0.0104642592,0.00459471215572208,-0.005869547044277919,0.005869547044277919
LRMC-SoftImpute,50,3,57,LRMC_SoftImpute_completed_p50_rep03_seed57.csv,internal:Chlorocebus_cynosuros_C3_KU682693|Chlorocebus_cynosuros_KM262190,internal,2,0.0017398823,0.02028830498545858,0.01854842268545858,0.01854842268545858
LRMC-SoftImpute,50,3,57,LRMC_SoftImpute_completed_p50_rep03_seed57.csv,terminal:Chlorocebus_cynosuros_C3_KU682693,terminal,1,0.0241962287,0.004256239194904921,-0.01993998950509508,0.01993998950509508
LRMC-SoftImpute,50,3,57,LRMC_SoftImpute_completed_p50_rep03_seed57.csv,terminal:Chlorocebus_cynosuros_KM262190,terminal,1,0.0250691331,0.003931442537847364,-0.021137690562152638,0.021137690562152638
LRMC-SoftImpute,50,3,57,LRMC_SoftImpute_completed_p50_rep03_seed57.csv,terminal:Chlorocebus_djamdjamensis_C5_KU682695,terminal,1,0.0319881948,0.018650861090101754,-0.013337333709898248,0.013337333709898248
LRMC-SoftImpute,50,3,57,LRMC_SoftImpute_completed_p50_rep03_seed57.csv,internal:Cercopithecus_albogularis_KC757391|Cercopithecus_diana_KJ434958|Cercopithecus_lhoesti_KJ434957|Cercopithecus_mitis_KJ434956|Cercopithecus_neglectus_MW160353,internal,5,0.0020104988,0.04273543735185361,0.04072493855185361,0.04072493855185361
LRMC-SoftImpute,50,3,57,LRMC_SoftImpute_completed_p50_rep03_seed57.csv,internal:Cercopithecus_albogularis_KC757391|Cercopithecus_lhoesti_KJ434957|Cercopithecus_mitis_KJ434956,internal,3,0.0167387771,0.0,-0.0167387771,0.0167387771
LRMC-SoftImpute,50,3,57,LRMC_SoftImpute_completed_p50_rep03_seed57.csv,internal:Cercopithecus_albogularis_KC757391|Cercopithecus_mitis_KJ434956,internal,2,0.0593605632,0.00893292028134592,-0.05042764291865408,0.05042764291865408
LRMC-SoftImpute,50,3,57,LRMC_SoftImpute_completed_p50_rep03_seed57.csv,terminal:Cercopithecus_albogularis_KC757391,terminal,1,0.0366651729,0.03354456842166305,-0.0031206044783369524,0.0031206044783369524
LRMC-SoftImpute,50,3,57,LRMC_SoftImpute_completed_p50_rep03_seed57.csv,terminal:Cercopithecus_mitis_KJ434956,terminal,1,0.0331901409,0.020085294625240356,-0.013104846274759642,0.013104846274759642
LRMC-SoftImpute,50,3,57,LRMC_SoftImpute_completed_p50_rep03_seed57.csv,terminal:Cercopithecus_lhoesti_KJ434957,terminal,1,0.096446469,0.023892393928241246,-0.07255407507175876,0.07255407507175876
LRMC-SoftImpute,50,3,57,LRMC_SoftImpute_completed_p50_rep03_seed57.csv,internal:Cercopithecus_diana_KJ434958|Cercopithecus_neglectus_MW160353,internal,2,0.0175917107,0.0,-0.0175917107,0.0175917107
LRMC-SoftImpute,50,3,57,LRMC_SoftImpute_completed_p50_rep03_seed57.csv,terminal:Cercopithecus_diana_KJ434958,terminal,1,0.1093319625,0.02778201742722086,-0.08154994507277914,0.08154994507277914
LRMC-SoftImpute,50,3,57,LRMC_SoftImpute_completed_p50_rep03_seed57.csv,terminal:Cercopithecus_neglectus_MW160353,terminal,1,0.1017112524,0.022024080533959642,-0.07968717186604035,0.07968717186604035
LRMC-SoftImpute,50,4,58,LRMC_SoftImpute_completed_p50_rep04_seed58.csv,terminal:Allenopithecus_nigroviridis_KJ434962,terminal,1,0.1474140195,0.050105303839373574,-0.09730871566062642,0.09730871566062642
LRMC-SoftImpute,50,4,58,LRMC_SoftImpute_completed_p50_rep04_seed58.csv,internal:Cercocebus_atys_KT159932|Cercocebus_chrysogaster_KC757390|Cercocebus_torquatus_KJ434959,internal,3,0.1544494817,0.02923072319222623,-0.12521875850777378,0.12521875850777378
LRMC-SoftImpute,50,4,58,LRMC_SoftImpute_completed_p50_rep04_seed58.csv,internal:Cercocebus_atys_KT159932|Cercocebus_torquatus_KJ434959,internal,2,0.0094381611,0.0,-0.0094381611,0.0094381611
LRMC-SoftImpute,50,4,58,LRMC_SoftImpute_completed_p50_rep04_seed58.csv,terminal:Cercocebus_atys_KT159932,terminal,1,0.0508580169,0.04817874596458852,-0.002679270935411475,0.002679270935411475
LRMC-SoftImpute,50,4,58,LRMC_SoftImpute_completed_p50_rep04_seed58.csv,terminal:Cercocebus_torquatus_KJ434959,terminal,1,0.0562685839,0.036770565437053634,-0.019498018462946368,0.019498018462946368
LRMC-SoftImpute,50,4,58,LRMC_SoftImpute_completed_p50_rep04_seed58.csv,terminal:Cercocebus_chrysogaster_KC757390,terminal,1,0.0511259412,0.03871280286744932,-0.012413138332550679,0.012413138332550679
LRMC-SoftImpute,50,4,58,LRMC_SoftImpute_completed_p50_rep04_seed58.csv,internal:Allenopithecus_nigroviridis_KJ434962|Cercocebus_atys_KT159932|Cercocebus_chrysogaster_KC757390|Cercocebus_torquatus_KJ434959,internal,4,0.0346917556,0.0,-0.0346917556,0.0346917556
LRMC-SoftImpute,50,4,58,LRMC_SoftImpute_completed_p50_rep04_seed58.csv,internal:Cercopithecus_aethiops_AY863426|Chlorocebus_aethiops_C1_KU682691|Chlorocebus_aethiops_MN816163|Chlorocebus_cynosuros_C3_KU682693|Chlorocebus_cynosuros_KM262190|Chlorocebus_djamdjamensis_C5_KU682695,internal,6,0.0834758403,0.01659922902169665,-0.06687661127830336,0.06687661127830336
LRMC-SoftImpute,50,4,58,LRMC_SoftImpute_completed_p50_rep04_seed58.csv,internal:Cercopithecus_aethiops_AY863426|Chlorocebus_aethiops_C1_KU682691|Chlorocebus_aethiops_MN816163|Chlorocebus_cynosuros_C3_KU682693|Chlorocebus_cynosuros_KM262190,internal,5,0.012780756,0.0,-0.012780756,0.012780756
LRMC-SoftImpute,50,4,58,LRMC_SoftImpute_completed_p50_rep04_seed58.csv,internal:Cercopithecus_aethiops_AY863426|Chlorocebus_aethiops_C1_KU682691|Chlorocebus_aethiops_MN816163,internal,3,0.0048654608,0.005942885380168703,0.0010774245801687034,0.0010774245801687034
LRMC-SoftImpute,50,4,58,LRMC_SoftImpute_completed_p50_rep04_seed58.csv,terminal:Cercopithecus_aethiops_AY863426,terminal,1,0.0221835236,0.010777862837843169,-0.011405660762156832,0.011405660762156832
LRMC-SoftImpute,50,4,58,LRMC_SoftImpute_completed_p50_rep04_seed58.csv,internal:Chlorocebus_aethiops_C1_KU682691|Chlorocebus_aethiops_MN816163,internal,2,0.0120854426,0.01044059658151069,-0.0016448460184893092,0.0016448460184893092
LRMC-SoftImpute,50,4,58,LRMC_SoftImpute_completed_p50_rep04_seed58.csv,terminal:Chlorocebus_aethiops_C1_KU682691,terminal,1,0.0080961876,0.021049094471303688,0.012952906871303687,0.012952906871303687
LRMC-SoftImpute,50,4,58,LRMC_SoftImpute_completed_p50_rep04_seed58.csv,terminal:Chlorocebus_aethiops_MN816163,terminal,1,0.0104642592,0.006875975315810417,-0.003588283884189582,0.003588283884189582
LRMC-SoftImpute,50,4,58,LRMC_SoftImpute_completed_p50_rep04_seed58.csv,internal:Chlorocebus_cynosuros_C3_KU682693|Chlorocebus_cynosuros_KM262190,internal,2,0.0017398823,0.007756238382236264,0.006016356082236263,0.006016356082236263
LRMC-SoftImpute,50,4,58,LRMC_SoftImpute_completed_p50_rep04_seed58.csv,terminal:Chlorocebus_cynosuros_C3_KU682693,terminal,1,0.0241962287,0.026849161435388305,0.002652932735388306,0.002652932735388306
LRMC-SoftImpute,50,4,58,LRMC_SoftImpute_completed_p50_rep04_seed58.csv,terminal:Chlorocebus_cynosuros_KM262190,terminal,1,0.0250691331,0.011643121661211278,-0.013426011438788724,0.013426011438788724
LRMC-SoftImpute,50,4,58,LRMC_SoftImpute_completed_p50_rep04_seed58.csv,terminal:Chlorocebus_djamdjamensis_C5_KU682695,terminal,1,0.0319881948,0.034003227327986475,0.002015032527986474,0.002015032527986474
LRMC-SoftImpute,50,4,58,LRMC_SoftImpute_completed_p50_rep04_seed58.csv,internal:Cercopithecus_albogularis_KC757391|Cercopithecus_diana_KJ434958|Cercopithecus_lhoesti_KJ434957|Cercopithecus_mitis_KJ434956|Cercopithecus_neglectus_MW160353,internal,5,0.0020104988,0.010754603227610364,0.008744104427610365,0.008744104427610365
LRMC-SoftImpute,50,4,58,LRMC_SoftImpute_completed_p50_rep04_seed58.csv,internal:Cercopithecus_albogularis_KC757391|Cercopithecus_lhoesti_KJ434957|Cercopithecus_mitis_KJ434956,internal,3,0.0167387771,0.003761944068250254,-0.012976833031749747,0.012976833031749747
LRMC-SoftImpute,50,4,58,LRMC_SoftImpute_completed_p50_rep04_seed58.csv,internal:Cercopithecus_albogularis_KC757391|Cercopithecus_mitis_KJ434956,internal,2,0.0593605632,0.012519067421823425,-0.046841495778176576,0.046841495778176576
LRMC-SoftImpute,50,4,58,LRMC_SoftImpute_completed_p50_rep04_seed58.csv,terminal:Cercopithecus_albogularis_KC757391,terminal,1,0.0366651729,0.026562478728885515,-0.010102694171114486,0.010102694171114486
LRMC-SoftImpute,50,4,58,LRMC_SoftImpute_completed_p50_rep04_seed58.csv,terminal:Cercopithecus_mitis_KJ434956,terminal,1,0.0331901409,0.027067384318017907,-0.006122756581982091,0.006122756581982091
LRMC-SoftImpute,50,4,58,LRMC_SoftImpute_completed_p50_rep04_seed58.csv,terminal:Cercopithecus_lhoesti_KJ434957,terminal,1,0.096446469,0.0453951122963567,-0.05105135670364331,0.05105135670364331
LRMC-SoftImpute,50,4,58,LRMC_SoftImpute_completed_p50_rep04_seed58.csv,internal:Cercopithecus_diana_KJ434958|Cercopithecus_neglectus_MW160353,internal,2,0.0175917107,0.0,-0.0175917107,0.0175917107
LRMC-SoftImpute,50,4,58,LRMC_SoftImpute_completed_p50_rep04_seed58.csv,terminal:Cercopithecus_diana_KJ434958,terminal,1,0.1093319625,0.04703136296668242,-0.06230059953331758,0.06230059953331758
LRMC-SoftImpute,50,4,58,LRMC_SoftImpute_completed_p50_rep04_seed58.csv,terminal:Cercopithecus_neglectus_MW160353,terminal,1,0.1017112524,0.051684086632245246,-0.05002716576775475,0.05002716576775475
LRMC-SoftImpute,50,5,59,LRMC_SoftImpute_completed_p50_rep05_seed59.csv,terminal:Allenopithecus_nigroviridis_KJ434962,terminal,1,0.1474140195,0.03081515067250365,-0.11659886882749634,0.11659886882749634
LRMC-SoftImpute,50,5,59,LRMC_SoftImpute_completed_p50_rep05_seed59.csv,internal:Cercocebus_atys_KT159932|Cercocebus_chrysogaster_KC757390|Cercocebus_torquatus_KJ434959,internal,3,0.1544494817,0.013490524663793132,-0.14095895703620687,0.14095895703620687
LRMC-SoftImpute,50,5,59,LRMC_SoftImpute_completed_p50_rep05_seed59.csv,internal:Cercocebus_atys_KT159932|Cercocebus_torquatus_KJ434959,internal,2,0.0094381611,0.0,-0.0094381611,0.0094381611
LRMC-SoftImpute,50,5,59,LRMC_SoftImpute_completed_p50_rep05_seed59.csv,terminal:Cercocebus_atys_KT159932,terminal,1,0.0508580169,0.03751769732762919,-0.013340319572370807,0.013340319572370807
LRMC-SoftImpute,50,5,59,LRMC_SoftImpute_completed_p50_rep05_seed59.csv,terminal:Cercocebus_torquatus_KJ434959,terminal,1,0.0562685839,0.016084162637276737,-0.040184421262723265,0.040184421262723265
LRMC-SoftImpute,50,5,59,LRMC_SoftImpute_completed_p50_rep05_seed59.csv,terminal:Cercocebus_chrysogaster_KC757390,terminal,1,0.0511259412,0.02980085173390299,-0.021325089466097007,0.021325089466097007
LRMC-SoftImpute,50,5,59,LRMC_SoftImpute_completed_p50_rep05_seed59.csv,internal:Allenopithecus_nigroviridis_KJ434962|Cercocebus_atys_KT159932|Cercocebus_chrysogaster_KC757390|Cercocebus_torquatus_KJ434959,internal,4,0.0346917556,0.02783925447121288,-0.00685250112878712,0.00685250112878712
LRMC-SoftImpute,50,5,59,LRMC_SoftImpute_completed_p50_rep05_seed59.csv,internal:Cercopithecus_aethiops_AY863426|Chlorocebus_aethiops_C1_KU682691|Chlorocebus_aethiops_MN816163|Chlorocebus_cynosuros_C3_KU682693|Chlorocebus_cynosuros_KM262190|Chlorocebus_djamdjamensis_C5_KU682695,internal,6,0.0834758403,0.028392028007329807,-0.0550838122926702,0.0550838122926702
LRMC-SoftImpute,50,5,59,LRMC_SoftImpute_completed_p50_rep05_seed59.csv,internal:Cercopithecus_aethiops_AY863426|Chlorocebus_aethiops_C1_KU682691|Chlorocebus_aethiops_MN816163|Chlorocebus_cynosuros_C3_KU682693|Chlorocebus_cynosuros_KM262190,internal,5,0.012780756,0.015465125697434657,0.002684369697434656,0.002684369697434656
LRMC-SoftImpute,50,5,59,LRMC_SoftImpute_completed_p50_rep05_seed59.csv,internal:Cercopithecus_aethiops_AY863426|Chlorocebus_aethiops_C1_KU682691|Chlorocebus_aethiops_MN816163,internal,3,0.0048654608,0.011981973777036043,0.007116512977036043,0.007116512977036043
LRMC-SoftImpute,50,5,59,LRMC_SoftImpute_completed_p50_rep05_seed59.csv,terminal:Cercopithecus_aethiops_AY863426,terminal,1,0.0221835236,0.015499472809756778,-0.006684050790243224,0.006684050790243224
LRMC-SoftImpute,50,5,59,LRMC_SoftImpute_completed_p50_rep05_seed59.csv,internal:Chlorocebus_aethiops_C1_KU682691|Chlorocebus_aethiops_MN816163,internal,2,0.0120854426,0.005732822930186645,-0.006352619669813354,0.006352619669813354
LRMC-SoftImpute,50,5,59,LRMC_SoftImpute_completed_p50_rep05_seed59.csv,terminal:Chlorocebus_aethiops_C1_KU682691,terminal,1,0.0080961876,0.014224416000651292,0.006128228400651291,0.006128228400651291
LRMC-SoftImpute,50,5,59,LRMC_SoftImpute_completed_p50_rep05_seed59.csv,terminal:Chlorocebus_aethiops_MN816163,terminal,1,0.0104642592,0.0136729811452837,0.0032087219452837015,0.0032087219452837015
LRMC-SoftImpute,50,5,59,LRMC_SoftImpute_completed_p50_rep05_seed59.csv,internal:Chlorocebus_cynosuros_C3_KU682693|Chlorocebus_cynosuros_KM262190,internal,2,0.0017398823,0.0,-0.0017398823,0.0017398823
LRMC-SoftImpute,50,5,59,LRMC_SoftImpute_completed_p50_rep05_seed59.csv,terminal:Chlorocebus_cynosuros_C3_KU682693,terminal,1,0.0241962287,0.0301977525544691,0.006001523854469101,0.006001523854469101
LRMC-SoftImpute,50,5,59,LRMC_SoftImpute_completed_p50_rep05_seed59.csv,terminal:Chlorocebus_cynosuros_KM262190,terminal,1,0.0250691331,0.0,-0.0250691331,0.0250691331
LRMC-SoftImpute,50,5,59,LRMC_SoftImpute_completed_p50_rep05_seed59.csv,terminal:Chlorocebus_djamdjamensis_C5_KU682695,terminal,1,0.0319881948,0.010197657662186364,-0.021790537137813638,0.021790537137813638
LRMC-SoftImpute,50,5,59,LRMC_SoftImpute_completed_p50_rep05_seed59.csv,internal:Cercopithecus_albogularis_KC757391|Cercopithecus_diana_KJ434958|Cercopithecus_lhoesti_KJ434957|Cercopithecus_mitis_KJ434956|Cercopithecus_neglectus_MW160353,internal,5,0.0020104988,0.0,-0.0020104988,0.0020104988
LRMC-SoftImpute,50,5,59,LRMC_SoftImpute_completed_p50_rep05_seed59.csv,internal:Cercopithecus_albogularis_KC757391|Cercopithecus_lhoesti_KJ434957|Cercopithecus_mitis_KJ434956,internal,3,0.0167387771,0.0,-0.0167387771,0.0167387771
LRMC-SoftImpute,50,5,59,LRMC_SoftImpute_completed_p50_rep05_seed59.csv,internal:Cercopithecus_albogularis_KC757391|Cercopithecus_mitis_KJ434956,internal,2,0.0593605632,0.0034019877423753,-0.0559585754576247,0.0559585754576247
LRMC-SoftImpute,50,5,59,LRMC_SoftImpute_completed_p50_rep05_seed59.csv,terminal:Cercopithecus_albogularis_KC757391,terminal,1,0.0366651729,0.024593289065444664,-0.012071883834555337,0.012071883834555337
LRMC-SoftImpute,50,5,59,LRMC_SoftImpute_completed_p50_rep05_seed59.csv,terminal:Cercopithecus_mitis_KJ434956,terminal,1,0.0331901409,0.029036573981458712,-0.004153566918541286,0.004153566918541286
LRMC-SoftImpute,50,5,59,LRMC_SoftImpute_completed_p50_rep05_seed59.csv,terminal:Cercopithecus_lhoesti_KJ434957,terminal,1,0.096446469,0.03246597886603717,-0.06398049013396284,0.06398049013396284
LRMC-SoftImpute,50,5,59,LRMC_SoftImpute_completed_p50_rep05_seed59.csv,internal:Cercopithecus_diana_KJ434958|Cercopithecus_neglectus_MW160353,internal,2,0.0175917107,0.029364661823685308,0.011772951123685309,0.011772951123685309
LRMC-SoftImpute,50,5,59,LRMC_SoftImpute_completed_p50_rep05_seed59.csv,terminal:Cercopithecus_diana_KJ434958,terminal,1,0.1093319625,0.0076162224312411935,-0.10171574006875882,0.10171574006875882
LRMC-SoftImpute,50,5,59,LRMC_SoftImpute_completed_p50_rep05_seed59.csv,terminal:Cercopithecus_neglectus_MW160353,terminal,1,0.1017112524,0.02699353932914838,-0.07471771307085162,0.07471771307085162
LRMC-SoftImpute,50,6,60,LRMC_SoftImpute_completed_p50_rep06_seed60.csv,terminal:Allenopithecus_nigroviridis_KJ434962,terminal,1,0.1474140195,0.03790646778740405,-0.10950755171259594,0.10950755171259594
LRMC-SoftImpute,50,6,60,LRMC_SoftImpute_completed_p50_rep06_seed60.csv,internal:Cercocebus_atys_KT159932|Cercocebus_chrysogaster_KC757390|Cercocebus_torquatus_KJ434959,internal,3,0.1544494817,0.019996221230339405,-0.1344532604696606,0.1344532604696606
LRMC-SoftImpute,50,6,60,LRMC_SoftImpute_completed_p50_rep06_seed60.csv,internal:Cercocebus_atys_KT159932|Cercocebus_torquatus_KJ434959,internal,2,0.0094381611,0.0038490503910844362,-0.005589110708915564,0.005589110708915564
LRMC-SoftImpute,50,6,60,LRMC_SoftImpute_completed_p50_rep06_seed60.csv,terminal:Cercocebus_atys_KT159932,terminal,1,0.0508580169,0.020559043213023886,-0.03029897368697611,0.03029897368697611
LRMC-SoftImpute,50,6,60,LRMC_SoftImpute_completed_p50_rep06_seed60.csv,terminal:Cercocebus_torquatus_KJ434959,terminal,1,0.0562685839,0.03270376312753867,-0.02356482077246133,0.02356482077246133
LRMC-SoftImpute,50,6,60,LRMC_SoftImpute_completed_p50_rep06_seed60.csv,terminal:Cercocebus_chrysogaster_KC757390,terminal,1,0.0511259412,0.046390614988573206,-0.004735326211426791,0.004735326211426791
LRMC-SoftImpute,50,6,60,LRMC_SoftImpute_completed_p50_rep06_seed60.csv,internal:Allenopithecus_nigroviridis_KJ434962|Cercocebus_atys_KT159932|Cercocebus_chrysogaster_KC757390|Cercocebus_torquatus_KJ434959,internal,4,0.0346917556,0.015245332076715825,-0.019446423523284174,0.019446423523284174
LRMC-SoftImpute,50,6,60,LRMC_SoftImpute_completed_p50_rep06_seed60.csv,internal:Cercopithecus_aethiops_AY863426|Chlorocebus_aethiops_C1_KU682691|Chlorocebus_aethiops_MN816163|Chlorocebus_cynosuros_C3_KU682693|Chlorocebus_cynosuros_KM262190|Chlorocebus_djamdjamensis_C5_KU682695,internal,6,0.0834758403,0.03184146075203773,-0.051634379547962274,0.051634379547962274
LRMC-SoftImpute,50,6,60,LRMC_SoftImpute_completed_p50_rep06_seed60.csv,internal:Cercopithecus_aethiops_AY863426|Chlorocebus_aethiops_C1_KU682691|Chlorocebus_aethiops_MN816163|Chlorocebus_cynosuros_C3_KU682693|Chlorocebus_cynosuros_KM262190,internal,5,0.012780756,0.0,-0.012780756,0.012780756
LRMC-SoftImpute,50,6,60,LRMC_SoftImpute_completed_p50_rep06_seed60.csv,internal:Cercopithecus_aethiops_AY863426|Chlorocebus_aethiops_C1_KU682691|Chlorocebus_aethiops_MN816163,internal,3,0.0048654608,0.0026126940070475843,-0.0022527667929524153,0.0022527667929524153
LRMC-SoftImpute,50,6,60,LRMC_SoftImpute_completed_p50_rep06_seed60.csv,terminal:Cercopithecus_aethiops_AY863426,terminal,1,0.0221835236,0.019104407161434935,-0.003079116438565066,0.003079116438565066
LRMC-SoftImpute,50,6,60,LRMC_SoftImpute_completed_p50_rep06_seed60.csv,internal:Chlorocebus_aethiops_C1_KU682691|Chlorocebus_aethiops_MN816163,internal,2,0.0120854426,0.00651246878328927,-0.00557297381671073,0.00557297381671073
LRMC-SoftImpute,50,6,60,LRMC_SoftImpute_completed_p50_rep06_seed60.csv,terminal:Chlorocebus_aethiops_C1_KU682691,terminal,1,0.0080961876,0.0260126841342406,0.0179164965342406,0.0179164965342406
LRMC-SoftImpute,50,6,60,LRMC_SoftImpute_completed_p50_rep06_seed60.csv,terminal:Chlorocebus_aethiops_MN816163,terminal,1,0.0104642592,0.0,-0.0104642592,0.0104642592
LRMC-SoftImpute,50,6,60,LRMC_SoftImpute_completed_p50_rep06_seed60.csv,internal:Chlorocebus_cynosuros_C3_KU682693|Chlorocebus_cynosuros_KM262190,internal,2,0.0017398823,0.0,-0.0017398823,0.0017398823
LRMC-SoftImpute,50,6,60,LRMC_SoftImpute_completed_p50_rep06_seed60.csv,terminal:Chlorocebus_cynosuros_C3_KU682693,terminal,1,0.0241962287,0.02728311001805399,0.0030868813180539925,0.0030868813180539925
LRMC-SoftImpute,50,6,60,LRMC_SoftImpute_completed_p50_rep06_seed60.csv,terminal:Chlorocebus_cynosuros_KM262190,terminal,1,0.0250691331,0.003407321478652581,-0.02166181162134742,0.02166181162134742
LRMC-SoftImpute,50,6,60,LRMC_SoftImpute_completed_p50_rep06_seed60.csv,terminal:Chlorocebus_djamdjamensis_C5_KU682695,terminal,1,0.0319881948,0.02228398118799801,-0.00970421361200199,0.00970421361200199
LRMC-SoftImpute,50,6,60,LRMC_SoftImpute_completed_p50_rep06_seed60.csv,internal:Cercopithecus_albogularis_KC757391|Cercopithecus_diana_KJ434958|Cercopithecus_lhoesti_KJ434957|Cercopithecus_mitis_KJ434956|Cercopithecus_neglectus_MW160353,internal,5,0.0020104988,0.0,-0.0020104988,0.0020104988
LRMC-SoftImpute,50,6,60,LRMC_SoftImpute_completed_p50_rep06_seed60.csv,internal:Cercopithecus_albogularis_KC757391|Cercopithecus_lhoesti_KJ434957|Cercopithecus_mitis_KJ434956,internal,3,0.0167387771,0.006508764734142439,-0.010230012365857563,0.010230012365857563
LRMC-SoftImpute,50,6,60,LRMC_SoftImpute_completed_p50_rep06_seed60.csv,internal:Cercopithecus_albogularis_KC757391|Cercopithecus_mitis_KJ434956,internal,2,0.0593605632,0.016432396484411874,-0.04292816671558813,0.04292816671558813
LRMC-SoftImpute,50,6,60,LRMC_SoftImpute_completed_p50_rep06_seed60.csv,terminal:Cercopithecus_albogularis_KC757391,terminal,1,0.0366651729,0.022509981984243612,-0.014155190915756389,0.014155190915756389
LRMC-SoftImpute,50,6,60,LRMC_SoftImpute_completed_p50_rep06_seed60.csv,terminal:Cercopithecus_mitis_KJ434956,terminal,1,0.0331901409,0.031119881062659803,-0.002070259837340195,0.002070259837340195
LRMC-SoftImpute,50,6,60,LRMC_SoftImpute_completed_p50_rep06_seed60.csv,terminal:Cercopithecus_lhoesti_KJ434957,terminal,1,0.096446469,0.037459912116376205,-0.0589865568836238,0.0589865568836238
LRMC-SoftImpute,50,6,60,LRMC_SoftImpute_completed_p50_rep06_seed60.csv,internal:Cercopithecus_diana_KJ434958|Cercopithecus_neglectus_MW160353,internal,2,0.0175917107,0.0,-0.0175917107,0.0175917107
LRMC-SoftImpute,50,6,60,LRMC_SoftImpute_completed_p50_rep06_seed60.csv,terminal:Cercopithecus_diana_KJ434958,terminal,1,0.1093319625,0.04880141348649032,-0.06053054901350968,0.06053054901350968
LRMC-SoftImpute,50,6,60,LRMC_SoftImpute_completed_p50_rep06_seed60.csv,terminal:Cercopithecus_neglectus_MW160353,terminal,1,0.1017112524,0.06426764208697522,-0.037443610313024775,0.037443610313024775
LRMC-SoftImpute,50,7,61,LRMC_SoftImpute_completed_p50_rep07_seed61.csv,terminal:Allenopithecus_nigroviridis_KJ434962,terminal,1,0.1474140195,0.02395957893394754,-0.12345444056605245,0.12345444056605245
LRMC-SoftImpute,50,7,61,LRMC_SoftImpute_completed_p50_rep07_seed61.csv,internal:Cercocebus_atys_KT159932|Cercocebus_chrysogaster_KC757390|Cercocebus_torquatus_KJ434959,internal,3,0.1544494817,0.0007566648558396845,-0.1536928168441603,0.1536928168441603
LRMC-SoftImpute,50,7,61,LRMC_SoftImpute_completed_p50_rep07_seed61.csv,internal:Cercocebus_atys_KT159932|Cercocebus_torquatus_KJ434959,internal,2,0.0094381611,0.0,-0.0094381611,0.0094381611
LRMC-SoftImpute,50,7,61,LRMC_SoftImpute_completed_p50_rep07_seed61.csv,terminal:Cercocebus_atys_KT159932,terminal,1,0.0508580169,0.04146624993181276,-0.009391766968187235,0.009391766968187235
LRMC-SoftImpute,50,7,61,LRMC_SoftImpute_completed_p50_rep07_seed61.csv,terminal:Cercocebus_torquatus_KJ434959,terminal,1,0.0562685839,0.030173981304718028,-0.026094602595281974,0.026094602595281974
LRMC-SoftImpute,50,7,61,LRMC_SoftImpute_completed_p50_rep07_seed61.csv,terminal:Cercocebus_chrysogaster_KC757390,terminal,1,0.0511259412,0.030676276717130944,-0.020449664482869053,0.020449664482869053
LRMC-SoftImpute,50,7,61,LRMC_SoftImpute_completed_p50_rep07_seed61.csv,internal:Allenopithecus_nigroviridis_KJ434962|Cercocebus_atys_KT159932|Cercocebus_chrysogaster_KC757390|Cercocebus_torquatus_KJ434959,internal,4,0.0346917556,0.03457697053875176,-0.00011478506124824178,0.00011478506124824178
LRMC-SoftImpute,50,7,61,LRMC_SoftImpute_completed_p50_rep07_seed61.csv,internal:Cercopithecus_aethiops_AY863426|Chlorocebus_aethiops_C1_KU682691|Chlorocebus_aethiops_MN816163|Chlorocebus_cynosuros_C3_KU682693|Chlorocebus_cynosuros_KM262190|Chlorocebus_djamdjamensis_C5_KU682695,internal,6,0.0834758403,0.023201629703346414,-0.060274210596653596,0.060274210596653596
LRMC-SoftImpute,50,7,61,LRMC_SoftImpute_completed_p50_rep07_seed61.csv,internal:Cercopithecus_aethiops_AY863426|Chlorocebus_aethiops_C1_KU682691|Chlorocebus_aethiops_MN816163|Chlorocebus_cynosuros_C3_KU682693|Chlorocebus_cynosuros_KM262190,internal,5,0.012780756,0.022145741575322564,0.009364985575322563,0.009364985575322563
LRMC-SoftImpute,50,7,61,LRMC_SoftImpute_completed_p50_rep07_seed61.csv,internal:Cercopithecus_aethiops_AY863426|Chlorocebus_aethiops_C1_KU682691|Chlorocebus_aethiops_MN816163,internal,3,0.0048654608,0.0,-0.0048654608,0.0048654608
LRMC-SoftImpute,50,7,61,LRMC_SoftImpute_completed_p50_rep07_seed61.csv,terminal:Cercopithecus_aethiops_AY863426,terminal,1,0.0221835236,0.006860572473506661,-0.015322951126493341,0.015322951126493341
LRMC-SoftImpute,50,7,61,LRMC_SoftImpute_completed_p50_rep07_seed61.csv,internal:Chlorocebus_aethiops_C1_KU682691|Chlorocebus_aethiops_MN816163,internal,2,0.0120854426,0.014750461157142899,0.0026650185571428994,0.0026650185571428994
LRMC-SoftImpute,50,7,61,LRMC_SoftImpute_completed_p50_rep07_seed61.csv,terminal:Chlorocebus_aethiops_C1_KU682691,terminal,1,0.0080961876,0.01081859077685261,0.002722403176852609,0.002722403176852609
LRMC-SoftImpute,50,7,61,LRMC_SoftImpute_completed_p50_rep07_seed61.csv,terminal:Chlorocebus_aethiops_MN816163,terminal,1,0.0104642592,0.005353751466525809,-0.0051105077334741905,0.0051105077334741905
LRMC-SoftImpute,50,7,61,LRMC_SoftImpute_completed_p50_rep07_seed61.csv,internal:Chlorocebus_cynosuros_C3_KU682693|Chlorocebus_cynosuros_KM262190,internal,2,0.0017398823,0.0032892893465843818,0.0015494070465843818,0.0015494070465843818
LRMC-SoftImpute,50,7,61,LRMC_SoftImpute_completed_p50_rep07_seed61.csv,terminal:Chlorocebus_cynosuros_C3_KU682693,terminal,1,0.0241962287,0.019077785709187303,-0.005118442990812697,0.005118442990812697
LRMC-SoftImpute,50,7,61,LRMC_SoftImpute_completed_p50_rep07_seed61.csv,terminal:Chlorocebus_cynosuros_KM262190,terminal,1,0.0250691331,0.0194144973874123,-0.005654635712587702,0.005654635712587702
LRMC-SoftImpute,50,7,61,LRMC_SoftImpute_completed_p50_rep07_seed61.csv,terminal:Chlorocebus_djamdjamensis_C5_KU682695,terminal,1,0.0319881948,0.01181483487149975,-0.02017335992850025,0.02017335992850025
LRMC-SoftImpute,50,7,61,LRMC_SoftImpute_completed_p50_rep07_seed61.csv,internal:Cercopithecus_albogularis_KC757391|Cercopithecus_diana_KJ434958|Cercopithecus_lhoesti_KJ434957|Cercopithecus_mitis_KJ434956|Cercopithecus_neglectus_MW160353,internal,5,0.0020104988,0.0,-0.0020104988,0.0020104988
LRMC-SoftImpute,50,7,61,LRMC_SoftImpute_completed_p50_rep07_seed61.csv,internal:Cercopithecus_albogularis_KC757391|Cercopithecus_lhoesti_KJ434957|Cercopithecus_mitis_KJ434956,internal,3,0.0167387771,0.0,-0.0167387771,0.0167387771
LRMC-SoftImpute,50,7,61,LRMC_SoftImpute_completed_p50_rep07_seed61.csv,internal:Cercopithecus_albogularis_KC757391|Cercopithecus_mitis_KJ434956,internal,2,0.0593605632,0.0,-0.0593605632,0.0593605632
LRMC-SoftImpute,50,7,61,LRMC_SoftImpute_completed_p50_rep07_seed61.csv,terminal:Cercopithecus_albogularis_KC757391,terminal,1,0.0366651729,0.03568827703122265,-0.000976895868777354,0.000976895868777354
LRMC-SoftImpute,50,7,61,LRMC_SoftImpute_completed_p50_rep07_seed61.csv,terminal:Cercopithecus_mitis_KJ434956,terminal,1,0.0331901409,0.025060677373501445,-0.008129463526498553,0.008129463526498553
LRMC-SoftImpute,50,7,61,LRMC_SoftImpute_completed_p50_rep07_seed61.csv,terminal:Cercopithecus_lhoesti_KJ434957,terminal,1,0.096446469,0.04359232914663888,-0.052854139853361126,0.052854139853361126
LRMC-SoftImpute,50,7,61,LRMC_SoftImpute_completed_p50_rep07_seed61.csv,internal:Cercopithecus_diana_KJ434958|Cercopithecus_neglectus_MW160353,internal,2,0.0175917107,0.0,-0.0175917107,0.0175917107
LRMC-SoftImpute,50,7,61,LRMC_SoftImpute_completed_p50_rep07_seed61.csv,terminal:Cercopithecus_diana_KJ434958,terminal,1,0.1093319625,0.05548470365824114,-0.053847258841758866,0.053847258841758866
LRMC-SoftImpute,50,7,61,LRMC_SoftImpute_completed_p50_rep07_seed61.csv,terminal:Cercopithecus_neglectus_MW160353,terminal,1,0.1017112524,0.06370311075036772,-0.038008141649632274,0.038008141649632274
LRMC-SoftImpute,50,8,62,LRMC_SoftImpute_completed_p50_rep08_seed62.csv,terminal:Allenopithecus_nigroviridis_KJ434962,terminal,1,0.1474140195,0.04392259352191034,-0.10349142597808966,0.10349142597808966
LRMC-SoftImpute,50,8,62,LRMC_SoftImpute_completed_p50_rep08_seed62.csv,internal:Cercocebus_atys_KT159932|Cercocebus_chrysogaster_KC757390|Cercocebus_torquatus_KJ434959,internal,3,0.1544494817,0.04282066831950942,-0.11162881338049058,0.11162881338049058
LRMC-SoftImpute,50,8,62,LRMC_SoftImpute_completed_p50_rep08_seed62.csv,internal:Cercocebus_atys_KT159932|Cercocebus_torquatus_KJ434959,internal,2,0.0094381611,0.0,-0.0094381611,0.0094381611
LRMC-SoftImpute,50,8,62,LRMC_SoftImpute_completed_p50_rep08_seed62.csv,terminal:Cercocebus_atys_KT159932,terminal,1,0.0508580169,0.030481634032586708,-0.02037638286741329,0.02037638286741329
LRMC-SoftImpute,50,8,62,LRMC_SoftImpute_completed_p50_rep08_seed62.csv,terminal:Cercocebus_torquatus_KJ434959,terminal,1,0.0562685839,0.031768076038521345,-0.024500507861478657,0.024500507861478657
LRMC-SoftImpute,50,8,62,LRMC_SoftImpute_completed_p50_rep08_seed62.csv,terminal:Cercocebus_chrysogaster_KC757390,terminal,1,0.0511259412,0.037666315539834426,-0.013459625660165571,0.013459625660165571
LRMC-SoftImpute,50,8,62,LRMC_SoftImpute_completed_p50_rep08_seed62.csv,internal:Allenopithecus_nigroviridis_KJ434962|Cercocebus_atys_KT159932|Cercocebus_chrysogaster_KC757390|Cercocebus_torquatus_KJ434959,internal,4,0.0346917556,0.00812984977538108,-0.02656190582461892,0.02656190582461892
LRMC-SoftImpute,50,8,62,LRMC_SoftImpute_completed_p50_rep08_seed62.csv,internal:Cercopithecus_aethiops_AY863426|Chlorocebus_aethiops_C1_KU682691|Chlorocebus_aethiops_MN816163|Chlorocebus_cynosuros_C3_KU682693|Chlorocebus_cynosuros_KM262190|Chlorocebus_djamdjamensis_C5_KU682695,internal,6,0.0834758403,0.01937378264007366,-0.06410205765992635,0.06410205765992635
LRMC-SoftImpute,50,8,62,LRMC_SoftImpute_completed_p50_rep08_seed62.csv,internal:Cercopithecus_aethiops_AY863426|Chlorocebus_aethiops_C1_KU682691|Chlorocebus_aethiops_MN816163|Chlorocebus_cynosuros_C3_KU682693|Chlorocebus_cynosuros_KM262190,internal,5,0.012780756,0.01059214093723552,-0.0021886150627644808,0.0021886150627644808
LRMC-SoftImpute,50,8,62,LRMC_SoftImpute_completed_p50_rep08_seed62.csv,internal:Cercopithecus_aethiops_AY863426|Chlorocebus_aethiops_C1_KU682691|Chlorocebus_aethiops_MN816163,internal,3,0.0048654608,0.0,-0.0048654608,0.0048654608
LRMC-SoftImpute,50,8,62,LRMC_SoftImpute_completed_p50_rep08_seed62.csv,terminal:Cercopithecus_aethiops_AY863426,terminal,1,0.0221835236,0.016596923449817693,-0.005586600150182308,0.005586600150182308
LRMC-SoftImpute,50,8,62,LRMC_SoftImpute_completed_p50_rep08_seed62.csv,internal:Chlorocebus_aethiops_C1_KU682691|Chlorocebus_aethiops_MN816163,internal,2,0.0120854426,0.0056474794850918785,-0.006437963114908121,0.006437963114908121
LRMC-SoftImpute,50,8,62,LRMC_SoftImpute_completed_p50_rep08_seed62.csv,terminal:Chlorocebus_aethiops_C1_KU682691,terminal,1,0.0080961876,0.01654091011966446,0.00844472251966446,0.00844472251966446
LRMC-SoftImpute,50,8,62,LRMC_SoftImpute_completed_p50_rep08_seed62.csv,terminal:Chlorocebus_aethiops_MN816163,terminal,1,0.0104642592,0.0,-0.0104642592,0.0104642592
LRMC-SoftImpute,50,8,62,LRMC_SoftImpute_completed_p50_rep08_seed62.csv,internal:Chlorocebus_cynosuros_C3_KU682693|Chlorocebus_cynosuros_KM262190,internal,2,0.0017398823,0.00793456565499951,0.00619468335499951,0.00619468335499951
LRMC-SoftImpute,50,8,62,LRMC_SoftImpute_completed_p50_rep08_seed62.csv,terminal:Chlorocebus_cynosuros_C3_KU682693,terminal,1,0.0241962287,0.0206988741181574,-0.0034973545818425995,0.0034973545818425995
LRMC-SoftImpute,50,8,62,LRMC_SoftImpute_completed_p50_rep08_seed62.csv,terminal:Chlorocebus_cynosuros_KM262190,terminal,1,0.0250691331,0.017793408978442164,-0.0072757241215578375,0.0072757241215578375
LRMC-SoftImpute,50,8,62,LRMC_SoftImpute_completed_p50_rep08_seed62.csv,terminal:Chlorocebus_djamdjamensis_C5_KU682695,terminal,1,0.0319881948,0.016076127733960468,-0.015912067066039533,0.015912067066039533
LRMC-SoftImpute,50,8,62,LRMC_SoftImpute_completed_p50_rep08_seed62.csv,internal:Cercopithecus_albogularis_KC757391|Cercopithecus_diana_KJ434958|Cercopithecus_lhoesti_KJ434957|Cercopithecus_mitis_KJ434956|Cercopithecus_neglectus_MW160353,internal,5,0.0020104988,0.00592750410153518,0.00391700530153518,0.00391700530153518
LRMC-SoftImpute,50,8,62,LRMC_SoftImpute_completed_p50_rep08_seed62.csv,internal:Cercopithecus_albogularis_KC757391|Cercopithecus_lhoesti_KJ434957|Cercopithecus_mitis_KJ434956,internal,3,0.0167387771,0.006174710348579154,-0.010564066751420846,0.010564066751420846
LRMC-SoftImpute,50,8,62,LRMC_SoftImpute_completed_p50_rep08_seed62.csv,internal:Cercopithecus_albogularis_KC757391|Cercopithecus_mitis_KJ434956,internal,2,0.0593605632,0.0,-0.0593605632,0.0593605632
LRMC-SoftImpute,50,8,62,LRMC_SoftImpute_completed_p50_rep08_seed62.csv,terminal:Cercopithecus_albogularis_KC757391,terminal,1,0.0366651729,0.04543230704660333,0.00876713414660333,0.00876713414660333
LRMC-SoftImpute,50,8,62,LRMC_SoftImpute_completed_p50_rep08_seed62.csv,terminal:Cercopithecus_mitis_KJ434956,terminal,1,0.0331901409,0.03552205818845452,0.00233191728845452,0.00233191728845452
LRMC-SoftImpute,50,8,62,LRMC_SoftImpute_completed_p50_rep08_seed62.csv,terminal:Cercopithecus_lhoesti_KJ434957,terminal,1,0.096446469,0.036089780710248535,-0.06035668828975147,0.06035668828975147
LRMC-SoftImpute,50,8,62,LRMC_SoftImpute_completed_p50_rep08_seed62.csv,internal:Cercopithecus_diana_KJ434958|Cercopithecus_neglectus_MW160353,internal,2,0.0175917107,0.02203812709248559,0.004446416392485591,0.004446416392485591
LRMC-SoftImpute,50,8,62,LRMC_SoftImpute_completed_p50_rep08_seed62.csv,terminal:Cercopithecus_diana_KJ434958,terminal,1,0.1093319625,0.028521900372411143,-0.08081006212758886,0.08081006212758886
LRMC-SoftImpute,50,8,62,LRMC_SoftImpute_completed_p50_rep08_seed62.csv,terminal:Cercopithecus_neglectus_MW160353,terminal,1,0.1017112524,0.014694140589940357,-0.08701711181005964,0.08701711181005964
LRMC-SoftImpute,50,9,63,LRMC_SoftImpute_completed_p50_rep09_seed63.csv,terminal:Allenopithecus_nigroviridis_KJ434962,terminal,1,0.1474140195,0.05174672520830131,-0.09566729429169868,0.09566729429169868
LRMC-SoftImpute,50,9,63,LRMC_SoftImpute_completed_p50_rep09_seed63.csv,internal:Cercocebus_atys_KT159932|Cercocebus_chrysogaster_KC757390|Cercocebus_torquatus_KJ434959,internal,3,0.1544494817,0.028581038842207626,-0.12586844285779236,0.12586844285779236
LRMC-SoftImpute,50,9,63,LRMC_SoftImpute_completed_p50_rep09_seed63.csv,internal:Cercocebus_atys_KT159932|Cercocebus_torquatus_KJ434959,internal,2,0.0094381611,0.0,-0.0094381611,0.0094381611
LRMC-SoftImpute,50,9,63,LRMC_SoftImpute_completed_p50_rep09_seed63.csv,terminal:Cercocebus_atys_KT159932,terminal,1,0.0508580169,0.05173286409077699,0.0008748471907769895,0.0008748471907769895
LRMC-SoftImpute,50,9,63,LRMC_SoftImpute_completed_p50_rep09_seed63.csv,terminal:Cercocebus_torquatus_KJ434959,terminal,1,0.0562685839,0.009155227612546567,-0.04711335628745343,0.04711335628745343
LRMC-SoftImpute,50,9,63,LRMC_SoftImpute_completed_p50_rep09_seed63.csv,terminal:Cercocebus_chrysogaster_KC757390,terminal,1,0.0511259412,0.03645364039758201,-0.014672300802417985,0.014672300802417985
LRMC-SoftImpute,50,9,63,LRMC_SoftImpute_completed_p50_rep09_seed63.csv,internal:Allenopithecus_nigroviridis_KJ434962|Cercocebus_atys_KT159932|Cercocebus_chrysogaster_KC757390|Cercocebus_torquatus_KJ434959,internal,4,0.0346917556,0.009210513308642004,-0.025481242291357994,0.025481242291357994
LRMC-SoftImpute,50,9,63,LRMC_SoftImpute_completed_p50_rep09_seed63.csv,internal:Cercopithecus_aethiops_AY863426|Chlorocebus_aethiops_C1_KU682691|Chlorocebus_aethiops_MN816163|Chlorocebus_cynosuros_C3_KU682693|Chlorocebus_cynosuros_KM262190|Chlorocebus_djamdjamensis_C5_KU682695,internal,6,0.0834758403,0.024713607288735288,-0.05876223301126472,0.05876223301126472
LRMC-SoftImpute,50,9,63,LRMC_SoftImpute_completed_p50_rep09_seed63.csv,internal:Cercopithecus_aethiops_AY863426|Chlorocebus_aethiops_C1_KU682691|Chlorocebus_aethiops_MN816163|Chlorocebus_cynosuros_C3_KU682693|Chlorocebus_cynosuros_KM262190,internal,5,0.012780756,0.0,-0.012780756,0.012780756
LRMC-SoftImpute,50,9,63,LRMC_SoftImpute_completed_p50_rep09_seed63.csv,internal:Cercopithecus_aethiops_AY863426|Chlorocebus_aethiops_C1_KU682691|Chlorocebus_aethiops_MN816163,internal,3,0.0048654608,0.016979261939161824,0.012113801139161825,0.012113801139161825
LRMC-SoftImpute,50,9,63,LRMC_SoftImpute_completed_p50_rep09_seed63.csv,terminal:Cercopithecus_aethiops_AY863426,terminal,1,0.0221835236,0.018403636942402938,-0.0037798866575970633,0.0037798866575970633
LRMC-SoftImpute,50,9,63,LRMC_SoftImpute_completed_p50_rep09_seed63.csv,internal:Chlorocebus_aethiops_C1_KU682691|Chlorocebus_aethiops_MN816163,internal,2,0.0120854426,0.0,-0.0120854426,0.0120854426
LRMC-SoftImpute,50,9,63,LRMC_SoftImpute_completed_p50_rep09_seed63.csv,terminal:Chlorocebus_aethiops_C1_KU682691,terminal,1,0.0080961876,0.007057781313374729,-0.0010384062866252717,0.0010384062866252717
LRMC-SoftImpute,50,9,63,LRMC_SoftImpute_completed_p50_rep09_seed63.csv,terminal:Chlorocebus_aethiops_MN816163,terminal,1,0.0104642592,0.0056849611926110925,-0.004779298007388907,0.004779298007388907
LRMC-SoftImpute,50,9,63,LRMC_SoftImpute_completed_p50_rep09_seed63.csv,internal:Chlorocebus_cynosuros_C3_KU682693|Chlorocebus_cynosuros_KM262190,internal,2,0.0017398823,0.0,-0.0017398823,0.0017398823
LRMC-SoftImpute,50,9,63,LRMC_SoftImpute_completed_p50_rep09_seed63.csv,terminal:Chlorocebus_cynosuros_C3_KU682693,terminal,1,0.0241962287,0.021832625798173938,-0.002363602901826061,0.002363602901826061
LRMC-SoftImpute,50,9,63,LRMC_SoftImpute_completed_p50_rep09_seed63.csv,terminal:Chlorocebus_cynosuros_KM262190,terminal,1,0.0250691331,0.016032398844670906,-0.009036734255329096,0.009036734255329096
LRMC-SoftImpute,50,9,63,LRMC_SoftImpute_completed_p50_rep09_seed63.csv,terminal:Chlorocebus_djamdjamensis_C5_KU682695,terminal,1,0.0319881948,0.027487612441242884,-0.004500582358757117,0.004500582358757117
LRMC-SoftImpute,50,9,63,LRMC_SoftImpute_completed_p50_rep09_seed63.csv,internal:Cercopithecus_albogularis_KC757391|Cercopithecus_diana_KJ434958|Cercopithecus_lhoesti_KJ434957|Cercopithecus_mitis_KJ434956|Cercopithecus_neglectus_MW160353,internal,5,0.0020104988,0.002118502174548136,0.00010800337454813574,0.00010800337454813574
LRMC-SoftImpute,50,9,63,LRMC_SoftImpute_completed_p50_rep09_seed63.csv,internal:Cercopithecus_albogularis_KC757391|Cercopithecus_lhoesti_KJ434957|Cercopithecus_mitis_KJ434956,internal,3,0.0167387771,0.0,-0.0167387771,0.0167387771
LRMC-SoftImpute,50,9,63,LRMC_SoftImpute_completed_p50_rep09_seed63.csv,internal:Cercopithecus_albogularis_KC757391|Cercopithecus_mitis_KJ434956,internal,2,0.0593605632,0.002476971929390549,-0.05688359127060945,0.05688359127060945
LRMC-SoftImpute,50,9,63,LRMC_SoftImpute_completed_p50_rep09_seed63.csv,terminal:Cercopithecus_albogularis_KC757391,terminal,1,0.0366651729,0.04396371276512894,0.00729853986512894,0.00729853986512894
LRMC-SoftImpute,50,9,63,LRMC_SoftImpute_completed_p50_rep09_seed63.csv,terminal:Cercopithecus_mitis_KJ434956,terminal,1,0.0331901409,0.041001342422472595,0.007811201522472597,0.007811201522472597
LRMC-SoftImpute,50,9,63,LRMC_SoftImpute_completed_p50_rep09_seed63.csv,terminal:Cercopithecus_lhoesti_KJ434957,terminal,1,0.096446469,0.055593720916400184,-0.04085274808359982,0.04085274808359982
LRMC-SoftImpute,50,9,63,LRMC_SoftImpute_completed_p50_rep09_seed63.csv,internal:Cercopithecus_diana_KJ434958|Cercopithecus_neglectus_MW160353,internal,2,0.0175917107,0.014861795174237304,-0.002729915525762695,0.002729915525762695
LRMC-SoftImpute,50,9,63,LRMC_SoftImpute_completed_p50_rep09_seed63.csv,terminal:Cercopithecus_diana_KJ434958,terminal,1,0.1093319625,0.042471759190944154,-0.06686020330905584,0.06686020330905584
LRMC-SoftImpute,50,9,63,LRMC_SoftImpute_completed_p50_rep09_seed63.csv,terminal:Cercopithecus_neglectus_MW160353,terminal,1,0.1017112524,0.03436874062867908,-0.06734251177132092,0.06734251177132092
LRMC-SoftImpute,50,10,64,LRMC_SoftImpute_completed_p50_rep10_seed64.csv,terminal:Allenopithecus_nigroviridis_KJ434962,terminal,1,0.1474140195,0.04482790116619725,-0.10258611833380274,0.10258611833380274
LRMC-SoftImpute,50,10,64,LRMC_SoftImpute_completed_p50_rep10_seed64.csv,internal:Cercocebus_atys_KT159932|Cercocebus_chrysogaster_KC757390|Cercocebus_torquatus_KJ434959,internal,3,0.1544494817,0.01726584972731453,-0.13718363197268546,0.13718363197268546
LRMC-SoftImpute,50,10,64,LRMC_SoftImpute_completed_p50_rep10_seed64.csv,internal:Cercocebus_atys_KT159932|Cercocebus_torquatus_KJ434959,internal,2,0.0094381611,0.002963869795590843,-0.006474291304409158,0.006474291304409158
LRMC-SoftImpute,50,10,64,LRMC_SoftImpute_completed_p50_rep10_seed64.csv,terminal:Cercocebus_atys_KT159932,terminal,1,0.0508580169,0.01777120562411105,-0.033086811275888944,0.033086811275888944
LRMC-SoftImpute,50,10,64,LRMC_SoftImpute_completed_p50_rep10_seed64.csv,terminal:Cercocebus_torquatus_KJ434959,terminal,1,0.0562685839,0.0300806800007923,-0.026187903899207703,0.026187903899207703
LRMC-SoftImpute,50,10,64,LRMC_SoftImpute_completed_p50_rep10_seed64.csv,terminal:Cercocebus_chrysogaster_KC757390,terminal,1,0.0511259412,0.030020808825313137,-0.02110513237468686,0.02110513237468686
LRMC-SoftImpute,50,10,64,LRMC_SoftImpute_completed_p50_rep10_seed64.csv,internal:Allenopithecus_nigroviridis_KJ434962|Cercocebus_atys_KT159932|Cercocebus_chrysogaster_KC757390|Cercocebus_torquatus_KJ434959,internal,4,0.0346917556,0.030759638795938703,-0.003932116804061296,0.003932116804061296
LRMC-SoftImpute,50,10,64,LRMC_SoftImpute_completed_p50_rep10_seed64.csv,internal:Cercopithecus_aethiops_AY863426|Chlorocebus_aethiops_C1_KU682691|Chlorocebus_aethiops_MN816163|Chlorocebus_cynosuros_C3_KU682693|Chlorocebus_cynosuros_KM262190|Chlorocebus_djamdjamensis_C5_KU682695,internal,6,0.0834758403,0.017223048288664007,-0.06625279201133599,0.06625279201133599
LRMC-SoftImpute,50,10,64,LRMC_SoftImpute_completed_p50_rep10_seed64.csv,internal:Cercopithecus_aethiops_AY863426|Chlorocebus_aethiops_C1_KU682691|Chlorocebus_aethiops_MN816163|Chlorocebus_cynosuros_C3_KU682693|Chlorocebus_cynosuros_KM262190,internal,5,0.012780756,0.0028757359842078918,-0.00990502001579211,0.00990502001579211
LRMC-SoftImpute,50,10,64,LRMC_SoftImpute_completed_p50_rep10_seed64.csv,internal:Cercopithecus_aethiops_AY863426|Chlorocebus_aethiops_C1_KU682691|Chlorocebus_aethiops_MN816163,internal,3,0.0048654608,0.0,-0.0048654608,0.0048654608
LRMC-SoftImpute,50,10,64,LRMC_SoftImpute_completed_p50_rep10_seed64.csv,terminal:Cercopithecus_aethiops_AY863426,terminal,1,0.0221835236,0.026975891310718318,0.004792367710718316,0.004792367710718316
LRMC-SoftImpute,50,10,64,LRMC_SoftImpute_completed_p50_rep10_seed64.csv,internal:Chlorocebus_aethiops_C1_KU682691|Chlorocebus_aethiops_MN816163,internal,2,0.0120854426,0.0,-0.0120854426,0.0120854426
LRMC-SoftImpute,50,10,64,LRMC_SoftImpute_completed_p50_rep10_seed64.csv,terminal:Chlorocebus_aethiops_C1_KU682691,terminal,1,0.0080961876,0.029273201570154728,0.02117701397015473,0.02117701397015473
LRMC-SoftImpute,50,10,64,LRMC_SoftImpute_completed_p50_rep10_seed64.csv,terminal:Chlorocebus_aethiops_MN816163,terminal,1,0.0104642592,0.007591298199720616,-0.0028729610002793836,0.0028729610002793836
LRMC-SoftImpute,50,10,64,LRMC_SoftImpute_completed_p50_rep10_seed64.csv,internal:Chlorocebus_cynosuros_C3_KU682693|Chlorocebus_cynosuros_KM262190,internal,2,0.0017398823,0.009405983052866643,0.007666100752866643,0.007666100752866643
LRMC-SoftImpute,50,10,64,LRMC_SoftImpute_completed_p50_rep10_seed64.csv,terminal:Chlorocebus_cynosuros_C3_KU682693,terminal,1,0.0241962287,0.009868260512139003,-0.014327968187860996,0.014327968187860996
LRMC-SoftImpute,50,10,64,LRMC_SoftImpute_completed_p50_rep10_seed64.csv,terminal:Chlorocebus_cynosuros_KM262190,terminal,1,0.0250691331,0.017549209120808203,-0.007519923979191798,0.007519923979191798
LRMC-SoftImpute,50,10,64,LRMC_SoftImpute_completed_p50_rep10_seed64.csv,terminal:Chlorocebus_djamdjamensis_C5_KU682695,terminal,1,0.0319881948,0.027334636885124986,-0.004653557914875015,0.004653557914875015
LRMC-SoftImpute,50,10,64,LRMC_SoftImpute_completed_p50_rep10_seed64.csv,internal:Cercopithecus_albogularis_KC757391|Cercopithecus_diana_KJ434958|Cercopithecus_lhoesti_KJ434957|Cercopithecus_mitis_KJ434956|Cercopithecus_neglectus_MW160353,internal,5,0.0020104988,0.0,-0.0020104988,0.0020104988
LRMC-SoftImpute,50,10,64,LRMC_SoftImpute_completed_p50_rep10_seed64.csv,internal:Cercopithecus_albogularis_KC757391|Cercopithecus_lhoesti_KJ434957|Cercopithecus_mitis_KJ434956,internal,3,0.0167387771,0.0,-0.0167387771,0.0167387771
LRMC-SoftImpute,50,10,64,LRMC_SoftImpute_completed_p50_rep10_seed64.csv,internal:Cercopithecus_albogularis_KC757391|Cercopithecus_mitis_KJ434956,internal,2,0.0593605632,0.002840599240610777,-0.05651996395938923,0.05651996395938923
LRMC-SoftImpute,50,10,64,LRMC_SoftImpute_completed_p50_rep10_seed64.csv,terminal:Cercopithecus_albogularis_KC757391,terminal,1,0.0366651729,0.03856369821893713,0.0018985253189371318,0.0018985253189371318
LRMC-SoftImpute,50,10,64,LRMC_SoftImpute_completed_p50_rep10_seed64.csv,terminal:Cercopithecus_mitis_KJ434956,terminal,1,0.0331901409,0.04857168410592959,0.01538154320592959,0.01538154320592959
LRMC-SoftImpute,50,10,64,LRMC_SoftImpute_completed_p50_rep10_seed64.csv,terminal:Cercopithecus_lhoesti_KJ434957,terminal,1,0.096446469,0.04969514853285209,-0.04675132046714792,0.04675132046714792
LRMC-SoftImpute,50,10,64,LRMC_SoftImpute_completed_p50_rep10_seed64.csv,internal:Cercopithecus_diana_KJ434958|Cercopithecus_neglectus_MW160353,internal,2,0.0175917107,0.042432986480652544,0.024841275780652546,0.024841275780652546
LRMC-SoftImpute,50,10,64,LRMC_SoftImpute_completed_p50_rep10_seed64.csv,terminal:Cercopithecus_diana_KJ434958,terminal,1,0.1093319625,0.016651973730972935,-0.09267998876902707,0.09267998876902707
LRMC-SoftImpute,50,10,64,LRMC_SoftImpute_completed_p50_rep10_seed64.csv,terminal:Cercopithecus_neglectus_MW160353,terminal,1,0.1017112524,0.015752670593347354,-0.08595858180665264,0.08595858180665264
LRMC-SoftImpute,50,11,65,LRMC_SoftImpute_completed_p50_rep11_seed65.csv,terminal:Allenopithecus_nigroviridis_KJ434962,terminal,1,0.1474140195,0.06500269202066596,-0.08241132747933404,0.08241132747933404
LRMC-SoftImpute,50,11,65,LRMC_SoftImpute_completed_p50_rep11_seed65.csv,internal:Cercocebus_atys_KT159932|Cercocebus_chrysogaster_KC757390|Cercocebus_torquatus_KJ434959,internal,3,0.1544494817,0.039503015163203065,-0.11494646653679694,0.11494646653679694
LRMC-SoftImpute,50,11,65,LRMC_SoftImpute_completed_p50_rep11_seed65.csv,internal:Cercocebus_atys_KT159932|Cercocebus_torquatus_KJ434959,internal,2,0.0094381611,0.0,-0.0094381611,0.0094381611
LRMC-SoftImpute,50,11,65,LRMC_SoftImpute_completed_p50_rep11_seed65.csv,terminal:Cercocebus_atys_KT159932,terminal,1,0.0508580169,0.0324574678593907,-0.018400549040609296,0.018400549040609296
LRMC-SoftImpute,50,11,65,LRMC_SoftImpute_completed_p50_rep11_seed65.csv,terminal:Cercocebus_torquatus_KJ434959,terminal,1,0.0562685839,0.027225431361808612,-0.02904315253819139,0.02904315253819139
LRMC-SoftImpute,50,11,65,LRMC_SoftImpute_completed_p50_rep11_seed65.csv,terminal:Cercocebus_chrysogaster_KC757390,terminal,1,0.0511259412,0.034365596051569726,-0.01676034514843027,0.01676034514843027
LRMC-SoftImpute,50,11,65,LRMC_SoftImpute_completed_p50_rep11_seed65.csv,internal:Allenopithecus_nigroviridis_KJ434962|Cercocebus_atys_KT159932|Cercocebus_chrysogaster_KC757390|Cercocebus_torquatus_KJ434959,internal,4,0.0346917556,0.006412582373052446,-0.028279173226947552,0.028279173226947552
LRMC-SoftImpute,50,11,65,LRMC_SoftImpute_completed_p50_rep11_seed65.csv,internal:Cercopithecus_aethiops_AY863426|Chlorocebus_aethiops_C1_KU682691|Chlorocebus_aethiops_MN816163|Chlorocebus_cynosuros_C3_KU682693|Chlorocebus_cynosuros_KM262190|Chlorocebus_djamdjamensis_C5_KU682695,internal,6,0.0834758403,0.028417616612573974,-0.055058223687426036,0.055058223687426036
LRMC-SoftImpute,50,11,65,LRMC_SoftImpute_completed_p50_rep11_seed65.csv,internal:Cercopithecus_aethiops_AY863426|Chlorocebus_aethiops_C1_KU682691|Chlorocebus_aethiops_MN816163|Chlorocebus_cynosuros_C3_KU682693|Chlorocebus_cynosuros_KM262190,internal,5,0.012780756,0.01487231722475595,0.0020915612247559487,0.0020915612247559487
LRMC-SoftImpute,50,11,65,LRMC_SoftImpute_completed_p50_rep11_seed65.csv,internal:Cercopithecus_aethiops_AY863426|Chlorocebus_aethiops_C1_KU682691|Chlorocebus_aethiops_MN816163,internal,3,0.0048654608,0.004358561068311983,-0.0005068997316880165,0.0005068997316880165
LRMC-SoftImpute,50,11,65,LRMC_SoftImpute_completed_p50_rep11_seed65.csv,terminal:Cercopithecus_aethiops_AY863426,terminal,1,0.0221835236,0.021327246982529007,-0.000856276617470994,0.000856276617470994
LRMC-SoftImpute,50,11,65,LRMC_SoftImpute_completed_p50_rep11_seed65.csv,internal:Chlorocebus_aethiops_C1_KU682691|Chlorocebus_aethiops_MN816163,internal,2,0.0120854426,0.0,-0.0120854426,0.0120854426
LRMC-SoftImpute,50,11,65,LRMC_SoftImpute_completed_p50_rep11_seed65.csv,terminal:Chlorocebus_aethiops_C1_KU682691,terminal,1,0.0080961876,0.008019673955042345,-7.651364495765527e-05,7.651364495765527e-05
LRMC-SoftImpute,50,11,65,LRMC_SoftImpute_completed_p50_rep11_seed65.csv,terminal:Chlorocebus_aethiops_MN816163,terminal,1,0.0104642592,0.015468768545289655,0.005004509345289655,0.005004509345289655
LRMC-SoftImpute,50,11,65,LRMC_SoftImpute_completed_p50_rep11_seed65.csv,internal:Chlorocebus_cynosuros_C3_KU682693|Chlorocebus_cynosuros_KM262190,internal,2,0.0017398823,0.0,-0.0017398823,0.0017398823
LRMC-SoftImpute,50,11,65,LRMC_SoftImpute_completed_p50_rep11_seed65.csv,terminal:Chlorocebus_cynosuros_C3_KU682693,terminal,1,0.0241962287,0.015162455663507234,-0.009033773036492766,0.009033773036492766
LRMC-SoftImpute,50,11,65,LRMC_SoftImpute_completed_p50_rep11_seed65.csv,terminal:Chlorocebus_cynosuros_KM262190,terminal,1,0.0250691331,0.006710445303703155,-0.018358687796296846,0.018358687796296846
LRMC-SoftImpute,50,11,65,LRMC_SoftImpute_completed_p50_rep11_seed65.csv,terminal:Chlorocebus_djamdjamensis_C5_KU682695,terminal,1,0.0319881948,0.022695530597140003,-0.009292664202859999,0.009292664202859999
LRMC-SoftImpute,50,11,65,LRMC_SoftImpute_completed_p50_rep11_seed65.csv,internal:Cercopithecus_albogularis_KC757391|Cercopithecus_diana_KJ434958|Cercopithecus_lhoesti_KJ434957|Cercopithecus_mitis_KJ434956|Cercopithecus_neglectus_MW160353,internal,5,0.0020104988,0.0,-0.0020104988,0.0020104988
LRMC-SoftImpute,50,11,65,LRMC_SoftImpute_completed_p50_rep11_seed65.csv,internal:Cercopithecus_albogularis_KC757391|Cercopithecus_lhoesti_KJ434957|Cercopithecus_mitis_KJ434956,internal,3,0.0167387771,0.0043850741185274345,-0.012353702981472568,0.012353702981472568
LRMC-SoftImpute,50,11,65,LRMC_SoftImpute_completed_p50_rep11_seed65.csv,internal:Cercopithecus_albogularis_KC757391|Cercopithecus_mitis_KJ434956,internal,2,0.0593605632,0.009301286149807356,-0.05005927705019264,0.05005927705019264
LRMC-SoftImpute,50,11,65,LRMC_SoftImpute_completed_p50_rep11_seed65.csv,terminal:Cercopithecus_albogularis_KC757391,terminal,1,0.0366651729,0.020200214305588736,-0.016464958594411265,0.016464958594411265
LRMC-SoftImpute,50,11,65,LRMC_SoftImpute_completed_p50_rep11_seed65.csv,terminal:Cercopithecus_mitis_KJ434956,terminal,1,0.0331901409,0.03342964874131466,0.00023950784131466368,0.00023950784131466368
LRMC-SoftImpute,50,11,65,LRMC_SoftImpute_completed_p50_rep11_seed65.csv,terminal:Cercopithecus_lhoesti_KJ434957,terminal,1,0.096446469,0.042429861313374895,-0.05401660768662511,0.05401660768662511
LRMC-SoftImpute,50,11,65,LRMC_SoftImpute_completed_p50_rep11_seed65.csv,internal:Cercopithecus_diana_KJ434958|Cercopithecus_neglectus_MW160353,internal,2,0.0175917107,0.0,-0.0175917107,0.0175917107
LRMC-SoftImpute,50,11,65,LRMC_SoftImpute_completed_p50_rep11_seed65.csv,terminal:Cercopithecus_diana_KJ434958,terminal,1,0.1093319625,0.05030223962241404,-0.05902972287758596,0.05902972287758596
LRMC-SoftImpute,50,11,65,LRMC_SoftImpute_completed_p50_rep11_seed65.csv,terminal:Cercopithecus_neglectus_MW160353,terminal,1,0.1017112524,0.04835122221725359,-0.053360030182746404,0.053360030182746404
LRMC-SoftImpute,50,12,66,LRMC_SoftImpute_completed_p50_rep12_seed66.csv,terminal:Allenopithecus_nigroviridis_KJ434962,terminal,1,0.1474140195,0.0077396480198304645,-0.13967437148016953,0.13967437148016953
LRMC-SoftImpute,50,12,66,LRMC_SoftImpute_completed_p50_rep12_seed66.csv,internal:Cercocebus_atys_KT159932|Cercocebus_chrysogaster_KC757390|Cercocebus_torquatus_KJ434959,internal,3,0.1544494817,0.006446452153952122,-0.14800302954604788,0.14800302954604788
LRMC-SoftImpute,50,12,66,LRMC_SoftImpute_completed_p50_rep12_seed66.csv,internal:Cercocebus_atys_KT159932|Cercocebus_torquatus_KJ434959,internal,2,0.0094381611,0.0,-0.0094381611,0.0094381611
LRMC-SoftImpute,50,12,66,LRMC_SoftImpute_completed_p50_rep12_seed66.csv,terminal:Cercocebus_atys_KT159932,terminal,1,0.0508580169,0.03326028038070272,-0.017597736519297275,0.017597736519297275
LRMC-SoftImpute,50,12,66,LRMC_SoftImpute_completed_p50_rep12_seed66.csv,terminal:Cercocebus_torquatus_KJ434959,terminal,1,0.0562685839,0.04787750836054965,-0.00839107553945035,0.00839107553945035
LRMC-SoftImpute,50,12,66,LRMC_SoftImpute_completed_p50_rep12_seed66.csv,terminal:Cercocebus_chrysogaster_KC757390,terminal,1,0.0511259412,0.04081794073789569,-0.010308000462104304,0.010308000462104304
LRMC-SoftImpute,50,12,66,LRMC_SoftImpute_completed_p50_rep12_seed66.csv,internal:Allenopithecus_nigroviridis_KJ434962|Cercocebus_atys_KT159932|Cercocebus_chrysogaster_KC757390|Cercocebus_torquatus_KJ434959,internal,4,0.0346917556,0.029752570968477027,-0.004939184631522972,0.004939184631522972
LRMC-SoftImpute,50,12,66,LRMC_SoftImpute_completed_p50_rep12_seed66.csv,internal:Cercopithecus_aethiops_AY863426|Chlorocebus_aethiops_C1_KU682691|Chlorocebus_aethiops_MN816163|Chlorocebus_cynosuros_C3_KU682693|Chlorocebus_cynosuros_KM262190|Chlorocebus_djamdjamensis_C5_KU682695,internal,6,0.0834758403,0.03333369539771905,-0.05014214490228096,0.05014214490228096
LRMC-SoftImpute,50,12,66,LRMC_SoftImpute_completed_p50_rep12_seed66.csv,internal:Cercopithecus_aethiops_AY863426|Chlorocebus_aethiops_C1_KU682691|Chlorocebus_aethiops_MN816163|Chlorocebus_cynosuros_C3_KU682693|Chlorocebus_cynosuros_KM262190,internal,5,0.012780756,0.015639245507094734,0.002858489507094733,0.002858489507094733
LRMC-SoftImpute,50,12,66,LRMC_SoftImpute_completed_p50_rep12_seed66.csv,internal:Cercopithecus_aethiops_AY863426|Chlorocebus_aethiops_C1_KU682691|Chlorocebus_aethiops_MN816163,internal,3,0.0048654608,0.0,-0.0048654608,0.0048654608
LRMC-SoftImpute,50,12,66,LRMC_SoftImpute_completed_p50_rep12_seed66.csv,terminal:Cercopithecus_aethiops_AY863426,terminal,1,0.0221835236,0.014355364839742648,-0.007828158760257354,0.007828158760257354
LRMC-SoftImpute,50,12,66,LRMC_SoftImpute_completed_p50_rep12_seed66.csv,internal:Chlorocebus_aethiops_C1_KU682691|Chlorocebus_aethiops_MN816163,internal,2,0.0120854426,0.006185936847932347,-0.005899505752067652,0.005899505752067652
LRMC-SoftImpute,50,12,66,LRMC_SoftImpute_completed_p50_rep12_seed66.csv,terminal:Chlorocebus_aethiops_C1_KU682691,terminal,1,0.0080961876,0.009964447849816932,0.001868260249816931,0.001868260249816931
LRMC-SoftImpute,50,12,66,LRMC_SoftImpute_completed_p50_rep12_seed66.csv,terminal:Chlorocebus_aethiops_MN816163,terminal,1,0.0104642592,0.006207894393561455,-0.004256364806438544,0.004256364806438544
LRMC-SoftImpute,50,12,66,LRMC_SoftImpute_completed_p50_rep12_seed66.csv,internal:Chlorocebus_cynosuros_C3_KU682693|Chlorocebus_cynosuros_KM262190,internal,2,0.0017398823,0.0,-0.0017398823,0.0017398823
LRMC-SoftImpute,50,12,66,LRMC_SoftImpute_completed_p50_rep12_seed66.csv,terminal:Chlorocebus_cynosuros_C3_KU682693,terminal,1,0.0241962287,0.01911371548170158,-0.005082513218298418,0.005082513218298418
LRMC-SoftImpute,50,12,66,LRMC_SoftImpute_completed_p50_rep12_seed66.csv,terminal:Chlorocebus_cynosuros_KM262190,terminal,1,0.0250691331,0.00918830853962788,-0.015880824560372122,0.015880824560372122
LRMC-SoftImpute,50,12,66,LRMC_SoftImpute_completed_p50_rep12_seed66.csv,terminal:Chlorocebus_djamdjamensis_C5_KU682695,terminal,1,0.0319881948,0.016812516365279244,-0.015175678434720757,0.015175678434720757
LRMC-SoftImpute,50,12,66,LRMC_SoftImpute_completed_p50_rep12_seed66.csv,internal:Cercopithecus_albogularis_KC757391|Cercopithecus_diana_KJ434958|Cercopithecus_lhoesti_KJ434957|Cercopithecus_mitis_KJ434956|Cercopithecus_neglectus_MW160353,internal,5,0.0020104988,0.0,-0.0020104988,0.0020104988
LRMC-SoftImpute,50,12,66,LRMC_SoftImpute_completed_p50_rep12_seed66.csv,internal:Cercopithecus_albogularis_KC757391|Cercopithecus_lhoesti_KJ434957|Cercopithecus_mitis_KJ434956,internal,3,0.0167387771,0.0,-0.0167387771,0.0167387771
LRMC-SoftImpute,50,12,66,LRMC_SoftImpute_completed_p50_rep12_seed66.csv,internal:Cercopithecus_albogularis_KC757391|Cercopithecus_mitis_KJ434956,internal,2,0.0593605632,0.024347908907325536,-0.035012654292674465,0.035012654292674465
LRMC-SoftImpute,50,12,66,LRMC_SoftImpute_completed_p50_rep12_seed66.csv,terminal:Cercopithecus_albogularis_KC757391,terminal,1,0.0366651729,0.02223028454156079,-0.014434888358439212,0.014434888358439212
LRMC-SoftImpute,50,12,66,LRMC_SoftImpute_completed_p50_rep12_seed66.csv,terminal:Cercopithecus_mitis_KJ434956,terminal,1,0.0331901409,0.027093774887367996,-0.006096366012632002,0.006096366012632002
LRMC-SoftImpute,50,12,66,LRMC_SoftImpute_completed_p50_rep12_seed66.csv,terminal:Cercopithecus_lhoesti_KJ434957,terminal,1,0.096446469,0.05032452364494835,-0.04612194535505166,0.04612194535505166
LRMC-SoftImpute,50,12,66,LRMC_SoftImpute_completed_p50_rep12_seed66.csv,internal:Cercopithecus_diana_KJ434958|Cercopithecus_neglectus_MW160353,internal,2,0.0175917107,0.0,-0.0175917107,0.0175917107
LRMC-SoftImpute,50,12,66,LRMC_SoftImpute_completed_p50_rep12_seed66.csv,terminal:Cercopithecus_diana_KJ434958,terminal,1,0.1093319625,0.0507096670192051,-0.0586222954807949,0.0586222954807949
LRMC-SoftImpute,50,12,66,LRMC_SoftImpute_completed_p50_rep12_seed66.csv,terminal:Cercopithecus_neglectus_MW160353,terminal,1,0.1017112524,0.0442999006250277,-0.057411351774972294,0.057411351774972294
LRMC-SoftImpute,50,13,67,LRMC_SoftImpute_completed_p50_rep13_seed67.csv,terminal:Allenopithecus_nigroviridis_KJ434962,terminal,1,0.1474140195,0.024957200858525576,-0.12245681864147442,0.12245681864147442
LRMC-SoftImpute,50,13,67,LRMC_SoftImpute_completed_p50_rep13_seed67.csv,internal:Cercocebus_atys_KT159932|Cercocebus_chrysogaster_KC757390|Cercocebus_torquatus_KJ434959,internal,3,0.1544494817,0.005284298224567403,-0.1491651834754326,0.1491651834754326
LRMC-SoftImpute,50,13,67,LRMC_SoftImpute_completed_p50_rep13_seed67.csv,internal:Cercocebus_atys_KT159932|Cercocebus_torquatus_KJ434959,internal,2,0.0094381611,0.0,-0.0094381611,0.0094381611
LRMC-SoftImpute,50,13,67,LRMC_SoftImpute_completed_p50_rep13_seed67.csv,terminal:Cercocebus_atys_KT159932,terminal,1,0.0508580169,0.02371353390496884,-0.027144482995031156,0.027144482995031156
LRMC-SoftImpute,50,13,67,LRMC_SoftImpute_completed_p50_rep13_seed67.csv,terminal:Cercocebus_torquatus_KJ434959,terminal,1,0.0562685839,0.036114135275810935,-0.020154448624189067,0.020154448624189067
LRMC-SoftImpute,50,13,67,LRMC_SoftImpute_completed_p50_rep13_seed67.csv,terminal:Cercocebus_chrysogaster_KC757390,terminal,1,0.0511259412,0.02739281098578304,-0.023733130214216958,0.023733130214216958
LRMC-SoftImpute,50,13,67,LRMC_SoftImpute_completed_p50_rep13_seed67.csv,internal:Allenopithecus_nigroviridis_KJ434962|Cercocebus_atys_KT159932|Cercocebus_chrysogaster_KC757390|Cercocebus_torquatus_KJ434959,internal,4,0.0346917556,0.04455410322010642,0.009862347620106418,0.009862347620106418
LRMC-SoftImpute,50,13,67,LRMC_SoftImpute_completed_p50_rep13_seed67.csv,internal:Cercopithecus_aethiops_AY863426|Chlorocebus_aethiops_C1_KU682691|Chlorocebus_aethiops_MN816163|Chlorocebus_cynosuros_C3_KU682693|Chlorocebus_cynosuros_KM262190|Chlorocebus_djamdjamensis_C5_KU682695,internal,6,0.0834758403,0.03681889829715079,-0.046656942002849214,0.046656942002849214
LRMC-SoftImpute,50,13,67,LRMC_SoftImpute_completed_p50_rep13_seed67.csv,internal:Cercopithecus_aethiops_AY863426|Chlorocebus_aethiops_C1_KU682691|Chlorocebus_aethiops_MN816163|Chlorocebus_cynosuros_C3_KU682693|Chlorocebus_cynosuros_KM262190,internal,5,0.012780756,0.0,-0.012780756,0.012780756
LRMC-SoftImpute,50,13,67,LRMC_SoftImpute_completed_p50_rep13_seed67.csv,internal:Cercopithecus_aethiops_AY863426|Chlorocebus_aethiops_C1_KU682691|Chlorocebus_aethiops_MN816163,internal,3,0.0048654608,0.008194499406491765,0.003329038606491765,0.003329038606491765
LRMC-SoftImpute,50,13,67,LRMC_SoftImpute_completed_p50_rep13_seed67.csv,terminal:Cercopithecus_aethiops_AY863426,terminal,1,0.0221835236,0.01582841772180416,-0.006355105878195842,0.006355105878195842
LRMC-SoftImpute,50,13,67,LRMC_SoftImpute_completed_p50_rep13_seed67.csv,internal:Chlorocebus_aethiops_C1_KU682691|Chlorocebus_aethiops_MN816163,internal,2,0.0120854426,0.008343103247647782,-0.0037423393523522176,0.0037423393523522176
LRMC-SoftImpute,50,13,67,LRMC_SoftImpute_completed_p50_rep13_seed67.csv,terminal:Chlorocebus_aethiops_C1_KU682691,terminal,1,0.0080961876,0.00693481597208285,-0.0011613716279171502,0.0011613716279171502
LRMC-SoftImpute,50,13,67,LRMC_SoftImpute_completed_p50_rep13_seed67.csv,terminal:Chlorocebus_aethiops_MN816163,terminal,1,0.0104642592,0.0069939704139763735,-0.0034702887860236257,0.0034702887860236257
LRMC-SoftImpute,50,13,67,LRMC_SoftImpute_completed_p50_rep13_seed67.csv,internal:Chlorocebus_cynosuros_C3_KU682693|Chlorocebus_cynosuros_KM262190,internal,2,0.0017398823,0.0,-0.0017398823,0.0017398823
LRMC-SoftImpute,50,13,67,LRMC_SoftImpute_completed_p50_rep13_seed67.csv,terminal:Chlorocebus_cynosuros_C3_KU682693,terminal,1,0.0241962287,0.012064673797619913,-0.012131554902380087,0.012131554902380087
LRMC-SoftImpute,50,13,67,LRMC_SoftImpute_completed_p50_rep13_seed67.csv,terminal:Chlorocebus_cynosuros_KM262190,terminal,1,0.0250691331,0.016289967334432203,-0.008779165765567799,0.008779165765567799
LRMC-SoftImpute,50,13,67,LRMC_SoftImpute_completed_p50_rep13_seed67.csv,terminal:Chlorocebus_djamdjamensis_C5_KU682695,terminal,1,0.0319881948,0.023584399489585805,-0.008403795310414196,0.008403795310414196
LRMC-SoftImpute,50,13,67,LRMC_SoftImpute_completed_p50_rep13_seed67.csv,internal:Cercopithecus_albogularis_KC757391|Cercopithecus_diana_KJ434958|Cercopithecus_lhoesti_KJ434957|Cercopithecus_mitis_KJ434956|Cercopithecus_neglectus_MW160353,internal,5,0.0020104988,0.0,-0.0020104988,0.0020104988
LRMC-SoftImpute,50,13,67,LRMC_SoftImpute_completed_p50_rep13_seed67.csv,internal:Cercopithecus_albogularis_KC757391|Cercopithecus_lhoesti_KJ434957|Cercopithecus_mitis_KJ434956,internal,3,0.0167387771,0.0,-0.0167387771,0.0167387771
LRMC-SoftImpute,50,13,67,LRMC_SoftImpute_completed_p50_rep13_seed67.csv,internal:Cercopithecus_albogularis_KC757391|Cercopithecus_mitis_KJ434956,internal,2,0.0593605632,0.02194802202168765,-0.03741254117831235,0.03741254117831235
LRMC-SoftImpute,50,13,67,LRMC_SoftImpute_completed_p50_rep13_seed67.csv,terminal:Cercopithecus_albogularis_KC757391,terminal,1,0.0366651729,0.022017683918011708,-0.014647488981988293,0.014647488981988293
LRMC-SoftImpute,50,13,67,LRMC_SoftImpute_completed_p50_rep13_seed67.csv,terminal:Cercopithecus_mitis_KJ434956,terminal,1,0.0331901409,0.03161217912889168,-0.0015779617711083188,0.0015779617711083188
LRMC-SoftImpute,50,13,67,LRMC_SoftImpute_completed_p50_rep13_seed67.csv,terminal:Cercopithecus_lhoesti_KJ434957,terminal,1,0.096446469,0.04186010114165582,-0.054586367858344184,0.054586367858344184
LRMC-SoftImpute,50,13,67,LRMC_SoftImpute_completed_p50_rep13_seed67.csv,internal:Cercopithecus_diana_KJ434958|Cercopithecus_neglectus_MW160353,internal,2,0.0175917107,0.0,-0.0175917107,0.0175917107
LRMC-SoftImpute,50,13,67,LRMC_SoftImpute_completed_p50_rep13_seed67.csv,terminal:Cercopithecus_diana_KJ434958,terminal,1,0.1093319625,0.03982634374818618,-0.06950561875181382,0.06950561875181382
LRMC-SoftImpute,50,13,67,LRMC_SoftImpute_completed_p50_rep13_seed67.csv,terminal:Cercopithecus_neglectus_MW160353,terminal,1,0.1017112524,0.04289946171627924,-0.058811790683720756,0.058811790683720756
LRMC-SoftImpute,50,14,68,LRMC_SoftImpute_completed_p50_rep14_seed68.csv,terminal:Allenopithecus_nigroviridis_KJ434962,terminal,1,0.1474140195,0.050392791397509774,-0.09702122810249023,0.09702122810249023
LRMC-SoftImpute,50,14,68,LRMC_SoftImpute_completed_p50_rep14_seed68.csv,internal:Cercocebus_atys_KT159932|Cercocebus_chrysogaster_KC757390|Cercocebus_torquatus_KJ434959,internal,3,0.1544494817,0.03904471210822973,-0.11540476959177026,0.11540476959177026
LRMC-SoftImpute,50,14,68,LRMC_SoftImpute_completed_p50_rep14_seed68.csv,internal:Cercocebus_atys_KT159932|Cercocebus_torquatus_KJ434959,internal,2,0.0094381611,0.0,-0.0094381611,0.0094381611
LRMC-SoftImpute,50,14,68,LRMC_SoftImpute_completed_p50_rep14_seed68.csv,terminal:Cercocebus_atys_KT159932,terminal,1,0.0508580169,0.009734221872974659,-0.04112379502702534,0.04112379502702534
LRMC-SoftImpute,50,14,68,LRMC_SoftImpute_completed_p50_rep14_seed68.csv,terminal:Cercocebus_torquatus_KJ434959,terminal,1,0.0562685839,0.022407384913456136,-0.03386119898654387,0.03386119898654387
LRMC-SoftImpute,50,14,68,LRMC_SoftImpute_completed_p50_rep14_seed68.csv,terminal:Cercocebus_chrysogaster_KC757390,terminal,1,0.0511259412,0.031691797027775866,-0.01943414417222413,0.01943414417222413
LRMC-SoftImpute,50,14,68,LRMC_SoftImpute_completed_p50_rep14_seed68.csv,internal:Allenopithecus_nigroviridis_KJ434962|Cercocebus_atys_KT159932|Cercocebus_chrysogaster_KC757390|Cercocebus_torquatus_KJ434959,internal,4,0.0346917556,0.008512950824612734,-0.026178804775387265,0.026178804775387265
LRMC-SoftImpute,50,14,68,LRMC_SoftImpute_completed_p50_rep14_seed68.csv,internal:Cercopithecus_aethiops_AY863426|Chlorocebus_aethiops_C1_KU682691|Chlorocebus_aethiops_MN816163|Chlorocebus_cynosuros_C3_KU682693|Chlorocebus_cynosuros_KM262190|Chlorocebus_djamdjamensis_C5_KU682695,internal,6,0.0834758403,0.03649527987796367,-0.046980560422036334,0.046980560422036334
LRMC-SoftImpute,50,14,68,LRMC_SoftImpute_completed_p50_rep14_seed68.csv,internal:Cercopithecus_aethiops_AY863426|Chlorocebus_aethiops_C1_KU682691|Chlorocebus_aethiops_MN816163|Chlorocebus_cynosuros_C3_KU682693|Chlorocebus_cynosuros_KM262190,internal,5,0.012780756,0.0,-0.012780756,0.012780756
LRMC-SoftImpute,50,14,68,LRMC_SoftImpute_completed_p50_rep14_seed68.csv,internal:Cercopithecus_aethiops_AY863426|Chlorocebus_aethiops_C1_KU682691|Chlorocebus_aethiops_MN816163,internal,3,0.0048654608,0.0,-0.0048654608,0.0048654608
LRMC-SoftImpute,50,14,68,LRMC_SoftImpute_completed_p50_rep14_seed68.csv,terminal:Cercopithecus_aethiops_AY863426,terminal,1,0.0221835236,0.014169706709289303,-0.008013816890710698,0.008013816890710698
LRMC-SoftImpute,50,14,68,LRMC_SoftImpute_completed_p50_rep14_seed68.csv,internal:Chlorocebus_aethiops_C1_KU682691|Chlorocebus_aethiops_MN816163,internal,2,0.0120854426,0.017864317574422337,0.005778874974422338,0.005778874974422338
LRMC-SoftImpute,50,14,68,LRMC_SoftImpute_completed_p50_rep14_seed68.csv,terminal:Chlorocebus_aethiops_C1_KU682691,terminal,1,0.0080961876,0.014975699421054835,0.006879511821054835,0.006879511821054835
LRMC-SoftImpute,50,14,68,LRMC_SoftImpute_completed_p50_rep14_seed68.csv,terminal:Chlorocebus_aethiops_MN816163,terminal,1,0.0104642592,0.0011966428223235837,-0.009267616377676416,0.009267616377676416
LRMC-SoftImpute,50,14,68,LRMC_SoftImpute_completed_p50_rep14_seed68.csv,internal:Chlorocebus_cynosuros_C3_KU682693|Chlorocebus_cynosuros_KM262190,internal,2,0.0017398823,0.007407263363215508,0.005667381063215508,0.005667381063215508
LRMC-SoftImpute,50,14,68,LRMC_SoftImpute_completed_p50_rep14_seed68.csv,terminal:Chlorocebus_cynosuros_C3_KU682693,terminal,1,0.0241962287,0.012494519583374403,-0.011701709116625596,0.011701709116625596
LRMC-SoftImpute,50,14,68,LRMC_SoftImpute_completed_p50_rep14_seed68.csv,terminal:Chlorocebus_cynosuros_KM262190,terminal,1,0.0250691331,0.0083193920931251,-0.016749741006874902,0.016749741006874902
LRMC-SoftImpute,50,14,68,LRMC_SoftImpute_completed_p50_rep14_seed68.csv,terminal:Chlorocebus_djamdjamensis_C5_KU682695,terminal,1,0.0319881948,0.020948635159264935,-0.011039559640735067,0.011039559640735067
LRMC-SoftImpute,50,14,68,LRMC_SoftImpute_completed_p50_rep14_seed68.csv,internal:Cercopithecus_albogularis_KC757391|Cercopithecus_diana_KJ434958|Cercopithecus_lhoesti_KJ434957|Cercopithecus_mitis_KJ434956|Cercopithecus_neglectus_MW160353,internal,5,0.0020104988,0.0,-0.0020104988,0.0020104988
LRMC-SoftImpute,50,14,68,LRMC_SoftImpute_completed_p50_rep14_seed68.csv,internal:Cercopithecus_albogularis_KC757391|Cercopithecus_lhoesti_KJ434957|Cercopithecus_mitis_KJ434956,internal,3,0.0167387771,0.0,-0.0167387771,0.0167387771
LRMC-SoftImpute,50,14,68,LRMC_SoftImpute_completed_p50_rep14_seed68.csv,internal:Cercopithecus_albogularis_KC757391|Cercopithecus_mitis_KJ434956,internal,2,0.0593605632,0.036639460895994715,-0.022721102304005286,0.022721102304005286
LRMC-SoftImpute,50,14,68,LRMC_SoftImpute_completed_p50_rep14_seed68.csv,terminal:Cercopithecus_albogularis_KC757391,terminal,1,0.0366651729,0.018604625045650885,-0.018060547854349115,0.018060547854349115
LRMC-SoftImpute,50,14,68,LRMC_SoftImpute_completed_p50_rep14_seed68.csv,terminal:Cercopithecus_mitis_KJ434956,terminal,1,0.0331901409,0.013416308836989702,-0.019773832063010297,0.019773832063010297
LRMC-SoftImpute,50,14,68,LRMC_SoftImpute_completed_p50_rep14_seed68.csv,terminal:Cercopithecus_lhoesti_KJ434957,terminal,1,0.096446469,0.04502806507423608,-0.051418403925763925,0.051418403925763925
LRMC-SoftImpute,50,14,68,LRMC_SoftImpute_completed_p50_rep14_seed68.csv,internal:Cercopithecus_diana_KJ434958|Cercopithecus_neglectus_MW160353,internal,2,0.0175917107,0.0,-0.0175917107,0.0175917107
LRMC-SoftImpute,50,14,68,LRMC_SoftImpute_completed_p50_rep14_seed68.csv,terminal:Cercopithecus_diana_KJ434958,terminal,1,0.1093319625,0.04852915353257933,-0.06080280896742067,0.06080280896742067
LRMC-SoftImpute,50,14,68,LRMC_SoftImpute_completed_p50_rep14_seed68.csv,terminal:Cercopithecus_neglectus_MW160353,terminal,1,0.1017112524,0.04727260043683742,-0.054438651963162575,0.054438651963162575
LRMC-SoftImpute,50,15,69,LRMC_SoftImpute_completed_p50_rep15_seed69.csv,terminal:Allenopithecus_nigroviridis_KJ434962,terminal,1,0.1474140195,0.049839613391390376,-0.09757440610860962,0.09757440610860962
LRMC-SoftImpute,50,15,69,LRMC_SoftImpute_completed_p50_rep15_seed69.csv,internal:Cercocebus_atys_KT159932|Cercocebus_chrysogaster_KC757390|Cercocebus_torquatus_KJ434959,internal,3,0.1544494817,0.032184169449977144,-0.12226531225002285,0.12226531225002285
LRMC-SoftImpute,50,15,69,LRMC_SoftImpute_completed_p50_rep15_seed69.csv,internal:Cercocebus_atys_KT159932|Cercocebus_torquatus_KJ434959,internal,2,0.0094381611,0.0,-0.0094381611,0.0094381611
LRMC-SoftImpute,50,15,69,LRMC_SoftImpute_completed_p50_rep15_seed69.csv,terminal:Cercocebus_atys_KT159932,terminal,1,0.0508580169,0.046949456914345516,-0.003908559985654481,0.003908559985654481
LRMC-SoftImpute,50,15,69,LRMC_SoftImpute_completed_p50_rep15_seed69.csv,terminal:Cercocebus_torquatus_KJ434959,terminal,1,0.0562685839,0.04123317011804721,-0.015035413781952792,0.015035413781952792
LRMC-SoftImpute,50,15,69,LRMC_SoftImpute_completed_p50_rep15_seed69.csv,terminal:Cercocebus_chrysogaster_KC757390,terminal,1,0.0511259412,0.03427164566564405,-0.016854295534355947,0.016854295534355947
LRMC-SoftImpute,50,15,69,LRMC_SoftImpute_completed_p50_rep15_seed69.csv,internal:Allenopithecus_nigroviridis_KJ434962|Cercocebus_atys_KT159932|Cercocebus_chrysogaster_KC757390|Cercocebus_torquatus_KJ434959,internal,4,0.0346917556,0.0,-0.0346917556,0.0346917556
LRMC-SoftImpute,50,15,69,LRMC_SoftImpute_completed_p50_rep15_seed69.csv,internal:Cercopithecus_aethiops_AY863426|Chlorocebus_aethiops_C1_KU682691|Chlorocebus_aethiops_MN816163|Chlorocebus_cynosuros_C3_KU682693|Chlorocebus_cynosuros_KM262190|Chlorocebus_djamdjamensis_C5_KU682695,internal,6,0.0834758403,0.01701759875791252,-0.06645824154208749,0.06645824154208749
LRMC-SoftImpute,50,15,69,LRMC_SoftImpute_completed_p50_rep15_seed69.csv,internal:Cercopithecus_aethiops_AY863426|Chlorocebus_aethiops_C1_KU682691|Chlorocebus_aethiops_MN816163|Chlorocebus_cynosuros_C3_KU682693|Chlorocebus_cynosuros_KM262190,internal,5,0.012780756,0.015358121691857029,0.002577365691857028,0.002577365691857028
LRMC-SoftImpute,50,15,69,LRMC_SoftImpute_completed_p50_rep15_seed69.csv,internal:Cercopithecus_aethiops_AY863426|Chlorocebus_aethiops_C1_KU682691|Chlorocebus_aethiops_MN816163,internal,3,0.0048654608,0.0,-0.0048654608,0.0048654608
LRMC-SoftImpute,50,15,69,LRMC_SoftImpute_completed_p50_rep15_seed69.csv,terminal:Cercopithecus_aethiops_AY863426,terminal,1,0.0221835236,0.003081695735339245,-0.019101827864660754,0.019101827864660754
LRMC-SoftImpute,50,15,69,LRMC_SoftImpute_completed_p50_rep15_seed69.csv,internal:Chlorocebus_aethiops_C1_KU682691|Chlorocebus_aethiops_MN816163,internal,2,0.0120854426,0.0,-0.0120854426,0.0120854426
LRMC-SoftImpute,50,15,69,LRMC_SoftImpute_completed_p50_rep15_seed69.csv,terminal:Chlorocebus_aethiops_C1_KU682691,terminal,1,0.0080961876,0.02383084450343306,0.015734656903433057,0.015734656903433057
LRMC-SoftImpute,50,15,69,LRMC_SoftImpute_completed_p50_rep15_seed69.csv,terminal:Chlorocebus_aethiops_MN816163,terminal,1,0.0104642592,0.023215239560888758,0.012750980360888758,0.012750980360888758
LRMC-SoftImpute,50,15,69,LRMC_SoftImpute_completed_p50_rep15_seed69.csv,internal:Chlorocebus_cynosuros_C3_KU682693|Chlorocebus_cynosuros_KM262190,internal,2,0.0017398823,0.011973095827727223,0.010233213527727223,0.010233213527727223
LRMC-SoftImpute,50,15,69,LRMC_SoftImpute_completed_p50_rep15_seed69.csv,terminal:Chlorocebus_cynosuros_C3_KU682693,terminal,1,0.0241962287,0.02135884281517882,-0.0028373858848211794,0.0028373858848211794
LRMC-SoftImpute,50,15,69,LRMC_SoftImpute_completed_p50_rep15_seed69.csv,terminal:Chlorocebus_cynosuros_KM262190,terminal,1,0.0250691331,0.017133440281420775,-0.007935692818579226,0.007935692818579226
LRMC-SoftImpute,50,15,69,LRMC_SoftImpute_completed_p50_rep15_seed69.csv,terminal:Chlorocebus_djamdjamensis_C5_KU682695,terminal,1,0.0319881948,0.019213984332157333,-0.012774210467842669,0.012774210467842669
LRMC-SoftImpute,50,15,69,LRMC_SoftImpute_completed_p50_rep15_seed69.csv,internal:Cercopithecus_albogularis_KC757391|Cercopithecus_diana_KJ434958|Cercopithecus_lhoesti_KJ434957|Cercopithecus_mitis_KJ434956|Cercopithecus_neglectus_MW160353,internal,5,0.0020104988,0.0010123318619268688,-0.0009981669380731313,0.0009981669380731313
LRMC-SoftImpute,50,15,69,LRMC_SoftImpute_completed_p50_rep15_seed69.csv,internal:Cercopithecus_albogularis_KC757391|Cercopithecus_lhoesti_KJ434957|Cercopithecus_mitis_KJ434956,internal,3,0.0167387771,0.0,-0.0167387771,0.0167387771
LRMC-SoftImpute,50,15,69,LRMC_SoftImpute_completed_p50_rep15_seed69.csv,internal:Cercopithecus_albogularis_KC757391|Cercopithecus_mitis_KJ434956,internal,2,0.0593605632,0.0,-0.0593605632,0.0593605632
LRMC-SoftImpute,50,15,69,LRMC_SoftImpute_completed_p50_rep15_seed69.csv,terminal:Cercopithecus_albogularis_KC757391,terminal,1,0.0366651729,0.0447233983431942,0.008058225443194199,0.008058225443194199
LRMC-SoftImpute,50,15,69,LRMC_SoftImpute_completed_p50_rep15_seed69.csv,terminal:Cercopithecus_mitis_KJ434956,terminal,1,0.0331901409,0.0403203540627154,0.0071302131627154,0.0071302131627154
LRMC-SoftImpute,50,15,69,LRMC_SoftImpute_completed_p50_rep15_seed69.csv,terminal:Cercopithecus_lhoesti_KJ434957,terminal,1,0.096446469,0.05732105993586061,-0.039125409064139395,0.039125409064139395
LRMC-SoftImpute,50,15,69,LRMC_SoftImpute_completed_p50_rep15_seed69.csv,internal:Cercopithecus_diana_KJ434958|Cercopithecus_neglectus_MW160353,internal,2,0.0175917107,0.007573870793217442,-0.010017839906782556,0.010017839906782556
LRMC-SoftImpute,50,15,69,LRMC_SoftImpute_completed_p50_rep15_seed69.csv,terminal:Cercopithecus_diana_KJ434958,terminal,1,0.1093319625,0.03067451172124177,-0.07865745077875824,0.07865745077875824
LRMC-SoftImpute,50,15,69,LRMC_SoftImpute_completed_p50_rep15_seed69.csv,terminal:Cercopithecus_neglectus_MW160353,terminal,1,0.1017112524,0.04999933064866923,-0.05171192175133076,0.05171192175133076
LRMC-SoftImpute,50,16,70,LRMC_SoftImpute_completed_p50_rep16_seed70.csv,terminal:Allenopithecus_nigroviridis_KJ434962,terminal,1,0.1474140195,0.0690717412705388,-0.07834227822946119,0.07834227822946119
LRMC-SoftImpute,50,16,70,LRMC_SoftImpute_completed_p50_rep16_seed70.csv,internal:Cercocebus_atys_KT159932|Cercocebus_chrysogaster_KC757390|Cercocebus_torquatus_KJ434959,internal,3,0.1544494817,0.01945574696387185,-0.13499373473612816,0.13499373473612816
LRMC-SoftImpute,50,16,70,LRMC_SoftImpute_completed_p50_rep16_seed70.csv,internal:Cercocebus_atys_KT159932|Cercocebus_torquatus_KJ434959,internal,2,0.0094381611,0.006317390820739131,-0.003120770279260869,0.003120770279260869
LRMC-SoftImpute,50,16,70,LRMC_SoftImpute_completed_p50_rep16_seed70.csv,terminal:Cercocebus_atys_KT159932,terminal,1,0.0508580169,0.044473498486870065,-0.006384518413129932,0.006384518413129932
LRMC-SoftImpute,50,16,70,LRMC_SoftImpute_completed_p50_rep16_seed70.csv,terminal:Cercocebus_torquatus_KJ434959,terminal,1,0.0562685839,0.029456698781718565,-0.026811885118281437,0.026811885118281437
LRMC-SoftImpute,50,16,70,LRMC_SoftImpute_completed_p50_rep16_seed70.csv,terminal:Cercocebus_chrysogaster_KC757390,terminal,1,0.0511259412,0.05106071591792406,-6.522528207593414e-05,6.522528207593414e-05
LRMC-SoftImpute,50,16,70,LRMC_SoftImpute_completed_p50_rep16_seed70.csv,internal:Allenopithecus_nigroviridis_KJ434962|Cercocebus_atys_KT159932|Cercocebus_chrysogaster_KC757390|Cercocebus_torquatus_KJ434959,internal,4,0.0346917556,0.0,-0.0346917556,0.0346917556
LRMC-SoftImpute,50,16,70,LRMC_SoftImpute_completed_p50_rep16_seed70.csv,internal:Cercopithecus_aethiops_AY863426|Chlorocebus_aethiops_C1_KU682691|Chlorocebus_aethiops_MN816163|Chlorocebus_cynosuros_C3_KU682693|Chlorocebus_cynosuros_KM262190|Chlorocebus_djamdjamensis_C5_KU682695,internal,6,0.0834758403,0.03283476545363116,-0.050641074846368844,0.050641074846368844
LRMC-SoftImpute,50,16,70,LRMC_SoftImpute_completed_p50_rep16_seed70.csv,internal:Cercopithecus_aethiops_AY863426|Chlorocebus_aethiops_C1_KU682691|Chlorocebus_aethiops_MN816163|Chlorocebus_cynosuros_C3_KU682693|Chlorocebus_cynosuros_KM262190,internal,5,0.012780756,0.0,-0.012780756,0.012780756
LRMC-SoftImpute,50,16,70,LRMC_SoftImpute_completed_p50_rep16_seed70.csv,internal:Cercopithecus_aethiops_AY863426|Chlorocebus_aethiops_C1_KU682691|Chlorocebus_aethiops_MN816163,internal,3,0.0048654608,0.0009062880001646775,-0.0039591727998353225,0.0039591727998353225
LRMC-SoftImpute,50,16,70,LRMC_SoftImpute_completed_p50_rep16_seed70.csv,terminal:Cercopithecus_aethiops_AY863426,terminal,1,0.0221835236,0.014357505995139162,-0.00782601760486084,0.00782601760486084
LRMC-SoftImpute,50,16,70,LRMC_SoftImpute_completed_p50_rep16_seed70.csv,internal:Chlorocebus_aethiops_C1_KU682691|Chlorocebus_aethiops_MN816163,internal,2,0.0120854426,0.0,-0.0120854426,0.0120854426
LRMC-SoftImpute,50,16,70,LRMC_SoftImpute_completed_p50_rep16_seed70.csv,terminal:Chlorocebus_aethiops_C1_KU682691,terminal,1,0.0080961876,0.013254584070154243,0.005158396470154243,0.005158396470154243
LRMC-SoftImpute,50,16,70,LRMC_SoftImpute_completed_p50_rep16_seed70.csv,terminal:Chlorocebus_aethiops_MN816163,terminal,1,0.0104642592,0.012397952871671157,0.0019336936716711581,0.0019336936716711581
LRMC-SoftImpute,50,16,70,LRMC_SoftImpute_completed_p50_rep16_seed70.csv,internal:Chlorocebus_cynosuros_C3_KU682693|Chlorocebus_cynosuros_KM262190,internal,2,0.0017398823,0.0,-0.0017398823,0.0017398823
LRMC-SoftImpute,50,16,70,LRMC_SoftImpute_completed_p50_rep16_seed70.csv,terminal:Chlorocebus_cynosuros_C3_KU682693,terminal,1,0.0241962287,0.0012001063252273883,-0.02299612237477261,0.02299612237477261
LRMC-SoftImpute,50,16,70,LRMC_SoftImpute_completed_p50_rep16_seed70.csv,terminal:Chlorocebus_cynosuros_KM262190,terminal,1,0.0250691331,0.03371756426414222,0.008648431164142219,0.008648431164142219
LRMC-SoftImpute,50,16,70,LRMC_SoftImpute_completed_p50_rep16_seed70.csv,terminal:Chlorocebus_djamdjamensis_C5_KU682695,terminal,1,0.0319881948,0.02630646597392318,-0.005681728826076822,0.005681728826076822
LRMC-SoftImpute,50,16,70,LRMC_SoftImpute_completed_p50_rep16_seed70.csv,internal:Cercopithecus_albogularis_KC757391|Cercopithecus_diana_KJ434958|Cercopithecus_lhoesti_KJ434957|Cercopithecus_mitis_KJ434956|Cercopithecus_neglectus_MW160353,internal,5,0.0020104988,0.0,-0.0020104988,0.0020104988
LRMC-SoftImpute,50,16,70,LRMC_SoftImpute_completed_p50_rep16_seed70.csv,internal:Cercopithecus_albogularis_KC757391|Cercopithecus_lhoesti_KJ434957|Cercopithecus_mitis_KJ434956,internal,3,0.0167387771,0.022494860651114112,0.005756083551114111,0.005756083551114111
LRMC-SoftImpute,50,16,70,LRMC_SoftImpute_completed_p50_rep16_seed70.csv,internal:Cercopithecus_albogularis_KC757391|Cercopithecus_mitis_KJ434956,internal,2,0.0593605632,0.014230454479414968,-0.04513010872058503,0.04513010872058503
LRMC-SoftImpute,50,16,70,LRMC_SoftImpute_completed_p50_rep16_seed70.csv,terminal:Cercopithecus_albogularis_KC757391,terminal,1,0.0366651729,0.032971573006130184,-0.0036935998938698172,0.0036935998938698172
LRMC-SoftImpute,50,16,70,LRMC_SoftImpute_completed_p50_rep16_seed70.csv,terminal:Cercopithecus_mitis_KJ434956,terminal,1,0.0331901409,0.022447305621147426,-0.010742835278852572,0.010742835278852572
LRMC-SoftImpute,50,16,70,LRMC_SoftImpute_completed_p50_rep16_seed70.csv,terminal:Cercopithecus_lhoesti_KJ434957,terminal,1,0.096446469,0.04378689892563191,-0.0526595700743681,0.0526595700743681
LRMC-SoftImpute,50,16,70,LRMC_SoftImpute_completed_p50_rep16_seed70.csv,internal:Cercopithecus_diana_KJ434958|Cercopithecus_neglectus_MW160353,internal,2,0.0175917107,0.014640405776511054,-0.002951304923488945,0.002951304923488945
LRMC-SoftImpute,50,16,70,LRMC_SoftImpute_completed_p50_rep16_seed70.csv,terminal:Cercopithecus_diana_KJ434958,terminal,1,0.1093319625,0.03622775117193676,-0.07310421132806325,0.07310421132806325
LRMC-SoftImpute,50,16,70,LRMC_SoftImpute_completed_p50_rep16_seed70.csv,terminal:Cercopithecus_neglectus_MW160353,terminal,1,0.1017112524,0.011827229547316867,-0.08988402285268313,0.08988402285268313
LRMC-SoftImpute,50,17,71,LRMC_SoftImpute_completed_p50_rep17_seed71.csv,terminal:Allenopithecus_nigroviridis_KJ434962,terminal,1,0.1474140195,0.05542720080778922,-0.09198681869221077,0.09198681869221077
LRMC-SoftImpute,50,17,71,LRMC_SoftImpute_completed_p50_rep17_seed71.csv,internal:Cercocebus_atys_KT159932|Cercocebus_chrysogaster_KC757390|Cercocebus_torquatus_KJ434959,internal,3,0.1544494817,0.05359964684880221,-0.10084983485119779,0.10084983485119779
LRMC-SoftImpute,50,17,71,LRMC_SoftImpute_completed_p50_rep17_seed71.csv,internal:Cercocebus_atys_KT159932|Cercocebus_torquatus_KJ434959,internal,2,0.0094381611,0.025194986017976283,0.01575682491797628,0.01575682491797628
LRMC-SoftImpute,50,17,71,LRMC_SoftImpute_completed_p50_rep17_seed71.csv,terminal:Cercocebus_atys_KT159932,terminal,1,0.0508580169,0.005338049335834106,-0.04551996756416589,0.04551996756416589
LRMC-SoftImpute,50,17,71,LRMC_SoftImpute_completed_p50_rep17_seed71.csv,terminal:Cercocebus_torquatus_KJ434959,terminal,1,0.0562685839,0.012477631695467286,-0.04379095220453272,0.04379095220453272
LRMC-SoftImpute,50,17,71,LRMC_SoftImpute_completed_p50_rep17_seed71.csv,terminal:Cercocebus_chrysogaster_KC757390,terminal,1,0.0511259412,0.03112161963388543,-0.020004321566114567,0.020004321566114567
LRMC-SoftImpute,50,17,71,LRMC_SoftImpute_completed_p50_rep17_seed71.csv,internal:Allenopithecus_nigroviridis_KJ434962|Cercocebus_atys_KT159932|Cercocebus_chrysogaster_KC757390|Cercocebus_torquatus_KJ434959,internal,4,0.0346917556,0.0,-0.0346917556,0.0346917556
LRMC-SoftImpute,50,17,71,LRMC_SoftImpute_completed_p50_rep17_seed71.csv,internal:Cercopithecus_aethiops_AY863426|Chlorocebus_aethiops_C1_KU682691|Chlorocebus_aethiops_MN816163|Chlorocebus_cynosuros_C3_KU682693|Chlorocebus_cynosuros_KM262190|Chlorocebus_djamdjamensis_C5_KU682695,internal,6,0.0834758403,0.021049827769578033,-0.06242601253042197,0.06242601253042197
LRMC-SoftImpute,50,17,71,LRMC_SoftImpute_completed_p50_rep17_seed71.csv,internal:Cercopithecus_aethiops_AY863426|Chlorocebus_aethiops_C1_KU682691|Chlorocebus_aethiops_MN816163|Chlorocebus_cynosuros_C3_KU682693|Chlorocebus_cynosuros_KM262190,internal,5,0.012780756,0.0027992471736190175,-0.009981508826380983,0.009981508826380983
LRMC-SoftImpute,50,17,71,LRMC_SoftImpute_completed_p50_rep17_seed71.csv,internal:Cercopithecus_aethiops_AY863426|Chlorocebus_aethiops_C1_KU682691|Chlorocebus_aethiops_MN816163,internal,3,0.0048654608,0.0026655629072626853,-0.0021998978927373143,0.0021998978927373143
LRMC-SoftImpute,50,17,71,LRMC_SoftImpute_completed_p50_rep17_seed71.csv,terminal:Cercopithecus_aethiops_AY863426,terminal,1,0.0221835236,0.02377839801231836,0.0015948744123183596,0.0015948744123183596
LRMC-SoftImpute,50,17,71,LRMC_SoftImpute_completed_p50_rep17_seed71.csv,internal:Chlorocebus_aethiops_C1_KU682691|Chlorocebus_aethiops_MN816163,internal,2,0.0120854426,0.0,-0.0120854426,0.0120854426
LRMC-SoftImpute,50,17,71,LRMC_SoftImpute_completed_p50_rep17_seed71.csv,terminal:Chlorocebus_aethiops_C1_KU682691,terminal,1,0.0080961876,0.026316357976196983,0.018220170376196984,0.018220170376196984
LRMC-SoftImpute,50,17,71,LRMC_SoftImpute_completed_p50_rep17_seed71.csv,terminal:Chlorocebus_aethiops_MN816163,terminal,1,0.0104642592,0.0025325942622875055,-0.007931664937712494,0.007931664937712494
LRMC-SoftImpute,50,17,71,LRMC_SoftImpute_completed_p50_rep17_seed71.csv,internal:Chlorocebus_cynosuros_C3_KU682693|Chlorocebus_cynosuros_KM262190,internal,2,0.0017398823,0.0,-0.0017398823,0.0017398823
LRMC-SoftImpute,50,17,71,LRMC_SoftImpute_completed_p50_rep17_seed71.csv,terminal:Chlorocebus_cynosuros_C3_KU682693,terminal,1,0.0241962287,0.005916353042569624,-0.018279875657430375,0.018279875657430375
LRMC-SoftImpute,50,17,71,LRMC_SoftImpute_completed_p50_rep17_seed71.csv,terminal:Chlorocebus_cynosuros_KM262190,terminal,1,0.0250691331,0.024686651893067173,-0.000382481206932829,0.000382481206932829
LRMC-SoftImpute,50,17,71,LRMC_SoftImpute_completed_p50_rep17_seed71.csv,terminal:Chlorocebus_djamdjamensis_C5_KU682695,terminal,1,0.0319881948,0.02869076013071262,-0.003297434669287381,0.003297434669287381
LRMC-SoftImpute,50,17,71,LRMC_SoftImpute_completed_p50_rep17_seed71.csv,internal:Cercopithecus_albogularis_KC757391|Cercopithecus_diana_KJ434958|Cercopithecus_lhoesti_KJ434957|Cercopithecus_mitis_KJ434956|Cercopithecus_neglectus_MW160353,internal,5,0.0020104988,0.004545779725798854,0.002535280925798854,0.002535280925798854
LRMC-SoftImpute,50,17,71,LRMC_SoftImpute_completed_p50_rep17_seed71.csv,internal:Cercopithecus_albogularis_KC757391|Cercopithecus_lhoesti_KJ434957|Cercopithecus_mitis_KJ434956,internal,3,0.0167387771,0.002958524410401406,-0.013780252689598595,0.013780252689598595
LRMC-SoftImpute,50,17,71,LRMC_SoftImpute_completed_p50_rep17_seed71.csv,internal:Cercopithecus_albogularis_KC757391|Cercopithecus_mitis_KJ434956,internal,2,0.0593605632,0.014176611079884058,-0.045183952120115944,0.045183952120115944
LRMC-SoftImpute,50,17,71,LRMC_SoftImpute_completed_p50_rep17_seed71.csv,terminal:Cercopithecus_albogularis_KC757391,terminal,1,0.0366651729,0.021271240444012175,-0.015393932455987826,0.015393932455987826
LRMC-SoftImpute,50,17,71,LRMC_SoftImpute_completed_p50_rep17_seed71.csv,terminal:Cercopithecus_mitis_KJ434956,terminal,1,0.0331901409,0.03235862260289121,-0.0008315182971087853,0.0008315182971087853
LRMC-SoftImpute,50,17,71,LRMC_SoftImpute_completed_p50_rep17_seed71.csv,terminal:Cercopithecus_lhoesti_KJ434957,terminal,1,0.096446469,0.04233859924742052,-0.05410786975257949,0.05410786975257949
LRMC-SoftImpute,50,17,71,LRMC_SoftImpute_completed_p50_rep17_seed71.csv,internal:Cercopithecus_diana_KJ434958|Cercopithecus_neglectus_MW160353,internal,2,0.0175917107,0.03020041640633432,0.012608705706334322,0.012608705706334322
LRMC-SoftImpute,50,17,71,LRMC_SoftImpute_completed_p50_rep17_seed71.csv,terminal:Cercopithecus_diana_KJ434958,terminal,1,0.1093319625,0.020104577615956718,-0.08922738488404329,0.08922738488404329
LRMC-SoftImpute,50,17,71,LRMC_SoftImpute_completed_p50_rep17_seed71.csv,terminal:Cercopithecus_neglectus_MW160353,terminal,1,0.1017112524,0.02373391814834669,-0.0779773342516533,0.0779773342516533
LRMC-SoftImpute,50,18,72,LRMC_SoftImpute_completed_p50_rep18_seed72.csv,terminal:Allenopithecus_nigroviridis_KJ434962,terminal,1,0.1474140195,0.05364644722586973,-0.09376757227413027,0.09376757227413027
LRMC-SoftImpute,50,18,72,LRMC_SoftImpute_completed_p50_rep18_seed72.csv,internal:Cercocebus_atys_KT159932|Cercocebus_chrysogaster_KC757390|Cercocebus_torquatus_KJ434959,internal,3,0.1544494817,0.03722372187944626,-0.11722575982055375,0.11722575982055375
LRMC-SoftImpute,50,18,72,LRMC_SoftImpute_completed_p50_rep18_seed72.csv,internal:Cercocebus_atys_KT159932|Cercocebus_torquatus_KJ434959,internal,2,0.0094381611,0.03606509619908426,0.02662693509908426,0.02662693509908426
LRMC-SoftImpute,50,18,72,LRMC_SoftImpute_completed_p50_rep18_seed72.csv,terminal:Cercocebus_atys_KT159932,terminal,1,0.0508580169,0.003910861256429152,-0.04694715564357085,0.04694715564357085
LRMC-SoftImpute,50,18,72,LRMC_SoftImpute_completed_p50_rep18_seed72.csv,terminal:Cercocebus_torquatus_KJ434959,terminal,1,0.0562685839,0.00432599791540527,-0.05194258598459473,0.05194258598459473
LRMC-SoftImpute,50,18,72,LRMC_SoftImpute_completed_p50_rep18_seed72.csv,terminal:Cercocebus_chrysogaster_KC757390,terminal,1,0.0511259412,0.03418865489963618,-0.01693728630036382,0.01693728630036382
LRMC-SoftImpute,50,18,72,LRMC_SoftImpute_completed_p50_rep18_seed72.csv,internal:Allenopithecus_nigroviridis_KJ434962|Cercocebus_atys_KT159932|Cercocebus_chrysogaster_KC757390|Cercocebus_torquatus_KJ434959,internal,4,0.0346917556,0.00010709227125412842,-0.03458466332874587,0.03458466332874587
LRMC-SoftImpute,50,18,72,LRMC_SoftImpute_completed_p50_rep18_seed72.csv,internal:Cercopithecus_aethiops_AY863426|Chlorocebus_aethiops_C1_KU682691|Chlorocebus_aethiops_MN816163|Chlorocebus_cynosuros_C3_KU682693|Chlorocebus_cynosuros_KM262190|Chlorocebus_djamdjamensis_C5_KU682695,internal,6,0.0834758403,0.051661144079611296,-0.03181469622038871,0.03181469622038871
LRMC-SoftImpute,50,18,72,LRMC_SoftImpute_completed_p50_rep18_seed72.csv,internal:Cercopithecus_aethiops_AY863426|Chlorocebus_aethiops_C1_KU682691|Chlorocebus_aethiops_MN816163|Chlorocebus_cynosuros_C3_KU682693|Chlorocebus_cynosuros_KM262190,internal,5,0.012780756,0.0,-0.012780756,0.012780756
LRMC-SoftImpute,50,18,72,LRMC_SoftImpute_completed_p50_rep18_seed72.csv,internal:Cercopithecus_aethiops_AY863426|Chlorocebus_aethiops_C1_KU682691|Chlorocebus_aethiops_MN816163,internal,3,0.0048654608,0.011935151946481731,0.007069691146481732,0.007069691146481732
LRMC-SoftImpute,50,18,72,LRMC_SoftImpute_completed_p50_rep18_seed72.csv,terminal:Cercopithecus_aethiops_AY863426,terminal,1,0.0221835236,0.009038283616454276,-0.013145239983545725,0.013145239983545725
LRMC-SoftImpute,50,18,72,LRMC_SoftImpute_completed_p50_rep18_seed72.csv,internal:Chlorocebus_aethiops_C1_KU682691|Chlorocebus_aethiops_MN816163,internal,2,0.0120854426,0.0,-0.0120854426,0.0120854426
LRMC-SoftImpute,50,18,72,LRMC_SoftImpute_completed_p50_rep18_seed72.csv,terminal:Chlorocebus_aethiops_C1_KU682691,terminal,1,0.0080961876,0.009715600736810713,0.0016194131368107122,0.0016194131368107122
LRMC-SoftImpute,50,18,72,LRMC_SoftImpute_completed_p50_rep18_seed72.csv,terminal:Chlorocebus_aethiops_MN816163,terminal,1,0.0104642592,0.0023505170787956214,-0.008113742121204378,0.008113742121204378
LRMC-SoftImpute,50,18,72,LRMC_SoftImpute_completed_p50_rep18_seed72.csv,internal:Chlorocebus_cynosuros_C3_KU682693|Chlorocebus_cynosuros_KM262190,internal,2,0.0017398823,0.0,-0.0017398823,0.0017398823
LRMC-SoftImpute,50,18,72,LRMC_SoftImpute_completed_p50_rep18_seed72.csv,terminal:Chlorocebus_cynosuros_C3_KU682693,terminal,1,0.0241962287,0.015448614834398022,-0.008747613865601977,0.008747613865601977
LRMC-SoftImpute,50,18,72,LRMC_SoftImpute_completed_p50_rep18_seed72.csv,terminal:Chlorocebus_cynosuros_KM262190,terminal,1,0.0250691331,0.0,-0.0250691331,0.0250691331
LRMC-SoftImpute,50,18,72,LRMC_SoftImpute_completed_p50_rep18_seed72.csv,terminal:Chlorocebus_djamdjamensis_C5_KU682695,terminal,1,0.0319881948,0.0073973450050025735,-0.024590849794997427,0.024590849794997427
LRMC-SoftImpute,50,18,72,LRMC_SoftImpute_completed_p50_rep18_seed72.csv,internal:Cercopithecus_albogularis_KC757391|Cercopithecus_diana_KJ434958|Cercopithecus_lhoesti_KJ434957|Cercopithecus_mitis_KJ434956|Cercopithecus_neglectus_MW160353,internal,5,0.0020104988,0.0,-0.0020104988,0.0020104988
LRMC-SoftImpute,50,18,72,LRMC_SoftImpute_completed_p50_rep18_seed72.csv,internal:Cercopithecus_albogularis_KC757391|Cercopithecus_lhoesti_KJ434957|Cercopithecus_mitis_KJ434956,internal,3,0.0167387771,0.0,-0.0167387771,0.0167387771
LRMC-SoftImpute,50,18,72,LRMC_SoftImpute_completed_p50_rep18_seed72.csv,internal:Cercopithecus_albogularis_KC757391|Cercopithecus_mitis_KJ434956,internal,2,0.0593605632,0.017543546432008134,-0.04181701676799186,0.04181701676799186
LRMC-SoftImpute,50,18,72,LRMC_SoftImpute_completed_p50_rep18_seed72.csv,terminal:Cercopithecus_albogularis_KC757391,terminal,1,0.0366651729,0.0250298908282472,-0.011635282071752802,0.011635282071752802
LRMC-SoftImpute,50,18,72,LRMC_SoftImpute_completed_p50_rep18_seed72.csv,terminal:Cercopithecus_mitis_KJ434956,terminal,1,0.0331901409,0.03693924465564789,0.003749103755647895,0.003749103755647895
LRMC-SoftImpute,50,18,72,LRMC_SoftImpute_completed_p50_rep18_seed72.csv,terminal:Cercopithecus_lhoesti_KJ434957,terminal,1,0.096446469,0.024845200829471836,-0.07160126817052817,0.07160126817052817
LRMC-SoftImpute,50,18,72,LRMC_SoftImpute_completed_p50_rep18_seed72.csv,internal:Cercopithecus_diana_KJ434958|Cercopithecus_neglectus_MW160353,internal,2,0.0175917107,0.0,-0.0175917107,0.0175917107
LRMC-SoftImpute,50,18,72,LRMC_SoftImpute_completed_p50_rep18_seed72.csv,terminal:Cercopithecus_diana_KJ434958,terminal,1,0.1093319625,0.045204548791452616,-0.06412741370854738,0.06412741370854738
LRMC-SoftImpute,50,18,72,LRMC_SoftImpute_completed_p50_rep18_seed72.csv,terminal:Cercopithecus_neglectus_MW160353,terminal,1,0.1017112524,0.054647505869314134,-0.04706374653068586,0.04706374653068586
LRMC-SoftImpute,50,19,73,LRMC_SoftImpute_completed_p50_rep19_seed73.csv,terminal:Allenopithecus_nigroviridis_KJ434962,terminal,1,0.1474140195,0.039156868662354655,-0.10825715083764534,0.10825715083764534
LRMC-SoftImpute,50,19,73,LRMC_SoftImpute_completed_p50_rep19_seed73.csv,internal:Cercocebus_atys_KT159932|Cercocebus_chrysogaster_KC757390|Cercocebus_torquatus_KJ434959,internal,3,0.1544494817,0.07088143359468502,-0.08356804810531498,0.08356804810531498
LRMC-SoftImpute,50,19,73,LRMC_SoftImpute_completed_p50_rep19_seed73.csv,internal:Cercocebus_atys_KT159932|Cercocebus_torquatus_KJ434959,internal,2,0.0094381611,0.0,-0.0094381611,0.0094381611
LRMC-SoftImpute,50,19,73,LRMC_SoftImpute_completed_p50_rep19_seed73.csv,terminal:Cercocebus_atys_KT159932,terminal,1,0.0508580169,0.01847956011373325,-0.032378456786266746,0.032378456786266746
LRMC-SoftImpute,50,19,73,LRMC_SoftImpute_completed_p50_rep19_seed73.csv,terminal:Cercocebus_torquatus_KJ434959,terminal,1,0.0562685839,0.011725881155358763,-0.04454270274464124,0.04454270274464124
LRMC-SoftImpute,50,19,73,LRMC_SoftImpute_completed_p50_rep19_seed73.csv,terminal:Cercocebus_chrysogaster_KC757390,terminal,1,0.0511259412,0.011279187192877887,-0.03984675400712211,0.03984675400712211
LRMC-SoftImpute,50,19,73,LRMC_SoftImpute_completed_p50_rep19_seed73.csv,internal:Allenopithecus_nigroviridis_KJ434962|Cercocebus_atys_KT159932|Cercocebus_chrysogaster_KC757390|Cercocebus_torquatus_KJ434959,internal,4,0.0346917556,0.0,-0.0346917556,0.0346917556
LRMC-SoftImpute,50,19,73,LRMC_SoftImpute_completed_p50_rep19_seed73.csv,internal:Cercopithecus_aethiops_AY863426|Chlorocebus_aethiops_C1_KU682691|Chlorocebus_aethiops_MN816163|Chlorocebus_cynosuros_C3_KU682693|Chlorocebus_cynosuros_KM262190|Chlorocebus_djamdjamensis_C5_KU682695,internal,6,0.0834758403,0.021112124023287177,-0.06236371627671283,0.06236371627671283
LRMC-SoftImpute,50,19,73,LRMC_SoftImpute_completed_p50_rep19_seed73.csv,internal:Cercopithecus_aethiops_AY863426|Chlorocebus_aethiops_C1_KU682691|Chlorocebus_aethiops_MN816163|Chlorocebus_cynosuros_C3_KU682693|Chlorocebus_cynosuros_KM262190,internal,5,0.012780756,0.0,-0.012780756,0.012780756
LRMC-SoftImpute,50,19,73,LRMC_SoftImpute_completed_p50_rep19_seed73.csv,internal:Cercopithecus_aethiops_AY863426|Chlorocebus_aethiops_C1_KU682691|Chlorocebus_aethiops_MN816163,internal,3,0.0048654608,0.0,-0.0048654608,0.0048654608
LRMC-SoftImpute,50,19,73,LRMC_SoftImpute_completed_p50_rep19_seed73.csv,terminal:Cercopithecus_aethiops_AY863426,terminal,1,0.0221835236,0.014892980522916238,-0.007290543077083763,0.007290543077083763
LRMC-SoftImpute,50,19,73,LRMC_SoftImpute_completed_p50_rep19_seed73.csv,internal:Chlorocebus_aethiops_C1_KU682691|Chlorocebus_aethiops_MN816163,internal,2,0.0120854426,0.01136831414559601,-0.0007171284544039893,0.0007171284544039893
LRMC-SoftImpute,50,19,73,LRMC_SoftImpute_completed_p50_rep19_seed73.csv,terminal:Chlorocebus_aethiops_C1_KU682691,terminal,1,0.0080961876,0.011280548168174738,0.003184360568174737,0.003184360568174737
LRMC-SoftImpute,50,19,73,LRMC_SoftImpute_completed_p50_rep19_seed73.csv,terminal:Chlorocebus_aethiops_MN816163,terminal,1,0.0104642592,0.004891794075203693,-0.0055724651247963065,0.0055724651247963065
LRMC-SoftImpute,50,19,73,LRMC_SoftImpute_completed_p50_rep19_seed73.csv,internal:Chlorocebus_cynosuros_C3_KU682693|Chlorocebus_cynosuros_KM262190,internal,2,0.0017398823,0.0,-0.0017398823,0.0017398823
LRMC-SoftImpute,50,19,73,LRMC_SoftImpute_completed_p50_rep19_seed73.csv,terminal:Chlorocebus_cynosuros_C3_KU682693,terminal,1,0.0241962287,0.02280275642070686,-0.0013934722792931405,0.0013934722792931405
LRMC-SoftImpute,50,19,73,LRMC_SoftImpute_completed_p50_rep19_seed73.csv,terminal:Chlorocebus_cynosuros_KM262190,terminal,1,0.0250691331,0.01432566028402966,-0.010743472815970342,0.010743472815970342
LRMC-SoftImpute,50,19,73,LRMC_SoftImpute_completed_p50_rep19_seed73.csv,terminal:Chlorocebus_djamdjamensis_C5_KU682695,terminal,1,0.0319881948,0.026278113022721563,-0.005710081777278438,0.005710081777278438
LRMC-SoftImpute,50,19,73,LRMC_SoftImpute_completed_p50_rep19_seed73.csv,internal:Cercopithecus_albogularis_KC757391|Cercopithecus_diana_KJ434958|Cercopithecus_lhoesti_KJ434957|Cercopithecus_mitis_KJ434956|Cercopithecus_neglectus_MW160353,internal,5,0.0020104988,0.007926058625982,0.005915559825982001,0.005915559825982001
LRMC-SoftImpute,50,19,73,LRMC_SoftImpute_completed_p50_rep19_seed73.csv,internal:Cercopithecus_albogularis_KC757391|Cercopithecus_lhoesti_KJ434957|Cercopithecus_mitis_KJ434956,internal,3,0.0167387771,0.014122123232812485,-0.0026166538671875163,0.0026166538671875163
LRMC-SoftImpute,50,19,73,LRMC_SoftImpute_completed_p50_rep19_seed73.csv,internal:Cercopithecus_albogularis_KC757391|Cercopithecus_mitis_KJ434956,internal,2,0.0593605632,0.0023988557016204745,-0.056961707498379525,0.056961707498379525
LRMC-SoftImpute,50,19,73,LRMC_SoftImpute_completed_p50_rep19_seed73.csv,terminal:Cercopithecus_albogularis_KC757391,terminal,1,0.0366651729,0.03823607025674236,0.0015708973567423595,0.0015708973567423595
LRMC-SoftImpute,50,19,73,LRMC_SoftImpute_completed_p50_rep19_seed73.csv,terminal:Cercopithecus_mitis_KJ434956,terminal,1,0.0331901409,0.015393792790161011,-0.01779634810983899,0.01779634810983899
LRMC-SoftImpute,50,19,73,LRMC_SoftImpute_completed_p50_rep19_seed73.csv,terminal:Cercopithecus_lhoesti_KJ434957,terminal,1,0.096446469,0.04025221427093862,-0.05619425472906139,0.05619425472906139
LRMC-SoftImpute,50,19,73,LRMC_SoftImpute_completed_p50_rep19_seed73.csv,internal:Cercopithecus_diana_KJ434958|Cercopithecus_neglectus_MW160353,internal,2,0.0175917107,0.006721433183845815,-0.010870277516154183,0.010870277516154183
LRMC-SoftImpute,50,19,73,LRMC_SoftImpute_completed_p50_rep19_seed73.csv,terminal:Cercopithecus_diana_KJ434958,terminal,1,0.1093319625,0.03633702339385863,-0.07299493910614138,0.07299493910614138
LRMC-SoftImpute,50,19,73,LRMC_SoftImpute_completed_p50_rep19_seed73.csv,terminal:Cercopithecus_neglectus_MW160353,terminal,1,0.1017112524,0.05372032303255148,-0.04799092936744851,0.04799092936744851
LRMC-SoftImpute,50,20,74,LRMC_SoftImpute_completed_p50_rep20_seed74.csv,terminal:Allenopithecus_nigroviridis_KJ434962,terminal,1,0.1474140195,0.05361131175292433,-0.09380270774707566,0.09380270774707566
LRMC-SoftImpute,50,20,74,LRMC_SoftImpute_completed_p50_rep20_seed74.csv,internal:Cercocebus_atys_KT159932|Cercocebus_chrysogaster_KC757390|Cercocebus_torquatus_KJ434959,internal,3,0.1544494817,0.007575186174118364,-0.14687429552588163,0.14687429552588163
LRMC-SoftImpute,50,20,74,LRMC_SoftImpute_completed_p50_rep20_seed74.csv,internal:Cercocebus_atys_KT159932|Cercocebus_torquatus_KJ434959,internal,2,0.0094381611,0.02169436227226457,0.01225620117226457,0.01225620117226457
LRMC-SoftImpute,50,20,74,LRMC_SoftImpute_completed_p50_rep20_seed74.csv,terminal:Cercocebus_atys_KT159932,terminal,1,0.0508580169,0.043082971765856626,-0.007775045134143371,0.007775045134143371
LRMC-SoftImpute,50,20,74,LRMC_SoftImpute_completed_p50_rep20_seed74.csv,terminal:Cercocebus_torquatus_KJ434959,terminal,1,0.0562685839,0.0308472255027321,-0.0254213583972679,0.0254213583972679
LRMC-SoftImpute,50,20,74,LRMC_SoftImpute_completed_p50_rep20_seed74.csv,terminal:Cercocebus_chrysogaster_KC757390,terminal,1,0.0511259412,0.015161684672123242,-0.035964256527876756,0.035964256527876756
LRMC-SoftImpute,50,20,74,LRMC_SoftImpute_completed_p50_rep20_seed74.csv,internal:Allenopithecus_nigroviridis_KJ434962|Cercocebus_atys_KT159932|Cercocebus_chrysogaster_KC757390|Cercocebus_torquatus_KJ434959,internal,4,0.0346917556,0.0,-0.0346917556,0.0346917556
LRMC-SoftImpute,50,20,74,LRMC_SoftImpute_completed_p50_rep20_seed74.csv,internal:Cercopithecus_aethiops_AY863426|Chlorocebus_aethiops_C1_KU682691|Chlorocebus_aethiops_MN816163|Chlorocebus_cynosuros_C3_KU682693|Chlorocebus_cynosuros_KM262190|Chlorocebus_djamdjamensis_C5_KU682695,internal,6,0.0834758403,0.019242004397596383,-0.06423383590240363,0.06423383590240363
LRMC-SoftImpute,50,20,74,LRMC_SoftImpute_completed_p50_rep20_seed74.csv,internal:Cercopithecus_aethiops_AY863426|Chlorocebus_aethiops_C1_KU682691|Chlorocebus_aethiops_MN816163|Chlorocebus_cynosuros_C3_KU682693|Chlorocebus_cynosuros_KM262190,internal,5,0.012780756,0.0,-0.012780756,0.012780756
LRMC-SoftImpute,50,20,74,LRMC_SoftImpute_completed_p50_rep20_seed74.csv,internal:Cercopithecus_aethiops_AY863426|Chlorocebus_aethiops_C1_KU682691|Chlorocebus_aethiops_MN816163,internal,3,0.0048654608,0.0018052993272397613,-0.0030601614727602386,0.0030601614727602386
LRMC-SoftImpute,50,20,74,LRMC_SoftImpute_completed_p50_rep20_seed74.csv,terminal:Cercopithecus_aethiops_AY863426,terminal,1,0.0221835236,0.02911697152643458,0.006933447926434577,0.006933447926434577
LRMC-SoftImpute,50,20,74,LRMC_SoftImpute_completed_p50_rep20_seed74.csv,internal:Chlorocebus_aethiops_C1_KU682691|Chlorocebus_aethiops_MN816163,internal,2,0.0120854426,0.0,-0.0120854426,0.0120854426
LRMC-SoftImpute,50,20,74,LRMC_SoftImpute_completed_p50_rep20_seed74.csv,terminal:Chlorocebus_aethiops_C1_KU682691,terminal,1,0.0080961876,0.0216921408162344,0.013595953216234401,0.013595953216234401
LRMC-SoftImpute,50,20,74,LRMC_SoftImpute_completed_p50_rep20_seed74.csv,terminal:Chlorocebus_aethiops_MN816163,terminal,1,0.0104642592,0.0,-0.0104642592,0.0104642592
LRMC-SoftImpute,50,20,74,LRMC_SoftImpute_completed_p50_rep20_seed74.csv,internal:Chlorocebus_cynosuros_C3_KU682693|Chlorocebus_cynosuros_KM262190,internal,2,0.0017398823,0.0,-0.0017398823,0.0017398823
LRMC-SoftImpute,50,20,74,LRMC_SoftImpute_completed_p50_rep20_seed74.csv,terminal:Chlorocebus_cynosuros_C3_KU682693,terminal,1,0.0241962287,0.0196252435568502,-0.004570985143149801,0.004570985143149801
LRMC-SoftImpute,50,20,74,LRMC_SoftImpute_completed_p50_rep20_seed74.csv,terminal:Chlorocebus_cynosuros_KM262190,terminal,1,0.0250691331,0.01863345321270853,-0.006435679887291473,0.006435679887291473
LRMC-SoftImpute,50,20,74,LRMC_SoftImpute_completed_p50_rep20_seed74.csv,terminal:Chlorocebus_djamdjamensis_C5_KU682695,terminal,1,0.0319881948,0.037726819263330505,0.005738624463330504,0.005738624463330504
LRMC-SoftImpute,50,20,74,LRMC_SoftImpute_completed_p50_rep20_seed74.csv,internal:Cercopithecus_albogularis_KC757391|Cercopithecus_diana_KJ434958|Cercopithecus_lhoesti_KJ434957|Cercopithecus_mitis_KJ434956|Cercopithecus_neglectus_MW160353,internal,5,0.0020104988,0.009264109328900814,0.007253610528900814,0.007253610528900814
LRMC-SoftImpute,50,20,74,LRMC_SoftImpute_completed_p50_rep20_seed74.csv,internal:Cercopithecus_albogularis_KC757391|Cercopithecus_lhoesti_KJ434957|Cercopithecus_mitis_KJ434956,internal,3,0.0167387771,0.019956583086487862,0.003217805986487861,0.003217805986487861
LRMC-SoftImpute,50,20,74,LRMC_SoftImpute_completed_p50_rep20_seed74.csv,internal:Cercopithecus_albogularis_KC757391|Cercopithecus_mitis_KJ434956,internal,2,0.0593605632,0.0,-0.0593605632,0.0593605632
LRMC-SoftImpute,50,20,74,LRMC_SoftImpute_completed_p50_rep20_seed74.csv,terminal:Cercopithecus_albogularis_KC757391,terminal,1,0.0366651729,0.03920449667626664,0.0025393237762666374,0.0025393237762666374
LRMC-SoftImpute,50,20,74,LRMC_SoftImpute_completed_p50_rep20_seed74.csv,terminal:Cercopithecus_mitis_KJ434956,terminal,1,0.0331901409,0.046954790904037216,0.013764650004037218,0.013764650004037218
LRMC-SoftImpute,50,20,74,LRMC_SoftImpute_completed_p50_rep20_seed74.csv,terminal:Cercopithecus_lhoesti_KJ434957,terminal,1,0.096446469,0.04546012736684488,-0.05098634163315513,0.05098634163315513
LRMC-SoftImpute,50,20,74,LRMC_SoftImpute_completed_p50_rep20_seed74.csv,internal:Cercopithecus_diana_KJ434958|Cercopithecus_neglectus_MW160353,internal,2,0.0175917107,0.0,-0.0175917107,0.0175917107
LRMC-SoftImpute,50,20,74,LRMC_SoftImpute_completed_p50_rep20_seed74.csv,terminal:Cercopithecus_diana_KJ434958,terminal,1,0.1093319625,0.02535861348791073,-0.08397334901208928,0.08397334901208928
LRMC-SoftImpute,50,20,74,LRMC_SoftImpute_completed_p50_rep20_seed74.csv,terminal:Cercopithecus_neglectus_MW160353,terminal,1,0.1017112524,0.05313089380355434,-0.048580358596445654,0.048580358596445654
LRMC-SoftImpute,50,21,75,LRMC_SoftImpute_completed_p50_rep21_seed75.csv,terminal:Allenopithecus_nigroviridis_KJ434962,terminal,1,0.1474140195,0.05486547034106421,-0.09254854915893579,0.09254854915893579
LRMC-SoftImpute,50,21,75,LRMC_SoftImpute_completed_p50_rep21_seed75.csv,internal:Cercocebus_atys_KT159932|Cercocebus_chrysogaster_KC757390|Cercocebus_torquatus_KJ434959,internal,3,0.1544494817,0.015561151348297867,-0.13888833035170214,0.13888833035170214
LRMC-SoftImpute,50,21,75,LRMC_SoftImpute_completed_p50_rep21_seed75.csv,internal:Cercocebus_atys_KT159932|Cercocebus_torquatus_KJ434959,internal,2,0.0094381611,0.0021692167621848784,-0.007268944337815122,0.007268944337815122
LRMC-SoftImpute,50,21,75,LRMC_SoftImpute_completed_p50_rep21_seed75.csv,terminal:Cercocebus_atys_KT159932,terminal,1,0.0508580169,0.02672089762138942,-0.024137119278610578,0.024137119278610578
LRMC-SoftImpute,50,21,75,LRMC_SoftImpute_completed_p50_rep21_seed75.csv,terminal:Cercocebus_torquatus_KJ434959,terminal,1,0.0562685839,0.037605719210904096,-0.018662864689095907,0.018662864689095907
LRMC-SoftImpute,50,21,75,LRMC_SoftImpute_completed_p50_rep21_seed75.csv,terminal:Cercocebus_chrysogaster_KC757390,terminal,1,0.0511259412,0.06418623410597606,0.01306029290597606,0.01306029290597606
LRMC-SoftImpute,50,21,75,LRMC_SoftImpute_completed_p50_rep21_seed75.csv,internal:Allenopithecus_nigroviridis_KJ434962|Cercocebus_atys_KT159932|Cercocebus_chrysogaster_KC757390|Cercocebus_torquatus_KJ434959,internal,4,0.0346917556,0.0,-0.0346917556,0.0346917556
LRMC-SoftImpute,50,21,75,LRMC_SoftImpute_completed_p50_rep21_seed75.csv,internal:Cercopithecus_aethiops_AY863426|Chlorocebus_aethiops_C1_KU682691|Chlorocebus_aethiops_MN816163|Chlorocebus_cynosuros_C3_KU682693|Chlorocebus_cynosuros_KM262190|Chlorocebus_djamdjamensis_C5_KU682695,internal,6,0.0834758403,0.03504112331733247,-0.04843471698266753,0.04843471698266753
LRMC-SoftImpute,50,21,75,LRMC_SoftImpute_completed_p50_rep21_seed75.csv,internal:Cercopithecus_aethiops_AY863426|Chlorocebus_aethiops_C1_KU682691|Chlorocebus_aethiops_MN816163|Chlorocebus_cynosuros_C3_KU682693|Chlorocebus_cynosuros_KM262190,internal,5,0.012780756,0.002674361103285239,-0.010106394896714763,0.010106394896714763
LRMC-SoftImpute,50,21,75,LRMC_SoftImpute_completed_p50_rep21_seed75.csv,internal:Cercopithecus_aethiops_AY863426|Chlorocebus_aethiops_C1_KU682691|Chlorocebus_aethiops_MN816163,internal,3,0.0048654608,0.0069662611407929065,0.002100800340792907,0.002100800340792907
LRMC-SoftImpute,50,21,75,LRMC_SoftImpute_completed_p50_rep21_seed75.csv,terminal:Cercopithecus_aethiops_AY863426,terminal,1,0.0221835236,0.013016894800393933,-0.009166628799606068,0.009166628799606068
LRMC-SoftImpute,50,21,75,LRMC_SoftImpute_completed_p50_rep21_seed75.csv,internal:Chlorocebus_aethiops_C1_KU682691|Chlorocebus_aethiops_MN816163,internal,2,0.0120854426,0.0018510739433650484,-0.010234368656634952,0.010234368656634952
LRMC-SoftImpute,50,21,75,LRMC_SoftImpute_completed_p50_rep21_seed75.csv,terminal:Chlorocebus_aethiops_C1_KU682691,terminal,1,0.0080961876,0.0,-0.0080961876,0.0080961876
LRMC-SoftImpute,50,21,75,LRMC_SoftImpute_completed_p50_rep21_seed75.csv,terminal:Chlorocebus_aethiops_MN816163,terminal,1,0.0104642592,0.023669591707700544,0.013205332507700545,0.013205332507700545
LRMC-SoftImpute,50,21,75,LRMC_SoftImpute_completed_p50_rep21_seed75.csv,internal:Chlorocebus_cynosuros_C3_KU682693|Chlorocebus_cynosuros_KM262190,internal,2,0.0017398823,0.0,-0.0017398823,0.0017398823
LRMC-SoftImpute,50,21,75,LRMC_SoftImpute_completed_p50_rep21_seed75.csv,terminal:Chlorocebus_cynosuros_C3_KU682693,terminal,1,0.0241962287,0.011099609142220912,-0.013096619557779087,0.013096619557779087
LRMC-SoftImpute,50,21,75,LRMC_SoftImpute_completed_p50_rep21_seed75.csv,terminal:Chlorocebus_cynosuros_KM262190,terminal,1,0.0250691331,0.019867033344094287,-0.005202099755905715,0.005202099755905715
LRMC-SoftImpute,50,21,75,LRMC_SoftImpute_completed_p50_rep21_seed75.csv,terminal:Chlorocebus_djamdjamensis_C5_KU682695,terminal,1,0.0319881948,0.02415399917430504,-0.00783419562569496,0.00783419562569496
LRMC-SoftImpute,50,21,75,LRMC_SoftImpute_completed_p50_rep21_seed75.csv,internal:Cercopithecus_albogularis_KC757391|Cercopithecus_diana_KJ434958|Cercopithecus_lhoesti_KJ434957|Cercopithecus_mitis_KJ434956|Cercopithecus_neglectus_MW160353,internal,5,0.0020104988,0.0,-0.0020104988,0.0020104988
LRMC-SoftImpute,50,21,75,LRMC_SoftImpute_completed_p50_rep21_seed75.csv,internal:Cercopithecus_albogularis_KC757391|Cercopithecus_lhoesti_KJ434957|Cercopithecus_mitis_KJ434956,internal,3,0.0167387771,0.005211010598753768,-0.011527766501246234,0.011527766501246234
LRMC-SoftImpute,50,21,75,LRMC_SoftImpute_completed_p50_rep21_seed75.csv,internal:Cercopithecus_albogularis_KC757391|Cercopithecus_mitis_KJ434956,internal,2,0.0593605632,0.01509624106710806,-0.04426432213289194,0.04426432213289194
LRMC-SoftImpute,50,21,75,LRMC_SoftImpute_completed_p50_rep21_seed75.csv,terminal:Cercopithecus_albogularis_KC757391,terminal,1,0.0366651729,0.0382340207175523,0.0015688478175523018,0.0015688478175523018
LRMC-SoftImpute,50,21,75,LRMC_SoftImpute_completed_p50_rep21_seed75.csv,terminal:Cercopithecus_mitis_KJ434956,terminal,1,0.0331901409,0.015395842329351116,-0.017794298570648882,0.017794298570648882
LRMC-SoftImpute,50,21,75,LRMC_SoftImpute_completed_p50_rep21_seed75.csv,terminal:Cercopithecus_lhoesti_KJ434957,terminal,1,0.096446469,0.041262361131664024,-0.05518410786833598,0.05518410786833598
LRMC-SoftImpute,50,21,75,LRMC_SoftImpute_completed_p50_rep21_seed75.csv,internal:Cercopithecus_diana_KJ434958|Cercopithecus_neglectus_MW160353,internal,2,0.0175917107,0.0,-0.0175917107,0.0175917107
LRMC-SoftImpute,50,21,75,LRMC_SoftImpute_completed_p50_rep21_seed75.csv,terminal:Cercopithecus_diana_KJ434958,terminal,1,0.1093319625,0.04953273688340225,-0.059799225616597756,0.059799225616597756
LRMC-SoftImpute,50,21,75,LRMC_SoftImpute_completed_p50_rep21_seed75.csv,terminal:Cercopithecus_neglectus_MW160353,terminal,1,0.1017112524,0.043253430290191075,-0.05845782210980892,0.05845782210980892
LRMC-SoftImpute,50,22,76,LRMC_SoftImpute_completed_p50_rep22_seed76.csv,terminal:Allenopithecus_nigroviridis_KJ434962,terminal,1,0.1474140195,0.05905807711194744,-0.08835594238805256,0.08835594238805256
LRMC-SoftImpute,50,22,76,LRMC_SoftImpute_completed_p50_rep22_seed76.csv,internal:Cercocebus_atys_KT159932|Cercocebus_chrysogaster_KC757390|Cercocebus_torquatus_KJ434959,internal,3,0.1544494817,0.03698022528702744,-0.11746925641297257,0.11746925641297257
LRMC-SoftImpute,50,22,76,LRMC_SoftImpute_completed_p50_rep22_seed76.csv,internal:Cercocebus_atys_KT159932|Cercocebus_torquatus_KJ434959,internal,2,0.0094381611,0.014087813182476896,0.004649652082476896,0.004649652082476896
LRMC-SoftImpute,50,22,76,LRMC_SoftImpute_completed_p50_rep22_seed76.csv,terminal:Cercocebus_atys_KT159932,terminal,1,0.0508580169,0.015358429698006099,-0.0354995872019939,0.0354995872019939
LRMC-SoftImpute,50,22,76,LRMC_SoftImpute_completed_p50_rep22_seed76.csv,terminal:Cercocebus_torquatus_KJ434959,terminal,1,0.0562685839,0.014089828116430277,-0.04217875578356972,0.04217875578356972
LRMC-SoftImpute,50,22,76,LRMC_SoftImpute_completed_p50_rep22_seed76.csv,terminal:Cercocebus_chrysogaster_KC757390,terminal,1,0.0511259412,0.04805912646024384,-0.00306681473975616,0.00306681473975616
LRMC-SoftImpute,50,22,76,LRMC_SoftImpute_completed_p50_rep22_seed76.csv,internal:Allenopithecus_nigroviridis_KJ434962|Cercocebus_atys_KT159932|Cercocebus_chrysogaster_KC757390|Cercocebus_torquatus_KJ434959,internal,4,0.0346917556,0.0,-0.0346917556,0.0346917556
LRMC-SoftImpute,50,22,76,LRMC_SoftImpute_completed_p50_rep22_seed76.csv,internal:Cercopithecus_aethiops_AY863426|Chlorocebus_aethiops_C1_KU682691|Chlorocebus_aethiops_MN816163|Chlorocebus_cynosuros_C3_KU682693|Chlorocebus_cynosuros_KM262190|Chlorocebus_djamdjamensis_C5_KU682695,internal,6,0.0834758403,0.03303964808540688,-0.050436192214593126,0.050436192214593126
LRMC-SoftImpute,50,22,76,LRMC_SoftImpute_completed_p50_rep22_seed76.csv,internal:Cercopithecus_aethiops_AY863426|Chlorocebus_aethiops_C1_KU682691|Chlorocebus_aethiops_MN816163|Chlorocebus_cynosuros_C3_KU682693|Chlorocebus_cynosuros_KM262190,internal,5,0.012780756,0.006029626249893611,-0.00675112975010639,0.00675112975010639
LRMC-SoftImpute,50,22,76,LRMC_SoftImpute_completed_p50_rep22_seed76.csv,internal:Cercopithecus_aethiops_AY863426|Chlorocebus_aethiops_C1_KU682691|Chlorocebus_aethiops_MN816163,internal,3,0.0048654608,0.003221687972031161,-0.0016437728279688388,0.0016437728279688388
LRMC-SoftImpute,50,22,76,LRMC_SoftImpute_completed_p50_rep22_seed76.csv,terminal:Cercopithecus_aethiops_AY863426,terminal,1,0.0221835236,0.018996954903823957,-0.0031865686961760446,0.0031865686961760446
LRMC-SoftImpute,50,22,76,LRMC_SoftImpute_completed_p50_rep22_seed76.csv,internal:Chlorocebus_aethiops_C1_KU682691|Chlorocebus_aethiops_MN816163,internal,2,0.0120854426,0.002826731149694716,-0.009258711450305284,0.009258711450305284
LRMC-SoftImpute,50,22,76,LRMC_SoftImpute_completed_p50_rep22_seed76.csv,terminal:Chlorocebus_aethiops_C1_KU682691,terminal,1,0.0080961876,0.0,-0.0080961876,0.0080961876
LRMC-SoftImpute,50,22,76,LRMC_SoftImpute_completed_p50_rep22_seed76.csv,terminal:Chlorocebus_aethiops_MN816163,terminal,1,0.0104642592,0.020568457265565762,0.010104198065565763,0.010104198065565763
LRMC-SoftImpute,50,22,76,LRMC_SoftImpute_completed_p50_rep22_seed76.csv,internal:Chlorocebus_cynosuros_C3_KU682693|Chlorocebus_cynosuros_KM262190,internal,2,0.0017398823,0.008458881520440662,0.006718999220440662,0.006718999220440662
LRMC-SoftImpute,50,22,76,LRMC_SoftImpute_completed_p50_rep22_seed76.csv,terminal:Chlorocebus_cynosuros_C3_KU682693,terminal,1,0.0241962287,0.00696500445725049,-0.017231224242749508,0.017231224242749508
LRMC-SoftImpute,50,22,76,LRMC_SoftImpute_completed_p50_rep22_seed76.csv,terminal:Chlorocebus_cynosuros_KM262190,terminal,1,0.0250691331,0.01953934226159289,-0.005529790838407111,0.005529790838407111
LRMC-SoftImpute,50,22,76,LRMC_SoftImpute_completed_p50_rep22_seed76.csv,terminal:Chlorocebus_djamdjamensis_C5_KU682695,terminal,1,0.0319881948,0.02950919972737247,-0.00247899507262753,0.00247899507262753
LRMC-SoftImpute,50,22,76,LRMC_SoftImpute_completed_p50_rep22_seed76.csv,internal:Cercopithecus_albogularis_KC757391|Cercopithecus_diana_KJ434958|Cercopithecus_lhoesti_KJ434957|Cercopithecus_mitis_KJ434956|Cercopithecus_neglectus_MW160353,internal,5,0.0020104988,0.0,-0.0020104988,0.0020104988
LRMC-SoftImpute,50,22,76,LRMC_SoftImpute_completed_p50_rep22_seed76.csv,internal:Cercopithecus_albogularis_KC757391|Cercopithecus_lhoesti_KJ434957|Cercopithecus_mitis_KJ434956,internal,3,0.0167387771,0.0,-0.0167387771,0.0167387771
LRMC-SoftImpute,50,22,76,LRMC_SoftImpute_completed_p50_rep22_seed76.csv,internal:Cercopithecus_albogularis_KC757391|Cercopithecus_mitis_KJ434956,internal,2,0.0593605632,0.009249045635627924,-0.05011151756437208,0.05011151756437208
LRMC-SoftImpute,50,22,76,LRMC_SoftImpute_completed_p50_rep22_seed76.csv,terminal:Cercopithecus_albogularis_KC757391,terminal,1,0.0366651729,0.03186256158027949,-0.004802611319720512,0.004802611319720512
LRMC-SoftImpute,50,22,76,LRMC_SoftImpute_completed_p50_rep22_seed76.csv,terminal:Cercopithecus_mitis_KJ434956,terminal,1,0.0331901409,0.021767301466623902,-0.011422839433376096,0.011422839433376096
LRMC-SoftImpute,50,22,76,LRMC_SoftImpute_completed_p50_rep22_seed76.csv,terminal:Cercopithecus_lhoesti_KJ434957,terminal,1,0.096446469,0.0574419609275147,-0.03900450807248531,0.03900450807248531
LRMC-SoftImpute,50,22,76,LRMC_SoftImpute_completed_p50_rep22_seed76.csv,internal:Cercopithecus_diana_KJ434958|Cercopithecus_neglectus_MW160353,internal,2,0.0175917107,0.0,-0.0175917107,0.0175917107
LRMC-SoftImpute,50,22,76,LRMC_SoftImpute_completed_p50_rep22_seed76.csv,terminal:Cercopithecus_diana_KJ434958,terminal,1,0.1093319625,0.04516809248898804,-0.06416387001101197,0.06416387001101197
LRMC-SoftImpute,50,22,76,LRMC_SoftImpute_completed_p50_rep22_seed76.csv,terminal:Cercopithecus_neglectus_MW160353,terminal,1,0.1017112524,0.029817564400756086,-0.07189368799924391,0.07189368799924391
LRMC-SoftImpute,50,23,77,LRMC_SoftImpute_completed_p50_rep23_seed77.csv,terminal:Allenopithecus_nigroviridis_KJ434962,terminal,1,0.1474140195,0.08161524816387586,-0.06579877133612413,0.06579877133612413
LRMC-SoftImpute,50,23,77,LRMC_SoftImpute_completed_p50_rep23_seed77.csv,internal:Cercocebus_atys_KT159932|Cercocebus_chrysogaster_KC757390|Cercocebus_torquatus_KJ434959,internal,3,0.1544494817,0.027414138686634084,-0.12703534301336591,0.12703534301336591
LRMC-SoftImpute,50,23,77,LRMC_SoftImpute_completed_p50_rep23_seed77.csv,internal:Cercocebus_atys_KT159932|Cercocebus_torquatus_KJ434959,internal,2,0.0094381611,0.004830831996292305,-0.0046073291037076955,0.0046073291037076955
LRMC-SoftImpute,50,23,77,LRMC_SoftImpute_completed_p50_rep23_seed77.csv,terminal:Cercocebus_atys_KT159932,terminal,1,0.0508580169,0.03213308008375316,-0.01872493681624684,0.01872493681624684
LRMC-SoftImpute,50,23,77,LRMC_SoftImpute_completed_p50_rep23_seed77.csv,terminal:Cercocebus_torquatus_KJ434959,terminal,1,0.0562685839,0.041797117184835565,-0.014471466715164437,0.014471466715164437
LRMC-SoftImpute,50,23,77,LRMC_SoftImpute_completed_p50_rep23_seed77.csv,terminal:Cercocebus_chrysogaster_KC757390,terminal,1,0.0511259412,0.025914531310948775,-0.025211409889051222,0.025211409889051222
LRMC-SoftImpute,50,23,77,LRMC_SoftImpute_completed_p50_rep23_seed77.csv,internal:Allenopithecus_nigroviridis_KJ434962|Cercocebus_atys_KT159932|Cercocebus_chrysogaster_KC757390|Cercocebus_torquatus_KJ434959,internal,4,0.0346917556,0.0,-0.0346917556,0.0346917556
LRMC-SoftImpute,50,23,77,LRMC_SoftImpute_completed_p50_rep23_seed77.csv,internal:Cercopithecus_aethiops_AY863426|Chlorocebus_aethiops_C1_KU682691|Chlorocebus_aethiops_MN816163|Chlorocebus_cynosuros_C3_KU682693|Chlorocebus_cynosuros_KM262190|Chlorocebus_djamdjamensis_C5_KU682695,internal,6,0.0834758403,0.027047783163897218,-0.056428057136102786,0.056428057136102786
LRMC-SoftImpute,50,23,77,LRMC_SoftImpute_completed_p50_rep23_seed77.csv,internal:Cercopithecus_aethiops_AY863426|Chlorocebus_aethiops_C1_KU682691|Chlorocebus_aethiops_MN816163|Chlorocebus_cynosuros_C3_KU682693|Chlorocebus_cynosuros_KM262190,internal,5,0.012780756,0.0,-0.012780756,0.012780756
LRMC-SoftImpute,50,23,77,LRMC_SoftImpute_completed_p50_rep23_seed77.csv,internal:Cercopithecus_aethiops_AY863426|Chlorocebus_aethiops_C1_KU682691|Chlorocebus_aethiops_MN816163,internal,3,0.0048654608,0.0072426951533101505,0.002377234353310151,0.002377234353310151
LRMC-SoftImpute,50,23,77,LRMC_SoftImpute_completed_p50_rep23_seed77.csv,terminal:Cercopithecus_aethiops_AY863426,terminal,1,0.0221835236,0.015135816200061998,-0.007047707399938003,0.007047707399938003
LRMC-SoftImpute,50,23,77,LRMC_SoftImpute_completed_p50_rep23_seed77.csv,internal:Chlorocebus_aethiops_C1_KU682691|Chlorocebus_aethiops_MN816163,internal,2,0.0120854426,0.007567197870571489,-0.00451824472942851,0.00451824472942851
LRMC-SoftImpute,50,23,77,LRMC_SoftImpute_completed_p50_rep23_seed77.csv,terminal:Chlorocebus_aethiops_C1_KU682691,terminal,1,0.0080961876,0.00635267762154549,-0.0017435099784545108,0.0017435099784545108
LRMC-SoftImpute,50,23,77,LRMC_SoftImpute_completed_p50_rep23_seed77.csv,terminal:Chlorocebus_aethiops_MN816163,terminal,1,0.0104642592,0.009819664621832924,-0.000644594578167075,0.000644594578167075
LRMC-SoftImpute,50,23,77,LRMC_SoftImpute_completed_p50_rep23_seed77.csv,internal:Chlorocebus_cynosuros_C3_KU682693|Chlorocebus_cynosuros_KM262190,internal,2,0.0017398823,0.0,-0.0017398823,0.0017398823
LRMC-SoftImpute,50,23,77,LRMC_SoftImpute_completed_p50_rep23_seed77.csv,terminal:Chlorocebus_cynosuros_C3_KU682693,terminal,1,0.0241962287,0.004063824473569138,-0.02013240422643086,0.02013240422643086
LRMC-SoftImpute,50,23,77,LRMC_SoftImpute_completed_p50_rep23_seed77.csv,terminal:Chlorocebus_cynosuros_KM262190,terminal,1,0.0250691331,0.024594681828244584,-0.0004744512717554175,0.0004744512717554175
LRMC-SoftImpute,50,23,77,LRMC_SoftImpute_completed_p50_rep23_seed77.csv,terminal:Chlorocebus_djamdjamensis_C5_KU682695,terminal,1,0.0319881948,0.018999014444724207,-0.012989180355275794,0.012989180355275794
LRMC-SoftImpute,50,23,77,LRMC_SoftImpute_completed_p50_rep23_seed77.csv,internal:Cercopithecus_albogularis_KC757391|Cercopithecus_diana_KJ434958|Cercopithecus_lhoesti_KJ434957|Cercopithecus_mitis_KJ434956|Cercopithecus_neglectus_MW160353,internal,5,0.0020104988,0.011507872664408033,0.009497373864408033,0.009497373864408033
LRMC-SoftImpute,50,23,77,LRMC_SoftImpute_completed_p50_rep23_seed77.csv,internal:Cercopithecus_albogularis_KC757391|Cercopithecus_lhoesti_KJ434957|Cercopithecus_mitis_KJ434956,internal,3,0.0167387771,0.0,-0.0167387771,0.0167387771
LRMC-SoftImpute,50,23,77,LRMC_SoftImpute_completed_p50_rep23_seed77.csv,internal:Cercopithecus_albogularis_KC757391|Cercopithecus_mitis_KJ434956,internal,2,0.0593605632,0.018023518889742924,-0.04133704431025707,0.04133704431025707
LRMC-SoftImpute,50,23,77,LRMC_SoftImpute_completed_p50_rep23_seed77.csv,terminal:Cercopithecus_albogularis_KC757391,terminal,1,0.0366651729,0.0334579319948603,-0.0032072409051396994,0.0032072409051396994
LRMC-SoftImpute,50,23,77,LRMC_SoftImpute_completed_p50_rep23_seed77.csv,terminal:Cercopithecus_mitis_KJ434956,terminal,1,0.0331901409,0.022253681680231712,-0.010936459219768286,0.010936459219768286
LRMC-SoftImpute,50,23,77,LRMC_SoftImpute_completed_p50_rep23_seed77.csv,terminal:Cercopithecus_lhoesti_KJ434957,terminal,1,0.096446469,0.04103969987130007,-0.055406769128699934,0.055406769128699934
LRMC-SoftImpute,50,23,77,LRMC_SoftImpute_completed_p50_rep23_seed77.csv,internal:Cercopithecus_diana_KJ434958|Cercopithecus_neglectus_MW160353,internal,2,0.0175917107,0.027186111404645597,0.009594400704645598,0.009594400704645598
LRMC-SoftImpute,50,23,77,LRMC_SoftImpute_completed_p50_rep23_seed77.csv,terminal:Cercopithecus_diana_KJ434958,terminal,1,0.1093319625,0.012439204447817459,-0.09689275805218255,0.09689275805218255
LRMC-SoftImpute,50,23,77,LRMC_SoftImpute_completed_p50_rep23_seed77.csv,terminal:Cercopithecus_neglectus_MW160353,terminal,1,0.1017112524,0.022261654962898107,-0.0794495974371019,0.0794495974371019
LRMC-SoftImpute,50,24,78,LRMC_SoftImpute_completed_p50_rep24_seed78.csv,terminal:Allenopithecus_nigroviridis_KJ434962,terminal,1,0.1474140195,0.06823031725037855,-0.07918370224962144,0.07918370224962144
LRMC-SoftImpute,50,24,78,LRMC_SoftImpute_completed_p50_rep24_seed78.csv,internal:Cercocebus_atys_KT159932|Cercocebus_chrysogaster_KC757390|Cercocebus_torquatus_KJ434959,internal,3,0.1544494817,0.02556592798087018,-0.12888355371912982,0.12888355371912982
LRMC-SoftImpute,50,24,78,LRMC_SoftImpute_completed_p50_rep24_seed78.csv,internal:Cercocebus_atys_KT159932|Cercocebus_torquatus_KJ434959,internal,2,0.0094381611,0.024779187827383194,0.015341026727383194,0.015341026727383194
LRMC-SoftImpute,50,24,78,LRMC_SoftImpute_completed_p50_rep24_seed78.csv,terminal:Cercocebus_atys_KT159932,terminal,1,0.0508580169,0.01924797373054492,-0.03161004316945508,0.03161004316945508
LRMC-SoftImpute,50,24,78,LRMC_SoftImpute_completed_p50_rep24_seed78.csv,terminal:Cercocebus_torquatus_KJ434959,terminal,1,0.0562685839,0.009166023163919772,-0.047102560736080226,0.047102560736080226
LRMC-SoftImpute,50,24,78,LRMC_SoftImpute_completed_p50_rep24_seed78.csv,terminal:Cercocebus_chrysogaster_KC757390,terminal,1,0.0511259412,0.05527645285457561,0.0041505116545756116,0.0041505116545756116
LRMC-SoftImpute,50,24,78,LRMC_SoftImpute_completed_p50_rep24_seed78.csv,internal:Allenopithecus_nigroviridis_KJ434962|Cercocebus_atys_KT159932|Cercocebus_chrysogaster_KC757390|Cercocebus_torquatus_KJ434959,internal,4,0.0346917556,0.0,-0.0346917556,0.0346917556
LRMC-SoftImpute,50,24,78,LRMC_SoftImpute_completed_p50_rep24_seed78.csv,internal:Cercopithecus_aethiops_AY863426|Chlorocebus_aethiops_C1_KU682691|Chlorocebus_aethiops_MN816163|Chlorocebus_cynosuros_C3_KU682693|Chlorocebus_cynosuros_KM262190|Chlorocebus_djamdjamensis_C5_KU682695,internal,6,0.0834758403,0.023939076226192783,-0.05953676407380722,0.05953676407380722
LRMC-SoftImpute,50,24,78,LRMC_SoftImpute_completed_p50_rep24_seed78.csv,internal:Cercopithecus_aethiops_AY863426|Chlorocebus_aethiops_C1_KU682691|Chlorocebus_aethiops_MN816163|Chlorocebus_cynosuros_C3_KU682693|Chlorocebus_cynosuros_KM262190,internal,5,0.012780756,0.005786682239781425,-0.0069940737602185755,0.0069940737602185755
LRMC-SoftImpute,50,24,78,LRMC_SoftImpute_completed_p50_rep24_seed78.csv,internal:Cercopithecus_aethiops_AY863426|Chlorocebus_aethiops_C1_KU682691|Chlorocebus_aethiops_MN816163,internal,3,0.0048654608,0.003115678144223507,-0.0017497826557764926,0.0017497826557764926
LRMC-SoftImpute,50,24,78,LRMC_SoftImpute_completed_p50_rep24_seed78.csv,terminal:Cercopithecus_aethiops_AY863426,terminal,1,0.0221835236,0.021592277840410058,-0.0005912457595899437,0.0005912457595899437
LRMC-SoftImpute,50,24,78,LRMC_SoftImpute_completed_p50_rep24_seed78.csv,internal:Chlorocebus_aethiops_C1_KU682691|Chlorocebus_aethiops_MN816163,internal,2,0.0120854426,0.013233013211774147,0.0011475706117741475,0.0011475706117741475
LRMC-SoftImpute,50,24,78,LRMC_SoftImpute_completed_p50_rep24_seed78.csv,terminal:Chlorocebus_aethiops_C1_KU682691,terminal,1,0.0080961876,0.002348427296096043,-0.005747760303903958,0.005747760303903958
LRMC-SoftImpute,50,24,78,LRMC_SoftImpute_completed_p50_rep24_seed78.csv,terminal:Chlorocebus_aethiops_MN816163,terminal,1,0.0104642592,0.013823914947282329,0.0033596557472823294,0.0033596557472823294
LRMC-SoftImpute,50,24,78,LRMC_SoftImpute_completed_p50_rep24_seed78.csv,internal:Chlorocebus_cynosuros_C3_KU682693|Chlorocebus_cynosuros_KM262190,internal,2,0.0017398823,0.0,-0.0017398823,0.0017398823
LRMC-SoftImpute,50,24,78,LRMC_SoftImpute_completed_p50_rep24_seed78.csv,terminal:Chlorocebus_cynosuros_C3_KU682693,terminal,1,0.0241962287,0.022430906928667636,-0.0017653217713323628,0.0017653217713323628
LRMC-SoftImpute,50,24,78,LRMC_SoftImpute_completed_p50_rep24_seed78.csv,terminal:Chlorocebus_cynosuros_KM262190,terminal,1,0.0250691331,0.021336269395349553,-0.0037328637046504486,0.0037328637046504486
LRMC-SoftImpute,50,24,78,LRMC_SoftImpute_completed_p50_rep24_seed78.csv,terminal:Chlorocebus_djamdjamensis_C5_KU682695,terminal,1,0.0319881948,0.023123365959760066,-0.008864828840239935,0.008864828840239935
LRMC-SoftImpute,50,24,78,LRMC_SoftImpute_completed_p50_rep24_seed78.csv,internal:Cercopithecus_albogularis_KC757391|Cercopithecus_diana_KJ434958|Cercopithecus_lhoesti_KJ434957|Cercopithecus_mitis_KJ434956|Cercopithecus_neglectus_MW160353,internal,5,0.0020104988,0.0,-0.0020104988,0.0020104988
LRMC-SoftImpute,50,24,78,LRMC_SoftImpute_completed_p50_rep24_seed78.csv,internal:Cercopithecus_albogularis_KC757391|Cercopithecus_lhoesti_KJ434957|Cercopithecus_mitis_KJ434956,internal,3,0.0167387771,0.0,-0.0167387771,0.0167387771
LRMC-SoftImpute,50,24,78,LRMC_SoftImpute_completed_p50_rep24_seed78.csv,internal:Cercopithecus_albogularis_KC757391|Cercopithecus_mitis_KJ434956,internal,2,0.0593605632,0.021704432952061297,-0.03765613024793871,0.03765613024793871
LRMC-SoftImpute,50,24,78,LRMC_SoftImpute_completed_p50_rep24_seed78.csv,terminal:Cercopithecus_albogularis_KC757391,terminal,1,0.0366651729,0.035612599257242125,-0.0010525736427578758,0.0010525736427578758
LRMC-SoftImpute,50,24,78,LRMC_SoftImpute_completed_p50_rep24_seed78.csv,terminal:Cercopithecus_mitis_KJ434956,terminal,1,0.0331901409,0.020760810303662395,-0.012429330596337603,0.012429330596337603
LRMC-SoftImpute,50,24,78,LRMC_SoftImpute_completed_p50_rep24_seed78.csv,terminal:Cercopithecus_lhoesti_KJ434957,terminal,1,0.096446469,0.04774306585642117,-0.048703403143578836,0.048703403143578836
LRMC-SoftImpute,50,24,78,LRMC_SoftImpute_completed_p50_rep24_seed78.csv,internal:Cercopithecus_diana_KJ434958|Cercopithecus_neglectus_MW160353,internal,2,0.0175917107,0.04659123675956828,0.02899952605956828,0.02899952605956828
LRMC-SoftImpute,50,24,78,LRMC_SoftImpute_completed_p50_rep24_seed78.csv,terminal:Cercopithecus_diana_KJ434958,terminal,1,0.1093319625,0.0035909330108175016,-0.1057410294891825,0.1057410294891825
LRMC-SoftImpute,50,24,78,LRMC_SoftImpute_completed_p50_rep24_seed78.csv,terminal:Cercopithecus_neglectus_MW160353,terminal,1,0.1017112524,0.006711879945307815,-0.09499937245469217,0.09499937245469217
LRMC-SoftImpute,50,25,79,LRMC_SoftImpute_completed_p50_rep25_seed79.csv,terminal:Allenopithecus_nigroviridis_KJ434962,terminal,1,0.1474140195,0.04575567790408365,-0.10165834159591634,0.10165834159591634
LRMC-SoftImpute,50,25,79,LRMC_SoftImpute_completed_p50_rep25_seed79.csv,internal:Cercocebus_atys_KT159932|Cercocebus_chrysogaster_KC757390|Cercocebus_torquatus_KJ434959,internal,3,0.1544494817,0.01194182399068885,-0.14250765770931115,0.14250765770931115
LRMC-SoftImpute,50,25,79,LRMC_SoftImpute_completed_p50_rep25_seed79.csv,internal:Cercocebus_atys_KT159932|Cercocebus_torquatus_KJ434959,internal,2,0.0094381611,0.0005088834777780495,-0.00892927762222195,0.00892927762222195
LRMC-SoftImpute,50,25,79,LRMC_SoftImpute_completed_p50_rep25_seed79.csv,terminal:Cercocebus_atys_KT159932,terminal,1,0.0508580169,0.047839750515821525,-0.0030182663841784724,0.0030182663841784724
LRMC-SoftImpute,50,25,79,LRMC_SoftImpute_completed_p50_rep25_seed79.csv,terminal:Cercocebus_torquatus_KJ434959,terminal,1,0.0562685839,0.0656147240252065,0.0093461401252065,0.0093461401252065
LRMC-SoftImpute,50,25,79,LRMC_SoftImpute_completed_p50_rep25_seed79.csv,terminal:Cercocebus_chrysogaster_KC757390,terminal,1,0.0511259412,0.05564901173799172,0.004523070537991725,0.004523070537991725
LRMC-SoftImpute,50,25,79,LRMC_SoftImpute_completed_p50_rep25_seed79.csv,internal:Allenopithecus_nigroviridis_KJ434962|Cercocebus_atys_KT159932|Cercocebus_chrysogaster_KC757390|Cercocebus_torquatus_KJ434959,internal,4,0.0346917556,0.0,-0.0346917556,0.0346917556
LRMC-SoftImpute,50,25,79,LRMC_SoftImpute_completed_p50_rep25_seed79.csv,internal:Cercopithecus_aethiops_AY863426|Chlorocebus_aethiops_C1_KU682691|Chlorocebus_aethiops_MN816163|Chlorocebus_cynosuros_C3_KU682693|Chlorocebus_cynosuros_KM262190|Chlorocebus_djamdjamensis_C5_KU682695,internal,6,0.0834758403,0.01809068179406165,-0.06538515850593836,0.06538515850593836
LRMC-SoftImpute,50,25,79,LRMC_SoftImpute_completed_p50_rep25_seed79.csv,internal:Cercopithecus_aethiops_AY863426|Chlorocebus_aethiops_C1_KU682691|Chlorocebus_aethiops_MN816163|Chlorocebus_cynosuros_C3_KU682693|Chlorocebus_cynosuros_KM262190,internal,5,0.012780756,0.0,-0.012780756,0.012780756
LRMC-SoftImpute,50,25,79,LRMC_SoftImpute_completed_p50_rep25_seed79.csv,internal:Cercopithecus_aethiops_AY863426|Chlorocebus_aethiops_C1_KU682691|Chlorocebus_aethiops_MN816163,internal,3,0.0048654608,0.0,-0.0048654608,0.0048654608
LRMC-SoftImpute,50,25,79,LRMC_SoftImpute_completed_p50_rep25_seed79.csv,terminal:Cercopithecus_aethiops_AY863426,terminal,1,0.0221835236,0.0,-0.0221835236,0.0221835236
LRMC-SoftImpute,50,25,79,LRMC_SoftImpute_completed_p50_rep25_seed79.csv,internal:Chlorocebus_aethiops_C1_KU682691|Chlorocebus_aethiops_MN816163,internal,2,0.0120854426,0.0,-0.0120854426,0.0120854426
LRMC-SoftImpute,50,25,79,LRMC_SoftImpute_completed_p50_rep25_seed79.csv,terminal:Chlorocebus_aethiops_C1_KU682691,terminal,1,0.0080961876,0.026383267591459734,0.01828707999145973,0.01828707999145973
LRMC-SoftImpute,50,25,79,LRMC_SoftImpute_completed_p50_rep25_seed79.csv,terminal:Chlorocebus_aethiops_MN816163,terminal,1,0.0104642592,0.01740746013864995,0.0069432009386499495,0.0069432009386499495
LRMC-SoftImpute,50,25,79,LRMC_SoftImpute_completed_p50_rep25_seed79.csv,internal:Chlorocebus_cynosuros_C3_KU682693|Chlorocebus_cynosuros_KM262190,internal,2,0.0017398823,0.017552443920891746,0.015812561620891747,0.015812561620891747
LRMC-SoftImpute,50,25,79,LRMC_SoftImpute_completed_p50_rep25_seed79.csv,terminal:Chlorocebus_cynosuros_C3_KU682693,terminal,1,0.0241962287,0.019998575763289377,-0.004197652936710622,0.004197652936710622
LRMC-SoftImpute,50,25,79,LRMC_SoftImpute_completed_p50_rep25_seed79.csv,terminal:Chlorocebus_cynosuros_KM262190,terminal,1,0.0250691331,0.018493707333310225,-0.006575425766689777,0.006575425766689777
LRMC-SoftImpute,50,25,79,LRMC_SoftImpute_completed_p50_rep25_seed79.csv,terminal:Chlorocebus_djamdjamensis_C5_KU682695,terminal,1,0.0319881948,0.0351376248644158,0.0031494300644158008,0.0031494300644158008
LRMC-SoftImpute,50,25,79,LRMC_SoftImpute_completed_p50_rep25_seed79.csv,internal:Cercopithecus_albogularis_KC757391|Cercopithecus_diana_KJ434958|Cercopithecus_lhoesti_KJ434957|Cercopithecus_mitis_KJ434956|Cercopithecus_neglectus_MW160353,internal,5,0.0020104988,0.0,-0.0020104988,0.0020104988
LRMC-SoftImpute,50,25,79,LRMC_SoftImpute_completed_p50_rep25_seed79.csv,internal:Cercopithecus_albogularis_KC757391|Cercopithecus_lhoesti_KJ434957|Cercopithecus_mitis_KJ434956,internal,3,0.0167387771,0.0,-0.0167387771,0.0167387771
LRMC-SoftImpute,50,25,79,LRMC_SoftImpute_completed_p50_rep25_seed79.csv,internal:Cercopithecus_albogularis_KC757391|Cercopithecus_mitis_KJ434956,internal,2,0.0593605632,0.013129504291241741,-0.04623105890875826,0.04623105890875826
LRMC-SoftImpute,50,25,79,LRMC_SoftImpute_completed_p50_rep25_seed79.csv,terminal:Cercopithecus_albogularis_KC757391,terminal,1,0.0366651729,0.020903955067614246,-0.015761217832385755,0.015761217832385755
LRMC-SoftImpute,50,25,79,LRMC_SoftImpute_completed_p50_rep25_seed79.csv,terminal:Cercopithecus_mitis_KJ434956,terminal,1,0.0331901409,0.047424483780575497,0.014234342880575498,0.014234342880575498
LRMC-SoftImpute,50,25,79,LRMC_SoftImpute_completed_p50_rep25_seed79.csv,terminal:Cercopithecus_lhoesti_KJ434957,terminal,1,0.096446469,0.0481385785993158,-0.04830789040068421,0.04830789040068421
LRMC-SoftImpute,50,25,79,LRMC_SoftImpute_completed_p50_rep25_seed79.csv,internal:Cercopithecus_diana_KJ434958|Cercopithecus_neglectus_MW160353,internal,2,0.0175917107,0.05105841409405947,0.03346670339405947,0.03346670339405947
LRMC-SoftImpute,50,25,79,LRMC_SoftImpute_completed_p50_rep25_seed79.csv,terminal:Cercopithecus_diana_KJ434958,terminal,1,0.1093319625,0.008040163062289201,-0.1012917994377108,0.1012917994377108
LRMC-SoftImpute,50,25,79,LRMC_SoftImpute_completed_p50_rep25_seed79.csv,terminal:Cercopithecus_neglectus_MW160353,terminal,1,0.1017112524,0.020576719052066143,-0.08113453334793386,0.08113453334793386
LRMC-SoftImpute,50,26,80,LRMC_SoftImpute_completed_p50_rep26_seed80.csv,terminal:Allenopithecus_nigroviridis_KJ434962,terminal,1,0.1474140195,0.04804635836946936,-0.09936766113053064,0.09936766113053064
LRMC-SoftImpute,50,26,80,LRMC_SoftImpute_completed_p50_rep26_seed80.csv,internal:Cercocebus_atys_KT159932|Cercocebus_chrysogaster_KC757390|Cercocebus_torquatus_KJ434959,internal,3,0.1544494817,0.04430113784189083,-0.11014834385810918,0.11014834385810918
LRMC-SoftImpute,50,26,80,LRMC_SoftImpute_completed_p50_rep26_seed80.csv,internal:Cercocebus_atys_KT159932|Cercocebus_torquatus_KJ434959,internal,2,0.0094381611,0.0,-0.0094381611,0.0094381611
LRMC-SoftImpute,50,26,80,LRMC_SoftImpute_completed_p50_rep26_seed80.csv,terminal:Cercocebus_atys_KT159932,terminal,1,0.0508580169,0.023437203599814653,-0.027420813300185344,0.027420813300185344
LRMC-SoftImpute,50,26,80,LRMC_SoftImpute_completed_p50_rep26_seed80.csv,terminal:Cercocebus_torquatus_KJ434959,terminal,1,0.0562685839,0.030586410942103535,-0.025682172957896467,0.025682172957896467
LRMC-SoftImpute,50,26,80,LRMC_SoftImpute_completed_p50_rep26_seed80.csv,terminal:Cercocebus_chrysogaster_KC757390,terminal,1,0.0511259412,0.03290530678835957,-0.01822063441164043,0.01822063441164043
LRMC-SoftImpute,50,26,80,LRMC_SoftImpute_completed_p50_rep26_seed80.csv,internal:Allenopithecus_nigroviridis_KJ434962|Cercocebus_atys_KT159932|Cercocebus_chrysogaster_KC757390|Cercocebus_torquatus_KJ434959,internal,4,0.0346917556,0.0,-0.0346917556,0.0346917556
LRMC-SoftImpute,50,26,80,LRMC_SoftImpute_completed_p50_rep26_seed80.csv,internal:Cercopithecus_aethiops_AY863426|Chlorocebus_aethiops_C1_KU682691|Chlorocebus_aethiops_MN816163|Chlorocebus_cynosuros_C3_KU682693|Chlorocebus_cynosuros_KM262190|Chlorocebus_djamdjamensis_C5_KU682695,internal,6,0.0834758403,0.042510242424419094,-0.04096559787558091,0.04096559787558091
LRMC-SoftImpute,50,26,80,LRMC_SoftImpute_completed_p50_rep26_seed80.csv,internal:Cercopithecus_aethiops_AY863426|Chlorocebus_aethiops_C1_KU682691|Chlorocebus_aethiops_MN816163|Chlorocebus_cynosuros_C3_KU682693|Chlorocebus_cynosuros_KM262190,internal,5,0.012780756,0.0,-0.012780756,0.012780756
LRMC-SoftImpute,50,26,80,LRMC_SoftImpute_completed_p50_rep26_seed80.csv,internal:Cercopithecus_aethiops_AY863426|Chlorocebus_aethiops_C1_KU682691|Chlorocebus_aethiops_MN816163,internal,3,0.0048654608,0.0,-0.0048654608,0.0048654608
LRMC-SoftImpute,50,26,80,LRMC_SoftImpute_completed_p50_rep26_seed80.csv,terminal:Cercopithecus_aethiops_AY863426,terminal,1,0.0221835236,0.007667481145832704,-0.014516042454167297,0.014516042454167297
LRMC-SoftImpute,50,26,80,LRMC_SoftImpute_completed_p50_rep26_seed80.csv,internal:Chlorocebus_aethiops_C1_KU682691|Chlorocebus_aethiops_MN816163,internal,2,0.0120854426,0.004051122993290808,-0.008034319606709191,0.008034319606709191
LRMC-SoftImpute,50,26,80,LRMC_SoftImpute_completed_p50_rep26_seed80.csv,terminal:Chlorocebus_aethiops_C1_KU682691,terminal,1,0.0080961876,0.021524744819985567,0.013428557219985567,0.013428557219985567
LRMC-SoftImpute,50,26,80,LRMC_SoftImpute_completed_p50_rep26_seed80.csv,terminal:Chlorocebus_aethiops_MN816163,terminal,1,0.0104642592,0.013316890493783939,0.0028526312937839395,0.0028526312937839395
LRMC-SoftImpute,50,26,80,LRMC_SoftImpute_completed_p50_rep26_seed80.csv,internal:Chlorocebus_cynosuros_C3_KU682693|Chlorocebus_cynosuros_KM262190,internal,2,0.0017398823,0.008231517245596908,0.006491634945596908,0.006491634945596908
LRMC-SoftImpute,50,26,80,LRMC_SoftImpute_completed_p50_rep26_seed80.csv,terminal:Chlorocebus_cynosuros_C3_KU682693,terminal,1,0.0241962287,0.008161703591251466,-0.016034525108748532,0.016034525108748532
LRMC-SoftImpute,50,26,80,LRMC_SoftImpute_completed_p50_rep26_seed80.csv,terminal:Chlorocebus_cynosuros_KM262190,terminal,1,0.0250691331,0.021984158825584327,-0.003084974274415675,0.003084974274415675
LRMC-SoftImpute,50,26,80,LRMC_SoftImpute_completed_p50_rep26_seed80.csv,terminal:Chlorocebus_djamdjamensis_C5_KU682695,terminal,1,0.0319881948,0.01979404811932406,-0.012194146680675942,0.012194146680675942
LRMC-SoftImpute,50,26,80,LRMC_SoftImpute_completed_p50_rep26_seed80.csv,internal:Cercopithecus_albogularis_KC757391|Cercopithecus_diana_KJ434958|Cercopithecus_lhoesti_KJ434957|Cercopithecus_mitis_KJ434956|Cercopithecus_neglectus_MW160353,internal,5,0.0020104988,0.0,-0.0020104988,0.0020104988
LRMC-SoftImpute,50,26,80,LRMC_SoftImpute_completed_p50_rep26_seed80.csv,internal:Cercopithecus_albogularis_KC757391|Cercopithecus_lhoesti_KJ434957|Cercopithecus_mitis_KJ434956,internal,3,0.0167387771,0.0,-0.0167387771,0.0167387771
LRMC-SoftImpute,50,26,80,LRMC_SoftImpute_completed_p50_rep26_seed80.csv,internal:Cercopithecus_albogularis_KC757391|Cercopithecus_mitis_KJ434956,internal,2,0.0593605632,0.0,-0.0593605632,0.0593605632
LRMC-SoftImpute,50,26,80,LRMC_SoftImpute_completed_p50_rep26_seed80.csv,terminal:Cercopithecus_albogularis_KC757391,terminal,1,0.0366651729,0.041456728424593144,0.004791555524593143,0.004791555524593143
LRMC-SoftImpute,50,26,80,LRMC_SoftImpute_completed_p50_rep26_seed80.csv,terminal:Cercopithecus_mitis_KJ434956,terminal,1,0.0331901409,0.042643297045902764,0.009453156145902766,0.009453156145902766
LRMC-SoftImpute,50,26,80,LRMC_SoftImpute_completed_p50_rep26_seed80.csv,terminal:Cercopithecus_lhoesti_KJ434957,terminal,1,0.096446469,0.03749705896483996,-0.05894941003516005,0.05894941003516005
LRMC-SoftImpute,50,26,80,LRMC_SoftImpute_completed_p50_rep26_seed80.csv,internal:Cercopithecus_diana_KJ434958|Cercopithecus_neglectus_MW160353,internal,2,0.0175917107,0.0,-0.0175917107,0.0175917107
LRMC-SoftImpute,50,26,80,LRMC_SoftImpute_completed_p50_rep26_seed80.csv,terminal:Cercopithecus_diana_KJ434958,terminal,1,0.1093319625,0.052796295031730084,-0.05653566746826992,0.05653566746826992
LRMC-SoftImpute,50,26,80,LRMC_SoftImpute_completed_p50_rep26_seed80.csv,terminal:Cercopithecus_neglectus_MW160353,terminal,1,0.1017112524,0.03961889534455227,-0.062092357055447724,0.062092357055447724
LRMC-SoftImpute,50,27,81,LRMC_SoftImpute_completed_p50_rep27_seed81.csv,terminal:Allenopithecus_nigroviridis_KJ434962,terminal,1,0.1474140195,0.06651833037074541,-0.08089568912925459,0.08089568912925459
LRMC-SoftImpute,50,27,81,LRMC_SoftImpute_completed_p50_rep27_seed81.csv,internal:Cercocebus_atys_KT159932|Cercocebus_chrysogaster_KC757390|Cercocebus_torquatus_KJ434959,internal,3,0.1544494817,0.00595276562062345,-0.14849671607937656,0.14849671607937656
LRMC-SoftImpute,50,27,81,LRMC_SoftImpute_completed_p50_rep27_seed81.csv,internal:Cercocebus_atys_KT159932|Cercocebus_torquatus_KJ434959,internal,2,0.0094381611,0.021817500153157122,0.012379339053157122,0.012379339053157122
LRMC-SoftImpute,50,27,81,LRMC_SoftImpute_completed_p50_rep27_seed81.csv,terminal:Cercocebus_atys_KT159932,terminal,1,0.0508580169,0.045909308900801256,-0.004948707999198741,0.004948707999198741
LRMC-SoftImpute,50,27,81,LRMC_SoftImpute_completed_p50_rep27_seed81.csv,terminal:Cercocebus_torquatus_KJ434959,terminal,1,0.0562685839,0.02802088836778743,-0.028247695532212572,0.028247695532212572
LRMC-SoftImpute,50,27,81,LRMC_SoftImpute_completed_p50_rep27_seed81.csv,terminal:Cercocebus_chrysogaster_KC757390,terminal,1,0.0511259412,0.023580255822964767,-0.02754568537703523,0.02754568537703523
LRMC-SoftImpute,50,27,81,LRMC_SoftImpute_completed_p50_rep27_seed81.csv,internal:Allenopithecus_nigroviridis_KJ434962|Cercocebus_atys_KT159932|Cercocebus_chrysogaster_KC757390|Cercocebus_torquatus_KJ434959,internal,4,0.0346917556,0.0,-0.0346917556,0.0346917556
LRMC-SoftImpute,50,27,81,LRMC_SoftImpute_completed_p50_rep27_seed81.csv,internal:Cercopithecus_aethiops_AY863426|Chlorocebus_aethiops_C1_KU682691|Chlorocebus_aethiops_MN816163|Chlorocebus_cynosuros_C3_KU682693|Chlorocebus_cynosuros_KM262190|Chlorocebus_djamdjamensis_C5_KU682695,internal,6,0.0834758403,0.014127429905766814,-0.06934841039423319,0.06934841039423319
LRMC-SoftImpute,50,27,81,LRMC_SoftImpute_completed_p50_rep27_seed81.csv,internal:Cercopithecus_aethiops_AY863426|Chlorocebus_aethiops_C1_KU682691|Chlorocebus_aethiops_MN816163|Chlorocebus_cynosuros_C3_KU682693|Chlorocebus_cynosuros_KM262190,internal,5,0.012780756,0.021488646186987547,0.008707890186987546,0.008707890186987546
LRMC-SoftImpute,50,27,81,LRMC_SoftImpute_completed_p50_rep27_seed81.csv,internal:Cercopithecus_aethiops_AY863426|Chlorocebus_aethiops_C1_KU682691|Chlorocebus_aethiops_MN816163,internal,3,0.0048654608,0.0,-0.0048654608,0.0048654608
LRMC-SoftImpute,50,27,81,LRMC_SoftImpute_completed_p50_rep27_seed81.csv,terminal:Cercopithecus_aethiops_AY863426,terminal,1,0.0221835236,0.015438336879615802,-0.006745186720384199,0.006745186720384199
LRMC-SoftImpute,50,27,81,LRMC_SoftImpute_completed_p50_rep27_seed81.csv,internal:Chlorocebus_aethiops_C1_KU682691|Chlorocebus_aethiops_MN816163,internal,2,0.0120854426,0.01024495513519054,-0.00184048746480946,0.00184048746480946
LRMC-SoftImpute,50,27,81,LRMC_SoftImpute_completed_p50_rep27_seed81.csv,terminal:Chlorocebus_aethiops_C1_KU682691,terminal,1,0.0080961876,0.014904358648887344,0.006808171048887344,0.006808171048887344
LRMC-SoftImpute,50,27,81,LRMC_SoftImpute_completed_p50_rep27_seed81.csv,terminal:Chlorocebus_aethiops_MN816163,terminal,1,0.0104642592,0.0012679835944910587,-0.00919627560550894,0.00919627560550894
LRMC-SoftImpute,50,27,81,LRMC_SoftImpute_completed_p50_rep27_seed81.csv,internal:Chlorocebus_cynosuros_C3_KU682693|Chlorocebus_cynosuros_KM262190,internal,2,0.0017398823,0.0,-0.0017398823,0.0017398823
LRMC-SoftImpute,50,27,81,LRMC_SoftImpute_completed_p50_rep27_seed81.csv,terminal:Chlorocebus_cynosuros_C3_KU682693,terminal,1,0.0241962287,0.022373306831554647,-0.001822921868445352,0.001822921868445352
LRMC-SoftImpute,50,27,81,LRMC_SoftImpute_completed_p50_rep27_seed81.csv,terminal:Chlorocebus_cynosuros_KM262190,terminal,1,0.0250691331,0.01273330809904693,-0.012335825000953071,0.012335825000953071
LRMC-SoftImpute,50,27,81,LRMC_SoftImpute_completed_p50_rep27_seed81.csv,terminal:Chlorocebus_djamdjamensis_C5_KU682695,terminal,1,0.0319881948,0.01350389981561379,-0.01848429498438621,0.01848429498438621
LRMC-SoftImpute,50,27,81,LRMC_SoftImpute_completed_p50_rep27_seed81.csv,internal:Cercopithecus_albogularis_KC757391|Cercopithecus_diana_KJ434958|Cercopithecus_lhoesti_KJ434957|Cercopithecus_mitis_KJ434956|Cercopithecus_neglectus_MW160353,internal,5,0.0020104988,0.0,-0.0020104988,0.0020104988
LRMC-SoftImpute,50,27,81,LRMC_SoftImpute_completed_p50_rep27_seed81.csv,internal:Cercopithecus_albogularis_KC757391|Cercopithecus_lhoesti_KJ434957|Cercopithecus_mitis_KJ434956,internal,3,0.0167387771,0.03227235753926071,0.015533580439260706,0.015533580439260706
LRMC-SoftImpute,50,27,81,LRMC_SoftImpute_completed_p50_rep27_seed81.csv,internal:Cercopithecus_albogularis_KC757391|Cercopithecus_mitis_KJ434956,internal,2,0.0593605632,0.0,-0.0593605632,0.0593605632
LRMC-SoftImpute,50,27,81,LRMC_SoftImpute_completed_p50_rep27_seed81.csv,terminal:Cercopithecus_albogularis_KC757391,terminal,1,0.0366651729,0.030127402129699877,-0.006537770770300124,0.006537770770300124
LRMC-SoftImpute,50,27,81,LRMC_SoftImpute_completed_p50_rep27_seed81.csv,terminal:Cercopithecus_mitis_KJ434956,terminal,1,0.0331901409,0.021003404786809954,-0.012186736113190044,0.012186736113190044
LRMC-SoftImpute,50,27,81,LRMC_SoftImpute_completed_p50_rep27_seed81.csv,terminal:Cercopithecus_lhoesti_KJ434957,terminal,1,0.096446469,0.018814996618161633,-0.07763147238183837,0.07763147238183837
LRMC-SoftImpute,50,27,81,LRMC_SoftImpute_completed_p50_rep27_seed81.csv,internal:Cercopithecus_diana_KJ434958|Cercopithecus_neglectus_MW160353,internal,2,0.0175917107,0.0,-0.0175917107,0.0175917107
LRMC-SoftImpute,50,27,81,LRMC_SoftImpute_completed_p50_rep27_seed81.csv,terminal:Cercopithecus_diana_KJ434958,terminal,1,0.1093319625,0.04562575417472997,-0.06370620832527003,0.06370620832527003
LRMC-SoftImpute,50,27,81,LRMC_SoftImpute_completed_p50_rep27_seed81.csv,terminal:Cercopithecus_neglectus_MW160353,terminal,1,0.1017112524,0.05879565562357271,-0.042915596776427284,0.042915596776427284
LRMC-SoftImpute,50,28,82,LRMC_SoftImpute_completed_p50_rep28_seed82.csv,terminal:Allenopithecus_nigroviridis_KJ434962,terminal,1,0.1474140195,0.06243945432014721,-0.08497456517985277,0.08497456517985277
LRMC-SoftImpute,50,28,82,LRMC_SoftImpute_completed_p50_rep28_seed82.csv,internal:Cercocebus_atys_KT159932|Cercocebus_chrysogaster_KC757390|Cercocebus_torquatus_KJ434959,internal,3,0.1544494817,0.05944051027183436,-0.09500897142816564,0.09500897142816564
LRMC-SoftImpute,50,28,82,LRMC_SoftImpute_completed_p50_rep28_seed82.csv,internal:Cercocebus_atys_KT159932|Cercocebus_torquatus_KJ434959,internal,2,0.0094381611,0.0,-0.0094381611,0.0094381611
LRMC-SoftImpute,50,28,82,LRMC_SoftImpute_completed_p50_rep28_seed82.csv,terminal:Cercocebus_atys_KT159932,terminal,1,0.0508580169,0.018679197614011718,-0.03217881928598828,0.03217881928598828
LRMC-SoftImpute,50,28,82,LRMC_SoftImpute_completed_p50_rep28_seed82.csv,terminal:Cercocebus_torquatus_KJ434959,terminal,1,0.0562685839,0.009543389396051776,-0.04672519450394823,0.04672519450394823
LRMC-SoftImpute,50,28,82,LRMC_SoftImpute_completed_p50_rep28_seed82.csv,terminal:Cercocebus_chrysogaster_KC757390,terminal,1,0.0511259412,0.012800181212783694,-0.0383257599872163,0.0383257599872163
LRMC-SoftImpute,50,28,82,LRMC_SoftImpute_completed_p50_rep28_seed82.csv,internal:Allenopithecus_nigroviridis_KJ434962|Cercocebus_atys_KT159932|Cercocebus_chrysogaster_KC757390|Cercocebus_torquatus_KJ434959,internal,4,0.0346917556,0.0,-0.0346917556,0.0346917556
LRMC-SoftImpute,50,28,82,LRMC_SoftImpute_completed_p50_rep28_seed82.csv,internal:Cercopithecus_aethiops_AY863426|Chlorocebus_aethiops_C1_KU682691|Chlorocebus_aethiops_MN816163|Chlorocebus_cynosuros_C3_KU682693|Chlorocebus_cynosuros_KM262190|Chlorocebus_djamdjamensis_C5_KU682695,internal,6,0.0834758403,0.04367298523841689,-0.03980285506158312,0.03980285506158312
LRMC-SoftImpute,50,28,82,LRMC_SoftImpute_completed_p50_rep28_seed82.csv,internal:Cercopithecus_aethiops_AY863426|Chlorocebus_aethiops_C1_KU682691|Chlorocebus_aethiops_MN816163|Chlorocebus_cynosuros_C3_KU682693|Chlorocebus_cynosuros_KM262190,internal,5,0.012780756,0.0,-0.012780756,0.012780756
LRMC-SoftImpute,50,28,82,LRMC_SoftImpute_completed_p50_rep28_seed82.csv,internal:Cercopithecus_aethiops_AY863426|Chlorocebus_aethiops_C1_KU682691|Chlorocebus_aethiops_MN816163,internal,3,0.0048654608,0.0011389747425368916,-0.0037264860574631083,0.0037264860574631083
LRMC-SoftImpute,50,28,82,LRMC_SoftImpute_completed_p50_rep28_seed82.csv,terminal:Cercopithecus_aethiops_AY863426,terminal,1,0.0221835236,0.01611328492378303,-0.00607023867621697,0.00607023867621697
LRMC-SoftImpute,50,28,82,LRMC_SoftImpute_completed_p50_rep28_seed82.csv,internal:Chlorocebus_aethiops_C1_KU682691|Chlorocebus_aethiops_MN816163,internal,2,0.0120854426,0.0,-0.0120854426,0.0120854426
LRMC-SoftImpute,50,28,82,LRMC_SoftImpute_completed_p50_rep28_seed82.csv,terminal:Chlorocebus_aethiops_C1_KU682691,terminal,1,0.0080961876,0.007917017879435653,-0.00017916972056434763,0.00017916972056434763
LRMC-SoftImpute,50,28,82,LRMC_SoftImpute_completed_p50_rep28_seed82.csv,terminal:Chlorocebus_aethiops_MN816163,terminal,1,0.0104642592,0.00803243833989238,-0.00243182086010762,0.00243182086010762
LRMC-SoftImpute,50,28,82,LRMC_SoftImpute_completed_p50_rep28_seed82.csv,internal:Chlorocebus_cynosuros_C3_KU682693|Chlorocebus_cynosuros_KM262190,internal,2,0.0017398823,0.015939821861272817,0.014199939561272816,0.014199939561272816
LRMC-SoftImpute,50,28,82,LRMC_SoftImpute_completed_p50_rep28_seed82.csv,terminal:Chlorocebus_cynosuros_C3_KU682693,terminal,1,0.0241962287,0.007671548389211229,-0.01652468031078877,0.01652468031078877
LRMC-SoftImpute,50,28,82,LRMC_SoftImpute_completed_p50_rep28_seed82.csv,terminal:Chlorocebus_cynosuros_KM262190,terminal,1,0.0250691331,0.008814272704154873,-0.01625486039584513,0.01625486039584513
LRMC-SoftImpute,50,28,82,LRMC_SoftImpute_completed_p50_rep28_seed82.csv,terminal:Chlorocebus_djamdjamensis_C5_KU682695,terminal,1,0.0319881948,0.030093945350585783,-0.0018942494494142183,0.0018942494494142183
LRMC-SoftImpute,50,28,82,LRMC_SoftImpute_completed_p50_rep28_seed82.csv,internal:Cercopithecus_albogularis_KC757391|Cercopithecus_diana_KJ434958|Cercopithecus_lhoesti_KJ434957|Cercopithecus_mitis_KJ434956|Cercopithecus_neglectus_MW160353,internal,5,0.0020104988,0.0,-0.0020104988,0.0020104988
LRMC-SoftImpute,50,28,82,LRMC_SoftImpute_completed_p50_rep28_seed82.csv,internal:Cercopithecus_albogularis_KC757391|Cercopithecus_lhoesti_KJ434957|Cercopithecus_mitis_KJ434956,internal,3,0.0167387771,0.0,-0.0167387771,0.0167387771
LRMC-SoftImpute,50,28,82,LRMC_SoftImpute_completed_p50_rep28_seed82.csv,internal:Cercopithecus_albogularis_KC757391|Cercopithecus_mitis_KJ434956,internal,2,0.0593605632,0.0,-0.0593605632,0.0593605632
LRMC-SoftImpute,50,28,82,LRMC_SoftImpute_completed_p50_rep28_seed82.csv,terminal:Cercopithecus_albogularis_KC757391,terminal,1,0.0366651729,0.030203998441213083,-0.006461174458786918,0.006461174458786918
LRMC-SoftImpute,50,28,82,LRMC_SoftImpute_completed_p50_rep28_seed82.csv,terminal:Cercopithecus_mitis_KJ434956,terminal,1,0.0331901409,0.04184819889836331,0.008658057998363312,0.008658057998363312
LRMC-SoftImpute,50,28,82,LRMC_SoftImpute_completed_p50_rep28_seed82.csv,terminal:Cercopithecus_lhoesti_KJ434957,terminal,1,0.096446469,0.04251490056799617,-0.053931568432003835,0.053931568432003835
LRMC-SoftImpute,50,28,82,LRMC_SoftImpute_completed_p50_rep28_seed82.csv,internal:Cercopithecus_diana_KJ434958|Cercopithecus_neglectus_MW160353,internal,2,0.0175917107,0.0,-0.0175917107,0.0175917107
LRMC-SoftImpute,50,28,82,LRMC_SoftImpute_completed_p50_rep28_seed82.csv,terminal:Cercopithecus_diana_KJ434958,terminal,1,0.1093319625,0.04965453083492337,-0.059677431665076636,0.059677431665076636
LRMC-SoftImpute,50,28,82,LRMC_SoftImpute_completed_p50_rep28_seed82.csv,terminal:Cercopithecus_neglectus_MW160353,terminal,1,0.1017112524,0.04317741571824239,-0.0585338366817576,0.0585338366817576
LRMC-SoftImpute,50,29,83,LRMC_SoftImpute_completed_p50_rep29_seed83.csv,terminal:Allenopithecus_nigroviridis_KJ434962,terminal,1,0.1474140195,0.05773681460474085,-0.08967720489525914,0.08967720489525914
LRMC-SoftImpute,50,29,83,LRMC_SoftImpute_completed_p50_rep29_seed83.csv,internal:Cercocebus_atys_KT159932|Cercocebus_chrysogaster_KC757390|Cercocebus_torquatus_KJ434959,internal,3,0.1544494817,0.02315935347107065,-0.13129012822892935,0.13129012822892935
LRMC-SoftImpute,50,29,83,LRMC_SoftImpute_completed_p50_rep29_seed83.csv,internal:Cercocebus_atys_KT159932|Cercocebus_torquatus_KJ434959,internal,2,0.0094381611,0.020964141890233073,0.011525980790233073,0.011525980790233073
LRMC-SoftImpute,50,29,83,LRMC_SoftImpute_completed_p50_rep29_seed83.csv,terminal:Cercocebus_atys_KT159932,terminal,1,0.0508580169,0.037263685420742085,-0.013594331479257912,0.013594331479257912
LRMC-SoftImpute,50,29,83,LRMC_SoftImpute_completed_p50_rep29_seed83.csv,terminal:Cercocebus_torquatus_KJ434959,terminal,1,0.0562685839,0.0366665118478466,-0.019602072052153405,0.019602072052153405
LRMC-SoftImpute,50,29,83,LRMC_SoftImpute_completed_p50_rep29_seed83.csv,terminal:Cercocebus_chrysogaster_KC757390,terminal,1,0.0511259412,0.023186223770230326,-0.02793971742976967,0.02793971742976967
LRMC-SoftImpute,50,29,83,LRMC_SoftImpute_completed_p50_rep29_seed83.csv,internal:Allenopithecus_nigroviridis_KJ434962|Cercocebus_atys_KT159932|Cercocebus_chrysogaster_KC757390|Cercocebus_torquatus_KJ434959,internal,4,0.0346917556,0.0,-0.0346917556,0.0346917556
LRMC-SoftImpute,50,29,83,LRMC_SoftImpute_completed_p50_rep29_seed83.csv,internal:Cercopithecus_aethiops_AY863426|Chlorocebus_aethiops_C1_KU682691|Chlorocebus_aethiops_MN816163|Chlorocebus_cynosuros_C3_KU682693|Chlorocebus_cynosuros_KM262190|Chlorocebus_djamdjamensis_C5_KU682695,internal,6,0.0834758403,0.006147686199507828,-0.07732815410049218,0.07732815410049218
LRMC-SoftImpute,50,29,83,LRMC_SoftImpute_completed_p50_rep29_seed83.csv,internal:Cercopithecus_aethiops_AY863426|Chlorocebus_aethiops_C1_KU682691|Chlorocebus_aethiops_MN816163|Chlorocebus_cynosuros_C3_KU682693|Chlorocebus_cynosuros_KM262190,internal,5,0.012780756,0.0006921911750494872,-0.012088564824950514,0.012088564824950514
LRMC-SoftImpute,50,29,83,LRMC_SoftImpute_completed_p50_rep29_seed83.csv,internal:Cercopithecus_aethiops_AY863426|Chlorocebus_aethiops_C1_KU682691|Chlorocebus_aethiops_MN816163,internal,3,0.0048654608,0.0028684375877091584,-0.0019970232122908413,0.0019970232122908413
LRMC-SoftImpute,50,29,83,LRMC_SoftImpute_completed_p50_rep29_seed83.csv,terminal:Cercopithecus_aethiops_AY863426,terminal,1,0.0221835236,0.03870768728469551,0.016524163684695507,0.016524163684695507
LRMC-SoftImpute,50,29,83,LRMC_SoftImpute_completed_p50_rep29_seed83.csv,internal:Chlorocebus_aethiops_C1_KU682691|Chlorocebus_aethiops_MN816163,internal,2,0.0120854426,0.0,-0.0120854426,0.0120854426
LRMC-SoftImpute,50,29,83,LRMC_SoftImpute_completed_p50_rep29_seed83.csv,terminal:Chlorocebus_aethiops_C1_KU682691,terminal,1,0.0080961876,0.019977586724167308,0.011881399124167307,0.011881399124167307
LRMC-SoftImpute,50,29,83,LRMC_SoftImpute_completed_p50_rep29_seed83.csv,terminal:Chlorocebus_aethiops_MN816163,terminal,1,0.0104642592,0.012026688968553039,0.0015624297685530395,0.0015624297685530395
LRMC-SoftImpute,50,29,83,LRMC_SoftImpute_completed_p50_rep29_seed83.csv,internal:Chlorocebus_cynosuros_C3_KU682693|Chlorocebus_cynosuros_KM262190,internal,2,0.0017398823,0.0,-0.0017398823,0.0017398823
LRMC-SoftImpute,50,29,83,LRMC_SoftImpute_completed_p50_rep29_seed83.csv,terminal:Chlorocebus_cynosuros_C3_KU682693,terminal,1,0.0241962287,0.0180288166199364,-0.006167412080063599,0.006167412080063599
LRMC-SoftImpute,50,29,83,LRMC_SoftImpute_completed_p50_rep29_seed83.csv,terminal:Chlorocebus_cynosuros_KM262190,terminal,1,0.0250691331,0.037973248281803706,0.012904115181803705,0.012904115181803705
LRMC-SoftImpute,50,29,83,LRMC_SoftImpute_completed_p50_rep29_seed83.csv,terminal:Chlorocebus_djamdjamensis_C5_KU682695,terminal,1,0.0319881948,0.02311251097909161,-0.008875683820908392,0.008875683820908392
LRMC-SoftImpute,50,29,83,LRMC_SoftImpute_completed_p50_rep29_seed83.csv,internal:Cercopithecus_albogularis_KC757391|Cercopithecus_diana_KJ434958|Cercopithecus_lhoesti_KJ434957|Cercopithecus_mitis_KJ434956|Cercopithecus_neglectus_MW160353,internal,5,0.0020104988,0.011366600680113245,0.009356101880113245,0.009356101880113245
LRMC-SoftImpute,50,29,83,LRMC_SoftImpute_completed_p50_rep29_seed83.csv,internal:Cercopithecus_albogularis_KC757391|Cercopithecus_lhoesti_KJ434957|Cercopithecus_mitis_KJ434956,internal,3,0.0167387771,0.013622033138133784,-0.003116743961866217,0.003116743961866217
LRMC-SoftImpute,50,29,83,LRMC_SoftImpute_completed_p50_rep29_seed83.csv,internal:Cercopithecus_albogularis_KC757391|Cercopithecus_mitis_KJ434956,internal,2,0.0593605632,0.0,-0.0593605632,0.0593605632
LRMC-SoftImpute,50,29,83,LRMC_SoftImpute_completed_p50_rep29_seed83.csv,terminal:Cercopithecus_albogularis_KC757391,terminal,1,0.0366651729,0.04094919252188532,0.004284019621885321,0.004284019621885321
LRMC-SoftImpute,50,29,83,LRMC_SoftImpute_completed_p50_rep29_seed83.csv,terminal:Cercopithecus_mitis_KJ434956,terminal,1,0.0331901409,0.029786446892319973,-0.0034036940076800255,0.0034036940076800255
LRMC-SoftImpute,50,29,83,LRMC_SoftImpute_completed_p50_rep29_seed83.csv,terminal:Cercopithecus_lhoesti_KJ434957,terminal,1,0.096446469,0.04463142921600027,-0.05181503978399973,0.05181503978399973
LRMC-SoftImpute,50,29,83,LRMC_SoftImpute_completed_p50_rep29_seed83.csv,internal:Cercopithecus_diana_KJ434958|Cercopithecus_neglectus_MW160353,internal,2,0.0175917107,0.0,-0.0175917107,0.0175917107
LRMC-SoftImpute,50,29,83,LRMC_SoftImpute_completed_p50_rep29_seed83.csv,terminal:Cercopithecus_diana_KJ434958,terminal,1,0.1093319625,0.04551781465641707,-0.06381414784358294,0.06381414784358294
LRMC-SoftImpute,50,29,83,LRMC_SoftImpute_completed_p50_rep29_seed83.csv,terminal:Cercopithecus_neglectus_MW160353,terminal,1,0.1017112524,0.05198593837553942,-0.04972531402446057,0.04972531402446057
LRMC-SoftImpute,50,30,84,LRMC_SoftImpute_completed_p50_rep30_seed84.csv,terminal:Allenopithecus_nigroviridis_KJ434962,terminal,1,0.1474140195,0.05439642490360886,-0.09301759459639114,0.09301759459639114
LRMC-SoftImpute,50,30,84,LRMC_SoftImpute_completed_p50_rep30_seed84.csv,internal:Cercocebus_atys_KT159932|Cercocebus_chrysogaster_KC757390|Cercocebus_torquatus_KJ434959,internal,3,0.1544494817,0.051669612484037085,-0.10277986921596291,0.10277986921596291
LRMC-SoftImpute,50,30,84,LRMC_SoftImpute_completed_p50_rep30_seed84.csv,internal:Cercocebus_atys_KT159932|Cercocebus_torquatus_KJ434959,internal,2,0.0094381611,0.0,-0.0094381611,0.0094381611
LRMC-SoftImpute,50,30,84,LRMC_SoftImpute_completed_p50_rep30_seed84.csv,terminal:Cercocebus_atys_KT159932,terminal,1,0.0508580169,0.01465918379205507,-0.03619883310794493,0.03619883310794493
LRMC-SoftImpute,50,30,84,LRMC_SoftImpute_completed_p50_rep30_seed84.csv,terminal:Cercocebus_torquatus_KJ434959,terminal,1,0.0562685839,0.03271971078514604,-0.023548873114853965,0.023548873114853965
LRMC-SoftImpute,50,30,84,LRMC_SoftImpute_completed_p50_rep30_seed84.csv,terminal:Cercocebus_chrysogaster_KC757390,terminal,1,0.0511259412,0.03256813734142423,-0.018557803858575764,0.018557803858575764
LRMC-SoftImpute,50,30,84,LRMC_SoftImpute_completed_p50_rep30_seed84.csv,internal:Allenopithecus_nigroviridis_KJ434962|Cercocebus_atys_KT159932|Cercocebus_chrysogaster_KC757390|Cercocebus_torquatus_KJ434959,internal,4,0.0346917556,0.0,-0.0346917556,0.0346917556
LRMC-SoftImpute,50,30,84,LRMC_SoftImpute_completed_p50_rep30_seed84.csv,internal:Cercopithecus_aethiops_AY863426|Chlorocebus_aethiops_C1_KU682691|Chlorocebus_aethiops_MN816163|Chlorocebus_cynosuros_C3_KU682693|Chlorocebus_cynosuros_KM262190|Chlorocebus_djamdjamensis_C5_KU682695,internal,6,0.0834758403,0.006253744823419752,-0.07722209547658025,0.07722209547658025
LRMC-SoftImpute,50,30,84,LRMC_SoftImpute_completed_p50_rep30_seed84.csv,internal:Cercopithecus_aethiops_AY863426|Chlorocebus_aethiops_C1_KU682691|Chlorocebus_aethiops_MN816163|Chlorocebus_cynosuros_C3_KU682693|Chlorocebus_cynosuros_KM262190,internal,5,0.012780756,0.0,-0.012780756,0.012780756
LRMC-SoftImpute,50,30,84,LRMC_SoftImpute_completed_p50_rep30_seed84.csv,internal:Cercopithecus_aethiops_AY863426|Chlorocebus_aethiops_C1_KU682691|Chlorocebus_aethiops_MN816163,internal,3,0.0048654608,0.0,-0.0048654608,0.0048654608
LRMC-SoftImpute,50,30,84,LRMC_SoftImpute_completed_p50_rep30_seed84.csv,terminal:Cercopithecus_aethiops_AY863426,terminal,1,0.0221835236,0.0,-0.0221835236,0.0221835236
LRMC-SoftImpute,50,30,84,LRMC_SoftImpute_completed_p50_rep30_seed84.csv,internal:Chlorocebus_aethiops_C1_KU682691|Chlorocebus_aethiops_MN816163,internal,2,0.0120854426,0.019531642800576537,0.007446200200576538,0.007446200200576538
LRMC-SoftImpute,50,30,84,LRMC_SoftImpute_completed_p50_rep30_seed84.csv,terminal:Chlorocebus_aethiops_C1_KU682691,terminal,1,0.0080961876,0.02637721616335438,0.018281028563354382,0.018281028563354382
LRMC-SoftImpute,50,30,84,LRMC_SoftImpute_completed_p50_rep30_seed84.csv,terminal:Chlorocebus_aethiops_MN816163,terminal,1,0.0104642592,0.019169040001236114,0.008704780801236114,0.008704780801236114
LRMC-SoftImpute,50,30,84,LRMC_SoftImpute_completed_p50_rep30_seed84.csv,internal:Chlorocebus_cynosuros_C3_KU682693|Chlorocebus_cynosuros_KM262190,internal,2,0.0017398823,0.0,-0.0017398823,0.0017398823
LRMC-SoftImpute,50,30,84,LRMC_SoftImpute_completed_p50_rep30_seed84.csv,terminal:Chlorocebus_cynosuros_C3_KU682693,terminal,1,0.0241962287,0.03411936008944976,0.009923131389449762,0.009923131389449762
LRMC-SoftImpute,50,30,84,LRMC_SoftImpute_completed_p50_rep30_seed84.csv,terminal:Chlorocebus_cynosuros_KM262190,terminal,1,0.0250691331,0.027394172221915206,0.0023250391219152046,0.0023250391219152046
LRMC-SoftImpute,50,30,84,LRMC_SoftImpute_completed_p50_rep30_seed84.csv,terminal:Chlorocebus_djamdjamensis_C5_KU682695,terminal,1,0.0319881948,0.034167927400916065,0.0021797326009160636,0.0021797326009160636
LRMC-SoftImpute,50,30,84,LRMC_SoftImpute_completed_p50_rep30_seed84.csv,internal:Cercopithecus_albogularis_KC757391|Cercopithecus_diana_KJ434958|Cercopithecus_lhoesti_KJ434957|Cercopithecus_mitis_KJ434956|Cercopithecus_neglectus_MW160353,internal,5,0.0020104988,0.012936913348525925,0.010926414548525925,0.010926414548525925
LRMC-SoftImpute,50,30,84,LRMC_SoftImpute_completed_p50_rep30_seed84.csv,internal:Cercopithecus_albogularis_KC757391|Cercopithecus_lhoesti_KJ434957|Cercopithecus_mitis_KJ434956,internal,3,0.0167387771,0.0,-0.0167387771,0.0167387771
LRMC-SoftImpute,50,30,84,LRMC_SoftImpute_completed_p50_rep30_seed84.csv,internal:Cercopithecus_albogularis_KC757391|Cercopithecus_mitis_KJ434956,internal,2,0.0593605632,0.011455201636561694,-0.0479053615634383,0.0479053615634383
LRMC-SoftImpute,50,30,84,LRMC_SoftImpute_completed_p50_rep30_seed84.csv,terminal:Cercopithecus_albogularis_KC757391,terminal,1,0.0366651729,0.03135605798486818,-0.005309114915131821,0.005309114915131821
LRMC-SoftImpute,50,30,84,LRMC_SoftImpute_completed_p50_rep30_seed84.csv,terminal:Cercopithecus_mitis_KJ434956,terminal,1,0.0331901409,0.022273805062035162,-0.010916335837964836,0.010916335837964836
LRMC-SoftImpute,50,30,84,LRMC_SoftImpute_completed_p50_rep30_seed84.csv,terminal:Cercopithecus_lhoesti_KJ434957,terminal,1,0.096446469,0.03376434106770896,-0.06268212793229105,0.06268212793229105
LRMC-SoftImpute,50,30,84,LRMC_SoftImpute_completed_p50_rep30_seed84.csv,internal:Cercopithecus_diana_KJ434958|Cercopithecus_neglectus_MW160353,internal,2,0.0175917107,0.0,-0.0175917107,0.0175917107
LRMC-SoftImpute,50,30,84,LRMC_SoftImpute_completed_p50_rep30_seed84.csv,terminal:Cercopithecus_diana_KJ434958,terminal,1,0.1093319625,0.0550095504934416,-0.05432241200655841,0.05432241200655841
LRMC-SoftImpute,50,30,84,LRMC_SoftImpute_completed_p50_rep30_seed84.csv,terminal:Cercopithecus_neglectus_MW160353,terminal,1,0.1017112524,0.04315721903380286,-0.058554033366197134,0.058554033366197134
LRMC-SoftImpute,65,1,55,LRMC_SoftImpute_completed_p65_rep01_seed55.csv,terminal:Allenopithecus_nigroviridis_KJ434962,terminal,1,0.1474140195,0.05402061401289776,-0.09339340548710223,0.09339340548710223
LRMC-SoftImpute,65,1,55,LRMC_SoftImpute_completed_p65_rep01_seed55.csv,internal:Cercocebus_atys_KT159932|Cercocebus_chrysogaster_KC757390|Cercocebus_torquatus_KJ434959,internal,3,0.1544494817,0.0,-0.1544494817,0.1544494817
LRMC-SoftImpute,65,1,55,LRMC_SoftImpute_completed_p65_rep01_seed55.csv,internal:Cercocebus_atys_KT159932|Cercocebus_torquatus_KJ434959,internal,2,0.0094381611,0.04241140793861533,0.03297324683861533,0.03297324683861533
LRMC-SoftImpute,65,1,55,LRMC_SoftImpute_completed_p65_rep01_seed55.csv,terminal:Cercocebus_atys_KT159932,terminal,1,0.0508580169,0.0068448640280720785,-0.04401315287192792,0.04401315287192792
LRMC-SoftImpute,65,1,55,LRMC_SoftImpute_completed_p65_rep01_seed55.csv,terminal:Cercocebus_torquatus_KJ434959,terminal,1,0.0562685839,0.013747133702830415,-0.04252145019716959,0.04252145019716959
LRMC-SoftImpute,65,1,55,LRMC_SoftImpute_completed_p65_rep01_seed55.csv,terminal:Cercocebus_chrysogaster_KC757390,terminal,1,0.0511259412,0.044775359659321515,-0.006350581540678482,0.006350581540678482
LRMC-SoftImpute,65,1,55,LRMC_SoftImpute_completed_p65_rep01_seed55.csv,internal:Allenopithecus_nigroviridis_KJ434962|Cercocebus_atys_KT159932|Cercocebus_chrysogaster_KC757390|Cercocebus_torquatus_KJ434959,internal,4,0.0346917556,0.0,-0.0346917556,0.0346917556
LRMC-SoftImpute,65,1,55,LRMC_SoftImpute_completed_p65_rep01_seed55.csv,internal:Cercopithecus_aethiops_AY863426|Chlorocebus_aethiops_C1_KU682691|Chlorocebus_aethiops_MN816163|Chlorocebus_cynosuros_C3_KU682693|Chlorocebus_cynosuros_KM262190|Chlorocebus_djamdjamensis_C5_KU682695,internal,6,0.0834758403,0.0037494513627616987,-0.07972638893723831,0.07972638893723831
LRMC-SoftImpute,65,1,55,LRMC_SoftImpute_completed_p65_rep01_seed55.csv,internal:Cercopithecus_aethiops_AY863426|Chlorocebus_aethiops_C1_KU682691|Chlorocebus_aethiops_MN816163|Chlorocebus_cynosuros_C3_KU682693|Chlorocebus_cynosuros_KM262190,internal,5,0.012780756,0.0,-0.012780756,0.012780756
LRMC-SoftImpute,65,1,55,LRMC_SoftImpute_completed_p65_rep01_seed55.csv,internal:Cercopithecus_aethiops_AY863426|Chlorocebus_aethiops_C1_KU682691|Chlorocebus_aethiops_MN816163,internal,3,0.0048654608,0.0,-0.0048654608,0.0048654608
LRMC-SoftImpute,65,1,55,LRMC_SoftImpute_completed_p65_rep01_seed55.csv,terminal:Cercopithecus_aethiops_AY863426,terminal,1,0.0221835236,0.0,-0.0221835236,0.0221835236
LRMC-SoftImpute,65,1,55,LRMC_SoftImpute_completed_p65_rep01_seed55.csv,internal:Chlorocebus_aethiops_C1_KU682691|Chlorocebus_aethiops_MN816163,internal,2,0.0120854426,0.013182493983449279,0.0010970513834492792,0.0010970513834492792
LRMC-SoftImpute,65,1,55,LRMC_SoftImpute_completed_p65_rep01_seed55.csv,terminal:Chlorocebus_aethiops_C1_KU682691,terminal,1,0.0080961876,0.03604520580979546,0.027949018209795458,0.027949018209795458
LRMC-SoftImpute,65,1,55,LRMC_SoftImpute_completed_p65_rep01_seed55.csv,terminal:Chlorocebus_aethiops_MN816163,terminal,1,0.0104642592,0.023953044605172745,0.013488785405172746,0.013488785405172746
LRMC-SoftImpute,65,1,55,LRMC_SoftImpute_completed_p65_rep01_seed55.csv,internal:Chlorocebus_cynosuros_C3_KU682693|Chlorocebus_cynosuros_KM262190,internal,2,0.0017398823,0.0,-0.0017398823,0.0017398823
LRMC-SoftImpute,65,1,55,LRMC_SoftImpute_completed_p65_rep01_seed55.csv,terminal:Chlorocebus_cynosuros_C3_KU682693,terminal,1,0.0241962287,0.02346143038290508,-0.0007347983170949181,0.0007347983170949181
LRMC-SoftImpute,65,1,55,LRMC_SoftImpute_completed_p65_rep01_seed55.csv,terminal:Chlorocebus_cynosuros_KM262190,terminal,1,0.0250691331,0.03747022322237671,0.01240109012237671,0.01240109012237671
LRMC-SoftImpute,65,1,55,LRMC_SoftImpute_completed_p65_rep01_seed55.csv,terminal:Chlorocebus_djamdjamensis_C5_KU682695,terminal,1,0.0319881948,0.026280619966625986,-0.005707574833374016,0.005707574833374016
LRMC-SoftImpute,65,1,55,LRMC_SoftImpute_completed_p65_rep01_seed55.csv,internal:Cercopithecus_albogularis_KC757391|Cercopithecus_diana_KJ434958|Cercopithecus_lhoesti_KJ434957|Cercopithecus_mitis_KJ434956|Cercopithecus_neglectus_MW160353,internal,5,0.0020104988,0.003091237322114656,0.0010807385221146557,0.0010807385221146557
LRMC-SoftImpute,65,1,55,LRMC_SoftImpute_completed_p65_rep01_seed55.csv,internal:Cercopithecus_albogularis_KC757391|Cercopithecus_lhoesti_KJ434957|Cercopithecus_mitis_KJ434956,internal,3,0.0167387771,0.002008252714069395,-0.014730524385930605,0.014730524385930605
LRMC-SoftImpute,65,1,55,LRMC_SoftImpute_completed_p65_rep01_seed55.csv,internal:Cercopithecus_albogularis_KC757391|Cercopithecus_mitis_KJ434956,internal,2,0.0593605632,0.02855469543686049,-0.03080586776313951,0.03080586776313951
LRMC-SoftImpute,65,1,55,LRMC_SoftImpute_completed_p65_rep01_seed55.csv,terminal:Cercopithecus_albogularis_KC757391,terminal,1,0.0366651729,0.028293111451051785,-0.008372061448948215,0.008372061448948215
LRMC-SoftImpute,65,1,55,LRMC_SoftImpute_completed_p65_rep01_seed55.csv,terminal:Cercopithecus_mitis_KJ434956,terminal,1,0.0331901409,0.02533675159585158,-0.007853389304148417,0.007853389304148417
LRMC-SoftImpute,65,1,55,LRMC_SoftImpute_completed_p65_rep01_seed55.csv,terminal:Cercopithecus_lhoesti_KJ434957,terminal,1,0.096446469,0.055869504599596276,-0.04057696440040373,0.04057696440040373
LRMC-SoftImpute,65,1,55,LRMC_SoftImpute_completed_p65_rep01_seed55.csv,internal:Cercopithecus_diana_KJ434958|Cercopithecus_neglectus_MW160353,internal,2,0.0175917107,0.0,-0.0175917107,0.0175917107
LRMC-SoftImpute,65,1,55,LRMC_SoftImpute_completed_p65_rep01_seed55.csv,terminal:Cercopithecus_diana_KJ434958,terminal,1,0.1093319625,0.031650952264399214,-0.07768101023560078,0.07768101023560078
LRMC-SoftImpute,65,1,55,LRMC_SoftImpute_completed_p65_rep01_seed55.csv,terminal:Cercopithecus_neglectus_MW160353,terminal,1,0.1017112524,0.056066012036073615,-0.04564524036392638,0.04564524036392638
LRMC-SoftImpute,65,2,56,LRMC_SoftImpute_completed_p65_rep02_seed56.csv,terminal:Allenopithecus_nigroviridis_KJ434962,terminal,1,0.1474140195,0.03824911251128406,-0.10916490698871593,0.10916490698871593
LRMC-SoftImpute,65,2,56,LRMC_SoftImpute_completed_p65_rep02_seed56.csv,internal:Cercocebus_atys_KT159932|Cercocebus_chrysogaster_KC757390|Cercocebus_torquatus_KJ434959,internal,3,0.1544494817,0.0,-0.1544494817,0.1544494817
LRMC-SoftImpute,65,2,56,LRMC_SoftImpute_completed_p65_rep02_seed56.csv,internal:Cercocebus_atys_KT159932|Cercocebus_torquatus_KJ434959,internal,2,0.0094381611,0.0,-0.0094381611,0.0094381611
LRMC-SoftImpute,65,2,56,LRMC_SoftImpute_completed_p65_rep02_seed56.csv,terminal:Cercocebus_atys_KT159932,terminal,1,0.0508580169,0.03434960121630025,-0.016508415683699748,0.016508415683699748
LRMC-SoftImpute,65,2,56,LRMC_SoftImpute_completed_p65_rep02_seed56.csv,terminal:Cercocebus_torquatus_KJ434959,terminal,1,0.0562685839,0.03537197016642702,-0.02089661373357298,0.02089661373357298
LRMC-SoftImpute,65,2,56,LRMC_SoftImpute_completed_p65_rep02_seed56.csv,terminal:Cercocebus_chrysogaster_KC757390,terminal,1,0.0511259412,0.03982464314676731,-0.011301298053232683,0.011301298053232683
LRMC-SoftImpute,65,2,56,LRMC_SoftImpute_completed_p65_rep02_seed56.csv,internal:Allenopithecus_nigroviridis_KJ434962|Cercocebus_atys_KT159932|Cercocebus_chrysogaster_KC757390|Cercocebus_torquatus_KJ434959,internal,4,0.0346917556,0.025959097722393295,-0.008732657877606704,0.008732657877606704
LRMC-SoftImpute,65,2,56,LRMC_SoftImpute_completed_p65_rep02_seed56.csv,internal:Cercopithecus_aethiops_AY863426|Chlorocebus_aethiops_C1_KU682691|Chlorocebus_aethiops_MN816163|Chlorocebus_cynosuros_C3_KU682693|Chlorocebus_cynosuros_KM262190|Chlorocebus_djamdjamensis_C5_KU682695,internal,6,0.0834758403,0.0,-0.0834758403,0.0834758403
LRMC-SoftImpute,65,2,56,LRMC_SoftImpute_completed_p65_rep02_seed56.csv,internal:Cercopithecus_aethiops_AY863426|Chlorocebus_aethiops_C1_KU682691|Chlorocebus_aethiops_MN816163|Chlorocebus_cynosuros_C3_KU682693|Chlorocebus_cynosuros_KM262190,internal,5,0.012780756,0.0,-0.012780756,0.012780756
LRMC-SoftImpute,65,2,56,LRMC_SoftImpute_completed_p65_rep02_seed56.csv,internal:Cercopithecus_aethiops_AY863426|Chlorocebus_aethiops_C1_KU682691|Chlorocebus_aethiops_MN816163,internal,3,0.0048654608,0.0,-0.0048654608,0.0048654608
LRMC-SoftImpute,65,2,56,LRMC_SoftImpute_completed_p65_rep02_seed56.csv,terminal:Cercopithecus_aethiops_AY863426,terminal,1,0.0221835236,0.03411206182191265,0.011928538221912647,0.011928538221912647
LRMC-SoftImpute,65,2,56,LRMC_SoftImpute_completed_p65_rep02_seed56.csv,internal:Chlorocebus_aethiops_C1_KU682691|Chlorocebus_aethiops_MN816163,internal,2,0.0120854426,0.0,-0.0120854426,0.0120854426
LRMC-SoftImpute,65,2,56,LRMC_SoftImpute_completed_p65_rep02_seed56.csv,terminal:Chlorocebus_aethiops_C1_KU682691,terminal,1,0.0080961876,0.0,-0.0080961876,0.0080961876
LRMC-SoftImpute,65,2,56,LRMC_SoftImpute_completed_p65_rep02_seed56.csv,terminal:Chlorocebus_aethiops_MN816163,terminal,1,0.0104642592,0.02919037439773667,0.018726115197736672,0.018726115197736672
LRMC-SoftImpute,65,2,56,LRMC_SoftImpute_completed_p65_rep02_seed56.csv,internal:Chlorocebus_cynosuros_C3_KU682693|Chlorocebus_cynosuros_KM262190,internal,2,0.0017398823,0.01391894250776649,0.01217906020776649,0.01217906020776649
LRMC-SoftImpute,65,2,56,LRMC_SoftImpute_completed_p65_rep02_seed56.csv,terminal:Chlorocebus_cynosuros_C3_KU682693,terminal,1,0.0241962287,0.023139327050475854,-0.0010569016495241453,0.0010569016495241453
LRMC-SoftImpute,65,2,56,LRMC_SoftImpute_completed_p65_rep02_seed56.csv,terminal:Chlorocebus_cynosuros_KM262190,terminal,1,0.0250691331,0.015352956046123746,-0.009716177053876255,0.009716177053876255
LRMC-SoftImpute,65,2,56,LRMC_SoftImpute_completed_p65_rep02_seed56.csv,terminal:Chlorocebus_djamdjamensis_C5_KU682695,terminal,1,0.0319881948,0.024210324571783265,-0.007777870228216736,0.007777870228216736
LRMC-SoftImpute,65,2,56,LRMC_SoftImpute_completed_p65_rep02_seed56.csv,internal:Cercopithecus_albogularis_KC757391|Cercopithecus_diana_KJ434958|Cercopithecus_lhoesti_KJ434957|Cercopithecus_mitis_KJ434956|Cercopithecus_neglectus_MW160353,internal,5,0.0020104988,0.0,-0.0020104988,0.0020104988
LRMC-SoftImpute,65,2,56,LRMC_SoftImpute_completed_p65_rep02_seed56.csv,internal:Cercopithecus_albogularis_KC757391|Cercopithecus_lhoesti_KJ434957|Cercopithecus_mitis_KJ434956,internal,3,0.0167387771,0.032362445285494736,0.015623668185494734,0.015623668185494734
LRMC-SoftImpute,65,2,56,LRMC_SoftImpute_completed_p65_rep02_seed56.csv,internal:Cercopithecus_albogularis_KC757391|Cercopithecus_mitis_KJ434956,internal,2,0.0593605632,0.0006189321349807815,-0.05874163106501922,0.05874163106501922
LRMC-SoftImpute,65,2,56,LRMC_SoftImpute_completed_p65_rep02_seed56.csv,terminal:Cercopithecus_albogularis_KC757391,terminal,1,0.0366651729,0.028418616944384065,-0.008246555955615936,0.008246555955615936
LRMC-SoftImpute,65,2,56,LRMC_SoftImpute_completed_p65_rep02_seed56.csv,terminal:Cercopithecus_mitis_KJ434956,terminal,1,0.0331901409,0.025211246102519336,-0.007978894797480662,0.007978894797480662
LRMC-SoftImpute,65,2,56,LRMC_SoftImpute_completed_p65_rep02_seed56.csv,terminal:Cercopithecus_lhoesti_KJ434957,terminal,1,0.096446469,0.017915369010979443,-0.07853109998902057,0.07853109998902057
LRMC-SoftImpute,65,2,56,LRMC_SoftImpute_completed_p65_rep02_seed56.csv,internal:Cercopithecus_diana_KJ434958|Cercopithecus_neglectus_MW160353,internal,2,0.0175917107,0.014960965240293245,-0.002630745459706754,0.002630745459706754
LRMC-SoftImpute,65,2,56,LRMC_SoftImpute_completed_p65_rep02_seed56.csv,terminal:Cercopithecus_diana_KJ434958,terminal,1,0.1093319625,0.03272835624168444,-0.07660360625831555,0.07660360625831555
LRMC-SoftImpute,65,2,56,LRMC_SoftImpute_completed_p65_rep02_seed56.csv,terminal:Cercopithecus_neglectus_MW160353,terminal,1,0.1017112524,0.037697851895470785,-0.06401340050452921,0.06401340050452921
LRMC-SoftImpute,65,3,57,LRMC_SoftImpute_completed_p65_rep03_seed57.csv,terminal:Allenopithecus_nigroviridis_KJ434962,terminal,1,0.1474140195,0.01005324922501331,-0.1373607702749867,0.1373607702749867
LRMC-SoftImpute,65,3,57,LRMC_SoftImpute_completed_p65_rep03_seed57.csv,internal:Cercocebus_atys_KT159932|Cercocebus_chrysogaster_KC757390|Cercocebus_torquatus_KJ434959,internal,3,0.1544494817,0.03851321843787295,-0.11593626326212705,0.11593626326212705
LRMC-SoftImpute,65,3,57,LRMC_SoftImpute_completed_p65_rep03_seed57.csv,internal:Cercocebus_atys_KT159932|Cercocebus_torquatus_KJ434959,internal,2,0.0094381611,0.011790870472979926,0.002352709372979926,0.002352709372979926
LRMC-SoftImpute,65,3,57,LRMC_SoftImpute_completed_p65_rep03_seed57.csv,terminal:Cercocebus_atys_KT159932,terminal,1,0.0508580169,0.02345442667016662,-0.027403590229833377,0.027403590229833377
LRMC-SoftImpute,65,3,57,LRMC_SoftImpute_completed_p65_rep03_seed57.csv,terminal:Cercocebus_torquatus_KJ434959,terminal,1,0.0562685839,0.030492987475438327,-0.025775596424561675,0.025775596424561675
LRMC-SoftImpute,65,3,57,LRMC_SoftImpute_completed_p65_rep03_seed57.csv,terminal:Cercocebus_chrysogaster_KC757390,terminal,1,0.0511259412,0.0381064910041565,-0.013019450195843496,0.013019450195843496
LRMC-SoftImpute,65,3,57,LRMC_SoftImpute_completed_p65_rep03_seed57.csv,internal:Allenopithecus_nigroviridis_KJ434962|Cercocebus_atys_KT159932|Cercocebus_chrysogaster_KC757390|Cercocebus_torquatus_KJ434959,internal,4,0.0346917556,0.0,-0.0346917556,0.0346917556
LRMC-SoftImpute,65,3,57,LRMC_SoftImpute_completed_p65_rep03_seed57.csv,internal:Cercopithecus_aethiops_AY863426|Chlorocebus_aethiops_C1_KU682691|Chlorocebus_aethiops_MN816163|Chlorocebus_cynosuros_C3_KU682693|Chlorocebus_cynosuros_KM262190|Chlorocebus_djamdjamensis_C5_KU682695,internal,6,0.0834758403,0.003956318730541342,-0.07951952156945867,0.07951952156945867
LRMC-SoftImpute,65,3,57,LRMC_SoftImpute_completed_p65_rep03_seed57.csv,internal:Cercopithecus_aethiops_AY863426|Chlorocebus_aethiops_C1_KU682691|Chlorocebus_aethiops_MN816163|Chlorocebus_cynosuros_C3_KU682693|Chlorocebus_cynosuros_KM262190,internal,5,0.012780756,0.009257913178631536,-0.0035228428213684645,0.0035228428213684645
LRMC-SoftImpute,65,3,57,LRMC_SoftImpute_completed_p65_rep03_seed57.csv,internal:Cercopithecus_aethiops_AY863426|Chlorocebus_aethiops_C1_KU682691|Chlorocebus_aethiops_MN816163,internal,3,0.0048654608,0.0015012489314862303,-0.0033642118685137693,0.0033642118685137693
LRMC-SoftImpute,65,3,57,LRMC_SoftImpute_completed_p65_rep03_seed57.csv,terminal:Cercopithecus_aethiops_AY863426,terminal,1,0.0221835236,0.004584120068274222,-0.01759940353172578,0.01759940353172578
LRMC-SoftImpute,65,3,57,LRMC_SoftImpute_completed_p65_rep03_seed57.csv,internal:Chlorocebus_aethiops_C1_KU682691|Chlorocebus_aethiops_MN816163,internal,2,0.0120854426,0.01536731401132533,0.00328187141132533,0.00328187141132533
LRMC-SoftImpute,65,3,57,LRMC_SoftImpute_completed_p65_rep03_seed57.csv,terminal:Chlorocebus_aethiops_C1_KU682691,terminal,1,0.0080961876,0.0017285952397285635,-0.006367592360271437,0.006367592360271437
LRMC-SoftImpute,65,3,57,LRMC_SoftImpute_completed_p65_rep03_seed57.csv,terminal:Chlorocebus_aethiops_MN816163,terminal,1,0.0104642592,0.010097805864634135,-0.0003664533353658645,0.0003664533353658645
LRMC-SoftImpute,65,3,57,LRMC_SoftImpute_completed_p65_rep03_seed57.csv,internal:Chlorocebus_cynosuros_C3_KU682693|Chlorocebus_cynosuros_KM262190,internal,2,0.0017398823,0.016480925706477675,0.014741043406477675,0.014741043406477675
LRMC-SoftImpute,65,3,57,LRMC_SoftImpute_completed_p65_rep03_seed57.csv,terminal:Chlorocebus_cynosuros_C3_KU682693,terminal,1,0.0241962287,0.014145622395589674,-0.010050606304410325,0.010050606304410325
LRMC-SoftImpute,65,3,57,LRMC_SoftImpute_completed_p65_rep03_seed57.csv,terminal:Chlorocebus_cynosuros_KM262190,terminal,1,0.0250691331,0.015664305905718514,-0.009404827194281488,0.009404827194281488
LRMC-SoftImpute,65,3,57,LRMC_SoftImpute_completed_p65_rep03_seed57.csv,terminal:Chlorocebus_djamdjamensis_C5_KU682695,terminal,1,0.0319881948,0.023704797017692743,-0.008283397782307259,0.008283397782307259
LRMC-SoftImpute,65,3,57,LRMC_SoftImpute_completed_p65_rep03_seed57.csv,internal:Cercopithecus_albogularis_KC757391|Cercopithecus_diana_KJ434958|Cercopithecus_lhoesti_KJ434957|Cercopithecus_mitis_KJ434956|Cercopithecus_neglectus_MW160353,internal,5,0.0020104988,0.015977041450960943,0.013966542650960943,0.013966542650960943
LRMC-SoftImpute,65,3,57,LRMC_SoftImpute_completed_p65_rep03_seed57.csv,internal:Cercopithecus_albogularis_KC757391|Cercopithecus_lhoesti_KJ434957|Cercopithecus_mitis_KJ434956,internal,3,0.0167387771,0.0,-0.0167387771,0.0167387771
LRMC-SoftImpute,65,3,57,LRMC_SoftImpute_completed_p65_rep03_seed57.csv,internal:Cercopithecus_albogularis_KC757391|Cercopithecus_mitis_KJ434956,internal,2,0.0593605632,0.013873535371080152,-0.04548702782891985,0.04548702782891985
LRMC-SoftImpute,65,3,57,LRMC_SoftImpute_completed_p65_rep03_seed57.csv,terminal:Cercopithecus_albogularis_KC757391,terminal,1,0.0366651729,0.03780972767462439,0.0011445547746243914,0.0011445547746243914
LRMC-SoftImpute,65,3,57,LRMC_SoftImpute_completed_p65_rep03_seed57.csv,terminal:Cercopithecus_mitis_KJ434956,terminal,1,0.0331901409,0.015820135372278988,-0.01737000552772101,0.01737000552772101
LRMC-SoftImpute,65,3,57,LRMC_SoftImpute_completed_p65_rep03_seed57.csv,terminal:Cercopithecus_lhoesti_KJ434957,terminal,1,0.096446469,0.02675706529328104,-0.06968940370671897,0.06968940370671897
LRMC-SoftImpute,65,3,57,LRMC_SoftImpute_completed_p65_rep03_seed57.csv,internal:Cercopithecus_diana_KJ434958|Cercopithecus_neglectus_MW160353,internal,2,0.0175917107,0.0,-0.0175917107,0.0175917107
LRMC-SoftImpute,65,3,57,LRMC_SoftImpute_completed_p65_rep03_seed57.csv,terminal:Cercopithecus_diana_KJ434958,terminal,1,0.1093319625,0.028409250756595613,-0.08092271174340439,0.08092271174340439
LRMC-SoftImpute,65,3,57,LRMC_SoftImpute_completed_p65_rep03_seed57.csv,terminal:Cercopithecus_neglectus_MW160353,terminal,1,0.1017112524,0.043044911959029444,-0.05866634044097055,0.05866634044097055
LRMC-SoftImpute,65,4,58,LRMC_SoftImpute_completed_p65_rep04_seed58.csv,terminal:Allenopithecus_nigroviridis_KJ434962,terminal,1,0.1474140195,0.048741179921423725,-0.09867283957857627,0.09867283957857627
LRMC-SoftImpute,65,4,58,LRMC_SoftImpute_completed_p65_rep04_seed58.csv,internal:Cercocebus_atys_KT159932|Cercocebus_chrysogaster_KC757390|Cercocebus_torquatus_KJ434959,internal,3,0.1544494817,0.03567675766157949,-0.11877272403842051,0.11877272403842051
LRMC-SoftImpute,65,4,58,LRMC_SoftImpute_completed_p65_rep04_seed58.csv,internal:Cercocebus_atys_KT159932|Cercocebus_torquatus_KJ434959,internal,2,0.0094381611,0.0,-0.0094381611,0.0094381611
LRMC-SoftImpute,65,4,58,LRMC_SoftImpute_completed_p65_rep04_seed58.csv,terminal:Cercocebus_atys_KT159932,terminal,1,0.0508580169,0.04111946446805922,-0.00973855243194078,0.00973855243194078
LRMC-SoftImpute,65,4,58,LRMC_SoftImpute_completed_p65_rep04_seed58.csv,terminal:Cercocebus_torquatus_KJ434959,terminal,1,0.0562685839,0.0015432329653001723,-0.05472535093469983,0.05472535093469983
LRMC-SoftImpute,65,4,58,LRMC_SoftImpute_completed_p65_rep04_seed58.csv,terminal:Cercocebus_chrysogaster_KC757390,terminal,1,0.0511259412,0.040664306635703036,-0.01046163456429696,0.01046163456429696
LRMC-SoftImpute,65,4,58,LRMC_SoftImpute_completed_p65_rep04_seed58.csv,internal:Allenopithecus_nigroviridis_KJ434962|Cercocebus_atys_KT159932|Cercocebus_chrysogaster_KC757390|Cercocebus_torquatus_KJ434959,internal,4,0.0346917556,0.0,-0.0346917556,0.0346917556
LRMC-SoftImpute,65,4,58,LRMC_SoftImpute_completed_p65_rep04_seed58.csv,internal:Cercopithecus_aethiops_AY863426|Chlorocebus_aethiops_C1_KU682691|Chlorocebus_aethiops_MN816163|Chlorocebus_cynosuros_C3_KU682693|Chlorocebus_cynosuros_KM262190|Chlorocebus_djamdjamensis_C5_KU682695,internal,6,0.0834758403,0.0,-0.0834758403,0.0834758403
LRMC-SoftImpute,65,4,58,LRMC_SoftImpute_completed_p65_rep04_seed58.csv,internal:Cercopithecus_aethiops_AY863426|Chlorocebus_aethiops_C1_KU682691|Chlorocebus_aethiops_MN816163|Chlorocebus_cynosuros_C3_KU682693|Chlorocebus_cynosuros_KM262190,internal,5,0.012780756,0.02249942744751435,0.00971867144751435,0.00971867144751435
LRMC-SoftImpute,65,4,58,LRMC_SoftImpute_completed_p65_rep04_seed58.csv,internal:Cercopithecus_aethiops_AY863426|Chlorocebus_aethiops_C1_KU682691|Chlorocebus_aethiops_MN816163,internal,3,0.0048654608,0.0014950990212119234,-0.0033703617787880762,0.0033703617787880762
LRMC-SoftImpute,65,4,58,LRMC_SoftImpute_completed_p65_rep04_seed58.csv,terminal:Cercopithecus_aethiops_AY863426,terminal,1,0.0221835236,0.014353003003898718,-0.007830520596101283,0.007830520596101283
LRMC-SoftImpute,65,4,58,LRMC_SoftImpute_completed_p65_rep04_seed58.csv,internal:Chlorocebus_aethiops_C1_KU682691|Chlorocebus_aethiops_MN816163,internal,2,0.0120854426,0.004737705015380171,-0.007347737584619828,0.007347737584619828
LRMC-SoftImpute,65,4,58,LRMC_SoftImpute_completed_p65_rep04_seed58.csv,terminal:Chlorocebus_aethiops_C1_KU682691,terminal,1,0.0080961876,0.02065284429092086,0.01255665669092086,0.01255665669092086
LRMC-SoftImpute,65,4,58,LRMC_SoftImpute_completed_p65_rep04_seed58.csv,terminal:Chlorocebus_aethiops_MN816163,terminal,1,0.0104642592,0.011527728296343184,0.0010634690963431843,0.0010634690963431843
LRMC-SoftImpute,65,4,58,LRMC_SoftImpute_completed_p65_rep04_seed58.csv,internal:Chlorocebus_cynosuros_C3_KU682693|Chlorocebus_cynosuros_KM262190,internal,2,0.0017398823,0.0,-0.0017398823,0.0017398823
LRMC-SoftImpute,65,4,58,LRMC_SoftImpute_completed_p65_rep04_seed58.csv,terminal:Chlorocebus_cynosuros_C3_KU682693,terminal,1,0.0241962287,0.02171709333109093,-0.0024791353689090703,0.0024791353689090703
LRMC-SoftImpute,65,4,58,LRMC_SoftImpute_completed_p65_rep04_seed58.csv,terminal:Chlorocebus_cynosuros_KM262190,terminal,1,0.0250691331,0.01649960757682354,-0.008569525523176462,0.008569525523176462
LRMC-SoftImpute,65,4,58,LRMC_SoftImpute_completed_p65_rep04_seed58.csv,terminal:Chlorocebus_djamdjamensis_C5_KU682695,terminal,1,0.0319881948,0.01344804841511815,-0.01854014638488185,0.01854014638488185
LRMC-SoftImpute,65,4,58,LRMC_SoftImpute_completed_p65_rep04_seed58.csv,internal:Cercopithecus_albogularis_KC757391|Cercopithecus_diana_KJ434958|Cercopithecus_lhoesti_KJ434957|Cercopithecus_mitis_KJ434956|Cercopithecus_neglectus_MW160353,internal,5,0.0020104988,0.008422160194831285,0.006411661394831285,0.006411661394831285
LRMC-SoftImpute,65,4,58,LRMC_SoftImpute_completed_p65_rep04_seed58.csv,internal:Cercopithecus_albogularis_KC757391|Cercopithecus_lhoesti_KJ434957|Cercopithecus_mitis_KJ434956,internal,3,0.0167387771,0.002818526571796289,-0.013920250528203712,0.013920250528203712
LRMC-SoftImpute,65,4,58,LRMC_SoftImpute_completed_p65_rep04_seed58.csv,internal:Cercopithecus_albogularis_KC757391|Cercopithecus_mitis_KJ434956,internal,2,0.0593605632,0.0034959730358331996,-0.055864590164166804,0.055864590164166804
LRMC-SoftImpute,65,4,58,LRMC_SoftImpute_completed_p65_rep04_seed58.csv,terminal:Cercopithecus_albogularis_KC757391,terminal,1,0.0366651729,0.0258470315694087,-0.0108181413305913,0.0108181413305913
LRMC-SoftImpute,65,4,58,LRMC_SoftImpute_completed_p65_rep04_seed58.csv,terminal:Cercopithecus_mitis_KJ434956,terminal,1,0.0331901409,0.02778283147749466,-0.005407309422505339,0.005407309422505339
LRMC-SoftImpute,65,4,58,LRMC_SoftImpute_completed_p65_rep04_seed58.csv,terminal:Cercopithecus_lhoesti_KJ434957,terminal,1,0.096446469,0.04841967407672118,-0.048026794923278826,0.048026794923278826
LRMC-SoftImpute,65,4,58,LRMC_SoftImpute_completed_p65_rep04_seed58.csv,internal:Cercopithecus_diana_KJ434958|Cercopithecus_neglectus_MW160353,internal,2,0.0175917107,0.0049750704319014,-0.012616640268098599,0.012616640268098599
LRMC-SoftImpute,65,4,58,LRMC_SoftImpute_completed_p65_rep04_seed58.csv,terminal:Cercopithecus_diana_KJ434958,terminal,1,0.1093319625,0.03559677805731637,-0.07373518444268364,0.07373518444268364
LRMC-SoftImpute,65,4,58,LRMC_SoftImpute_completed_p65_rep04_seed58.csv,terminal:Cercopithecus_neglectus_MW160353,terminal,1,0.1017112524,0.039475049783830395,-0.0622362026161696,0.0622362026161696
LRMC-SoftImpute,65,5,59,LRMC_SoftImpute_completed_p65_rep05_seed59.csv,terminal:Allenopithecus_nigroviridis_KJ434962,terminal,1,0.1474140195,0.029880571425537572,-0.11753344807446242,0.11753344807446242
LRMC-SoftImpute,65,5,59,LRMC_SoftImpute_completed_p65_rep05_seed59.csv,internal:Cercocebus_atys_KT159932|Cercocebus_chrysogaster_KC757390|Cercocebus_torquatus_KJ434959,internal,3,0.1544494817,0.011610881938356089,-0.14283859976164393,0.14283859976164393
LRMC-SoftImpute,65,5,59,LRMC_SoftImpute_completed_p65_rep05_seed59.csv,internal:Cercocebus_atys_KT159932|Cercocebus_torquatus_KJ434959,internal,2,0.0094381611,0.0016970396565494292,-0.007741121443450571,0.007741121443450571
LRMC-SoftImpute,65,5,59,LRMC_SoftImpute_completed_p65_rep05_seed59.csv,terminal:Cercocebus_atys_KT159932,terminal,1,0.0508580169,0.054762354398237116,0.003904337498237119,0.003904337498237119
LRMC-SoftImpute,65,5,59,LRMC_SoftImpute_completed_p65_rep05_seed59.csv,terminal:Cercocebus_torquatus_KJ434959,terminal,1,0.0562685839,0.019167842870351566,-0.037100741029648436,0.037100741029648436
LRMC-SoftImpute,65,5,59,LRMC_SoftImpute_completed_p65_rep05_seed59.csv,terminal:Cercocebus_chrysogaster_KC757390,terminal,1,0.0511259412,0.03959242514985542,-0.011533516050144577,0.011533516050144577
LRMC-SoftImpute,65,5,59,LRMC_SoftImpute_completed_p65_rep05_seed59.csv,internal:Allenopithecus_nigroviridis_KJ434962|Cercocebus_atys_KT159932|Cercocebus_chrysogaster_KC757390|Cercocebus_torquatus_KJ434959,internal,4,0.0346917556,0.0,-0.0346917556,0.0346917556
LRMC-SoftImpute,65,5,59,LRMC_SoftImpute_completed_p65_rep05_seed59.csv,internal:Cercopithecus_aethiops_AY863426|Chlorocebus_aethiops_C1_KU682691|Chlorocebus_aethiops_MN816163|Chlorocebus_cynosuros_C3_KU682693|Chlorocebus_cynosuros_KM262190|Chlorocebus_djamdjamensis_C5_KU682695,internal,6,0.0834758403,0.0,-0.0834758403,0.0834758403
LRMC-SoftImpute,65,5,59,LRMC_SoftImpute_completed_p65_rep05_seed59.csv,internal:Cercopithecus_aethiops_AY863426|Chlorocebus_aethiops_C1_KU682691|Chlorocebus_aethiops_MN816163|Chlorocebus_cynosuros_C3_KU682693|Chlorocebus_cynosuros_KM262190,internal,5,0.012780756,0.03675550780608821,0.02397475180608821,0.02397475180608821
LRMC-SoftImpute,65,5,59,LRMC_SoftImpute_completed_p65_rep05_seed59.csv,internal:Cercopithecus_aethiops_AY863426|Chlorocebus_aethiops_C1_KU682691|Chlorocebus_aethiops_MN816163,internal,3,0.0048654608,0.0,-0.0048654608,0.0048654608
LRMC-SoftImpute,65,5,59,LRMC_SoftImpute_completed_p65_rep05_seed59.csv,terminal:Cercopithecus_aethiops_AY863426,terminal,1,0.0221835236,0.01824743530061176,-0.003936088299388241,0.003936088299388241
LRMC-SoftImpute,65,5,59,LRMC_SoftImpute_completed_p65_rep05_seed59.csv,internal:Chlorocebus_aethiops_C1_KU682691|Chlorocebus_aethiops_MN816163,internal,2,0.0120854426,0.0,-0.0120854426,0.0120854426
LRMC-SoftImpute,65,5,59,LRMC_SoftImpute_completed_p65_rep05_seed59.csv,terminal:Chlorocebus_aethiops_C1_KU682691,terminal,1,0.0080961876,0.029864738278155587,0.021768550678155585,0.021768550678155585
LRMC-SoftImpute,65,5,59,LRMC_SoftImpute_completed_p65_rep05_seed59.csv,terminal:Chlorocebus_aethiops_MN816163,terminal,1,0.0104642592,0.013450759863580273,0.0029865006635802736,0.0029865006635802736
LRMC-SoftImpute,65,5,59,LRMC_SoftImpute_completed_p65_rep05_seed59.csv,internal:Chlorocebus_cynosuros_C3_KU682693|Chlorocebus_cynosuros_KM262190,internal,2,0.0017398823,0.0,-0.0017398823,0.0017398823
LRMC-SoftImpute,65,5,59,LRMC_SoftImpute_completed_p65_rep05_seed59.csv,terminal:Chlorocebus_cynosuros_C3_KU682693,terminal,1,0.0241962287,0.03694461008977713,0.012748381389777134,0.012748381389777134
LRMC-SoftImpute,65,5,59,LRMC_SoftImpute_completed_p65_rep05_seed59.csv,terminal:Chlorocebus_cynosuros_KM262190,terminal,1,0.0250691331,0.0036113392431536746,-0.021457793856846326,0.021457793856846326
LRMC-SoftImpute,65,5,59,LRMC_SoftImpute_completed_p65_rep05_seed59.csv,terminal:Chlorocebus_djamdjamensis_C5_KU682695,terminal,1,0.0319881948,0.0,-0.0319881948,0.0319881948
LRMC-SoftImpute,65,5,59,LRMC_SoftImpute_completed_p65_rep05_seed59.csv,internal:Cercopithecus_albogularis_KC757391|Cercopithecus_diana_KJ434958|Cercopithecus_lhoesti_KJ434957|Cercopithecus_mitis_KJ434956|Cercopithecus_neglectus_MW160353,internal,5,0.0020104988,0.0,-0.0020104988,0.0020104988
LRMC-SoftImpute,65,5,59,LRMC_SoftImpute_completed_p65_rep05_seed59.csv,internal:Cercopithecus_albogularis_KC757391|Cercopithecus_lhoesti_KJ434957|Cercopithecus_mitis_KJ434956,internal,3,0.0167387771,0.0,-0.0167387771,0.0167387771
LRMC-SoftImpute,65,5,59,LRMC_SoftImpute_completed_p65_rep05_seed59.csv,internal:Cercopithecus_albogularis_KC757391|Cercopithecus_mitis_KJ434956,internal,2,0.0593605632,0.014064192758291408,-0.04529637044170859,0.04529637044170859
LRMC-SoftImpute,65,5,59,LRMC_SoftImpute_completed_p65_rep05_seed59.csv,terminal:Cercopithecus_albogularis_KC757391,terminal,1,0.0366651729,0.030731569502867154,-0.0059336033971328465,0.0059336033971328465
LRMC-SoftImpute,65,5,59,LRMC_SoftImpute_completed_p65_rep05_seed59.csv,terminal:Cercopithecus_mitis_KJ434956,terminal,1,0.0331901409,0.02289829354403624,-0.010291847355963758,0.010291847355963758
LRMC-SoftImpute,65,5,59,LRMC_SoftImpute_completed_p65_rep05_seed59.csv,terminal:Cercopithecus_lhoesti_KJ434957,terminal,1,0.096446469,0.03564791316887668,-0.06079855583112333,0.06079855583112333
LRMC-SoftImpute,65,5,59,LRMC_SoftImpute_completed_p65_rep05_seed59.csv,internal:Cercopithecus_diana_KJ434958|Cercopithecus_neglectus_MW160353,internal,2,0.0175917107,0.0,-0.0175917107,0.0175917107
LRMC-SoftImpute,65,5,59,LRMC_SoftImpute_completed_p65_rep05_seed59.csv,terminal:Cercopithecus_diana_KJ434958,terminal,1,0.1093319625,0.02561487294458048,-0.08371708955541952,0.08371708955541952
LRMC-SoftImpute,65,5,59,LRMC_SoftImpute_completed_p65_rep05_seed59.csv,terminal:Cercopithecus_neglectus_MW160353,terminal,1,0.1017112524,0.05310083417210977,-0.04861041822789022,0.04861041822789022
LRMC-SoftImpute,65,6,60,LRMC_SoftImpute_completed_p65_rep06_seed60.csv,terminal:Allenopithecus_nigroviridis_KJ434962,terminal,1,0.1474140195,0.045547013055532805,-0.1018670064444672,0.1018670064444672
LRMC-SoftImpute,65,6,60,LRMC_SoftImpute_completed_p65_rep06_seed60.csv,internal:Cercocebus_atys_KT159932|Cercocebus_chrysogaster_KC757390|Cercocebus_torquatus_KJ434959,internal,3,0.1544494817,0.013219673942063557,-0.14122980775793645,0.14122980775793645
LRMC-SoftImpute,65,6,60,LRMC_SoftImpute_completed_p65_rep06_seed60.csv,internal:Cercocebus_atys_KT159932|Cercocebus_torquatus_KJ434959,internal,2,0.0094381611,0.012345726951779048,0.0029075658517790474,0.0029075658517790474
LRMC-SoftImpute,65,6,60,LRMC_SoftImpute_completed_p65_rep06_seed60.csv,terminal:Cercocebus_atys_KT159932,terminal,1,0.0508580169,0.01954145558083175,-0.03131656131916825,0.03131656131916825
LRMC-SoftImpute,65,6,60,LRMC_SoftImpute_completed_p65_rep06_seed60.csv,terminal:Cercocebus_torquatus_KJ434959,terminal,1,0.0562685839,0.03653753512690649,-0.019731048773093514,0.019731048773093514
LRMC-SoftImpute,65,6,60,LRMC_SoftImpute_completed_p65_rep06_seed60.csv,terminal:Cercocebus_chrysogaster_KC757390,terminal,1,0.0511259412,0.04035336975060062,-0.010772571449399373,0.010772571449399373
LRMC-SoftImpute,65,6,60,LRMC_SoftImpute_completed_p65_rep06_seed60.csv,internal:Allenopithecus_nigroviridis_KJ434962|Cercocebus_atys_KT159932|Cercocebus_chrysogaster_KC757390|Cercocebus_torquatus_KJ434959,internal,4,0.0346917556,0.0,-0.0346917556,0.0346917556
LRMC-SoftImpute,65,6,60,LRMC_SoftImpute_completed_p65_rep06_seed60.csv,internal:Cercopithecus_aethiops_AY863426|Chlorocebus_aethiops_C1_KU682691|Chlorocebus_aethiops_MN816163|Chlorocebus_cynosuros_C3_KU682693|Chlorocebus_cynosuros_KM262190|Chlorocebus_djamdjamensis_C5_KU682695,internal,6,0.0834758403,0.02168824511775376,-0.06178759518224625,0.06178759518224625
LRMC-SoftImpute,65,6,60,LRMC_SoftImpute_completed_p65_rep06_seed60.csv,internal:Cercopithecus_aethiops_AY863426|Chlorocebus_aethiops_C1_KU682691|Chlorocebus_aethiops_MN816163|Chlorocebus_cynosuros_C3_KU682693|Chlorocebus_cynosuros_KM262190,internal,5,0.012780756,0.0,-0.012780756,0.012780756
LRMC-SoftImpute,65,6,60,LRMC_SoftImpute_completed_p65_rep06_seed60.csv,internal:Cercopithecus_aethiops_AY863426|Chlorocebus_aethiops_C1_KU682691|Chlorocebus_aethiops_MN816163,internal,3,0.0048654608,0.011226050505474091,0.006360589705474091,0.006360589705474091
LRMC-SoftImpute,65,6,60,LRMC_SoftImpute_completed_p65_rep06_seed60.csv,terminal:Cercopithecus_aethiops_AY863426,terminal,1,0.0221835236,0.024084569145042138,0.001901045545042137,0.001901045545042137
LRMC-SoftImpute,65,6,60,LRMC_SoftImpute_completed_p65_rep06_seed60.csv,internal:Chlorocebus_aethiops_C1_KU682691|Chlorocebus_aethiops_MN816163,internal,2,0.0120854426,0.00501210485695937,-0.00707333774304063,0.00707333774304063
LRMC-SoftImpute,65,6,60,LRMC_SoftImpute_completed_p65_rep06_seed60.csv,terminal:Chlorocebus_aethiops_C1_KU682691,terminal,1,0.0080961876,0.014185258527241819,0.006089070927241818,0.006089070927241818
LRMC-SoftImpute,65,6,60,LRMC_SoftImpute_completed_p65_rep06_seed60.csv,terminal:Chlorocebus_aethiops_MN816163,terminal,1,0.0104642592,0.001987083716136553,-0.008477175483863446,0.008477175483863446
LRMC-SoftImpute,65,6,60,LRMC_SoftImpute_completed_p65_rep06_seed60.csv,internal:Chlorocebus_cynosuros_C3_KU682693|Chlorocebus_cynosuros_KM262190,internal,2,0.0017398823,0.0,-0.0017398823,0.0017398823
LRMC-SoftImpute,65,6,60,LRMC_SoftImpute_completed_p65_rep06_seed60.csv,terminal:Chlorocebus_cynosuros_C3_KU682693,terminal,1,0.0241962287,0.0286814564180005,0.004485227718000501,0.004485227718000501
LRMC-SoftImpute,65,6,60,LRMC_SoftImpute_completed_p65_rep06_seed60.csv,terminal:Chlorocebus_cynosuros_KM262190,terminal,1,0.0250691331,0.0,-0.0250691331,0.0250691331
LRMC-SoftImpute,65,6,60,LRMC_SoftImpute_completed_p65_rep06_seed60.csv,terminal:Chlorocebus_djamdjamensis_C5_KU682695,terminal,1,0.0319881948,0.0291520768990089,-0.0028361179009911003,0.0028361179009911003
LRMC-SoftImpute,65,6,60,LRMC_SoftImpute_completed_p65_rep06_seed60.csv,internal:Cercopithecus_albogularis_KC757391|Cercopithecus_diana_KJ434958|Cercopithecus_lhoesti_KJ434957|Cercopithecus_mitis_KJ434956|Cercopithecus_neglectus_MW160353,internal,5,0.0020104988,0.0,-0.0020104988,0.0020104988
LRMC-SoftImpute,65,6,60,LRMC_SoftImpute_completed_p65_rep06_seed60.csv,internal:Cercopithecus_albogularis_KC757391|Cercopithecus_lhoesti_KJ434957|Cercopithecus_mitis_KJ434956,internal,3,0.0167387771,0.0,-0.0167387771,0.0167387771
LRMC-SoftImpute,65,6,60,LRMC_SoftImpute_completed_p65_rep06_seed60.csv,internal:Cercopithecus_albogularis_KC757391|Cercopithecus_mitis_KJ434956,internal,2,0.0593605632,0.024438319864238577,-0.034922243335761424,0.034922243335761424
LRMC-SoftImpute,65,6,60,LRMC_SoftImpute_completed_p65_rep06_seed60.csv,terminal:Cercopithecus_albogularis_KC757391,terminal,1,0.0366651729,0.023330486940295214,-0.013334685959704787,0.013334685959704787
LRMC-SoftImpute,65,6,60,LRMC_SoftImpute_completed_p65_rep06_seed60.csv,terminal:Cercopithecus_mitis_KJ434956,terminal,1,0.0331901409,0.030299376106608183,-0.0028907647933918146,0.0028907647933918146
LRMC-SoftImpute,65,6,60,LRMC_SoftImpute_completed_p65_rep06_seed60.csv,terminal:Cercopithecus_lhoesti_KJ434957,terminal,1,0.096446469,0.0,-0.096446469,0.096446469
LRMC-SoftImpute,65,6,60,LRMC_SoftImpute_completed_p65_rep06_seed60.csv,internal:Cercopithecus_diana_KJ434958|Cercopithecus_neglectus_MW160353,internal,2,0.0175917107,0.0,-0.0175917107,0.0175917107
LRMC-SoftImpute,65,6,60,LRMC_SoftImpute_completed_p65_rep06_seed60.csv,terminal:Cercopithecus_diana_KJ434958,terminal,1,0.1093319625,0.033186319480996,-0.076145643019004,0.076145643019004
LRMC-SoftImpute,65,6,60,LRMC_SoftImpute_completed_p65_rep06_seed60.csv,terminal:Cercopithecus_neglectus_MW160353,terminal,1,0.1017112524,0.06764715164529198,-0.03406410075470802,0.03406410075470802
LRMC-SoftImpute,65,7,61,LRMC_SoftImpute_completed_p65_rep07_seed61.csv,terminal:Allenopithecus_nigroviridis_KJ434962,terminal,1,0.1474140195,0.021335160985897123,-0.12607885851410286,0.12607885851410286
LRMC-SoftImpute,65,7,61,LRMC_SoftImpute_completed_p65_rep07_seed61.csv,internal:Cercocebus_atys_KT159932|Cercocebus_chrysogaster_KC757390|Cercocebus_torquatus_KJ434959,internal,3,0.1544494817,0.0,-0.1544494817,0.1544494817
LRMC-SoftImpute,65,7,61,LRMC_SoftImpute_completed_p65_rep07_seed61.csv,internal:Cercocebus_atys_KT159932|Cercocebus_torquatus_KJ434959,internal,2,0.0094381611,0.024508520835039464,0.015070359735039464,0.015070359735039464
LRMC-SoftImpute,65,7,61,LRMC_SoftImpute_completed_p65_rep07_seed61.csv,terminal:Cercocebus_atys_KT159932,terminal,1,0.0508580169,0.0015958253716672382,-0.049262191528332756,0.049262191528332756
LRMC-SoftImpute,65,7,61,LRMC_SoftImpute_completed_p65_rep07_seed61.csv,terminal:Cercocebus_torquatus_KJ434959,terminal,1,0.0562685839,0.0016173044143088706,-0.05465127948569113,0.05465127948569113
LRMC-SoftImpute,65,7,61,LRMC_SoftImpute_completed_p65_rep07_seed61.csv,terminal:Cercocebus_chrysogaster_KC757390,terminal,1,0.0511259412,0.02978333174537501,-0.021342609454624985,0.021342609454624985
LRMC-SoftImpute,65,7,61,LRMC_SoftImpute_completed_p65_rep07_seed61.csv,internal:Allenopithecus_nigroviridis_KJ434962|Cercocebus_atys_KT159932|Cercocebus_chrysogaster_KC757390|Cercocebus_torquatus_KJ434959,internal,4,0.0346917556,0.024377094129582777,-0.010314661470417222,0.010314661470417222
LRMC-SoftImpute,65,7,61,LRMC_SoftImpute_completed_p65_rep07_seed61.csv,internal:Cercopithecus_aethiops_AY863426|Chlorocebus_aethiops_C1_KU682691|Chlorocebus_aethiops_MN816163|Chlorocebus_cynosuros_C3_KU682693|Chlorocebus_cynosuros_KM262190|Chlorocebus_djamdjamensis_C5_KU682695,internal,6,0.0834758403,0.034016159696087574,-0.04945968060391243,0.04945968060391243
LRMC-SoftImpute,65,7,61,LRMC_SoftImpute_completed_p65_rep07_seed61.csv,internal:Cercopithecus_aethiops_AY863426|Chlorocebus_aethiops_C1_KU682691|Chlorocebus_aethiops_MN816163|Chlorocebus_cynosuros_C3_KU682693|Chlorocebus_cynosuros_KM262190,internal,5,0.012780756,0.012907170242454906,0.00012641424245490515,0.00012641424245490515
LRMC-SoftImpute,65,7,61,LRMC_SoftImpute_completed_p65_rep07_seed61.csv,internal:Cercopithecus_aethiops_AY863426|Chlorocebus_aethiops_C1_KU682691|Chlorocebus_aethiops_MN816163,internal,3,0.0048654608,0.0,-0.0048654608,0.0048654608
LRMC-SoftImpute,65,7,61,LRMC_SoftImpute_completed_p65_rep07_seed61.csv,terminal:Cercopithecus_aethiops_AY863426,terminal,1,0.0221835236,0.0,-0.0221835236,0.0221835236
LRMC-SoftImpute,65,7,61,LRMC_SoftImpute_completed_p65_rep07_seed61.csv,internal:Chlorocebus_aethiops_C1_KU682691|Chlorocebus_aethiops_MN816163,internal,2,0.0120854426,0.017647073775685074,0.005561631175685075,0.005561631175685075
LRMC-SoftImpute,65,7,61,LRMC_SoftImpute_completed_p65_rep07_seed61.csv,terminal:Chlorocebus_aethiops_C1_KU682691,terminal,1,0.0080961876,0.012385452967132247,0.004289265367132247,0.004289265367132247
LRMC-SoftImpute,65,7,61,LRMC_SoftImpute_completed_p65_rep07_seed61.csv,terminal:Chlorocebus_aethiops_MN816163,terminal,1,0.0104642592,0.003786889276246173,-0.006677369923753826,0.006677369923753826
LRMC-SoftImpute,65,7,61,LRMC_SoftImpute_completed_p65_rep07_seed61.csv,internal:Chlorocebus_cynosuros_C3_KU682693|Chlorocebus_cynosuros_KM262190,internal,2,0.0017398823,0.004778322327111741,0.003038440027111741,0.003038440027111741
LRMC-SoftImpute,65,7,61,LRMC_SoftImpute_completed_p65_rep07_seed61.csv,terminal:Chlorocebus_cynosuros_C3_KU682693,terminal,1,0.0241962287,0.007788861744031938,-0.01640736695596806,0.01640736695596806
LRMC-SoftImpute,65,7,61,LRMC_SoftImpute_completed_p65_rep07_seed61.csv,terminal:Chlorocebus_cynosuros_KM262190,terminal,1,0.0250691331,0.030703421352567616,0.005634288252567614,0.005634288252567614
LRMC-SoftImpute,65,7,61,LRMC_SoftImpute_completed_p65_rep07_seed61.csv,terminal:Chlorocebus_djamdjamensis_C5_KU682695,terminal,1,0.0319881948,0.006770692800568637,-0.025217501999431364,0.025217501999431364
LRMC-SoftImpute,65,7,61,LRMC_SoftImpute_completed_p65_rep07_seed61.csv,internal:Cercopithecus_albogularis_KC757391|Cercopithecus_diana_KJ434958|Cercopithecus_lhoesti_KJ434957|Cercopithecus_mitis_KJ434956|Cercopithecus_neglectus_MW160353,internal,5,0.0020104988,0.0,-0.0020104988,0.0020104988
LRMC-SoftImpute,65,7,61,LRMC_SoftImpute_completed_p65_rep07_seed61.csv,internal:Cercopithecus_albogularis_KC757391|Cercopithecus_lhoesti_KJ434957|Cercopithecus_mitis_KJ434956,internal,3,0.0167387771,0.0,-0.0167387771,0.0167387771
LRMC-SoftImpute,65,7,61,LRMC_SoftImpute_completed_p65_rep07_seed61.csv,internal:Cercopithecus_albogularis_KC757391|Cercopithecus_mitis_KJ434956,internal,2,0.0593605632,0.0,-0.0593605632,0.0593605632
LRMC-SoftImpute,65,7,61,LRMC_SoftImpute_completed_p65_rep07_seed61.csv,terminal:Cercopithecus_albogularis_KC757391,terminal,1,0.0366651729,0.029626831381670257,-0.007038341518329744,0.007038341518329744
LRMC-SoftImpute,65,7,61,LRMC_SoftImpute_completed_p65_rep07_seed61.csv,terminal:Cercopithecus_mitis_KJ434956,terminal,1,0.0331901409,0.02019305800935416,-0.012997082890645838,0.012997082890645838
LRMC-SoftImpute,65,7,61,LRMC_SoftImpute_completed_p65_rep07_seed61.csv,terminal:Cercopithecus_lhoesti_KJ434957,terminal,1,0.096446469,0.0,-0.096446469,0.096446469
LRMC-SoftImpute,65,7,61,LRMC_SoftImpute_completed_p65_rep07_seed61.csv,internal:Cercopithecus_diana_KJ434958|Cercopithecus_neglectus_MW160353,internal,2,0.0175917107,0.0,-0.0175917107,0.0175917107
LRMC-SoftImpute,65,7,61,LRMC_SoftImpute_completed_p65_rep07_seed61.csv,terminal:Cercopithecus_diana_KJ434958,terminal,1,0.1093319625,0.052355513744401054,-0.05697644875559895,0.05697644875559895
LRMC-SoftImpute,65,7,61,LRMC_SoftImpute_completed_p65_rep07_seed61.csv,terminal:Cercopithecus_neglectus_MW160353,terminal,1,0.1017112524,0.04907828903682178,-0.052632963363178215,0.052632963363178215
LRMC-SoftImpute,65,8,62,LRMC_SoftImpute_completed_p65_rep08_seed62.csv,terminal:Allenopithecus_nigroviridis_KJ434962,terminal,1,0.1474140195,0.04532510325726688,-0.10208891624273311,0.10208891624273311
LRMC-SoftImpute,65,8,62,LRMC_SoftImpute_completed_p65_rep08_seed62.csv,internal:Cercocebus_atys_KT159932|Cercocebus_chrysogaster_KC757390|Cercocebus_torquatus_KJ434959,internal,3,0.1544494817,0.03328509807779167,-0.12116438362220833,0.12116438362220833
LRMC-SoftImpute,65,8,62,LRMC_SoftImpute_completed_p65_rep08_seed62.csv,internal:Cercocebus_atys_KT159932|Cercocebus_torquatus_KJ434959,internal,2,0.0094381611,0.0,-0.0094381611,0.0094381611
LRMC-SoftImpute,65,8,62,LRMC_SoftImpute_completed_p65_rep08_seed62.csv,terminal:Cercocebus_atys_KT159932,terminal,1,0.0508580169,0.02669502045223395,-0.024162996447766046,0.024162996447766046
LRMC-SoftImpute,65,8,62,LRMC_SoftImpute_completed_p65_rep08_seed62.csv,terminal:Cercocebus_torquatus_KJ434959,terminal,1,0.0562685839,0.03369359613149296,-0.02257498776850704,0.02257498776850704
LRMC-SoftImpute,65,8,62,LRMC_SoftImpute_completed_p65_rep08_seed62.csv,terminal:Cercocebus_chrysogaster_KC757390,terminal,1,0.0511259412,0.04341258192636229,-0.007713359273637706,0.007713359273637706
LRMC-SoftImpute,65,8,62,LRMC_SoftImpute_completed_p65_rep08_seed62.csv,internal:Allenopithecus_nigroviridis_KJ434962|Cercocebus_atys_KT159932|Cercocebus_chrysogaster_KC757390|Cercocebus_torquatus_KJ434959,internal,4,0.0346917556,0.014648182917716107,-0.02004357268228389,0.02004357268228389
LRMC-SoftImpute,65,8,62,LRMC_SoftImpute_completed_p65_rep08_seed62.csv,internal:Cercopithecus_aethiops_AY863426|Chlorocebus_aethiops_C1_KU682691|Chlorocebus_aethiops_MN816163|Chlorocebus_cynosuros_C3_KU682693|Chlorocebus_cynosuros_KM262190|Chlorocebus_djamdjamensis_C5_KU682695,internal,6,0.0834758403,0.0,-0.0834758403,0.0834758403
LRMC-SoftImpute,65,8,62,LRMC_SoftImpute_completed_p65_rep08_seed62.csv,internal:Cercopithecus_aethiops_AY863426|Chlorocebus_aethiops_C1_KU682691|Chlorocebus_aethiops_MN816163|Chlorocebus_cynosuros_C3_KU682693|Chlorocebus_cynosuros_KM262190,internal,5,0.012780756,0.001783226714318066,-0.010997529285681935,0.010997529285681935
LRMC-SoftImpute,65,8,62,LRMC_SoftImpute_completed_p65_rep08_seed62.csv,internal:Cercopithecus_aethiops_AY863426|Chlorocebus_aethiops_C1_KU682691|Chlorocebus_aethiops_MN816163,internal,3,0.0048654608,0.01149751266845387,0.00663205186845387,0.00663205186845387
LRMC-SoftImpute,65,8,62,LRMC_SoftImpute_completed_p65_rep08_seed62.csv,terminal:Cercopithecus_aethiops_AY863426,terminal,1,0.0221835236,0.00800547229361592,-0.014178051306384082,0.014178051306384082
LRMC-SoftImpute,65,8,62,LRMC_SoftImpute_completed_p65_rep08_seed62.csv,internal:Chlorocebus_aethiops_C1_KU682691|Chlorocebus_aethiops_MN816163,internal,2,0.0120854426,0.006441436500170776,-0.005644006099829223,0.005644006099829223
LRMC-SoftImpute,65,8,62,LRMC_SoftImpute_completed_p65_rep08_seed62.csv,terminal:Chlorocebus_aethiops_C1_KU682691,terminal,1,0.0080961876,0.014935388504630881,0.006839200904630881,0.006839200904630881
LRMC-SoftImpute,65,8,62,LRMC_SoftImpute_completed_p65_rep08_seed62.csv,terminal:Chlorocebus_aethiops_MN816163,terminal,1,0.0104642592,0.001236953738747531,-0.009227305461252468,0.009227305461252468
LRMC-SoftImpute,65,8,62,LRMC_SoftImpute_completed_p65_rep08_seed62.csv,internal:Chlorocebus_cynosuros_C3_KU682693|Chlorocebus_cynosuros_KM262190,internal,2,0.0017398823,0.008801576447801458,0.007061694147801457,0.007061694147801457
LRMC-SoftImpute,65,8,62,LRMC_SoftImpute_completed_p65_rep08_seed62.csv,terminal:Chlorocebus_cynosuros_C3_KU682693,terminal,1,0.0241962287,0.01763210260482956,-0.0065641260951704375,0.0065641260951704375
LRMC-SoftImpute,65,8,62,LRMC_SoftImpute_completed_p65_rep08_seed62.csv,terminal:Chlorocebus_cynosuros_KM262190,terminal,1,0.0250691331,0.020860180491770002,-0.0042089526082299995,0.0042089526082299995
LRMC-SoftImpute,65,8,62,LRMC_SoftImpute_completed_p65_rep08_seed62.csv,terminal:Chlorocebus_djamdjamensis_C5_KU682695,terminal,1,0.0319881948,0.0313263456271989,-0.0006618491728010989,0.0006618491728010989
LRMC-SoftImpute,65,8,62,LRMC_SoftImpute_completed_p65_rep08_seed62.csv,internal:Cercopithecus_albogularis_KC757391|Cercopithecus_diana_KJ434958|Cercopithecus_lhoesti_KJ434957|Cercopithecus_mitis_KJ434956|Cercopithecus_neglectus_MW160353,internal,5,0.0020104988,0.012930207264941604,0.010919708464941605,0.010919708464941605
LRMC-SoftImpute,65,8,62,LRMC_SoftImpute_completed_p65_rep08_seed62.csv,internal:Cercopithecus_albogularis_KC757391|Cercopithecus_lhoesti_KJ434957|Cercopithecus_mitis_KJ434956,internal,3,0.0167387771,0.0,-0.0167387771,0.0167387771
LRMC-SoftImpute,65,8,62,LRMC_SoftImpute_completed_p65_rep08_seed62.csv,internal:Cercopithecus_albogularis_KC757391|Cercopithecus_mitis_KJ434956,internal,2,0.0593605632,0.0,-0.0593605632,0.0593605632
LRMC-SoftImpute,65,8,62,LRMC_SoftImpute_completed_p65_rep08_seed62.csv,terminal:Cercopithecus_albogularis_KC757391,terminal,1,0.0366651729,0.04574438545881538,0.009079212558815379,0.009079212558815379
LRMC-SoftImpute,65,8,62,LRMC_SoftImpute_completed_p65_rep08_seed62.csv,terminal:Cercopithecus_mitis_KJ434956,terminal,1,0.0331901409,0.034534132738096975,0.0013439918380969765,0.0013439918380969765
LRMC-SoftImpute,65,8,62,LRMC_SoftImpute_completed_p65_rep08_seed62.csv,terminal:Cercopithecus_lhoesti_KJ434957,terminal,1,0.096446469,0.03883390211518623,-0.057612566884813775,0.057612566884813775
LRMC-SoftImpute,65,8,62,LRMC_SoftImpute_completed_p65_rep08_seed62.csv,internal:Cercopithecus_diana_KJ434958|Cercopithecus_neglectus_MW160353,internal,2,0.0175917107,0.0182426701839196,0.0006509594839196019,0.0006509594839196019
LRMC-SoftImpute,65,8,62,LRMC_SoftImpute_completed_p65_rep08_seed62.csv,terminal:Cercopithecus_diana_KJ434958,terminal,1,0.1093319625,0.012103934339290452,-0.09722802816070955,0.09722802816070955
LRMC-SoftImpute,65,8,62,LRMC_SoftImpute_completed_p65_rep08_seed62.csv,terminal:Cercopithecus_neglectus_MW160353,terminal,1,0.1017112524,0.0,-0.1017112524,0.1017112524
LRMC-SoftImpute,65,9,63,LRMC_SoftImpute_completed_p65_rep09_seed63.csv,terminal:Allenopithecus_nigroviridis_KJ434962,terminal,1,0.1474140195,0.061478953643457374,-0.08593506585654262,0.08593506585654262
LRMC-SoftImpute,65,9,63,LRMC_SoftImpute_completed_p65_rep09_seed63.csv,internal:Cercocebus_atys_KT159932|Cercocebus_chrysogaster_KC757390|Cercocebus_torquatus_KJ434959,internal,3,0.1544494817,0.0,-0.1544494817,0.1544494817
LRMC-SoftImpute,65,9,63,LRMC_SoftImpute_completed_p65_rep09_seed63.csv,internal:Cercocebus_atys_KT159932|Cercocebus_torquatus_KJ434959,internal,2,0.0094381611,0.009999854305805161,0.0005616932058051614,0.0005616932058051614
LRMC-SoftImpute,65,9,63,LRMC_SoftImpute_completed_p65_rep09_seed63.csv,terminal:Cercocebus_atys_KT159932,terminal,1,0.0508580169,0.063680693465739,0.012822676565739002,0.012822676565739002
LRMC-SoftImpute,65,9,63,LRMC_SoftImpute_completed_p65_rep09_seed63.csv,terminal:Cercocebus_torquatus_KJ434959,terminal,1,0.0562685839,0.010249503802849646,-0.046019080097150354,0.046019080097150354
LRMC-SoftImpute,65,9,63,LRMC_SoftImpute_completed_p65_rep09_seed63.csv,terminal:Cercocebus_chrysogaster_KC757390,terminal,1,0.0511259412,0.04809435769342808,-0.0030315835065719138,0.0030315835065719138
LRMC-SoftImpute,65,9,63,LRMC_SoftImpute_completed_p65_rep09_seed63.csv,internal:Allenopithecus_nigroviridis_KJ434962|Cercocebus_atys_KT159932|Cercocebus_chrysogaster_KC757390|Cercocebus_torquatus_KJ434959,internal,4,0.0346917556,0.0,-0.0346917556,0.0346917556
LRMC-SoftImpute,65,9,63,LRMC_SoftImpute_completed_p65_rep09_seed63.csv,internal:Cercopithecus_aethiops_AY863426|Chlorocebus_aethiops_C1_KU682691|Chlorocebus_aethiops_MN816163|Chlorocebus_cynosuros_C3_KU682693|Chlorocebus_cynosuros_KM262190|Chlorocebus_djamdjamensis_C5_KU682695,internal,6,0.0834758403,0.009531279740822074,-0.07394456055917793,0.07394456055917793
LRMC-SoftImpute,65,9,63,LRMC_SoftImpute_completed_p65_rep09_seed63.csv,internal:Cercopithecus_aethiops_AY863426|Chlorocebus_aethiops_C1_KU682691|Chlorocebus_aethiops_MN816163|Chlorocebus_cynosuros_C3_KU682693|Chlorocebus_cynosuros_KM262190,internal,5,0.012780756,0.001053267819198278,-0.011727488180801722,0.011727488180801722
LRMC-SoftImpute,65,9,63,LRMC_SoftImpute_completed_p65_rep09_seed63.csv,internal:Cercopithecus_aethiops_AY863426|Chlorocebus_aethiops_C1_KU682691|Chlorocebus_aethiops_MN816163,internal,3,0.0048654608,0.02490205998397114,0.020036599183971143,0.020036599183971143
LRMC-SoftImpute,65,9,63,LRMC_SoftImpute_completed_p65_rep09_seed63.csv,terminal:Cercopithecus_aethiops_AY863426,terminal,1,0.0221835236,0.01124092517084474,-0.010942598429155261,0.010942598429155261
LRMC-SoftImpute,65,9,63,LRMC_SoftImpute_completed_p65_rep09_seed63.csv,internal:Chlorocebus_aethiops_C1_KU682691|Chlorocebus_aethiops_MN816163,internal,2,0.0120854426,0.0,-0.0120854426,0.0120854426
LRMC-SoftImpute,65,9,63,LRMC_SoftImpute_completed_p65_rep09_seed63.csv,terminal:Chlorocebus_aethiops_C1_KU682691,terminal,1,0.0080961876,0.007276318888508334,-0.0008198687114916664,0.0008198687114916664
LRMC-SoftImpute,65,9,63,LRMC_SoftImpute_completed_p65_rep09_seed63.csv,terminal:Chlorocebus_aethiops_MN816163,terminal,1,0.0104642592,0.003348903387009622,-0.007115355812990377,0.007115355812990377
LRMC-SoftImpute,65,9,63,LRMC_SoftImpute_completed_p65_rep09_seed63.csv,internal:Chlorocebus_cynosuros_C3_KU682693|Chlorocebus_cynosuros_KM262190,internal,2,0.0017398823,0.0,-0.0017398823,0.0017398823
LRMC-SoftImpute,65,9,63,LRMC_SoftImpute_completed_p65_rep09_seed63.csv,terminal:Chlorocebus_cynosuros_C3_KU682693,terminal,1,0.0241962287,0.01193084238697633,-0.01226538631302367,0.01226538631302367
LRMC-SoftImpute,65,9,63,LRMC_SoftImpute_completed_p65_rep09_seed63.csv,terminal:Chlorocebus_cynosuros_KM262190,terminal,1,0.0250691331,0.018927598625441456,-0.006141534474558546,0.006141534474558546
LRMC-SoftImpute,65,9,63,LRMC_SoftImpute_completed_p65_rep09_seed63.csv,terminal:Chlorocebus_djamdjamensis_C5_KU682695,terminal,1,0.0319881948,0.019861305823757138,-0.012126888976242863,0.012126888976242863
LRMC-SoftImpute,65,9,63,LRMC_SoftImpute_completed_p65_rep09_seed63.csv,internal:Cercopithecus_albogularis_KC757391|Cercopithecus_diana_KJ434958|Cercopithecus_lhoesti_KJ434957|Cercopithecus_mitis_KJ434956|Cercopithecus_neglectus_MW160353,internal,5,0.0020104988,0.0,-0.0020104988,0.0020104988
LRMC-SoftImpute,65,9,63,LRMC_SoftImpute_completed_p65_rep09_seed63.csv,internal:Cercopithecus_albogularis_KC757391|Cercopithecus_lhoesti_KJ434957|Cercopithecus_mitis_KJ434956,internal,3,0.0167387771,0.0,-0.0167387771,0.0167387771
LRMC-SoftImpute,65,9,63,LRMC_SoftImpute_completed_p65_rep09_seed63.csv,internal:Cercopithecus_albogularis_KC757391|Cercopithecus_mitis_KJ434956,internal,2,0.0593605632,0.008622490704329407,-0.0507380724956706,0.0507380724956706
LRMC-SoftImpute,65,9,63,LRMC_SoftImpute_completed_p65_rep09_seed63.csv,terminal:Cercopithecus_albogularis_KC757391,terminal,1,0.0366651729,0.04890776191760678,0.012242589017606782,0.012242589017606782
LRMC-SoftImpute,65,9,63,LRMC_SoftImpute_completed_p65_rep09_seed63.csv,terminal:Cercopithecus_mitis_KJ434956,terminal,1,0.0331901409,0.03850820195975749,0.0053180610597574896,0.0053180610597574896
LRMC-SoftImpute,65,9,63,LRMC_SoftImpute_completed_p65_rep09_seed63.csv,terminal:Cercopithecus_lhoesti_KJ434957,terminal,1,0.096446469,0.05719874010190898,-0.03924772889809103,0.03924772889809103
LRMC-SoftImpute,65,9,63,LRMC_SoftImpute_completed_p65_rep09_seed63.csv,internal:Cercopithecus_diana_KJ434958|Cercopithecus_neglectus_MW160353,internal,2,0.0175917107,0.0,-0.0175917107,0.0175917107
LRMC-SoftImpute,65,9,63,LRMC_SoftImpute_completed_p65_rep09_seed63.csv,terminal:Cercopithecus_diana_KJ434958,terminal,1,0.1093319625,0.04696563638804064,-0.062366326111959365,0.062366326111959365
LRMC-SoftImpute,65,9,63,LRMC_SoftImpute_completed_p65_rep09_seed63.csv,terminal:Cercopithecus_neglectus_MW160353,terminal,1,0.1017112524,0.04716466968824834,-0.054546582711751654,0.054546582711751654
LRMC-SoftImpute,65,10,64,LRMC_SoftImpute_completed_p65_rep10_seed64.csv,terminal:Allenopithecus_nigroviridis_KJ434962,terminal,1,0.1474140195,0.019098737049123283,-0.1283152824508767,0.1283152824508767
LRMC-SoftImpute,65,10,64,LRMC_SoftImpute_completed_p65_rep10_seed64.csv,internal:Cercocebus_atys_KT159932|Cercocebus_chrysogaster_KC757390|Cercocebus_torquatus_KJ434959,internal,3,0.1544494817,0.0,-0.1544494817,0.1544494817
LRMC-SoftImpute,65,10,64,LRMC_SoftImpute_completed_p65_rep10_seed64.csv,internal:Cercocebus_atys_KT159932|Cercocebus_torquatus_KJ434959,internal,2,0.0094381611,0.0,-0.0094381611,0.0094381611
LRMC-SoftImpute,65,10,64,LRMC_SoftImpute_completed_p65_rep10_seed64.csv,terminal:Cercocebus_atys_KT159932,terminal,1,0.0508580169,0.0,-0.0508580169,0.0508580169
LRMC-SoftImpute,65,10,64,LRMC_SoftImpute_completed_p65_rep10_seed64.csv,terminal:Cercocebus_torquatus_KJ434959,terminal,1,0.0562685839,0.025124038370990004,-0.031144545529009998,0.031144545529009998
LRMC-SoftImpute,65,10,64,LRMC_SoftImpute_completed_p65_rep10_seed64.csv,terminal:Cercocebus_chrysogaster_KC757390,terminal,1,0.0511259412,0.03591367464364513,-0.015212266556354867,0.015212266556354867
LRMC-SoftImpute,65,10,64,LRMC_SoftImpute_completed_p65_rep10_seed64.csv,internal:Allenopithecus_nigroviridis_KJ434962|Cercocebus_atys_KT159932|Cercocebus_chrysogaster_KC757390|Cercocebus_torquatus_KJ434959,internal,4,0.0346917556,0.053748443592310145,0.019056687992310146,0.019056687992310146
LRMC-SoftImpute,65,10,64,LRMC_SoftImpute_completed_p65_rep10_seed64.csv,internal:Cercopithecus_aethiops_AY863426|Chlorocebus_aethiops_C1_KU682691|Chlorocebus_aethiops_MN816163|Chlorocebus_cynosuros_C3_KU682693|Chlorocebus_cynosuros_KM262190|Chlorocebus_djamdjamensis_C5_KU682695,internal,6,0.0834758403,0.009595806044892501,-0.0738800342551075,0.0738800342551075
LRMC-SoftImpute,65,10,64,LRMC_SoftImpute_completed_p65_rep10_seed64.csv,internal:Cercopithecus_aethiops_AY863426|Chlorocebus_aethiops_C1_KU682691|Chlorocebus_aethiops_MN816163|Chlorocebus_cynosuros_C3_KU682693|Chlorocebus_cynosuros_KM262190,internal,5,0.012780756,0.003820168794392712,-0.008960587205607289,0.008960587205607289
LRMC-SoftImpute,65,10,64,LRMC_SoftImpute_completed_p65_rep10_seed64.csv,internal:Cercopithecus_aethiops_AY863426|Chlorocebus_aethiops_C1_KU682691|Chlorocebus_aethiops_MN816163,internal,3,0.0048654608,0.0,-0.0048654608,0.0048654608
LRMC-SoftImpute,65,10,64,LRMC_SoftImpute_completed_p65_rep10_seed64.csv,terminal:Cercopithecus_aethiops_AY863426,terminal,1,0.0221835236,0.03275364756362323,0.010570123963623227,0.010570123963623227
LRMC-SoftImpute,65,10,64,LRMC_SoftImpute_completed_p65_rep10_seed64.csv,internal:Chlorocebus_aethiops_C1_KU682691|Chlorocebus_aethiops_MN816163,internal,2,0.0120854426,0.0,-0.0120854426,0.0120854426
LRMC-SoftImpute,65,10,64,LRMC_SoftImpute_completed_p65_rep10_seed64.csv,terminal:Chlorocebus_aethiops_C1_KU682691,terminal,1,0.0080961876,0.027853745248970132,0.01975755764897013,0.01975755764897013
LRMC-SoftImpute,65,10,64,LRMC_SoftImpute_completed_p65_rep10_seed64.csv,terminal:Chlorocebus_aethiops_MN816163,terminal,1,0.0104642592,0.017705520388335217,0.007241261188335218,0.007241261188335218
LRMC-SoftImpute,65,10,64,LRMC_SoftImpute_completed_p65_rep10_seed64.csv,internal:Chlorocebus_cynosuros_C3_KU682693|Chlorocebus_cynosuros_KM262190,internal,2,0.0017398823,0.004366992266291525,0.0026271099662915254,0.0026271099662915254
LRMC-SoftImpute,65,10,64,LRMC_SoftImpute_completed_p65_rep10_seed64.csv,terminal:Chlorocebus_cynosuros_C3_KU682693,terminal,1,0.0241962287,0.013570678957428847,-0.010625549742571152,0.010625549742571152
LRMC-SoftImpute,65,10,64,LRMC_SoftImpute_completed_p65_rep10_seed64.csv,terminal:Chlorocebus_cynosuros_KM262190,terminal,1,0.0250691331,0.0032051404808064727,-0.02186399261919353,0.02186399261919353
LRMC-SoftImpute,65,10,64,LRMC_SoftImpute_completed_p65_rep10_seed64.csv,terminal:Chlorocebus_djamdjamensis_C5_KU682695,terminal,1,0.0319881948,0.0166101743387828,-0.015378020461217203,0.015378020461217203
LRMC-SoftImpute,65,10,64,LRMC_SoftImpute_completed_p65_rep10_seed64.csv,internal:Cercopithecus_albogularis_KC757391|Cercopithecus_diana_KJ434958|Cercopithecus_lhoesti_KJ434957|Cercopithecus_mitis_KJ434956|Cercopithecus_neglectus_MW160353,internal,5,0.0020104988,0.0,-0.0020104988,0.0020104988
LRMC-SoftImpute,65,10,64,LRMC_SoftImpute_completed_p65_rep10_seed64.csv,internal:Cercopithecus_albogularis_KC757391|Cercopithecus_lhoesti_KJ434957|Cercopithecus_mitis_KJ434956,internal,3,0.0167387771,0.0,-0.0167387771,0.0167387771
LRMC-SoftImpute,65,10,64,LRMC_SoftImpute_completed_p65_rep10_seed64.csv,internal:Cercopithecus_albogularis_KC757391|Cercopithecus_mitis_KJ434956,internal,2,0.0593605632,0.0005683888300595048,-0.0587921743699405,0.0587921743699405
LRMC-SoftImpute,65,10,64,LRMC_SoftImpute_completed_p65_rep10_seed64.csv,terminal:Cercopithecus_albogularis_KC757391,terminal,1,0.0366651729,0.036336381632341964,-0.0003287912676580365,0.0003287912676580365
LRMC-SoftImpute,65,10,64,LRMC_SoftImpute_completed_p65_rep10_seed64.csv,terminal:Cercopithecus_mitis_KJ434956,terminal,1,0.0331901409,0.046122705103837015,0.012932564203837017,0.012932564203837017
LRMC-SoftImpute,65,10,64,LRMC_SoftImpute_completed_p65_rep10_seed64.csv,terminal:Cercopithecus_lhoesti_KJ434957,terminal,1,0.096446469,0.04134574368913946,-0.05510072531086055,0.05510072531086055
LRMC-SoftImpute,65,10,64,LRMC_SoftImpute_completed_p65_rep10_seed64.csv,internal:Cercopithecus_diana_KJ434958|Cercopithecus_neglectus_MW160353,internal,2,0.0175917107,0.03963999335286528,0.022048282652865278,0.022048282652865278
LRMC-SoftImpute,65,10,64,LRMC_SoftImpute_completed_p65_rep10_seed64.csv,terminal:Cercopithecus_diana_KJ434958,terminal,1,0.1093319625,0.01288098370092942,-0.09645097879907058,0.09645097879907058
LRMC-SoftImpute,65,10,64,LRMC_SoftImpute_completed_p65_rep10_seed64.csv,terminal:Cercopithecus_neglectus_MW160353,terminal,1,0.1017112524,0.002389626400594765,-0.09932162599940522,0.09932162599940522
LRMC-SoftImpute,65,11,65,LRMC_SoftImpute_completed_p65_rep11_seed65.csv,terminal:Allenopithecus_nigroviridis_KJ434962,terminal,1,0.1474140195,0.0731269596048329,-0.0742870598951671,0.0742870598951671
LRMC-SoftImpute,65,11,65,LRMC_SoftImpute_completed_p65_rep11_seed65.csv,internal:Cercocebus_atys_KT159932|Cercocebus_chrysogaster_KC757390|Cercocebus_torquatus_KJ434959,internal,3,0.1544494817,0.013082766701460727,-0.14136671499853928,0.14136671499853928
LRMC-SoftImpute,65,11,65,LRMC_SoftImpute_completed_p65_rep11_seed65.csv,internal:Cercocebus_atys_KT159932|Cercocebus_torquatus_KJ434959,internal,2,0.0094381611,0.027745441612119028,0.01830728051211903,0.01830728051211903
LRMC-SoftImpute,65,11,65,LRMC_SoftImpute_completed_p65_rep11_seed65.csv,terminal:Cercocebus_atys_KT159932,terminal,1,0.0508580169,0.031814229039387756,-0.01904378786061224,0.01904378786061224
LRMC-SoftImpute,65,11,65,LRMC_SoftImpute_completed_p65_rep11_seed65.csv,terminal:Cercocebus_torquatus_KJ434959,terminal,1,0.0562685839,0.00661188582758649,-0.04965669807241351,0.04965669807241351
LRMC-SoftImpute,65,11,65,LRMC_SoftImpute_completed_p65_rep11_seed65.csv,terminal:Cercocebus_chrysogaster_KC757390,terminal,1,0.0511259412,0.04591154286523423,-0.005214398334765766,0.005214398334765766
LRMC-SoftImpute,65,11,65,LRMC_SoftImpute_completed_p65_rep11_seed65.csv,internal:Allenopithecus_nigroviridis_KJ434962|Cercocebus_atys_KT159932|Cercocebus_chrysogaster_KC757390|Cercocebus_torquatus_KJ434959,internal,4,0.0346917556,0.0,-0.0346917556,0.0346917556
LRMC-SoftImpute,65,11,65,LRMC_SoftImpute_completed_p65_rep11_seed65.csv,internal:Cercopithecus_aethiops_AY863426|Chlorocebus_aethiops_C1_KU682691|Chlorocebus_aethiops_MN816163|Chlorocebus_cynosuros_C3_KU682693|Chlorocebus_cynosuros_KM262190|Chlorocebus_djamdjamensis_C5_KU682695,internal,6,0.0834758403,0.02312654825295779,-0.060349292047042216,0.060349292047042216
LRMC-SoftImpute,65,11,65,LRMC_SoftImpute_completed_p65_rep11_seed65.csv,internal:Cercopithecus_aethiops_AY863426|Chlorocebus_aethiops_C1_KU682691|Chlorocebus_aethiops_MN816163|Chlorocebus_cynosuros_C3_KU682693|Chlorocebus_cynosuros_KM262190,internal,5,0.012780756,0.021330420671954307,0.008549664671954307,0.008549664671954307
LRMC-SoftImpute,65,11,65,LRMC_SoftImpute_completed_p65_rep11_seed65.csv,internal:Cercopithecus_aethiops_AY863426|Chlorocebus_aethiops_C1_KU682691|Chlorocebus_aethiops_MN816163,internal,3,0.0048654608,0.0,-0.0048654608,0.0048654608
LRMC-SoftImpute,65,11,65,LRMC_SoftImpute_completed_p65_rep11_seed65.csv,terminal:Cercopithecus_aethiops_AY863426,terminal,1,0.0221835236,0.02599678778102972,0.0038132641810297192,0.0038132641810297192
LRMC-SoftImpute,65,11,65,LRMC_SoftImpute_completed_p65_rep11_seed65.csv,internal:Chlorocebus_aethiops_C1_KU682691|Chlorocebus_aethiops_MN816163,internal,2,0.0120854426,3.688269493162879e-05,-0.012048559905068371,0.012048559905068371
LRMC-SoftImpute,65,11,65,LRMC_SoftImpute_completed_p65_rep11_seed65.csv,terminal:Chlorocebus_aethiops_C1_KU682691,terminal,1,0.0080961876,0.015687465859271017,0.007591278259271016,0.007591278259271016
LRMC-SoftImpute,65,11,65,LRMC_SoftImpute_completed_p65_rep11_seed65.csv,terminal:Chlorocebus_aethiops_MN816163,terminal,1,0.0104642592,0.015415683443642579,0.0049514242436425795,0.0049514242436425795
LRMC-SoftImpute,65,11,65,LRMC_SoftImpute_completed_p65_rep11_seed65.csv,internal:Chlorocebus_cynosuros_C3_KU682693|Chlorocebus_cynosuros_KM262190,internal,2,0.0017398823,0.0,-0.0017398823,0.0017398823
LRMC-SoftImpute,65,11,65,LRMC_SoftImpute_completed_p65_rep11_seed65.csv,terminal:Chlorocebus_cynosuros_C3_KU682693,terminal,1,0.0241962287,0.02504941885802891,0.0008531901580289096,0.0008531901580289096
LRMC-SoftImpute,65,11,65,LRMC_SoftImpute_completed_p65_rep11_seed65.csv,terminal:Chlorocebus_cynosuros_KM262190,terminal,1,0.0250691331,0.005795472519496982,-0.01927366058050302,0.01927366058050302
LRMC-SoftImpute,65,11,65,LRMC_SoftImpute_completed_p65_rep11_seed65.csv,terminal:Chlorocebus_djamdjamensis_C5_KU682695,terminal,1,0.0319881948,0.015877809438015082,-0.01611038536198492,0.01611038536198492
LRMC-SoftImpute,65,11,65,LRMC_SoftImpute_completed_p65_rep11_seed65.csv,internal:Cercopithecus_albogularis_KC757391|Cercopithecus_diana_KJ434958|Cercopithecus_lhoesti_KJ434957|Cercopithecus_mitis_KJ434956|Cercopithecus_neglectus_MW160353,internal,5,0.0020104988,0.0,-0.0020104988,0.0020104988
LRMC-SoftImpute,65,11,65,LRMC_SoftImpute_completed_p65_rep11_seed65.csv,internal:Cercopithecus_albogularis_KC757391|Cercopithecus_lhoesti_KJ434957|Cercopithecus_mitis_KJ434956,internal,3,0.0167387771,0.0,-0.0167387771,0.0167387771
LRMC-SoftImpute,65,11,65,LRMC_SoftImpute_completed_p65_rep11_seed65.csv,internal:Cercopithecus_albogularis_KC757391|Cercopithecus_mitis_KJ434956,internal,2,0.0593605632,0.004829849564650888,-0.054530713635349115,0.054530713635349115
LRMC-SoftImpute,65,11,65,LRMC_SoftImpute_completed_p65_rep11_seed65.csv,terminal:Cercopithecus_albogularis_KC757391,terminal,1,0.0366651729,0.013525361051524168,-0.023139811848475834,0.023139811848475834
LRMC-SoftImpute,65,11,65,LRMC_SoftImpute_completed_p65_rep11_seed65.csv,terminal:Cercopithecus_mitis_KJ434956,terminal,1,0.0331901409,0.04010450199537921,0.006914361095379212,0.006914361095379212
LRMC-SoftImpute,65,11,65,LRMC_SoftImpute_completed_p65_rep11_seed65.csv,terminal:Cercopithecus_lhoesti_KJ434957,terminal,1,0.096446469,0.05175441056530158,-0.04469205843469843,0.04469205843469843
LRMC-SoftImpute,65,11,65,LRMC_SoftImpute_completed_p65_rep11_seed65.csv,internal:Cercopithecus_diana_KJ434958|Cercopithecus_neglectus_MW160353,internal,2,0.0175917107,0.0,-0.0175917107,0.0175917107
LRMC-SoftImpute,65,11,65,LRMC_SoftImpute_completed_p65_rep11_seed65.csv,terminal:Cercopithecus_diana_KJ434958,terminal,1,0.1093319625,0.030316828010221404,-0.0790151344897786,0.0790151344897786
LRMC-SoftImpute,65,11,65,LRMC_SoftImpute_completed_p65_rep11_seed65.csv,terminal:Cercopithecus_neglectus_MW160353,terminal,1,0.1017112524,0.05137973140393847,-0.05033152099606152,0.05033152099606152
LRMC-SoftImpute,65,12,66,LRMC_SoftImpute_completed_p65_rep12_seed66.csv,terminal:Allenopithecus_nigroviridis_KJ434962,terminal,1,0.1474140195,0.018543894855145744,-0.12887012464485426,0.12887012464485426
LRMC-SoftImpute,65,12,66,LRMC_SoftImpute_completed_p65_rep12_seed66.csv,internal:Cercocebus_atys_KT159932|Cercocebus_chrysogaster_KC757390|Cercocebus_torquatus_KJ434959,internal,3,0.1544494817,0.001084759936267918,-0.1533647217637321,0.1533647217637321
LRMC-SoftImpute,65,12,66,LRMC_SoftImpute_completed_p65_rep12_seed66.csv,internal:Cercocebus_atys_KT159932|Cercocebus_torquatus_KJ434959,internal,2,0.0094381611,0.0,-0.0094381611,0.0094381611
LRMC-SoftImpute,65,12,66,LRMC_SoftImpute_completed_p65_rep12_seed66.csv,terminal:Cercocebus_atys_KT159932,terminal,1,0.0508580169,0.03389543581603332,-0.016962581083966678,0.016962581083966678
LRMC-SoftImpute,65,12,66,LRMC_SoftImpute_completed_p65_rep12_seed66.csv,terminal:Cercocebus_torquatus_KJ434959,terminal,1,0.0562685839,0.04078543017469542,-0.01548315372530458,0.01548315372530458
LRMC-SoftImpute,65,12,66,LRMC_SoftImpute_completed_p65_rep12_seed66.csv,terminal:Cercocebus_chrysogaster_KC757390,terminal,1,0.0511259412,0.041668369841143034,-0.009457571358856963,0.009457571358856963
LRMC-SoftImpute,65,12,66,LRMC_SoftImpute_completed_p65_rep12_seed66.csv,internal:Allenopithecus_nigroviridis_KJ434962|Cercocebus_atys_KT159932|Cercocebus_chrysogaster_KC757390|Cercocebus_torquatus_KJ434959,internal,4,0.0346917556,0.01752220301249463,-0.01716955258750537,0.01716955258750537
LRMC-SoftImpute,65,12,66,LRMC_SoftImpute_completed_p65_rep12_seed66.csv,internal:Cercopithecus_aethiops_AY863426|Chlorocebus_aethiops_C1_KU682691|Chlorocebus_aethiops_MN816163|Chlorocebus_cynosuros_C3_KU682693|Chlorocebus_cynosuros_KM262190|Chlorocebus_djamdjamensis_C5_KU682695,internal,6,0.0834758403,0.006354886233007091,-0.07712095406699292,0.07712095406699292
LRMC-SoftImpute,65,12,66,LRMC_SoftImpute_completed_p65_rep12_seed66.csv,internal:Cercopithecus_aethiops_AY863426|Chlorocebus_aethiops_C1_KU682691|Chlorocebus_aethiops_MN816163|Chlorocebus_cynosuros_C3_KU682693|Chlorocebus_cynosuros_KM262190,internal,5,0.012780756,0.011650282966366445,-0.001130473033633556,0.001130473033633556
LRMC-SoftImpute,65,12,66,LRMC_SoftImpute_completed_p65_rep12_seed66.csv,internal:Cercopithecus_aethiops_AY863426|Chlorocebus_aethiops_C1_KU682691|Chlorocebus_aethiops_MN816163,internal,3,0.0048654608,0.01257207468180861,0.007706613881808611,0.007706613881808611
LRMC-SoftImpute,65,12,66,LRMC_SoftImpute_completed_p65_rep12_seed66.csv,terminal:Cercopithecus_aethiops_AY863426,terminal,1,0.0221835236,0.030584460481248455,0.008400936881248454,0.008400936881248454
LRMC-SoftImpute,65,12,66,LRMC_SoftImpute_completed_p65_rep12_seed66.csv,internal:Chlorocebus_aethiops_C1_KU682691|Chlorocebus_aethiops_MN816163,internal,2,0.0120854426,0.0,-0.0120854426,0.0120854426
LRMC-SoftImpute,65,12,66,LRMC_SoftImpute_completed_p65_rep12_seed66.csv,terminal:Chlorocebus_aethiops_C1_KU682691,terminal,1,0.0080961876,0.012093029517979975,0.003996841917979974,0.003996841917979974
LRMC-SoftImpute,65,12,66,LRMC_SoftImpute_completed_p65_rep12_seed66.csv,terminal:Chlorocebus_aethiops_MN816163,terminal,1,0.0104642592,0.023175411052138925,0.012711151852138926,0.012711151852138926
LRMC-SoftImpute,65,12,66,LRMC_SoftImpute_completed_p65_rep12_seed66.csv,internal:Chlorocebus_cynosuros_C3_KU682693|Chlorocebus_cynosuros_KM262190,internal,2,0.0017398823,0.0,-0.0017398823,0.0017398823
LRMC-SoftImpute,65,12,66,LRMC_SoftImpute_completed_p65_rep12_seed66.csv,terminal:Chlorocebus_cynosuros_C3_KU682693,terminal,1,0.0241962287,0.013991081418394481,-0.010205147281605518,0.010205147281605518
LRMC-SoftImpute,65,12,66,LRMC_SoftImpute_completed_p65_rep12_seed66.csv,terminal:Chlorocebus_cynosuros_KM262190,terminal,1,0.0250691331,0.021291866732969292,-0.0037772663670307093,0.0037772663670307093
LRMC-SoftImpute,65,12,66,LRMC_SoftImpute_completed_p65_rep12_seed66.csv,terminal:Chlorocebus_djamdjamensis_C5_KU682695,terminal,1,0.0319881948,0.015216453738895245,-0.016771741061104756,0.016771741061104756
LRMC-SoftImpute,65,12,66,LRMC_SoftImpute_completed_p65_rep12_seed66.csv,internal:Cercopithecus_albogularis_KC757391|Cercopithecus_diana_KJ434958|Cercopithecus_lhoesti_KJ434957|Cercopithecus_mitis_KJ434956|Cercopithecus_neglectus_MW160353,internal,5,0.0020104988,0.0,-0.0020104988,0.0020104988
LRMC-SoftImpute,65,12,66,LRMC_SoftImpute_completed_p65_rep12_seed66.csv,internal:Cercopithecus_albogularis_KC757391|Cercopithecus_lhoesti_KJ434957|Cercopithecus_mitis_KJ434956,internal,3,0.0167387771,0.004763232728028321,-0.01197554437197168,0.01197554437197168
LRMC-SoftImpute,65,12,66,LRMC_SoftImpute_completed_p65_rep12_seed66.csv,internal:Cercopithecus_albogularis_KC757391|Cercopithecus_mitis_KJ434956,internal,2,0.0593605632,0.0,-0.0593605632,0.0593605632
LRMC-SoftImpute,65,12,66,LRMC_SoftImpute_completed_p65_rep12_seed66.csv,terminal:Cercopithecus_albogularis_KC757391,terminal,1,0.0366651729,0.04656080188747643,0.00989562898747643,0.00989562898747643
LRMC-SoftImpute,65,12,66,LRMC_SoftImpute_completed_p65_rep12_seed66.csv,terminal:Cercopithecus_mitis_KJ434956,terminal,1,0.0331901409,0.0498198819612889,0.0166297410612889,0.0166297410612889
LRMC-SoftImpute,65,12,66,LRMC_SoftImpute_completed_p65_rep12_seed66.csv,terminal:Cercopithecus_lhoesti_KJ434957,terminal,1,0.096446469,0.03618379703292077,-0.06026267196707924,0.06026267196707924
LRMC-SoftImpute,65,12,66,LRMC_SoftImpute_completed_p65_rep12_seed66.csv,internal:Cercopithecus_diana_KJ434958|Cercopithecus_neglectus_MW160353,internal,2,0.0175917107,0.0,-0.0175917107,0.0175917107
LRMC-SoftImpute,65,12,66,LRMC_SoftImpute_completed_p65_rep12_seed66.csv,terminal:Cercopithecus_diana_KJ434958,terminal,1,0.1093319625,0.03249276318417287,-0.07683919931582714,0.07683919931582714
LRMC-SoftImpute,65,12,66,LRMC_SoftImpute_completed_p65_rep12_seed66.csv,terminal:Cercopithecus_neglectus_MW160353,terminal,1,0.1017112524,0.0551847201002654,-0.046526532299734594,0.046526532299734594
LRMC-SoftImpute,65,13,67,LRMC_SoftImpute_completed_p65_rep13_seed67.csv,terminal:Allenopithecus_nigroviridis_KJ434962,terminal,1,0.1474140195,0.01957243797409449,-0.1278415815259055,0.1278415815259055
LRMC-SoftImpute,65,13,67,LRMC_SoftImpute_completed_p65_rep13_seed67.csv,internal:Cercocebus_atys_KT159932|Cercocebus_chrysogaster_KC757390|Cercocebus_torquatus_KJ434959,internal,3,0.1544494817,0.0,-0.1544494817,0.1544494817
LRMC-SoftImpute,65,13,67,LRMC_SoftImpute_completed_p65_rep13_seed67.csv,internal:Cercocebus_atys_KT159932|Cercocebus_torquatus_KJ434959,internal,2,0.0094381611,0.007340980846229508,-0.002097180253770492,0.002097180253770492
LRMC-SoftImpute,65,13,67,LRMC_SoftImpute_completed_p65_rep13_seed67.csv,terminal:Cercocebus_atys_KT159932,terminal,1,0.0508580169,0.01631224024845837,-0.034545776651541626,0.034545776651541626
LRMC-SoftImpute,65,13,67,LRMC_SoftImpute_completed_p65_rep13_seed67.csv,terminal:Cercocebus_torquatus_KJ434959,terminal,1,0.0562685839,0.010908981127841931,-0.04535960277215807,0.04535960277215807
LRMC-SoftImpute,65,13,67,LRMC_SoftImpute_completed_p65_rep13_seed67.csv,terminal:Cercocebus_chrysogaster_KC757390,terminal,1,0.0511259412,0.0025432506638428105,-0.048582690536157186,0.048582690536157186
LRMC-SoftImpute,65,13,67,LRMC_SoftImpute_completed_p65_rep13_seed67.csv,internal:Allenopithecus_nigroviridis_KJ434962|Cercocebus_atys_KT159932|Cercocebus_chrysogaster_KC757390|Cercocebus_torquatus_KJ434959,internal,4,0.0346917556,0.054797911976785546,0.020106156376785547,0.020106156376785547
LRMC-SoftImpute,65,13,67,LRMC_SoftImpute_completed_p65_rep13_seed67.csv,internal:Cercopithecus_aethiops_AY863426|Chlorocebus_aethiops_C1_KU682691|Chlorocebus_aethiops_MN816163|Chlorocebus_cynosuros_C3_KU682693|Chlorocebus_cynosuros_KM262190|Chlorocebus_djamdjamensis_C5_KU682695,internal,6,0.0834758403,0.02926194072155748,-0.054213899578442526,0.054213899578442526
LRMC-SoftImpute,65,13,67,LRMC_SoftImpute_completed_p65_rep13_seed67.csv,internal:Cercopithecus_aethiops_AY863426|Chlorocebus_aethiops_C1_KU682691|Chlorocebus_aethiops_MN816163|Chlorocebus_cynosuros_C3_KU682693|Chlorocebus_cynosuros_KM262190,internal,5,0.012780756,0.0015555635183227663,-0.011225192481677235,0.011225192481677235
LRMC-SoftImpute,65,13,67,LRMC_SoftImpute_completed_p65_rep13_seed67.csv,internal:Cercopithecus_aethiops_AY863426|Chlorocebus_aethiops_C1_KU682691|Chlorocebus_aethiops_MN816163,internal,3,0.0048654608,0.0014296733111496716,-0.0034357874888503283,0.0034357874888503283
LRMC-SoftImpute,65,13,67,LRMC_SoftImpute_completed_p65_rep13_seed67.csv,terminal:Cercopithecus_aethiops_AY863426,terminal,1,0.0221835236,0.01517648936882623,-0.007007034231173772,0.007007034231173772
LRMC-SoftImpute,65,13,67,LRMC_SoftImpute_completed_p65_rep13_seed67.csv,internal:Chlorocebus_aethiops_C1_KU682691|Chlorocebus_aethiops_MN816163,internal,2,0.0120854426,0.0,-0.0120854426,0.0120854426
LRMC-SoftImpute,65,13,67,LRMC_SoftImpute_completed_p65_rep13_seed67.csv,terminal:Chlorocebus_aethiops_C1_KU682691,terminal,1,0.0080961876,0.021832543960991845,0.013736356360991844,0.013736356360991844
LRMC-SoftImpute,65,13,67,LRMC_SoftImpute_completed_p65_rep13_seed67.csv,terminal:Chlorocebus_aethiops_MN816163,terminal,1,0.0104642592,0.012440035840473682,0.001975776640473683,0.001975776640473683
LRMC-SoftImpute,65,13,67,LRMC_SoftImpute_completed_p65_rep13_seed67.csv,internal:Chlorocebus_cynosuros_C3_KU682693|Chlorocebus_cynosuros_KM262190,internal,2,0.0017398823,0.0,-0.0017398823,0.0017398823
LRMC-SoftImpute,65,13,67,LRMC_SoftImpute_completed_p65_rep13_seed67.csv,terminal:Chlorocebus_cynosuros_C3_KU682693,terminal,1,0.0241962287,0.0212942350060735,-0.002901993693926498,0.002901993693926498
LRMC-SoftImpute,65,13,67,LRMC_SoftImpute_completed_p65_rep13_seed67.csv,terminal:Chlorocebus_cynosuros_KM262190,terminal,1,0.0250691331,0.012522288023782217,-0.012546845076217785,0.012546845076217785
LRMC-SoftImpute,65,13,67,LRMC_SoftImpute_completed_p65_rep13_seed67.csv,terminal:Chlorocebus_djamdjamensis_C5_KU682695,terminal,1,0.0319881948,0.026050509123722452,-0.005937685676277549,0.005937685676277549
LRMC-SoftImpute,65,13,67,LRMC_SoftImpute_completed_p65_rep13_seed67.csv,internal:Cercopithecus_albogularis_KC757391|Cercopithecus_diana_KJ434958|Cercopithecus_lhoesti_KJ434957|Cercopithecus_mitis_KJ434956|Cercopithecus_neglectus_MW160353,internal,5,0.0020104988,0.0,-0.0020104988,0.0020104988
LRMC-SoftImpute,65,13,67,LRMC_SoftImpute_completed_p65_rep13_seed67.csv,internal:Cercopithecus_albogularis_KC757391|Cercopithecus_lhoesti_KJ434957|Cercopithecus_mitis_KJ434956,internal,3,0.0167387771,0.0,-0.0167387771,0.0167387771
LRMC-SoftImpute,65,13,67,LRMC_SoftImpute_completed_p65_rep13_seed67.csv,internal:Cercopithecus_albogularis_KC757391|Cercopithecus_mitis_KJ434956,internal,2,0.0593605632,0.006490778232714193,-0.05286978496728581,0.05286978496728581
LRMC-SoftImpute,65,13,67,LRMC_SoftImpute_completed_p65_rep13_seed67.csv,terminal:Cercopithecus_albogularis_KC757391,terminal,1,0.0366651729,0.009618405074917668,-0.027046767825082335,0.027046767825082335
LRMC-SoftImpute,65,13,67,LRMC_SoftImpute_completed_p65_rep13_seed67.csv,terminal:Cercopithecus_mitis_KJ434956,terminal,1,0.0331901409,0.044011457971985746,0.010821317071985748,0.010821317071985748
LRMC-SoftImpute,65,13,67,LRMC_SoftImpute_completed_p65_rep13_seed67.csv,terminal:Cercopithecus_lhoesti_KJ434957,terminal,1,0.096446469,0.02499491906658408,-0.07145154993341593,0.07145154993341593
LRMC-SoftImpute,65,13,67,LRMC_SoftImpute_completed_p65_rep13_seed67.csv,internal:Cercopithecus_diana_KJ434958|Cercopithecus_neglectus_MW160353,internal,2,0.0175917107,0.0,-0.0175917107,0.0175917107
LRMC-SoftImpute,65,13,67,LRMC_SoftImpute_completed_p65_rep13_seed67.csv,terminal:Cercopithecus_diana_KJ434958,terminal,1,0.1093319625,0.018454165596322042,-0.09087779690367796,0.09087779690367796
LRMC-SoftImpute,65,13,67,LRMC_SoftImpute_completed_p65_rep13_seed67.csv,terminal:Cercopithecus_neglectus_MW160353,terminal,1,0.1017112524,0.04015738863389861,-0.061553863766101384,0.061553863766101384
LRMC-SoftImpute,65,14,68,LRMC_SoftImpute_completed_p65_rep14_seed68.csv,terminal:Allenopithecus_nigroviridis_KJ434962,terminal,1,0.1474140195,0.04183267582962825,-0.10558134367037175,0.10558134367037175
LRMC-SoftImpute,65,14,68,LRMC_SoftImpute_completed_p65_rep14_seed68.csv,internal:Cercocebus_atys_KT159932|Cercocebus_chrysogaster_KC757390|Cercocebus_torquatus_KJ434959,internal,3,0.1544494817,0.03681316872510358,-0.11763631297489642,0.11763631297489642
LRMC-SoftImpute,65,14,68,LRMC_SoftImpute_completed_p65_rep14_seed68.csv,internal:Cercocebus_atys_KT159932|Cercocebus_torquatus_KJ434959,internal,2,0.0094381611,0.0,-0.0094381611,0.0094381611
LRMC-SoftImpute,65,14,68,LRMC_SoftImpute_completed_p65_rep14_seed68.csv,terminal:Cercocebus_atys_KT159932,terminal,1,0.0508580169,0.012053157774498412,-0.038804859125501585,0.038804859125501585
LRMC-SoftImpute,65,14,68,LRMC_SoftImpute_completed_p65_rep14_seed68.csv,terminal:Cercocebus_torquatus_KJ434959,terminal,1,0.0562685839,0.015546291109997898,-0.040722292790002106,0.040722292790002106
LRMC-SoftImpute,65,14,68,LRMC_SoftImpute_completed_p65_rep14_seed68.csv,terminal:Cercocebus_chrysogaster_KC757390,terminal,1,0.0511259412,0.04359616934931477,-0.007529771850685228,0.007529771850685228
LRMC-SoftImpute,65,14,68,LRMC_SoftImpute_completed_p65_rep14_seed68.csv,internal:Allenopithecus_nigroviridis_KJ434962|Cercocebus_atys_KT159932|Cercocebus_chrysogaster_KC757390|Cercocebus_torquatus_KJ434959,internal,4,0.0346917556,0.0,-0.0346917556,0.0346917556
LRMC-SoftImpute,65,14,68,LRMC_SoftImpute_completed_p65_rep14_seed68.csv,internal:Cercopithecus_aethiops_AY863426|Chlorocebus_aethiops_C1_KU682691|Chlorocebus_aethiops_MN816163|Chlorocebus_cynosuros_C3_KU682693|Chlorocebus_cynosuros_KM262190|Chlorocebus_djamdjamensis_C5_KU682695,internal,6,0.0834758403,0.015091575436837881,-0.06838426486316213,0.06838426486316213
LRMC-SoftImpute,65,14,68,LRMC_SoftImpute_completed_p65_rep14_seed68.csv,internal:Cercopithecus_aethiops_AY863426|Chlorocebus_aethiops_C1_KU682691|Chlorocebus_aethiops_MN816163|Chlorocebus_cynosuros_C3_KU682693|Chlorocebus_cynosuros_KM262190,internal,5,0.012780756,0.013487460482673868,0.0007067044826738669,0.0007067044826738669
LRMC-SoftImpute,65,14,68,LRMC_SoftImpute_completed_p65_rep14_seed68.csv,internal:Cercopithecus_aethiops_AY863426|Chlorocebus_aethiops_C1_KU682691|Chlorocebus_aethiops_MN816163,internal,3,0.0048654608,0.0010271688361378753,-0.0038382919638621244,0.0038382919638621244
LRMC-SoftImpute,65,14,68,LRMC_SoftImpute_completed_p65_rep14_seed68.csv,terminal:Cercopithecus_aethiops_AY863426,terminal,1,0.0221835236,0.0154802609973272,-0.006703262602672802,0.006703262602672802
LRMC-SoftImpute,65,14,68,LRMC_SoftImpute_completed_p65_rep14_seed68.csv,internal:Chlorocebus_aethiops_C1_KU682691|Chlorocebus_aethiops_MN816163,internal,2,0.0120854426,0.011976027533058388,-0.00010941506694161184,0.00010941506694161184
LRMC-SoftImpute,65,14,68,LRMC_SoftImpute_completed_p65_rep14_seed68.csv,terminal:Chlorocebus_aethiops_C1_KU682691,terminal,1,0.0080961876,0.007656144739287382,-0.00044004286071261823,0.00044004286071261823
LRMC-SoftImpute,65,14,68,LRMC_SoftImpute_completed_p65_rep14_seed68.csv,terminal:Chlorocebus_aethiops_MN816163,terminal,1,0.0104642592,0.008516197504091026,-0.0019480616959089737,0.0019480616959089737
LRMC-SoftImpute,65,14,68,LRMC_SoftImpute_completed_p65_rep14_seed68.csv,internal:Chlorocebus_cynosuros_C3_KU682693|Chlorocebus_cynosuros_KM262190,internal,2,0.0017398823,0.0,-0.0017398823,0.0017398823
LRMC-SoftImpute,65,14,68,LRMC_SoftImpute_completed_p65_rep14_seed68.csv,terminal:Chlorocebus_cynosuros_C3_KU682693,terminal,1,0.0241962287,0.02339094242346384,-0.0008052862765361608,0.0008052862765361608
LRMC-SoftImpute,65,14,68,LRMC_SoftImpute_completed_p65_rep14_seed68.csv,terminal:Chlorocebus_cynosuros_KM262190,terminal,1,0.0250691331,0.016296373363342692,-0.00877275973665731,0.00877275973665731
LRMC-SoftImpute,65,14,68,LRMC_SoftImpute_completed_p65_rep14_seed68.csv,terminal:Chlorocebus_djamdjamensis_C5_KU682695,terminal,1,0.0319881948,0.032489936706452206,0.000501741906452205,0.000501741906452205
LRMC-SoftImpute,65,14,68,LRMC_SoftImpute_completed_p65_rep14_seed68.csv,internal:Cercopithecus_albogularis_KC757391|Cercopithecus_diana_KJ434958|Cercopithecus_lhoesti_KJ434957|Cercopithecus_mitis_KJ434956|Cercopithecus_neglectus_MW160353,internal,5,0.0020104988,0.0,-0.0020104988,0.0020104988
LRMC-SoftImpute,65,14,68,LRMC_SoftImpute_completed_p65_rep14_seed68.csv,internal:Cercopithecus_albogularis_KC757391|Cercopithecus_lhoesti_KJ434957|Cercopithecus_mitis_KJ434956,internal,3,0.0167387771,0.0,-0.0167387771,0.0167387771
LRMC-SoftImpute,65,14,68,LRMC_SoftImpute_completed_p65_rep14_seed68.csv,internal:Cercopithecus_albogularis_KC757391|Cercopithecus_mitis_KJ434956,internal,2,0.0593605632,0.02899257620128786,-0.03036798699871214,0.03036798699871214
LRMC-SoftImpute,65,14,68,LRMC_SoftImpute_completed_p65_rep14_seed68.csv,terminal:Cercopithecus_albogularis_KC757391,terminal,1,0.0366651729,0.020984239584702337,-0.015680933315297664,0.015680933315297664
LRMC-SoftImpute,65,14,68,LRMC_SoftImpute_completed_p65_rep14_seed68.csv,terminal:Cercopithecus_mitis_KJ434956,terminal,1,0.0331901409,0.011688862552593805,-0.021501278347406193,0.021501278347406193
LRMC-SoftImpute,65,14,68,LRMC_SoftImpute_completed_p65_rep14_seed68.csv,terminal:Cercopithecus_lhoesti_KJ434957,terminal,1,0.096446469,0.04263208465339829,-0.05381438434660172,0.05381438434660172
LRMC-SoftImpute,65,14,68,LRMC_SoftImpute_completed_p65_rep14_seed68.csv,internal:Cercopithecus_diana_KJ434958|Cercopithecus_neglectus_MW160353,internal,2,0.0175917107,0.007814067247231314,-0.009777643452768684,0.009777643452768684
LRMC-SoftImpute,65,14,68,LRMC_SoftImpute_completed_p65_rep14_seed68.csv,terminal:Cercopithecus_diana_KJ434958,terminal,1,0.1093319625,0.029859754977409114,-0.07947220752259089,0.07947220752259089
LRMC-SoftImpute,65,14,68,LRMC_SoftImpute_completed_p65_rep14_seed68.csv,terminal:Cercopithecus_neglectus_MW160353,terminal,1,0.1017112524,0.0487161705925243,-0.0529950818074757,0.0529950818074757
LRMC-SoftImpute,65,15,69,LRMC_SoftImpute_completed_p65_rep15_seed69.csv,terminal:Allenopithecus_nigroviridis_KJ434962,terminal,1,0.1474140195,0.030459940154349788,-0.1169540793456502,0.1169540793456502
LRMC-SoftImpute,65,15,69,LRMC_SoftImpute_completed_p65_rep15_seed69.csv,internal:Cercocebus_atys_KT159932|Cercocebus_chrysogaster_KC757390|Cercocebus_torquatus_KJ434959,internal,3,0.1544494817,0.009845034432478738,-0.14460444726752125,0.14460444726752125
LRMC-SoftImpute,65,15,69,LRMC_SoftImpute_completed_p65_rep15_seed69.csv,internal:Cercocebus_atys_KT159932|Cercocebus_torquatus_KJ434959,internal,2,0.0094381611,0.0,-0.0094381611,0.0094381611
LRMC-SoftImpute,65,15,69,LRMC_SoftImpute_completed_p65_rep15_seed69.csv,terminal:Cercocebus_atys_KT159932,terminal,1,0.0508580169,0.02458309563511722,-0.02627492126488278,0.02627492126488278
LRMC-SoftImpute,65,15,69,LRMC_SoftImpute_completed_p65_rep15_seed69.csv,terminal:Cercocebus_torquatus_KJ434959,terminal,1,0.0562685839,0.05525511004142106,-0.001013473858578945,0.001013473858578945
LRMC-SoftImpute,65,15,69,LRMC_SoftImpute_completed_p65_rep15_seed69.csv,terminal:Cercocebus_chrysogaster_KC757390,terminal,1,0.0511259412,0.05029141948591517,-0.0008345217140848238,0.0008345217140848238
LRMC-SoftImpute,65,15,69,LRMC_SoftImpute_completed_p65_rep15_seed69.csv,internal:Allenopithecus_nigroviridis_KJ434962|Cercocebus_atys_KT159932|Cercocebus_chrysogaster_KC757390|Cercocebus_torquatus_KJ434959,internal,4,0.0346917556,0.00023469950791902167,-0.034457056092080975,0.034457056092080975
LRMC-SoftImpute,65,15,69,LRMC_SoftImpute_completed_p65_rep15_seed69.csv,internal:Cercopithecus_aethiops_AY863426|Chlorocebus_aethiops_C1_KU682691|Chlorocebus_aethiops_MN816163|Chlorocebus_cynosuros_C3_KU682693|Chlorocebus_cynosuros_KM262190|Chlorocebus_djamdjamensis_C5_KU682695,internal,6,0.0834758403,0.0,-0.0834758403,0.0834758403
LRMC-SoftImpute,65,15,69,LRMC_SoftImpute_completed_p65_rep15_seed69.csv,internal:Cercopithecus_aethiops_AY863426|Chlorocebus_aethiops_C1_KU682691|Chlorocebus_aethiops_MN816163|Chlorocebus_cynosuros_C3_KU682693|Chlorocebus_cynosuros_KM262190,internal,5,0.012780756,0.011019159751272703,-0.0017615962487272981,0.0017615962487272981
LRMC-SoftImpute,65,15,69,LRMC_SoftImpute_completed_p65_rep15_seed69.csv,internal:Cercopithecus_aethiops_AY863426|Chlorocebus_aethiops_C1_KU682691|Chlorocebus_aethiops_MN816163,internal,3,0.0048654608,0.0,-0.0048654608,0.0048654608
LRMC-SoftImpute,65,15,69,LRMC_SoftImpute_completed_p65_rep15_seed69.csv,terminal:Cercopithecus_aethiops_AY863426,terminal,1,0.0221835236,0.01870000416699165,-0.0034835194330083523,0.0034835194330083523
LRMC-SoftImpute,65,15,69,LRMC_SoftImpute_completed_p65_rep15_seed69.csv,internal:Chlorocebus_aethiops_C1_KU682691|Chlorocebus_aethiops_MN816163,internal,2,0.0120854426,0.0,-0.0120854426,0.0120854426
LRMC-SoftImpute,65,15,69,LRMC_SoftImpute_completed_p65_rep15_seed69.csv,terminal:Chlorocebus_aethiops_C1_KU682691,terminal,1,0.0080961876,0.028351889991230967,0.020255702391230965,0.020255702391230965
LRMC-SoftImpute,65,15,69,LRMC_SoftImpute_completed_p65_rep15_seed69.csv,terminal:Chlorocebus_aethiops_MN816163,terminal,1,0.0104642592,0.04286458153494525,0.03240032233494525,0.03240032233494525
LRMC-SoftImpute,65,15,69,LRMC_SoftImpute_completed_p65_rep15_seed69.csv,internal:Chlorocebus_cynosuros_C3_KU682693|Chlorocebus_cynosuros_KM262190,internal,2,0.0017398823,0.016424280222831926,0.014684397922831926,0.014684397922831926
LRMC-SoftImpute,65,15,69,LRMC_SoftImpute_completed_p65_rep15_seed69.csv,terminal:Chlorocebus_cynosuros_C3_KU682693,terminal,1,0.0241962287,0.02110616056897045,-0.0030900681310295497,0.0030900681310295497
LRMC-SoftImpute,65,15,69,LRMC_SoftImpute_completed_p65_rep15_seed69.csv,terminal:Chlorocebus_cynosuros_KM262190,terminal,1,0.0250691331,0.017386122527629215,-0.007683010572370787,0.007683010572370787
LRMC-SoftImpute,65,15,69,LRMC_SoftImpute_completed_p65_rep15_seed69.csv,terminal:Chlorocebus_djamdjamensis_C5_KU682695,terminal,1,0.0319881948,0.001231450475764045,-0.030756744324235957,0.030756744324235957
LRMC-SoftImpute,65,15,69,LRMC_SoftImpute_completed_p65_rep15_seed69.csv,internal:Cercopithecus_albogularis_KC757391|Cercopithecus_diana_KJ434958|Cercopithecus_lhoesti_KJ434957|Cercopithecus_mitis_KJ434956|Cercopithecus_neglectus_MW160353,internal,5,0.0020104988,0.0,-0.0020104988,0.0020104988
LRMC-SoftImpute,65,15,69,LRMC_SoftImpute_completed_p65_rep15_seed69.csv,internal:Cercopithecus_albogularis_KC757391|Cercopithecus_lhoesti_KJ434957|Cercopithecus_mitis_KJ434956,internal,3,0.0167387771,0.0,-0.0167387771,0.0167387771
LRMC-SoftImpute,65,15,69,LRMC_SoftImpute_completed_p65_rep15_seed69.csv,internal:Cercopithecus_albogularis_KC757391|Cercopithecus_mitis_KJ434956,internal,2,0.0593605632,0.0,-0.0593605632,0.0593605632
LRMC-SoftImpute,65,15,69,LRMC_SoftImpute_completed_p65_rep15_seed69.csv,terminal:Cercopithecus_albogularis_KC757391,terminal,1,0.0366651729,0.038769537692464745,0.002104364792464744,0.002104364792464744
LRMC-SoftImpute,65,15,69,LRMC_SoftImpute_completed_p65_rep15_seed69.csv,terminal:Cercopithecus_mitis_KJ434956,terminal,1,0.0331901409,0.03234965048755786,-0.0008404904124421353,0.0008404904124421353
LRMC-SoftImpute,65,15,69,LRMC_SoftImpute_completed_p65_rep15_seed69.csv,terminal:Cercopithecus_lhoesti_KJ434957,terminal,1,0.096446469,0.06995458113349308,-0.026491887866506927,0.026491887866506927
LRMC-SoftImpute,65,15,69,LRMC_SoftImpute_completed_p65_rep15_seed69.csv,internal:Cercopithecus_diana_KJ434958|Cercopithecus_neglectus_MW160353,internal,2,0.0175917107,0.0005116994410419031,-0.017080011258958097,0.017080011258958097
LRMC-SoftImpute,65,15,69,LRMC_SoftImpute_completed_p65_rep15_seed69.csv,terminal:Cercopithecus_diana_KJ434958,terminal,1,0.1093319625,0.03130838087630403,-0.07802358162369596,0.07802358162369596
LRMC-SoftImpute,65,15,69,LRMC_SoftImpute_completed_p65_rep15_seed69.csv,terminal:Cercopithecus_neglectus_MW160353,terminal,1,0.1017112524,0.07065813805933965,-0.03105311434066034,0.03105311434066034
LRMC-SoftImpute,65,16,70,LRMC_SoftImpute_completed_p65_rep16_seed70.csv,terminal:Allenopithecus_nigroviridis_KJ434962,terminal,1,0.1474140195,0.07141628234024572,-0.07599773715975428,0.07599773715975428
LRMC-SoftImpute,65,16,70,LRMC_SoftImpute_completed_p65_rep16_seed70.csv,internal:Cercocebus_atys_KT159932|Cercocebus_chrysogaster_KC757390|Cercocebus_torquatus_KJ434959,internal,3,0.1544494817,0.05078603758438411,-0.1036634441156159,0.1036634441156159
LRMC-SoftImpute,65,16,70,LRMC_SoftImpute_completed_p65_rep16_seed70.csv,internal:Cercocebus_atys_KT159932|Cercocebus_torquatus_KJ434959,internal,2,0.0094381611,0.006019114089604333,-0.0034190470103956667,0.0034190470103956667
LRMC-SoftImpute,65,16,70,LRMC_SoftImpute_completed_p65_rep16_seed70.csv,terminal:Cercocebus_atys_KT159932,terminal,1,0.0508580169,0.007128062265271101,-0.043729954634728896,0.043729954634728896
LRMC-SoftImpute,65,16,70,LRMC_SoftImpute_completed_p65_rep16_seed70.csv,terminal:Cercocebus_torquatus_KJ434959,terminal,1,0.0562685839,0.0009760956172818422,-0.05529248828271816,0.05529248828271816
LRMC-SoftImpute,65,16,70,LRMC_SoftImpute_completed_p65_rep16_seed70.csv,terminal:Cercocebus_chrysogaster_KC757390,terminal,1,0.0511259412,0.021709898149797083,-0.029416043050202914,0.029416043050202914
LRMC-SoftImpute,65,16,70,LRMC_SoftImpute_completed_p65_rep16_seed70.csv,internal:Allenopithecus_nigroviridis_KJ434962|Cercocebus_atys_KT159932|Cercocebus_chrysogaster_KC757390|Cercocebus_torquatus_KJ434959,internal,4,0.0346917556,0.0,-0.0346917556,0.0346917556
LRMC-SoftImpute,65,16,70,LRMC_SoftImpute_completed_p65_rep16_seed70.csv,internal:Cercopithecus_aethiops_AY863426|Chlorocebus_aethiops_C1_KU682691|Chlorocebus_aethiops_MN816163|Chlorocebus_cynosuros_C3_KU682693|Chlorocebus_cynosuros_KM262190|Chlorocebus_djamdjamensis_C5_KU682695,internal,6,0.0834758403,0.027107513233493096,-0.05636832706650691,0.05636832706650691
LRMC-SoftImpute,65,16,70,LRMC_SoftImpute_completed_p65_rep16_seed70.csv,internal:Cercopithecus_aethiops_AY863426|Chlorocebus_aethiops_C1_KU682691|Chlorocebus_aethiops_MN816163|Chlorocebus_cynosuros_C3_KU682693|Chlorocebus_cynosuros_KM262190,internal,5,0.012780756,0.0,-0.012780756,0.012780756
LRMC-SoftImpute,65,16,70,LRMC_SoftImpute_completed_p65_rep16_seed70.csv,internal:Cercopithecus_aethiops_AY863426|Chlorocebus_aethiops_C1_KU682691|Chlorocebus_aethiops_MN816163,internal,3,0.0048654608,0.006908433709350245,0.002042972909350245,0.002042972909350245
LRMC-SoftImpute,65,16,70,LRMC_SoftImpute_completed_p65_rep16_seed70.csv,terminal:Cercopithecus_aethiops_AY863426,terminal,1,0.0221835236,0.009267862268053867,-0.012915661331946134,0.012915661331946134
LRMC-SoftImpute,65,16,70,LRMC_SoftImpute_completed_p65_rep16_seed70.csv,internal:Chlorocebus_aethiops_C1_KU682691|Chlorocebus_aethiops_MN816163,internal,2,0.0120854426,0.0031327054572489227,-0.008952737142751077,0.008952737142751077
LRMC-SoftImpute,65,16,70,LRMC_SoftImpute_completed_p65_rep16_seed70.csv,terminal:Chlorocebus_aethiops_C1_KU682691,terminal,1,0.0080961876,0.013649966155427622,0.005553778555427621,0.005553778555427621
LRMC-SoftImpute,65,16,70,LRMC_SoftImpute_completed_p65_rep16_seed70.csv,terminal:Chlorocebus_aethiops_MN816163,terminal,1,0.0104642592,0.01669620853915263,0.00623194933915263,0.00623194933915263
LRMC-SoftImpute,65,16,70,LRMC_SoftImpute_completed_p65_rep16_seed70.csv,internal:Chlorocebus_cynosuros_C3_KU682693|Chlorocebus_cynosuros_KM262190,internal,2,0.0017398823,0.0,-0.0017398823,0.0017398823
LRMC-SoftImpute,65,16,70,LRMC_SoftImpute_completed_p65_rep16_seed70.csv,terminal:Chlorocebus_cynosuros_C3_KU682693,terminal,1,0.0241962287,0.0,-0.0241962287,0.0241962287
LRMC-SoftImpute,65,16,70,LRMC_SoftImpute_completed_p65_rep16_seed70.csv,terminal:Chlorocebus_cynosuros_KM262190,terminal,1,0.0250691331,0.03694202055226566,0.011872887452265661,0.011872887452265661
LRMC-SoftImpute,65,16,70,LRMC_SoftImpute_completed_p65_rep16_seed70.csv,terminal:Chlorocebus_djamdjamensis_C5_KU682695,terminal,1,0.0319881948,0.032509196799860626,0.000521001999860625,0.000521001999860625
LRMC-SoftImpute,65,16,70,LRMC_SoftImpute_completed_p65_rep16_seed70.csv,internal:Cercopithecus_albogularis_KC757391|Cercopithecus_diana_KJ434958|Cercopithecus_lhoesti_KJ434957|Cercopithecus_mitis_KJ434956|Cercopithecus_neglectus_MW160353,internal,5,0.0020104988,0.004098988689034128,0.002088489889034128,0.002088489889034128
LRMC-SoftImpute,65,16,70,LRMC_SoftImpute_completed_p65_rep16_seed70.csv,internal:Cercopithecus_albogularis_KC757391|Cercopithecus_lhoesti_KJ434957|Cercopithecus_mitis_KJ434956,internal,3,0.0167387771,0.0018728671439780795,-0.014865909956021921,0.014865909956021921
LRMC-SoftImpute,65,16,70,LRMC_SoftImpute_completed_p65_rep16_seed70.csv,internal:Cercopithecus_albogularis_KC757391|Cercopithecus_mitis_KJ434956,internal,2,0.0593605632,0.0,-0.0593605632,0.0593605632
LRMC-SoftImpute,65,16,70,LRMC_SoftImpute_completed_p65_rep16_seed70.csv,terminal:Cercopithecus_albogularis_KC757391,terminal,1,0.0366651729,0.051206812655875726,0.014541639755875725,0.014541639755875725
LRMC-SoftImpute,65,16,70,LRMC_SoftImpute_completed_p65_rep16_seed70.csv,terminal:Cercopithecus_mitis_KJ434956,terminal,1,0.0331901409,0.019549398936236393,-0.013640741963763605,0.013640741963763605
LRMC-SoftImpute,65,16,70,LRMC_SoftImpute_completed_p65_rep16_seed70.csv,terminal:Cercopithecus_lhoesti_KJ434957,terminal,1,0.096446469,0.04921554082075768,-0.04723092817924233,0.04723092817924233
LRMC-SoftImpute,65,16,70,LRMC_SoftImpute_completed_p65_rep16_seed70.csv,internal:Cercopithecus_diana_KJ434958|Cercopithecus_neglectus_MW160353,internal,2,0.0175917107,0.0,-0.0175917107,0.0175917107
LRMC-SoftImpute,65,16,70,LRMC_SoftImpute_completed_p65_rep16_seed70.csv,terminal:Cercopithecus_diana_KJ434958,terminal,1,0.1093319625,0.046757097729356344,-0.06257486477064367,0.06257486477064367
LRMC-SoftImpute,65,16,70,LRMC_SoftImpute_completed_p65_rep16_seed70.csv,terminal:Cercopithecus_neglectus_MW160353,terminal,1,0.1017112524,0.01998051799532878,-0.08173073440467121,0.08173073440467121
LRMC-SoftImpute,65,17,71,LRMC_SoftImpute_completed_p65_rep17_seed71.csv,terminal:Allenopithecus_nigroviridis_KJ434962,terminal,1,0.1474140195,0.03974773130992749,-0.10766628819007251,0.10766628819007251
LRMC-SoftImpute,65,17,71,LRMC_SoftImpute_completed_p65_rep17_seed71.csv,internal:Cercocebus_atys_KT159932|Cercocebus_chrysogaster_KC757390|Cercocebus_torquatus_KJ434959,internal,3,0.1544494817,0.002009597905903078,-0.15243988379409693,0.15243988379409693
LRMC-SoftImpute,65,17,71,LRMC_SoftImpute_completed_p65_rep17_seed71.csv,internal:Cercocebus_atys_KT159932|Cercocebus_torquatus_KJ434959,internal,2,0.0094381611,0.0,-0.0094381611,0.0094381611
LRMC-SoftImpute,65,17,71,LRMC_SoftImpute_completed_p65_rep17_seed71.csv,terminal:Cercocebus_atys_KT159932,terminal,1,0.0508580169,0.03755925325064662,-0.013298763649353375,0.013298763649353375
LRMC-SoftImpute,65,17,71,LRMC_SoftImpute_completed_p65_rep17_seed71.csv,terminal:Cercocebus_torquatus_KJ434959,terminal,1,0.0562685839,0.058924442648787136,0.0026558587487871335,0.0026558587487871335
LRMC-SoftImpute,65,17,71,LRMC_SoftImpute_completed_p65_rep17_seed71.csv,terminal:Cercocebus_chrysogaster_KC757390,terminal,1,0.0511259412,0.047124902730316116,-0.0040010384696838805,0.0040010384696838805
LRMC-SoftImpute,65,17,71,LRMC_SoftImpute_completed_p65_rep17_seed71.csv,internal:Allenopithecus_nigroviridis_KJ434962|Cercocebus_atys_KT159932|Cercocebus_chrysogaster_KC757390|Cercocebus_torquatus_KJ434959,internal,4,0.0346917556,0.03471109162416089,1.9336024160890308e-05,1.9336024160890308e-05
LRMC-SoftImpute,65,17,71,LRMC_SoftImpute_completed_p65_rep17_seed71.csv,internal:Cercopithecus_aethiops_AY863426|Chlorocebus_aethiops_C1_KU682691|Chlorocebus_aethiops_MN816163|Chlorocebus_cynosuros_C3_KU682693|Chlorocebus_cynosuros_KM262190|Chlorocebus_djamdjamensis_C5_KU682695,internal,6,0.0834758403,0.009852860161409837,-0.07362298013859017,0.07362298013859017
LRMC-SoftImpute,65,17,71,LRMC_SoftImpute_completed_p65_rep17_seed71.csv,internal:Cercopithecus_aethiops_AY863426|Chlorocebus_aethiops_C1_KU682691|Chlorocebus_aethiops_MN816163|Chlorocebus_cynosuros_C3_KU682693|Chlorocebus_cynosuros_KM262190,internal,5,0.012780756,0.0,-0.012780756,0.012780756
LRMC-SoftImpute,65,17,71,LRMC_SoftImpute_completed_p65_rep17_seed71.csv,internal:Cercopithecus_aethiops_AY863426|Chlorocebus_aethiops_C1_KU682691|Chlorocebus_aethiops_MN816163,internal,3,0.0048654608,0.0058281350717656515,0.0009626742717656518,0.0009626742717656518
LRMC-SoftImpute,65,17,71,LRMC_SoftImpute_completed_p65_rep17_seed71.csv,terminal:Cercopithecus_aethiops_AY863426,terminal,1,0.0221835236,0.022329044503840993,0.0001455209038409913,0.0001455209038409913
LRMC-SoftImpute,65,17,71,LRMC_SoftImpute_completed_p65_rep17_seed71.csv,internal:Chlorocebus_aethiops_C1_KU682691|Chlorocebus_aethiops_MN816163,internal,2,0.0120854426,0.0,-0.0120854426,0.0120854426
LRMC-SoftImpute,65,17,71,LRMC_SoftImpute_completed_p65_rep17_seed71.csv,terminal:Chlorocebus_aethiops_C1_KU682691,terminal,1,0.0080961876,0.024969347083104276,0.016873159483104277,0.016873159483104277
LRMC-SoftImpute,65,17,71,LRMC_SoftImpute_completed_p65_rep17_seed71.csv,terminal:Chlorocebus_aethiops_MN816163,terminal,1,0.0104642592,0.0018226735548102166,-0.008641585645189782,0.008641585645189782
LRMC-SoftImpute,65,17,71,LRMC_SoftImpute_completed_p65_rep17_seed71.csv,internal:Chlorocebus_cynosuros_C3_KU682693|Chlorocebus_cynosuros_KM262190,internal,2,0.0017398823,0.006092608817992713,0.004352726517992712,0.004352726517992712
LRMC-SoftImpute,65,17,71,LRMC_SoftImpute_completed_p65_rep17_seed71.csv,terminal:Chlorocebus_cynosuros_C3_KU682693,terminal,1,0.0241962287,0.004633231490597076,-0.019562997209402924,0.019562997209402924
LRMC-SoftImpute,65,17,71,LRMC_SoftImpute_completed_p65_rep17_seed71.csv,terminal:Chlorocebus_cynosuros_KM262190,terminal,1,0.0250691331,0.022211804769381043,-0.0028573283306189586,0.0028573283306189586
LRMC-SoftImpute,65,17,71,LRMC_SoftImpute_completed_p65_rep17_seed71.csv,terminal:Chlorocebus_djamdjamensis_C5_KU682695,terminal,1,0.0319881948,0.027810377918822616,-0.004177816881177385,0.004177816881177385
LRMC-SoftImpute,65,17,71,LRMC_SoftImpute_completed_p65_rep17_seed71.csv,internal:Cercopithecus_albogularis_KC757391|Cercopithecus_diana_KJ434958|Cercopithecus_lhoesti_KJ434957|Cercopithecus_mitis_KJ434956|Cercopithecus_neglectus_MW160353,internal,5,0.0020104988,0.0,-0.0020104988,0.0020104988
LRMC-SoftImpute,65,17,71,LRMC_SoftImpute_completed_p65_rep17_seed71.csv,internal:Cercopithecus_albogularis_KC757391|Cercopithecus_lhoesti_KJ434957|Cercopithecus_mitis_KJ434956,internal,3,0.0167387771,0.00846561897442394,-0.008273158125576061,0.008273158125576061
LRMC-SoftImpute,65,17,71,LRMC_SoftImpute_completed_p65_rep17_seed71.csv,internal:Cercopithecus_albogularis_KC757391|Cercopithecus_mitis_KJ434956,internal,2,0.0593605632,0.0042309504618723605,-0.05512961273812764,0.05512961273812764
LRMC-SoftImpute,65,17,71,LRMC_SoftImpute_completed_p65_rep17_seed71.csv,terminal:Cercopithecus_albogularis_KC757391,terminal,1,0.0366651729,0.0198862166037838,-0.016778956296216202,0.016778956296216202
LRMC-SoftImpute,65,17,71,LRMC_SoftImpute_completed_p65_rep17_seed71.csv,terminal:Cercopithecus_mitis_KJ434956,terminal,1,0.0331901409,0.033743646443119585,0.0005535055431195868,0.0005535055431195868
LRMC-SoftImpute,65,17,71,LRMC_SoftImpute_completed_p65_rep17_seed71.csv,terminal:Cercopithecus_lhoesti_KJ434957,terminal,1,0.096446469,0.008930339235634834,-0.08751612976436518,0.08751612976436518
LRMC-SoftImpute,65,17,71,LRMC_SoftImpute_completed_p65_rep17_seed71.csv,internal:Cercopithecus_diana_KJ434958|Cercopithecus_neglectus_MW160353,internal,2,0.0175917107,0.030587050539493923,0.012995339839493924,0.012995339839493924
LRMC-SoftImpute,65,17,71,LRMC_SoftImpute_completed_p65_rep17_seed71.csv,terminal:Cercopithecus_diana_KJ434958,terminal,1,0.1093319625,0.020981024138066604,-0.0883509383619334,0.0883509383619334
LRMC-SoftImpute,65,17,71,LRMC_SoftImpute_completed_p65_rep17_seed71.csv,terminal:Cercopithecus_neglectus_MW160353,terminal,1,0.1017112524,0.02836572569063599,-0.073345526709364,0.073345526709364
LRMC-SoftImpute,65,18,72,LRMC_SoftImpute_completed_p65_rep18_seed72.csv,terminal:Allenopithecus_nigroviridis_KJ434962,terminal,1,0.1474140195,0.05020494959009988,-0.09720906990990011,0.09720906990990011
LRMC-SoftImpute,65,18,72,LRMC_SoftImpute_completed_p65_rep18_seed72.csv,internal:Cercocebus_atys_KT159932|Cercocebus_chrysogaster_KC757390|Cercocebus_torquatus_KJ434959,internal,3,0.1544494817,0.014879355706128534,-0.13957012599387147,0.13957012599387147
LRMC-SoftImpute,65,18,72,LRMC_SoftImpute_completed_p65_rep18_seed72.csv,internal:Cercocebus_atys_KT159932|Cercocebus_torquatus_KJ434959,internal,2,0.0094381611,0.023186229036529997,0.013748067936529997,0.013748067936529997
LRMC-SoftImpute,65,18,72,LRMC_SoftImpute_completed_p65_rep18_seed72.csv,terminal:Cercocebus_atys_KT159932,terminal,1,0.0508580169,0.028243182282711506,-0.02261483461728849,0.02261483461728849
LRMC-SoftImpute,65,18,72,LRMC_SoftImpute_completed_p65_rep18_seed72.csv,terminal:Cercocebus_torquatus_KJ434959,terminal,1,0.0562685839,0.027061590956268002,-0.029206992943732,0.029206992943732
LRMC-SoftImpute,65,18,72,LRMC_SoftImpute_completed_p65_rep18_seed72.csv,terminal:Cercocebus_chrysogaster_KC757390,terminal,1,0.0511259412,0.0348699302547909,-0.0162560109452091,0.0162560109452091
LRMC-SoftImpute,65,18,72,LRMC_SoftImpute_completed_p65_rep18_seed72.csv,internal:Allenopithecus_nigroviridis_KJ434962|Cercocebus_atys_KT159932|Cercocebus_chrysogaster_KC757390|Cercocebus_torquatus_KJ434959,internal,4,0.0346917556,0.002653026524309241,-0.03203872907569076,0.03203872907569076
LRMC-SoftImpute,65,18,72,LRMC_SoftImpute_completed_p65_rep18_seed72.csv,internal:Cercopithecus_aethiops_AY863426|Chlorocebus_aethiops_C1_KU682691|Chlorocebus_aethiops_MN816163|Chlorocebus_cynosuros_C3_KU682693|Chlorocebus_cynosuros_KM262190|Chlorocebus_djamdjamensis_C5_KU682695,internal,6,0.0834758403,0.01931431653039752,-0.06416152376960249,0.06416152376960249
LRMC-SoftImpute,65,18,72,LRMC_SoftImpute_completed_p65_rep18_seed72.csv,internal:Cercopithecus_aethiops_AY863426|Chlorocebus_aethiops_C1_KU682691|Chlorocebus_aethiops_MN816163|Chlorocebus_cynosuros_C3_KU682693|Chlorocebus_cynosuros_KM262190,internal,5,0.012780756,0.0041657302832979765,-0.008615025716702024,0.008615025716702024
LRMC-SoftImpute,65,18,72,LRMC_SoftImpute_completed_p65_rep18_seed72.csv,internal:Cercopithecus_aethiops_AY863426|Chlorocebus_aethiops_C1_KU682691|Chlorocebus_aethiops_MN816163,internal,3,0.0048654608,0.006126223395017922,0.0012607625950179224,0.0012607625950179224
LRMC-SoftImpute,65,18,72,LRMC_SoftImpute_completed_p65_rep18_seed72.csv,terminal:Cercopithecus_aethiops_AY863426,terminal,1,0.0221835236,0.013891658395783765,-0.008291865204216237,0.008291865204216237
LRMC-SoftImpute,65,18,72,LRMC_SoftImpute_completed_p65_rep18_seed72.csv,internal:Chlorocebus_aethiops_C1_KU682691|Chlorocebus_aethiops_MN816163,internal,2,0.0120854426,0.0,-0.0120854426,0.0120854426
LRMC-SoftImpute,65,18,72,LRMC_SoftImpute_completed_p65_rep18_seed72.csv,terminal:Chlorocebus_aethiops_C1_KU682691,terminal,1,0.0080961876,0.025963564453509443,0.01786737685350944,0.01786737685350944
LRMC-SoftImpute,65,18,72,LRMC_SoftImpute_completed_p65_rep18_seed72.csv,terminal:Chlorocebus_aethiops_MN816163,terminal,1,0.0104642592,0.0,-0.0104642592,0.0104642592
LRMC-SoftImpute,65,18,72,LRMC_SoftImpute_completed_p65_rep18_seed72.csv,internal:Chlorocebus_cynosuros_C3_KU682693|Chlorocebus_cynosuros_KM262190,internal,2,0.0017398823,0.001827271046444451,8.738874644445105e-05,8.738874644445105e-05
LRMC-SoftImpute,65,18,72,LRMC_SoftImpute_completed_p65_rep18_seed72.csv,terminal:Chlorocebus_cynosuros_C3_KU682693,terminal,1,0.0241962287,0.02271360943319741,-0.001482619266802588,0.001482619266802588
LRMC-SoftImpute,65,18,72,LRMC_SoftImpute_completed_p65_rep18_seed72.csv,terminal:Chlorocebus_cynosuros_KM262190,terminal,1,0.0250691331,0.015778673663402187,-0.009290459436597814,0.009290459436597814
LRMC-SoftImpute,65,18,72,LRMC_SoftImpute_completed_p65_rep18_seed72.csv,terminal:Chlorocebus_djamdjamensis_C5_KU682695,terminal,1,0.0319881948,0.024620507990899047,-0.007367686809100955,0.007367686809100955
LRMC-SoftImpute,65,18,72,LRMC_SoftImpute_completed_p65_rep18_seed72.csv,internal:Cercopithecus_albogularis_KC757391|Cercopithecus_diana_KJ434958|Cercopithecus_lhoesti_KJ434957|Cercopithecus_mitis_KJ434956|Cercopithecus_neglectus_MW160353,internal,5,0.0020104988,0.007644084719952037,0.005633585919952036,0.005633585919952036
LRMC-SoftImpute,65,18,72,LRMC_SoftImpute_completed_p65_rep18_seed72.csv,internal:Cercopithecus_albogularis_KC757391|Cercopithecus_lhoesti_KJ434957|Cercopithecus_mitis_KJ434956,internal,3,0.0167387771,0.0,-0.0167387771,0.0167387771
LRMC-SoftImpute,65,18,72,LRMC_SoftImpute_completed_p65_rep18_seed72.csv,internal:Cercopithecus_albogularis_KC757391|Cercopithecus_mitis_KJ434956,internal,2,0.0593605632,0.0,-0.0593605632,0.0593605632
LRMC-SoftImpute,65,18,72,LRMC_SoftImpute_completed_p65_rep18_seed72.csv,terminal:Cercopithecus_albogularis_KC757391,terminal,1,0.0366651729,0.02892870884256736,-0.00773646405743264,0.00773646405743264
LRMC-SoftImpute,65,18,72,LRMC_SoftImpute_completed_p65_rep18_seed72.csv,terminal:Cercopithecus_mitis_KJ434956,terminal,1,0.0331901409,0.05410510403912687,0.02091496313912687,0.02091496313912687
LRMC-SoftImpute,65,18,72,LRMC_SoftImpute_completed_p65_rep18_seed72.csv,terminal:Cercopithecus_lhoesti_KJ434957,terminal,1,0.096446469,0.03064375599051116,-0.06580271300948884,0.06580271300948884
LRMC-SoftImpute,65,18,72,LRMC_SoftImpute_completed_p65_rep18_seed72.csv,internal:Cercopithecus_diana_KJ434958|Cercopithecus_neglectus_MW160353,internal,2,0.0175917107,0.03167802540755234,0.014086314707552339,0.014086314707552339
LRMC-SoftImpute,65,18,72,LRMC_SoftImpute_completed_p65_rep18_seed72.csv,terminal:Cercopithecus_diana_KJ434958,terminal,1,0.1093319625,0.01971048257545204,-0.08962147992454797,0.08962147992454797
LRMC-SoftImpute,65,18,72,LRMC_SoftImpute_completed_p65_rep18_seed72.csv,terminal:Cercopithecus_neglectus_MW160353,terminal,1,0.1017112524,0.016711861834321554,-0.08499939056567844,0.08499939056567844
LRMC-SoftImpute,65,19,73,LRMC_SoftImpute_completed_p65_rep19_seed73.csv,terminal:Allenopithecus_nigroviridis_KJ434962,terminal,1,0.1474140195,0.041358007709940865,-0.10605601179005913,0.10605601179005913
LRMC-SoftImpute,65,19,73,LRMC_SoftImpute_completed_p65_rep19_seed73.csv,internal:Cercocebus_atys_KT159932|Cercocebus_chrysogaster_KC757390|Cercocebus_torquatus_KJ434959,internal,3,0.1544494817,0.027177895171331314,-0.12727158652866868,0.12727158652866868
LRMC-SoftImpute,65,19,73,LRMC_SoftImpute_completed_p65_rep19_seed73.csv,internal:Cercocebus_atys_KT159932|Cercocebus_torquatus_KJ434959,internal,2,0.0094381611,0.0,-0.0094381611,0.0094381611
LRMC-SoftImpute,65,19,73,LRMC_SoftImpute_completed_p65_rep19_seed73.csv,terminal:Cercocebus_atys_KT159932,terminal,1,0.0508580169,0.048642316151264055,-0.0022157007487359423,0.0022157007487359423
LRMC-SoftImpute,65,19,73,LRMC_SoftImpute_completed_p65_rep19_seed73.csv,terminal:Cercocebus_torquatus_KJ434959,terminal,1,0.0562685839,0.024340729674467418,-0.031927854225532584,0.031927854225532584
LRMC-SoftImpute,65,19,73,LRMC_SoftImpute_completed_p65_rep19_seed73.csv,terminal:Cercocebus_chrysogaster_KC757390,terminal,1,0.0511259412,0.042881284962075814,-0.008244656237924183,0.008244656237924183
LRMC-SoftImpute,65,19,73,LRMC_SoftImpute_completed_p65_rep19_seed73.csv,internal:Allenopithecus_nigroviridis_KJ434962|Cercocebus_atys_KT159932|Cercocebus_chrysogaster_KC757390|Cercocebus_torquatus_KJ434959,internal,4,0.0346917556,0.0,-0.0346917556,0.0346917556
LRMC-SoftImpute,65,19,73,LRMC_SoftImpute_completed_p65_rep19_seed73.csv,internal:Cercopithecus_aethiops_AY863426|Chlorocebus_aethiops_C1_KU682691|Chlorocebus_aethiops_MN816163|Chlorocebus_cynosuros_C3_KU682693|Chlorocebus_cynosuros_KM262190|Chlorocebus_djamdjamensis_C5_KU682695,internal,6,0.0834758403,0.0,-0.0834758403,0.0834758403
LRMC-SoftImpute,65,19,73,LRMC_SoftImpute_completed_p65_rep19_seed73.csv,internal:Cercopithecus_aethiops_AY863426|Chlorocebus_aethiops_C1_KU682691|Chlorocebus_aethiops_MN816163|Chlorocebus_cynosuros_C3_KU682693|Chlorocebus_cynosuros_KM262190,internal,5,0.012780756,0.0,-0.012780756,0.012780756
LRMC-SoftImpute,65,19,73,LRMC_SoftImpute_completed_p65_rep19_seed73.csv,internal:Cercopithecus_aethiops_AY863426|Chlorocebus_aethiops_C1_KU682691|Chlorocebus_aethiops_MN816163,internal,3,0.0048654608,0.0012736482266618601,-0.0035918125733381398,0.0035918125733381398
LRMC-SoftImpute,65,19,73,LRMC_SoftImpute_completed_p65_rep19_seed73.csv,terminal:Cercopithecus_aethiops_AY863426,terminal,1,0.0221835236,0.019231581449131226,-0.002951942150868775,0.002951942150868775
LRMC-SoftImpute,65,19,73,LRMC_SoftImpute_completed_p65_rep19_seed73.csv,internal:Chlorocebus_aethiops_C1_KU682691|Chlorocebus_aethiops_MN816163,internal,2,0.0120854426,0.020305756624468003,0.008220314024468003,0.008220314024468003
LRMC-SoftImpute,65,19,73,LRMC_SoftImpute_completed_p65_rep19_seed73.csv,terminal:Chlorocebus_aethiops_C1_KU682691,terminal,1,0.0080961876,0.009372569820003944,0.0012763822200039434,0.0012763822200039434
LRMC-SoftImpute,65,19,73,LRMC_SoftImpute_completed_p65_rep19_seed73.csv,terminal:Chlorocebus_aethiops_MN816163,terminal,1,0.0104642592,0.006799772423374497,-0.0036644867766255024,0.0036644867766255024
LRMC-SoftImpute,65,19,73,LRMC_SoftImpute_completed_p65_rep19_seed73.csv,internal:Chlorocebus_cynosuros_C3_KU682693|Chlorocebus_cynosuros_KM262190,internal,2,0.0017398823,0.0,-0.0017398823,0.0017398823
LRMC-SoftImpute,65,19,73,LRMC_SoftImpute_completed_p65_rep19_seed73.csv,terminal:Chlorocebus_cynosuros_C3_KU682693,terminal,1,0.0241962287,0.03717847903183653,0.012982250331836528,0.012982250331836528
LRMC-SoftImpute,65,19,73,LRMC_SoftImpute_completed_p65_rep19_seed73.csv,terminal:Chlorocebus_cynosuros_KM262190,terminal,1,0.0250691331,0.0,-0.0250691331,0.0250691331
LRMC-SoftImpute,65,19,73,LRMC_SoftImpute_completed_p65_rep19_seed73.csv,terminal:Chlorocebus_djamdjamensis_C5_KU682695,terminal,1,0.0319881948,0.028778759608964283,-0.0032094351910357186,0.0032094351910357186
LRMC-SoftImpute,65,19,73,LRMC_SoftImpute_completed_p65_rep19_seed73.csv,internal:Cercopithecus_albogularis_KC757391|Cercopithecus_diana_KJ434958|Cercopithecus_lhoesti_KJ434957|Cercopithecus_mitis_KJ434956|Cercopithecus_neglectus_MW160353,internal,5,0.0020104988,0.0021542892123635297,0.00014379041236352958,0.00014379041236352958
LRMC-SoftImpute,65,19,73,LRMC_SoftImpute_completed_p65_rep19_seed73.csv,internal:Cercopithecus_albogularis_KC757391|Cercopithecus_lhoesti_KJ434957|Cercopithecus_mitis_KJ434956,internal,3,0.0167387771,0.04056722265336908,0.02382844555336908,0.02382844555336908
LRMC-SoftImpute,65,19,73,LRMC_SoftImpute_completed_p65_rep19_seed73.csv,internal:Cercopithecus_albogularis_KC757391|Cercopithecus_mitis_KJ434956,internal,2,0.0593605632,0.0006966574929336801,-0.05866390570706632,0.05866390570706632
LRMC-SoftImpute,65,19,73,LRMC_SoftImpute_completed_p65_rep19_seed73.csv,terminal:Cercopithecus_albogularis_KC757391,terminal,1,0.0366651729,0.01671283369652408,-0.01995233920347592,0.01995233920347592
LRMC-SoftImpute,65,19,73,LRMC_SoftImpute_completed_p65_rep19_seed73.csv,terminal:Cercopithecus_mitis_KJ434956,terminal,1,0.0331901409,0.00497174665924541,-0.028218394240754587,0.028218394240754587
LRMC-SoftImpute,65,19,73,LRMC_SoftImpute_completed_p65_rep19_seed73.csv,terminal:Cercopithecus_lhoesti_KJ434957,terminal,1,0.096446469,0.020668016958512146,-0.07577845204148786,0.07577845204148786
LRMC-SoftImpute,65,19,73,LRMC_SoftImpute_completed_p65_rep19_seed73.csv,internal:Cercopithecus_diana_KJ434958|Cercopithecus_neglectus_MW160353,internal,2,0.0175917107,0.0,-0.0175917107,0.0175917107
LRMC-SoftImpute,65,19,73,LRMC_SoftImpute_completed_p65_rep19_seed73.csv,terminal:Cercopithecus_diana_KJ434958,terminal,1,0.1093319625,0.05120096837514154,-0.05813099412485846,0.05813099412485846
LRMC-SoftImpute,65,19,73,LRMC_SoftImpute_completed_p65_rep19_seed73.csv,terminal:Cercopithecus_neglectus_MW160353,terminal,1,0.1017112524,0.04637615266514401,-0.05533509973485598,0.05533509973485598
LRMC-SoftImpute,65,20,74,LRMC_SoftImpute_completed_p65_rep20_seed74.csv,terminal:Allenopithecus_nigroviridis_KJ434962,terminal,1,0.1474140195,0.020511814181806743,-0.12690220531819324,0.12690220531819324
LRMC-SoftImpute,65,20,74,LRMC_SoftImpute_completed_p65_rep20_seed74.csv,internal:Cercocebus_atys_KT159932|Cercocebus_chrysogaster_KC757390|Cercocebus_torquatus_KJ434959,internal,3,0.1544494817,0.0,-0.1544494817,0.1544494817
LRMC-SoftImpute,65,20,74,LRMC_SoftImpute_completed_p65_rep20_seed74.csv,internal:Cercocebus_atys_KT159932|Cercocebus_torquatus_KJ434959,internal,2,0.0094381611,0.007397625298238451,-0.002040535801761549,0.002040535801761549
LRMC-SoftImpute,65,20,74,LRMC_SoftImpute_completed_p65_rep20_seed74.csv,terminal:Cercocebus_atys_KT159932,terminal,1,0.0508580169,0.04648794335624164,-0.00437007354375836,0.00437007354375836
LRMC-SoftImpute,65,20,74,LRMC_SoftImpute_completed_p65_rep20_seed74.csv,terminal:Cercocebus_torquatus_KJ434959,terminal,1,0.0562685839,0.027442253912347062,-0.02882632998765294,0.02882632998765294
LRMC-SoftImpute,65,20,74,LRMC_SoftImpute_completed_p65_rep20_seed74.csv,terminal:Cercocebus_chrysogaster_KC757390,terminal,1,0.0511259412,0.0004033051510899943,-0.05072263604891,0.05072263604891
LRMC-SoftImpute,65,20,74,LRMC_SoftImpute_completed_p65_rep20_seed74.csv,internal:Allenopithecus_nigroviridis_KJ434962|Cercocebus_atys_KT159932|Cercocebus_chrysogaster_KC757390|Cercocebus_torquatus_KJ434959,internal,4,0.0346917556,0.02087028333516542,-0.01382147226483458,0.01382147226483458
LRMC-SoftImpute,65,20,74,LRMC_SoftImpute_completed_p65_rep20_seed74.csv,internal:Cercopithecus_aethiops_AY863426|Chlorocebus_aethiops_C1_KU682691|Chlorocebus_aethiops_MN816163|Chlorocebus_cynosuros_C3_KU682693|Chlorocebus_cynosuros_KM262190|Chlorocebus_djamdjamensis_C5_KU682695,internal,6,0.0834758403,0.015650403388726784,-0.06782543691127323,0.06782543691127323
LRMC-SoftImpute,65,20,74,LRMC_SoftImpute_completed_p65_rep20_seed74.csv,internal:Cercopithecus_aethiops_AY863426|Chlorocebus_aethiops_C1_KU682691|Chlorocebus_aethiops_MN816163|Chlorocebus_cynosuros_C3_KU682693|Chlorocebus_cynosuros_KM262190,internal,5,0.012780756,0.0,-0.012780756,0.012780756
LRMC-SoftImpute,65,20,74,LRMC_SoftImpute_completed_p65_rep20_seed74.csv,internal:Cercopithecus_aethiops_AY863426|Chlorocebus_aethiops_C1_KU682691|Chlorocebus_aethiops_MN816163,internal,3,0.0048654608,0.0,-0.0048654608,0.0048654608
LRMC-SoftImpute,65,20,74,LRMC_SoftImpute_completed_p65_rep20_seed74.csv,terminal:Cercopithecus_aethiops_AY863426,terminal,1,0.0221835236,0.029717658347407527,0.007534134747407526,0.007534134747407526
LRMC-SoftImpute,65,20,74,LRMC_SoftImpute_completed_p65_rep20_seed74.csv,internal:Chlorocebus_aethiops_C1_KU682691|Chlorocebus_aethiops_MN816163,internal,2,0.0120854426,0.0,-0.0120854426,0.0120854426
LRMC-SoftImpute,65,20,74,LRMC_SoftImpute_completed_p65_rep20_seed74.csv,terminal:Chlorocebus_aethiops_C1_KU682691,terminal,1,0.0080961876,0.013969101292547727,0.005872913692547726,0.005872913692547726
LRMC-SoftImpute,65,20,74,LRMC_SoftImpute_completed_p65_rep20_seed74.csv,terminal:Chlorocebus_aethiops_MN816163,terminal,1,0.0104642592,0.0,-0.0104642592,0.0104642592
LRMC-SoftImpute,65,20,74,LRMC_SoftImpute_completed_p65_rep20_seed74.csv,internal:Chlorocebus_cynosuros_C3_KU682693|Chlorocebus_cynosuros_KM262190,internal,2,0.0017398823,0.0,-0.0017398823,0.0017398823
LRMC-SoftImpute,65,20,74,LRMC_SoftImpute_completed_p65_rep20_seed74.csv,terminal:Chlorocebus_cynosuros_C3_KU682693,terminal,1,0.0241962287,0.006913886493971511,-0.01728234220602849,0.01728234220602849
LRMC-SoftImpute,65,20,74,LRMC_SoftImpute_completed_p65_rep20_seed74.csv,terminal:Chlorocebus_cynosuros_KM262190,terminal,1,0.0250691331,0.014639424571229435,-0.010429708528770567,0.010429708528770567
LRMC-SoftImpute,65,20,74,LRMC_SoftImpute_completed_p65_rep20_seed74.csv,terminal:Chlorocebus_djamdjamensis_C5_KU682695,terminal,1,0.0319881948,0.038871303321233945,0.006883108521233944,0.006883108521233944
LRMC-SoftImpute,65,20,74,LRMC_SoftImpute_completed_p65_rep20_seed74.csv,internal:Cercopithecus_albogularis_KC757391|Cercopithecus_diana_KJ434958|Cercopithecus_lhoesti_KJ434957|Cercopithecus_mitis_KJ434956|Cercopithecus_neglectus_MW160353,internal,5,0.0020104988,0.0,-0.0020104988,0.0020104988
LRMC-SoftImpute,65,20,74,LRMC_SoftImpute_completed_p65_rep20_seed74.csv,internal:Cercopithecus_albogularis_KC757391|Cercopithecus_lhoesti_KJ434957|Cercopithecus_mitis_KJ434956,internal,3,0.0167387771,0.03399022117040583,0.017251444070405828,0.017251444070405828
LRMC-SoftImpute,65,20,74,LRMC_SoftImpute_completed_p65_rep20_seed74.csv,internal:Cercopithecus_albogularis_KC757391|Cercopithecus_mitis_KJ434956,internal,2,0.0593605632,0.0,-0.0593605632,0.0593605632
LRMC-SoftImpute,65,20,74,LRMC_SoftImpute_completed_p65_rep20_seed74.csv,terminal:Cercopithecus_albogularis_KC757391,terminal,1,0.0366651729,0.04061228501095262,0.003947112110952618,0.003947112110952618
LRMC-SoftImpute,65,20,74,LRMC_SoftImpute_completed_p65_rep20_seed74.csv,terminal:Cercopithecus_mitis_KJ434956,terminal,1,0.0331901409,0.0390705600265806,0.005880419126580605,0.005880419126580605
LRMC-SoftImpute,65,20,74,LRMC_SoftImpute_completed_p65_rep20_seed74.csv,terminal:Cercopithecus_lhoesti_KJ434957,terminal,1,0.096446469,0.035899182204576274,-0.06054728679542373,0.06054728679542373
LRMC-SoftImpute,65,20,74,LRMC_SoftImpute_completed_p65_rep20_seed74.csv,internal:Cercopithecus_diana_KJ434958|Cercopithecus_neglectus_MW160353,internal,2,0.0175917107,0.0,-0.0175917107,0.0175917107
LRMC-SoftImpute,65,20,74,LRMC_SoftImpute_completed_p65_rep20_seed74.csv,terminal:Cercopithecus_diana_KJ434958,terminal,1,0.1093319625,0.011722651806708373,-0.09760931069329164,0.09760931069329164
LRMC-SoftImpute,65,20,74,LRMC_SoftImpute_completed_p65_rep20_seed74.csv,terminal:Cercopithecus_neglectus_MW160353,terminal,1,0.1017112524,0.06096962945649228,-0.040741622943507715,0.040741622943507715
LRMC-SoftImpute,65,21,75,LRMC_SoftImpute_completed_p65_rep21_seed75.csv,terminal:Allenopithecus_nigroviridis_KJ434962,terminal,1,0.1474140195,0.040335177626898304,-0.10707884187310168,0.10707884187310168
LRMC-SoftImpute,65,21,75,LRMC_SoftImpute_completed_p65_rep21_seed75.csv,internal:Cercocebus_atys_KT159932|Cercocebus_chrysogaster_KC757390|Cercocebus_torquatus_KJ434959,internal,3,0.1544494817,0.0,-0.1544494817,0.1544494817
LRMC-SoftImpute,65,21,75,LRMC_SoftImpute_completed_p65_rep21_seed75.csv,internal:Cercocebus_atys_KT159932|Cercocebus_torquatus_KJ434959,internal,2,0.0094381611,0.0,-0.0094381611,0.0094381611
LRMC-SoftImpute,65,21,75,LRMC_SoftImpute_completed_p65_rep21_seed75.csv,terminal:Cercocebus_atys_KT159932,terminal,1,0.0508580169,0.026934376791004643,-0.023923640108995354,0.023923640108995354
LRMC-SoftImpute,65,21,75,LRMC_SoftImpute_completed_p65_rep21_seed75.csv,terminal:Cercocebus_torquatus_KJ434959,terminal,1,0.0562685839,0.04366210271714268,-0.012606481182857322,0.012606481182857322
LRMC-SoftImpute,65,21,75,LRMC_SoftImpute_completed_p65_rep21_seed75.csv,terminal:Cercocebus_chrysogaster_KC757390,terminal,1,0.0511259412,0.04940091615124423,-0.0017250250487557683,0.0017250250487557683
LRMC-SoftImpute,65,21,75,LRMC_SoftImpute_completed_p65_rep21_seed75.csv,internal:Allenopithecus_nigroviridis_KJ434962|Cercocebus_atys_KT159932|Cercocebus_chrysogaster_KC757390|Cercocebus_torquatus_KJ434959,internal,4,0.0346917556,0.0,-0.0346917556,0.0346917556
LRMC-SoftImpute,65,21,75,LRMC_SoftImpute_completed_p65_rep21_seed75.csv,internal:Cercopithecus_aethiops_AY863426|Chlorocebus_aethiops_C1_KU682691|Chlorocebus_aethiops_MN816163|Chlorocebus_cynosuros_C3_KU682693|Chlorocebus_cynosuros_KM262190|Chlorocebus_djamdjamensis_C5_KU682695,internal,6,0.0834758403,0.037936194355375055,-0.04553964594462495,0.04553964594462495
LRMC-SoftImpute,65,21,75,LRMC_SoftImpute_completed_p65_rep21_seed75.csv,internal:Cercopithecus_aethiops_AY863426|Chlorocebus_aethiops_C1_KU682691|Chlorocebus_aethiops_MN816163|Chlorocebus_cynosuros_C3_KU682693|Chlorocebus_cynosuros_KM262190,internal,5,0.012780756,0.0,-0.012780756,0.012780756
LRMC-SoftImpute,65,21,75,LRMC_SoftImpute_completed_p65_rep21_seed75.csv,internal:Cercopithecus_aethiops_AY863426|Chlorocebus_aethiops_C1_KU682691|Chlorocebus_aethiops_MN816163,internal,3,0.0048654608,0.010348342443904873,0.005482881643904873,0.005482881643904873
LRMC-SoftImpute,65,21,75,LRMC_SoftImpute_completed_p65_rep21_seed75.csv,terminal:Cercopithecus_aethiops_AY863426,terminal,1,0.0221835236,0.008131404206166131,-0.01405211939383387,0.01405211939383387
LRMC-SoftImpute,65,21,75,LRMC_SoftImpute_completed_p65_rep21_seed75.csv,internal:Chlorocebus_aethiops_C1_KU682691|Chlorocebus_aethiops_MN816163,internal,2,0.0120854426,0.0,-0.0120854426,0.0120854426
LRMC-SoftImpute,65,21,75,LRMC_SoftImpute_completed_p65_rep21_seed75.csv,terminal:Chlorocebus_aethiops_C1_KU682691,terminal,1,0.0080961876,0.005679066929036321,-0.0024171206709636796,0.0024171206709636796
LRMC-SoftImpute,65,21,75,LRMC_SoftImpute_completed_p65_rep21_seed75.csv,terminal:Chlorocebus_aethiops_MN816163,terminal,1,0.0104642592,0.02760048708171184,0.01713622788171184,0.01713622788171184
LRMC-SoftImpute,65,21,75,LRMC_SoftImpute_completed_p65_rep21_seed75.csv,internal:Chlorocebus_cynosuros_C3_KU682693|Chlorocebus_cynosuros_KM262190,internal,2,0.0017398823,0.0,-0.0017398823,0.0017398823
LRMC-SoftImpute,65,21,75,LRMC_SoftImpute_completed_p65_rep21_seed75.csv,terminal:Chlorocebus_cynosuros_C3_KU682693,terminal,1,0.0241962287,0.0,-0.0241962287,0.0241962287
LRMC-SoftImpute,65,21,75,LRMC_SoftImpute_completed_p65_rep21_seed75.csv,terminal:Chlorocebus_cynosuros_KM262190,terminal,1,0.0250691331,0.014917123146243235,-0.010152009953756766,0.010152009953756766
LRMC-SoftImpute,65,21,75,LRMC_SoftImpute_completed_p65_rep21_seed75.csv,terminal:Chlorocebus_djamdjamensis_C5_KU682695,terminal,1,0.0319881948,0.02974723924620644,-0.0022409555537935624,0.0022409555537935624
LRMC-SoftImpute,65,21,75,LRMC_SoftImpute_completed_p65_rep21_seed75.csv,internal:Cercopithecus_albogularis_KC757391|Cercopithecus_diana_KJ434958|Cercopithecus_lhoesti_KJ434957|Cercopithecus_mitis_KJ434956|Cercopithecus_neglectus_MW160353,internal,5,0.0020104988,0.0,-0.0020104988,0.0020104988
LRMC-SoftImpute,65,21,75,LRMC_SoftImpute_completed_p65_rep21_seed75.csv,internal:Cercopithecus_albogularis_KC757391|Cercopithecus_lhoesti_KJ434957|Cercopithecus_mitis_KJ434956,internal,3,0.0167387771,0.0,-0.0167387771,0.0167387771
LRMC-SoftImpute,65,21,75,LRMC_SoftImpute_completed_p65_rep21_seed75.csv,internal:Cercopithecus_albogularis_KC757391|Cercopithecus_mitis_KJ434956,internal,2,0.0593605632,0.03949257139636193,-0.019867991803638074,0.019867991803638074
LRMC-SoftImpute,65,21,75,LRMC_SoftImpute_completed_p65_rep21_seed75.csv,terminal:Cercopithecus_albogularis_KC757391,terminal,1,0.0366651729,0.016176252068912194,-0.020488920831087807,0.020488920831087807
LRMC-SoftImpute,65,21,75,LRMC_SoftImpute_completed_p65_rep21_seed75.csv,terminal:Cercopithecus_mitis_KJ434956,terminal,1,0.0331901409,0.002137112713337103,-0.031053028186662897,0.031053028186662897
LRMC-SoftImpute,65,21,75,LRMC_SoftImpute_completed_p65_rep21_seed75.csv,terminal:Cercopithecus_lhoesti_KJ434957,terminal,1,0.096446469,0.0331110197677061,-0.06333544923229391,0.06333544923229391
LRMC-SoftImpute,65,21,75,LRMC_SoftImpute_completed_p65_rep21_seed75.csv,internal:Cercopithecus_diana_KJ434958|Cercopithecus_neglectus_MW160353,internal,2,0.0175917107,0.0,-0.0175917107,0.0175917107
LRMC-SoftImpute,65,21,75,LRMC_SoftImpute_completed_p65_rep21_seed75.csv,terminal:Cercopithecus_diana_KJ434958,terminal,1,0.1093319625,0.03885709501056697,-0.07047486748943303,0.07047486748943303
LRMC-SoftImpute,65,21,75,LRMC_SoftImpute_completed_p65_rep21_seed75.csv,terminal:Cercopithecus_neglectus_MW160353,terminal,1,0.1017112524,0.03650762075800679,-0.0652036316419932,0.0652036316419932
LRMC-SoftImpute,65,22,76,LRMC_SoftImpute_completed_p65_rep22_seed76.csv,terminal:Allenopithecus_nigroviridis_KJ434962,terminal,1,0.1474140195,0.04205788837223609,-0.1053561311277639,0.1053561311277639
LRMC-SoftImpute,65,22,76,LRMC_SoftImpute_completed_p65_rep22_seed76.csv,internal:Cercocebus_atys_KT159932|Cercocebus_chrysogaster_KC757390|Cercocebus_torquatus_KJ434959,internal,3,0.1544494817,0.030764307740342233,-0.12368517395965777,0.12368517395965777
LRMC-SoftImpute,65,22,76,LRMC_SoftImpute_completed_p65_rep22_seed76.csv,internal:Cercocebus_atys_KT159932|Cercocebus_torquatus_KJ434959,internal,2,0.0094381611,0.008521089062179858,-0.0009170720378201425,0.0009170720378201425
LRMC-SoftImpute,65,22,76,LRMC_SoftImpute_completed_p65_rep22_seed76.csv,terminal:Cercocebus_atys_KT159932,terminal,1,0.0508580169,0.02264879414837733,-0.028209222751622666,0.028209222751622666
LRMC-SoftImpute,65,22,76,LRMC_SoftImpute_completed_p65_rep22_seed76.csv,terminal:Cercocebus_torquatus_KJ434959,terminal,1,0.0562685839,0.011172920917816409,-0.04509566298218359,0.04509566298218359
LRMC-SoftImpute,65,22,76,LRMC_SoftImpute_completed_p65_rep22_seed76.csv,terminal:Cercocebus_chrysogaster_KC757390,terminal,1,0.0511259412,0.04684420636407396,-0.004281734835926039,0.004281734835926039
LRMC-SoftImpute,65,22,76,LRMC_SoftImpute_completed_p65_rep22_seed76.csv,internal:Allenopithecus_nigroviridis_KJ434962|Cercocebus_atys_KT159932|Cercocebus_chrysogaster_KC757390|Cercocebus_torquatus_KJ434959,internal,4,0.0346917556,0.0,-0.0346917556,0.0346917556
LRMC-SoftImpute,65,22,76,LRMC_SoftImpute_completed_p65_rep22_seed76.csv,internal:Cercopithecus_aethiops_AY863426|Chlorocebus_aethiops_C1_KU682691|Chlorocebus_aethiops_MN816163|Chlorocebus_cynosuros_C3_KU682693|Chlorocebus_cynosuros_KM262190|Chlorocebus_djamdjamensis_C5_KU682695,internal,6,0.0834758403,0.0247897899562304,-0.05868605034376961,0.05868605034376961
LRMC-SoftImpute,65,22,76,LRMC_SoftImpute_completed_p65_rep22_seed76.csv,internal:Cercopithecus_aethiops_AY863426|Chlorocebus_aethiops_C1_KU682691|Chlorocebus_aethiops_MN816163|Chlorocebus_cynosuros_C3_KU682693|Chlorocebus_cynosuros_KM262190,internal,5,0.012780756,0.0,-0.012780756,0.012780756
LRMC-SoftImpute,65,22,76,LRMC_SoftImpute_completed_p65_rep22_seed76.csv,internal:Cercopithecus_aethiops_AY863426|Chlorocebus_aethiops_C1_KU682691|Chlorocebus_aethiops_MN816163,internal,3,0.0048654608,0.0,-0.0048654608,0.0048654608
LRMC-SoftImpute,65,22,76,LRMC_SoftImpute_completed_p65_rep22_seed76.csv,terminal:Cercopithecus_aethiops_AY863426,terminal,1,0.0221835236,0.02725887903244966,0.0050753554324496596,0.0050753554324496596
LRMC-SoftImpute,65,22,76,LRMC_SoftImpute_completed_p65_rep22_seed76.csv,internal:Chlorocebus_aethiops_C1_KU682691|Chlorocebus_aethiops_MN816163,internal,2,0.0120854426,0.0,-0.0120854426,0.0120854426
LRMC-SoftImpute,65,22,76,LRMC_SoftImpute_completed_p65_rep22_seed76.csv,terminal:Chlorocebus_aethiops_C1_KU682691,terminal,1,0.0080961876,0.0,-0.0080961876,0.0080961876
LRMC-SoftImpute,65,22,76,LRMC_SoftImpute_completed_p65_rep22_seed76.csv,terminal:Chlorocebus_aethiops_MN816163,terminal,1,0.0104642592,0.02794400008581295,0.01747974088581295,0.01747974088581295
LRMC-SoftImpute,65,22,76,LRMC_SoftImpute_completed_p65_rep22_seed76.csv,internal:Chlorocebus_cynosuros_C3_KU682693|Chlorocebus_cynosuros_KM262190,internal,2,0.0017398823,0.0,-0.0017398823,0.0017398823
LRMC-SoftImpute,65,22,76,LRMC_SoftImpute_completed_p65_rep22_seed76.csv,terminal:Chlorocebus_cynosuros_C3_KU682693,terminal,1,0.0241962287,0.02605755179600497,0.0018613230960049694,0.0018613230960049694
LRMC-SoftImpute,65,22,76,LRMC_SoftImpute_completed_p65_rep22_seed76.csv,terminal:Chlorocebus_cynosuros_KM262190,terminal,1,0.0250691331,0.021571420694689758,-0.0034977124053102437,0.0034977124053102437
LRMC-SoftImpute,65,22,76,LRMC_SoftImpute_completed_p65_rep22_seed76.csv,terminal:Chlorocebus_djamdjamensis_C5_KU682695,terminal,1,0.0319881948,0.022069600109235296,-0.009918594690764705,0.009918594690764705
LRMC-SoftImpute,65,22,76,LRMC_SoftImpute_completed_p65_rep22_seed76.csv,internal:Cercopithecus_albogularis_KC757391|Cercopithecus_diana_KJ434958|Cercopithecus_lhoesti_KJ434957|Cercopithecus_mitis_KJ434956|Cercopithecus_neglectus_MW160353,internal,5,0.0020104988,0.0,-0.0020104988,0.0020104988
LRMC-SoftImpute,65,22,76,LRMC_SoftImpute_completed_p65_rep22_seed76.csv,internal:Cercopithecus_albogularis_KC757391|Cercopithecus_lhoesti_KJ434957|Cercopithecus_mitis_KJ434956,internal,3,0.0167387771,0.0,-0.0167387771,0.0167387771
LRMC-SoftImpute,65,22,76,LRMC_SoftImpute_completed_p65_rep22_seed76.csv,internal:Cercopithecus_albogularis_KC757391|Cercopithecus_mitis_KJ434956,internal,2,0.0593605632,0.011679296641424622,-0.04768126655857538,0.04768126655857538
LRMC-SoftImpute,65,22,76,LRMC_SoftImpute_completed_p65_rep22_seed76.csv,terminal:Cercopithecus_albogularis_KC757391,terminal,1,0.0366651729,0.030832301954629417,-0.005832870945370584,0.005832870945370584
LRMC-SoftImpute,65,22,76,LRMC_SoftImpute_completed_p65_rep22_seed76.csv,terminal:Cercopithecus_mitis_KJ434956,terminal,1,0.0331901409,0.022797561092273926,-0.010392579807726073,0.010392579807726073
LRMC-SoftImpute,65,22,76,LRMC_SoftImpute_completed_p65_rep22_seed76.csv,terminal:Cercopithecus_lhoesti_KJ434957,terminal,1,0.096446469,0.04802662063931582,-0.048419848360684185,0.048419848360684185
LRMC-SoftImpute,65,22,76,LRMC_SoftImpute_completed_p65_rep22_seed76.csv,internal:Cercopithecus_diana_KJ434958|Cercopithecus_neglectus_MW160353,internal,2,0.0175917107,0.0,-0.0175917107,0.0175917107
LRMC-SoftImpute,65,22,76,LRMC_SoftImpute_completed_p65_rep22_seed76.csv,terminal:Cercopithecus_diana_KJ434958,terminal,1,0.1093319625,0.046890846514705924,-0.06244111598529408,0.06244111598529408
LRMC-SoftImpute,65,22,76,LRMC_SoftImpute_completed_p65_rep22_seed76.csv,terminal:Cercopithecus_neglectus_MW160353,terminal,1,0.1017112524,0.02056508014155669,-0.08114617225844331,0.08114617225844331
LRMC-SoftImpute,65,23,77,LRMC_SoftImpute_completed_p65_rep23_seed77.csv,terminal:Allenopithecus_nigroviridis_KJ434962,terminal,1,0.1474140195,0.06789910465910126,-0.07951491484089873,0.07951491484089873
LRMC-SoftImpute,65,23,77,LRMC_SoftImpute_completed_p65_rep23_seed77.csv,internal:Cercocebus_atys_KT159932|Cercocebus_chrysogaster_KC757390|Cercocebus_torquatus_KJ434959,internal,3,0.1544494817,0.016583656031091052,-0.13786582566890895,0.13786582566890895
LRMC-SoftImpute,65,23,77,LRMC_SoftImpute_completed_p65_rep23_seed77.csv,internal:Cercocebus_atys_KT159932|Cercocebus_torquatus_KJ434959,internal,2,0.0094381611,0.0016908054149743469,-0.007747355685025653,0.007747355685025653
LRMC-SoftImpute,65,23,77,LRMC_SoftImpute_completed_p65_rep23_seed77.csv,terminal:Cercocebus_atys_KT159932,terminal,1,0.0508580169,0.035670931954569385,-0.015187084945430612,0.015187084945430612
LRMC-SoftImpute,65,23,77,LRMC_SoftImpute_completed_p65_rep23_seed77.csv,terminal:Cercocebus_torquatus_KJ434959,terminal,1,0.0562685839,0.03825926531401935,-0.01800931858598065,0.01800931858598065
LRMC-SoftImpute,65,23,77,LRMC_SoftImpute_completed_p65_rep23_seed77.csv,terminal:Cercocebus_chrysogaster_KC757390,terminal,1,0.0511259412,0.028491622840918017,-0.02263431835908198,0.02263431835908198
LRMC-SoftImpute,65,23,77,LRMC_SoftImpute_completed_p65_rep23_seed77.csv,internal:Allenopithecus_nigroviridis_KJ434962|Cercocebus_atys_KT159932|Cercocebus_chrysogaster_KC757390|Cercocebus_torquatus_KJ434959,internal,4,0.0346917556,0.009226925286421717,-0.025464830313578282,0.025464830313578282
LRMC-SoftImpute,65,23,77,LRMC_SoftImpute_completed_p65_rep23_seed77.csv,internal:Cercopithecus_aethiops_AY863426|Chlorocebus_aethiops_C1_KU682691|Chlorocebus_aethiops_MN816163|Chlorocebus_cynosuros_C3_KU682693|Chlorocebus_cynosuros_KM262190|Chlorocebus_djamdjamensis_C5_KU682695,internal,6,0.0834758403,0.00618767813065182,-0.07728816216934818,0.07728816216934818
LRMC-SoftImpute,65,23,77,LRMC_SoftImpute_completed_p65_rep23_seed77.csv,internal:Cercopithecus_aethiops_AY863426|Chlorocebus_aethiops_C1_KU682691|Chlorocebus_aethiops_MN816163|Chlorocebus_cynosuros_C3_KU682693|Chlorocebus_cynosuros_KM262190,internal,5,0.012780756,0.00868971123300519,-0.00409104476699481,0.00409104476699481
LRMC-SoftImpute,65,23,77,LRMC_SoftImpute_completed_p65_rep23_seed77.csv,internal:Cercopithecus_aethiops_AY863426|Chlorocebus_aethiops_C1_KU682691|Chlorocebus_aethiops_MN816163,internal,3,0.0048654608,0.0067159933364891004,0.0018505325364891008,0.0018505325364891008
LRMC-SoftImpute,65,23,77,LRMC_SoftImpute_completed_p65_rep23_seed77.csv,terminal:Cercopithecus_aethiops_AY863426,terminal,1,0.0221835236,0.021351106076424053,-0.0008324175235759484,0.0008324175235759484
LRMC-SoftImpute,65,23,77,LRMC_SoftImpute_completed_p65_rep23_seed77.csv,internal:Chlorocebus_aethiops_C1_KU682691|Chlorocebus_aethiops_MN816163,internal,2,0.0120854426,0.011744040876097168,-0.00034140172390283163,0.00034140172390283163
LRMC-SoftImpute,65,23,77,LRMC_SoftImpute_completed_p65_rep23_seed77.csv,terminal:Chlorocebus_aethiops_C1_KU682691,terminal,1,0.0080961876,0.00266298679126815,-0.005433200808731851,0.005433200808731851
LRMC-SoftImpute,65,23,77,LRMC_SoftImpute_completed_p65_rep23_seed77.csv,terminal:Chlorocebus_aethiops_MN816163,terminal,1,0.0104642592,0.0035062424463457244,-0.006958016753654275,0.006958016753654275
LRMC-SoftImpute,65,23,77,LRMC_SoftImpute_completed_p65_rep23_seed77.csv,internal:Chlorocebus_cynosuros_C3_KU682693|Chlorocebus_cynosuros_KM262190,internal,2,0.0017398823,0.0,-0.0017398823,0.0017398823
LRMC-SoftImpute,65,23,77,LRMC_SoftImpute_completed_p65_rep23_seed77.csv,terminal:Chlorocebus_cynosuros_C3_KU682693,terminal,1,0.0241962287,0.004555655237514402,-0.019640573462485596,0.019640573462485596
LRMC-SoftImpute,65,23,77,LRMC_SoftImpute_completed_p65_rep23_seed77.csv,terminal:Chlorocebus_cynosuros_KM262190,terminal,1,0.0250691331,0.024002404738813005,-0.0010667283611869964,0.0010667283611869964
LRMC-SoftImpute,65,23,77,LRMC_SoftImpute_completed_p65_rep23_seed77.csv,terminal:Chlorocebus_djamdjamensis_C5_KU682695,terminal,1,0.0319881948,0.016545217522568132,-0.01544297727743187,0.01544297727743187
LRMC-SoftImpute,65,23,77,LRMC_SoftImpute_completed_p65_rep23_seed77.csv,internal:Cercopithecus_albogularis_KC757391|Cercopithecus_diana_KJ434958|Cercopithecus_lhoesti_KJ434957|Cercopithecus_mitis_KJ434956|Cercopithecus_neglectus_MW160353,internal,5,0.0020104988,0.014651689444261788,0.012641190644261788,0.012641190644261788
LRMC-SoftImpute,65,23,77,LRMC_SoftImpute_completed_p65_rep23_seed77.csv,internal:Cercopithecus_albogularis_KC757391|Cercopithecus_lhoesti_KJ434957|Cercopithecus_mitis_KJ434956,internal,3,0.0167387771,0.0,-0.0167387771,0.0167387771
LRMC-SoftImpute,65,23,77,LRMC_SoftImpute_completed_p65_rep23_seed77.csv,internal:Cercopithecus_albogularis_KC757391|Cercopithecus_mitis_KJ434956,internal,2,0.0593605632,0.0,-0.0593605632,0.0593605632
LRMC-SoftImpute,65,23,77,LRMC_SoftImpute_completed_p65_rep23_seed77.csv,terminal:Cercopithecus_albogularis_KC757391,terminal,1,0.0366651729,0.04121440581446142,0.004549232914461417,0.004549232914461417
LRMC-SoftImpute,65,23,77,LRMC_SoftImpute_completed_p65_rep23_seed77.csv,terminal:Cercopithecus_mitis_KJ434956,terminal,1,0.0331901409,0.04311621801991997,0.009926077119919975,0.009926077119919975
LRMC-SoftImpute,65,23,77,LRMC_SoftImpute_completed_p65_rep23_seed77.csv,terminal:Cercopithecus_lhoesti_KJ434957,terminal,1,0.096446469,0.02865735457325663,-0.06778911442674337,0.06778911442674337
LRMC-SoftImpute,65,23,77,LRMC_SoftImpute_completed_p65_rep23_seed77.csv,internal:Cercopithecus_diana_KJ434958|Cercopithecus_neglectus_MW160353,internal,2,0.0175917107,0.011382115363466287,-0.006209595336533712,0.006209595336533712
LRMC-SoftImpute,65,23,77,LRMC_SoftImpute_completed_p65_rep23_seed77.csv,terminal:Cercopithecus_diana_KJ434958,terminal,1,0.1093319625,0.023872555017525287,-0.08545940748247471,0.08545940748247471
LRMC-SoftImpute,65,23,77,LRMC_SoftImpute_completed_p65_rep23_seed77.csv,terminal:Cercopithecus_neglectus_MW160353,terminal,1,0.1017112524,0.04085289241804963,-0.06085835998195036,0.06085835998195036
LRMC-SoftImpute,65,24,78,LRMC_SoftImpute_completed_p65_rep24_seed78.csv,terminal:Allenopithecus_nigroviridis_KJ434962,terminal,1,0.1474140195,0.043991669028992375,-0.10342235047100762,0.10342235047100762
LRMC-SoftImpute,65,24,78,LRMC_SoftImpute_completed_p65_rep24_seed78.csv,internal:Cercocebus_atys_KT159932|Cercocebus_chrysogaster_KC757390|Cercocebus_torquatus_KJ434959,internal,3,0.1544494817,0.0,-0.1544494817,0.1544494817
LRMC-SoftImpute,65,24,78,LRMC_SoftImpute_completed_p65_rep24_seed78.csv,internal:Cercocebus_atys_KT159932|Cercocebus_torquatus_KJ434959,internal,2,0.0094381611,0.014039311231255312,0.004601150131255312,0.004601150131255312
LRMC-SoftImpute,65,24,78,LRMC_SoftImpute_completed_p65_rep24_seed78.csv,terminal:Cercocebus_atys_KT159932,terminal,1,0.0508580169,0.03249282968639787,-0.018365187213602127,0.018365187213602127
LRMC-SoftImpute,65,24,78,LRMC_SoftImpute_completed_p65_rep24_seed78.csv,terminal:Cercocebus_torquatus_KJ434959,terminal,1,0.0562685839,0.04399487459122043,-0.012273709308779572,0.012273709308779572
LRMC-SoftImpute,65,24,78,LRMC_SoftImpute_completed_p65_rep24_seed78.csv,terminal:Cercocebus_chrysogaster_KC757390,terminal,1,0.0511259412,0.06855663543172137,0.017430694231721375,0.017430694231721375
LRMC-SoftImpute,65,24,78,LRMC_SoftImpute_completed_p65_rep24_seed78.csv,internal:Allenopithecus_nigroviridis_KJ434962|Cercocebus_atys_KT159932|Cercocebus_chrysogaster_KC757390|Cercocebus_torquatus_KJ434959,internal,4,0.0346917556,0.010976450199156723,-0.023715305400843274,0.023715305400843274
LRMC-SoftImpute,65,24,78,LRMC_SoftImpute_completed_p65_rep24_seed78.csv,internal:Cercopithecus_aethiops_AY863426|Chlorocebus_aethiops_C1_KU682691|Chlorocebus_aethiops_MN816163|Chlorocebus_cynosuros_C3_KU682693|Chlorocebus_cynosuros_KM262190|Chlorocebus_djamdjamensis_C5_KU682695,internal,6,0.0834758403,0.024251517950869356,-0.05922432234913065,0.05922432234913065
LRMC-SoftImpute,65,24,78,LRMC_SoftImpute_completed_p65_rep24_seed78.csv,internal:Cercopithecus_aethiops_AY863426|Chlorocebus_aethiops_C1_KU682691|Chlorocebus_aethiops_MN816163|Chlorocebus_cynosuros_C3_KU682693|Chlorocebus_cynosuros_KM262190,internal,5,0.012780756,0.005295382903905412,-0.007485373096094589,0.007485373096094589
LRMC-SoftImpute,65,24,78,LRMC_SoftImpute_completed_p65_rep24_seed78.csv,internal:Cercopithecus_aethiops_AY863426|Chlorocebus_aethiops_C1_KU682691|Chlorocebus_aethiops_MN816163,internal,3,0.0048654608,0.0,-0.0048654608,0.0048654608
LRMC-SoftImpute,65,24,78,LRMC_SoftImpute_completed_p65_rep24_seed78.csv,terminal:Cercopithecus_aethiops_AY863426,terminal,1,0.0221835236,0.017045194556787865,-0.005138329043212136,0.005138329043212136
LRMC-SoftImpute,65,24,78,LRMC_SoftImpute_completed_p65_rep24_seed78.csv,internal:Chlorocebus_aethiops_C1_KU682691|Chlorocebus_aethiops_MN816163,internal,2,0.0120854426,0.0019511412194006849,-0.010134301380599314,0.010134301380599314
LRMC-SoftImpute,65,24,78,LRMC_SoftImpute_completed_p65_rep24_seed78.csv,terminal:Chlorocebus_aethiops_C1_KU682691,terminal,1,0.0080961876,0.0031319924390425355,-0.0049641951609574655,0.0049641951609574655
LRMC-SoftImpute,65,24,78,LRMC_SoftImpute_completed_p65_rep24_seed78.csv,terminal:Chlorocebus_aethiops_MN816163,terminal,1,0.0104642592,0.0174355723639218,0.0069713131639217996,0.0069713131639217996
LRMC-SoftImpute,65,24,78,LRMC_SoftImpute_completed_p65_rep24_seed78.csv,internal:Chlorocebus_cynosuros_C3_KU682693|Chlorocebus_cynosuros_KM262190,internal,2,0.0017398823,0.006062712982563806,0.0043228306825638056,0.0043228306825638056
LRMC-SoftImpute,65,24,78,LRMC_SoftImpute_completed_p65_rep24_seed78.csv,terminal:Chlorocebus_cynosuros_C3_KU682693,terminal,1,0.0241962287,0.018468132604813118,-0.005728096095186881,0.005728096095186881
LRMC-SoftImpute,65,24,78,LRMC_SoftImpute_completed_p65_rep24_seed78.csv,terminal:Chlorocebus_cynosuros_KM262190,terminal,1,0.0250691331,0.024122601186934125,-0.0009465319130658768,0.0009465319130658768
LRMC-SoftImpute,65,24,78,LRMC_SoftImpute_completed_p65_rep24_seed78.csv,terminal:Chlorocebus_djamdjamensis_C5_KU682695,terminal,1,0.0319881948,0.026084332796206464,-0.005903862003793538,0.005903862003793538
LRMC-SoftImpute,65,24,78,LRMC_SoftImpute_completed_p65_rep24_seed78.csv,internal:Cercopithecus_albogularis_KC757391|Cercopithecus_diana_KJ434958|Cercopithecus_lhoesti_KJ434957|Cercopithecus_mitis_KJ434956|Cercopithecus_neglectus_MW160353,internal,5,0.0020104988,0.0,-0.0020104988,0.0020104988
LRMC-SoftImpute,65,24,78,LRMC_SoftImpute_completed_p65_rep24_seed78.csv,internal:Cercopithecus_albogularis_KC757391|Cercopithecus_lhoesti_KJ434957|Cercopithecus_mitis_KJ434956,internal,3,0.0167387771,0.000813043501691626,-0.015925733598308376,0.015925733598308376
LRMC-SoftImpute,65,24,78,LRMC_SoftImpute_completed_p65_rep24_seed78.csv,internal:Cercopithecus_albogularis_KC757391|Cercopithecus_mitis_KJ434956,internal,2,0.0593605632,0.0,-0.0593605632,0.0593605632
LRMC-SoftImpute,65,24,78,LRMC_SoftImpute_completed_p65_rep24_seed78.csv,terminal:Cercopithecus_albogularis_KC757391,terminal,1,0.0366651729,0.03265456056362727,-0.004010612336372732,0.004010612336372732
LRMC-SoftImpute,65,24,78,LRMC_SoftImpute_completed_p65_rep24_seed78.csv,terminal:Cercopithecus_mitis_KJ434956,terminal,1,0.0331901409,0.045315163624089966,0.012125022724089968,0.012125022724089968
LRMC-SoftImpute,65,24,78,LRMC_SoftImpute_completed_p65_rep24_seed78.csv,terminal:Cercopithecus_lhoesti_KJ434957,terminal,1,0.096446469,0.028141896397180878,-0.06830457260281914,0.06830457260281914
LRMC-SoftImpute,65,24,78,LRMC_SoftImpute_completed_p65_rep24_seed78.csv,internal:Cercopithecus_diana_KJ434958|Cercopithecus_neglectus_MW160353,internal,2,0.0175917107,0.041623309007016954,0.024031598307016955,0.024031598307016955
LRMC-SoftImpute,65,24,78,LRMC_SoftImpute_completed_p65_rep24_seed78.csv,terminal:Cercopithecus_diana_KJ434958,terminal,1,0.1093319625,0.003421434871037486,-0.10591052762896253,0.10591052762896253
LRMC-SoftImpute,65,24,78,LRMC_SoftImpute_completed_p65_rep24_seed78.csv,terminal:Cercopithecus_neglectus_MW160353,terminal,1,0.1017112524,0.01352427660814339,-0.08818697579185661,0.08818697579185661
LRMC-SoftImpute,65,25,79,LRMC_SoftImpute_completed_p65_rep25_seed79.csv,terminal:Allenopithecus_nigroviridis_KJ434962,terminal,1,0.1474140195,0.05055177976647408,-0.09686223973352592,0.09686223973352592
LRMC-SoftImpute,65,25,79,LRMC_SoftImpute_completed_p65_rep25_seed79.csv,internal:Cercocebus_atys_KT159932|Cercocebus_chrysogaster_KC757390|Cercocebus_torquatus_KJ434959,internal,3,0.1544494817,0.025345716690538207,-0.1291037650094618,0.1291037650094618
LRMC-SoftImpute,65,25,79,LRMC_SoftImpute_completed_p65_rep25_seed79.csv,internal:Cercocebus_atys_KT159932|Cercocebus_torquatus_KJ434959,internal,2,0.0094381611,0.012267437526140176,0.0028292764261401756,0.0028292764261401756
LRMC-SoftImpute,65,25,79,LRMC_SoftImpute_completed_p65_rep25_seed79.csv,terminal:Cercocebus_atys_KT159932,terminal,1,0.0508580169,0.03450514316145827,-0.016352873738541725,0.016352873738541725
LRMC-SoftImpute,65,25,79,LRMC_SoftImpute_completed_p65_rep25_seed79.csv,terminal:Cercocebus_torquatus_KJ434959,terminal,1,0.0562685839,0.04180632802178651,-0.014462255878213495,0.014462255878213495
LRMC-SoftImpute,65,25,79,LRMC_SoftImpute_completed_p65_rep25_seed79.csv,terminal:Cercocebus_chrysogaster_KC757390,terminal,1,0.0511259412,0.031072501253731444,-0.020053439946268552,0.020053439946268552
LRMC-SoftImpute,65,25,79,LRMC_SoftImpute_completed_p65_rep25_seed79.csv,internal:Allenopithecus_nigroviridis_KJ434962|Cercocebus_atys_KT159932|Cercocebus_chrysogaster_KC757390|Cercocebus_torquatus_KJ434959,internal,4,0.0346917556,0.0,-0.0346917556,0.0346917556
LRMC-SoftImpute,65,25,79,LRMC_SoftImpute_completed_p65_rep25_seed79.csv,internal:Cercopithecus_aethiops_AY863426|Chlorocebus_aethiops_C1_KU682691|Chlorocebus_aethiops_MN816163|Chlorocebus_cynosuros_C3_KU682693|Chlorocebus_cynosuros_KM262190|Chlorocebus_djamdjamensis_C5_KU682695,internal,6,0.0834758403,0.0004792224830448835,-0.08299661781695512,0.08299661781695512
LRMC-SoftImpute,65,25,79,LRMC_SoftImpute_completed_p65_rep25_seed79.csv,internal:Cercopithecus_aethiops_AY863426|Chlorocebus_aethiops_C1_KU682691|Chlorocebus_aethiops_MN816163|Chlorocebus_cynosuros_C3_KU682693|Chlorocebus_cynosuros_KM262190,internal,5,0.012780756,0.0,-0.012780756,0.012780756
LRMC-SoftImpute,65,25,79,LRMC_SoftImpute_completed_p65_rep25_seed79.csv,internal:Cercopithecus_aethiops_AY863426|Chlorocebus_aethiops_C1_KU682691|Chlorocebus_aethiops_MN816163,internal,3,0.0048654608,0.0,-0.0048654608,0.0048654608
LRMC-SoftImpute,65,25,79,LRMC_SoftImpute_completed_p65_rep25_seed79.csv,terminal:Cercopithecus_aethiops_AY863426,terminal,1,0.0221835236,0.0,-0.0221835236,0.0221835236
LRMC-SoftImpute,65,25,79,LRMC_SoftImpute_completed_p65_rep25_seed79.csv,internal:Chlorocebus_aethiops_C1_KU682691|Chlorocebus_aethiops_MN816163,internal,2,0.0120854426,0.0,-0.0120854426,0.0120854426
LRMC-SoftImpute,65,25,79,LRMC_SoftImpute_completed_p65_rep25_seed79.csv,terminal:Chlorocebus_aethiops_C1_KU682691,terminal,1,0.0080961876,0.034602894395768365,0.026506706795768366,0.026506706795768366
LRMC-SoftImpute,65,25,79,LRMC_SoftImpute_completed_p65_rep25_seed79.csv,terminal:Chlorocebus_aethiops_MN816163,terminal,1,0.0104642592,0.02574246271216103,0.01527820351216103,0.01527820351216103
LRMC-SoftImpute,65,25,79,LRMC_SoftImpute_completed_p65_rep25_seed79.csv,internal:Chlorocebus_cynosuros_C3_KU682693|Chlorocebus_cynosuros_KM262190,internal,2,0.0017398823,0.027108857186356094,0.025368974886356095,0.025368974886356095
LRMC-SoftImpute,65,25,79,LRMC_SoftImpute_completed_p65_rep25_seed79.csv,terminal:Chlorocebus_cynosuros_C3_KU682693,terminal,1,0.0241962287,0.01969337813486126,-0.004502850565138741,0.004502850565138741
LRMC-SoftImpute,65,25,79,LRMC_SoftImpute_completed_p65_rep25_seed79.csv,terminal:Chlorocebus_cynosuros_KM262190,terminal,1,0.0250691331,0.01879890496173834,-0.006270228138261662,0.006270228138261662
LRMC-SoftImpute,65,25,79,LRMC_SoftImpute_completed_p65_rep25_seed79.csv,terminal:Chlorocebus_djamdjamensis_C5_KU682695,terminal,1,0.0319881948,0.025331651400948084,-0.006656543399051917,0.006656543399051917
LRMC-SoftImpute,65,25,79,LRMC_SoftImpute_completed_p65_rep25_seed79.csv,internal:Cercopithecus_albogularis_KC757391|Cercopithecus_diana_KJ434958|Cercopithecus_lhoesti_KJ434957|Cercopithecus_mitis_KJ434956|Cercopithecus_neglectus_MW160353,internal,5,0.0020104988,0.0,-0.0020104988,0.0020104988
LRMC-SoftImpute,65,25,79,LRMC_SoftImpute_completed_p65_rep25_seed79.csv,internal:Cercopithecus_albogularis_KC757391|Cercopithecus_lhoesti_KJ434957|Cercopithecus_mitis_KJ434956,internal,3,0.0167387771,0.0,-0.0167387771,0.0167387771
LRMC-SoftImpute,65,25,79,LRMC_SoftImpute_completed_p65_rep25_seed79.csv,internal:Cercopithecus_albogularis_KC757391|Cercopithecus_mitis_KJ434956,internal,2,0.0593605632,0.0,-0.0593605632,0.0593605632
LRMC-SoftImpute,65,25,79,LRMC_SoftImpute_completed_p65_rep25_seed79.csv,terminal:Cercopithecus_albogularis_KC757391,terminal,1,0.0366651729,0.0365904511647915,-7.472173520849806e-05,7.472173520849806e-05
LRMC-SoftImpute,65,25,79,LRMC_SoftImpute_completed_p65_rep25_seed79.csv,terminal:Cercopithecus_mitis_KJ434956,terminal,1,0.0331901409,0.04998332518914263,0.01679318428914263,0.01679318428914263
LRMC-SoftImpute,65,25,79,LRMC_SoftImpute_completed_p65_rep25_seed79.csv,terminal:Cercopithecus_lhoesti_KJ434957,terminal,1,0.096446469,0.0358747616784922,-0.06057170732150781,0.06057170732150781
LRMC-SoftImpute,65,25,79,LRMC_SoftImpute_completed_p65_rep25_seed79.csv,internal:Cercopithecus_diana_KJ434958|Cercopithecus_neglectus_MW160353,internal,2,0.0175917107,0.0203573228677751,0.0027656121677751,0.0027656121677751
LRMC-SoftImpute,65,25,79,LRMC_SoftImpute_completed_p65_rep25_seed79.csv,terminal:Cercopithecus_diana_KJ434958,terminal,1,0.1093319625,0.014493692726109661,-0.09483826977389034,0.09483826977389034
LRMC-SoftImpute,65,25,79,LRMC_SoftImpute_completed_p65_rep25_seed79.csv,terminal:Cercopithecus_neglectus_MW160353,terminal,1,0.1017112524,0.048481295319601346,-0.05322995708039865,0.05322995708039865
LRMC-SoftImpute,65,26,80,LRMC_SoftImpute_completed_p65_rep26_seed80.csv,terminal:Allenopithecus_nigroviridis_KJ434962,terminal,1,0.1474140195,0.045352439521396684,-0.10206157997860331,0.10206157997860331
LRMC-SoftImpute,65,26,80,LRMC_SoftImpute_completed_p65_rep26_seed80.csv,internal:Cercocebus_atys_KT159932|Cercocebus_chrysogaster_KC757390|Cercocebus_torquatus_KJ434959,internal,3,0.1544494817,0.02476477158287999,-0.12968471011712002,0.12968471011712002
LRMC-SoftImpute,65,26,80,LRMC_SoftImpute_completed_p65_rep26_seed80.csv,internal:Cercocebus_atys_KT159932|Cercocebus_torquatus_KJ434959,internal,2,0.0094381611,0.0,-0.0094381611,0.0094381611
LRMC-SoftImpute,65,26,80,LRMC_SoftImpute_completed_p65_rep26_seed80.csv,terminal:Cercocebus_atys_KT159932,terminal,1,0.0508580169,0.02481945070940851,-0.026038566190591486,0.026038566190591486
LRMC-SoftImpute,65,26,80,LRMC_SoftImpute_completed_p65_rep26_seed80.csv,terminal:Cercocebus_torquatus_KJ434959,terminal,1,0.0562685839,0.03819059165680796,-0.018077992243192044,0.018077992243192044
LRMC-SoftImpute,65,26,80,LRMC_SoftImpute_completed_p65_rep26_seed80.csv,terminal:Cercocebus_chrysogaster_KC757390,terminal,1,0.0511259412,0.04390573926693365,-0.007220201933066349,0.007220201933066349
LRMC-SoftImpute,65,26,80,LRMC_SoftImpute_completed_p65_rep26_seed80.csv,internal:Allenopithecus_nigroviridis_KJ434962|Cercocebus_atys_KT159932|Cercocebus_chrysogaster_KC757390|Cercocebus_torquatus_KJ434959,internal,4,0.0346917556,0.0,-0.0346917556,0.0346917556
LRMC-SoftImpute,65,26,80,LRMC_SoftImpute_completed_p65_rep26_seed80.csv,internal:Cercopithecus_aethiops_AY863426|Chlorocebus_aethiops_C1_KU682691|Chlorocebus_aethiops_MN816163|Chlorocebus_cynosuros_C3_KU682693|Chlorocebus_cynosuros_KM262190|Chlorocebus_djamdjamensis_C5_KU682695,internal,6,0.0834758403,0.03179209514486782,-0.05168374515513219,0.05168374515513219
LRMC-SoftImpute,65,26,80,LRMC_SoftImpute_completed_p65_rep26_seed80.csv,internal:Cercopithecus_aethiops_AY863426|Chlorocebus_aethiops_C1_KU682691|Chlorocebus_aethiops_MN816163|Chlorocebus_cynosuros_C3_KU682693|Chlorocebus_cynosuros_KM262190,internal,5,0.012780756,0.01178892427303212,-0.0009918317269678803,0.0009918317269678803
LRMC-SoftImpute,65,26,80,LRMC_SoftImpute_completed_p65_rep26_seed80.csv,internal:Cercopithecus_aethiops_AY863426|Chlorocebus_aethiops_C1_KU682691|Chlorocebus_aethiops_MN816163,internal,3,0.0048654608,0.012052173018638148,0.007186712218638148,0.007186712218638148
LRMC-SoftImpute,65,26,80,LRMC_SoftImpute_completed_p65_rep26_seed80.csv,terminal:Cercopithecus_aethiops_AY863426,terminal,1,0.0221835236,0.006557918984195892,-0.01562560461580411,0.01562560461580411
LRMC-SoftImpute,65,26,80,LRMC_SoftImpute_completed_p65_rep26_seed80.csv,internal:Chlorocebus_aethiops_C1_KU682691|Chlorocebus_aethiops_MN816163,internal,2,0.0120854426,0.0012599329152983508,-0.010825509684701648,0.010825509684701648
LRMC-SoftImpute,65,26,80,LRMC_SoftImpute_completed_p65_rep26_seed80.csv,terminal:Chlorocebus_aethiops_C1_KU682691,terminal,1,0.0080961876,0.011651386053151025,0.0035551984531510244,0.0035551984531510244
LRMC-SoftImpute,65,26,80,LRMC_SoftImpute_completed_p65_rep26_seed80.csv,terminal:Chlorocebus_aethiops_MN816163,terminal,1,0.0104642592,0.0028743317028783757,-0.007589927497121623,0.007589927497121623
LRMC-SoftImpute,65,26,80,LRMC_SoftImpute_completed_p65_rep26_seed80.csv,internal:Chlorocebus_cynosuros_C3_KU682693|Chlorocebus_cynosuros_KM262190,internal,2,0.0017398823,0.0,-0.0017398823,0.0017398823
LRMC-SoftImpute,65,26,80,LRMC_SoftImpute_completed_p65_rep26_seed80.csv,terminal:Chlorocebus_cynosuros_C3_KU682693,terminal,1,0.0241962287,0.0,-0.0241962287,0.0241962287
LRMC-SoftImpute,65,26,80,LRMC_SoftImpute_completed_p65_rep26_seed80.csv,terminal:Chlorocebus_cynosuros_KM262190,terminal,1,0.0250691331,0.026486439208686135,0.0014173061086861331,0.0014173061086861331
LRMC-SoftImpute,65,26,80,LRMC_SoftImpute_completed_p65_rep26_seed80.csv,terminal:Chlorocebus_djamdjamensis_C5_KU682695,terminal,1,0.0319881948,0.024355479615779912,-0.007632715184220089,0.007632715184220089
LRMC-SoftImpute,65,26,80,LRMC_SoftImpute_completed_p65_rep26_seed80.csv,internal:Cercopithecus_albogularis_KC757391|Cercopithecus_diana_KJ434958|Cercopithecus_lhoesti_KJ434957|Cercopithecus_mitis_KJ434956|Cercopithecus_neglectus_MW160353,internal,5,0.0020104988,0.0,-0.0020104988,0.0020104988
LRMC-SoftImpute,65,26,80,LRMC_SoftImpute_completed_p65_rep26_seed80.csv,internal:Cercopithecus_albogularis_KC757391|Cercopithecus_lhoesti_KJ434957|Cercopithecus_mitis_KJ434956,internal,3,0.0167387771,0.0,-0.0167387771,0.0167387771
LRMC-SoftImpute,65,26,80,LRMC_SoftImpute_completed_p65_rep26_seed80.csv,internal:Cercopithecus_albogularis_KC757391|Cercopithecus_mitis_KJ434956,internal,2,0.0593605632,0.012099322988773274,-0.04726124021122673,0.04726124021122673
LRMC-SoftImpute,65,26,80,LRMC_SoftImpute_completed_p65_rep26_seed80.csv,terminal:Cercopithecus_albogularis_KC757391,terminal,1,0.0366651729,0.020560216880621394,-0.016104956019378606,0.016104956019378606
LRMC-SoftImpute,65,26,80,LRMC_SoftImpute_completed_p65_rep26_seed80.csv,terminal:Cercopithecus_mitis_KJ434956,terminal,1,0.0331901409,0.02106420804578874,-0.01212593285421126,0.01212593285421126
LRMC-SoftImpute,65,26,80,LRMC_SoftImpute_completed_p65_rep26_seed80.csv,terminal:Cercopithecus_lhoesti_KJ434957,terminal,1,0.096446469,0.028345523487997574,-0.06810094551200244,0.06810094551200244
LRMC-SoftImpute,65,26,80,LRMC_SoftImpute_completed_p65_rep26_seed80.csv,internal:Cercopithecus_diana_KJ434958|Cercopithecus_neglectus_MW160353,internal,2,0.0175917107,0.0,-0.0175917107,0.0175917107
LRMC-SoftImpute,65,26,80,LRMC_SoftImpute_completed_p65_rep26_seed80.csv,terminal:Cercopithecus_diana_KJ434958,terminal,1,0.1093319625,0.0479878113000353,-0.061344151199964704,0.061344151199964704
LRMC-SoftImpute,65,26,80,LRMC_SoftImpute_completed_p65_rep26_seed80.csv,terminal:Cercopithecus_neglectus_MW160353,terminal,1,0.1017112524,0.04527659284385447,-0.056434659556145524,0.056434659556145524
LRMC-SoftImpute,65,27,81,LRMC_SoftImpute_completed_p65_rep27_seed81.csv,terminal:Allenopithecus_nigroviridis_KJ434962,terminal,1,0.1474140195,0.0645330984843072,-0.08288092101569279,0.08288092101569279
LRMC-SoftImpute,65,27,81,LRMC_SoftImpute_completed_p65_rep27_seed81.csv,internal:Cercocebus_atys_KT159932|Cercocebus_chrysogaster_KC757390|Cercocebus_torquatus_KJ434959,internal,3,0.1544494817,0.000490993352166631,-0.15395848834783338,0.15395848834783338
LRMC-SoftImpute,65,27,81,LRMC_SoftImpute_completed_p65_rep27_seed81.csv,internal:Cercocebus_atys_KT159932|Cercocebus_torquatus_KJ434959,internal,2,0.0094381611,0.018403720916370925,0.008965559816370925,0.008965559816370925
LRMC-SoftImpute,65,27,81,LRMC_SoftImpute_completed_p65_rep27_seed81.csv,terminal:Cercocebus_atys_KT159932,terminal,1,0.0508580169,0.044761194120010915,-0.006096822779989082,0.006096822779989082
LRMC-SoftImpute,65,27,81,LRMC_SoftImpute_completed_p65_rep27_seed81.csv,terminal:Cercocebus_torquatus_KJ434959,terminal,1,0.0562685839,0.02916900314857774,-0.027099580751422263,0.027099580751422263
LRMC-SoftImpute,65,27,81,LRMC_SoftImpute_completed_p65_rep27_seed81.csv,terminal:Cercocebus_chrysogaster_KC757390,terminal,1,0.0511259412,0.03131029311196923,-0.01981564808803077,0.01981564808803077
LRMC-SoftImpute,65,27,81,LRMC_SoftImpute_completed_p65_rep27_seed81.csv,internal:Allenopithecus_nigroviridis_KJ434962|Cercocebus_atys_KT159932|Cercocebus_chrysogaster_KC757390|Cercocebus_torquatus_KJ434959,internal,4,0.0346917556,0.0,-0.0346917556,0.0346917556
LRMC-SoftImpute,65,27,81,LRMC_SoftImpute_completed_p65_rep27_seed81.csv,internal:Cercopithecus_aethiops_AY863426|Chlorocebus_aethiops_C1_KU682691|Chlorocebus_aethiops_MN816163|Chlorocebus_cynosuros_C3_KU682693|Chlorocebus_cynosuros_KM262190|Chlorocebus_djamdjamensis_C5_KU682695,internal,6,0.0834758403,0.0033585457067582397,-0.08011729459324177,0.08011729459324177
LRMC-SoftImpute,65,27,81,LRMC_SoftImpute_completed_p65_rep27_seed81.csv,internal:Cercopithecus_aethiops_AY863426|Chlorocebus_aethiops_C1_KU682691|Chlorocebus_aethiops_MN816163|Chlorocebus_cynosuros_C3_KU682693|Chlorocebus_cynosuros_KM262190,internal,5,0.012780756,0.0059569107354804935,-0.006823845264519507,0.006823845264519507
LRMC-SoftImpute,65,27,81,LRMC_SoftImpute_completed_p65_rep27_seed81.csv,internal:Cercopithecus_aethiops_AY863426|Chlorocebus_aethiops_C1_KU682691|Chlorocebus_aethiops_MN816163,internal,3,0.0048654608,0.004811622774196614,-5.3838025803385967e-05,5.3838025803385967e-05
LRMC-SoftImpute,65,27,81,LRMC_SoftImpute_completed_p65_rep27_seed81.csv,terminal:Cercopithecus_aethiops_AY863426,terminal,1,0.0221835236,0.004992139434788779,-0.017191384165211224,0.017191384165211224
LRMC-SoftImpute,65,27,81,LRMC_SoftImpute_completed_p65_rep27_seed81.csv,internal:Chlorocebus_aethiops_C1_KU682691|Chlorocebus_aethiops_MN816163,internal,2,0.0120854426,0.022001916371399116,0.009916473771399117,0.009916473771399117
LRMC-SoftImpute,65,27,81,LRMC_SoftImpute_completed_p65_rep27_seed81.csv,terminal:Chlorocebus_aethiops_C1_KU682691,terminal,1,0.0080961876,0.016373877013446,0.008277689413446,0.008277689413446
LRMC-SoftImpute,65,27,81,LRMC_SoftImpute_completed_p65_rep27_seed81.csv,terminal:Chlorocebus_aethiops_MN816163,terminal,1,0.0104642592,0.0,-0.0104642592,0.0104642592
LRMC-SoftImpute,65,27,81,LRMC_SoftImpute_completed_p65_rep27_seed81.csv,internal:Chlorocebus_cynosuros_C3_KU682693|Chlorocebus_cynosuros_KM262190,internal,2,0.0017398823,0.0,-0.0017398823,0.0017398823
LRMC-SoftImpute,65,27,81,LRMC_SoftImpute_completed_p65_rep27_seed81.csv,terminal:Chlorocebus_cynosuros_C3_KU682693,terminal,1,0.0241962287,0.02087596957338145,-0.003320259126618548,0.003320259126618548
LRMC-SoftImpute,65,27,81,LRMC_SoftImpute_completed_p65_rep27_seed81.csv,terminal:Chlorocebus_cynosuros_KM262190,terminal,1,0.0250691331,0.006464818534963362,-0.01860431456503664,0.01860431456503664
LRMC-SoftImpute,65,27,81,LRMC_SoftImpute_completed_p65_rep27_seed81.csv,terminal:Chlorocebus_djamdjamensis_C5_KU682695,terminal,1,0.0319881948,0.023502473675146372,-0.008485721124853629,0.008485721124853629
LRMC-SoftImpute,65,27,81,LRMC_SoftImpute_completed_p65_rep27_seed81.csv,internal:Cercopithecus_albogularis_KC757391|Cercopithecus_diana_KJ434958|Cercopithecus_lhoesti_KJ434957|Cercopithecus_mitis_KJ434956|Cercopithecus_neglectus_MW160353,internal,5,0.0020104988,0.0,-0.0020104988,0.0020104988
LRMC-SoftImpute,65,27,81,LRMC_SoftImpute_completed_p65_rep27_seed81.csv,internal:Cercopithecus_albogularis_KC757391|Cercopithecus_lhoesti_KJ434957|Cercopithecus_mitis_KJ434956,internal,3,0.0167387771,0.03468228275863201,0.017943505658632012,0.017943505658632012
LRMC-SoftImpute,65,27,81,LRMC_SoftImpute_completed_p65_rep27_seed81.csv,internal:Cercopithecus_albogularis_KC757391|Cercopithecus_mitis_KJ434956,internal,2,0.0593605632,0.0,-0.0593605632,0.0593605632
LRMC-SoftImpute,65,27,81,LRMC_SoftImpute_completed_p65_rep27_seed81.csv,terminal:Cercopithecus_albogularis_KC757391,terminal,1,0.0366651729,0.03529910160908815,-0.0013660712909118536,0.0013660712909118536
LRMC-SoftImpute,65,27,81,LRMC_SoftImpute_completed_p65_rep27_seed81.csv,terminal:Cercopithecus_mitis_KJ434956,terminal,1,0.0331901409,0.002459757199617541,-0.030730383700382457,0.030730383700382457
LRMC-SoftImpute,65,27,81,LRMC_SoftImpute_completed_p65_rep27_seed81.csv,terminal:Cercopithecus_lhoesti_KJ434957,terminal,1,0.096446469,0.016694815369078818,-0.07975165363092118,0.07975165363092118
LRMC-SoftImpute,65,27,81,LRMC_SoftImpute_completed_p65_rep27_seed81.csv,internal:Cercopithecus_diana_KJ434958|Cercopithecus_neglectus_MW160353,internal,2,0.0175917107,0.0,-0.0175917107,0.0175917107
LRMC-SoftImpute,65,27,81,LRMC_SoftImpute_completed_p65_rep27_seed81.csv,terminal:Cercopithecus_diana_KJ434958,terminal,1,0.1093319625,0.04569150772605967,-0.06364045477394034,0.06364045477394034
LRMC-SoftImpute,65,27,81,LRMC_SoftImpute_completed_p65_rep27_seed81.csv,terminal:Cercopithecus_neglectus_MW160353,terminal,1,0.1017112524,0.05047987745373035,-0.05123137494626964,0.05123137494626964
LRMC-SoftImpute,65,28,82,LRMC_SoftImpute_completed_p65_rep28_seed82.csv,terminal:Allenopithecus_nigroviridis_KJ434962,terminal,1,0.1474140195,0.042601700025050246,-0.10481231947494975,0.10481231947494975
LRMC-SoftImpute,65,28,82,LRMC_SoftImpute_completed_p65_rep28_seed82.csv,internal:Cercocebus_atys_KT159932|Cercocebus_chrysogaster_KC757390|Cercocebus_torquatus_KJ434959,internal,3,0.1544494817,0.02086721903435063,-0.13358226266564938,0.13358226266564938
LRMC-SoftImpute,65,28,82,LRMC_SoftImpute_completed_p65_rep28_seed82.csv,internal:Cercocebus_atys_KT159932|Cercocebus_torquatus_KJ434959,internal,2,0.0094381611,0.0,-0.0094381611,0.0094381611
LRMC-SoftImpute,65,28,82,LRMC_SoftImpute_completed_p65_rep28_seed82.csv,terminal:Cercocebus_atys_KT159932,terminal,1,0.0508580169,0.030169864010574268,-0.02068815288942573,0.02068815288942573
LRMC-SoftImpute,65,28,82,LRMC_SoftImpute_completed_p65_rep28_seed82.csv,terminal:Cercocebus_torquatus_KJ434959,terminal,1,0.0562685839,0.020416564135876093,-0.03585201976412391,0.03585201976412391
LRMC-SoftImpute,65,28,82,LRMC_SoftImpute_completed_p65_rep28_seed82.csv,terminal:Cercocebus_chrysogaster_KC757390,terminal,1,0.0511259412,0.03254265611878568,-0.018583285081214318,0.018583285081214318
LRMC-SoftImpute,65,28,82,LRMC_SoftImpute_completed_p65_rep28_seed82.csv,internal:Allenopithecus_nigroviridis_KJ434962|Cercocebus_atys_KT159932|Cercocebus_chrysogaster_KC757390|Cercocebus_torquatus_KJ434959,internal,4,0.0346917556,0.02398879954964543,-0.010702956050354567,0.010702956050354567
LRMC-SoftImpute,65,28,82,LRMC_SoftImpute_completed_p65_rep28_seed82.csv,internal:Cercopithecus_aethiops_AY863426|Chlorocebus_aethiops_C1_KU682691|Chlorocebus_aethiops_MN816163|Chlorocebus_cynosuros_C3_KU682693|Chlorocebus_cynosuros_KM262190|Chlorocebus_djamdjamensis_C5_KU682695,internal,6,0.0834758403,0.00803128376911999,-0.07544455653088002,0.07544455653088002
LRMC-SoftImpute,65,28,82,LRMC_SoftImpute_completed_p65_rep28_seed82.csv,internal:Cercopithecus_aethiops_AY863426|Chlorocebus_aethiops_C1_KU682691|Chlorocebus_aethiops_MN816163|Chlorocebus_cynosuros_C3_KU682693|Chlorocebus_cynosuros_KM262190,internal,5,0.012780756,0.008753149550589248,-0.004027606449410753,0.004027606449410753
LRMC-SoftImpute,65,28,82,LRMC_SoftImpute_completed_p65_rep28_seed82.csv,internal:Cercopithecus_aethiops_AY863426|Chlorocebus_aethiops_C1_KU682691|Chlorocebus_aethiops_MN816163,internal,3,0.0048654608,0.015300896462359694,0.010435435662359695,0.010435435662359695
LRMC-SoftImpute,65,28,82,LRMC_SoftImpute_completed_p65_rep28_seed82.csv,terminal:Cercopithecus_aethiops_AY863426,terminal,1,0.0221835236,0.012687074796544363,-0.009496448803455638,0.009496448803455638
LRMC-SoftImpute,65,28,82,LRMC_SoftImpute_completed_p65_rep28_seed82.csv,internal:Chlorocebus_aethiops_C1_KU682691|Chlorocebus_aethiops_MN816163,internal,2,0.0120854426,0.0,-0.0120854426,0.0120854426
LRMC-SoftImpute,65,28,82,LRMC_SoftImpute_completed_p65_rep28_seed82.csv,terminal:Chlorocebus_aethiops_C1_KU682691,terminal,1,0.0080961876,0.009020207752228546,0.0009240201522285451,0.0009240201522285451
LRMC-SoftImpute,65,28,82,LRMC_SoftImpute_completed_p65_rep28_seed82.csv,terminal:Chlorocebus_aethiops_MN816163,terminal,1,0.0104642592,0.0,-0.0104642592,0.0104642592
LRMC-SoftImpute,65,28,82,LRMC_SoftImpute_completed_p65_rep28_seed82.csv,internal:Chlorocebus_cynosuros_C3_KU682693|Chlorocebus_cynosuros_KM262190,internal,2,0.0017398823,0.0,-0.0017398823,0.0017398823
LRMC-SoftImpute,65,28,82,LRMC_SoftImpute_completed_p65_rep28_seed82.csv,terminal:Chlorocebus_cynosuros_C3_KU682693,terminal,1,0.0241962287,0.028278327971124933,0.004082099271124934,0.004082099271124934
LRMC-SoftImpute,65,28,82,LRMC_SoftImpute_completed_p65_rep28_seed82.csv,terminal:Chlorocebus_cynosuros_KM262190,terminal,1,0.0250691331,0.03324610666959015,0.00817697356959015,0.00817697356959015
LRMC-SoftImpute,65,28,82,LRMC_SoftImpute_completed_p65_rep28_seed82.csv,terminal:Chlorocebus_djamdjamensis_C5_KU682695,terminal,1,0.0319881948,0.042507532245694556,0.010519337445694554,0.010519337445694554
LRMC-SoftImpute,65,28,82,LRMC_SoftImpute_completed_p65_rep28_seed82.csv,internal:Cercopithecus_albogularis_KC757391|Cercopithecus_diana_KJ434958|Cercopithecus_lhoesti_KJ434957|Cercopithecus_mitis_KJ434956|Cercopithecus_neglectus_MW160353,internal,5,0.0020104988,0.0,-0.0020104988,0.0020104988
LRMC-SoftImpute,65,28,82,LRMC_SoftImpute_completed_p65_rep28_seed82.csv,internal:Cercopithecus_albogularis_KC757391|Cercopithecus_lhoesti_KJ434957|Cercopithecus_mitis_KJ434956,internal,3,0.0167387771,0.0,-0.0167387771,0.0167387771
LRMC-SoftImpute,65,28,82,LRMC_SoftImpute_completed_p65_rep28_seed82.csv,internal:Cercopithecus_albogularis_KC757391|Cercopithecus_mitis_KJ434956,internal,2,0.0593605632,0.0,-0.0593605632,0.0593605632
LRMC-SoftImpute,65,28,82,LRMC_SoftImpute_completed_p65_rep28_seed82.csv,terminal:Cercopithecus_albogularis_KC757391,terminal,1,0.0366651729,0.0,-0.0366651729,0.0366651729
LRMC-SoftImpute,65,28,82,LRMC_SoftImpute_completed_p65_rep28_seed82.csv,terminal:Cercopithecus_mitis_KJ434956,terminal,1,0.0331901409,0.03454934258967729,0.0013592016896772918,0.0013592016896772918
LRMC-SoftImpute,65,28,82,LRMC_SoftImpute_completed_p65_rep28_seed82.csv,terminal:Cercopithecus_lhoesti_KJ434957,terminal,1,0.096446469,0.03791420758689942,-0.058532261413100584,0.058532261413100584
LRMC-SoftImpute,65,28,82,LRMC_SoftImpute_completed_p65_rep28_seed82.csv,internal:Cercopithecus_diana_KJ434958|Cercopithecus_neglectus_MW160353,internal,2,0.0175917107,0.0,-0.0175917107,0.0175917107
LRMC-SoftImpute,65,28,82,LRMC_SoftImpute_completed_p65_rep28_seed82.csv,terminal:Cercopithecus_diana_KJ434958,terminal,1,0.1093319625,0.049532932909138176,-0.05979902959086183,0.05979902959086183
LRMC-SoftImpute,65,28,82,LRMC_SoftImpute_completed_p65_rep28_seed82.csv,terminal:Cercopithecus_neglectus_MW160353,terminal,1,0.1017112524,0.03533417567972893,-0.06637707672027107,0.06637707672027107
LRMC-SoftImpute,65,29,83,LRMC_SoftImpute_completed_p65_rep29_seed83.csv,terminal:Allenopithecus_nigroviridis_KJ434962,terminal,1,0.1474140195,0.057908281163965944,-0.08950573833603405,0.08950573833603405
LRMC-SoftImpute,65,29,83,LRMC_SoftImpute_completed_p65_rep29_seed83.csv,internal:Cercocebus_atys_KT159932|Cercocebus_chrysogaster_KC757390|Cercocebus_torquatus_KJ434959,internal,3,0.1544494817,0.0378398601779926,-0.1166096215220074,0.1166096215220074
LRMC-SoftImpute,65,29,83,LRMC_SoftImpute_completed_p65_rep29_seed83.csv,internal:Cercocebus_atys_KT159932|Cercocebus_torquatus_KJ434959,internal,2,0.0094381611,0.0,-0.0094381611,0.0094381611
LRMC-SoftImpute,65,29,83,LRMC_SoftImpute_completed_p65_rep29_seed83.csv,terminal:Cercocebus_atys_KT159932,terminal,1,0.0508580169,0.017940842254086167,-0.03291717464591383,0.03291717464591383
LRMC-SoftImpute,65,29,83,LRMC_SoftImpute_completed_p65_rep29_seed83.csv,terminal:Cercocebus_torquatus_KJ434959,terminal,1,0.0562685839,0.0356003418081991,-0.020668242091800904,0.020668242091800904
LRMC-SoftImpute,65,29,83,LRMC_SoftImpute_completed_p65_rep29_seed83.csv,terminal:Cercocebus_chrysogaster_KC757390,terminal,1,0.0511259412,0.009071730640030785,-0.04205421055996921,0.04205421055996921
LRMC-SoftImpute,65,29,83,LRMC_SoftImpute_completed_p65_rep29_seed83.csv,internal:Allenopithecus_nigroviridis_KJ434962|Cercocebus_atys_KT159932|Cercocebus_chrysogaster_KC757390|Cercocebus_torquatus_KJ434959,internal,4,0.0346917556,0.0,-0.0346917556,0.0346917556
LRMC-SoftImpute,65,29,83,LRMC_SoftImpute_completed_p65_rep29_seed83.csv,internal:Cercopithecus_aethiops_AY863426|Chlorocebus_aethiops_C1_KU682691|Chlorocebus_aethiops_MN816163|Chlorocebus_cynosuros_C3_KU682693|Chlorocebus_cynosuros_KM262190|Chlorocebus_djamdjamensis_C5_KU682695,internal,6,0.0834758403,5.6071109549934946e-05,-0.08341976919045008,0.08341976919045008
LRMC-SoftImpute,65,29,83,LRMC_SoftImpute_completed_p65_rep29_seed83.csv,internal:Cercopithecus_aethiops_AY863426|Chlorocebus_aethiops_C1_KU682691|Chlorocebus_aethiops_MN816163|Chlorocebus_cynosuros_C3_KU682693|Chlorocebus_cynosuros_KM262190,internal,5,0.012780756,0.012239123623395055,-0.0005416323766049454,0.0005416323766049454
LRMC-SoftImpute,65,29,83,LRMC_SoftImpute_completed_p65_rep29_seed83.csv,internal:Cercopithecus_aethiops_AY863426|Chlorocebus_aethiops_C1_KU682691|Chlorocebus_aethiops_MN816163,internal,3,0.0048654608,0.027699496751479185,0.022834035951479186,0.022834035951479186
LRMC-SoftImpute,65,29,83,LRMC_SoftImpute_completed_p65_rep29_seed83.csv,terminal:Cercopithecus_aethiops_AY863426,terminal,1,0.0221835236,0.014765781994236175,-0.0074177416057638265,0.0074177416057638265
LRMC-SoftImpute,65,29,83,LRMC_SoftImpute_completed_p65_rep29_seed83.csv,internal:Chlorocebus_aethiops_C1_KU682691|Chlorocebus_aethiops_MN816163,internal,2,0.0120854426,0.0,-0.0120854426,0.0120854426
LRMC-SoftImpute,65,29,83,LRMC_SoftImpute_completed_p65_rep29_seed83.csv,terminal:Chlorocebus_aethiops_C1_KU682691,terminal,1,0.0080961876,0.012249194205228318,0.004153006605228318,0.004153006605228318
LRMC-SoftImpute,65,29,83,LRMC_SoftImpute_completed_p65_rep29_seed83.csv,terminal:Chlorocebus_aethiops_MN816163,terminal,1,0.0104642592,0.010723286302846758,0.0002590271028467591,0.0002590271028467591
LRMC-SoftImpute,65,29,83,LRMC_SoftImpute_completed_p65_rep29_seed83.csv,internal:Chlorocebus_cynosuros_C3_KU682693|Chlorocebus_cynosuros_KM262190,internal,2,0.0017398823,0.0,-0.0017398823,0.0017398823
LRMC-SoftImpute,65,29,83,LRMC_SoftImpute_completed_p65_rep29_seed83.csv,terminal:Chlorocebus_cynosuros_C3_KU682693,terminal,1,0.0241962287,0.007481624193999675,-0.016714604506000326,0.016714604506000326
LRMC-SoftImpute,65,29,83,LRMC_SoftImpute_completed_p65_rep29_seed83.csv,terminal:Chlorocebus_cynosuros_KM262190,terminal,1,0.0250691331,0.002983020048556565,-0.022086113051443437,0.022086113051443437
LRMC-SoftImpute,65,29,83,LRMC_SoftImpute_completed_p65_rep29_seed83.csv,terminal:Chlorocebus_djamdjamensis_C5_KU682695,terminal,1,0.0319881948,0.01840082446647072,-0.013587370333529282,0.013587370333529282
LRMC-SoftImpute,65,29,83,LRMC_SoftImpute_completed_p65_rep29_seed83.csv,internal:Cercopithecus_albogularis_KC757391|Cercopithecus_diana_KJ434958|Cercopithecus_lhoesti_KJ434957|Cercopithecus_mitis_KJ434956|Cercopithecus_neglectus_MW160353,internal,5,0.0020104988,0.004653290835474281,0.0026427920354742808,0.0026427920354742808
LRMC-SoftImpute,65,29,83,LRMC_SoftImpute_completed_p65_rep29_seed83.csv,internal:Cercopithecus_albogularis_KC757391|Cercopithecus_lhoesti_KJ434957|Cercopithecus_mitis_KJ434956,internal,3,0.0167387771,0.0,-0.0167387771,0.0167387771
LRMC-SoftImpute,65,29,83,LRMC_SoftImpute_completed_p65_rep29_seed83.csv,internal:Cercopithecus_albogularis_KC757391|Cercopithecus_mitis_KJ434956,internal,2,0.0593605632,0.011232286052885234,-0.04812827714711477,0.04812827714711477
LRMC-SoftImpute,65,29,83,LRMC_SoftImpute_completed_p65_rep29_seed83.csv,terminal:Cercopithecus_albogularis_KC757391,terminal,1,0.0366651729,0.025952307997420744,-0.010712864902579257,0.010712864902579257
LRMC-SoftImpute,65,29,83,LRMC_SoftImpute_completed_p65_rep29_seed83.csv,terminal:Cercopithecus_mitis_KJ434956,terminal,1,0.0331901409,0.0022905984628713615,-0.030899542437128637,0.030899542437128637
LRMC-SoftImpute,65,29,83,LRMC_SoftImpute_completed_p65_rep29_seed83.csv,terminal:Cercopithecus_lhoesti_KJ434957,terminal,1,0.096446469,0.0428715179180269,-0.053574951081973105,0.053574951081973105
LRMC-SoftImpute,65,29,83,LRMC_SoftImpute_completed_p65_rep29_seed83.csv,internal:Cercopithecus_diana_KJ434958|Cercopithecus_neglectus_MW160353,internal,2,0.0175917107,0.017780372234677995,0.000188661534677996,0.000188661534677996
LRMC-SoftImpute,65,29,83,LRMC_SoftImpute_completed_p65_rep29_seed83.csv,terminal:Cercopithecus_diana_KJ434958,terminal,1,0.1093319625,0.03012050858074611,-0.0792114539192539,0.0792114539192539
LRMC-SoftImpute,65,29,83,LRMC_SoftImpute_completed_p65_rep29_seed83.csv,terminal:Cercopithecus_neglectus_MW160353,terminal,1,0.1017112524,0.030453320362226078,-0.07125793203777392,0.07125793203777392
LRMC-SoftImpute,65,30,84,LRMC_SoftImpute_completed_p65_rep30_seed84.csv,terminal:Allenopithecus_nigroviridis_KJ434962,terminal,1,0.1474140195,0.05338075006900721,-0.09403326943099279,0.09403326943099279
LRMC-SoftImpute,65,30,84,LRMC_SoftImpute_completed_p65_rep30_seed84.csv,internal:Cercocebus_atys_KT159932|Cercocebus_chrysogaster_KC757390|Cercocebus_torquatus_KJ434959,internal,3,0.1544494817,0.047019496300446,-0.107429985399554,0.107429985399554
LRMC-SoftImpute,65,30,84,LRMC_SoftImpute_completed_p65_rep30_seed84.csv,internal:Cercocebus_atys_KT159932|Cercocebus_torquatus_KJ434959,internal,2,0.0094381611,0.001923294381973949,-0.007514866718026051,0.007514866718026051
LRMC-SoftImpute,65,30,84,LRMC_SoftImpute_completed_p65_rep30_seed84.csv,terminal:Cercocebus_atys_KT159932,terminal,1,0.0508580169,0.01788090687319624,-0.03297711002680376,0.03297711002680376
LRMC-SoftImpute,65,30,84,LRMC_SoftImpute_completed_p65_rep30_seed84.csv,terminal:Cercocebus_torquatus_KJ434959,terminal,1,0.0562685839,0.018363933773902528,-0.03790465012609748,0.03790465012609748
LRMC-SoftImpute,65,30,84,LRMC_SoftImpute_completed_p65_rep30_seed84.csv,terminal:Cercocebus_chrysogaster_KC757390,terminal,1,0.0511259412,0.036341532037149966,-0.01478440916285003,0.01478440916285003
LRMC-SoftImpute,65,30,84,LRMC_SoftImpute_completed_p65_rep30_seed84.csv,internal:Allenopithecus_nigroviridis_KJ434962|Cercocebus_atys_KT159932|Cercocebus_chrysogaster_KC757390|Cercocebus_torquatus_KJ434959,internal,4,0.0346917556,0.0,-0.0346917556,0.0346917556
LRMC-SoftImpute,65,30,84,LRMC_SoftImpute_completed_p65_rep30_seed84.csv,internal:Cercopithecus_aethiops_AY863426|Chlorocebus_aethiops_C1_KU682691|Chlorocebus_aethiops_MN816163|Chlorocebus_cynosuros_C3_KU682693|Chlorocebus_cynosuros_KM262190|Chlorocebus_djamdjamensis_C5_KU682695,internal,6,0.0834758403,0.00478573503296561,-0.07869010526703439,0.07869010526703439
LRMC-SoftImpute,65,30,84,LRMC_SoftImpute_completed_p65_rep30_seed84.csv,internal:Cercopithecus_aethiops_AY863426|Chlorocebus_aethiops_C1_KU682691|Chlorocebus_aethiops_MN816163|Chlorocebus_cynosuros_C3_KU682693|Chlorocebus_cynosuros_KM262190,internal,5,0.012780756,0.0,-0.012780756,0.012780756
LRMC-SoftImpute,65,30,84,LRMC_SoftImpute_completed_p65_rep30_seed84.csv,internal:Cercopithecus_aethiops_AY863426|Chlorocebus_aethiops_C1_KU682691|Chlorocebus_aethiops_MN816163,internal,3,0.0048654608,0.0,-0.0048654608,0.0048654608
LRMC-SoftImpute,65,30,84,LRMC_SoftImpute_completed_p65_rep30_seed84.csv,terminal:Cercopithecus_aethiops_AY863426,terminal,1,0.0221835236,0.0,-0.0221835236,0.0221835236
LRMC-SoftImpute,65,30,84,LRMC_SoftImpute_completed_p65_rep30_seed84.csv,internal:Chlorocebus_aethiops_C1_KU682691|Chlorocebus_aethiops_MN816163,internal,2,0.0120854426,0.026297265135198245,0.014211822535198246,0.014211822535198246
LRMC-SoftImpute,65,30,84,LRMC_SoftImpute_completed_p65_rep30_seed84.csv,terminal:Chlorocebus_aethiops_C1_KU682691,terminal,1,0.0080961876,0.017024202947907036,0.008928015347907036,0.008928015347907036
LRMC-SoftImpute,65,30,84,LRMC_SoftImpute_completed_p65_rep30_seed84.csv,terminal:Chlorocebus_aethiops_MN816163,terminal,1,0.0104642592,0.00316822583314424,-0.00729603336685576,0.00729603336685576
LRMC-SoftImpute,65,30,84,LRMC_SoftImpute_completed_p65_rep30_seed84.csv,internal:Chlorocebus_cynosuros_C3_KU682693|Chlorocebus_cynosuros_KM262190,internal,2,0.0017398823,0.0,-0.0017398823,0.0017398823
LRMC-SoftImpute,65,30,84,LRMC_SoftImpute_completed_p65_rep30_seed84.csv,terminal:Chlorocebus_cynosuros_C3_KU682693,terminal,1,0.0241962287,0.03687337899149768,0.012677150291497682,0.012677150291497682
LRMC-SoftImpute,65,30,84,LRMC_SoftImpute_completed_p65_rep30_seed84.csv,terminal:Chlorocebus_cynosuros_KM262190,terminal,1,0.0250691331,0.021351884611828093,-0.0037172484881719085,0.0037172484881719085
LRMC-SoftImpute,65,30,84,LRMC_SoftImpute_completed_p65_rep30_seed84.csv,terminal:Chlorocebus_djamdjamensis_C5_KU682695,terminal,1,0.0319881948,0.027417081849631462,-0.0045711129503685395,0.0045711129503685395
LRMC-SoftImpute,65,30,84,LRMC_SoftImpute_completed_p65_rep30_seed84.csv,internal:Cercopithecus_albogularis_KC757391|Cercopithecus_diana_KJ434958|Cercopithecus_lhoesti_KJ434957|Cercopithecus_mitis_KJ434956|Cercopithecus_neglectus_MW160353,internal,5,0.0020104988,0.0030120122453507797,0.0010015134453507796,0.0010015134453507796
LRMC-SoftImpute,65,30,84,LRMC_SoftImpute_completed_p65_rep30_seed84.csv,internal:Cercopithecus_albogularis_KC757391|Cercopithecus_lhoesti_KJ434957|Cercopithecus_mitis_KJ434956,internal,3,0.0167387771,0.0,-0.0167387771,0.0167387771
LRMC-SoftImpute,65,30,84,LRMC_SoftImpute_completed_p65_rep30_seed84.csv,internal:Cercopithecus_albogularis_KC757391|Cercopithecus_mitis_KJ434956,internal,2,0.0593605632,0.005597400414986795,-0.053763162785013204,0.053763162785013204
LRMC-SoftImpute,65,30,84,LRMC_SoftImpute_completed_p65_rep30_seed84.csv,terminal:Cercopithecus_albogularis_KC757391,terminal,1,0.0366651729,0.0265716033974124,-0.0100935695025876,0.0100935695025876
LRMC-SoftImpute,65,30,84,LRMC_SoftImpute_completed_p65_rep30_seed84.csv,terminal:Cercopithecus_mitis_KJ434956,terminal,1,0.0331901409,0.027058259649490997,-0.006131881250509001,0.006131881250509001
LRMC-SoftImpute,65,30,84,LRMC_SoftImpute_completed_p65_rep30_seed84.csv,terminal:Cercopithecus_lhoesti_KJ434957,terminal,1,0.096446469,0.03391563070195653,-0.06253083829804348,0.06253083829804348
LRMC-SoftImpute,65,30,84,LRMC_SoftImpute_completed_p65_rep30_seed84.csv,internal:Cercopithecus_diana_KJ434958|Cercopithecus_neglectus_MW160353,internal,2,0.0175917107,0.0,-0.0175917107,0.0175917107
LRMC-SoftImpute,65,30,84,LRMC_SoftImpute_completed_p65_rep30_seed84.csv,terminal:Cercopithecus_diana_KJ434958,terminal,1,0.1093319625,0.04579431421443997,-0.06353764828556004,0.06353764828556004
LRMC-SoftImpute,65,30,84,LRMC_SoftImpute_completed_p65_rep30_seed84.csv,terminal:Cercopithecus_neglectus_MW160353,terminal,1,0.1017112524,0.04242194330928519,-0.0592893090907148,0.0592893090907148
LRMC-SoftImpute,85,1,55,LRMC_SoftImpute_completed_p85_rep01_seed55.csv,terminal:Allenopithecus_nigroviridis_KJ434962,terminal,1,0.1474140195,0.03771250706802193,-0.10970151243197807,0.10970151243197807
LRMC-SoftImpute,85,1,55,LRMC_SoftImpute_completed_p85_rep01_seed55.csv,internal:Cercocebus_atys_KT159932|Cercocebus_chrysogaster_KC757390|Cercocebus_torquatus_KJ434959,internal,3,0.1544494817,0.010756087271803369,-0.14369339442819662,0.14369339442819662
LRMC-SoftImpute,85,1,55,LRMC_SoftImpute_completed_p85_rep01_seed55.csv,internal:Cercocebus_atys_KT159932|Cercocebus_torquatus_KJ434959,internal,2,0.0094381611,0.009313854925752412,-0.00012430617424758796,0.00012430617424758796
LRMC-SoftImpute,85,1,55,LRMC_SoftImpute_completed_p85_rep01_seed55.csv,terminal:Cercocebus_atys_KT159932,terminal,1,0.0508580169,0.032240494502398125,-0.018617522397601872,0.018617522397601872
LRMC-SoftImpute,85,1,55,LRMC_SoftImpute_completed_p85_rep01_seed55.csv,terminal:Cercocebus_torquatus_KJ434959,terminal,1,0.0562685839,0.006539342925117471,-0.04972924097488253,0.04972924097488253
LRMC-SoftImpute,85,1,55,LRMC_SoftImpute_completed_p85_rep01_seed55.csv,terminal:Cercocebus_chrysogaster_KC757390,terminal,1,0.0511259412,0.020951208074978092,-0.030174733125021905,0.030174733125021905
LRMC-SoftImpute,85,1,55,LRMC_SoftImpute_completed_p85_rep01_seed55.csv,internal:Allenopithecus_nigroviridis_KJ434962|Cercocebus_atys_KT159932|Cercocebus_chrysogaster_KC757390|Cercocebus_torquatus_KJ434959,internal,4,0.0346917556,0.0,-0.0346917556,0.0346917556
LRMC-SoftImpute,85,1,55,LRMC_SoftImpute_completed_p85_rep01_seed55.csv,internal:Cercopithecus_aethiops_AY863426|Chlorocebus_aethiops_C1_KU682691|Chlorocebus_aethiops_MN816163|Chlorocebus_cynosuros_C3_KU682693|Chlorocebus_cynosuros_KM262190|Chlorocebus_djamdjamensis_C5_KU682695,internal,6,0.0834758403,0.0,-0.0834758403,0.0834758403
LRMC-SoftImpute,85,1,55,LRMC_SoftImpute_completed_p85_rep01_seed55.csv,internal:Cercopithecus_aethiops_AY863426|Chlorocebus_aethiops_C1_KU682691|Chlorocebus_aethiops_MN816163|Chlorocebus_cynosuros_C3_KU682693|Chlorocebus_cynosuros_KM262190,internal,5,0.012780756,0.0,-0.012780756,0.012780756
LRMC-SoftImpute,85,1,55,LRMC_SoftImpute_completed_p85_rep01_seed55.csv,internal:Cercopithecus_aethiops_AY863426|Chlorocebus_aethiops_C1_KU682691|Chlorocebus_aethiops_MN816163,internal,3,0.0048654608,0.0,-0.0048654608,0.0048654608
LRMC-SoftImpute,85,1,55,LRMC_SoftImpute_completed_p85_rep01_seed55.csv,terminal:Cercopithecus_aethiops_AY863426,terminal,1,0.0221835236,0.0,-0.0221835236,0.0221835236
LRMC-SoftImpute,85,1,55,LRMC_SoftImpute_completed_p85_rep01_seed55.csv,internal:Chlorocebus_aethiops_C1_KU682691|Chlorocebus_aethiops_MN816163,internal,2,0.0120854426,0.0,-0.0120854426,0.0120854426
LRMC-SoftImpute,85,1,55,LRMC_SoftImpute_completed_p85_rep01_seed55.csv,terminal:Chlorocebus_aethiops_C1_KU682691,terminal,1,0.0080961876,0.03619389895827502,0.028097711358275018,0.028097711358275018
LRMC-SoftImpute,85,1,55,LRMC_SoftImpute_completed_p85_rep01_seed55.csv,terminal:Chlorocebus_aethiops_MN816163,terminal,1,0.0104642592,0.03186748426680251,0.021403225066802513,0.021403225066802513
LRMC-SoftImpute,85,1,55,LRMC_SoftImpute_completed_p85_rep01_seed55.csv,internal:Chlorocebus_cynosuros_C3_KU682693|Chlorocebus_cynosuros_KM262190,internal,2,0.0017398823,0.0,-0.0017398823,0.0017398823
LRMC-SoftImpute,85,1,55,LRMC_SoftImpute_completed_p85_rep01_seed55.csv,terminal:Chlorocebus_cynosuros_C3_KU682693,terminal,1,0.0241962287,0.025045194236336523,0.0008489655363365239,0.0008489655363365239
LRMC-SoftImpute,85,1,55,LRMC_SoftImpute_completed_p85_rep01_seed55.csv,terminal:Chlorocebus_cynosuros_KM262190,terminal,1,0.0250691331,0.0,-0.0250691331,0.0250691331
LRMC-SoftImpute,85,1,55,LRMC_SoftImpute_completed_p85_rep01_seed55.csv,terminal:Chlorocebus_djamdjamensis_C5_KU682695,terminal,1,0.0319881948,0.02944169206867922,-0.002546502731320781,0.002546502731320781
LRMC-SoftImpute,85,1,55,LRMC_SoftImpute_completed_p85_rep01_seed55.csv,internal:Cercopithecus_albogularis_KC757391|Cercopithecus_diana_KJ434958|Cercopithecus_lhoesti_KJ434957|Cercopithecus_mitis_KJ434956|Cercopithecus_neglectus_MW160353,internal,5,0.0020104988,0.0,-0.0020104988,0.0020104988
LRMC-SoftImpute,85,1,55,LRMC_SoftImpute_completed_p85_rep01_seed55.csv,internal:Cercopithecus_albogularis_KC757391|Cercopithecus_lhoesti_KJ434957|Cercopithecus_mitis_KJ434956,internal,3,0.0167387771,0.0,-0.0167387771,0.0167387771
LRMC-SoftImpute,85,1,55,LRMC_SoftImpute_completed_p85_rep01_seed55.csv,internal:Cercopithecus_albogularis_KC757391|Cercopithecus_mitis_KJ434956,internal,2,0.0593605632,0.012705239990639643,-0.04665532320936036,0.04665532320936036
LRMC-SoftImpute,85,1,55,LRMC_SoftImpute_completed_p85_rep01_seed55.csv,terminal:Cercopithecus_albogularis_KC757391,terminal,1,0.0366651729,0.03205274574284673,-0.004612427157153272,0.004612427157153272
LRMC-SoftImpute,85,1,55,LRMC_SoftImpute_completed_p85_rep01_seed55.csv,terminal:Cercopithecus_mitis_KJ434956,terminal,1,0.0331901409,0.021577117304056617,-0.011613023595943382,0.011613023595943382
LRMC-SoftImpute,85,1,55,LRMC_SoftImpute_completed_p85_rep01_seed55.csv,terminal:Cercopithecus_lhoesti_KJ434957,terminal,1,0.096446469,0.0223225917530002,-0.07412387724699981,0.07412387724699981
LRMC-SoftImpute,85,1,55,LRMC_SoftImpute_completed_p85_rep01_seed55.csv,internal:Cercopithecus_diana_KJ434958|Cercopithecus_neglectus_MW160353,internal,2,0.0175917107,0.013043745827851139,-0.00454796487214886,0.00454796487214886
LRMC-SoftImpute,85,1,55,LRMC_SoftImpute_completed_p85_rep01_seed55.csv,terminal:Cercopithecus_diana_KJ434958,terminal,1,0.1093319625,0.024415375927405444,-0.08491658657259456,0.08491658657259456
LRMC-SoftImpute,85,1,55,LRMC_SoftImpute_completed_p85_rep01_seed55.csv,terminal:Cercopithecus_neglectus_MW160353,terminal,1,0.1017112524,0.04352625322183572,-0.058184999178164276,0.058184999178164276
LRMC-SoftImpute,85,2,56,LRMC_SoftImpute_completed_p85_rep02_seed56.csv,terminal:Allenopithecus_nigroviridis_KJ434962,terminal,1,0.1474140195,0.012929850036200058,-0.13448416946379993,0.13448416946379993
LRMC-SoftImpute,85,2,56,LRMC_SoftImpute_completed_p85_rep02_seed56.csv,internal:Cercocebus_atys_KT159932|Cercocebus_chrysogaster_KC757390|Cercocebus_torquatus_KJ434959,internal,3,0.1544494817,0.0,-0.1544494817,0.1544494817
LRMC-SoftImpute,85,2,56,LRMC_SoftImpute_completed_p85_rep02_seed56.csv,internal:Cercocebus_atys_KT159932|Cercocebus_torquatus_KJ434959,internal,2,0.0094381611,0.0,-0.0094381611,0.0094381611
LRMC-SoftImpute,85,2,56,LRMC_SoftImpute_completed_p85_rep02_seed56.csv,terminal:Cercocebus_atys_KT159932,terminal,1,0.0508580169,0.0010888774615895342,-0.049769139438410465,0.049769139438410465
LRMC-SoftImpute,85,2,56,LRMC_SoftImpute_completed_p85_rep02_seed56.csv,terminal:Cercocebus_torquatus_KJ434959,terminal,1,0.0562685839,0.0,-0.0562685839,0.0562685839
LRMC-SoftImpute,85,2,56,LRMC_SoftImpute_completed_p85_rep02_seed56.csv,terminal:Cercocebus_chrysogaster_KC757390,terminal,1,0.0511259412,0.007814590280157243,-0.043311350919842756,0.043311350919842756
LRMC-SoftImpute,85,2,56,LRMC_SoftImpute_completed_p85_rep02_seed56.csv,internal:Allenopithecus_nigroviridis_KJ434962|Cercocebus_atys_KT159932|Cercocebus_chrysogaster_KC757390|Cercocebus_torquatus_KJ434959,internal,4,0.0346917556,0.04172520068475934,0.007033445084759345,0.007033445084759345
LRMC-SoftImpute,85,2,56,LRMC_SoftImpute_completed_p85_rep02_seed56.csv,internal:Cercopithecus_aethiops_AY863426|Chlorocebus_aethiops_C1_KU682691|Chlorocebus_aethiops_MN816163|Chlorocebus_cynosuros_C3_KU682693|Chlorocebus_cynosuros_KM262190|Chlorocebus_djamdjamensis_C5_KU682695,internal,6,0.0834758403,0.0,-0.0834758403,0.0834758403
LRMC-SoftImpute,85,2,56,LRMC_SoftImpute_completed_p85_rep02_seed56.csv,internal:Cercopithecus_aethiops_AY863426|Chlorocebus_aethiops_C1_KU682691|Chlorocebus_aethiops_MN816163|Chlorocebus_cynosuros_C3_KU682693|Chlorocebus_cynosuros_KM262190,internal,5,0.012780756,0.0,-0.012780756,0.012780756
LRMC-SoftImpute,85,2,56,LRMC_SoftImpute_completed_p85_rep02_seed56.csv,internal:Cercopithecus_aethiops_AY863426|Chlorocebus_aethiops_C1_KU682691|Chlorocebus_aethiops_MN816163,internal,3,0.0048654608,0.0,-0.0048654608,0.0048654608
LRMC-SoftImpute,85,2,56,LRMC_SoftImpute_completed_p85_rep02_seed56.csv,terminal:Cercopithecus_aethiops_AY863426,terminal,1,0.0221835236,0.00969493130068221,-0.01248859229931779,0.01248859229931779
LRMC-SoftImpute,85,2,56,LRMC_SoftImpute_completed_p85_rep02_seed56.csv,internal:Chlorocebus_aethiops_C1_KU682691|Chlorocebus_aethiops_MN816163,internal,2,0.0120854426,0.0,-0.0120854426,0.0120854426
LRMC-SoftImpute,85,2,56,LRMC_SoftImpute_completed_p85_rep02_seed56.csv,terminal:Chlorocebus_aethiops_C1_KU682691,terminal,1,0.0080961876,0.0,-0.0080961876,0.0080961876
LRMC-SoftImpute,85,2,56,LRMC_SoftImpute_completed_p85_rep02_seed56.csv,terminal:Chlorocebus_aethiops_MN816163,terminal,1,0.0104642592,0.03486140542615618,0.02439714622615618,0.02439714622615618
LRMC-SoftImpute,85,2,56,LRMC_SoftImpute_completed_p85_rep02_seed56.csv,internal:Chlorocebus_cynosuros_C3_KU682693|Chlorocebus_cynosuros_KM262190,internal,2,0.0017398823,0.004795539664895037,0.003055657364895037,0.003055657364895037
LRMC-SoftImpute,85,2,56,LRMC_SoftImpute_completed_p85_rep02_seed56.csv,terminal:Chlorocebus_cynosuros_C3_KU682693,terminal,1,0.0241962287,0.019825085950037957,-0.004371142749962042,0.004371142749962042
LRMC-SoftImpute,85,2,56,LRMC_SoftImpute_completed_p85_rep02_seed56.csv,terminal:Chlorocebus_cynosuros_KM262190,terminal,1,0.0250691331,0.01866719714656166,-0.006401935953438343,0.006401935953438343
LRMC-SoftImpute,85,2,56,LRMC_SoftImpute_completed_p85_rep02_seed56.csv,terminal:Chlorocebus_djamdjamensis_C5_KU682695,terminal,1,0.0319881948,0.014219522797876624,-0.017768672002123377,0.017768672002123377
LRMC-SoftImpute,85,2,56,LRMC_SoftImpute_completed_p85_rep02_seed56.csv,internal:Cercopithecus_albogularis_KC757391|Cercopithecus_diana_KJ434958|Cercopithecus_lhoesti_KJ434957|Cercopithecus_mitis_KJ434956|Cercopithecus_neglectus_MW160353,internal,5,0.0020104988,0.0,-0.0020104988,0.0020104988
LRMC-SoftImpute,85,2,56,LRMC_SoftImpute_completed_p85_rep02_seed56.csv,internal:Cercopithecus_albogularis_KC757391|Cercopithecus_lhoesti_KJ434957|Cercopithecus_mitis_KJ434956,internal,3,0.0167387771,0.0009275677744068655,-0.015811209325593135,0.015811209325593135
LRMC-SoftImpute,85,2,56,LRMC_SoftImpute_completed_p85_rep02_seed56.csv,internal:Cercopithecus_albogularis_KC757391|Cercopithecus_mitis_KJ434956,internal,2,0.0593605632,0.0,-0.0593605632,0.0593605632
LRMC-SoftImpute,85,2,56,LRMC_SoftImpute_completed_p85_rep02_seed56.csv,terminal:Cercopithecus_albogularis_KC757391,terminal,1,0.0366651729,0.0458287069738561,0.009163534073856096,0.009163534073856096
LRMC-SoftImpute,85,2,56,LRMC_SoftImpute_completed_p85_rep02_seed56.csv,terminal:Cercopithecus_mitis_KJ434956,terminal,1,0.0331901409,0.017821932451195965,-0.015368208448804033,0.015368208448804033
LRMC-SoftImpute,85,2,56,LRMC_SoftImpute_completed_p85_rep02_seed56.csv,terminal:Cercopithecus_lhoesti_KJ434957,terminal,1,0.096446469,0.05275570673631131,-0.0436907622636887,0.0436907622636887
LRMC-SoftImpute,85,2,56,LRMC_SoftImpute_completed_p85_rep02_seed56.csv,internal:Cercopithecus_diana_KJ434958|Cercopithecus_neglectus_MW160353,internal,2,0.0175917107,0.0,-0.0175917107,0.0175917107
LRMC-SoftImpute,85,2,56,LRMC_SoftImpute_completed_p85_rep02_seed56.csv,terminal:Cercopithecus_diana_KJ434958,terminal,1,0.1093319625,0.032376793898636354,-0.07695516860136364,0.07695516860136364
LRMC-SoftImpute,85,2,56,LRMC_SoftImpute_completed_p85_rep02_seed56.csv,terminal:Cercopithecus_neglectus_MW160353,terminal,1,0.1017112524,0.04286792261748087,-0.058843329782519126,0.058843329782519126
LRMC-SoftImpute,85,3,57,LRMC_SoftImpute_completed_p85_rep03_seed57.csv,terminal:Allenopithecus_nigroviridis_KJ434962,terminal,1,0.1474140195,0.004140509974616426,-0.14327350952538356,0.14327350952538356
LRMC-SoftImpute,85,3,57,LRMC_SoftImpute_completed_p85_rep03_seed57.csv,internal:Cercocebus_atys_KT159932|Cercocebus_chrysogaster_KC757390|Cercocebus_torquatus_KJ434959,internal,3,0.1544494817,0.0,-0.1544494817,0.1544494817
LRMC-SoftImpute,85,3,57,LRMC_SoftImpute_completed_p85_rep03_seed57.csv,internal:Cercocebus_atys_KT159932|Cercocebus_torquatus_KJ434959,internal,2,0.0094381611,0.0391625560251162,0.0297243949251162,0.0297243949251162
LRMC-SoftImpute,85,3,57,LRMC_SoftImpute_completed_p85_rep03_seed57.csv,terminal:Cercocebus_atys_KT159932,terminal,1,0.0508580169,0.005730066385622139,-0.04512795051437786,0.04512795051437786
LRMC-SoftImpute,85,3,57,LRMC_SoftImpute_completed_p85_rep03_seed57.csv,terminal:Cercocebus_torquatus_KJ434959,terminal,1,0.0562685839,0.0,-0.0562685839,0.0562685839
LRMC-SoftImpute,85,3,57,LRMC_SoftImpute_completed_p85_rep03_seed57.csv,terminal:Cercocebus_chrysogaster_KC757390,terminal,1,0.0511259412,0.007152911260051964,-0.04397302993994803,0.04397302993994803
LRMC-SoftImpute,85,3,57,LRMC_SoftImpute_completed_p85_rep03_seed57.csv,internal:Allenopithecus_nigroviridis_KJ434962|Cercocebus_atys_KT159932|Cercocebus_chrysogaster_KC757390|Cercocebus_torquatus_KJ434959,internal,4,0.0346917556,0.0,-0.0346917556,0.0346917556
LRMC-SoftImpute,85,3,57,LRMC_SoftImpute_completed_p85_rep03_seed57.csv,internal:Cercopithecus_aethiops_AY863426|Chlorocebus_aethiops_C1_KU682691|Chlorocebus_aethiops_MN816163|Chlorocebus_cynosuros_C3_KU682693|Chlorocebus_cynosuros_KM262190|Chlorocebus_djamdjamensis_C5_KU682695,internal,6,0.0834758403,0.0,-0.0834758403,0.0834758403
LRMC-SoftImpute,85,3,57,LRMC_SoftImpute_completed_p85_rep03_seed57.csv,internal:Cercopithecus_aethiops_AY863426|Chlorocebus_aethiops_C1_KU682691|Chlorocebus_aethiops_MN816163|Chlorocebus_cynosuros_C3_KU682693|Chlorocebus_cynosuros_KM262190,internal,5,0.012780756,0.0,-0.012780756,0.012780756
LRMC-SoftImpute,85,3,57,LRMC_SoftImpute_completed_p85_rep03_seed57.csv,internal:Cercopithecus_aethiops_AY863426|Chlorocebus_aethiops_C1_KU682691|Chlorocebus_aethiops_MN816163,internal,3,0.0048654608,0.0,-0.0048654608,0.0048654608
LRMC-SoftImpute,85,3,57,LRMC_SoftImpute_completed_p85_rep03_seed57.csv,terminal:Cercopithecus_aethiops_AY863426,terminal,1,0.0221835236,0.021359537189777365,-0.0008239864102226359,0.0008239864102226359
LRMC-SoftImpute,85,3,57,LRMC_SoftImpute_completed_p85_rep03_seed57.csv,internal:Chlorocebus_aethiops_C1_KU682691|Chlorocebus_aethiops_MN816163,internal,2,0.0120854426,0.0,-0.0120854426,0.0120854426
LRMC-SoftImpute,85,3,57,LRMC_SoftImpute_completed_p85_rep03_seed57.csv,terminal:Chlorocebus_aethiops_C1_KU682691,terminal,1,0.0080961876,0.0,-0.0080961876,0.0080961876
LRMC-SoftImpute,85,3,57,LRMC_SoftImpute_completed_p85_rep03_seed57.csv,terminal:Chlorocebus_aethiops_MN816163,terminal,1,0.0104642592,0.029861590568485055,0.019397331368485055,0.019397331368485055
LRMC-SoftImpute,85,3,57,LRMC_SoftImpute_completed_p85_rep03_seed57.csv,internal:Chlorocebus_cynosuros_C3_KU682693|Chlorocebus_cynosuros_KM262190,internal,2,0.0017398823,0.0,-0.0017398823,0.0017398823
LRMC-SoftImpute,85,3,57,LRMC_SoftImpute_completed_p85_rep03_seed57.csv,terminal:Chlorocebus_cynosuros_C3_KU682693,terminal,1,0.0241962287,0.0,-0.0241962287,0.0241962287
LRMC-SoftImpute,85,3,57,LRMC_SoftImpute_completed_p85_rep03_seed57.csv,terminal:Chlorocebus_cynosuros_KM262190,terminal,1,0.0250691331,0.03243654542754571,0.00736741232754571,0.00736741232754571
LRMC-SoftImpute,85,3,57,LRMC_SoftImpute_completed_p85_rep03_seed57.csv,terminal:Chlorocebus_djamdjamensis_C5_KU682695,terminal,1,0.0319881948,0.013482789991376915,-0.018505404808623088,0.018505404808623088
LRMC-SoftImpute,85,3,57,LRMC_SoftImpute_completed_p85_rep03_seed57.csv,internal:Cercopithecus_albogularis_KC757391|Cercopithecus_diana_KJ434958|Cercopithecus_lhoesti_KJ434957|Cercopithecus_mitis_KJ434956|Cercopithecus_neglectus_MW160353,internal,5,0.0020104988,0.0047622511421975666,0.0027517523421975664,0.0027517523421975664
LRMC-SoftImpute,85,3,57,LRMC_SoftImpute_completed_p85_rep03_seed57.csv,internal:Cercopithecus_albogularis_KC757391|Cercopithecus_lhoesti_KJ434957|Cercopithecus_mitis_KJ434956,internal,3,0.0167387771,0.0,-0.0167387771,0.0167387771
LRMC-SoftImpute,85,3,57,LRMC_SoftImpute_completed_p85_rep03_seed57.csv,internal:Cercopithecus_albogularis_KC757391|Cercopithecus_mitis_KJ434956,internal,2,0.0593605632,0.0,-0.0593605632,0.0593605632
LRMC-SoftImpute,85,3,57,LRMC_SoftImpute_completed_p85_rep03_seed57.csv,terminal:Cercopithecus_albogularis_KC757391,terminal,1,0.0366651729,0.019384900385941026,-0.017280272514058975,0.017280272514058975
LRMC-SoftImpute,85,3,57,LRMC_SoftImpute_completed_p85_rep03_seed57.csv,terminal:Cercopithecus_mitis_KJ434956,terminal,1,0.0331901409,0.012966526052882243,-0.020223614847117755,0.020223614847117755
LRMC-SoftImpute,85,3,57,LRMC_SoftImpute_completed_p85_rep03_seed57.csv,terminal:Cercopithecus_lhoesti_KJ434957,terminal,1,0.096446469,0.01888455544273551,-0.0775619135572645,0.0775619135572645
LRMC-SoftImpute,85,3,57,LRMC_SoftImpute_completed_p85_rep03_seed57.csv,internal:Cercopithecus_diana_KJ434958|Cercopithecus_neglectus_MW160353,internal,2,0.0175917107,0.0,-0.0175917107,0.0175917107
LRMC-SoftImpute,85,3,57,LRMC_SoftImpute_completed_p85_rep03_seed57.csv,terminal:Cercopithecus_diana_KJ434958,terminal,1,0.1093319625,0.0,-0.1093319625,0.1093319625
LRMC-SoftImpute,85,3,57,LRMC_SoftImpute_completed_p85_rep03_seed57.csv,terminal:Cercopithecus_neglectus_MW160353,terminal,1,0.1017112524,0.02378014191558508,-0.07793111048441491,0.07793111048441491
LRMC-SoftImpute,85,4,58,LRMC_SoftImpute_completed_p85_rep04_seed58.csv,terminal:Allenopithecus_nigroviridis_KJ434962,terminal,1,0.1474140195,0.03078266300325892,-0.11663135649674107,0.11663135649674107
LRMC-SoftImpute,85,4,58,LRMC_SoftImpute_completed_p85_rep04_seed58.csv,internal:Cercocebus_atys_KT159932|Cercocebus_chrysogaster_KC757390|Cercocebus_torquatus_KJ434959,internal,3,0.1544494817,0.0,-0.1544494817,0.1544494817
LRMC-SoftImpute,85,4,58,LRMC_SoftImpute_completed_p85_rep04_seed58.csv,internal:Cercocebus_atys_KT159932|Cercocebus_torquatus_KJ434959,internal,2,0.0094381611,0.0,-0.0094381611,0.0094381611
LRMC-SoftImpute,85,4,58,LRMC_SoftImpute_completed_p85_rep04_seed58.csv,terminal:Cercocebus_atys_KT159932,terminal,1,0.0508580169,0.037060965353769494,-0.013797051546230503,0.013797051546230503
LRMC-SoftImpute,85,4,58,LRMC_SoftImpute_completed_p85_rep04_seed58.csv,terminal:Cercocebus_torquatus_KJ434959,terminal,1,0.0562685839,0.0,-0.0562685839,0.0562685839
LRMC-SoftImpute,85,4,58,LRMC_SoftImpute_completed_p85_rep04_seed58.csv,terminal:Cercocebus_chrysogaster_KC757390,terminal,1,0.0511259412,0.033239276424390334,-0.017886664775609663,0.017886664775609663
LRMC-SoftImpute,85,4,58,LRMC_SoftImpute_completed_p85_rep04_seed58.csv,internal:Allenopithecus_nigroviridis_KJ434962|Cercocebus_atys_KT159932|Cercocebus_chrysogaster_KC757390|Cercocebus_torquatus_KJ434959,internal,4,0.0346917556,0.0,-0.0346917556,0.0346917556
LRMC-SoftImpute,85,4,58,LRMC_SoftImpute_completed_p85_rep04_seed58.csv,internal:Cercopithecus_aethiops_AY863426|Chlorocebus_aethiops_C1_KU682691|Chlorocebus_aethiops_MN816163|Chlorocebus_cynosuros_C3_KU682693|Chlorocebus_cynosuros_KM262190|Chlorocebus_djamdjamensis_C5_KU682695,internal,6,0.0834758403,0.0,-0.0834758403,0.0834758403
LRMC-SoftImpute,85,4,58,LRMC_SoftImpute_completed_p85_rep04_seed58.csv,internal:Cercopithecus_aethiops_AY863426|Chlorocebus_aethiops_C1_KU682691|Chlorocebus_aethiops_MN816163|Chlorocebus_cynosuros_C3_KU682693|Chlorocebus_cynosuros_KM262190,internal,5,0.012780756,0.0,-0.012780756,0.012780756
LRMC-SoftImpute,85,4,58,LRMC_SoftImpute_completed_p85_rep04_seed58.csv,internal:Cercopithecus_aethiops_AY863426|Chlorocebus_aethiops_C1_KU682691|Chlorocebus_aethiops_MN816163,internal,3,0.0048654608,0.002848528471395447,-0.0020169323286045528,0.0020169323286045528
LRMC-SoftImpute,85,4,58,LRMC_SoftImpute_completed_p85_rep04_seed58.csv,terminal:Cercopithecus_aethiops_AY863426,terminal,1,0.0221835236,0.03778848322972375,0.01560495962972375,0.01560495962972375
LRMC-SoftImpute,85,4,58,LRMC_SoftImpute_completed_p85_rep04_seed58.csv,internal:Chlorocebus_aethiops_C1_KU682691|Chlorocebus_aethiops_MN816163,internal,2,0.0120854426,0.0,-0.0120854426,0.0120854426
LRMC-SoftImpute,85,4,58,LRMC_SoftImpute_completed_p85_rep04_seed58.csv,terminal:Chlorocebus_aethiops_C1_KU682691,terminal,1,0.0080961876,0.0,-0.0080961876,0.0080961876
LRMC-SoftImpute,85,4,58,LRMC_SoftImpute_completed_p85_rep04_seed58.csv,terminal:Chlorocebus_aethiops_MN816163,terminal,1,0.0104642592,0.014385703575927083,0.003921444375927084,0.003921444375927084
LRMC-SoftImpute,85,4,58,LRMC_SoftImpute_completed_p85_rep04_seed58.csv,internal:Chlorocebus_cynosuros_C3_KU682693|Chlorocebus_cynosuros_KM262190,internal,2,0.0017398823,0.0,-0.0017398823,0.0017398823
LRMC-SoftImpute,85,4,58,LRMC_SoftImpute_completed_p85_rep04_seed58.csv,terminal:Chlorocebus_cynosuros_C3_KU682693,terminal,1,0.0241962287,0.02627358421177008,0.0020773555117700807,0.0020773555117700807
LRMC-SoftImpute,85,4,58,LRMC_SoftImpute_completed_p85_rep04_seed58.csv,terminal:Chlorocebus_cynosuros_KM262190,terminal,1,0.0250691331,0.0017230285278674847,-0.023346104572132518,0.023346104572132518
LRMC-SoftImpute,85,4,58,LRMC_SoftImpute_completed_p85_rep04_seed58.csv,terminal:Chlorocebus_djamdjamensis_C5_KU682695,terminal,1,0.0319881948,0.03618830350299109,0.00420010870299109,0.00420010870299109
LRMC-SoftImpute,85,4,58,LRMC_SoftImpute_completed_p85_rep04_seed58.csv,internal:Cercopithecus_albogularis_KC757391|Cercopithecus_diana_KJ434958|Cercopithecus_lhoesti_KJ434957|Cercopithecus_mitis_KJ434956|Cercopithecus_neglectus_MW160353,internal,5,0.0020104988,0.0,-0.0020104988,0.0020104988
LRMC-SoftImpute,85,4,58,LRMC_SoftImpute_completed_p85_rep04_seed58.csv,internal:Cercopithecus_albogularis_KC757391|Cercopithecus_lhoesti_KJ434957|Cercopithecus_mitis_KJ434956,internal,3,0.0167387771,0.00010861678471602194,-0.016630160315283977,0.016630160315283977
LRMC-SoftImpute,85,4,58,LRMC_SoftImpute_completed_p85_rep04_seed58.csv,internal:Cercopithecus_albogularis_KC757391|Cercopithecus_mitis_KJ434956,internal,2,0.0593605632,0.0,-0.0593605632,0.0593605632
LRMC-SoftImpute,85,4,58,LRMC_SoftImpute_completed_p85_rep04_seed58.csv,terminal:Cercopithecus_albogularis_KC757391,terminal,1,0.0366651729,0.020763406034950638,-0.015901766865049363,0.015901766865049363
LRMC-SoftImpute,85,4,58,LRMC_SoftImpute_completed_p85_rep04_seed58.csv,terminal:Cercopithecus_mitis_KJ434956,terminal,1,0.0331901409,0.02799267385520903,-0.005197467044790967,0.005197467044790967
LRMC-SoftImpute,85,4,58,LRMC_SoftImpute_completed_p85_rep04_seed58.csv,terminal:Cercopithecus_lhoesti_KJ434957,terminal,1,0.096446469,0.041527676446740464,-0.05491879255325954,0.05491879255325954
LRMC-SoftImpute,85,4,58,LRMC_SoftImpute_completed_p85_rep04_seed58.csv,internal:Cercopithecus_diana_KJ434958|Cercopithecus_neglectus_MW160353,internal,2,0.0175917107,0.0,-0.0175917107,0.0175917107
LRMC-SoftImpute,85,4,58,LRMC_SoftImpute_completed_p85_rep04_seed58.csv,terminal:Cercopithecus_diana_KJ434958,terminal,1,0.1093319625,0.003634107482513669,-0.10569785501748634,0.10569785501748634
LRMC-SoftImpute,85,4,58,LRMC_SoftImpute_completed_p85_rep04_seed58.csv,terminal:Cercopithecus_neglectus_MW160353,terminal,1,0.1017112524,0.025677628766587003,-0.07603362363341298,0.07603362363341298
LRMC-SoftImpute,85,5,59,LRMC_SoftImpute_completed_p85_rep05_seed59.csv,terminal:Allenopithecus_nigroviridis_KJ434962,terminal,1,0.1474140195,0.025179659310046457,-0.12223436018995354,0.12223436018995354
LRMC-SoftImpute,85,5,59,LRMC_SoftImpute_completed_p85_rep05_seed59.csv,internal:Cercocebus_atys_KT159932|Cercocebus_chrysogaster_KC757390|Cercocebus_torquatus_KJ434959,internal,3,0.1544494817,0.0,-0.1544494817,0.1544494817
LRMC-SoftImpute,85,5,59,LRMC_SoftImpute_completed_p85_rep05_seed59.csv,internal:Cercocebus_atys_KT159932|Cercocebus_torquatus_KJ434959,internal,2,0.0094381611,0.0,-0.0094381611,0.0094381611
LRMC-SoftImpute,85,5,59,LRMC_SoftImpute_completed_p85_rep05_seed59.csv,terminal:Cercocebus_atys_KT159932,terminal,1,0.0508580169,0.04575890421827749,-0.005099112681722508,0.005099112681722508
LRMC-SoftImpute,85,5,59,LRMC_SoftImpute_completed_p85_rep05_seed59.csv,terminal:Cercocebus_torquatus_KJ434959,terminal,1,0.0562685839,0.025572714586382644,-0.03069586931361736,0.03069586931361736
LRMC-SoftImpute,85,5,59,LRMC_SoftImpute_completed_p85_rep05_seed59.csv,terminal:Cercocebus_chrysogaster_KC757390,terminal,1,0.0511259412,0.042798459093430254,-0.008327482106569743,0.008327482106569743
LRMC-SoftImpute,85,5,59,LRMC_SoftImpute_completed_p85_rep05_seed59.csv,internal:Allenopithecus_nigroviridis_KJ434962|Cercocebus_atys_KT159932|Cercocebus_chrysogaster_KC757390|Cercocebus_torquatus_KJ434959,internal,4,0.0346917556,0.0,-0.0346917556,0.0346917556
LRMC-SoftImpute,85,5,59,LRMC_SoftImpute_completed_p85_rep05_seed59.csv,internal:Cercopithecus_aethiops_AY863426|Chlorocebus_aethiops_C1_KU682691|Chlorocebus_aethiops_MN816163|Chlorocebus_cynosuros_C3_KU682693|Chlorocebus_cynosuros_KM262190|Chlorocebus_djamdjamensis_C5_KU682695,internal,6,0.0834758403,0.0,-0.0834758403,0.0834758403
LRMC-SoftImpute,85,5,59,LRMC_SoftImpute_completed_p85_rep05_seed59.csv,internal:Cercopithecus_aethiops_AY863426|Chlorocebus_aethiops_C1_KU682691|Chlorocebus_aethiops_MN816163|Chlorocebus_cynosuros_C3_KU682693|Chlorocebus_cynosuros_KM262190,internal,5,0.012780756,0.0,-0.012780756,0.012780756
LRMC-SoftImpute,85,5,59,LRMC_SoftImpute_completed_p85_rep05_seed59.csv,internal:Cercopithecus_aethiops_AY863426|Chlorocebus_aethiops_C1_KU682691|Chlorocebus_aethiops_MN816163,internal,3,0.0048654608,0.0,-0.0048654608,0.0048654608
LRMC-SoftImpute,85,5,59,LRMC_SoftImpute_completed_p85_rep05_seed59.csv,terminal:Cercopithecus_aethiops_AY863426,terminal,1,0.0221835236,0.0,-0.0221835236,0.0221835236
LRMC-SoftImpute,85,5,59,LRMC_SoftImpute_completed_p85_rep05_seed59.csv,internal:Chlorocebus_aethiops_C1_KU682691|Chlorocebus_aethiops_MN816163,internal,2,0.0120854426,0.0,-0.0120854426,0.0120854426
LRMC-SoftImpute,85,5,59,LRMC_SoftImpute_completed_p85_rep05_seed59.csv,terminal:Chlorocebus_aethiops_C1_KU682691,terminal,1,0.0080961876,0.043784027921263007,0.03568784032126301,0.03568784032126301
LRMC-SoftImpute,85,5,59,LRMC_SoftImpute_completed_p85_rep05_seed59.csv,terminal:Chlorocebus_aethiops_MN816163,terminal,1,0.0104642592,0.026402718046597568,0.01593845884659757,0.01593845884659757
LRMC-SoftImpute,85,5,59,LRMC_SoftImpute_completed_p85_rep05_seed59.csv,internal:Chlorocebus_cynosuros_C3_KU682693|Chlorocebus_cynosuros_KM262190,internal,2,0.0017398823,0.0302457216287369,0.0285058393287369,0.0285058393287369
LRMC-SoftImpute,85,5,59,LRMC_SoftImpute_completed_p85_rep05_seed59.csv,terminal:Chlorocebus_cynosuros_C3_KU682693,terminal,1,0.0241962287,0.0,-0.0241962287,0.0241962287
LRMC-SoftImpute,85,5,59,LRMC_SoftImpute_completed_p85_rep05_seed59.csv,terminal:Chlorocebus_cynosuros_KM262190,terminal,1,0.0250691331,0.0024094919280365145,-0.022659641171963486,0.022659641171963486
LRMC-SoftImpute,85,5,59,LRMC_SoftImpute_completed_p85_rep05_seed59.csv,terminal:Chlorocebus_djamdjamensis_C5_KU682695,terminal,1,0.0319881948,0.0,-0.0319881948,0.0319881948
LRMC-SoftImpute,85,5,59,LRMC_SoftImpute_completed_p85_rep05_seed59.csv,internal:Cercopithecus_albogularis_KC757391|Cercopithecus_diana_KJ434958|Cercopithecus_lhoesti_KJ434957|Cercopithecus_mitis_KJ434956|Cercopithecus_neglectus_MW160353,internal,5,0.0020104988,0.0,-0.0020104988,0.0020104988
LRMC-SoftImpute,85,5,59,LRMC_SoftImpute_completed_p85_rep05_seed59.csv,internal:Cercopithecus_albogularis_KC757391|Cercopithecus_lhoesti_KJ434957|Cercopithecus_mitis_KJ434956,internal,3,0.0167387771,0.005288484359915735,-0.011450292740084266,0.011450292740084266
LRMC-SoftImpute,85,5,59,LRMC_SoftImpute_completed_p85_rep05_seed59.csv,internal:Cercopithecus_albogularis_KC757391|Cercopithecus_mitis_KJ434956,internal,2,0.0593605632,0.0,-0.0593605632,0.0593605632
LRMC-SoftImpute,85,5,59,LRMC_SoftImpute_completed_p85_rep05_seed59.csv,terminal:Cercopithecus_albogularis_KC757391,terminal,1,0.0366651729,0.01845102728540815,-0.01821414561459185,0.01821414561459185
LRMC-SoftImpute,85,5,59,LRMC_SoftImpute_completed_p85_rep05_seed59.csv,terminal:Cercopithecus_mitis_KJ434956,terminal,1,0.0331901409,0.01774085743221524,-0.015449283467784757,0.015449283467784757
LRMC-SoftImpute,85,5,59,LRMC_SoftImpute_completed_p85_rep05_seed59.csv,terminal:Cercopithecus_lhoesti_KJ434957,terminal,1,0.096446469,0.030135064831254246,-0.06631140416874576,0.06631140416874576
LRMC-SoftImpute,85,5,59,LRMC_SoftImpute_completed_p85_rep05_seed59.csv,internal:Cercopithecus_diana_KJ434958|Cercopithecus_neglectus_MW160353,internal,2,0.0175917107,0.0,-0.0175917107,0.0175917107
LRMC-SoftImpute,85,5,59,LRMC_SoftImpute_completed_p85_rep05_seed59.csv,terminal:Cercopithecus_diana_KJ434958,terminal,1,0.1093319625,0.0,-0.1093319625,0.1093319625
LRMC-SoftImpute,85,5,59,LRMC_SoftImpute_completed_p85_rep05_seed59.csv,terminal:Cercopithecus_neglectus_MW160353,terminal,1,0.1017112524,0.03217275217044323,-0.06953850022955677,0.06953850022955677
LRMC-SoftImpute,85,6,60,LRMC_SoftImpute_completed_p85_rep06_seed60.csv,terminal:Allenopithecus_nigroviridis_KJ434962,terminal,1,0.1474140195,0.027159257240527104,-0.12025476225947289,0.12025476225947289
LRMC-SoftImpute,85,6,60,LRMC_SoftImpute_completed_p85_rep06_seed60.csv,internal:Cercocebus_atys_KT159932|Cercocebus_chrysogaster_KC757390|Cercocebus_torquatus_KJ434959,internal,3,0.1544494817,0.0,-0.1544494817,0.1544494817
LRMC-SoftImpute,85,6,60,LRMC_SoftImpute_completed_p85_rep06_seed60.csv,internal:Cercocebus_atys_KT159932|Cercocebus_torquatus_KJ434959,internal,2,0.0094381611,0.0,-0.0094381611,0.0094381611
LRMC-SoftImpute,85,6,60,LRMC_SoftImpute_completed_p85_rep06_seed60.csv,terminal:Cercocebus_atys_KT159932,terminal,1,0.0508580169,0.030508761816652213,-0.020349255083347784,0.020349255083347784
LRMC-SoftImpute,85,6,60,LRMC_SoftImpute_completed_p85_rep06_seed60.csv,terminal:Cercocebus_torquatus_KJ434959,terminal,1,0.0562685839,0.0,-0.0562685839,0.0562685839
LRMC-SoftImpute,85,6,60,LRMC_SoftImpute_completed_p85_rep06_seed60.csv,terminal:Cercocebus_chrysogaster_KC757390,terminal,1,0.0511259412,0.0311167454290505,-0.020009195770949496,0.020009195770949496
LRMC-SoftImpute,85,6,60,LRMC_SoftImpute_completed_p85_rep06_seed60.csv,internal:Allenopithecus_nigroviridis_KJ434962|Cercocebus_atys_KT159932|Cercocebus_chrysogaster_KC757390|Cercocebus_torquatus_KJ434959,internal,4,0.0346917556,0.0,-0.0346917556,0.0346917556
LRMC-SoftImpute,85,6,60,LRMC_SoftImpute_completed_p85_rep06_seed60.csv,internal:Cercopithecus_aethiops_AY863426|Chlorocebus_aethiops_C1_KU682691|Chlorocebus_aethiops_MN816163|Chlorocebus_cynosuros_C3_KU682693|Chlorocebus_cynosuros_KM262190|Chlorocebus_djamdjamensis_C5_KU682695,internal,6,0.0834758403,0.0,-0.0834758403,0.0834758403
LRMC-SoftImpute,85,6,60,LRMC_SoftImpute_completed_p85_rep06_seed60.csv,internal:Cercopithecus_aethiops_AY863426|Chlorocebus_aethiops_C1_KU682691|Chlorocebus_aethiops_MN816163|Chlorocebus_cynosuros_C3_KU682693|Chlorocebus_cynosuros_KM262190,internal,5,0.012780756,0.0,-0.012780756,0.012780756
LRMC-SoftImpute,85,6,60,LRMC_SoftImpute_completed_p85_rep06_seed60.csv,internal:Cercopithecus_aethiops_AY863426|Chlorocebus_aethiops_C1_KU682691|Chlorocebus_aethiops_MN816163,internal,3,0.0048654608,0.0,-0.0048654608,0.0048654608
LRMC-SoftImpute,85,6,60,LRMC_SoftImpute_completed_p85_rep06_seed60.csv,terminal:Cercopithecus_aethiops_AY863426,terminal,1,0.0221835236,0.010251930561914426,-0.011931593038085575,0.011931593038085575
LRMC-SoftImpute,85,6,60,LRMC_SoftImpute_completed_p85_rep06_seed60.csv,internal:Chlorocebus_aethiops_C1_KU682691|Chlorocebus_aethiops_MN816163,internal,2,0.0120854426,0.0,-0.0120854426,0.0120854426
LRMC-SoftImpute,85,6,60,LRMC_SoftImpute_completed_p85_rep06_seed60.csv,terminal:Chlorocebus_aethiops_C1_KU682691,terminal,1,0.0080961876,0.010059436556077923,0.0019632489560779225,0.0019632489560779225
LRMC-SoftImpute,85,6,60,LRMC_SoftImpute_completed_p85_rep06_seed60.csv,terminal:Chlorocebus_aethiops_MN816163,terminal,1,0.0104642592,0.0,-0.0104642592,0.0104642592
LRMC-SoftImpute,85,6,60,LRMC_SoftImpute_completed_p85_rep06_seed60.csv,internal:Chlorocebus_cynosuros_C3_KU682693|Chlorocebus_cynosuros_KM262190,internal,2,0.0017398823,0.0026758392076132774,0.0009359569076132774,0.0009359569076132774
LRMC-SoftImpute,85,6,60,LRMC_SoftImpute_completed_p85_rep06_seed60.csv,terminal:Chlorocebus_cynosuros_C3_KU682693,terminal,1,0.0241962287,0.031590357322051725,0.007394128622051726,0.007394128622051726
LRMC-SoftImpute,85,6,60,LRMC_SoftImpute_completed_p85_rep06_seed60.csv,terminal:Chlorocebus_cynosuros_KM262190,terminal,1,0.0250691331,0.007799041111981823,-0.01727009198801818,0.01727009198801818
LRMC-SoftImpute,85,6,60,LRMC_SoftImpute_completed_p85_rep06_seed60.csv,terminal:Chlorocebus_djamdjamensis_C5_KU682695,terminal,1,0.0319881948,0.036537847934719356,0.0045496531347193545,0.0045496531347193545
LRMC-SoftImpute,85,6,60,LRMC_SoftImpute_completed_p85_rep06_seed60.csv,internal:Cercopithecus_albogularis_KC757391|Cercopithecus_diana_KJ434958|Cercopithecus_lhoesti_KJ434957|Cercopithecus_mitis_KJ434956|Cercopithecus_neglectus_MW160353,internal,5,0.0020104988,0.0,-0.0020104988,0.0020104988
LRMC-SoftImpute,85,6,60,LRMC_SoftImpute_completed_p85_rep06_seed60.csv,internal:Cercopithecus_albogularis_KC757391|Cercopithecus_lhoesti_KJ434957|Cercopithecus_mitis_KJ434956,internal,3,0.0167387771,0.0,-0.0167387771,0.0167387771
LRMC-SoftImpute,85,6,60,LRMC_SoftImpute_completed_p85_rep06_seed60.csv,internal:Cercopithecus_albogularis_KC757391|Cercopithecus_mitis_KJ434956,internal,2,0.0593605632,0.0,-0.0593605632,0.0593605632
LRMC-SoftImpute,85,6,60,LRMC_SoftImpute_completed_p85_rep06_seed60.csv,terminal:Cercopithecus_albogularis_KC757391,terminal,1,0.0366651729,0.011485011445899682,-0.02518016145410032,0.02518016145410032
LRMC-SoftImpute,85,6,60,LRMC_SoftImpute_completed_p85_rep06_seed60.csv,terminal:Cercopithecus_mitis_KJ434956,terminal,1,0.0331901409,0.01880430566801984,-0.014385835231980157,0.014385835231980157
LRMC-SoftImpute,85,6,60,LRMC_SoftImpute_completed_p85_rep06_seed60.csv,terminal:Cercopithecus_lhoesti_KJ434957,terminal,1,0.096446469,0.0,-0.096446469,0.096446469
LRMC-SoftImpute,85,6,60,LRMC_SoftImpute_completed_p85_rep06_seed60.csv,internal:Cercopithecus_diana_KJ434958|Cercopithecus_neglectus_MW160353,internal,2,0.0175917107,0.04125783913385799,0.023666128433857993,0.023666128433857993
LRMC-SoftImpute,85,6,60,LRMC_SoftImpute_completed_p85_rep06_seed60.csv,terminal:Cercopithecus_diana_KJ434958,terminal,1,0.1093319625,0.002841007181707035,-0.10649095531829297,0.10649095531829297
LRMC-SoftImpute,85,6,60,LRMC_SoftImpute_completed_p85_rep06_seed60.csv,terminal:Cercopithecus_neglectus_MW160353,terminal,1,0.1017112524,0.013498722420645159,-0.08821252997935483,0.08821252997935483
LRMC-SoftImpute,85,7,61,LRMC_SoftImpute_completed_p85_rep07_seed61.csv,terminal:Allenopithecus_nigroviridis_KJ434962,terminal,1,0.1474140195,0.01893022392810582,-0.12848379557189418,0.12848379557189418
LRMC-SoftImpute,85,7,61,LRMC_SoftImpute_completed_p85_rep07_seed61.csv,internal:Cercocebus_atys_KT159932|Cercocebus_chrysogaster_KC757390|Cercocebus_torquatus_KJ434959,internal,3,0.1544494817,0.0,-0.1544494817,0.1544494817
LRMC-SoftImpute,85,7,61,LRMC_SoftImpute_completed_p85_rep07_seed61.csv,internal:Cercocebus_atys_KT159932|Cercocebus_torquatus_KJ434959,internal,2,0.0094381611,0.0,-0.0094381611,0.0094381611
LRMC-SoftImpute,85,7,61,LRMC_SoftImpute_completed_p85_rep07_seed61.csv,terminal:Cercocebus_atys_KT159932,terminal,1,0.0508580169,0.00530651931453495,-0.04555149758546505,0.04555149758546505
LRMC-SoftImpute,85,7,61,LRMC_SoftImpute_completed_p85_rep07_seed61.csv,terminal:Cercocebus_torquatus_KJ434959,terminal,1,0.0562685839,0.03092448588640277,-0.025344098013597233,0.025344098013597233
LRMC-SoftImpute,85,7,61,LRMC_SoftImpute_completed_p85_rep07_seed61.csv,terminal:Cercocebus_chrysogaster_KC757390,terminal,1,0.0511259412,0.025244185739465463,-0.025881755460534533,0.025881755460534533
LRMC-SoftImpute,85,7,61,LRMC_SoftImpute_completed_p85_rep07_seed61.csv,internal:Allenopithecus_nigroviridis_KJ434962|Cercocebus_atys_KT159932|Cercocebus_chrysogaster_KC757390|Cercocebus_torquatus_KJ434959,internal,4,0.0346917556,0.02470040458993362,-0.009991351010066377,0.009991351010066377
LRMC-SoftImpute,85,7,61,LRMC_SoftImpute_completed_p85_rep07_seed61.csv,internal:Cercopithecus_aethiops_AY863426|Chlorocebus_aethiops_C1_KU682691|Chlorocebus_aethiops_MN816163|Chlorocebus_cynosuros_C3_KU682693|Chlorocebus_cynosuros_KM262190|Chlorocebus_djamdjamensis_C5_KU682695,internal,6,0.0834758403,0.004183673102657881,-0.07929216719734213,0.07929216719734213
LRMC-SoftImpute,85,7,61,LRMC_SoftImpute_completed_p85_rep07_seed61.csv,internal:Cercopithecus_aethiops_AY863426|Chlorocebus_aethiops_C1_KU682691|Chlorocebus_aethiops_MN816163|Chlorocebus_cynosuros_C3_KU682693|Chlorocebus_cynosuros_KM262190,internal,5,0.012780756,0.000189991512229617,-0.012590764487770384,0.012590764487770384
LRMC-SoftImpute,85,7,61,LRMC_SoftImpute_completed_p85_rep07_seed61.csv,internal:Cercopithecus_aethiops_AY863426|Chlorocebus_aethiops_C1_KU682691|Chlorocebus_aethiops_MN816163,internal,3,0.0048654608,0.0038579519882428314,-0.0010075088117571683,0.0010075088117571683
LRMC-SoftImpute,85,7,61,LRMC_SoftImpute_completed_p85_rep07_seed61.csv,terminal:Cercopithecus_aethiops_AY863426,terminal,1,0.0221835236,0.0051533291059810485,-0.017030194494018953,0.017030194494018953
LRMC-SoftImpute,85,7,61,LRMC_SoftImpute_completed_p85_rep07_seed61.csv,internal:Chlorocebus_aethiops_C1_KU682691|Chlorocebus_aethiops_MN816163,internal,2,0.0120854426,0.018795462851941776,0.006710020251941777,0.006710020251941777
LRMC-SoftImpute,85,7,61,LRMC_SoftImpute_completed_p85_rep07_seed61.csv,terminal:Chlorocebus_aethiops_C1_KU682691,terminal,1,0.0080961876,0.011217293032273833,0.003121105432273832,0.003121105432273832
LRMC-SoftImpute,85,7,61,LRMC_SoftImpute_completed_p85_rep07_seed61.csv,terminal:Chlorocebus_aethiops_MN816163,terminal,1,0.0104642592,0.004955049211104567,-0.005509209988895432,0.005509209988895432
LRMC-SoftImpute,85,7,61,LRMC_SoftImpute_completed_p85_rep07_seed61.csv,internal:Chlorocebus_cynosuros_C3_KU682693|Chlorocebus_cynosuros_KM262190,internal,2,0.0017398823,0.01630615391659591,0.01456627161659591,0.01456627161659591
LRMC-SoftImpute,85,7,61,LRMC_SoftImpute_completed_p85_rep07_seed61.csv,terminal:Chlorocebus_cynosuros_C3_KU682693,terminal,1,0.0241962287,0.005175498901343267,-0.01902072979865673,0.01902072979865673
LRMC-SoftImpute,85,7,61,LRMC_SoftImpute_completed_p85_rep07_seed61.csv,terminal:Chlorocebus_cynosuros_KM262190,terminal,1,0.0250691331,0.0,-0.0250691331,0.0250691331
LRMC-SoftImpute,85,7,61,LRMC_SoftImpute_completed_p85_rep07_seed61.csv,terminal:Chlorocebus_djamdjamensis_C5_KU682695,terminal,1,0.0319881948,0.01568841974736916,-0.01629977505263084,0.01629977505263084
LRMC-SoftImpute,85,7,61,LRMC_SoftImpute_completed_p85_rep07_seed61.csv,internal:Cercopithecus_albogularis_KC757391|Cercopithecus_diana_KJ434958|Cercopithecus_lhoesti_KJ434957|Cercopithecus_mitis_KJ434956|Cercopithecus_neglectus_MW160353,internal,5,0.0020104988,0.0,-0.0020104988,0.0020104988
LRMC-SoftImpute,85,7,61,LRMC_SoftImpute_completed_p85_rep07_seed61.csv,internal:Cercopithecus_albogularis_KC757391|Cercopithecus_lhoesti_KJ434957|Cercopithecus_mitis_KJ434956,internal,3,0.0167387771,0.0,-0.0167387771,0.0167387771
LRMC-SoftImpute,85,7,61,LRMC_SoftImpute_completed_p85_rep07_seed61.csv,internal:Cercopithecus_albogularis_KC757391|Cercopithecus_mitis_KJ434956,internal,2,0.0593605632,0.009133139175960469,-0.050227424024039534,0.050227424024039534
LRMC-SoftImpute,85,7,61,LRMC_SoftImpute_completed_p85_rep07_seed61.csv,terminal:Cercopithecus_albogularis_KC757391,terminal,1,0.0366651729,0.015450547610822691,-0.021214625289177308,0.021214625289177308
LRMC-SoftImpute,85,7,61,LRMC_SoftImpute_completed_p85_rep07_seed61.csv,terminal:Cercopithecus_mitis_KJ434956,terminal,1,0.0331901409,0.003905730511138506,-0.029284410388861492,0.029284410388861492
LRMC-SoftImpute,85,7,61,LRMC_SoftImpute_completed_p85_rep07_seed61.csv,terminal:Cercopithecus_lhoesti_KJ434957,terminal,1,0.096446469,0.0,-0.096446469,0.096446469
LRMC-SoftImpute,85,7,61,LRMC_SoftImpute_completed_p85_rep07_seed61.csv,internal:Cercopithecus_diana_KJ434958|Cercopithecus_neglectus_MW160353,internal,2,0.0175917107,0.0,-0.0175917107,0.0175917107
LRMC-SoftImpute,85,7,61,LRMC_SoftImpute_completed_p85_rep07_seed61.csv,terminal:Cercopithecus_diana_KJ434958,terminal,1,0.1093319625,0.056846442855543015,-0.05248551964445699,0.05248551964445699
LRMC-SoftImpute,85,7,61,LRMC_SoftImpute_completed_p85_rep07_seed61.csv,terminal:Cercopithecus_neglectus_MW160353,terminal,1,0.1017112524,0.009891711986962901,-0.0918195404130371,0.0918195404130371
LRMC-SoftImpute,85,8,62,LRMC_SoftImpute_completed_p85_rep08_seed62.csv,terminal:Allenopithecus_nigroviridis_KJ434962,terminal,1,0.1474140195,0.02675037959815572,-0.12066363990184427,0.12066363990184427
LRMC-SoftImpute,85,8,62,LRMC_SoftImpute_completed_p85_rep08_seed62.csv,internal:Cercocebus_atys_KT159932|Cercocebus_chrysogaster_KC757390|Cercocebus_torquatus_KJ434959,internal,3,0.1544494817,0.0552417781827828,-0.0992077035172172,0.0992077035172172
LRMC-SoftImpute,85,8,62,LRMC_SoftImpute_completed_p85_rep08_seed62.csv,internal:Cercocebus_atys_KT159932|Cercocebus_torquatus_KJ434959,internal,2,0.0094381611,0.0,-0.0094381611,0.0094381611
LRMC-SoftImpute,85,8,62,LRMC_SoftImpute_completed_p85_rep08_seed62.csv,terminal:Cercocebus_atys_KT159932,terminal,1,0.0508580169,0.005299786869983818,-0.045558230030016175,0.045558230030016175
LRMC-SoftImpute,85,8,62,LRMC_SoftImpute_completed_p85_rep08_seed62.csv,terminal:Cercocebus_torquatus_KJ434959,terminal,1,0.0562685839,0.021246534012076587,-0.035022049887923415,0.035022049887923415
LRMC-SoftImpute,85,8,62,LRMC_SoftImpute_completed_p85_rep08_seed62.csv,terminal:Cercocebus_chrysogaster_KC757390,terminal,1,0.0511259412,0.02204817709003963,-0.029077764109960366,0.029077764109960366
LRMC-SoftImpute,85,8,62,LRMC_SoftImpute_completed_p85_rep08_seed62.csv,internal:Allenopithecus_nigroviridis_KJ434962|Cercocebus_atys_KT159932|Cercocebus_chrysogaster_KC757390|Cercocebus_torquatus_KJ434959,internal,4,0.0346917556,0.0,-0.0346917556,0.0346917556
LRMC-SoftImpute,85,8,62,LRMC_SoftImpute_completed_p85_rep08_seed62.csv,internal:Cercopithecus_aethiops_AY863426|Chlorocebus_aethiops_C1_KU682691|Chlorocebus_aethiops_MN816163|Chlorocebus_cynosuros_C3_KU682693|Chlorocebus_cynosuros_KM262190|Chlorocebus_djamdjamensis_C5_KU682695,internal,6,0.0834758403,0.0,-0.0834758403,0.0834758403
LRMC-SoftImpute,85,8,62,LRMC_SoftImpute_completed_p85_rep08_seed62.csv,internal:Cercopithecus_aethiops_AY863426|Chlorocebus_aethiops_C1_KU682691|Chlorocebus_aethiops_MN816163|Chlorocebus_cynosuros_C3_KU682693|Chlorocebus_cynosuros_KM262190,internal,5,0.012780756,0.0,-0.012780756,0.012780756
LRMC-SoftImpute,85,8,62,LRMC_SoftImpute_completed_p85_rep08_seed62.csv,internal:Cercopithecus_aethiops_AY863426|Chlorocebus_aethiops_C1_KU682691|Chlorocebus_aethiops_MN816163,internal,3,0.0048654608,0.0,-0.0048654608,0.0048654608
LRMC-SoftImpute,85,8,62,LRMC_SoftImpute_completed_p85_rep08_seed62.csv,terminal:Cercopithecus_aethiops_AY863426,terminal,1,0.0221835236,0.004924171160678777,-0.017259352439321224,0.017259352439321224
LRMC-SoftImpute,85,8,62,LRMC_SoftImpute_completed_p85_rep08_seed62.csv,internal:Chlorocebus_aethiops_C1_KU682691|Chlorocebus_aethiops_MN816163,internal,2,0.0120854426,0.0005925866441853646,-0.011492855955814636,0.011492855955814636
LRMC-SoftImpute,85,8,62,LRMC_SoftImpute_completed_p85_rep08_seed62.csv,terminal:Chlorocebus_aethiops_C1_KU682691,terminal,1,0.0080961876,0.0193296756592484,0.0112334880592484,0.0112334880592484
LRMC-SoftImpute,85,8,62,LRMC_SoftImpute_completed_p85_rep08_seed62.csv,terminal:Chlorocebus_aethiops_MN816163,terminal,1,0.0104642592,0.0,-0.0104642592,0.0104642592
LRMC-SoftImpute,85,8,62,LRMC_SoftImpute_completed_p85_rep08_seed62.csv,internal:Chlorocebus_cynosuros_C3_KU682693|Chlorocebus_cynosuros_KM262190,internal,2,0.0017398823,0.0,-0.0017398823,0.0017398823
LRMC-SoftImpute,85,8,62,LRMC_SoftImpute_completed_p85_rep08_seed62.csv,terminal:Chlorocebus_cynosuros_C3_KU682693,terminal,1,0.0241962287,0.011941567426791071,-0.012254661273208928,0.012254661273208928
LRMC-SoftImpute,85,8,62,LRMC_SoftImpute_completed_p85_rep08_seed62.csv,terminal:Chlorocebus_cynosuros_KM262190,terminal,1,0.0250691331,0.00444901387702275,-0.02062011922297725,0.02062011922297725
LRMC-SoftImpute,85,8,62,LRMC_SoftImpute_completed_p85_rep08_seed62.csv,terminal:Chlorocebus_djamdjamensis_C5_KU682695,terminal,1,0.0319881948,0.017338599993198842,-0.014649594806801159,0.014649594806801159
LRMC-SoftImpute,85,8,62,LRMC_SoftImpute_completed_p85_rep08_seed62.csv,internal:Cercopithecus_albogularis_KC757391|Cercopithecus_diana_KJ434958|Cercopithecus_lhoesti_KJ434957|Cercopithecus_mitis_KJ434956|Cercopithecus_neglectus_MW160353,internal,5,0.0020104988,0.0033053983369415486,0.0012948995369415485,0.0012948995369415485
LRMC-SoftImpute,85,8,62,LRMC_SoftImpute_completed_p85_rep08_seed62.csv,internal:Cercopithecus_albogularis_KC757391|Cercopithecus_lhoesti_KJ434957|Cercopithecus_mitis_KJ434956,internal,3,0.0167387771,0.0,-0.0167387771,0.0167387771
LRMC-SoftImpute,85,8,62,LRMC_SoftImpute_completed_p85_rep08_seed62.csv,internal:Cercopithecus_albogularis_KC757391|Cercopithecus_mitis_KJ434956,internal,2,0.0593605632,0.0,-0.0593605632,0.0593605632
LRMC-SoftImpute,85,8,62,LRMC_SoftImpute_completed_p85_rep08_seed62.csv,terminal:Cercopithecus_albogularis_KC757391,terminal,1,0.0366651729,0.027591769082546326,-0.009073403817453675,0.009073403817453675
LRMC-SoftImpute,85,8,62,LRMC_SoftImpute_completed_p85_rep08_seed62.csv,terminal:Cercopithecus_mitis_KJ434956,terminal,1,0.0331901409,0.01836948052118823,-0.01482066037881177,0.01482066037881177
LRMC-SoftImpute,85,8,62,LRMC_SoftImpute_completed_p85_rep08_seed62.csv,terminal:Cercopithecus_lhoesti_KJ434957,terminal,1,0.096446469,0.0,-0.096446469,0.096446469
LRMC-SoftImpute,85,8,62,LRMC_SoftImpute_completed_p85_rep08_seed62.csv,internal:Cercopithecus_diana_KJ434958|Cercopithecus_neglectus_MW160353,internal,2,0.0175917107,0.0016831677527510787,-0.01590854294724892,0.01590854294724892
LRMC-SoftImpute,85,8,62,LRMC_SoftImpute_completed_p85_rep08_seed62.csv,terminal:Cercopithecus_diana_KJ434958,terminal,1,0.1093319625,0.016189331845910284,-0.09314263065408972,0.09314263065408972
LRMC-SoftImpute,85,8,62,LRMC_SoftImpute_completed_p85_rep08_seed62.csv,terminal:Cercopithecus_neglectus_MW160353,terminal,1,0.1017112524,0.006741480838499584,-0.09496977156150041,0.09496977156150041
LRMC-SoftImpute,85,9,63,LRMC_SoftImpute_completed_p85_rep09_seed63.csv,terminal:Allenopithecus_nigroviridis_KJ434962,terminal,1,0.1474140195,0.04434754900118038,-0.10306647049881962,0.10306647049881962
LRMC-SoftImpute,85,9,63,LRMC_SoftImpute_completed_p85_rep09_seed63.csv,internal:Cercocebus_atys_KT159932|Cercocebus_chrysogaster_KC757390|Cercocebus_torquatus_KJ434959,internal,3,0.1544494817,0.0,-0.1544494817,0.1544494817
LRMC-SoftImpute,85,9,63,LRMC_SoftImpute_completed_p85_rep09_seed63.csv,internal:Cercocebus_atys_KT159932|Cercocebus_torquatus_KJ434959,internal,2,0.0094381611,0.0,-0.0094381611,0.0094381611
LRMC-SoftImpute,85,9,63,LRMC_SoftImpute_completed_p85_rep09_seed63.csv,terminal:Cercocebus_atys_KT159932,terminal,1,0.0508580169,0.03196487924809048,-0.018893137651909517,0.018893137651909517
LRMC-SoftImpute,85,9,63,LRMC_SoftImpute_completed_p85_rep09_seed63.csv,terminal:Cercocebus_torquatus_KJ434959,terminal,1,0.0562685839,0.0,-0.0562685839,0.0562685839
LRMC-SoftImpute,85,9,63,LRMC_SoftImpute_completed_p85_rep09_seed63.csv,terminal:Cercocebus_chrysogaster_KC757390,terminal,1,0.0511259412,0.017992189873936672,-0.033133751326063325,0.033133751326063325
LRMC-SoftImpute,85,9,63,LRMC_SoftImpute_completed_p85_rep09_seed63.csv,internal:Allenopithecus_nigroviridis_KJ434962|Cercocebus_atys_KT159932|Cercocebus_chrysogaster_KC757390|Cercocebus_torquatus_KJ434959,internal,4,0.0346917556,0.0,-0.0346917556,0.0346917556
LRMC-SoftImpute,85,9,63,LRMC_SoftImpute_completed_p85_rep09_seed63.csv,internal:Cercopithecus_aethiops_AY863426|Chlorocebus_aethiops_C1_KU682691|Chlorocebus_aethiops_MN816163|Chlorocebus_cynosuros_C3_KU682693|Chlorocebus_cynosuros_KM262190|Chlorocebus_djamdjamensis_C5_KU682695,internal,6,0.0834758403,0.0,-0.0834758403,0.0834758403
LRMC-SoftImpute,85,9,63,LRMC_SoftImpute_completed_p85_rep09_seed63.csv,internal:Cercopithecus_aethiops_AY863426|Chlorocebus_aethiops_C1_KU682691|Chlorocebus_aethiops_MN816163|Chlorocebus_cynosuros_C3_KU682693|Chlorocebus_cynosuros_KM262190,internal,5,0.012780756,0.0,-0.012780756,0.012780756
LRMC-SoftImpute,85,9,63,LRMC_SoftImpute_completed_p85_rep09_seed63.csv,internal:Cercopithecus_aethiops_AY863426|Chlorocebus_aethiops_C1_KU682691|Chlorocebus_aethiops_MN816163,internal,3,0.0048654608,0.0,-0.0048654608,0.0048654608
LRMC-SoftImpute,85,9,63,LRMC_SoftImpute_completed_p85_rep09_seed63.csv,terminal:Cercopithecus_aethiops_AY863426,terminal,1,0.0221835236,0.027520008182600107,0.005336484582600106,0.005336484582600106
LRMC-SoftImpute,85,9,63,LRMC_SoftImpute_completed_p85_rep09_seed63.csv,internal:Chlorocebus_aethiops_C1_KU682691|Chlorocebus_aethiops_MN816163,internal,2,0.0120854426,0.0,-0.0120854426,0.0120854426
LRMC-SoftImpute,85,9,63,LRMC_SoftImpute_completed_p85_rep09_seed63.csv,terminal:Chlorocebus_aethiops_C1_KU682691,terminal,1,0.0080961876,0.0,-0.0080961876,0.0080961876
LRMC-SoftImpute,85,9,63,LRMC_SoftImpute_completed_p85_rep09_seed63.csv,terminal:Chlorocebus_aethiops_MN816163,terminal,1,0.0104642592,0.009363795266043034,-0.001100463933956965,0.001100463933956965
LRMC-SoftImpute,85,9,63,LRMC_SoftImpute_completed_p85_rep09_seed63.csv,internal:Chlorocebus_cynosuros_C3_KU682693|Chlorocebus_cynosuros_KM262190,internal,2,0.0017398823,0.0,-0.0017398823,0.0017398823
LRMC-SoftImpute,85,9,63,LRMC_SoftImpute_completed_p85_rep09_seed63.csv,terminal:Chlorocebus_cynosuros_C3_KU682693,terminal,1,0.0241962287,0.0,-0.0241962287,0.0241962287
LRMC-SoftImpute,85,9,63,LRMC_SoftImpute_completed_p85_rep09_seed63.csv,terminal:Chlorocebus_cynosuros_KM262190,terminal,1,0.0250691331,0.026441349876494425,0.0013722167764944233,0.0013722167764944233
LRMC-SoftImpute,85,9,63,LRMC_SoftImpute_completed_p85_rep09_seed63.csv,terminal:Chlorocebus_djamdjamensis_C5_KU682695,terminal,1,0.0319881948,0.027450111444474224,-0.004538083355525777,0.004538083355525777
LRMC-SoftImpute,85,9,63,LRMC_SoftImpute_completed_p85_rep09_seed63.csv,internal:Cercopithecus_albogularis_KC757391|Cercopithecus_diana_KJ434958|Cercopithecus_lhoesti_KJ434957|Cercopithecus_mitis_KJ434956|Cercopithecus_neglectus_MW160353,internal,5,0.0020104988,0.0015450059297039335,-0.0004654928702960666,0.0004654928702960666
LRMC-SoftImpute,85,9,63,LRMC_SoftImpute_completed_p85_rep09_seed63.csv,internal:Cercopithecus_albogularis_KC757391|Cercopithecus_lhoesti_KJ434957|Cercopithecus_mitis_KJ434956,internal,3,0.0167387771,0.0,-0.0167387771,0.0167387771
LRMC-SoftImpute,85,9,63,LRMC_SoftImpute_completed_p85_rep09_seed63.csv,internal:Cercopithecus_albogularis_KC757391|Cercopithecus_mitis_KJ434956,internal,2,0.0593605632,0.007079274921462588,-0.05228128827853741,0.05228128827853741
LRMC-SoftImpute,85,9,63,LRMC_SoftImpute_completed_p85_rep09_seed63.csv,terminal:Cercopithecus_albogularis_KC757391,terminal,1,0.0366651729,0.03629895307339213,-0.0003662198266078734,0.0003662198266078734
LRMC-SoftImpute,85,9,63,LRMC_SoftImpute_completed_p85_rep09_seed63.csv,terminal:Cercopithecus_mitis_KJ434956,terminal,1,0.0331901409,0.02428785893264043,-0.008902281967359569,0.008902281967359569
LRMC-SoftImpute,85,9,63,LRMC_SoftImpute_completed_p85_rep09_seed63.csv,terminal:Cercopithecus_lhoesti_KJ434957,terminal,1,0.096446469,0.009956305307659506,-0.0864901636923405,0.0864901636923405
LRMC-SoftImpute,85,9,63,LRMC_SoftImpute_completed_p85_rep09_seed63.csv,internal:Cercopithecus_diana_KJ434958|Cercopithecus_neglectus_MW160353,internal,2,0.0175917107,0.0,-0.0175917107,0.0175917107
LRMC-SoftImpute,85,9,63,LRMC_SoftImpute_completed_p85_rep09_seed63.csv,terminal:Cercopithecus_diana_KJ434958,terminal,1,0.1093319625,0.03656848048622669,-0.0727634820137733,0.0727634820137733
LRMC-SoftImpute,85,9,63,LRMC_SoftImpute_completed_p85_rep09_seed63.csv,terminal:Cercopithecus_neglectus_MW160353,terminal,1,0.1017112524,0.03718321637034827,-0.06452803602965172,0.06452803602965172
LRMC-SoftImpute,85,10,64,LRMC_SoftImpute_completed_p85_rep10_seed64.csv,terminal:Allenopithecus_nigroviridis_KJ434962,terminal,1,0.1474140195,0.04474125085997028,-0.10267276864002972,0.10267276864002972
LRMC-SoftImpute,85,10,64,LRMC_SoftImpute_completed_p85_rep10_seed64.csv,internal:Cercocebus_atys_KT159932|Cercocebus_chrysogaster_KC757390|Cercocebus_torquatus_KJ434959,internal,3,0.1544494817,0.0,-0.1544494817,0.1544494817
LRMC-SoftImpute,85,10,64,LRMC_SoftImpute_completed_p85_rep10_seed64.csv,internal:Cercocebus_atys_KT159932|Cercocebus_torquatus_KJ434959,internal,2,0.0094381611,0.0,-0.0094381611,0.0094381611
LRMC-SoftImpute,85,10,64,LRMC_SoftImpute_completed_p85_rep10_seed64.csv,terminal:Cercocebus_atys_KT159932,terminal,1,0.0508580169,0.034837527009180004,-0.016020489890819993,0.016020489890819993
LRMC-SoftImpute,85,10,64,LRMC_SoftImpute_completed_p85_rep10_seed64.csv,terminal:Cercocebus_torquatus_KJ434959,terminal,1,0.0562685839,0.039709349544780635,-0.016559234355219367,0.016559234355219367
LRMC-SoftImpute,85,10,64,LRMC_SoftImpute_completed_p85_rep10_seed64.csv,terminal:Cercocebus_chrysogaster_KC757390,terminal,1,0.0511259412,0.05704980151035135,0.005923860310351352,0.005923860310351352
LRMC-SoftImpute,85,10,64,LRMC_SoftImpute_completed_p85_rep10_seed64.csv,internal:Allenopithecus_nigroviridis_KJ434962|Cercocebus_atys_KT159932|Cercocebus_chrysogaster_KC757390|Cercocebus_torquatus_KJ434959,internal,4,0.0346917556,0.0,-0.0346917556,0.0346917556
LRMC-SoftImpute,85,10,64,LRMC_SoftImpute_completed_p85_rep10_seed64.csv,internal:Cercopithecus_aethiops_AY863426|Chlorocebus_aethiops_C1_KU682691|Chlorocebus_aethiops_MN816163|Chlorocebus_cynosuros_C3_KU682693|Chlorocebus_cynosuros_KM262190|Chlorocebus_djamdjamensis_C5_KU682695,internal,6,0.0834758403,0.0,-0.0834758403,0.0834758403
LRMC-SoftImpute,85,10,64,LRMC_SoftImpute_completed_p85_rep10_seed64.csv,internal:Cercopithecus_aethiops_AY863426|Chlorocebus_aethiops_C1_KU682691|Chlorocebus_aethiops_MN816163|Chlorocebus_cynosuros_C3_KU682693|Chlorocebus_cynosuros_KM262190,internal,5,0.012780756,0.0,-0.012780756,0.012780756
LRMC-SoftImpute,85,10,64,LRMC_SoftImpute_completed_p85_rep10_seed64.csv,internal:Cercopithecus_aethiops_AY863426|Chlorocebus_aethiops_C1_KU682691|Chlorocebus_aethiops_MN816163,internal,3,0.0048654608,0.0,-0.0048654608,0.0048654608
LRMC-SoftImpute,85,10,64,LRMC_SoftImpute_completed_p85_rep10_seed64.csv,terminal:Cercopithecus_aethiops_AY863426,terminal,1,0.0221835236,0.024256399639247445,0.0020728760392474434,0.0020728760392474434
LRMC-SoftImpute,85,10,64,LRMC_SoftImpute_completed_p85_rep10_seed64.csv,internal:Chlorocebus_aethiops_C1_KU682691|Chlorocebus_aethiops_MN816163,internal,2,0.0120854426,0.0007135532337900145,-0.011371889366209986,0.011371889366209986
LRMC-SoftImpute,85,10,64,LRMC_SoftImpute_completed_p85_rep10_seed64.csv,terminal:Chlorocebus_aethiops_C1_KU682691,terminal,1,0.0080961876,0.03132790520877055,0.023231717608770554,0.023231717608770554
LRMC-SoftImpute,85,10,64,LRMC_SoftImpute_completed_p85_rep10_seed64.csv,terminal:Chlorocebus_aethiops_MN816163,terminal,1,0.0104642592,0.0,-0.0104642592,0.0104642592
LRMC-SoftImpute,85,10,64,LRMC_SoftImpute_completed_p85_rep10_seed64.csv,internal:Chlorocebus_cynosuros_C3_KU682693|Chlorocebus_cynosuros_KM262190,internal,2,0.0017398823,0.0,-0.0017398823,0.0017398823
LRMC-SoftImpute,85,10,64,LRMC_SoftImpute_completed_p85_rep10_seed64.csv,terminal:Chlorocebus_cynosuros_C3_KU682693,terminal,1,0.0241962287,0.026320021716522056,0.002123793016522057,0.002123793016522057
LRMC-SoftImpute,85,10,64,LRMC_SoftImpute_completed_p85_rep10_seed64.csv,terminal:Chlorocebus_cynosuros_KM262190,terminal,1,0.0250691331,0.0,-0.0250691331,0.0250691331
LRMC-SoftImpute,85,10,64,LRMC_SoftImpute_completed_p85_rep10_seed64.csv,terminal:Chlorocebus_djamdjamensis_C5_KU682695,terminal,1,0.0319881948,0.020395967199687018,-0.011592227600312983,0.011592227600312983
LRMC-SoftImpute,85,10,64,LRMC_SoftImpute_completed_p85_rep10_seed64.csv,internal:Cercopithecus_albogularis_KC757391|Cercopithecus_diana_KJ434958|Cercopithecus_lhoesti_KJ434957|Cercopithecus_mitis_KJ434956|Cercopithecus_neglectus_MW160353,internal,5,0.0020104988,0.0,-0.0020104988,0.0020104988
LRMC-SoftImpute,85,10,64,LRMC_SoftImpute_completed_p85_rep10_seed64.csv,internal:Cercopithecus_albogularis_KC757391|Cercopithecus_lhoesti_KJ434957|Cercopithecus_mitis_KJ434956,internal,3,0.0167387771,0.0,-0.0167387771,0.0167387771
LRMC-SoftImpute,85,10,64,LRMC_SoftImpute_completed_p85_rep10_seed64.csv,internal:Cercopithecus_albogularis_KC757391|Cercopithecus_mitis_KJ434956,internal,2,0.0593605632,0.0,-0.0593605632,0.0593605632
LRMC-SoftImpute,85,10,64,LRMC_SoftImpute_completed_p85_rep10_seed64.csv,terminal:Cercopithecus_albogularis_KC757391,terminal,1,0.0366651729,0.021335276856375648,-0.015329896043624353,0.015329896043624353
LRMC-SoftImpute,85,10,64,LRMC_SoftImpute_completed_p85_rep10_seed64.csv,terminal:Cercopithecus_mitis_KJ434956,terminal,1,0.0331901409,0.03083416613029725,-0.0023559747697027497,0.0023559747697027497
LRMC-SoftImpute,85,10,64,LRMC_SoftImpute_completed_p85_rep10_seed64.csv,terminal:Cercopithecus_lhoesti_KJ434957,terminal,1,0.096446469,0.0,-0.096446469,0.096446469
LRMC-SoftImpute,85,10,64,LRMC_SoftImpute_completed_p85_rep10_seed64.csv,internal:Cercopithecus_diana_KJ434958|Cercopithecus_neglectus_MW160353,internal,2,0.0175917107,0.030716609615779728,0.01312489891577973,0.01312489891577973
LRMC-SoftImpute,85,10,64,LRMC_SoftImpute_completed_p85_rep10_seed64.csv,terminal:Cercopithecus_diana_KJ434958,terminal,1,0.1093319625,0.004418018912039169,-0.10491394358796083,0.10491394358796083
LRMC-SoftImpute,85,10,64,LRMC_SoftImpute_completed_p85_rep10_seed64.csv,terminal:Cercopithecus_neglectus_MW160353,terminal,1,0.1017112524,0.0,-0.1017112524,0.1017112524
LRMC-SoftImpute,85,11,65,LRMC_SoftImpute_completed_p85_rep11_seed65.csv,terminal:Allenopithecus_nigroviridis_KJ434962,terminal,1,0.1474140195,0.030528428929775524,-0.11688559057022446,0.11688559057022446
LRMC-SoftImpute,85,11,65,LRMC_SoftImpute_completed_p85_rep11_seed65.csv,internal:Cercocebus_atys_KT159932|Cercocebus_chrysogaster_KC757390|Cercocebus_torquatus_KJ434959,internal,3,0.1544494817,0.0,-0.1544494817,0.1544494817
LRMC-SoftImpute,85,11,65,LRMC_SoftImpute_completed_p85_rep11_seed65.csv,internal:Cercocebus_atys_KT159932|Cercocebus_torquatus_KJ434959,internal,2,0.0094381611,0.0,-0.0094381611,0.0094381611
LRMC-SoftImpute,85,11,65,LRMC_SoftImpute_completed_p85_rep11_seed65.csv,terminal:Cercocebus_atys_KT159932,terminal,1,0.0508580169,0.04659238447812198,-0.004265632421878017,0.004265632421878017
LRMC-SoftImpute,85,11,65,LRMC_SoftImpute_completed_p85_rep11_seed65.csv,terminal:Cercocebus_torquatus_KJ434959,terminal,1,0.0562685839,0.014047670721142607,-0.04222091317885739,0.04222091317885739
LRMC-SoftImpute,85,11,65,LRMC_SoftImpute_completed_p85_rep11_seed65.csv,terminal:Cercocebus_chrysogaster_KC757390,terminal,1,0.0511259412,0.03980746307488759,-0.011318478125112406,0.011318478125112406
LRMC-SoftImpute,85,11,65,LRMC_SoftImpute_completed_p85_rep11_seed65.csv,internal:Allenopithecus_nigroviridis_KJ434962|Cercocebus_atys_KT159932|Cercocebus_chrysogaster_KC757390|Cercocebus_torquatus_KJ434959,internal,4,0.0346917556,0.0,-0.0346917556,0.0346917556
LRMC-SoftImpute,85,11,65,LRMC_SoftImpute_completed_p85_rep11_seed65.csv,internal:Cercopithecus_aethiops_AY863426|Chlorocebus_aethiops_C1_KU682691|Chlorocebus_aethiops_MN816163|Chlorocebus_cynosuros_C3_KU682693|Chlorocebus_cynosuros_KM262190|Chlorocebus_djamdjamensis_C5_KU682695,internal,6,0.0834758403,0.024382077217074173,-0.05909376308292583,0.05909376308292583
LRMC-SoftImpute,85,11,65,LRMC_SoftImpute_completed_p85_rep11_seed65.csv,internal:Cercopithecus_aethiops_AY863426|Chlorocebus_aethiops_C1_KU682691|Chlorocebus_aethiops_MN816163|Chlorocebus_cynosuros_C3_KU682693|Chlorocebus_cynosuros_KM262190,internal,5,0.012780756,0.0,-0.012780756,0.012780756
LRMC-SoftImpute,85,11,65,LRMC_SoftImpute_completed_p85_rep11_seed65.csv,internal:Cercopithecus_aethiops_AY863426|Chlorocebus_aethiops_C1_KU682691|Chlorocebus_aethiops_MN816163,internal,3,0.0048654608,0.0,-0.0048654608,0.0048654608
LRMC-SoftImpute,85,11,65,LRMC_SoftImpute_completed_p85_rep11_seed65.csv,terminal:Cercopithecus_aethiops_AY863426,terminal,1,0.0221835236,0.03240886571574432,0.010225342115744319,0.010225342115744319
LRMC-SoftImpute,85,11,65,LRMC_SoftImpute_completed_p85_rep11_seed65.csv,internal:Chlorocebus_aethiops_C1_KU682691|Chlorocebus_aethiops_MN816163,internal,2,0.0120854426,0.018835889030635163,0.006750446430635163,0.006750446430635163
LRMC-SoftImpute,85,11,65,LRMC_SoftImpute_completed_p85_rep11_seed65.csv,terminal:Chlorocebus_aethiops_C1_KU682691,terminal,1,0.0080961876,0.0,-0.0080961876,0.0080961876
LRMC-SoftImpute,85,11,65,LRMC_SoftImpute_completed_p85_rep11_seed65.csv,terminal:Chlorocebus_aethiops_MN816163,terminal,1,0.0104642592,0.004873673930584174,-0.005590585269415825,0.005590585269415825
LRMC-SoftImpute,85,11,65,LRMC_SoftImpute_completed_p85_rep11_seed65.csv,internal:Chlorocebus_cynosuros_C3_KU682693|Chlorocebus_cynosuros_KM262190,internal,2,0.0017398823,0.0,-0.0017398823,0.0017398823
LRMC-SoftImpute,85,11,65,LRMC_SoftImpute_completed_p85_rep11_seed65.csv,terminal:Chlorocebus_cynosuros_C3_KU682693,terminal,1,0.0241962287,0.004249863440100374,-0.019946365259899623,0.019946365259899623
LRMC-SoftImpute,85,11,65,LRMC_SoftImpute_completed_p85_rep11_seed65.csv,terminal:Chlorocebus_cynosuros_KM262190,terminal,1,0.0250691331,0.01769660867926901,-0.00737252442073099,0.00737252442073099
LRMC-SoftImpute,85,11,65,LRMC_SoftImpute_completed_p85_rep11_seed65.csv,terminal:Chlorocebus_djamdjamensis_C5_KU682695,terminal,1,0.0319881948,0.030527608543074146,-0.0014605862569258554,0.0014605862569258554
LRMC-SoftImpute,85,11,65,LRMC_SoftImpute_completed_p85_rep11_seed65.csv,internal:Cercopithecus_albogularis_KC757391|Cercopithecus_diana_KJ434958|Cercopithecus_lhoesti_KJ434957|Cercopithecus_mitis_KJ434956|Cercopithecus_neglectus_MW160353,internal,5,0.0020104988,0.0,-0.0020104988,0.0020104988
LRMC-SoftImpute,85,11,65,LRMC_SoftImpute_completed_p85_rep11_seed65.csv,internal:Cercopithecus_albogularis_KC757391|Cercopithecus_lhoesti_KJ434957|Cercopithecus_mitis_KJ434956,internal,3,0.0167387771,0.0,-0.0167387771,0.0167387771
LRMC-SoftImpute,85,11,65,LRMC_SoftImpute_completed_p85_rep11_seed65.csv,internal:Cercopithecus_albogularis_KC757391|Cercopithecus_mitis_KJ434956,internal,2,0.0593605632,0.0,-0.0593605632,0.0593605632
LRMC-SoftImpute,85,11,65,LRMC_SoftImpute_completed_p85_rep11_seed65.csv,terminal:Cercopithecus_albogularis_KC757391,terminal,1,0.0366651729,0.043222213478839124,0.0065570405788391226,0.0065570405788391226
LRMC-SoftImpute,85,11,65,LRMC_SoftImpute_completed_p85_rep11_seed65.csv,terminal:Cercopithecus_mitis_KJ434956,terminal,1,0.0331901409,0.01940809200349899,-0.013782048896501007,0.013782048896501007
LRMC-SoftImpute,85,11,65,LRMC_SoftImpute_completed_p85_rep11_seed65.csv,terminal:Cercopithecus_lhoesti_KJ434957,terminal,1,0.096446469,0.02786170110247167,-0.06858476789752833,0.06858476789752833
LRMC-SoftImpute,85,11,65,LRMC_SoftImpute_completed_p85_rep11_seed65.csv,internal:Cercopithecus_diana_KJ434958|Cercopithecus_neglectus_MW160353,internal,2,0.0175917107,0.0,-0.0175917107,0.0175917107
LRMC-SoftImpute,85,11,65,LRMC_SoftImpute_completed_p85_rep11_seed65.csv,terminal:Cercopithecus_diana_KJ434958,terminal,1,0.1093319625,0.016054863990623735,-0.09327709850937627,0.09327709850937627
LRMC-SoftImpute,85,11,65,LRMC_SoftImpute_completed_p85_rep11_seed65.csv,terminal:Cercopithecus_neglectus_MW160353,terminal,1,0.1017112524,0.004215308326627046,-0.09749594407337295,0.09749594407337295
LRMC-SoftImpute,85,12,66,LRMC_SoftImpute_completed_p85_rep12_seed66.csv,terminal:Allenopithecus_nigroviridis_KJ434962,terminal,1,0.1474140195,0.026022813628738314,-0.12139120587126168,0.12139120587126168
LRMC-SoftImpute,85,12,66,LRMC_SoftImpute_completed_p85_rep12_seed66.csv,internal:Cercocebus_atys_KT159932|Cercocebus_chrysogaster_KC757390|Cercocebus_torquatus_KJ434959,internal,3,0.1544494817,0.0,-0.1544494817,0.1544494817
LRMC-SoftImpute,85,12,66,LRMC_SoftImpute_completed_p85_rep12_seed66.csv,internal:Cercocebus_atys_KT159932|Cercocebus_torquatus_KJ434959,internal,2,0.0094381611,0.0,-0.0094381611,0.0094381611
LRMC-SoftImpute,85,12,66,LRMC_SoftImpute_completed_p85_rep12_seed66.csv,terminal:Cercocebus_atys_KT159932,terminal,1,0.0508580169,0.04579857475337838,-0.005059442146621615,0.005059442146621615
LRMC-SoftImpute,85,12,66,LRMC_SoftImpute_completed_p85_rep12_seed66.csv,terminal:Cercocebus_torquatus_KJ434959,terminal,1,0.0562685839,0.038538459579966294,-0.017730124320033708,0.017730124320033708
LRMC-SoftImpute,85,12,66,LRMC_SoftImpute_completed_p85_rep12_seed66.csv,terminal:Cercocebus_chrysogaster_KC757390,terminal,1,0.0511259412,0.028331685684364748,-0.02279425551563525,0.02279425551563525
LRMC-SoftImpute,85,12,66,LRMC_SoftImpute_completed_p85_rep12_seed66.csv,internal:Allenopithecus_nigroviridis_KJ434962|Cercocebus_atys_KT159932|Cercocebus_chrysogaster_KC757390|Cercocebus_torquatus_KJ434959,internal,4,0.0346917556,0.0,-0.0346917556,0.0346917556
LRMC-SoftImpute,85,12,66,LRMC_SoftImpute_completed_p85_rep12_seed66.csv,internal:Cercopithecus_aethiops_AY863426|Chlorocebus_aethiops_C1_KU682691|Chlorocebus_aethiops_MN816163|Chlorocebus_cynosuros_C3_KU682693|Chlorocebus_cynosuros_KM262190|Chlorocebus_djamdjamensis_C5_KU682695,internal,6,0.0834758403,0.0,-0.0834758403,0.0834758403
LRMC-SoftImpute,85,12,66,LRMC_SoftImpute_completed_p85_rep12_seed66.csv,internal:Cercopithecus_aethiops_AY863426|Chlorocebus_aethiops_C1_KU682691|Chlorocebus_aethiops_MN816163|Chlorocebus_cynosuros_C3_KU682693|Chlorocebus_cynosuros_KM262190,internal,5,0.012780756,0.0,-0.012780756,0.012780756
LRMC-SoftImpute,85,12,66,LRMC_SoftImpute_completed_p85_rep12_seed66.csv,internal:Cercopithecus_aethiops_AY863426|Chlorocebus_aethiops_C1_KU682691|Chlorocebus_aethiops_MN816163,internal,3,0.0048654608,0.0,-0.0048654608,0.0048654608
LRMC-SoftImpute,85,12,66,LRMC_SoftImpute_completed_p85_rep12_seed66.csv,terminal:Cercopithecus_aethiops_AY863426,terminal,1,0.0221835236,0.0,-0.0221835236,0.0221835236
LRMC-SoftImpute,85,12,66,LRMC_SoftImpute_completed_p85_rep12_seed66.csv,internal:Chlorocebus_aethiops_C1_KU682691|Chlorocebus_aethiops_MN816163,internal,2,0.0120854426,0.0,-0.0120854426,0.0120854426
LRMC-SoftImpute,85,12,66,LRMC_SoftImpute_completed_p85_rep12_seed66.csv,terminal:Chlorocebus_aethiops_C1_KU682691,terminal,1,0.0080961876,0.04000317677556412,0.03190698917556412,0.03190698917556412
LRMC-SoftImpute,85,12,66,LRMC_SoftImpute_completed_p85_rep12_seed66.csv,terminal:Chlorocebus_aethiops_MN816163,terminal,1,0.0104642592,0.02145781752443983,0.01099355832443983,0.01099355832443983
LRMC-SoftImpute,85,12,66,LRMC_SoftImpute_completed_p85_rep12_seed66.csv,internal:Chlorocebus_cynosuros_C3_KU682693|Chlorocebus_cynosuros_KM262190,internal,2,0.0017398823,0.010865971646427237,0.009126089346427236,0.009126089346427236
LRMC-SoftImpute,85,12,66,LRMC_SoftImpute_completed_p85_rep12_seed66.csv,terminal:Chlorocebus_cynosuros_C3_KU682693,terminal,1,0.0241962287,0.022523118234595373,-0.0016731104654046265,0.0016731104654046265
LRMC-SoftImpute,85,12,66,LRMC_SoftImpute_completed_p85_rep12_seed66.csv,terminal:Chlorocebus_cynosuros_KM262190,terminal,1,0.0250691331,0.0159691648620042,-0.0090999682379958,0.0090999682379958
LRMC-SoftImpute,85,12,66,LRMC_SoftImpute_completed_p85_rep12_seed66.csv,terminal:Chlorocebus_djamdjamensis_C5_KU682695,terminal,1,0.0319881948,0.0,-0.0319881948,0.0319881948
LRMC-SoftImpute,85,12,66,LRMC_SoftImpute_completed_p85_rep12_seed66.csv,internal:Cercopithecus_albogularis_KC757391|Cercopithecus_diana_KJ434958|Cercopithecus_lhoesti_KJ434957|Cercopithecus_mitis_KJ434956|Cercopithecus_neglectus_MW160353,internal,5,0.0020104988,0.0034241268913732643,0.001413628091373264,0.001413628091373264
LRMC-SoftImpute,85,12,66,LRMC_SoftImpute_completed_p85_rep12_seed66.csv,internal:Cercopithecus_albogularis_KC757391|Cercopithecus_lhoesti_KJ434957|Cercopithecus_mitis_KJ434956,internal,3,0.0167387771,0.026637982375726323,0.009899205275726321,0.009899205275726321
LRMC-SoftImpute,85,12,66,LRMC_SoftImpute_completed_p85_rep12_seed66.csv,internal:Cercopithecus_albogularis_KC757391|Cercopithecus_mitis_KJ434956,internal,2,0.0593605632,0.0,-0.0593605632,0.0593605632
LRMC-SoftImpute,85,12,66,LRMC_SoftImpute_completed_p85_rep12_seed66.csv,terminal:Cercopithecus_albogularis_KC757391,terminal,1,0.0366651729,0.01814792421630887,-0.01851724868369113,0.01851724868369113
LRMC-SoftImpute,85,12,66,LRMC_SoftImpute_completed_p85_rep12_seed66.csv,terminal:Cercopithecus_mitis_KJ434956,terminal,1,0.0331901409,0.0,-0.0331901409,0.0331901409
LRMC-SoftImpute,85,12,66,LRMC_SoftImpute_completed_p85_rep12_seed66.csv,terminal:Cercopithecus_lhoesti_KJ434957,terminal,1,0.096446469,0.014581208154469423,-0.08186526084553059,0.08186526084553059
LRMC-SoftImpute,85,12,66,LRMC_SoftImpute_completed_p85_rep12_seed66.csv,internal:Cercopithecus_diana_KJ434958|Cercopithecus_neglectus_MW160353,internal,2,0.0175917107,0.0,-0.0175917107,0.0175917107
LRMC-SoftImpute,85,12,66,LRMC_SoftImpute_completed_p85_rep12_seed66.csv,terminal:Cercopithecus_diana_KJ434958,terminal,1,0.1093319625,0.027143371590920513,-0.08218859090907948,0.08218859090907948
LRMC-SoftImpute,85,12,66,LRMC_SoftImpute_completed_p85_rep12_seed66.csv,terminal:Cercopithecus_neglectus_MW160353,terminal,1,0.1017112524,0.03206903062671283,-0.06964222177328716,0.06964222177328716
LRMC-SoftImpute,85,13,67,LRMC_SoftImpute_completed_p85_rep13_seed67.csv,terminal:Allenopithecus_nigroviridis_KJ434962,terminal,1,0.1474140195,0.0,-0.1474140195,0.1474140195
LRMC-SoftImpute,85,13,67,LRMC_SoftImpute_completed_p85_rep13_seed67.csv,internal:Cercocebus_atys_KT159932|Cercocebus_chrysogaster_KC757390|Cercocebus_torquatus_KJ434959,internal,3,0.1544494817,0.004267689283682467,-0.15018179241631754,0.15018179241631754
LRMC-SoftImpute,85,13,67,LRMC_SoftImpute_completed_p85_rep13_seed67.csv,internal:Cercocebus_atys_KT159932|Cercocebus_torquatus_KJ434959,internal,2,0.0094381611,0.003327315170720743,-0.006110845929279257,0.006110845929279257
LRMC-SoftImpute,85,13,67,LRMC_SoftImpute_completed_p85_rep13_seed67.csv,terminal:Cercocebus_atys_KT159932,terminal,1,0.0508580169,0.002806744065937686,-0.04805127283406231,0.04805127283406231
LRMC-SoftImpute,85,13,67,LRMC_SoftImpute_completed_p85_rep13_seed67.csv,terminal:Cercocebus_torquatus_KJ434959,terminal,1,0.0562685839,0.00019847926609319408,-0.056070104633906805,0.056070104633906805
LRMC-SoftImpute,85,13,67,LRMC_SoftImpute_completed_p85_rep13_seed67.csv,terminal:Cercocebus_chrysogaster_KC757390,terminal,1,0.0511259412,0.0,-0.0511259412,0.0511259412
LRMC-SoftImpute,85,13,67,LRMC_SoftImpute_completed_p85_rep13_seed67.csv,internal:Allenopithecus_nigroviridis_KJ434962|Cercocebus_atys_KT159932|Cercocebus_chrysogaster_KC757390|Cercocebus_torquatus_KJ434959,internal,4,0.0346917556,0.035522568830981316,0.0008308132309813171,0.0008308132309813171
LRMC-SoftImpute,85,13,67,LRMC_SoftImpute_completed_p85_rep13_seed67.csv,internal:Cercopithecus_aethiops_AY863426|Chlorocebus_aethiops_C1_KU682691|Chlorocebus_aethiops_MN816163|Chlorocebus_cynosuros_C3_KU682693|Chlorocebus_cynosuros_KM262190|Chlorocebus_djamdjamensis_C5_KU682695,internal,6,0.0834758403,0.013538788188854501,-0.06993705211114551,0.06993705211114551
LRMC-SoftImpute,85,13,67,LRMC_SoftImpute_completed_p85_rep13_seed67.csv,internal:Cercopithecus_aethiops_AY863426|Chlorocebus_aethiops_C1_KU682691|Chlorocebus_aethiops_MN816163|Chlorocebus_cynosuros_C3_KU682693|Chlorocebus_cynosuros_KM262190,internal,5,0.012780756,0.0,-0.012780756,0.012780756
LRMC-SoftImpute,85,13,67,LRMC_SoftImpute_completed_p85_rep13_seed67.csv,internal:Cercopithecus_aethiops_AY863426|Chlorocebus_aethiops_C1_KU682691|Chlorocebus_aethiops_MN816163,internal,3,0.0048654608,0.0,-0.0048654608,0.0048654608
LRMC-SoftImpute,85,13,67,LRMC_SoftImpute_completed_p85_rep13_seed67.csv,terminal:Cercopithecus_aethiops_AY863426,terminal,1,0.0221835236,0.025664561507316833,0.003481037907316832,0.003481037907316832
LRMC-SoftImpute,85,13,67,LRMC_SoftImpute_completed_p85_rep13_seed67.csv,internal:Chlorocebus_aethiops_C1_KU682691|Chlorocebus_aethiops_MN816163,internal,2,0.0120854426,0.0,-0.0120854426,0.0120854426
LRMC-SoftImpute,85,13,67,LRMC_SoftImpute_completed_p85_rep13_seed67.csv,terminal:Chlorocebus_aethiops_C1_KU682691,terminal,1,0.0080961876,0.025013337688216133,0.016917150088216135,0.016917150088216135
LRMC-SoftImpute,85,13,67,LRMC_SoftImpute_completed_p85_rep13_seed67.csv,terminal:Chlorocebus_aethiops_MN816163,terminal,1,0.0104642592,0.0,-0.0104642592,0.0104642592
LRMC-SoftImpute,85,13,67,LRMC_SoftImpute_completed_p85_rep13_seed67.csv,internal:Chlorocebus_cynosuros_C3_KU682693|Chlorocebus_cynosuros_KM262190,internal,2,0.0017398823,0.0,-0.0017398823,0.0017398823
LRMC-SoftImpute,85,13,67,LRMC_SoftImpute_completed_p85_rep13_seed67.csv,terminal:Chlorocebus_cynosuros_C3_KU682693,terminal,1,0.0241962287,0.028190292338473928,0.003994063638473929,0.003994063638473929
LRMC-SoftImpute,85,13,67,LRMC_SoftImpute_completed_p85_rep13_seed67.csv,terminal:Chlorocebus_cynosuros_KM262190,terminal,1,0.0250691331,0.0,-0.0250691331,0.0250691331
LRMC-SoftImpute,85,13,67,LRMC_SoftImpute_completed_p85_rep13_seed67.csv,terminal:Chlorocebus_djamdjamensis_C5_KU682695,terminal,1,0.0319881948,0.03442214464296192,0.0024339498429619202,0.0024339498429619202
LRMC-SoftImpute,85,13,67,LRMC_SoftImpute_completed_p85_rep13_seed67.csv,internal:Cercopithecus_albogularis_KC757391|Cercopithecus_diana_KJ434958|Cercopithecus_lhoesti_KJ434957|Cercopithecus_mitis_KJ434956|Cercopithecus_neglectus_MW160353,internal,5,0.0020104988,0.0,-0.0020104988,0.0020104988
LRMC-SoftImpute,85,13,67,LRMC_SoftImpute_completed_p85_rep13_seed67.csv,internal:Cercopithecus_albogularis_KC757391|Cercopithecus_lhoesti_KJ434957|Cercopithecus_mitis_KJ434956,internal,3,0.0167387771,0.0,-0.0167387771,0.0167387771
LRMC-SoftImpute,85,13,67,LRMC_SoftImpute_completed_p85_rep13_seed67.csv,internal:Cercopithecus_albogularis_KC757391|Cercopithecus_mitis_KJ434956,internal,2,0.0593605632,0.008898487143475025,-0.050462076056524974,0.050462076056524974
LRMC-SoftImpute,85,13,67,LRMC_SoftImpute_completed_p85_rep13_seed67.csv,terminal:Cercopithecus_albogularis_KC757391,terminal,1,0.0366651729,0.00011673266658980026,-0.0365484402334102,0.0365484402334102
LRMC-SoftImpute,85,13,67,LRMC_SoftImpute_completed_p85_rep13_seed67.csv,terminal:Cercopithecus_mitis_KJ434956,terminal,1,0.0331901409,0.006238613239330971,-0.026951527660669026,0.026951527660669026
LRMC-SoftImpute,85,13,67,LRMC_SoftImpute_completed_p85_rep13_seed67.csv,terminal:Cercopithecus_lhoesti_KJ434957,terminal,1,0.096446469,0.02928172565336218,-0.06716474334663783,0.06716474334663783
LRMC-SoftImpute,85,13,67,LRMC_SoftImpute_completed_p85_rep13_seed67.csv,internal:Cercopithecus_diana_KJ434958|Cercopithecus_neglectus_MW160353,internal,2,0.0175917107,0.0,-0.0175917107,0.0175917107
LRMC-SoftImpute,85,13,67,LRMC_SoftImpute_completed_p85_rep13_seed67.csv,terminal:Cercopithecus_diana_KJ434958,terminal,1,0.1093319625,0.0,-0.1093319625,0.1093319625
LRMC-SoftImpute,85,13,67,LRMC_SoftImpute_completed_p85_rep13_seed67.csv,terminal:Cercopithecus_neglectus_MW160353,terminal,1,0.1017112524,0.0,-0.1017112524,0.1017112524
LRMC-SoftImpute,85,14,68,LRMC_SoftImpute_completed_p85_rep14_seed68.csv,terminal:Allenopithecus_nigroviridis_KJ434962,terminal,1,0.1474140195,0.017394138604144738,-0.13001988089585526,0.13001988089585526
LRMC-SoftImpute,85,14,68,LRMC_SoftImpute_completed_p85_rep14_seed68.csv,internal:Cercocebus_atys_KT159932|Cercocebus_chrysogaster_KC757390|Cercocebus_torquatus_KJ434959,internal,3,0.1544494817,0.011400662859112445,-0.14304881884088755,0.14304881884088755
LRMC-SoftImpute,85,14,68,LRMC_SoftImpute_completed_p85_rep14_seed68.csv,internal:Cercocebus_atys_KT159932|Cercocebus_torquatus_KJ434959,internal,2,0.0094381611,0.0,-0.0094381611,0.0094381611
LRMC-SoftImpute,85,14,68,LRMC_SoftImpute_completed_p85_rep14_seed68.csv,terminal:Cercocebus_atys_KT159932,terminal,1,0.0508580169,0.0,-0.0508580169,0.0508580169
LRMC-SoftImpute,85,14,68,LRMC_SoftImpute_completed_p85_rep14_seed68.csv,terminal:Cercocebus_torquatus_KJ434959,terminal,1,0.0562685839,0.013995682229932992,-0.04227290167006701,0.04227290167006701
LRMC-SoftImpute,85,14,68,LRMC_SoftImpute_completed_p85_rep14_seed68.csv,terminal:Cercocebus_chrysogaster_KC757390,terminal,1,0.0511259412,0.021153741386030316,-0.02997219981396968,0.02997219981396968
LRMC-SoftImpute,85,14,68,LRMC_SoftImpute_completed_p85_rep14_seed68.csv,internal:Allenopithecus_nigroviridis_KJ434962|Cercocebus_atys_KT159932|Cercocebus_chrysogaster_KC757390|Cercocebus_torquatus_KJ434959,internal,4,0.0346917556,0.03827262141350998,0.003580865813509984,0.003580865813509984
LRMC-SoftImpute,85,14,68,LRMC_SoftImpute_completed_p85_rep14_seed68.csv,internal:Cercopithecus_aethiops_AY863426|Chlorocebus_aethiops_C1_KU682691|Chlorocebus_aethiops_MN816163|Chlorocebus_cynosuros_C3_KU682693|Chlorocebus_cynosuros_KM262190|Chlorocebus_djamdjamensis_C5_KU682695,internal,6,0.0834758403,0.012365495886827553,-0.07111034441317246,0.07111034441317246
LRMC-SoftImpute,85,14,68,LRMC_SoftImpute_completed_p85_rep14_seed68.csv,internal:Cercopithecus_aethiops_AY863426|Chlorocebus_aethiops_C1_KU682691|Chlorocebus_aethiops_MN816163|Chlorocebus_cynosuros_C3_KU682693|Chlorocebus_cynosuros_KM262190,internal,5,0.012780756,0.003582639481091498,-0.009198116518908502,0.009198116518908502
LRMC-SoftImpute,85,14,68,LRMC_SoftImpute_completed_p85_rep14_seed68.csv,internal:Cercopithecus_aethiops_AY863426|Chlorocebus_aethiops_C1_KU682691|Chlorocebus_aethiops_MN816163,internal,3,0.0048654608,0.0,-0.0048654608,0.0048654608
LRMC-SoftImpute,85,14,68,LRMC_SoftImpute_completed_p85_rep14_seed68.csv,terminal:Cercopithecus_aethiops_AY863426,terminal,1,0.0221835236,0.004402984472827962,-0.017780539127172038,0.017780539127172038
LRMC-SoftImpute,85,14,68,LRMC_SoftImpute_completed_p85_rep14_seed68.csv,internal:Chlorocebus_aethiops_C1_KU682691|Chlorocebus_aethiops_MN816163,internal,2,0.0120854426,0.0,-0.0120854426,0.0120854426
LRMC-SoftImpute,85,14,68,LRMC_SoftImpute_completed_p85_rep14_seed68.csv,terminal:Chlorocebus_aethiops_C1_KU682691,terminal,1,0.0080961876,0.0,-0.0080961876,0.0080961876
LRMC-SoftImpute,85,14,68,LRMC_SoftImpute_completed_p85_rep14_seed68.csv,terminal:Chlorocebus_aethiops_MN816163,terminal,1,0.0104642592,0.0010282330690328289,-0.009436026130967171,0.009436026130967171
LRMC-SoftImpute,85,14,68,LRMC_SoftImpute_completed_p85_rep14_seed68.csv,internal:Chlorocebus_cynosuros_C3_KU682693|Chlorocebus_cynosuros_KM262190,internal,2,0.0017398823,0.005511923828714847,0.003772041528714847,0.003772041528714847
LRMC-SoftImpute,85,14,68,LRMC_SoftImpute_completed_p85_rep14_seed68.csv,terminal:Chlorocebus_cynosuros_C3_KU682693,terminal,1,0.0241962287,0.0,-0.0241962287,0.0241962287
LRMC-SoftImpute,85,14,68,LRMC_SoftImpute_completed_p85_rep14_seed68.csv,terminal:Chlorocebus_cynosuros_KM262190,terminal,1,0.0250691331,0.00020830941635587472,-0.024860823683644128,0.024860823683644128
LRMC-SoftImpute,85,14,68,LRMC_SoftImpute_completed_p85_rep14_seed68.csv,terminal:Chlorocebus_djamdjamensis_C5_KU682695,terminal,1,0.0319881948,0.0,-0.0319881948,0.0319881948
LRMC-SoftImpute,85,14,68,LRMC_SoftImpute_completed_p85_rep14_seed68.csv,internal:Cercopithecus_albogularis_KC757391|Cercopithecus_diana_KJ434958|Cercopithecus_lhoesti_KJ434957|Cercopithecus_mitis_KJ434956|Cercopithecus_neglectus_MW160353,internal,5,0.0020104988,0.0,-0.0020104988,0.0020104988
LRMC-SoftImpute,85,14,68,LRMC_SoftImpute_completed_p85_rep14_seed68.csv,internal:Cercopithecus_albogularis_KC757391|Cercopithecus_lhoesti_KJ434957|Cercopithecus_mitis_KJ434956,internal,3,0.0167387771,0.0,-0.0167387771,0.0167387771
LRMC-SoftImpute,85,14,68,LRMC_SoftImpute_completed_p85_rep14_seed68.csv,internal:Cercopithecus_albogularis_KC757391|Cercopithecus_mitis_KJ434956,internal,2,0.0593605632,0.0,-0.0593605632,0.0593605632
LRMC-SoftImpute,85,14,68,LRMC_SoftImpute_completed_p85_rep14_seed68.csv,terminal:Cercopithecus_albogularis_KC757391,terminal,1,0.0366651729,0.0015269271413436412,-0.03513824575865636,0.03513824575865636
LRMC-SoftImpute,85,14,68,LRMC_SoftImpute_completed_p85_rep14_seed68.csv,terminal:Cercopithecus_mitis_KJ434956,terminal,1,0.0331901409,0.0507348766059683,0.017544735705968303,0.017544735705968303
LRMC-SoftImpute,85,14,68,LRMC_SoftImpute_completed_p85_rep14_seed68.csv,terminal:Cercopithecus_lhoesti_KJ434957,terminal,1,0.096446469,0.022731929416237976,-0.07371453958376203,0.07371453958376203
LRMC-SoftImpute,85,14,68,LRMC_SoftImpute_completed_p85_rep14_seed68.csv,internal:Cercopithecus_diana_KJ434958|Cercopithecus_neglectus_MW160353,internal,2,0.0175917107,0.0,-0.0175917107,0.0175917107
LRMC-SoftImpute,85,14,68,LRMC_SoftImpute_completed_p85_rep14_seed68.csv,terminal:Cercopithecus_diana_KJ434958,terminal,1,0.1093319625,0.04438842334130284,-0.06494353915869716,0.06494353915869716
LRMC-SoftImpute,85,14,68,LRMC_SoftImpute_completed_p85_rep14_seed68.csv,terminal:Cercopithecus_neglectus_MW160353,terminal,1,0.1017112524,0.03174800356495791,-0.06996324883504208,0.06996324883504208
LRMC-SoftImpute,85,15,69,LRMC_SoftImpute_completed_p85_rep15_seed69.csv,terminal:Allenopithecus_nigroviridis_KJ434962,terminal,1,0.1474140195,0.007309685003943075,-0.14010433449605691,0.14010433449605691
LRMC-SoftImpute,85,15,69,LRMC_SoftImpute_completed_p85_rep15_seed69.csv,internal:Cercocebus_atys_KT159932|Cercocebus_chrysogaster_KC757390|Cercocebus_torquatus_KJ434959,internal,3,0.1544494817,0.0,-0.1544494817,0.1544494817
LRMC-SoftImpute,85,15,69,LRMC_SoftImpute_completed_p85_rep15_seed69.csv,internal:Cercocebus_atys_KT159932|Cercocebus_torquatus_KJ434959,internal,2,0.0094381611,0.0,-0.0094381611,0.0094381611
LRMC-SoftImpute,85,15,69,LRMC_SoftImpute_completed_p85_rep15_seed69.csv,terminal:Cercocebus_atys_KT159932,terminal,1,0.0508580169,0.01811699594174253,-0.03274102095825747,0.03274102095825747
LRMC-SoftImpute,85,15,69,LRMC_SoftImpute_completed_p85_rep15_seed69.csv,terminal:Cercocebus_torquatus_KJ434959,terminal,1,0.0562685839,0.0,-0.0562685839,0.0562685839
LRMC-SoftImpute,85,15,69,LRMC_SoftImpute_completed_p85_rep15_seed69.csv,terminal:Cercocebus_chrysogaster_KC757390,terminal,1,0.0511259412,0.01634218751613911,-0.034783753683860885,0.034783753683860885
LRMC-SoftImpute,85,15,69,LRMC_SoftImpute_completed_p85_rep15_seed69.csv,internal:Allenopithecus_nigroviridis_KJ434962|Cercocebus_atys_KT159932|Cercocebus_chrysogaster_KC757390|Cercocebus_torquatus_KJ434959,internal,4,0.0346917556,0.030450139039599592,-0.004241616560400407,0.004241616560400407
LRMC-SoftImpute,85,15,69,LRMC_SoftImpute_completed_p85_rep15_seed69.csv,internal:Cercopithecus_aethiops_AY863426|Chlorocebus_aethiops_C1_KU682691|Chlorocebus_aethiops_MN816163|Chlorocebus_cynosuros_C3_KU682693|Chlorocebus_cynosuros_KM262190|Chlorocebus_djamdjamensis_C5_KU682695,internal,6,0.0834758403,0.0,-0.0834758403,0.0834758403
LRMC-SoftImpute,85,15,69,LRMC_SoftImpute_completed_p85_rep15_seed69.csv,internal:Cercopithecus_aethiops_AY863426|Chlorocebus_aethiops_C1_KU682691|Chlorocebus_aethiops_MN816163|Chlorocebus_cynosuros_C3_KU682693|Chlorocebus_cynosuros_KM262190,internal,5,0.012780756,0.0,-0.012780756,0.012780756
LRMC-SoftImpute,85,15,69,LRMC_SoftImpute_completed_p85_rep15_seed69.csv,internal:Cercopithecus_aethiops_AY863426|Chlorocebus_aethiops_C1_KU682691|Chlorocebus_aethiops_MN816163,internal,3,0.0048654608,0.0,-0.0048654608,0.0048654608
LRMC-SoftImpute,85,15,69,LRMC_SoftImpute_completed_p85_rep15_seed69.csv,terminal:Cercopithecus_aethiops_AY863426,terminal,1,0.0221835236,0.0,-0.0221835236,0.0221835236
LRMC-SoftImpute,85,15,69,LRMC_SoftImpute_completed_p85_rep15_seed69.csv,internal:Chlorocebus_aethiops_C1_KU682691|Chlorocebus_aethiops_MN816163,internal,2,0.0120854426,0.0,-0.0120854426,0.0120854426
LRMC-SoftImpute,85,15,69,LRMC_SoftImpute_completed_p85_rep15_seed69.csv,terminal:Chlorocebus_aethiops_C1_KU682691,terminal,1,0.0080961876,0.02384629957883345,0.01575011197883345,0.01575011197883345
LRMC-SoftImpute,85,15,69,LRMC_SoftImpute_completed_p85_rep15_seed69.csv,terminal:Chlorocebus_aethiops_MN816163,terminal,1,0.0104642592,0.0320480032444388,0.021583744044438802,0.021583744044438802
LRMC-SoftImpute,85,15,69,LRMC_SoftImpute_completed_p85_rep15_seed69.csv,internal:Chlorocebus_cynosuros_C3_KU682693|Chlorocebus_cynosuros_KM262190,internal,2,0.0017398823,0.0,-0.0017398823,0.0017398823
LRMC-SoftImpute,85,15,69,LRMC_SoftImpute_completed_p85_rep15_seed69.csv,terminal:Chlorocebus_cynosuros_C3_KU682693,terminal,1,0.0241962287,0.02200236697408379,-0.0021938617259162074,0.0021938617259162074
LRMC-SoftImpute,85,15,69,LRMC_SoftImpute_completed_p85_rep15_seed69.csv,terminal:Chlorocebus_cynosuros_KM262190,terminal,1,0.0250691331,0.0,-0.0250691331,0.0250691331
LRMC-SoftImpute,85,15,69,LRMC_SoftImpute_completed_p85_rep15_seed69.csv,terminal:Chlorocebus_djamdjamensis_C5_KU682695,terminal,1,0.0319881948,0.0,-0.0319881948,0.0319881948
LRMC-SoftImpute,85,15,69,LRMC_SoftImpute_completed_p85_rep15_seed69.csv,internal:Cercopithecus_albogularis_KC757391|Cercopithecus_diana_KJ434958|Cercopithecus_lhoesti_KJ434957|Cercopithecus_mitis_KJ434956|Cercopithecus_neglectus_MW160353,internal,5,0.0020104988,0.0009301182385092144,-0.0010803805614907859,0.0010803805614907859
LRMC-SoftImpute,85,15,69,LRMC_SoftImpute_completed_p85_rep15_seed69.csv,internal:Cercopithecus_albogularis_KC757391|Cercopithecus_lhoesti_KJ434957|Cercopithecus_mitis_KJ434956,internal,3,0.0167387771,0.03381216554578095,0.017073388445780952,0.017073388445780952
LRMC-SoftImpute,85,15,69,LRMC_SoftImpute_completed_p85_rep15_seed69.csv,internal:Cercopithecus_albogularis_KC757391|Cercopithecus_mitis_KJ434956,internal,2,0.0593605632,0.0,-0.0593605632,0.0593605632
LRMC-SoftImpute,85,15,69,LRMC_SoftImpute_completed_p85_rep15_seed69.csv,terminal:Cercopithecus_albogularis_KC757391,terminal,1,0.0366651729,0.00863036179704315,-0.02803481110295685,0.02803481110295685
LRMC-SoftImpute,85,15,69,LRMC_SoftImpute_completed_p85_rep15_seed69.csv,terminal:Cercopithecus_mitis_KJ434956,terminal,1,0.0331901409,0.0,-0.0331901409,0.0331901409
LRMC-SoftImpute,85,15,69,LRMC_SoftImpute_completed_p85_rep15_seed69.csv,terminal:Cercopithecus_lhoesti_KJ434957,terminal,1,0.096446469,0.0046245026577531635,-0.09182196634224685,0.09182196634224685
LRMC-SoftImpute,85,15,69,LRMC_SoftImpute_completed_p85_rep15_seed69.csv,internal:Cercopithecus_diana_KJ434958|Cercopithecus_neglectus_MW160353,internal,2,0.0175917107,0.0,-0.0175917107,0.0175917107
LRMC-SoftImpute,85,15,69,LRMC_SoftImpute_completed_p85_rep15_seed69.csv,terminal:Cercopithecus_diana_KJ434958,terminal,1,0.1093319625,0.016944842922831736,-0.09238711957716828,0.09238711957716828
LRMC-SoftImpute,85,15,69,LRMC_SoftImpute_completed_p85_rep15_seed69.csv,terminal:Cercopithecus_neglectus_MW160353,terminal,1,0.1017112524,0.03175685396482418,-0.06995439843517581,0.06995439843517581
LRMC-SoftImpute,85,16,70,LRMC_SoftImpute_completed_p85_rep16_seed70.csv,terminal:Allenopithecus_nigroviridis_KJ434962,terminal,1,0.1474140195,0.04582728480555118,-0.10158673469444882,0.10158673469444882
LRMC-SoftImpute,85,16,70,LRMC_SoftImpute_completed_p85_rep16_seed70.csv,internal:Cercocebus_atys_KT159932|Cercocebus_chrysogaster_KC757390|Cercocebus_torquatus_KJ434959,internal,3,0.1544494817,0.02493281821066718,-0.12951666348933283,0.12951666348933283
LRMC-SoftImpute,85,16,70,LRMC_SoftImpute_completed_p85_rep16_seed70.csv,internal:Cercocebus_atys_KT159932|Cercocebus_torquatus_KJ434959,internal,2,0.0094381611,0.00029720431016478434,-0.009140956789835215,0.009140956789835215
LRMC-SoftImpute,85,16,70,LRMC_SoftImpute_completed_p85_rep16_seed70.csv,terminal:Cercocebus_atys_KT159932,terminal,1,0.0508580169,0.01869317021526156,-0.032164846684738436,0.032164846684738436
LRMC-SoftImpute,85,16,70,LRMC_SoftImpute_completed_p85_rep16_seed70.csv,terminal:Cercocebus_torquatus_KJ434959,terminal,1,0.0562685839,0.0,-0.0562685839,0.0562685839
LRMC-SoftImpute,85,16,70,LRMC_SoftImpute_completed_p85_rep16_seed70.csv,terminal:Cercocebus_chrysogaster_KC757390,terminal,1,0.0511259412,0.0038497841071206064,-0.04727615709287939,0.04727615709287939
LRMC-SoftImpute,85,16,70,LRMC_SoftImpute_completed_p85_rep16_seed70.csv,internal:Allenopithecus_nigroviridis_KJ434962|Cercocebus_atys_KT159932|Cercocebus_chrysogaster_KC757390|Cercocebus_torquatus_KJ434959,internal,4,0.0346917556,0.0,-0.0346917556,0.0346917556
LRMC-SoftImpute,85,16,70,LRMC_SoftImpute_completed_p85_rep16_seed70.csv,internal:Cercopithecus_aethiops_AY863426|Chlorocebus_aethiops_C1_KU682691|Chlorocebus_aethiops_MN816163|Chlorocebus_cynosuros_C3_KU682693|Chlorocebus_cynosuros_KM262190|Chlorocebus_djamdjamensis_C5_KU682695,internal,6,0.0834758403,0.0,-0.0834758403,0.0834758403
LRMC-SoftImpute,85,16,70,LRMC_SoftImpute_completed_p85_rep16_seed70.csv,internal:Cercopithecus_aethiops_AY863426|Chlorocebus_aethiops_C1_KU682691|Chlorocebus_aethiops_MN816163|Chlorocebus_cynosuros_C3_KU682693|Chlorocebus_cynosuros_KM262190,internal,5,0.012780756,0.0,-0.012780756,0.012780756
LRMC-SoftImpute,85,16,70,LRMC_SoftImpute_completed_p85_rep16_seed70.csv,internal:Cercopithecus_aethiops_AY863426|Chlorocebus_aethiops_C1_KU682691|Chlorocebus_aethiops_MN816163,internal,3,0.0048654608,0.0,-0.0048654608,0.0048654608
LRMC-SoftImpute,85,16,70,LRMC_SoftImpute_completed_p85_rep16_seed70.csv,terminal:Cercopithecus_aethiops_AY863426,terminal,1,0.0221835236,0.0,-0.0221835236,0.0221835236
LRMC-SoftImpute,85,16,70,LRMC_SoftImpute_completed_p85_rep16_seed70.csv,internal:Chlorocebus_aethiops_C1_KU682691|Chlorocebus_aethiops_MN816163,internal,2,0.0120854426,0.007121487478493192,-0.004963955121506807,0.004963955121506807
LRMC-SoftImpute,85,16,70,LRMC_SoftImpute_completed_p85_rep16_seed70.csv,terminal:Chlorocebus_aethiops_C1_KU682691,terminal,1,0.0080961876,0.0,-0.0080961876,0.0080961876
LRMC-SoftImpute,85,16,70,LRMC_SoftImpute_completed_p85_rep16_seed70.csv,terminal:Chlorocebus_aethiops_MN816163,terminal,1,0.0104642592,0.005315932997404409,-0.00514832620259559,0.00514832620259559
LRMC-SoftImpute,85,16,70,LRMC_SoftImpute_completed_p85_rep16_seed70.csv,internal:Chlorocebus_cynosuros_C3_KU682693|Chlorocebus_cynosuros_KM262190,internal,2,0.0017398823,0.007519699886038713,0.005779817586038714,0.005779817586038714
LRMC-SoftImpute,85,16,70,LRMC_SoftImpute_completed_p85_rep16_seed70.csv,terminal:Chlorocebus_cynosuros_C3_KU682693,terminal,1,0.0241962287,0.0037943567383097844,-0.020401871961690216,0.020401871961690216
LRMC-SoftImpute,85,16,70,LRMC_SoftImpute_completed_p85_rep16_seed70.csv,terminal:Chlorocebus_cynosuros_KM262190,terminal,1,0.0250691331,0.04069735726412159,0.015628224164121587,0.015628224164121587
LRMC-SoftImpute,85,16,70,LRMC_SoftImpute_completed_p85_rep16_seed70.csv,terminal:Chlorocebus_djamdjamensis_C5_KU682695,terminal,1,0.0319881948,0.010807077453129026,-0.021181117346870976,0.021181117346870976
LRMC-SoftImpute,85,16,70,LRMC_SoftImpute_completed_p85_rep16_seed70.csv,internal:Cercopithecus_albogularis_KC757391|Cercopithecus_diana_KJ434958|Cercopithecus_lhoesti_KJ434957|Cercopithecus_mitis_KJ434956|Cercopithecus_neglectus_MW160353,internal,5,0.0020104988,0.020602425059256226,0.018591926259256226,0.018591926259256226
LRMC-SoftImpute,85,16,70,LRMC_SoftImpute_completed_p85_rep16_seed70.csv,internal:Cercopithecus_albogularis_KC757391|Cercopithecus_lhoesti_KJ434957|Cercopithecus_mitis_KJ434956,internal,3,0.0167387771,0.00970940610196023,-0.007029370998039771,0.007029370998039771
LRMC-SoftImpute,85,16,70,LRMC_SoftImpute_completed_p85_rep16_seed70.csv,internal:Cercopithecus_albogularis_KC757391|Cercopithecus_mitis_KJ434956,internal,2,0.0593605632,0.0,-0.0593605632,0.0593605632
LRMC-SoftImpute,85,16,70,LRMC_SoftImpute_completed_p85_rep16_seed70.csv,terminal:Cercopithecus_albogularis_KC757391,terminal,1,0.0366651729,0.02440835000059717,-0.01225682289940283,0.01225682289940283
LRMC-SoftImpute,85,16,70,LRMC_SoftImpute_completed_p85_rep16_seed70.csv,terminal:Cercopithecus_mitis_KJ434956,terminal,1,0.0331901409,0.0,-0.0331901409,0.0331901409
LRMC-SoftImpute,85,16,70,LRMC_SoftImpute_completed_p85_rep16_seed70.csv,terminal:Cercopithecus_lhoesti_KJ434957,terminal,1,0.096446469,0.03497944551241527,-0.06146702348758474,0.06146702348758474
LRMC-SoftImpute,85,16,70,LRMC_SoftImpute_completed_p85_rep16_seed70.csv,internal:Cercopithecus_diana_KJ434958|Cercopithecus_neglectus_MW160353,internal,2,0.0175917107,0.0,-0.0175917107,0.0175917107
LRMC-SoftImpute,85,16,70,LRMC_SoftImpute_completed_p85_rep16_seed70.csv,terminal:Cercopithecus_diana_KJ434958,terminal,1,0.1093319625,0.0352879990261104,-0.07404396347388961,0.07404396347388961
LRMC-SoftImpute,85,16,70,LRMC_SoftImpute_completed_p85_rep16_seed70.csv,terminal:Cercopithecus_neglectus_MW160353,terminal,1,0.1017112524,0.0,-0.1017112524,0.1017112524
LRMC-SoftImpute,85,17,71,LRMC_SoftImpute_completed_p85_rep17_seed71.csv,terminal:Allenopithecus_nigroviridis_KJ434962,terminal,1,0.1474140195,0.04195064350320507,-0.10546337599679492,0.10546337599679492
LRMC-SoftImpute,85,17,71,LRMC_SoftImpute_completed_p85_rep17_seed71.csv,internal:Cercocebus_atys_KT159932|Cercocebus_chrysogaster_KC757390|Cercocebus_torquatus_KJ434959,internal,3,0.1544494817,0.014366754257313872,-0.14008272744268613,0.14008272744268613
LRMC-SoftImpute,85,17,71,LRMC_SoftImpute_completed_p85_rep17_seed71.csv,internal:Cercocebus_atys_KT159932|Cercocebus_torquatus_KJ434959,internal,2,0.0094381611,0.019073966918549498,0.009635805818549498,0.009635805818549498
LRMC-SoftImpute,85,17,71,LRMC_SoftImpute_completed_p85_rep17_seed71.csv,terminal:Cercocebus_atys_KT159932,terminal,1,0.0508580169,0.0050857219170088895,-0.04577229498299111,0.04577229498299111
LRMC-SoftImpute,85,17,71,LRMC_SoftImpute_completed_p85_rep17_seed71.csv,terminal:Cercocebus_torquatus_KJ434959,terminal,1,0.0562685839,0.005367278165651121,-0.05090130573434888,0.05090130573434888
LRMC-SoftImpute,85,17,71,LRMC_SoftImpute_completed_p85_rep17_seed71.csv,terminal:Cercocebus_chrysogaster_KC757390,terminal,1,0.0511259412,0.054847198293393976,0.0037212570933939787,0.0037212570933939787
LRMC-SoftImpute,85,17,71,LRMC_SoftImpute_completed_p85_rep17_seed71.csv,internal:Allenopithecus_nigroviridis_KJ434962|Cercocebus_atys_KT159932|Cercocebus_chrysogaster_KC757390|Cercocebus_torquatus_KJ434959,internal,4,0.0346917556,0.0,-0.0346917556,0.0346917556
LRMC-SoftImpute,85,17,71,LRMC_SoftImpute_completed_p85_rep17_seed71.csv,internal:Cercopithecus_aethiops_AY863426|Chlorocebus_aethiops_C1_KU682691|Chlorocebus_aethiops_MN816163|Chlorocebus_cynosuros_C3_KU682693|Chlorocebus_cynosuros_KM262190|Chlorocebus_djamdjamensis_C5_KU682695,internal,6,0.0834758403,0.0,-0.0834758403,0.0834758403
LRMC-SoftImpute,85,17,71,LRMC_SoftImpute_completed_p85_rep17_seed71.csv,internal:Cercopithecus_aethiops_AY863426|Chlorocebus_aethiops_C1_KU682691|Chlorocebus_aethiops_MN816163|Chlorocebus_cynosuros_C3_KU682693|Chlorocebus_cynosuros_KM262190,internal,5,0.012780756,0.0,-0.012780756,0.012780756
LRMC-SoftImpute,85,17,71,LRMC_SoftImpute_completed_p85_rep17_seed71.csv,internal:Cercopithecus_aethiops_AY863426|Chlorocebus_aethiops_C1_KU682691|Chlorocebus_aethiops_MN816163,internal,3,0.0048654608,0.0,-0.0048654608,0.0048654608
LRMC-SoftImpute,85,17,71,LRMC_SoftImpute_completed_p85_rep17_seed71.csv,terminal:Cercopithecus_aethiops_AY863426,terminal,1,0.0221835236,0.041732237577344775,0.019548713977344773,0.019548713977344773
LRMC-SoftImpute,85,17,71,LRMC_SoftImpute_completed_p85_rep17_seed71.csv,internal:Chlorocebus_aethiops_C1_KU682691|Chlorocebus_aethiops_MN816163,internal,2,0.0120854426,0.024031417686441767,0.011945975086441768,0.011945975086441768
LRMC-SoftImpute,85,17,71,LRMC_SoftImpute_completed_p85_rep17_seed71.csv,terminal:Chlorocebus_aethiops_C1_KU682691,terminal,1,0.0080961876,0.003186449906079732,-0.004909737693920268,0.004909737693920268
LRMC-SoftImpute,85,17,71,LRMC_SoftImpute_completed_p85_rep17_seed71.csv,terminal:Chlorocebus_aethiops_MN816163,terminal,1,0.0104642592,0.0,-0.0104642592,0.0104642592
LRMC-SoftImpute,85,17,71,LRMC_SoftImpute_completed_p85_rep17_seed71.csv,internal:Chlorocebus_cynosuros_C3_KU682693|Chlorocebus_cynosuros_KM262190,internal,2,0.0017398823,0.0,-0.0017398823,0.0017398823
LRMC-SoftImpute,85,17,71,LRMC_SoftImpute_completed_p85_rep17_seed71.csv,terminal:Chlorocebus_cynosuros_C3_KU682693,terminal,1,0.0241962287,0.0,-0.0241962287,0.0241962287
LRMC-SoftImpute,85,17,71,LRMC_SoftImpute_completed_p85_rep17_seed71.csv,terminal:Chlorocebus_cynosuros_KM262190,terminal,1,0.0250691331,0.011820215095110888,-0.013248918004889114,0.013248918004889114
LRMC-SoftImpute,85,17,71,LRMC_SoftImpute_completed_p85_rep17_seed71.csv,terminal:Chlorocebus_djamdjamensis_C5_KU682695,terminal,1,0.0319881948,0.017222347157956067,-0.014765847642043934,0.014765847642043934
LRMC-SoftImpute,85,17,71,LRMC_SoftImpute_completed_p85_rep17_seed71.csv,internal:Cercopithecus_albogularis_KC757391|Cercopithecus_diana_KJ434958|Cercopithecus_lhoesti_KJ434957|Cercopithecus_mitis_KJ434956|Cercopithecus_neglectus_MW160353,internal,5,0.0020104988,0.0,-0.0020104988,0.0020104988
LRMC-SoftImpute,85,17,71,LRMC_SoftImpute_completed_p85_rep17_seed71.csv,internal:Cercopithecus_albogularis_KC757391|Cercopithecus_lhoesti_KJ434957|Cercopithecus_mitis_KJ434956,internal,3,0.0167387771,0.0,-0.0167387771,0.0167387771
LRMC-SoftImpute,85,17,71,LRMC_SoftImpute_completed_p85_rep17_seed71.csv,internal:Cercopithecus_albogularis_KC757391|Cercopithecus_mitis_KJ434956,internal,2,0.0593605632,0.0,-0.0593605632,0.0593605632
LRMC-SoftImpute,85,17,71,LRMC_SoftImpute_completed_p85_rep17_seed71.csv,terminal:Cercopithecus_albogularis_KC757391,terminal,1,0.0366651729,0.03486633075298342,-0.0017988421470165813,0.0017988421470165813
LRMC-SoftImpute,85,17,71,LRMC_SoftImpute_completed_p85_rep17_seed71.csv,terminal:Cercopithecus_mitis_KJ434956,terminal,1,0.0331901409,0.012555327758072317,-0.02063481314192768,0.02063481314192768
LRMC-SoftImpute,85,17,71,LRMC_SoftImpute_completed_p85_rep17_seed71.csv,terminal:Cercopithecus_lhoesti_KJ434957,terminal,1,0.096446469,0.0,-0.096446469,0.096446469
LRMC-SoftImpute,85,17,71,LRMC_SoftImpute_completed_p85_rep17_seed71.csv,internal:Cercopithecus_diana_KJ434958|Cercopithecus_neglectus_MW160353,internal,2,0.0175917107,0.0,-0.0175917107,0.0175917107
LRMC-SoftImpute,85,17,71,LRMC_SoftImpute_completed_p85_rep17_seed71.csv,terminal:Cercopithecus_diana_KJ434958,terminal,1,0.1093319625,0.0462663243695572,-0.0630656381304428,0.0630656381304428
LRMC-SoftImpute,85,17,71,LRMC_SoftImpute_completed_p85_rep17_seed71.csv,terminal:Cercopithecus_neglectus_MW160353,terminal,1,0.1017112524,0.026316293408805855,-0.07539495899119414,0.07539495899119414
LRMC-SoftImpute,85,18,72,LRMC_SoftImpute_completed_p85_rep18_seed72.csv,terminal:Allenopithecus_nigroviridis_KJ434962,terminal,1,0.1474140195,0.039649955455295094,-0.1077640640447049,0.1077640640447049
LRMC-SoftImpute,85,18,72,LRMC_SoftImpute_completed_p85_rep18_seed72.csv,internal:Cercocebus_atys_KT159932|Cercocebus_chrysogaster_KC757390|Cercocebus_torquatus_KJ434959,internal,3,0.1544494817,0.024118703952039865,-0.13033077774796015,0.13033077774796015
LRMC-SoftImpute,85,18,72,LRMC_SoftImpute_completed_p85_rep18_seed72.csv,internal:Cercocebus_atys_KT159932|Cercocebus_torquatus_KJ434959,internal,2,0.0094381611,0.0,-0.0094381611,0.0094381611
LRMC-SoftImpute,85,18,72,LRMC_SoftImpute_completed_p85_rep18_seed72.csv,terminal:Cercocebus_atys_KT159932,terminal,1,0.0508580169,0.03750061124063507,-0.013357405659364927,0.013357405659364927
LRMC-SoftImpute,85,18,72,LRMC_SoftImpute_completed_p85_rep18_seed72.csv,terminal:Cercocebus_torquatus_KJ434959,terminal,1,0.0562685839,0.021844648671393466,-0.03442393522860654,0.03442393522860654
LRMC-SoftImpute,85,18,72,LRMC_SoftImpute_completed_p85_rep18_seed72.csv,terminal:Cercocebus_chrysogaster_KC757390,terminal,1,0.0511259412,0.025518632926504154,-0.025607308273495843,0.025607308273495843
LRMC-SoftImpute,85,18,72,LRMC_SoftImpute_completed_p85_rep18_seed72.csv,internal:Allenopithecus_nigroviridis_KJ434962|Cercocebus_atys_KT159932|Cercocebus_chrysogaster_KC757390|Cercocebus_torquatus_KJ434959,internal,4,0.0346917556,0.0,-0.0346917556,0.0346917556
LRMC-SoftImpute,85,18,72,LRMC_SoftImpute_completed_p85_rep18_seed72.csv,internal:Cercopithecus_aethiops_AY863426|Chlorocebus_aethiops_C1_KU682691|Chlorocebus_aethiops_MN816163|Chlorocebus_cynosuros_C3_KU682693|Chlorocebus_cynosuros_KM262190|Chlorocebus_djamdjamensis_C5_KU682695,internal,6,0.0834758403,0.006009533191672398,-0.07746630710832761,0.07746630710832761
LRMC-SoftImpute,85,18,72,LRMC_SoftImpute_completed_p85_rep18_seed72.csv,internal:Cercopithecus_aethiops_AY863426|Chlorocebus_aethiops_C1_KU682691|Chlorocebus_aethiops_MN816163|Chlorocebus_cynosuros_C3_KU682693|Chlorocebus_cynosuros_KM262190,internal,5,0.012780756,0.0,-0.012780756,0.012780756
LRMC-SoftImpute,85,18,72,LRMC_SoftImpute_completed_p85_rep18_seed72.csv,internal:Cercopithecus_aethiops_AY863426|Chlorocebus_aethiops_C1_KU682691|Chlorocebus_aethiops_MN816163,internal,3,0.0048654608,0.0,-0.0048654608,0.0048654608
LRMC-SoftImpute,85,18,72,LRMC_SoftImpute_completed_p85_rep18_seed72.csv,terminal:Cercopithecus_aethiops_AY863426,terminal,1,0.0221835236,0.02495571380401183,0.002772190204011829,0.002772190204011829
LRMC-SoftImpute,85,18,72,LRMC_SoftImpute_completed_p85_rep18_seed72.csv,internal:Chlorocebus_aethiops_C1_KU682691|Chlorocebus_aethiops_MN816163,internal,2,0.0120854426,0.0,-0.0120854426,0.0120854426
LRMC-SoftImpute,85,18,72,LRMC_SoftImpute_completed_p85_rep18_seed72.csv,terminal:Chlorocebus_aethiops_C1_KU682691,terminal,1,0.0080961876,0.02304689910878678,0.01495071150878678,0.01495071150878678
LRMC-SoftImpute,85,18,72,LRMC_SoftImpute_completed_p85_rep18_seed72.csv,terminal:Chlorocebus_aethiops_MN816163,terminal,1,0.0104642592,0.0,-0.0104642592,0.0104642592
LRMC-SoftImpute,85,18,72,LRMC_SoftImpute_completed_p85_rep18_seed72.csv,internal:Chlorocebus_cynosuros_C3_KU682693|Chlorocebus_cynosuros_KM262190,internal,2,0.0017398823,0.013538712209110064,0.011798829909110064,0.011798829909110064
LRMC-SoftImpute,85,18,72,LRMC_SoftImpute_completed_p85_rep18_seed72.csv,terminal:Chlorocebus_cynosuros_C3_KU682693,terminal,1,0.0241962287,0.019530603177487945,-0.004665625522512054,0.004665625522512054
LRMC-SoftImpute,85,18,72,LRMC_SoftImpute_completed_p85_rep18_seed72.csv,terminal:Chlorocebus_cynosuros_KM262190,terminal,1,0.0250691331,0.014806125608050814,-0.010263007491949187,0.010263007491949187
LRMC-SoftImpute,85,18,72,LRMC_SoftImpute_completed_p85_rep18_seed72.csv,terminal:Chlorocebus_djamdjamensis_C5_KU682695,terminal,1,0.0319881948,0.026626976824457475,-0.005361217975542527,0.005361217975542527
LRMC-SoftImpute,85,18,72,LRMC_SoftImpute_completed_p85_rep18_seed72.csv,internal:Cercopithecus_albogularis_KC757391|Cercopithecus_diana_KJ434958|Cercopithecus_lhoesti_KJ434957|Cercopithecus_mitis_KJ434956|Cercopithecus_neglectus_MW160353,internal,5,0.0020104988,0.0,-0.0020104988,0.0020104988
LRMC-SoftImpute,85,18,72,LRMC_SoftImpute_completed_p85_rep18_seed72.csv,internal:Cercopithecus_albogularis_KC757391|Cercopithecus_lhoesti_KJ434957|Cercopithecus_mitis_KJ434956,internal,3,0.0167387771,0.0,-0.0167387771,0.0167387771
LRMC-SoftImpute,85,18,72,LRMC_SoftImpute_completed_p85_rep18_seed72.csv,internal:Cercopithecus_albogularis_KC757391|Cercopithecus_mitis_KJ434956,internal,2,0.0593605632,0.0,-0.0593605632,0.0593605632
LRMC-SoftImpute,85,18,72,LRMC_SoftImpute_completed_p85_rep18_seed72.csv,terminal:Cercopithecus_albogularis_KC757391,terminal,1,0.0366651729,0.028672111625217777,-0.007993061274782224,0.007993061274782224
LRMC-SoftImpute,85,18,72,LRMC_SoftImpute_completed_p85_rep18_seed72.csv,terminal:Cercopithecus_mitis_KJ434956,terminal,1,0.0331901409,0.02797299117178921,-0.005217149728210788,0.005217149728210788
LRMC-SoftImpute,85,18,72,LRMC_SoftImpute_completed_p85_rep18_seed72.csv,terminal:Cercopithecus_lhoesti_KJ434957,terminal,1,0.096446469,0.02505814533922587,-0.07138832366077413,0.07138832366077413
LRMC-SoftImpute,85,18,72,LRMC_SoftImpute_completed_p85_rep18_seed72.csv,internal:Cercopithecus_diana_KJ434958|Cercopithecus_neglectus_MW160353,internal,2,0.0175917107,0.0,-0.0175917107,0.0175917107
LRMC-SoftImpute,85,18,72,LRMC_SoftImpute_completed_p85_rep18_seed72.csv,terminal:Cercopithecus_diana_KJ434958,terminal,1,0.1093319625,0.03026930029965367,-0.07906266220034633,0.07906266220034633
LRMC-SoftImpute,85,18,72,LRMC_SoftImpute_completed_p85_rep18_seed72.csv,terminal:Cercopithecus_neglectus_MW160353,terminal,1,0.1017112524,0.0,-0.1017112524,0.1017112524
LRMC-SoftImpute,85,19,73,LRMC_SoftImpute_completed_p85_rep19_seed73.csv,terminal:Allenopithecus_nigroviridis_KJ434962,terminal,1,0.1474140195,0.023086700933979448,-0.12432731856602054,0.12432731856602054
LRMC-SoftImpute,85,19,73,LRMC_SoftImpute_completed_p85_rep19_seed73.csv,internal:Cercocebus_atys_KT159932|Cercocebus_chrysogaster_KC757390|Cercocebus_torquatus_KJ434959,internal,3,0.1544494817,0.02819569065437486,-0.12625379104562515,0.12625379104562515
LRMC-SoftImpute,85,19,73,LRMC_SoftImpute_completed_p85_rep19_seed73.csv,internal:Cercocebus_atys_KT159932|Cercocebus_torquatus_KJ434959,internal,2,0.0094381611,0.03493822244141501,0.025500061341415005,0.025500061341415005
LRMC-SoftImpute,85,19,73,LRMC_SoftImpute_completed_p85_rep19_seed73.csv,terminal:Cercocebus_atys_KT159932,terminal,1,0.0508580169,0.012064259113335328,-0.03879375778666467,0.03879375778666467
LRMC-SoftImpute,85,19,73,LRMC_SoftImpute_completed_p85_rep19_seed73.csv,terminal:Cercocebus_torquatus_KJ434959,terminal,1,0.0562685839,0.0010688350013639517,-0.05519974889863605,0.05519974889863605
LRMC-SoftImpute,85,19,73,LRMC_SoftImpute_completed_p85_rep19_seed73.csv,terminal:Cercocebus_chrysogaster_KC757390,terminal,1,0.0511259412,0.026130234355641734,-0.024995706844358263,0.024995706844358263
LRMC-SoftImpute,85,19,73,LRMC_SoftImpute_completed_p85_rep19_seed73.csv,internal:Allenopithecus_nigroviridis_KJ434962|Cercocebus_atys_KT159932|Cercocebus_chrysogaster_KC757390|Cercocebus_torquatus_KJ434959,internal,4,0.0346917556,0.0,-0.0346917556,0.0346917556
LRMC-SoftImpute,85,19,73,LRMC_SoftImpute_completed_p85_rep19_seed73.csv,internal:Cercopithecus_aethiops_AY863426|Chlorocebus_aethiops_C1_KU682691|Chlorocebus_aethiops_MN816163|Chlorocebus_cynosuros_C3_KU682693|Chlorocebus_cynosuros_KM262190|Chlorocebus_djamdjamensis_C5_KU682695,internal,6,0.0834758403,0.0,-0.0834758403,0.0834758403
LRMC-SoftImpute,85,19,73,LRMC_SoftImpute_completed_p85_rep19_seed73.csv,internal:Cercopithecus_aethiops_AY863426|Chlorocebus_aethiops_C1_KU682691|Chlorocebus_aethiops_MN816163|Chlorocebus_cynosuros_C3_KU682693|Chlorocebus_cynosuros_KM262190,internal,5,0.012780756,0.0,-0.012780756,0.012780756
LRMC-SoftImpute,85,19,73,LRMC_SoftImpute_completed_p85_rep19_seed73.csv,internal:Cercopithecus_aethiops_AY863426|Chlorocebus_aethiops_C1_KU682691|Chlorocebus_aethiops_MN816163,internal,3,0.0048654608,0.002063930167475293,-0.0028015306325247066,0.0028015306325247066
LRMC-SoftImpute,85,19,73,LRMC_SoftImpute_completed_p85_rep19_seed73.csv,terminal:Cercopithecus_aethiops_AY863426,terminal,1,0.0221835236,0.02642057945672384,0.004237055856723838,0.004237055856723838
LRMC-SoftImpute,85,19,73,LRMC_SoftImpute_completed_p85_rep19_seed73.csv,internal:Chlorocebus_aethiops_C1_KU682691|Chlorocebus_aethiops_MN816163,internal,2,0.0120854426,0.0,-0.0120854426,0.0120854426
LRMC-SoftImpute,85,19,73,LRMC_SoftImpute_completed_p85_rep19_seed73.csv,terminal:Chlorocebus_aethiops_C1_KU682691,terminal,1,0.0080961876,0.03643197018006413,0.028335782580064132,0.028335782580064132
LRMC-SoftImpute,85,19,73,LRMC_SoftImpute_completed_p85_rep19_seed73.csv,terminal:Chlorocebus_aethiops_MN816163,terminal,1,0.0104642592,0.0,-0.0104642592,0.0104642592
LRMC-SoftImpute,85,19,73,LRMC_SoftImpute_completed_p85_rep19_seed73.csv,internal:Chlorocebus_cynosuros_C3_KU682693|Chlorocebus_cynosuros_KM262190,internal,2,0.0017398823,0.0,-0.0017398823,0.0017398823
LRMC-SoftImpute,85,19,73,LRMC_SoftImpute_completed_p85_rep19_seed73.csv,terminal:Chlorocebus_cynosuros_C3_KU682693,terminal,1,0.0241962287,0.01751690387699155,-0.00667932482300845,0.00667932482300845
LRMC-SoftImpute,85,19,73,LRMC_SoftImpute_completed_p85_rep19_seed73.csv,terminal:Chlorocebus_cynosuros_KM262190,terminal,1,0.0250691331,0.0,-0.0250691331,0.0250691331
LRMC-SoftImpute,85,19,73,LRMC_SoftImpute_completed_p85_rep19_seed73.csv,terminal:Chlorocebus_djamdjamensis_C5_KU682695,terminal,1,0.0319881948,0.02415600540630826,-0.007832189393691742,0.007832189393691742
LRMC-SoftImpute,85,19,73,LRMC_SoftImpute_completed_p85_rep19_seed73.csv,internal:Cercopithecus_albogularis_KC757391|Cercopithecus_diana_KJ434958|Cercopithecus_lhoesti_KJ434957|Cercopithecus_mitis_KJ434956|Cercopithecus_neglectus_MW160353,internal,5,0.0020104988,0.0,-0.0020104988,0.0020104988
LRMC-SoftImpute,85,19,73,LRMC_SoftImpute_completed_p85_rep19_seed73.csv,internal:Cercopithecus_albogularis_KC757391|Cercopithecus_lhoesti_KJ434957|Cercopithecus_mitis_KJ434956,internal,3,0.0167387771,0.0,-0.0167387771,0.0167387771
LRMC-SoftImpute,85,19,73,LRMC_SoftImpute_completed_p85_rep19_seed73.csv,internal:Cercopithecus_albogularis_KC757391|Cercopithecus_mitis_KJ434956,internal,2,0.0593605632,0.018164443547787998,-0.041196119652212,0.041196119652212
LRMC-SoftImpute,85,19,73,LRMC_SoftImpute_completed_p85_rep19_seed73.csv,terminal:Cercopithecus_albogularis_KC757391,terminal,1,0.0366651729,0.0245479370920261,-0.0121172358079739,0.0121172358079739
LRMC-SoftImpute,85,19,73,LRMC_SoftImpute_completed_p85_rep19_seed73.csv,terminal:Cercopithecus_mitis_KJ434956,terminal,1,0.0331901409,0.0,-0.0331901409,0.0331901409
LRMC-SoftImpute,85,19,73,LRMC_SoftImpute_completed_p85_rep19_seed73.csv,terminal:Cercopithecus_lhoesti_KJ434957,terminal,1,0.096446469,0.035558799193050855,-0.06088766980694915,0.06088766980694915
LRMC-SoftImpute,85,19,73,LRMC_SoftImpute_completed_p85_rep19_seed73.csv,internal:Cercopithecus_diana_KJ434958|Cercopithecus_neglectus_MW160353,internal,2,0.0175917107,0.0,-0.0175917107,0.0175917107
LRMC-SoftImpute,85,19,73,LRMC_SoftImpute_completed_p85_rep19_seed73.csv,terminal:Cercopithecus_diana_KJ434958,terminal,1,0.1093319625,0.023170159746680703,-0.0861618027533193,0.0861618027533193
LRMC-SoftImpute,85,19,73,LRMC_SoftImpute_completed_p85_rep19_seed73.csv,terminal:Cercopithecus_neglectus_MW160353,terminal,1,0.1017112524,0.03015676049198769,-0.0715544919080123,0.0715544919080123
LRMC-SoftImpute,85,20,74,LRMC_SoftImpute_completed_p85_rep20_seed74.csv,terminal:Allenopithecus_nigroviridis_KJ434962,terminal,1,0.1474140195,0.010900351963666201,-0.1365136675363338,0.1365136675363338
LRMC-SoftImpute,85,20,74,LRMC_SoftImpute_completed_p85_rep20_seed74.csv,internal:Cercocebus_atys_KT159932|Cercocebus_chrysogaster_KC757390|Cercocebus_torquatus_KJ434959,internal,3,0.1544494817,0.0,-0.1544494817,0.1544494817
LRMC-SoftImpute,85,20,74,LRMC_SoftImpute_completed_p85_rep20_seed74.csv,internal:Cercocebus_atys_KT159932|Cercocebus_torquatus_KJ434959,internal,2,0.0094381611,0.0,-0.0094381611,0.0094381611
LRMC-SoftImpute,85,20,74,LRMC_SoftImpute_completed_p85_rep20_seed74.csv,terminal:Cercocebus_atys_KT159932,terminal,1,0.0508580169,0.02970737678547187,-0.02115064011452813,0.02115064011452813
LRMC-SoftImpute,85,20,74,LRMC_SoftImpute_completed_p85_rep20_seed74.csv,terminal:Cercocebus_torquatus_KJ434959,terminal,1,0.0562685839,0.010750972655524403,-0.0455176112444756,0.0455176112444756
LRMC-SoftImpute,85,20,74,LRMC_SoftImpute_completed_p85_rep20_seed74.csv,terminal:Cercocebus_chrysogaster_KC757390,terminal,1,0.0511259412,0.004798190238983658,-0.04632775096101634,0.04632775096101634
LRMC-SoftImpute,85,20,74,LRMC_SoftImpute_completed_p85_rep20_seed74.csv,internal:Allenopithecus_nigroviridis_KJ434962|Cercocebus_atys_KT159932|Cercocebus_chrysogaster_KC757390|Cercocebus_torquatus_KJ434959,internal,4,0.0346917556,0.02558667480410888,-0.009105080795891118,0.009105080795891118
LRMC-SoftImpute,85,20,74,LRMC_SoftImpute_completed_p85_rep20_seed74.csv,internal:Cercopithecus_aethiops_AY863426|Chlorocebus_aethiops_C1_KU682691|Chlorocebus_aethiops_MN816163|Chlorocebus_cynosuros_C3_KU682693|Chlorocebus_cynosuros_KM262190|Chlorocebus_djamdjamensis_C5_KU682695,internal,6,0.0834758403,0.0,-0.0834758403,0.0834758403
LRMC-SoftImpute,85,20,74,LRMC_SoftImpute_completed_p85_rep20_seed74.csv,internal:Cercopithecus_aethiops_AY863426|Chlorocebus_aethiops_C1_KU682691|Chlorocebus_aethiops_MN816163|Chlorocebus_cynosuros_C3_KU682693|Chlorocebus_cynosuros_KM262190,internal,5,0.012780756,0.0,-0.012780756,0.012780756
LRMC-SoftImpute,85,20,74,LRMC_SoftImpute_completed_p85_rep20_seed74.csv,internal:Cercopithecus_aethiops_AY863426|Chlorocebus_aethiops_C1_KU682691|Chlorocebus_aethiops_MN816163,internal,3,0.0048654608,0.0,-0.0048654608,0.0048654608
LRMC-SoftImpute,85,20,74,LRMC_SoftImpute_completed_p85_rep20_seed74.csv,terminal:Cercopithecus_aethiops_AY863426,terminal,1,0.0221835236,0.041021458523353836,0.018837934923353835,0.018837934923353835
LRMC-SoftImpute,85,20,74,LRMC_SoftImpute_completed_p85_rep20_seed74.csv,internal:Chlorocebus_aethiops_C1_KU682691|Chlorocebus_aethiops_MN816163,internal,2,0.0120854426,0.0,-0.0120854426,0.0120854426
LRMC-SoftImpute,85,20,74,LRMC_SoftImpute_completed_p85_rep20_seed74.csv,terminal:Chlorocebus_aethiops_C1_KU682691,terminal,1,0.0080961876,0.0,-0.0080961876,0.0080961876
LRMC-SoftImpute,85,20,74,LRMC_SoftImpute_completed_p85_rep20_seed74.csv,terminal:Chlorocebus_aethiops_MN816163,terminal,1,0.0104642592,0.014210974631774089,0.00374671543177409,0.00374671543177409
LRMC-SoftImpute,85,20,74,LRMC_SoftImpute_completed_p85_rep20_seed74.csv,internal:Chlorocebus_cynosuros_C3_KU682693|Chlorocebus_cynosuros_KM262190,internal,2,0.0017398823,0.0,-0.0017398823,0.0017398823
LRMC-SoftImpute,85,20,74,LRMC_SoftImpute_completed_p85_rep20_seed74.csv,terminal:Chlorocebus_cynosuros_C3_KU682693,terminal,1,0.0241962287,0.018292118934754173,-0.005904109765245826,0.005904109765245826
LRMC-SoftImpute,85,20,74,LRMC_SoftImpute_completed_p85_rep20_seed74.csv,terminal:Chlorocebus_cynosuros_KM262190,terminal,1,0.0250691331,0.0,-0.0250691331,0.0250691331
LRMC-SoftImpute,85,20,74,LRMC_SoftImpute_completed_p85_rep20_seed74.csv,terminal:Chlorocebus_djamdjamensis_C5_KU682695,terminal,1,0.0319881948,0.035367732002768125,0.0033795372027681236,0.0033795372027681236
LRMC-SoftImpute,85,20,74,LRMC_SoftImpute_completed_p85_rep20_seed74.csv,internal:Cercopithecus_albogularis_KC757391|Cercopithecus_diana_KJ434958|Cercopithecus_lhoesti_KJ434957|Cercopithecus_mitis_KJ434956|Cercopithecus_neglectus_MW160353,internal,5,0.0020104988,0.0,-0.0020104988,0.0020104988
LRMC-SoftImpute,85,20,74,LRMC_SoftImpute_completed_p85_rep20_seed74.csv,internal:Cercopithecus_albogularis_KC757391|Cercopithecus_lhoesti_KJ434957|Cercopithecus_mitis_KJ434956,internal,3,0.0167387771,0.0,-0.0167387771,0.0167387771
LRMC-SoftImpute,85,20,74,LRMC_SoftImpute_completed_p85_rep20_seed74.csv,internal:Cercopithecus_albogularis_KC757391|Cercopithecus_mitis_KJ434956,internal,2,0.0593605632,0.014178598265378812,-0.04518196493462119,0.04518196493462119
LRMC-SoftImpute,85,20,74,LRMC_SoftImpute_completed_p85_rep20_seed74.csv,terminal:Cercopithecus_albogularis_KC757391,terminal,1,0.0366651729,0.010054066453735992,-0.026611106446264007,0.026611106446264007
LRMC-SoftImpute,85,20,74,LRMC_SoftImpute_completed_p85_rep20_seed74.csv,terminal:Cercopithecus_mitis_KJ434956,terminal,1,0.0331901409,0.03790130933812271,0.004711168438122713,0.004711168438122713
LRMC-SoftImpute,85,20,74,LRMC_SoftImpute_completed_p85_rep20_seed74.csv,terminal:Cercopithecus_lhoesti_KJ434957,terminal,1,0.096446469,0.04180441981736925,-0.054642049182630756,0.054642049182630756
LRMC-SoftImpute,85,20,74,LRMC_SoftImpute_completed_p85_rep20_seed74.csv,internal:Cercopithecus_diana_KJ434958|Cercopithecus_neglectus_MW160353,internal,2,0.0175917107,0.0,-0.0175917107,0.0175917107
LRMC-SoftImpute,85,20,74,LRMC_SoftImpute_completed_p85_rep20_seed74.csv,terminal:Cercopithecus_diana_KJ434958,terminal,1,0.1093319625,0.0,-0.1093319625,0.1093319625
LRMC-SoftImpute,85,20,74,LRMC_SoftImpute_completed_p85_rep20_seed74.csv,terminal:Cercopithecus_neglectus_MW160353,terminal,1,0.1017112524,0.024869397243327374,-0.07684185515667262,0.07684185515667262
LRMC-SoftImpute,85,21,75,LRMC_SoftImpute_completed_p85_rep21_seed75.csv,terminal:Allenopithecus_nigroviridis_KJ434962,terminal,1,0.1474140195,0.02137028521478565,-0.12604373428521434,0.12604373428521434
LRMC-SoftImpute,85,21,75,LRMC_SoftImpute_completed_p85_rep21_seed75.csv,internal:Cercocebus_atys_KT159932|Cercocebus_chrysogaster_KC757390|Cercocebus_torquatus_KJ434959,internal,3,0.1544494817,0.0,-0.1544494817,0.1544494817
LRMC-SoftImpute,85,21,75,LRMC_SoftImpute_completed_p85_rep21_seed75.csv,internal:Cercocebus_atys_KT159932|Cercocebus_torquatus_KJ434959,internal,2,0.0094381611,0.0,-0.0094381611,0.0094381611
LRMC-SoftImpute,85,21,75,LRMC_SoftImpute_completed_p85_rep21_seed75.csv,terminal:Cercocebus_atys_KT159932,terminal,1,0.0508580169,0.0,-0.0508580169,0.0508580169
LRMC-SoftImpute,85,21,75,LRMC_SoftImpute_completed_p85_rep21_seed75.csv,terminal:Cercocebus_torquatus_KJ434959,terminal,1,0.0562685839,0.0,-0.0562685839,0.0562685839
LRMC-SoftImpute,85,21,75,LRMC_SoftImpute_completed_p85_rep21_seed75.csv,terminal:Cercocebus_chrysogaster_KC757390,terminal,1,0.0511259412,0.03463696919823397,-0.01648897200176603,0.01648897200176603
LRMC-SoftImpute,85,21,75,LRMC_SoftImpute_completed_p85_rep21_seed75.csv,internal:Allenopithecus_nigroviridis_KJ434962|Cercocebus_atys_KT159932|Cercocebus_chrysogaster_KC757390|Cercocebus_torquatus_KJ434959,internal,4,0.0346917556,0.0,-0.0346917556,0.0346917556
LRMC-SoftImpute,85,21,75,LRMC_SoftImpute_completed_p85_rep21_seed75.csv,internal:Cercopithecus_aethiops_AY863426|Chlorocebus_aethiops_C1_KU682691|Chlorocebus_aethiops_MN816163|Chlorocebus_cynosuros_C3_KU682693|Chlorocebus_cynosuros_KM262190|Chlorocebus_djamdjamensis_C5_KU682695,internal,6,0.0834758403,0.0,-0.0834758403,0.0834758403
LRMC-SoftImpute,85,21,75,LRMC_SoftImpute_completed_p85_rep21_seed75.csv,internal:Cercopithecus_aethiops_AY863426|Chlorocebus_aethiops_C1_KU682691|Chlorocebus_aethiops_MN816163|Chlorocebus_cynosuros_C3_KU682693|Chlorocebus_cynosuros_KM262190,internal,5,0.012780756,0.0,-0.012780756,0.012780756
LRMC-SoftImpute,85,21,75,LRMC_SoftImpute_completed_p85_rep21_seed75.csv,internal:Cercopithecus_aethiops_AY863426|Chlorocebus_aethiops_C1_KU682691|Chlorocebus_aethiops_MN816163,internal,3,0.0048654608,0.0,-0.0048654608,0.0048654608
LRMC-SoftImpute,85,21,75,LRMC_SoftImpute_completed_p85_rep21_seed75.csv,terminal:Cercopithecus_aethiops_AY863426,terminal,1,0.0221835236,0.032963572081815565,0.010780048481815564,0.010780048481815564
LRMC-SoftImpute,85,21,75,LRMC_SoftImpute_completed_p85_rep21_seed75.csv,internal:Chlorocebus_aethiops_C1_KU682691|Chlorocebus_aethiops_MN816163,internal,2,0.0120854426,0.0,-0.0120854426,0.0120854426
LRMC-SoftImpute,85,21,75,LRMC_SoftImpute_completed_p85_rep21_seed75.csv,terminal:Chlorocebus_aethiops_C1_KU682691,terminal,1,0.0080961876,0.0,-0.0080961876,0.0080961876
LRMC-SoftImpute,85,21,75,LRMC_SoftImpute_completed_p85_rep21_seed75.csv,terminal:Chlorocebus_aethiops_MN816163,terminal,1,0.0104642592,0.03891421177309989,0.028449952573099888,0.028449952573099888
LRMC-SoftImpute,85,21,75,LRMC_SoftImpute_completed_p85_rep21_seed75.csv,internal:Chlorocebus_cynosuros_C3_KU682693|Chlorocebus_cynosuros_KM262190,internal,2,0.0017398823,0.0,-0.0017398823,0.0017398823
LRMC-SoftImpute,85,21,75,LRMC_SoftImpute_completed_p85_rep21_seed75.csv,terminal:Chlorocebus_cynosuros_C3_KU682693,terminal,1,0.0241962287,0.019391807924113717,-0.0048044207758862825,0.0048044207758862825
LRMC-SoftImpute,85,21,75,LRMC_SoftImpute_completed_p85_rep21_seed75.csv,terminal:Chlorocebus_cynosuros_KM262190,terminal,1,0.0250691331,0.0,-0.0250691331,0.0250691331
LRMC-SoftImpute,85,21,75,LRMC_SoftImpute_completed_p85_rep21_seed75.csv,terminal:Chlorocebus_djamdjamensis_C5_KU682695,terminal,1,0.0319881948,0.027203615802141406,-0.0047845789978585955,0.0047845789978585955
LRMC-SoftImpute,85,21,75,LRMC_SoftImpute_completed_p85_rep21_seed75.csv,internal:Cercopithecus_albogularis_KC757391|Cercopithecus_diana_KJ434958|Cercopithecus_lhoesti_KJ434957|Cercopithecus_mitis_KJ434956|Cercopithecus_neglectus_MW160353,internal,5,0.0020104988,0.0,-0.0020104988,0.0020104988
LRMC-SoftImpute,85,21,75,LRMC_SoftImpute_completed_p85_rep21_seed75.csv,internal:Cercopithecus_albogularis_KC757391|Cercopithecus_lhoesti_KJ434957|Cercopithecus_mitis_KJ434956,internal,3,0.0167387771,0.0,-0.0167387771,0.0167387771
LRMC-SoftImpute,85,21,75,LRMC_SoftImpute_completed_p85_rep21_seed75.csv,internal:Cercopithecus_albogularis_KC757391|Cercopithecus_mitis_KJ434956,internal,2,0.0593605632,0.020432609420464546,-0.03892795377953545,0.03892795377953545
LRMC-SoftImpute,85,21,75,LRMC_SoftImpute_completed_p85_rep21_seed75.csv,terminal:Cercopithecus_albogularis_KC757391,terminal,1,0.0366651729,0.02035977317306942,-0.01630539972693058,0.01630539972693058
LRMC-SoftImpute,85,21,75,LRMC_SoftImpute_completed_p85_rep21_seed75.csv,terminal:Cercopithecus_mitis_KJ434956,terminal,1,0.0331901409,0.008915788370002675,-0.024274352529997323,0.024274352529997323
LRMC-SoftImpute,85,21,75,LRMC_SoftImpute_completed_p85_rep21_seed75.csv,terminal:Cercopithecus_lhoesti_KJ434957,terminal,1,0.096446469,0.02300311076254081,-0.0734433582374592,0.0734433582374592
LRMC-SoftImpute,85,21,75,LRMC_SoftImpute_completed_p85_rep21_seed75.csv,internal:Cercopithecus_diana_KJ434958|Cercopithecus_neglectus_MW160353,internal,2,0.0175917107,0.0,-0.0175917107,0.0175917107
LRMC-SoftImpute,85,21,75,LRMC_SoftImpute_completed_p85_rep21_seed75.csv,terminal:Cercopithecus_diana_KJ434958,terminal,1,0.1093319625,0.028746089094763266,-0.08058587340523674,0.08058587340523674
LRMC-SoftImpute,85,21,75,LRMC_SoftImpute_completed_p85_rep21_seed75.csv,terminal:Cercopithecus_neglectus_MW160353,terminal,1,0.1017112524,0.03356935631396952,-0.06814189608603047,0.06814189608603047
LRMC-SoftImpute,85,22,76,LRMC_SoftImpute_completed_p85_rep22_seed76.csv,terminal:Allenopithecus_nigroviridis_KJ434962,terminal,1,0.1474140195,0.0371946448234918,-0.11021937467650819,0.11021937467650819
LRMC-SoftImpute,85,22,76,LRMC_SoftImpute_completed_p85_rep22_seed76.csv,internal:Cercocebus_atys_KT159932|Cercocebus_chrysogaster_KC757390|Cercocebus_torquatus_KJ434959,internal,3,0.1544494817,0.016861900465653404,-0.1375875812343466,0.1375875812343466
LRMC-SoftImpute,85,22,76,LRMC_SoftImpute_completed_p85_rep22_seed76.csv,internal:Cercocebus_atys_KT159932|Cercocebus_torquatus_KJ434959,internal,2,0.0094381611,0.0,-0.0094381611,0.0094381611
LRMC-SoftImpute,85,22,76,LRMC_SoftImpute_completed_p85_rep22_seed76.csv,terminal:Cercocebus_atys_KT159932,terminal,1,0.0508580169,0.039828628934654914,-0.011029387965345083,0.011029387965345083
LRMC-SoftImpute,85,22,76,LRMC_SoftImpute_completed_p85_rep22_seed76.csv,terminal:Cercocebus_torquatus_KJ434959,terminal,1,0.0562685839,0.015594171256798428,-0.040674412643201575,0.040674412643201575
LRMC-SoftImpute,85,22,76,LRMC_SoftImpute_completed_p85_rep22_seed76.csv,terminal:Cercocebus_chrysogaster_KC757390,terminal,1,0.0511259412,0.012013139889793776,-0.039112801310206224,0.039112801310206224
LRMC-SoftImpute,85,22,76,LRMC_SoftImpute_completed_p85_rep22_seed76.csv,internal:Allenopithecus_nigroviridis_KJ434962|Cercocebus_atys_KT159932|Cercocebus_chrysogaster_KC757390|Cercocebus_torquatus_KJ434959,internal,4,0.0346917556,0.0,-0.0346917556,0.0346917556
LRMC-SoftImpute,85,22,76,LRMC_SoftImpute_completed_p85_rep22_seed76.csv,internal:Cercopithecus_aethiops_AY863426|Chlorocebus_aethiops_C1_KU682691|Chlorocebus_aethiops_MN816163|Chlorocebus_cynosuros_C3_KU682693|Chlorocebus_cynosuros_KM262190|Chlorocebus_djamdjamensis_C5_KU682695,internal,6,0.0834758403,0.0,-0.0834758403,0.0834758403
LRMC-SoftImpute,85,22,76,LRMC_SoftImpute_completed_p85_rep22_seed76.csv,internal:Cercopithecus_aethiops_AY863426|Chlorocebus_aethiops_C1_KU682691|Chlorocebus_aethiops_MN816163|Chlorocebus_cynosuros_C3_KU682693|Chlorocebus_cynosuros_KM262190,internal,5,0.012780756,0.0,-0.012780756,0.012780756
LRMC-SoftImpute,85,22,76,LRMC_SoftImpute_completed_p85_rep22_seed76.csv,internal:Cercopithecus_aethiops_AY863426|Chlorocebus_aethiops_C1_KU682691|Chlorocebus_aethiops_MN816163,internal,3,0.0048654608,0.0,-0.0048654608,0.0048654608
LRMC-SoftImpute,85,22,76,LRMC_SoftImpute_completed_p85_rep22_seed76.csv,terminal:Cercopithecus_aethiops_AY863426,terminal,1,0.0221835236,0.025296692934333842,0.003113169334333841,0.003113169334333841
LRMC-SoftImpute,85,22,76,LRMC_SoftImpute_completed_p85_rep22_seed76.csv,internal:Chlorocebus_aethiops_C1_KU682691|Chlorocebus_aethiops_MN816163,internal,2,0.0120854426,0.0,-0.0120854426,0.0120854426
LRMC-SoftImpute,85,22,76,LRMC_SoftImpute_completed_p85_rep22_seed76.csv,terminal:Chlorocebus_aethiops_C1_KU682691,terminal,1,0.0080961876,0.0,-0.0080961876,0.0080961876
LRMC-SoftImpute,85,22,76,LRMC_SoftImpute_completed_p85_rep22_seed76.csv,terminal:Chlorocebus_aethiops_MN816163,terminal,1,0.0104642592,0.0,-0.0104642592,0.0104642592
LRMC-SoftImpute,85,22,76,LRMC_SoftImpute_completed_p85_rep22_seed76.csv,internal:Chlorocebus_cynosuros_C3_KU682693|Chlorocebus_cynosuros_KM262190,internal,2,0.0017398823,0.007098098057483347,0.005358215757483346,0.005358215757483346
LRMC-SoftImpute,85,22,76,LRMC_SoftImpute_completed_p85_rep22_seed76.csv,terminal:Chlorocebus_cynosuros_C3_KU682693,terminal,1,0.0241962287,0.024157077313785354,-3.915138621464476e-05,3.915138621464476e-05
LRMC-SoftImpute,85,22,76,LRMC_SoftImpute_completed_p85_rep22_seed76.csv,terminal:Chlorocebus_cynosuros_KM262190,terminal,1,0.0250691331,0.012047622866200125,-0.013021510233799877,0.013021510233799877
LRMC-SoftImpute,85,22,76,LRMC_SoftImpute_completed_p85_rep22_seed76.csv,terminal:Chlorocebus_djamdjamensis_C5_KU682695,terminal,1,0.0319881948,0.015794456169814584,-0.016193738630185417,0.016193738630185417
LRMC-SoftImpute,85,22,76,LRMC_SoftImpute_completed_p85_rep22_seed76.csv,internal:Cercopithecus_albogularis_KC757391|Cercopithecus_diana_KJ434958|Cercopithecus_lhoesti_KJ434957|Cercopithecus_mitis_KJ434956|Cercopithecus_neglectus_MW160353,internal,5,0.0020104988,0.0,-0.0020104988,0.0020104988
LRMC-SoftImpute,85,22,76,LRMC_SoftImpute_completed_p85_rep22_seed76.csv,internal:Cercopithecus_albogularis_KC757391|Cercopithecus_lhoesti_KJ434957|Cercopithecus_mitis_KJ434956,internal,3,0.0167387771,0.0,-0.0167387771,0.0167387771
LRMC-SoftImpute,85,22,76,LRMC_SoftImpute_completed_p85_rep22_seed76.csv,internal:Cercopithecus_albogularis_KC757391|Cercopithecus_mitis_KJ434956,internal,2,0.0593605632,0.0,-0.0593605632,0.0593605632
LRMC-SoftImpute,85,22,76,LRMC_SoftImpute_completed_p85_rep22_seed76.csv,terminal:Cercopithecus_albogularis_KC757391,terminal,1,0.0366651729,0.0,-0.0366651729,0.0366651729
LRMC-SoftImpute,85,22,76,LRMC_SoftImpute_completed_p85_rep22_seed76.csv,terminal:Cercopithecus_mitis_KJ434956,terminal,1,0.0331901409,0.0,-0.0331901409,0.0331901409
LRMC-SoftImpute,85,22,76,LRMC_SoftImpute_completed_p85_rep22_seed76.csv,terminal:Cercopithecus_lhoesti_KJ434957,terminal,1,0.096446469,0.0,-0.096446469,0.096446469
LRMC-SoftImpute,85,22,76,LRMC_SoftImpute_completed_p85_rep22_seed76.csv,internal:Cercopithecus_diana_KJ434958|Cercopithecus_neglectus_MW160353,internal,2,0.0175917107,0.0,-0.0175917107,0.0175917107
LRMC-SoftImpute,85,22,76,LRMC_SoftImpute_completed_p85_rep22_seed76.csv,terminal:Cercopithecus_diana_KJ434958,terminal,1,0.1093319625,0.024055885574321128,-0.08527607692567887,0.08527607692567887
LRMC-SoftImpute,85,22,76,LRMC_SoftImpute_completed_p85_rep22_seed76.csv,terminal:Cercopithecus_neglectus_MW160353,terminal,1,0.1017112524,0.027677782399109955,-0.07403347000089004,0.07403347000089004
LRMC-SoftImpute,85,23,77,LRMC_SoftImpute_completed_p85_rep23_seed77.csv,terminal:Allenopithecus_nigroviridis_KJ434962,terminal,1,0.1474140195,0.0026267780716103155,-0.14478724142838967,0.14478724142838967
LRMC-SoftImpute,85,23,77,LRMC_SoftImpute_completed_p85_rep23_seed77.csv,internal:Cercocebus_atys_KT159932|Cercocebus_chrysogaster_KC757390|Cercocebus_torquatus_KJ434959,internal,3,0.1544494817,0.0025794422232010184,-0.15187003947679897,0.15187003947679897
LRMC-SoftImpute,85,23,77,LRMC_SoftImpute_completed_p85_rep23_seed77.csv,internal:Cercocebus_atys_KT159932|Cercocebus_torquatus_KJ434959,internal,2,0.0094381611,0.0,-0.0094381611,0.0094381611
LRMC-SoftImpute,85,23,77,LRMC_SoftImpute_completed_p85_rep23_seed77.csv,terminal:Cercocebus_atys_KT159932,terminal,1,0.0508580169,0.0029258985789177836,-0.04793211832108221,0.04793211832108221
LRMC-SoftImpute,85,23,77,LRMC_SoftImpute_completed_p85_rep23_seed77.csv,terminal:Cercocebus_torquatus_KJ434959,terminal,1,0.0562685839,0.032289650654492026,-0.023978933245507976,0.023978933245507976
LRMC-SoftImpute,85,23,77,LRMC_SoftImpute_completed_p85_rep23_seed77.csv,terminal:Cercocebus_chrysogaster_KC757390,terminal,1,0.0511259412,0.0,-0.0511259412,0.0511259412
LRMC-SoftImpute,85,23,77,LRMC_SoftImpute_completed_p85_rep23_seed77.csv,internal:Allenopithecus_nigroviridis_KJ434962|Cercocebus_atys_KT159932|Cercocebus_chrysogaster_KC757390|Cercocebus_torquatus_KJ434959,internal,4,0.0346917556,0.008308490357152074,-0.026383265242847925,0.026383265242847925
LRMC-SoftImpute,85,23,77,LRMC_SoftImpute_completed_p85_rep23_seed77.csv,internal:Cercopithecus_aethiops_AY863426|Chlorocebus_aethiops_C1_KU682691|Chlorocebus_aethiops_MN816163|Chlorocebus_cynosuros_C3_KU682693|Chlorocebus_cynosuros_KM262190|Chlorocebus_djamdjamensis_C5_KU682695,internal,6,0.0834758403,0.0,-0.0834758403,0.0834758403
LRMC-SoftImpute,85,23,77,LRMC_SoftImpute_completed_p85_rep23_seed77.csv,internal:Cercopithecus_aethiops_AY863426|Chlorocebus_aethiops_C1_KU682691|Chlorocebus_aethiops_MN816163|Chlorocebus_cynosuros_C3_KU682693|Chlorocebus_cynosuros_KM262190,internal,5,0.012780756,0.0,-0.012780756,0.012780756
LRMC-SoftImpute,85,23,77,LRMC_SoftImpute_completed_p85_rep23_seed77.csv,internal:Cercopithecus_aethiops_AY863426|Chlorocebus_aethiops_C1_KU682691|Chlorocebus_aethiops_MN816163,internal,3,0.0048654608,0.0,-0.0048654608,0.0048654608
LRMC-SoftImpute,85,23,77,LRMC_SoftImpute_completed_p85_rep23_seed77.csv,terminal:Cercopithecus_aethiops_AY863426,terminal,1,0.0221835236,0.022322612416408545,0.00013908881640854395,0.00013908881640854395
LRMC-SoftImpute,85,23,77,LRMC_SoftImpute_completed_p85_rep23_seed77.csv,internal:Chlorocebus_aethiops_C1_KU682691|Chlorocebus_aethiops_MN816163,internal,2,0.0120854426,0.0,-0.0120854426,0.0120854426
LRMC-SoftImpute,85,23,77,LRMC_SoftImpute_completed_p85_rep23_seed77.csv,terminal:Chlorocebus_aethiops_C1_KU682691,terminal,1,0.0080961876,0.0027590750146427277,-0.005337112585357273,0.005337112585357273
LRMC-SoftImpute,85,23,77,LRMC_SoftImpute_completed_p85_rep23_seed77.csv,terminal:Chlorocebus_aethiops_MN816163,terminal,1,0.0104642592,0.002836662587970957,-0.007627596612029042,0.007627596612029042
LRMC-SoftImpute,85,23,77,LRMC_SoftImpute_completed_p85_rep23_seed77.csv,internal:Chlorocebus_cynosuros_C3_KU682693|Chlorocebus_cynosuros_KM262190,internal,2,0.0017398823,0.0,-0.0017398823,0.0017398823
LRMC-SoftImpute,85,23,77,LRMC_SoftImpute_completed_p85_rep23_seed77.csv,terminal:Chlorocebus_cynosuros_C3_KU682693,terminal,1,0.0241962287,0.0,-0.0241962287,0.0241962287
LRMC-SoftImpute,85,23,77,LRMC_SoftImpute_completed_p85_rep23_seed77.csv,terminal:Chlorocebus_cynosuros_KM262190,terminal,1,0.0250691331,0.0165899105023051,-0.008479222597694902,0.008479222597694902
LRMC-SoftImpute,85,23,77,LRMC_SoftImpute_completed_p85_rep23_seed77.csv,terminal:Chlorocebus_djamdjamensis_C5_KU682695,terminal,1,0.0319881948,0.0059501647663465175,-0.026038030033653483,0.026038030033653483
LRMC-SoftImpute,85,23,77,LRMC_SoftImpute_completed_p85_rep23_seed77.csv,internal:Cercopithecus_albogularis_KC757391|Cercopithecus_diana_KJ434958|Cercopithecus_lhoesti_KJ434957|Cercopithecus_mitis_KJ434956|Cercopithecus_neglectus_MW160353,internal,5,0.0020104988,0.0201599078694036,0.0181494090694036,0.0181494090694036
LRMC-SoftImpute,85,23,77,LRMC_SoftImpute_completed_p85_rep23_seed77.csv,internal:Cercopithecus_albogularis_KC757391|Cercopithecus_lhoesti_KJ434957|Cercopithecus_mitis_KJ434956,internal,3,0.0167387771,0.0,-0.0167387771,0.0167387771
LRMC-SoftImpute,85,23,77,LRMC_SoftImpute_completed_p85_rep23_seed77.csv,internal:Cercopithecus_albogularis_KC757391|Cercopithecus_mitis_KJ434956,internal,2,0.0593605632,0.0,-0.0593605632,0.0593605632
LRMC-SoftImpute,85,23,77,LRMC_SoftImpute_completed_p85_rep23_seed77.csv,terminal:Cercopithecus_albogularis_KC757391,terminal,1,0.0366651729,0.0,-0.0366651729,0.0366651729
LRMC-SoftImpute,85,23,77,LRMC_SoftImpute_completed_p85_rep23_seed77.csv,terminal:Cercopithecus_mitis_KJ434956,terminal,1,0.0331901409,0.021970504069620072,-0.011219636830379926,0.011219636830379926
LRMC-SoftImpute,85,23,77,LRMC_SoftImpute_completed_p85_rep23_seed77.csv,terminal:Cercopithecus_lhoesti_KJ434957,terminal,1,0.096446469,0.016086188868571716,-0.08036028013142829,0.08036028013142829
LRMC-SoftImpute,85,23,77,LRMC_SoftImpute_completed_p85_rep23_seed77.csv,internal:Cercopithecus_diana_KJ434958|Cercopithecus_neglectus_MW160353,internal,2,0.0175917107,0.010975226527295703,-0.006616484172704296,0.006616484172704296
LRMC-SoftImpute,85,23,77,LRMC_SoftImpute_completed_p85_rep23_seed77.csv,terminal:Cercopithecus_diana_KJ434958,terminal,1,0.1093319625,0.015009317467038617,-0.0943226450329614,0.0943226450329614
LRMC-SoftImpute,85,23,77,LRMC_SoftImpute_completed_p85_rep23_seed77.csv,terminal:Cercopithecus_neglectus_MW160353,terminal,1,0.1017112524,0.04257123815260829,-0.0591400142473917,0.0591400142473917
LRMC-SoftImpute,85,24,78,LRMC_SoftImpute_completed_p85_rep24_seed78.csv,terminal:Allenopithecus_nigroviridis_KJ434962,terminal,1,0.1474140195,0.03842123211095716,-0.10899278738904283,0.10899278738904283
LRMC-SoftImpute,85,24,78,LRMC_SoftImpute_completed_p85_rep24_seed78.csv,internal:Cercocebus_atys_KT159932|Cercocebus_chrysogaster_KC757390|Cercocebus_torquatus_KJ434959,internal,3,0.1544494817,0.021951398001823854,-0.13249808369817614,0.13249808369817614
LRMC-SoftImpute,85,24,78,LRMC_SoftImpute_completed_p85_rep24_seed78.csv,internal:Cercocebus_atys_KT159932|Cercocebus_torquatus_KJ434959,internal,2,0.0094381611,0.011134944170566107,0.001696783070566107,0.001696783070566107
LRMC-SoftImpute,85,24,78,LRMC_SoftImpute_completed_p85_rep24_seed78.csv,terminal:Cercocebus_atys_KT159932,terminal,1,0.0508580169,0.01694650432628004,-0.03391151257371996,0.03391151257371996
LRMC-SoftImpute,85,24,78,LRMC_SoftImpute_completed_p85_rep24_seed78.csv,terminal:Cercocebus_torquatus_KJ434959,terminal,1,0.0562685839,0.015449350036097454,-0.04081923386390255,0.04081923386390255
LRMC-SoftImpute,85,24,78,LRMC_SoftImpute_completed_p85_rep24_seed78.csv,terminal:Cercocebus_chrysogaster_KC757390,terminal,1,0.0511259412,0.03931760930268968,-0.011808331897310315,0.011808331897310315
LRMC-SoftImpute,85,24,78,LRMC_SoftImpute_completed_p85_rep24_seed78.csv,internal:Allenopithecus_nigroviridis_KJ434962|Cercocebus_atys_KT159932|Cercocebus_chrysogaster_KC757390|Cercocebus_torquatus_KJ434959,internal,4,0.0346917556,0.0,-0.0346917556,0.0346917556
LRMC-SoftImpute,85,24,78,LRMC_SoftImpute_completed_p85_rep24_seed78.csv,internal:Cercopithecus_aethiops_AY863426|Chlorocebus_aethiops_C1_KU682691|Chlorocebus_aethiops_MN816163|Chlorocebus_cynosuros_C3_KU682693|Chlorocebus_cynosuros_KM262190|Chlorocebus_djamdjamensis_C5_KU682695,internal,6,0.0834758403,0.0,-0.0834758403,0.0834758403
LRMC-SoftImpute,85,24,78,LRMC_SoftImpute_completed_p85_rep24_seed78.csv,internal:Cercopithecus_aethiops_AY863426|Chlorocebus_aethiops_C1_KU682691|Chlorocebus_aethiops_MN816163|Chlorocebus_cynosuros_C3_KU682693|Chlorocebus_cynosuros_KM262190,internal,5,0.012780756,0.0,-0.012780756,0.012780756
LRMC-SoftImpute,85,24,78,LRMC_SoftImpute_completed_p85_rep24_seed78.csv,internal:Cercopithecus_aethiops_AY863426|Chlorocebus_aethiops_C1_KU682691|Chlorocebus_aethiops_MN816163,internal,3,0.0048654608,0.0,-0.0048654608,0.0048654608
LRMC-SoftImpute,85,24,78,LRMC_SoftImpute_completed_p85_rep24_seed78.csv,terminal:Cercopithecus_aethiops_AY863426,terminal,1,0.0221835236,0.021487279609256255,-0.0006962439907437466,0.0006962439907437466
LRMC-SoftImpute,85,24,78,LRMC_SoftImpute_completed_p85_rep24_seed78.csv,internal:Chlorocebus_aethiops_C1_KU682691|Chlorocebus_aethiops_MN816163,internal,2,0.0120854426,0.0,-0.0120854426,0.0120854426
LRMC-SoftImpute,85,24,78,LRMC_SoftImpute_completed_p85_rep24_seed78.csv,terminal:Chlorocebus_aethiops_C1_KU682691,terminal,1,0.0080961876,0.015009854682194752,0.006913667082194751,0.006913667082194751
LRMC-SoftImpute,85,24,78,LRMC_SoftImpute_completed_p85_rep24_seed78.csv,terminal:Chlorocebus_aethiops_MN816163,terminal,1,0.0104642592,0.030710559308046205,0.020246300108046206,0.020246300108046206
LRMC-SoftImpute,85,24,78,LRMC_SoftImpute_completed_p85_rep24_seed78.csv,internal:Chlorocebus_cynosuros_C3_KU682693|Chlorocebus_cynosuros_KM262190,internal,2,0.0017398823,0.0,-0.0017398823,0.0017398823
LRMC-SoftImpute,85,24,78,LRMC_SoftImpute_completed_p85_rep24_seed78.csv,terminal:Chlorocebus_cynosuros_C3_KU682693,terminal,1,0.0241962287,0.034539238082178354,0.010343009382178355,0.010343009382178355
LRMC-SoftImpute,85,24,78,LRMC_SoftImpute_completed_p85_rep24_seed78.csv,terminal:Chlorocebus_cynosuros_KM262190,terminal,1,0.0250691331,0.027718096190961578,0.002648963090961576,0.002648963090961576
LRMC-SoftImpute,85,24,78,LRMC_SoftImpute_completed_p85_rep24_seed78.csv,terminal:Chlorocebus_djamdjamensis_C5_KU682695,terminal,1,0.0319881948,0.02014643485179894,-0.01184175994820106,0.01184175994820106
LRMC-SoftImpute,85,24,78,LRMC_SoftImpute_completed_p85_rep24_seed78.csv,internal:Cercopithecus_albogularis_KC757391|Cercopithecus_diana_KJ434958|Cercopithecus_lhoesti_KJ434957|Cercopithecus_mitis_KJ434956|Cercopithecus_neglectus_MW160353,internal,5,0.0020104988,0.0,-0.0020104988,0.0020104988
LRMC-SoftImpute,85,24,78,LRMC_SoftImpute_completed_p85_rep24_seed78.csv,internal:Cercopithecus_albogularis_KC757391|Cercopithecus_lhoesti_KJ434957|Cercopithecus_mitis_KJ434956,internal,3,0.0167387771,0.0007098379043266159,-0.016028939195673386,0.016028939195673386
LRMC-SoftImpute,85,24,78,LRMC_SoftImpute_completed_p85_rep24_seed78.csv,internal:Cercopithecus_albogularis_KC757391|Cercopithecus_mitis_KJ434956,internal,2,0.0593605632,0.0,-0.0593605632,0.0593605632
LRMC-SoftImpute,85,24,78,LRMC_SoftImpute_completed_p85_rep24_seed78.csv,terminal:Cercopithecus_albogularis_KC757391,terminal,1,0.0366651729,0.024774687808268935,-0.011890485091731066,0.011890485091731066
LRMC-SoftImpute,85,24,78,LRMC_SoftImpute_completed_p85_rep24_seed78.csv,terminal:Cercopithecus_mitis_KJ434956,terminal,1,0.0331901409,0.037345380570956585,0.004155239670956587,0.004155239670956587
LRMC-SoftImpute,85,24,78,LRMC_SoftImpute_completed_p85_rep24_seed78.csv,terminal:Cercopithecus_lhoesti_KJ434957,terminal,1,0.096446469,0.022600927397718778,-0.07384554160228123,0.07384554160228123
LRMC-SoftImpute,85,24,78,LRMC_SoftImpute_completed_p85_rep24_seed78.csv,internal:Cercopithecus_diana_KJ434958|Cercopithecus_neglectus_MW160353,internal,2,0.0175917107,0.04617870427507626,0.028586993575076262,0.028586993575076262
LRMC-SoftImpute,85,24,78,LRMC_SoftImpute_completed_p85_rep24_seed78.csv,terminal:Cercopithecus_diana_KJ434958,terminal,1,0.1093319625,0.0,-0.1093319625,0.1093319625
LRMC-SoftImpute,85,24,78,LRMC_SoftImpute_completed_p85_rep24_seed78.csv,terminal:Cercopithecus_neglectus_MW160353,terminal,1,0.1017112524,0.005477567551656825,-0.09623368484834317,0.09623368484834317
LRMC-SoftImpute,85,25,79,LRMC_SoftImpute_completed_p85_rep25_seed79.csv,terminal:Allenopithecus_nigroviridis_KJ434962,terminal,1,0.1474140195,0.010202927206423707,-0.13721109229357628,0.13721109229357628
LRMC-SoftImpute,85,25,79,LRMC_SoftImpute_completed_p85_rep25_seed79.csv,internal:Cercocebus_atys_KT159932|Cercocebus_chrysogaster_KC757390|Cercocebus_torquatus_KJ434959,internal,3,0.1544494817,0.0,-0.1544494817,0.1544494817
LRMC-SoftImpute,85,25,79,LRMC_SoftImpute_completed_p85_rep25_seed79.csv,internal:Cercocebus_atys_KT159932|Cercocebus_torquatus_KJ434959,internal,2,0.0094381611,0.025349993237621667,0.015911832137621665,0.015911832137621665
LRMC-SoftImpute,85,25,79,LRMC_SoftImpute_completed_p85_rep25_seed79.csv,terminal:Cercocebus_atys_KT159932,terminal,1,0.0508580169,0.0,-0.0508580169,0.0508580169
LRMC-SoftImpute,85,25,79,LRMC_SoftImpute_completed_p85_rep25_seed79.csv,terminal:Cercocebus_torquatus_KJ434959,terminal,1,0.0562685839,0.0043249010992623665,-0.051943682800737634,0.051943682800737634
LRMC-SoftImpute,85,25,79,LRMC_SoftImpute_completed_p85_rep25_seed79.csv,terminal:Cercocebus_chrysogaster_KC757390,terminal,1,0.0511259412,0.04360518471877182,-0.007520756481228179,0.007520756481228179
LRMC-SoftImpute,85,25,79,LRMC_SoftImpute_completed_p85_rep25_seed79.csv,internal:Allenopithecus_nigroviridis_KJ434962|Cercocebus_atys_KT159932|Cercocebus_chrysogaster_KC757390|Cercocebus_torquatus_KJ434959,internal,4,0.0346917556,0.0,-0.0346917556,0.0346917556
LRMC-SoftImpute,85,25,79,LRMC_SoftImpute_completed_p85_rep25_seed79.csv,internal:Cercopithecus_aethiops_AY863426|Chlorocebus_aethiops_C1_KU682691|Chlorocebus_aethiops_MN816163|Chlorocebus_cynosuros_C3_KU682693|Chlorocebus_cynosuros_KM262190|Chlorocebus_djamdjamensis_C5_KU682695,internal,6,0.0834758403,0.0,-0.0834758403,0.0834758403
LRMC-SoftImpute,85,25,79,LRMC_SoftImpute_completed_p85_rep25_seed79.csv,internal:Cercopithecus_aethiops_AY863426|Chlorocebus_aethiops_C1_KU682691|Chlorocebus_aethiops_MN816163|Chlorocebus_cynosuros_C3_KU682693|Chlorocebus_cynosuros_KM262190,internal,5,0.012780756,0.003666012453532185,-0.009114743546467815,0.009114743546467815
LRMC-SoftImpute,85,25,79,LRMC_SoftImpute_completed_p85_rep25_seed79.csv,internal:Cercopithecus_aethiops_AY863426|Chlorocebus_aethiops_C1_KU682691|Chlorocebus_aethiops_MN816163,internal,3,0.0048654608,0.0,-0.0048654608,0.0048654608
LRMC-SoftImpute,85,25,79,LRMC_SoftImpute_completed_p85_rep25_seed79.csv,terminal:Cercopithecus_aethiops_AY863426,terminal,1,0.0221835236,0.0,-0.0221835236,0.0221835236
LRMC-SoftImpute,85,25,79,LRMC_SoftImpute_completed_p85_rep25_seed79.csv,internal:Chlorocebus_aethiops_C1_KU682691|Chlorocebus_aethiops_MN816163,internal,2,0.0120854426,0.0,-0.0120854426,0.0120854426
LRMC-SoftImpute,85,25,79,LRMC_SoftImpute_completed_p85_rep25_seed79.csv,terminal:Chlorocebus_aethiops_C1_KU682691,terminal,1,0.0080961876,0.0,-0.0080961876,0.0080961876
LRMC-SoftImpute,85,25,79,LRMC_SoftImpute_completed_p85_rep25_seed79.csv,terminal:Chlorocebus_aethiops_MN816163,terminal,1,0.0104642592,0.010220331212969681,-0.00024392798703031827,0.00024392798703031827
LRMC-SoftImpute,85,25,79,LRMC_SoftImpute_completed_p85_rep25_seed79.csv,internal:Chlorocebus_cynosuros_C3_KU682693|Chlorocebus_cynosuros_KM262190,internal,2,0.0017398823,0.05579456217396175,0.054054679873961745,0.054054679873961745
LRMC-SoftImpute,85,25,79,LRMC_SoftImpute_completed_p85_rep25_seed79.csv,terminal:Chlorocebus_cynosuros_C3_KU682693,terminal,1,0.0241962287,0.0,-0.0241962287,0.0241962287
LRMC-SoftImpute,85,25,79,LRMC_SoftImpute_completed_p85_rep25_seed79.csv,terminal:Chlorocebus_cynosuros_KM262190,terminal,1,0.0250691331,0.0005348552506771723,-0.02453427784932283,0.02453427784932283
LRMC-SoftImpute,85,25,79,LRMC_SoftImpute_completed_p85_rep25_seed79.csv,terminal:Chlorocebus_djamdjamensis_C5_KU682695,terminal,1,0.0319881948,0.0,-0.0319881948,0.0319881948
LRMC-SoftImpute,85,25,79,LRMC_SoftImpute_completed_p85_rep25_seed79.csv,internal:Cercopithecus_albogularis_KC757391|Cercopithecus_diana_KJ434958|Cercopithecus_lhoesti_KJ434957|Cercopithecus_mitis_KJ434956|Cercopithecus_neglectus_MW160353,internal,5,0.0020104988,0.0,-0.0020104988,0.0020104988
LRMC-SoftImpute,85,25,79,LRMC_SoftImpute_completed_p85_rep25_seed79.csv,internal:Cercopithecus_albogularis_KC757391|Cercopithecus_lhoesti_KJ434957|Cercopithecus_mitis_KJ434956,internal,3,0.0167387771,0.0,-0.0167387771,0.0167387771
LRMC-SoftImpute,85,25,79,LRMC_SoftImpute_completed_p85_rep25_seed79.csv,internal:Cercopithecus_albogularis_KC757391|Cercopithecus_mitis_KJ434956,internal,2,0.0593605632,0.0,-0.0593605632,0.0593605632
LRMC-SoftImpute,85,25,79,LRMC_SoftImpute_completed_p85_rep25_seed79.csv,terminal:Cercopithecus_albogularis_KC757391,terminal,1,0.0366651729,0.03682062155594508,0.0001554486559450785,0.0001554486559450785
LRMC-SoftImpute,85,25,79,LRMC_SoftImpute_completed_p85_rep25_seed79.csv,terminal:Cercopithecus_mitis_KJ434956,terminal,1,0.0331901409,0.00836145786036978,-0.02482868303963022,0.02482868303963022
LRMC-SoftImpute,85,25,79,LRMC_SoftImpute_completed_p85_rep25_seed79.csv,terminal:Cercopithecus_lhoesti_KJ434957,terminal,1,0.096446469,0.009475350782963568,-0.08697111821703644,0.08697111821703644
LRMC-SoftImpute,85,25,79,LRMC_SoftImpute_completed_p85_rep25_seed79.csv,internal:Cercopithecus_diana_KJ434958|Cercopithecus_neglectus_MW160353,internal,2,0.0175917107,0.006076804139691802,-0.011514906560308198,0.011514906560308198
LRMC-SoftImpute,85,25,79,LRMC_SoftImpute_completed_p85_rep25_seed79.csv,terminal:Cercopithecus_diana_KJ434958,terminal,1,0.1093319625,0.0,-0.1093319625,0.1093319625
LRMC-SoftImpute,85,25,79,LRMC_SoftImpute_completed_p85_rep25_seed79.csv,terminal:Cercopithecus_neglectus_MW160353,terminal,1,0.1017112524,0.007249150959562308,-0.09446210144043768,0.09446210144043768
LRMC-SoftImpute,85,26,80,LRMC_SoftImpute_completed_p85_rep26_seed80.csv,terminal:Allenopithecus_nigroviridis_KJ434962,terminal,1,0.1474140195,0.032605818645036984,-0.11480820085496302,0.11480820085496302
LRMC-SoftImpute,85,26,80,LRMC_SoftImpute_completed_p85_rep26_seed80.csv,internal:Cercocebus_atys_KT159932|Cercocebus_chrysogaster_KC757390|Cercocebus_torquatus_KJ434959,internal,3,0.1544494817,0.0,-0.1544494817,0.1544494817
LRMC-SoftImpute,85,26,80,LRMC_SoftImpute_completed_p85_rep26_seed80.csv,internal:Cercocebus_atys_KT159932|Cercocebus_torquatus_KJ434959,internal,2,0.0094381611,0.0,-0.0094381611,0.0094381611
LRMC-SoftImpute,85,26,80,LRMC_SoftImpute_completed_p85_rep26_seed80.csv,terminal:Cercocebus_atys_KT159932,terminal,1,0.0508580169,0.0,-0.0508580169,0.0508580169
LRMC-SoftImpute,85,26,80,LRMC_SoftImpute_completed_p85_rep26_seed80.csv,terminal:Cercocebus_torquatus_KJ434959,terminal,1,0.0562685839,0.04849930910955207,-0.007769274790447929,0.007769274790447929
LRMC-SoftImpute,85,26,80,LRMC_SoftImpute_completed_p85_rep26_seed80.csv,terminal:Cercocebus_chrysogaster_KC757390,terminal,1,0.0511259412,0.050026725858282994,-0.0010992153417170025,0.0010992153417170025
LRMC-SoftImpute,85,26,80,LRMC_SoftImpute_completed_p85_rep26_seed80.csv,internal:Allenopithecus_nigroviridis_KJ434962|Cercocebus_atys_KT159932|Cercocebus_chrysogaster_KC757390|Cercocebus_torquatus_KJ434959,internal,4,0.0346917556,0.0,-0.0346917556,0.0346917556
LRMC-SoftImpute,85,26,80,LRMC_SoftImpute_completed_p85_rep26_seed80.csv,internal:Cercopithecus_aethiops_AY863426|Chlorocebus_aethiops_C1_KU682691|Chlorocebus_aethiops_MN816163|Chlorocebus_cynosuros_C3_KU682693|Chlorocebus_cynosuros_KM262190|Chlorocebus_djamdjamensis_C5_KU682695,internal,6,0.0834758403,0.0,-0.0834758403,0.0834758403
LRMC-SoftImpute,85,26,80,LRMC_SoftImpute_completed_p85_rep26_seed80.csv,internal:Cercopithecus_aethiops_AY863426|Chlorocebus_aethiops_C1_KU682691|Chlorocebus_aethiops_MN816163|Chlorocebus_cynosuros_C3_KU682693|Chlorocebus_cynosuros_KM262190,internal,5,0.012780756,0.0027624656756291555,-0.010018290324370845,0.010018290324370845
LRMC-SoftImpute,85,26,80,LRMC_SoftImpute_completed_p85_rep26_seed80.csv,internal:Cercopithecus_aethiops_AY863426|Chlorocebus_aethiops_C1_KU682691|Chlorocebus_aethiops_MN816163,internal,3,0.0048654608,0.011206250371240192,0.006340789571240193,0.006340789571240193
LRMC-SoftImpute,85,26,80,LRMC_SoftImpute_completed_p85_rep26_seed80.csv,terminal:Cercopithecus_aethiops_AY863426,terminal,1,0.0221835236,0.012836579791708467,-0.009346943808291534,0.009346943808291534
LRMC-SoftImpute,85,26,80,LRMC_SoftImpute_completed_p85_rep26_seed80.csv,internal:Chlorocebus_aethiops_C1_KU682691|Chlorocebus_aethiops_MN816163,internal,2,0.0120854426,0.0,-0.0120854426,0.0120854426
LRMC-SoftImpute,85,26,80,LRMC_SoftImpute_completed_p85_rep26_seed80.csv,terminal:Chlorocebus_aethiops_C1_KU682691,terminal,1,0.0080961876,0.01506455397328961,0.0069683663732896094,0.0069683663732896094
LRMC-SoftImpute,85,26,80,LRMC_SoftImpute_completed_p85_rep26_seed80.csv,terminal:Chlorocebus_aethiops_MN816163,terminal,1,0.0104642592,0.020485587199356482,0.010021327999356483,0.010021327999356483
LRMC-SoftImpute,85,26,80,LRMC_SoftImpute_completed_p85_rep26_seed80.csv,internal:Chlorocebus_cynosuros_C3_KU682693|Chlorocebus_cynosuros_KM262190,internal,2,0.0017398823,0.0,-0.0017398823,0.0017398823
LRMC-SoftImpute,85,26,80,LRMC_SoftImpute_completed_p85_rep26_seed80.csv,terminal:Chlorocebus_cynosuros_C3_KU682693,terminal,1,0.0241962287,0.0,-0.0241962287,0.0241962287
LRMC-SoftImpute,85,26,80,LRMC_SoftImpute_completed_p85_rep26_seed80.csv,terminal:Chlorocebus_cynosuros_KM262190,terminal,1,0.0250691331,0.02439578271517758,-0.0006733503848224201,0.0006733503848224201
LRMC-SoftImpute,85,26,80,LRMC_SoftImpute_completed_p85_rep26_seed80.csv,terminal:Chlorocebus_djamdjamensis_C5_KU682695,terminal,1,0.0319881948,0.0,-0.0319881948,0.0319881948
LRMC-SoftImpute,85,26,80,LRMC_SoftImpute_completed_p85_rep26_seed80.csv,internal:Cercopithecus_albogularis_KC757391|Cercopithecus_diana_KJ434958|Cercopithecus_lhoesti_KJ434957|Cercopithecus_mitis_KJ434956|Cercopithecus_neglectus_MW160353,internal,5,0.0020104988,0.0027093003867117425,0.0006988015867117423,0.0006988015867117423
LRMC-SoftImpute,85,26,80,LRMC_SoftImpute_completed_p85_rep26_seed80.csv,internal:Cercopithecus_albogularis_KC757391|Cercopithecus_lhoesti_KJ434957|Cercopithecus_mitis_KJ434956,internal,3,0.0167387771,0.0,-0.0167387771,0.0167387771
LRMC-SoftImpute,85,26,80,LRMC_SoftImpute_completed_p85_rep26_seed80.csv,internal:Cercopithecus_albogularis_KC757391|Cercopithecus_mitis_KJ434956,internal,2,0.0593605632,0.026578071063589948,-0.03278249213641005,0.03278249213641005
LRMC-SoftImpute,85,26,80,LRMC_SoftImpute_completed_p85_rep26_seed80.csv,terminal:Cercopithecus_albogularis_KC757391,terminal,1,0.0366651729,0.014304427373177817,-0.022360745526822184,0.022360745526822184
LRMC-SoftImpute,85,26,80,LRMC_SoftImpute_completed_p85_rep26_seed80.csv,terminal:Cercopithecus_mitis_KJ434956,terminal,1,0.0331901409,0.0,-0.0331901409,0.0331901409
LRMC-SoftImpute,85,26,80,LRMC_SoftImpute_completed_p85_rep26_seed80.csv,terminal:Cercopithecus_lhoesti_KJ434957,terminal,1,0.096446469,0.01881668274808561,-0.0776297862519144,0.0776297862519144
LRMC-SoftImpute,85,26,80,LRMC_SoftImpute_completed_p85_rep26_seed80.csv,internal:Cercopithecus_diana_KJ434958|Cercopithecus_neglectus_MW160353,internal,2,0.0175917107,0.0,-0.0175917107,0.0175917107
LRMC-SoftImpute,85,26,80,LRMC_SoftImpute_completed_p85_rep26_seed80.csv,terminal:Cercopithecus_diana_KJ434958,terminal,1,0.1093319625,0.032639119454519194,-0.07669284304548081,0.07669284304548081
LRMC-SoftImpute,85,26,80,LRMC_SoftImpute_completed_p85_rep26_seed80.csv,terminal:Cercopithecus_neglectus_MW160353,terminal,1,0.1017112524,0.0316033147995498,-0.0701079376004502,0.0701079376004502
LRMC-SoftImpute,85,27,81,LRMC_SoftImpute_completed_p85_rep27_seed81.csv,terminal:Allenopithecus_nigroviridis_KJ434962,terminal,1,0.1474140195,0.03154221232134001,-0.11587180717865998,0.11587180717865998
LRMC-SoftImpute,85,27,81,LRMC_SoftImpute_completed_p85_rep27_seed81.csv,internal:Cercocebus_atys_KT159932|Cercocebus_chrysogaster_KC757390|Cercocebus_torquatus_KJ434959,internal,3,0.1544494817,0.0,-0.1544494817,0.1544494817
LRMC-SoftImpute,85,27,81,LRMC_SoftImpute_completed_p85_rep27_seed81.csv,internal:Cercocebus_atys_KT159932|Cercocebus_torquatus_KJ434959,internal,2,0.0094381611,0.0,-0.0094381611,0.0094381611
LRMC-SoftImpute,85,27,81,LRMC_SoftImpute_completed_p85_rep27_seed81.csv,terminal:Cercocebus_atys_KT159932,terminal,1,0.0508580169,0.047710122540990905,-0.0031478943590090916,0.0031478943590090916
LRMC-SoftImpute,85,27,81,LRMC_SoftImpute_completed_p85_rep27_seed81.csv,terminal:Cercocebus_torquatus_KJ434959,terminal,1,0.0562685839,0.034397209428779156,-0.021871374471220846,0.021871374471220846
LRMC-SoftImpute,85,27,81,LRMC_SoftImpute_completed_p85_rep27_seed81.csv,terminal:Cercocebus_chrysogaster_KC757390,terminal,1,0.0511259412,0.0,-0.0511259412,0.0511259412
LRMC-SoftImpute,85,27,81,LRMC_SoftImpute_completed_p85_rep27_seed81.csv,internal:Allenopithecus_nigroviridis_KJ434962|Cercocebus_atys_KT159932|Cercocebus_chrysogaster_KC757390|Cercocebus_torquatus_KJ434959,internal,4,0.0346917556,0.0,-0.0346917556,0.0346917556
LRMC-SoftImpute,85,27,81,LRMC_SoftImpute_completed_p85_rep27_seed81.csv,internal:Cercopithecus_aethiops_AY863426|Chlorocebus_aethiops_C1_KU682691|Chlorocebus_aethiops_MN816163|Chlorocebus_cynosuros_C3_KU682693|Chlorocebus_cynosuros_KM262190|Chlorocebus_djamdjamensis_C5_KU682695,internal,6,0.0834758403,0.004836214230011539,-0.07863962606998846,0.07863962606998846
LRMC-SoftImpute,85,27,81,LRMC_SoftImpute_completed_p85_rep27_seed81.csv,internal:Cercopithecus_aethiops_AY863426|Chlorocebus_aethiops_C1_KU682691|Chlorocebus_aethiops_MN816163|Chlorocebus_cynosuros_C3_KU682693|Chlorocebus_cynosuros_KM262190,internal,5,0.012780756,0.0,-0.012780756,0.012780756
LRMC-SoftImpute,85,27,81,LRMC_SoftImpute_completed_p85_rep27_seed81.csv,internal:Cercopithecus_aethiops_AY863426|Chlorocebus_aethiops_C1_KU682691|Chlorocebus_aethiops_MN816163,internal,3,0.0048654608,0.0,-0.0048654608,0.0048654608
LRMC-SoftImpute,85,27,81,LRMC_SoftImpute_completed_p85_rep27_seed81.csv,terminal:Cercopithecus_aethiops_AY863426,terminal,1,0.0221835236,0.0,-0.0221835236,0.0221835236
LRMC-SoftImpute,85,27,81,LRMC_SoftImpute_completed_p85_rep27_seed81.csv,internal:Chlorocebus_aethiops_C1_KU682691|Chlorocebus_aethiops_MN816163,internal,2,0.0120854426,0.02163443510088621,0.00954899250088621,0.00954899250088621
LRMC-SoftImpute,85,27,81,LRMC_SoftImpute_completed_p85_rep27_seed81.csv,terminal:Chlorocebus_aethiops_C1_KU682691,terminal,1,0.0080961876,0.009766151150299718,0.0016699635502997173,0.0016699635502997173
LRMC-SoftImpute,85,27,81,LRMC_SoftImpute_completed_p85_rep27_seed81.csv,terminal:Chlorocebus_aethiops_MN816163,terminal,1,0.0104642592,0.006406191093078696,-0.004058068106921303,0.004058068106921303
LRMC-SoftImpute,85,27,81,LRMC_SoftImpute_completed_p85_rep27_seed81.csv,internal:Chlorocebus_cynosuros_C3_KU682693|Chlorocebus_cynosuros_KM262190,internal,2,0.0017398823,0.0,-0.0017398823,0.0017398823
LRMC-SoftImpute,85,27,81,LRMC_SoftImpute_completed_p85_rep27_seed81.csv,terminal:Chlorocebus_cynosuros_C3_KU682693,terminal,1,0.0241962287,0.02362165272663684,-0.0005745759733631582,0.0005745759733631582
LRMC-SoftImpute,85,27,81,LRMC_SoftImpute_completed_p85_rep27_seed81.csv,terminal:Chlorocebus_cynosuros_KM262190,terminal,1,0.0250691331,0.021242685616567978,-0.0038264474834320238,0.0038264474834320238
LRMC-SoftImpute,85,27,81,LRMC_SoftImpute_completed_p85_rep27_seed81.csv,terminal:Chlorocebus_djamdjamensis_C5_KU682695,terminal,1,0.0319881948,0.02712868657519969,-0.004859508224800312,0.004859508224800312
LRMC-SoftImpute,85,27,81,LRMC_SoftImpute_completed_p85_rep27_seed81.csv,internal:Cercopithecus_albogularis_KC757391|Cercopithecus_diana_KJ434958|Cercopithecus_lhoesti_KJ434957|Cercopithecus_mitis_KJ434956|Cercopithecus_neglectus_MW160353,internal,5,0.0020104988,0.0,-0.0020104988,0.0020104988
LRMC-SoftImpute,85,27,81,LRMC_SoftImpute_completed_p85_rep27_seed81.csv,internal:Cercopithecus_albogularis_KC757391|Cercopithecus_lhoesti_KJ434957|Cercopithecus_mitis_KJ434956,internal,3,0.0167387771,0.0,-0.0167387771,0.0167387771
LRMC-SoftImpute,85,27,81,LRMC_SoftImpute_completed_p85_rep27_seed81.csv,internal:Cercopithecus_albogularis_KC757391|Cercopithecus_mitis_KJ434956,internal,2,0.0593605632,0.0,-0.0593605632,0.0593605632
LRMC-SoftImpute,85,27,81,LRMC_SoftImpute_completed_p85_rep27_seed81.csv,terminal:Cercopithecus_albogularis_KC757391,terminal,1,0.0366651729,0.039425178795351894,0.0027600058953518927,0.0027600058953518927
LRMC-SoftImpute,85,27,81,LRMC_SoftImpute_completed_p85_rep27_seed81.csv,terminal:Cercopithecus_mitis_KJ434956,terminal,1,0.0331901409,0.0,-0.0331901409,0.0331901409
LRMC-SoftImpute,85,27,81,LRMC_SoftImpute_completed_p85_rep27_seed81.csv,terminal:Cercopithecus_lhoesti_KJ434957,terminal,1,0.096446469,0.021781120879517484,-0.07466534812048252,0.07466534812048252
LRMC-SoftImpute,85,27,81,LRMC_SoftImpute_completed_p85_rep27_seed81.csv,internal:Cercopithecus_diana_KJ434958|Cercopithecus_neglectus_MW160353,internal,2,0.0175917107,0.0,-0.0175917107,0.0175917107
LRMC-SoftImpute,85,27,81,LRMC_SoftImpute_completed_p85_rep27_seed81.csv,terminal:Cercopithecus_diana_KJ434958,terminal,1,0.1093319625,0.01620804827054787,-0.09312391422945213,0.09312391422945213
LRMC-SoftImpute,85,27,81,LRMC_SoftImpute_completed_p85_rep27_seed81.csv,terminal:Cercopithecus_neglectus_MW160353,terminal,1,0.1017112524,0.03817084398721661,-0.06354040841278338,0.06354040841278338
LRMC-SoftImpute,85,28,82,LRMC_SoftImpute_completed_p85_rep28_seed82.csv,terminal:Allenopithecus_nigroviridis_KJ434962,terminal,1,0.1474140195,0.030542874275404558,-0.11687114522459544,0.11687114522459544
LRMC-SoftImpute,85,28,82,LRMC_SoftImpute_completed_p85_rep28_seed82.csv,internal:Cercocebus_atys_KT159932|Cercocebus_chrysogaster_KC757390|Cercocebus_torquatus_KJ434959,internal,3,0.1544494817,0.0,-0.1544494817,0.1544494817
LRMC-SoftImpute,85,28,82,LRMC_SoftImpute_completed_p85_rep28_seed82.csv,internal:Cercocebus_atys_KT159932|Cercocebus_torquatus_KJ434959,internal,2,0.0094381611,0.0024306088098011115,-0.007007552290198889,0.007007552290198889
LRMC-SoftImpute,85,28,82,LRMC_SoftImpute_completed_p85_rep28_seed82.csv,terminal:Cercocebus_atys_KT159932,terminal,1,0.0508580169,0.032224277574851815,-0.018633739325148183,0.018633739325148183
LRMC-SoftImpute,85,28,82,LRMC_SoftImpute_completed_p85_rep28_seed82.csv,terminal:Cercocebus_torquatus_KJ434959,terminal,1,0.0562685839,0.028368338121299446,-0.027900245778700556,0.027900245778700556
LRMC-SoftImpute,85,28,82,LRMC_SoftImpute_completed_p85_rep28_seed82.csv,terminal:Cercocebus_chrysogaster_KC757390,terminal,1,0.0511259412,0.03514555931942621,-0.01598038188057379,0.01598038188057379
LRMC-SoftImpute,85,28,82,LRMC_SoftImpute_completed_p85_rep28_seed82.csv,internal:Allenopithecus_nigroviridis_KJ434962|Cercocebus_atys_KT159932|Cercocebus_chrysogaster_KC757390|Cercocebus_torquatus_KJ434959,internal,4,0.0346917556,0.0,-0.0346917556,0.0346917556
LRMC-SoftImpute,85,28,82,LRMC_SoftImpute_completed_p85_rep28_seed82.csv,internal:Cercopithecus_aethiops_AY863426|Chlorocebus_aethiops_C1_KU682691|Chlorocebus_aethiops_MN816163|Chlorocebus_cynosuros_C3_KU682693|Chlorocebus_cynosuros_KM262190|Chlorocebus_djamdjamensis_C5_KU682695,internal,6,0.0834758403,0.0,-0.0834758403,0.0834758403
LRMC-SoftImpute,85,28,82,LRMC_SoftImpute_completed_p85_rep28_seed82.csv,internal:Cercopithecus_aethiops_AY863426|Chlorocebus_aethiops_C1_KU682691|Chlorocebus_aethiops_MN816163|Chlorocebus_cynosuros_C3_KU682693|Chlorocebus_cynosuros_KM262190,internal,5,0.012780756,0.0,-0.012780756,0.012780756
LRMC-SoftImpute,85,28,82,LRMC_SoftImpute_completed_p85_rep28_seed82.csv,internal:Cercopithecus_aethiops_AY863426|Chlorocebus_aethiops_C1_KU682691|Chlorocebus_aethiops_MN816163,internal,3,0.0048654608,0.0,-0.0048654608,0.0048654608
LRMC-SoftImpute,85,28,82,LRMC_SoftImpute_completed_p85_rep28_seed82.csv,terminal:Cercopithecus_aethiops_AY863426,terminal,1,0.0221835236,0.0,-0.0221835236,0.0221835236
LRMC-SoftImpute,85,28,82,LRMC_SoftImpute_completed_p85_rep28_seed82.csv,internal:Chlorocebus_aethiops_C1_KU682691|Chlorocebus_aethiops_MN816163,internal,2,0.0120854426,0.0,-0.0120854426,0.0120854426
LRMC-SoftImpute,85,28,82,LRMC_SoftImpute_completed_p85_rep28_seed82.csv,terminal:Chlorocebus_aethiops_C1_KU682691,terminal,1,0.0080961876,0.0,-0.0080961876,0.0080961876
LRMC-SoftImpute,85,28,82,LRMC_SoftImpute_completed_p85_rep28_seed82.csv,terminal:Chlorocebus_aethiops_MN816163,terminal,1,0.0104642592,0.0,-0.0104642592,0.0104642592
LRMC-SoftImpute,85,28,82,LRMC_SoftImpute_completed_p85_rep28_seed82.csv,internal:Chlorocebus_cynosuros_C3_KU682693|Chlorocebus_cynosuros_KM262190,internal,2,0.0017398823,0.01612172382460347,0.01438184152460347,0.01438184152460347
LRMC-SoftImpute,85,28,82,LRMC_SoftImpute_completed_p85_rep28_seed82.csv,terminal:Chlorocebus_cynosuros_C3_KU682693,terminal,1,0.0241962287,0.014737877403322634,-0.009458351296677365,0.009458351296677365
LRMC-SoftImpute,85,28,82,LRMC_SoftImpute_completed_p85_rep28_seed82.csv,terminal:Chlorocebus_cynosuros_KM262190,terminal,1,0.0250691331,0.012763873750039128,-0.012305259349960873,0.012305259349960873
LRMC-SoftImpute,85,28,82,LRMC_SoftImpute_completed_p85_rep28_seed82.csv,terminal:Chlorocebus_djamdjamensis_C5_KU682695,terminal,1,0.0319881948,0.027881794223333634,-0.004106400576666367,0.004106400576666367
LRMC-SoftImpute,85,28,82,LRMC_SoftImpute_completed_p85_rep28_seed82.csv,internal:Cercopithecus_albogularis_KC757391|Cercopithecus_diana_KJ434958|Cercopithecus_lhoesti_KJ434957|Cercopithecus_mitis_KJ434956|Cercopithecus_neglectus_MW160353,internal,5,0.0020104988,0.0,-0.0020104988,0.0020104988
LRMC-SoftImpute,85,28,82,LRMC_SoftImpute_completed_p85_rep28_seed82.csv,internal:Cercopithecus_albogularis_KC757391|Cercopithecus_lhoesti_KJ434957|Cercopithecus_mitis_KJ434956,internal,3,0.0167387771,0.0,-0.0167387771,0.0167387771
LRMC-SoftImpute,85,28,82,LRMC_SoftImpute_completed_p85_rep28_seed82.csv,internal:Cercopithecus_albogularis_KC757391|Cercopithecus_mitis_KJ434956,internal,2,0.0593605632,0.0,-0.0593605632,0.0593605632
LRMC-SoftImpute,85,28,82,LRMC_SoftImpute_completed_p85_rep28_seed82.csv,terminal:Cercopithecus_albogularis_KC757391,terminal,1,0.0366651729,0.0,-0.0366651729,0.0366651729
LRMC-SoftImpute,85,28,82,LRMC_SoftImpute_completed_p85_rep28_seed82.csv,terminal:Cercopithecus_mitis_KJ434956,terminal,1,0.0331901409,0.03185593904585731,-0.0013342018541426873,0.0013342018541426873
LRMC-SoftImpute,85,28,82,LRMC_SoftImpute_completed_p85_rep28_seed82.csv,terminal:Cercopithecus_lhoesti_KJ434957,terminal,1,0.096446469,0.008213835665824412,-0.0882326333341756,0.0882326333341756
LRMC-SoftImpute,85,28,82,LRMC_SoftImpute_completed_p85_rep28_seed82.csv,internal:Cercopithecus_diana_KJ434958|Cercopithecus_neglectus_MW160353,internal,2,0.0175917107,0.0,-0.0175917107,0.0175917107
LRMC-SoftImpute,85,28,82,LRMC_SoftImpute_completed_p85_rep28_seed82.csv,terminal:Cercopithecus_diana_KJ434958,terminal,1,0.1093319625,0.0008852808533210831,-0.10844668164667892,0.10844668164667892
LRMC-SoftImpute,85,28,82,LRMC_SoftImpute_completed_p85_rep28_seed82.csv,terminal:Cercopithecus_neglectus_MW160353,terminal,1,0.1017112524,0.0006507585160288982,-0.10106049388397109,0.10106049388397109
LRMC-SoftImpute,85,29,83,LRMC_SoftImpute_completed_p85_rep29_seed83.csv,terminal:Allenopithecus_nigroviridis_KJ434962,terminal,1,0.1474140195,0.04437662959031758,-0.10303738990968242,0.10303738990968242
LRMC-SoftImpute,85,29,83,LRMC_SoftImpute_completed_p85_rep29_seed83.csv,internal:Cercocebus_atys_KT159932|Cercocebus_chrysogaster_KC757390|Cercocebus_torquatus_KJ434959,internal,3,0.1544494817,0.004470847982164365,-0.14997863371783562,0.14997863371783562
LRMC-SoftImpute,85,29,83,LRMC_SoftImpute_completed_p85_rep29_seed83.csv,internal:Cercocebus_atys_KT159932|Cercocebus_torquatus_KJ434959,internal,2,0.0094381611,0.0,-0.0094381611,0.0094381611
LRMC-SoftImpute,85,29,83,LRMC_SoftImpute_completed_p85_rep29_seed83.csv,terminal:Cercocebus_atys_KT159932,terminal,1,0.0508580169,0.03074602255535745,-0.020111994344642548,0.020111994344642548
LRMC-SoftImpute,85,29,83,LRMC_SoftImpute_completed_p85_rep29_seed83.csv,terminal:Cercocebus_torquatus_KJ434959,terminal,1,0.0562685839,0.028510718627930073,-0.02775786527206993,0.02775786527206993
LRMC-SoftImpute,85,29,83,LRMC_SoftImpute_completed_p85_rep29_seed83.csv,terminal:Cercocebus_chrysogaster_KC757390,terminal,1,0.0511259412,0.032860966611027824,-0.018264974588972173,0.018264974588972173
LRMC-SoftImpute,85,29,83,LRMC_SoftImpute_completed_p85_rep29_seed83.csv,internal:Allenopithecus_nigroviridis_KJ434962|Cercocebus_atys_KT159932|Cercocebus_chrysogaster_KC757390|Cercocebus_torquatus_KJ434959,internal,4,0.0346917556,0.0,-0.0346917556,0.0346917556
LRMC-SoftImpute,85,29,83,LRMC_SoftImpute_completed_p85_rep29_seed83.csv,internal:Cercopithecus_aethiops_AY863426|Chlorocebus_aethiops_C1_KU682691|Chlorocebus_aethiops_MN816163|Chlorocebus_cynosuros_C3_KU682693|Chlorocebus_cynosuros_KM262190|Chlorocebus_djamdjamensis_C5_KU682695,internal,6,0.0834758403,0.0,-0.0834758403,0.0834758403
LRMC-SoftImpute,85,29,83,LRMC_SoftImpute_completed_p85_rep29_seed83.csv,internal:Cercopithecus_aethiops_AY863426|Chlorocebus_aethiops_C1_KU682691|Chlorocebus_aethiops_MN816163|Chlorocebus_cynosuros_C3_KU682693|Chlorocebus_cynosuros_KM262190,internal,5,0.012780756,0.0,-0.012780756,0.012780756
LRMC-SoftImpute,85,29,83,LRMC_SoftImpute_completed_p85_rep29_seed83.csv,internal:Cercopithecus_aethiops_AY863426|Chlorocebus_aethiops_C1_KU682691|Chlorocebus_aethiops_MN816163,internal,3,0.0048654608,0.0011836581692087828,-0.0036818026307912166,0.0036818026307912166
LRMC-SoftImpute,85,29,83,LRMC_SoftImpute_completed_p85_rep29_seed83.csv,terminal:Cercopithecus_aethiops_AY863426,terminal,1,0.0221835236,0.019944472308780513,-0.0022390512912194883,0.0022390512912194883
LRMC-SoftImpute,85,29,83,LRMC_SoftImpute_completed_p85_rep29_seed83.csv,internal:Chlorocebus_aethiops_C1_KU682691|Chlorocebus_aethiops_MN816163,internal,2,0.0120854426,0.0,-0.0120854426,0.0120854426
LRMC-SoftImpute,85,29,83,LRMC_SoftImpute_completed_p85_rep29_seed83.csv,terminal:Chlorocebus_aethiops_C1_KU682691,terminal,1,0.0080961876,0.0,-0.0080961876,0.0080961876
LRMC-SoftImpute,85,29,83,LRMC_SoftImpute_completed_p85_rep29_seed83.csv,terminal:Chlorocebus_aethiops_MN816163,terminal,1,0.0104642592,0.016748916219504677,0.006284657019504678,0.006284657019504678
LRMC-SoftImpute,85,29,83,LRMC_SoftImpute_completed_p85_rep29_seed83.csv,internal:Chlorocebus_cynosuros_C3_KU682693|Chlorocebus_cynosuros_KM262190,internal,2,0.0017398823,0.0,-0.0017398823,0.0017398823
LRMC-SoftImpute,85,29,83,LRMC_SoftImpute_completed_p85_rep29_seed83.csv,terminal:Chlorocebus_cynosuros_C3_KU682693,terminal,1,0.0241962287,0.0,-0.0241962287,0.0241962287
LRMC-SoftImpute,85,29,83,LRMC_SoftImpute_completed_p85_rep29_seed83.csv,terminal:Chlorocebus_cynosuros_KM262190,terminal,1,0.0250691331,0.012137328871213639,-0.012931804228786363,0.012931804228786363
LRMC-SoftImpute,85,29,83,LRMC_SoftImpute_completed_p85_rep29_seed83.csv,terminal:Chlorocebus_djamdjamensis_C5_KU682695,terminal,1,0.0319881948,0.0,-0.0319881948,0.0319881948
LRMC-SoftImpute,85,29,83,LRMC_SoftImpute_completed_p85_rep29_seed83.csv,internal:Cercopithecus_albogularis_KC757391|Cercopithecus_diana_KJ434958|Cercopithecus_lhoesti_KJ434957|Cercopithecus_mitis_KJ434956|Cercopithecus_neglectus_MW160353,internal,5,0.0020104988,0.0,-0.0020104988,0.0020104988
LRMC-SoftImpute,85,29,83,LRMC_SoftImpute_completed_p85_rep29_seed83.csv,internal:Cercopithecus_albogularis_KC757391|Cercopithecus_lhoesti_KJ434957|Cercopithecus_mitis_KJ434956,internal,3,0.0167387771,0.0,-0.0167387771,0.0167387771
LRMC-SoftImpute,85,29,83,LRMC_SoftImpute_completed_p85_rep29_seed83.csv,internal:Cercopithecus_albogularis_KC757391|Cercopithecus_mitis_KJ434956,internal,2,0.0593605632,0.0,-0.0593605632,0.0593605632
LRMC-SoftImpute,85,29,83,LRMC_SoftImpute_completed_p85_rep29_seed83.csv,terminal:Cercopithecus_albogularis_KC757391,terminal,1,0.0366651729,0.020624149223001927,-0.016041023676998074,0.016041023676998074
LRMC-SoftImpute,85,29,83,LRMC_SoftImpute_completed_p85_rep29_seed83.csv,terminal:Cercopithecus_mitis_KJ434956,terminal,1,0.0331901409,0.0,-0.0331901409,0.0331901409
LRMC-SoftImpute,85,29,83,LRMC_SoftImpute_completed_p85_rep29_seed83.csv,terminal:Cercopithecus_lhoesti_KJ434957,terminal,1,0.096446469,0.022396731670725686,-0.07404973732927432,0.07404973732927432
LRMC-SoftImpute,85,29,83,LRMC_SoftImpute_completed_p85_rep29_seed83.csv,internal:Cercopithecus_diana_KJ434958|Cercopithecus_neglectus_MW160353,internal,2,0.0175917107,0.0,-0.0175917107,0.0175917107
LRMC-SoftImpute,85,29,83,LRMC_SoftImpute_completed_p85_rep29_seed83.csv,terminal:Cercopithecus_diana_KJ434958,terminal,1,0.1093319625,0.020108689667878682,-0.08922327283212132,0.08922327283212132
LRMC-SoftImpute,85,29,83,LRMC_SoftImpute_completed_p85_rep29_seed83.csv,terminal:Cercopithecus_neglectus_MW160353,terminal,1,0.1017112524,0.04006351338497573,-0.06164773901502427,0.06164773901502427
LRMC-SoftImpute,85,30,84,LRMC_SoftImpute_completed_p85_rep30_seed84.csv,terminal:Allenopithecus_nigroviridis_KJ434962,terminal,1,0.1474140195,0.0,-0.1474140195,0.1474140195
LRMC-SoftImpute,85,30,84,LRMC_SoftImpute_completed_p85_rep30_seed84.csv,internal:Cercocebus_atys_KT159932|Cercocebus_chrysogaster_KC757390|Cercocebus_torquatus_KJ434959,internal,3,0.1544494817,0.0,-0.1544494817,0.1544494817
LRMC-SoftImpute,85,30,84,LRMC_SoftImpute_completed_p85_rep30_seed84.csv,internal:Cercocebus_atys_KT159932|Cercocebus_torquatus_KJ434959,internal,2,0.0094381611,0.0,-0.0094381611,0.0094381611
LRMC-SoftImpute,85,30,84,LRMC_SoftImpute_completed_p85_rep30_seed84.csv,terminal:Cercocebus_atys_KT159932,terminal,1,0.0508580169,0.026303818370855162,-0.024554198529144835,0.024554198529144835
LRMC-SoftImpute,85,30,84,LRMC_SoftImpute_completed_p85_rep30_seed84.csv,terminal:Cercocebus_torquatus_KJ434959,terminal,1,0.0562685839,0.04263110074447266,-0.01363748315552734,0.01363748315552734
LRMC-SoftImpute,85,30,84,LRMC_SoftImpute_completed_p85_rep30_seed84.csv,terminal:Cercocebus_chrysogaster_KC757390,terminal,1,0.0511259412,0.0347788795260814,-0.016347061673918598,0.016347061673918598
LRMC-SoftImpute,85,30,84,LRMC_SoftImpute_completed_p85_rep30_seed84.csv,internal:Allenopithecus_nigroviridis_KJ434962|Cercocebus_atys_KT159932|Cercocebus_chrysogaster_KC757390|Cercocebus_torquatus_KJ434959,internal,4,0.0346917556,0.0,-0.0346917556,0.0346917556
LRMC-SoftImpute,85,30,84,LRMC_SoftImpute_completed_p85_rep30_seed84.csv,internal:Cercopithecus_aethiops_AY863426|Chlorocebus_aethiops_C1_KU682691|Chlorocebus_aethiops_MN816163|Chlorocebus_cynosuros_C3_KU682693|Chlorocebus_cynosuros_KM262190|Chlorocebus_djamdjamensis_C5_KU682695,internal,6,0.0834758403,0.0026268470431810914,-0.08084899325681892,0.08084899325681892
LRMC-SoftImpute,85,30,84,LRMC_SoftImpute_completed_p85_rep30_seed84.csv,internal:Cercopithecus_aethiops_AY863426|Chlorocebus_aethiops_C1_KU682691|Chlorocebus_aethiops_MN816163|Chlorocebus_cynosuros_C3_KU682693|Chlorocebus_cynosuros_KM262190,internal,5,0.012780756,0.0,-0.012780756,0.012780756
LRMC-SoftImpute,85,30,84,LRMC_SoftImpute_completed_p85_rep30_seed84.csv,internal:Cercopithecus_aethiops_AY863426|Chlorocebus_aethiops_C1_KU682691|Chlorocebus_aethiops_MN816163,internal,3,0.0048654608,0.0,-0.0048654608,0.0048654608
LRMC-SoftImpute,85,30,84,LRMC_SoftImpute_completed_p85_rep30_seed84.csv,terminal:Cercopithecus_aethiops_AY863426,terminal,1,0.0221835236,0.0,-0.0221835236,0.0221835236
LRMC-SoftImpute,85,30,84,LRMC_SoftImpute_completed_p85_rep30_seed84.csv,internal:Chlorocebus_aethiops_C1_KU682691|Chlorocebus_aethiops_MN816163,internal,2,0.0120854426,0.0,-0.0120854426,0.0120854426
LRMC-SoftImpute,85,30,84,LRMC_SoftImpute_completed_p85_rep30_seed84.csv,terminal:Chlorocebus_aethiops_C1_KU682691,terminal,1,0.0080961876,0.021409872195013623,0.013313684595013623,0.013313684595013623
LRMC-SoftImpute,85,30,84,LRMC_SoftImpute_completed_p85_rep30_seed84.csv,terminal:Chlorocebus_aethiops_MN816163,terminal,1,0.0104642592,0.04018142137574375,0.02971716217574375,0.02971716217574375
LRMC-SoftImpute,85,30,84,LRMC_SoftImpute_completed_p85_rep30_seed84.csv,internal:Chlorocebus_cynosuros_C3_KU682693|Chlorocebus_cynosuros_KM262190,internal,2,0.0017398823,0.00560812375080825,0.0038682414508082502,0.0038682414508082502
LRMC-SoftImpute,85,30,84,LRMC_SoftImpute_completed_p85_rep30_seed84.csv,terminal:Chlorocebus_cynosuros_C3_KU682693,terminal,1,0.0241962287,0.024667336716116265,0.0004711080161162659,0.0004711080161162659
LRMC-SoftImpute,85,30,84,LRMC_SoftImpute_completed_p85_rep30_seed84.csv,terminal:Chlorocebus_cynosuros_KM262190,terminal,1,0.0250691331,0.0,-0.0250691331,0.0250691331
LRMC-SoftImpute,85,30,84,LRMC_SoftImpute_completed_p85_rep30_seed84.csv,terminal:Chlorocebus_djamdjamensis_C5_KU682695,terminal,1,0.0319881948,0.0338558131057934,0.001867618305793399,0.001867618305793399
LRMC-SoftImpute,85,30,84,LRMC_SoftImpute_completed_p85_rep30_seed84.csv,internal:Cercopithecus_albogularis_KC757391|Cercopithecus_diana_KJ434958|Cercopithecus_lhoesti_KJ434957|Cercopithecus_mitis_KJ434956|Cercopithecus_neglectus_MW160353,internal,5,0.0020104988,0.0,-0.0020104988,0.0020104988
LRMC-SoftImpute,85,30,84,LRMC_SoftImpute_completed_p85_rep30_seed84.csv,internal:Cercopithecus_albogularis_KC757391|Cercopithecus_lhoesti_KJ434957|Cercopithecus_mitis_KJ434956,internal,3,0.0167387771,0.0,-0.0167387771,0.0167387771
LRMC-SoftImpute,85,30,84,LRMC_SoftImpute_completed_p85_rep30_seed84.csv,internal:Cercopithecus_albogularis_KC757391|Cercopithecus_mitis_KJ434956,internal,2,0.0593605632,0.0,-0.0593605632,0.0593605632
LRMC-SoftImpute,85,30,84,LRMC_SoftImpute_completed_p85_rep30_seed84.csv,terminal:Cercopithecus_albogularis_KC757391,terminal,1,0.0366651729,0.0,-0.0366651729,0.0366651729
LRMC-SoftImpute,85,30,84,LRMC_SoftImpute_completed_p85_rep30_seed84.csv,terminal:Cercopithecus_mitis_KJ434956,terminal,1,0.0331901409,0.024627945316020222,-0.008562195583979776,0.008562195583979776
LRMC-SoftImpute,85,30,84,LRMC_SoftImpute_completed_p85_rep30_seed84.csv,terminal:Cercopithecus_lhoesti_KJ434957,terminal,1,0.096446469,0.0,-0.096446469,0.096446469
LRMC-SoftImpute,85,30,84,LRMC_SoftImpute_completed_p85_rep30_seed84.csv,internal:Cercopithecus_diana_KJ434958|Cercopithecus_neglectus_MW160353,internal,2,0.0175917107,0.0,-0.0175917107,0.0175917107
LRMC-SoftImpute,85,30,84,LRMC_SoftImpute_completed_p85_rep30_seed84.csv,terminal:Cercopithecus_diana_KJ434958,terminal,1,0.1093319625,0.03131121488472324,-0.07802074761527676,0.07802074761527676
LRMC-SoftImpute,85,30,84,LRMC_SoftImpute_completed_p85_rep30_seed84.csv,terminal:Cercopithecus_neglectus_MW160353,terminal,1,0.1017112524,0.03325526906121329,-0.0684559833387867,0.0684559833387867
