method,pct_missing,frac_missing_requested,missingness_actual,replicate,mask_seed,n_pairs_total,n_missing,n_observed,optimized_variables,success,success_numerical,success_valid_matrix,objective_improved,error_message,masked_file,completed_file,run_log_file,epoch_log_file,runtime_seconds,Delta_total_completed,Delta_normalized_completed,Delta_per_triangle_completed,Delta_relative_to_original,Delta_original,Delta_normalized_original,RMSE_miss,MAE_miss,Pearson_miss,Spearman_miss,max_abs_error_observed,mean_abs_error_observed,Delta_init,Delta_final,Delta_reduction_percent,best_epoch,epochs_used,convergence_epoch,final_learning_rate,init_strategy,n_restarts,best_restart,best_restart_initial_Delta,best_restart_final_Delta,upper_bound,initial_global_mean,initial_global_median,observed_min_distance,observed_max_distance,optimizer_config_json,init_variant,variant_description,lr_init,lr_milestones,clip_grad_norm,h_central_diff
Hyb-Adam-UM,30,0.3,0.3047619047619048,1,55,105,32,73,32,True,True,True,True,,missing_p30_rep01_seed55.csv,,hyb_adam_um_outputs/logs/InitSensitivity_observed_mean_p30_rep01_seed55.log,hyb_adam_um_outputs/logs/epoch_logs/InitSensitivity_observed_mean_p30_rep01_seed55_epochs.csv,23.104119549010647,42.747037884688865,0.015790653144290893,0.093949533812503,0.7304194736788212,58.523957020737264,0.022445654481427994,0.03978997636152046,0.020633135481986614,0.5865725587797969,0.786656891495601,0.0,0.0,235.94201448624833,42.747037884688865,81.88239683476114,5000,5000,5000,0.0025,global_mean,1,0,235.94201448624833,42.747037884688865,0.23388963332927265,0.12301973142091559,0.1244787834191807,0.0346280688897031,0.1559264222195151,"{""epochs"": 5000, ""print_every"": 500, ""lr_init"": 0.02, ""lr_milestones"": [700, 2000, 4000], ""lr_factor"": 0.5, ""lr_min"": 0.0001, ""sched_patience_blocks"": 7, ""weight_decay"": 0.0, ""clip_grad_norm"": 5.0, ""h_central_diff"": 1e-05, ""beta1"": 0.9, ""beta2"": 0.999, ""adam_eps"": 1e-08, ""seed_hyb"": 42, ""init_strategy"": ""global_mean"", ""n_restarts"": 1, ""restart_jitter_scale"": 0.03, ""max_distance_factor"": 1.5, ""normalize_objective_by_triplets"": true, ""convergence_rel_tol"": 1e-07, ""convergence_patience_checks"": 5, ""early_stop"": false}",observed_mean,all missing entries initialized by the global observed mean,0.02,"(700, 2000, 4000)",5.0,1e-05
Hyb-Adam-UM,30,0.3,0.3047619047619048,2,56,105,32,73,32,True,True,True,True,,missing_p30_rep02_seed56.csv,,hyb_adam_um_outputs/logs/InitSensitivity_observed_mean_p30_rep02_seed56.log,hyb_adam_um_outputs/logs/epoch_logs/InitSensitivity_observed_mean_p30_rep02_seed56_epochs.csv,22.99778122198768,48.21133615353902,0.018064821432963243,0.10595898055722862,0.8237880452351489,58.523957020737264,0.022445654481427994,0.02621079700723514,0.010919547454073423,0.6258885701591256,0.6411290322580644,0.0,0.0,371.7282660802371,48.21133615353902,87.03048959340298,4500,5000,4500,0.0025,global_mean,1,0,371.7282660802371,48.21133615353902,0.23388963332927265,0.11819787928263278,0.1244787834191807,0.0161723422433784,0.1559264222195151,"{""epochs"": 5000, ""print_every"": 500, ""lr_init"": 0.02, ""lr_milestones"": [700, 2000, 4000], ""lr_factor"": 0.5, ""lr_min"": 0.0001, ""sched_patience_blocks"": 7, ""weight_decay"": 0.0, ""clip_grad_norm"": 5.0, ""h_central_diff"": 1e-05, ""beta1"": 0.9, ""beta2"": 0.999, ""adam_eps"": 1e-08, ""seed_hyb"": 42, ""init_strategy"": ""global_mean"", ""n_restarts"": 1, ""restart_jitter_scale"": 0.03, ""max_distance_factor"": 1.5, ""normalize_objective_by_triplets"": true, ""convergence_rel_tol"": 1e-07, ""convergence_patience_checks"": 5, ""early_stop"": false}",observed_mean,all missing entries initialized by the global observed mean,0.02,"(700, 2000, 4000)",5.0,1e-05
Hyb-Adam-UM,30,0.3,0.3047619047619048,3,57,105,32,73,32,True,True,True,True,,missing_p30_rep03_seed57.csv,,hyb_adam_um_outputs/logs/InitSensitivity_observed_mean_p30_rep03_seed57.log,hyb_adam_um_outputs/logs/epoch_logs/InitSensitivity_observed_mean_p30_rep03_seed57_epochs.csv,23.013296622986672,56.09391119679796,0.020062611014044465,0.12328332131164386,0.9584777594058064,58.523957020737264,0.022445654481427994,0.008355108224944051,0.003640696038662386,0.9747072290528459,0.9248533724340174,0.0,0.0,292.81209651272036,56.09391119679796,80.84303487975568,5000,5000,5000,0.0025,global_mean,1,0,292.81209651272036,56.09391119679796,0.23388963332927265,0.11949106526353737,0.1241590214067278,0.0346280688897031,0.1559264222195151,"{""epochs"": 5000, ""print_every"": 500, ""lr_init"": 0.02, ""lr_milestones"": [700, 2000, 4000], ""lr_factor"": 0.5, ""lr_min"": 0.0001, ""sched_patience_blocks"": 7, ""weight_decay"": 0.0, ""clip_grad_norm"": 5.0, ""h_central_diff"": 1e-05, ""beta1"": 0.9, ""beta2"": 0.999, ""adam_eps"": 1e-08, ""seed_hyb"": 42, ""init_strategy"": ""global_mean"", ""n_restarts"": 1, ""restart_jitter_scale"": 0.03, ""max_distance_factor"": 1.5, ""normalize_objective_by_triplets"": true, ""convergence_rel_tol"": 1e-07, ""convergence_patience_checks"": 5, ""early_stop"": false}",observed_mean,all missing entries initialized by the global observed mean,0.02,"(700, 2000, 4000)",5.0,1e-05
Hyb-Adam-UM,30,0.3,0.3047619047619048,4,58,105,32,73,32,True,True,True,True,,missing_p30_rep04_seed58.csv,,hyb_adam_um_outputs/logs/InitSensitivity_observed_mean_p30_rep04_seed58.log,hyb_adam_um_outputs/logs/epoch_logs/InitSensitivity_observed_mean_p30_rep04_seed58_epochs.csv,22.93804768199334,34.54180606056781,0.01502782588951627,0.0759160572759732,0.5902165167732649,58.523957020737264,0.022445654481427994,0.004678921060571211,0.0022044720666024326,0.994771099249897,0.94391495601173,0.0,0.0,273.6673429290945,34.54180606056781,87.37817757469243,5000,5000,5000,0.0025,global_mean,1,0,273.6673429290945,34.54180606056781,0.23388963332927265,0.12073653795899733,0.1247028707259096,0.0346280688897031,0.1559264222195151,"{""epochs"": 5000, ""print_every"": 500, ""lr_init"": 0.02, ""lr_milestones"": [700, 2000, 4000], ""lr_factor"": 0.5, ""lr_min"": 0.0001, ""sched_patience_blocks"": 7, ""weight_decay"": 0.0, ""clip_grad_norm"": 5.0, ""h_central_diff"": 1e-05, ""beta1"": 0.9, ""beta2"": 0.999, ""adam_eps"": 1e-08, ""seed_hyb"": 42, ""init_strategy"": ""global_mean"", ""n_restarts"": 1, ""restart_jitter_scale"": 0.03, ""max_distance_factor"": 1.5, ""normalize_objective_by_triplets"": true, ""convergence_rel_tol"": 1e-07, ""convergence_patience_checks"": 5, ""early_stop"": false}",observed_mean,all missing entries initialized by the global observed mean,0.02,"(700, 2000, 4000)",5.0,1e-05
Hyb-Adam-UM,30,0.3,0.3047619047619048,5,59,105,32,73,32,True,True,True,True,,missing_p30_rep05_seed59.csv,,hyb_adam_um_outputs/logs/InitSensitivity_observed_mean_p30_rep05_seed59.log,hyb_adam_um_outputs/logs/epoch_logs/InitSensitivity_observed_mean_p30_rep05_seed59_epochs.csv,23.08798313801526,59.98053024439501,0.020642500887495238,0.13182534119647255,1.024888495204479,58.523957020737264,0.022445654481427994,0.02152688220206442,0.007976243722812719,0.7791856886732201,0.9303519061583577,0.0,0.0,368.00930841971433,59.98053024439501,83.70135513637952,5000,5000,5000,0.0025,global_mean,1,0,368.00930841971433,59.98053024439501,0.23388963332927265,0.11612684359200375,0.1233794162826421,0.0161723422433784,0.1559264222195151,"{""epochs"": 5000, ""print_every"": 500, ""lr_init"": 0.02, ""lr_milestones"": [700, 2000, 4000], ""lr_factor"": 0.5, ""lr_min"": 0.0001, ""sched_patience_blocks"": 7, ""weight_decay"": 0.0, ""clip_grad_norm"": 5.0, ""h_central_diff"": 1e-05, ""beta1"": 0.9, ""beta2"": 0.999, ""adam_eps"": 1e-08, ""seed_hyb"": 42, ""init_strategy"": ""global_mean"", ""n_restarts"": 1, ""restart_jitter_scale"": 0.03, ""max_distance_factor"": 1.5, ""normalize_objective_by_triplets"": true, ""convergence_rel_tol"": 1e-07, ""convergence_patience_checks"": 5, ""early_stop"": false}",observed_mean,all missing entries initialized by the global observed mean,0.02,"(700, 2000, 4000)",5.0,1e-05
Hyb-Adam-UM,50,0.5,0.49523809523809526,1,55,105,52,53,52,True,True,True,True,,missing_p50_rep01_seed55.csv,,hyb_adam_um_outputs/logs/InitSensitivity_observed_mean_p50_rep01_seed55.log,hyb_adam_um_outputs/logs/epoch_logs/InitSensitivity_observed_mean_p50_rep01_seed55_epochs.csv,37.05815989500843,38.32994332643507,0.013615088065675492,0.08424163368447268,0.6549444924384268,58.523957020737264,0.022445654481427994,0.03483808853459485,0.016161867435550908,0.5967504214047096,0.7460087082728593,0.0,0.0,328.33199877054994,38.32994332643507,88.3258581344606,4500,5000,4500,0.0025,global_mean,1,0,328.33199877054994,38.32994332643507,0.23388963332927265,0.11899061308824704,0.1231648135634867,0.0346280688897031,0.1559264222195151,"{""epochs"": 5000, ""print_every"": 500, ""lr_init"": 0.02, ""lr_milestones"": [700, 2000, 4000], ""lr_factor"": 0.5, ""lr_min"": 0.0001, ""sched_patience_blocks"": 7, ""weight_decay"": 0.0, ""clip_grad_norm"": 5.0, ""h_central_diff"": 1e-05, ""beta1"": 0.9, ""beta2"": 0.999, ""adam_eps"": 1e-08, ""seed_hyb"": 42, ""init_strategy"": ""global_mean"", ""n_restarts"": 1, ""restart_jitter_scale"": 0.03, ""max_distance_factor"": 1.5, ""normalize_objective_by_triplets"": true, ""convergence_rel_tol"": 1e-07, ""convergence_patience_checks"": 5, ""early_stop"": false}",observed_mean,all missing entries initialized by the global observed mean,0.02,"(700, 2000, 4000)",5.0,1e-05
Hyb-Adam-UM,50,0.5,0.49523809523809526,2,56,105,52,53,52,True,True,True,True,,missing_p50_rep02_seed56.csv,,hyb_adam_um_outputs/logs/InitSensitivity_observed_mean_p50_rep02_seed56.log,hyb_adam_um_outputs/logs/epoch_logs/InitSensitivity_observed_mean_p50_rep02_seed56_epochs.csv,37.16750964798848,28.00048648926754,0.011967355107578844,0.061539530745642945,0.47844486112492196,58.523957020737264,0.022445654481427994,0.01862338304395979,0.006617853041327724,0.8861966170836069,0.7664133868351405,0.0,0.0,193.92466176682052,28.00048648926754,85.56115233918214,4500,5000,4500,0.0025,global_mean,1,0,193.92466176682052,28.00048648926754,0.23388963332927265,0.12265998289748507,0.1244840980820587,0.0161723422433784,0.1559264222195151,"{""epochs"": 5000, ""print_every"": 500, ""lr_init"": 0.02, ""lr_milestones"": [700, 2000, 4000], ""lr_factor"": 0.5, ""lr_min"": 0.0001, ""sched_patience_blocks"": 7, ""weight_decay"": 0.0, ""clip_grad_norm"": 5.0, ""h_central_diff"": 1e-05, ""beta1"": 0.9, ""beta2"": 0.999, ""adam_eps"": 1e-08, ""seed_hyb"": 42, ""init_strategy"": ""global_mean"", ""n_restarts"": 1, ""restart_jitter_scale"": 0.03, ""max_distance_factor"": 1.5, ""normalize_objective_by_triplets"": true, ""convergence_rel_tol"": 1e-07, ""convergence_patience_checks"": 5, ""early_stop"": false}",observed_mean,all missing entries initialized by the global observed mean,0.02,"(700, 2000, 4000)",5.0,1e-05
Hyb-Adam-UM,50,0.5,0.49523809523809526,3,57,105,52,53,52,True,True,True,True,,missing_p50_rep03_seed57.csv,,hyb_adam_um_outputs/logs/InitSensitivity_observed_mean_p50_rep03_seed57.log,hyb_adam_um_outputs/logs/epoch_logs/InitSensitivity_observed_mean_p50_rep03_seed57_epochs.csv,37.17170428100508,20.825448487789096,0.009295937943724408,0.04577021645667933,0.35584484624663787,58.523957020737264,0.022445654481427994,0.00704157326634058,0.0038479412329090446,0.9953020502041128,0.9470673610518227,0.0,0.0,165.30158187214397,20.825448487789096,87.40154313592899,4500,5000,4500,0.0025,global_mean,1,0,165.30158187214397,20.825448487789096,0.23388963332927265,0.12047078444934654,0.1240295861605232,0.0382707733757883,0.1559264222195151,"{""epochs"": 5000, ""print_every"": 500, ""lr_init"": 0.02, ""lr_milestones"": [700, 2000, 4000], ""lr_factor"": 0.5, ""lr_min"": 0.0001, ""sched_patience_blocks"": 7, ""weight_decay"": 0.0, ""clip_grad_norm"": 5.0, ""h_central_diff"": 1e-05, ""beta1"": 0.9, ""beta2"": 0.999, ""adam_eps"": 1e-08, ""seed_hyb"": 42, ""init_strategy"": ""global_mean"", ""n_restarts"": 1, ""restart_jitter_scale"": 0.03, ""max_distance_factor"": 1.5, ""normalize_objective_by_triplets"": true, ""convergence_rel_tol"": 1e-07, ""convergence_patience_checks"": 5, ""early_stop"": false}",observed_mean,all missing entries initialized by the global observed mean,0.02,"(700, 2000, 4000)",5.0,1e-05
Hyb-Adam-UM,50,0.5,0.49523809523809526,4,58,105,52,53,52,True,True,True,True,,missing_p50_rep04_seed58.csv,,hyb_adam_um_outputs/logs/InitSensitivity_observed_mean_p50_rep04_seed58.log,hyb_adam_um_outputs/logs/epoch_logs/InitSensitivity_observed_mean_p50_rep04_seed58_epochs.csv,37.09121519597829,24.873202616347633,0.010957578712355245,0.054666379376588206,0.4250089003300667,58.523957020737264,0.022445654481427994,0.01901751505458555,0.006867675622794841,0.8670676431612592,0.7107487407154442,0.0,0.0,265.542934185737,24.873202616347633,90.6330768345921,4500,5000,4500,0.0025,global_mean,1,0,265.542934185737,24.873202616347633,0.23388963332927265,0.11861477645295795,0.1240295861605232,0.0346280688897031,0.1559264222195151,"{""epochs"": 5000, ""print_every"": 500, ""lr_init"": 0.02, ""lr_milestones"": [700, 2000, 4000], ""lr_factor"": 0.5, ""lr_min"": 0.0001, ""sched_patience_blocks"": 7, ""weight_decay"": 0.0, ""clip_grad_norm"": 5.0, ""h_central_diff"": 1e-05, ""beta1"": 0.9, ""beta2"": 0.999, ""adam_eps"": 1e-08, ""seed_hyb"": 42, ""init_strategy"": ""global_mean"", ""n_restarts"": 1, ""restart_jitter_scale"": 0.03, ""max_distance_factor"": 1.5, ""normalize_objective_by_triplets"": true, ""convergence_rel_tol"": 1e-07, ""convergence_patience_checks"": 5, ""early_stop"": false}",observed_mean,all missing entries initialized by the global observed mean,0.02,"(700, 2000, 4000)",5.0,1e-05
Hyb-Adam-UM,50,0.5,0.49523809523809526,5,59,105,52,53,52,True,True,True,True,,missing_p50_rep05_seed59.csv,,hyb_adam_um_outputs/logs/InitSensitivity_observed_mean_p50_rep05_seed59.log,hyb_adam_um_outputs/logs/epoch_logs/InitSensitivity_observed_mean_p50_rep05_seed59_epochs.csv,37.06608923600288,41.693863880951056,0.014707198252375653,0.09163486567241991,0.7124238688470319,58.523957020737264,0.022445654481427994,0.02700852756902664,0.0103477354704174,0.7111578460190516,0.8838043199863399,0.0,0.0,414.5207645683766,41.693863880951056,89.94167061223939,5000,5000,5000,0.0025,global_mean,1,0,414.5207645683766,41.693863880951056,0.23388963332927265,0.1152604101989678,0.1231648135634867,0.0346280688897031,0.1559264222195151,"{""epochs"": 5000, ""print_every"": 500, ""lr_init"": 0.02, ""lr_milestones"": [700, 2000, 4000], ""lr_factor"": 0.5, ""lr_min"": 0.0001, ""sched_patience_blocks"": 7, ""weight_decay"": 0.0, ""clip_grad_norm"": 5.0, ""h_central_diff"": 1e-05, ""beta1"": 0.9, ""beta2"": 0.999, ""adam_eps"": 1e-08, ""seed_hyb"": 42, ""init_strategy"": ""global_mean"", ""n_restarts"": 1, ""restart_jitter_scale"": 0.03, ""max_distance_factor"": 1.5, ""normalize_objective_by_triplets"": true, ""convergence_rel_tol"": 1e-07, ""convergence_patience_checks"": 5, ""early_stop"": false}",observed_mean,all missing entries initialized by the global observed mean,0.02,"(700, 2000, 4000)",5.0,1e-05
Hyb-Adam-UM,65,0.65,0.6476190476190476,1,55,105,68,37,68,True,True,True,True,,missing_p65_rep01_seed55.csv,,hyb_adam_um_outputs/logs/InitSensitivity_observed_mean_p65_rep01_seed55.log,hyb_adam_um_outputs/logs/epoch_logs/InitSensitivity_observed_mean_p65_rep01_seed55_epochs.csv,48.30090588700841,20.35969407492916,0.007653054037841466,0.04474658038445969,0.3478864914707484,58.523957020737264,0.022445654481427994,0.03463606475442021,0.016253809657835648,0.6293292340776647,0.748329961445967,0.0,0.0,193.60928535727348,20.35969407492916,89.48413345085244,5000,5000,5000,0.0025,global_mean,1,0,193.60928535727348,20.35969407492916,0.23388963332927265,0.11873638961731445,0.1221583964800782,0.0346280688897031,0.1559264222195151,"{""epochs"": 5000, ""print_every"": 500, ""lr_init"": 0.02, ""lr_milestones"": [700, 2000, 4000], ""lr_factor"": 0.5, ""lr_min"": 0.0001, ""sched_patience_blocks"": 7, ""weight_decay"": 0.0, ""clip_grad_norm"": 5.0, ""h_central_diff"": 1e-05, ""beta1"": 0.9, ""beta2"": 0.999, ""adam_eps"": 1e-08, ""seed_hyb"": 42, ""init_strategy"": ""global_mean"", ""n_restarts"": 1, ""restart_jitter_scale"": 0.03, ""max_distance_factor"": 1.5, ""normalize_objective_by_triplets"": true, ""convergence_rel_tol"": 1e-07, ""convergence_patience_checks"": 5, ""early_stop"": false}",observed_mean,all missing entries initialized by the global observed mean,0.02,"(700, 2000, 4000)",5.0,1e-05
Hyb-Adam-UM,65,0.65,0.6476190476190476,2,56,105,68,37,68,True,True,True,True,,missing_p65_rep02_seed56.csv,,hyb_adam_um_outputs/logs/InitSensitivity_observed_mean_p65_rep02_seed56.log,hyb_adam_um_outputs/logs/epoch_logs/InitSensitivity_observed_mean_p65_rep02_seed56_epochs.csv,48.28835756299668,19.90037967968927,0.007781148168210107,0.043737098197119274,0.3400381774020818,58.523957020737264,0.022445654481427994,0.03134829798705472,0.014504452867997262,0.6740270478898677,0.7431385273122876,0.0,0.0,221.9811529520053,19.90037967968927,91.03510391983956,5000,5000,5000,0.0025,global_mean,1,0,221.9811529520053,19.90037967968927,0.23357819329771726,0.12451406584640105,0.1256247714250883,0.0161723422433784,0.1557187955318115,"{""epochs"": 5000, ""print_every"": 500, ""lr_init"": 0.02, ""lr_milestones"": [700, 2000, 4000], ""lr_factor"": 0.5, ""lr_min"": 0.0001, ""sched_patience_blocks"": 7, ""weight_decay"": 0.0, ""clip_grad_norm"": 5.0, ""h_central_diff"": 1e-05, ""beta1"": 0.9, ""beta2"": 0.999, ""adam_eps"": 1e-08, ""seed_hyb"": 42, ""init_strategy"": ""global_mean"", ""n_restarts"": 1, ""restart_jitter_scale"": 0.03, ""max_distance_factor"": 1.5, ""normalize_objective_by_triplets"": true, ""convergence_rel_tol"": 1e-07, ""convergence_patience_checks"": 5, ""early_stop"": false}",observed_mean,all missing entries initialized by the global observed mean,0.02,"(700, 2000, 4000)",5.0,1e-05
Hyb-Adam-UM,65,0.65,0.6476190476190476,3,57,105,68,37,68,True,True,True,True,,missing_p65_rep03_seed57.csv,,hyb_adam_um_outputs/logs/InitSensitivity_observed_mean_p65_rep03_seed57.log,hyb_adam_um_outputs/logs/epoch_logs/InitSensitivity_observed_mean_p65_rep03_seed57_epochs.csv,47.90148436499294,14.834903171690637,0.006673970060826769,0.032604182794924476,0.2534842810856769,58.523957020737264,0.022445654481427994,0.009437208219482057,0.005859458066921407,0.9744840352227725,0.8763980608466617,0.0,0.0,178.9414452128175,14.834903171690637,91.70963263762218,5000,5000,5000,0.0025,global_mean,1,0,178.9414452128175,14.834903171690637,0.232323845360199,0.1172884510152092,0.1231648135634867,0.0382707733757883,0.154882563573466,"{""epochs"": 5000, ""print_every"": 500, ""lr_init"": 0.02, ""lr_milestones"": [700, 2000, 4000], ""lr_factor"": 0.5, ""lr_min"": 0.0001, ""sched_patience_blocks"": 7, ""weight_decay"": 0.0, ""clip_grad_norm"": 5.0, ""h_central_diff"": 1e-05, ""beta1"": 0.9, ""beta2"": 0.999, ""adam_eps"": 1e-08, ""seed_hyb"": 42, ""init_strategy"": ""global_mean"", ""n_restarts"": 1, ""restart_jitter_scale"": 0.03, ""max_distance_factor"": 1.5, ""normalize_objective_by_triplets"": true, ""convergence_rel_tol"": 1e-07, ""convergence_patience_checks"": 5, ""early_stop"": false}",observed_mean,all missing entries initialized by the global observed mean,0.02,"(700, 2000, 4000)",5.0,1e-05
Hyb-Adam-UM,65,0.65,0.6476190476190476,4,58,105,68,37,68,True,True,True,True,,missing_p65_rep04_seed58.csv,,hyb_adam_um_outputs/logs/InitSensitivity_observed_mean_p65_rep04_seed58.log,hyb_adam_um_outputs/logs/epoch_logs/InitSensitivity_observed_mean_p65_rep04_seed58_epochs.csv,47.67258815400419,20.460271460919977,0.007346689867692964,0.044967629584439506,0.34960505923531665,58.523957020737264,0.022445654481427994,0.033843939404952686,0.015371928762626042,0.5837662101509322,0.7525670878344847,0.0,0.0,156.15438970663067,20.460271460919977,86.89740871239101,4500,5000,4500,0.0025,global_mean,1,0,156.15438970663067,20.460271460919977,0.23388963332927265,0.11967359822654977,0.1247028707259096,0.0346280688897031,0.1559264222195151,"{""epochs"": 5000, ""print_every"": 500, ""lr_init"": 0.02, ""lr_milestones"": [700, 2000, 4000], ""lr_factor"": 0.5, ""lr_min"": 0.0001, ""sched_patience_blocks"": 7, ""weight_decay"": 0.0, ""clip_grad_norm"": 5.0, ""h_central_diff"": 1e-05, ""beta1"": 0.9, ""beta2"": 0.999, ""adam_eps"": 1e-08, ""seed_hyb"": 42, ""init_strategy"": ""global_mean"", ""n_restarts"": 1, ""restart_jitter_scale"": 0.03, ""max_distance_factor"": 1.5, ""normalize_objective_by_triplets"": true, ""convergence_rel_tol"": 1e-07, ""convergence_patience_checks"": 5, ""early_stop"": false}",observed_mean,all missing entries initialized by the global observed mean,0.02,"(700, 2000, 4000)",5.0,1e-05
Hyb-Adam-UM,65,0.65,0.6476190476190476,5,59,105,68,37,68,True,True,True,True,,missing_p65_rep05_seed59.csv,,hyb_adam_um_outputs/logs/InitSensitivity_observed_mean_p65_rep05_seed59.log,hyb_adam_um_outputs/logs/epoch_logs/InitSensitivity_observed_mean_p65_rep05_seed59_epochs.csv,47.96769833599683,17.046918605111212,0.007485563840991906,0.0374657551760686,0.2912810321262255,58.523957020737264,0.022445654481427994,0.0036697548606849364,0.0021189696915564957,0.9953786391852781,0.9278161621559718,0.0,0.0,218.99104906557426,17.046918605111212,92.21570074308987,4500,5000,4500,0.0025,global_mean,1,0,218.99104906557426,17.046918605111212,0.23388963332927265,0.11091007067996113,0.1221392581800522,0.0346280688897031,0.1559264222195151,"{""epochs"": 5000, ""print_every"": 500, ""lr_init"": 0.02, ""lr_milestones"": [700, 2000, 4000], ""lr_factor"": 0.5, ""lr_min"": 0.0001, ""sched_patience_blocks"": 7, ""weight_decay"": 0.0, ""clip_grad_norm"": 5.0, ""h_central_diff"": 1e-05, ""beta1"": 0.9, ""beta2"": 0.999, ""adam_eps"": 1e-08, ""seed_hyb"": 42, ""init_strategy"": ""global_mean"", ""n_restarts"": 1, ""restart_jitter_scale"": 0.03, ""max_distance_factor"": 1.5, ""normalize_objective_by_triplets"": true, ""convergence_rel_tol"": 1e-07, ""convergence_patience_checks"": 5, ""early_stop"": false}",observed_mean,all missing entries initialized by the global observed mean,0.02,"(700, 2000, 4000)",5.0,1e-05
Hyb-Adam-UM,85,0.85,0.8476190476190476,1,55,105,89,16,89,True,True,True,True,,missing_p85_rep01_seed55.csv,,hyb_adam_um_outputs/logs/InitSensitivity_observed_mean_p85_rep01_seed55.log,hyb_adam_um_outputs/logs/epoch_logs/InitSensitivity_observed_mean_p85_rep01_seed55_epochs.csv,62.29157267100527,3.448528285003265,0.0016016576294051207,0.00757918304396322,0.05892507035676552,58.523957020737264,0.022445654481427994,0.04642899465127202,0.028274175135887293,0.18528359930464597,0.2970888661899898,0.0,0.0,60.156515922345676,3.448528285003265,94.26740689328672,4500,5000,4500,0.0025,global_mean,1,0,60.156515922345676,3.448528285003265,0.23388963332927265,0.11924591938909773,0.1243662284432164,0.038749233599019,0.1559264222195151,"{""epochs"": 5000, ""print_every"": 500, ""lr_init"": 0.02, ""lr_milestones"": [700, 2000, 4000], ""lr_factor"": 0.5, ""lr_min"": 0.0001, ""sched_patience_blocks"": 7, ""weight_decay"": 0.0, ""clip_grad_norm"": 5.0, ""h_central_diff"": 1e-05, ""beta1"": 0.9, ""beta2"": 0.999, ""adam_eps"": 1e-08, ""seed_hyb"": 42, ""init_strategy"": ""global_mean"", ""n_restarts"": 1, ""restart_jitter_scale"": 0.03, ""max_distance_factor"": 1.5, ""normalize_objective_by_triplets"": true, ""convergence_rel_tol"": 1e-07, ""convergence_patience_checks"": 5, ""early_stop"": false}",observed_mean,all missing entries initialized by the global observed mean,0.02,"(700, 2000, 4000)",5.0,1e-05
Hyb-Adam-UM,85,0.85,0.8476190476190476,2,56,105,89,16,89,True,True,True,True,,missing_p85_rep02_seed56.csv,,hyb_adam_um_outputs/logs/InitSensitivity_observed_mean_p85_rep02_seed56.log,hyb_adam_um_outputs/logs/epoch_logs/InitSensitivity_observed_mean_p85_rep02_seed56_epochs.csv,62.28011969200452,2.3112803355924667,0.0010838521298361,0.005079737001302125,0.039492892368393546,58.523957020737264,0.022445654481427994,0.04745663665748889,0.029807881194965274,0.24816346901799663,0.05709908069458632,0.0,0.0,28.341144301387747,2.3112803355924667,91.84478823080093,5000,5000,5000,0.0025,global_mean,1,0,28.341144301387747,2.3112803355924667,0.22972232371209345,0.1302185178254612,0.13221931105635548,0.0384922830965996,0.1531482158080623,"{""epochs"": 5000, ""print_every"": 500, ""lr_init"": 0.02, ""lr_milestones"": [700, 2000, 4000], ""lr_factor"": 0.5, ""lr_min"": 0.0001, ""sched_patience_blocks"": 7, ""weight_decay"": 0.0, ""clip_grad_norm"": 5.0, ""h_central_diff"": 1e-05, ""beta1"": 0.9, ""beta2"": 0.999, ""adam_eps"": 1e-08, ""seed_hyb"": 42, ""init_strategy"": ""global_mean"", ""n_restarts"": 1, ""restart_jitter_scale"": 0.03, ""max_distance_factor"": 1.5, ""normalize_objective_by_triplets"": true, ""convergence_rel_tol"": 1e-07, ""convergence_patience_checks"": 5, ""early_stop"": false}",observed_mean,all missing entries initialized by the global observed mean,0.02,"(700, 2000, 4000)",5.0,1e-05
Hyb-Adam-UM,85,0.85,0.8476190476190476,3,57,105,89,16,89,True,True,True,True,,missing_p85_rep03_seed57.csv,,hyb_adam_um_outputs/logs/InitSensitivity_observed_mean_p85_rep03_seed57.log,hyb_adam_um_outputs/logs/epoch_logs/InitSensitivity_observed_mean_p85_rep03_seed57_epochs.csv,63.144417970004724,3.2848769916466676,0.0015314843518317155,0.007219509871750918,0.056128757501525586,58.523957020737264,0.022445654481427994,0.046803463104211636,0.029032294568081325,0.19996177493630035,0.06252979230507322,0.0,0.0,61.40334425072568,3.2848769916466676,94.65032885141618,4500,5000,4500,0.0025,global_mean,1,0,61.40334425072568,3.2848769916466676,0.23006806028196403,0.12470114249399461,0.13795746474355286,0.0382707733757883,0.1533787068546427,"{""epochs"": 5000, ""print_every"": 500, ""lr_init"": 0.02, ""lr_milestones"": [700, 2000, 4000], ""lr_factor"": 0.5, ""lr_min"": 0.0001, ""sched_patience_blocks"": 7, ""weight_decay"": 0.0, ""clip_grad_norm"": 5.0, ""h_central_diff"": 1e-05, ""beta1"": 0.9, ""beta2"": 0.999, ""adam_eps"": 1e-08, ""seed_hyb"": 42, ""init_strategy"": ""global_mean"", ""n_restarts"": 1, ""restart_jitter_scale"": 0.03, ""max_distance_factor"": 1.5, ""normalize_objective_by_triplets"": true, ""convergence_rel_tol"": 1e-07, ""convergence_patience_checks"": 5, ""early_stop"": false}",observed_mean,all missing entries initialized by the global observed mean,0.02,"(700, 2000, 4000)",5.0,1e-05
Hyb-Adam-UM,85,0.85,0.8476190476190476,4,58,105,89,16,89,True,True,True,True,,missing_p85_rep04_seed58.csv,,hyb_adam_um_outputs/logs/InitSensitivity_observed_mean_p85_rep04_seed58.log,hyb_adam_um_outputs/logs/epoch_logs/InitSensitivity_observed_mean_p85_rep04_seed58_epochs.csv,62.55807788198581,3.8886551161766283,0.001816497849214618,0.008546494760827755,0.06644552614237499,58.523957020737264,0.022445654481427994,0.036134190459038734,0.02075091344764075,0.47968311796499247,0.44307116104868915,0.0,0.0,79.25342440142097,3.8886551161766283,95.0933916792283,5000,5000,5000,0.0025,global_mean,1,0,79.25342440142097,3.8886551161766283,0.23064958828911242,0.11209005267518451,0.1206759550676425,0.0384922830965996,0.1537663921927416,"{""epochs"": 5000, ""print_every"": 500, ""lr_init"": 0.02, ""lr_milestones"": [700, 2000, 4000], ""lr_factor"": 0.5, ""lr_min"": 0.0001, ""sched_patience_blocks"": 7, ""weight_decay"": 0.0, ""clip_grad_norm"": 5.0, ""h_central_diff"": 1e-05, ""beta1"": 0.9, ""beta2"": 0.999, ""adam_eps"": 1e-08, ""seed_hyb"": 42, ""init_strategy"": ""global_mean"", ""n_restarts"": 1, ""restart_jitter_scale"": 0.03, ""max_distance_factor"": 1.5, ""normalize_objective_by_triplets"": true, ""convergence_rel_tol"": 1e-07, ""convergence_patience_checks"": 5, ""early_stop"": false}",observed_mean,all missing entries initialized by the global observed mean,0.02,"(700, 2000, 4000)",5.0,1e-05
Hyb-Adam-UM,85,0.85,0.8476190476190476,5,59,105,89,16,89,True,True,True,True,,missing_p85_rep05_seed59.csv,,hyb_adam_um_outputs/logs/InitSensitivity_observed_mean_p85_rep05_seed59.log,hyb_adam_um_outputs/logs/epoch_logs/InitSensitivity_observed_mean_p85_rep05_seed59_epochs.csv,61.857441294007,7.533096491301294,0.0030866018859980913,0.01655625602483801,0.12871816730765542,58.523957020737264,0.022445654481427994,0.030109612679902618,0.013939854989966567,0.6475308902868012,0.7921688798093293,0.0,0.0,552.2069712798417,7.533096491301294,98.63582010313236,5000,5000,5000,0.0025,global_mean,1,0,552.2069712798417,7.533096491301294,0.22820919175911242,0.11340612260593529,0.12388201480257025,0.0346280688897031,0.1521394611727416,"{""epochs"": 5000, ""print_every"": 500, ""lr_init"": 0.02, ""lr_milestones"": [700, 2000, 4000], ""lr_factor"": 0.5, ""lr_min"": 0.0001, ""sched_patience_blocks"": 7, ""weight_decay"": 0.0, ""clip_grad_norm"": 5.0, ""h_central_diff"": 1e-05, ""beta1"": 0.9, ""beta2"": 0.999, ""adam_eps"": 1e-08, ""seed_hyb"": 42, ""init_strategy"": ""global_mean"", ""n_restarts"": 1, ""restart_jitter_scale"": 0.03, ""max_distance_factor"": 1.5, ""normalize_objective_by_triplets"": true, ""convergence_rel_tol"": 1e-07, ""convergence_patience_checks"": 5, ""early_stop"": false}",observed_mean,all missing entries initialized by the global observed mean,0.02,"(700, 2000, 4000)",5.0,1e-05
Hyb-Adam-UM,30,0.3,0.3047619047619048,1,55,105,32,73,32,True,True,True,True,,missing_p30_rep01_seed55.csv,,hyb_adam_um_outputs/logs/InitSensitivity_observed_median_p30_rep01_seed55.log,hyb_adam_um_outputs/logs/epoch_logs/InitSensitivity_observed_median_p30_rep01_seed55_epochs.csv,22.537837390002096,43.27452852473101,0.016035170810786033,0.09510885390050772,0.7394327165778828,58.523957020737264,0.022445654481427994,0.039797826156565505,0.02065465198142509,0.5851055857552517,0.8075513196480938,0.0,0.0,218.78794588871875,43.27452852473101,80.22078942742964,4500,5000,4500,0.0025,global_median,1,0,218.78794588871875,43.27452852473101,0.23388963332927265,0.12301973142091559,0.1244787834191807,0.0346280688897031,0.1559264222195151,"{""epochs"": 5000, ""print_every"": 500, ""lr_init"": 0.02, ""lr_milestones"": [700, 2000, 4000], ""lr_factor"": 0.5, ""lr_min"": 0.0001, ""sched_patience_blocks"": 7, ""weight_decay"": 0.0, ""clip_grad_norm"": 5.0, ""h_central_diff"": 1e-05, ""beta1"": 0.9, ""beta2"": 0.999, ""adam_eps"": 1e-08, ""seed_hyb"": 42, ""init_strategy"": ""global_median"", ""n_restarts"": 1, ""restart_jitter_scale"": 0.03, ""max_distance_factor"": 1.5, ""normalize_objective_by_triplets"": true, ""convergence_rel_tol"": 1e-07, ""convergence_patience_checks"": 5, ""early_stop"": false}",observed_median,all missing entries initialized by the global observed median,0.02,"(700, 2000, 4000)",5.0,1e-05
Hyb-Adam-UM,30,0.3,0.3047619047619048,2,56,105,32,73,32,True,True,True,True,,missing_p30_rep02_seed56.csv,,hyb_adam_um_outputs/logs/InitSensitivity_observed_median_p30_rep02_seed56.log,hyb_adam_um_outputs/logs/epoch_logs/InitSensitivity_observed_median_p30_rep02_seed56_epochs.csv,22.566991807019804,47.51243068430725,0.017830357435905643,0.10442292458089505,0.8118458337919937,58.523957020737264,0.022445654481427994,0.02621553591285535,0.010987178868639638,0.6252893466071223,0.6961143695014662,0.0,0.0,371.86726373352747,47.51243068430725,87.22328225203667,5000,5000,5000,0.0025,global_median,1,0,371.86726373352747,47.51243068430725,0.23388963332927265,0.11819787928263278,0.1244787834191807,0.0161723422433784,0.1559264222195151,"{""epochs"": 5000, ""print_every"": 500, ""lr_init"": 0.02, ""lr_milestones"": [700, 2000, 4000], ""lr_factor"": 0.5, ""lr_min"": 0.0001, ""sched_patience_blocks"": 7, ""weight_decay"": 0.0, ""clip_grad_norm"": 5.0, ""h_central_diff"": 1e-05, ""beta1"": 0.9, ""beta2"": 0.999, ""adam_eps"": 1e-08, ""seed_hyb"": 42, ""init_strategy"": ""global_median"", ""n_restarts"": 1, ""restart_jitter_scale"": 0.03, ""max_distance_factor"": 1.5, ""normalize_objective_by_triplets"": true, ""convergence_rel_tol"": 1e-07, ""convergence_patience_checks"": 5, ""early_stop"": false}",observed_median,all missing entries initialized by the global observed median,0.02,"(700, 2000, 4000)",5.0,1e-05
Hyb-Adam-UM,30,0.3,0.3047619047619048,3,57,105,32,73,32,True,True,True,True,,missing_p30_rep03_seed57.csv,,hyb_adam_um_outputs/logs/InitSensitivity_observed_median_p30_rep03_seed57.log,hyb_adam_um_outputs/logs/epoch_logs/InitSensitivity_observed_median_p30_rep03_seed57_epochs.csv,22.594214027980343,31.20140260254819,0.013751762714035698,0.06857451121439162,0.5331389774531539,58.523957020737264,0.022445654481427994,0.00477042647293134,0.002396950823038584,0.995168813740554,0.93841642228739,0.0,0.0,213.99198034409827,31.20140260254819,85.41935891598533,5000,5000,5000,0.0025,global_median,1,0,213.99198034409827,31.20140260254819,0.23388963332927265,0.11949106526353737,0.1241590214067278,0.0346280688897031,0.1559264222195151,"{""epochs"": 5000, ""print_every"": 500, ""lr_init"": 0.02, ""lr_milestones"": [700, 2000, 4000], ""lr_factor"": 0.5, ""lr_min"": 0.0001, ""sched_patience_blocks"": 7, ""weight_decay"": 0.0, ""clip_grad_norm"": 5.0, ""h_central_diff"": 1e-05, ""beta1"": 0.9, ""beta2"": 0.999, ""adam_eps"": 1e-08, ""seed_hyb"": 42, ""init_strategy"": ""global_median"", ""n_restarts"": 1, ""restart_jitter_scale"": 0.03, ""max_distance_factor"": 1.5, ""normalize_objective_by_triplets"": true, ""convergence_rel_tol"": 1e-07, ""convergence_patience_checks"": 5, ""early_stop"": false}",observed_median,all missing entries initialized by the global observed median,0.02,"(700, 2000, 4000)",5.0,1e-05
Hyb-Adam-UM,30,0.3,0.3047619047619048,4,58,105,32,73,32,True,True,True,True,,missing_p30_rep04_seed58.csv,,hyb_adam_um_outputs/logs/InitSensitivity_observed_median_p30_rep04_seed58.log,hyb_adam_um_outputs/logs/epoch_logs/InitSensitivity_observed_median_p30_rep04_seed58_epochs.csv,22.848183611000422,34.82138895188247,0.015183643958527565,0.07653052516897246,0.5949937551137208,58.523957020737264,0.022445654481427994,0.004836374718252378,0.0022859543343478053,0.9946128062504169,0.94391495601173,0.0,0.0,219.22165347561588,34.82138895188247,84.11589895440888,4500,5000,4500,0.0025,global_median,1,0,219.22165347561588,34.82138895188247,0.23388963332927265,0.12073653795899733,0.1247028707259096,0.0346280688897031,0.1559264222195151,"{""epochs"": 5000, ""print_every"": 500, ""lr_init"": 0.02, ""lr_milestones"": [700, 2000, 4000], ""lr_factor"": 0.5, ""lr_min"": 0.0001, ""sched_patience_blocks"": 7, ""weight_decay"": 0.0, ""clip_grad_norm"": 5.0, ""h_central_diff"": 1e-05, ""beta1"": 0.9, ""beta2"": 0.999, ""adam_eps"": 1e-08, ""seed_hyb"": 42, ""init_strategy"": ""global_median"", ""n_restarts"": 1, ""restart_jitter_scale"": 0.03, ""max_distance_factor"": 1.5, ""normalize_objective_by_triplets"": true, ""convergence_rel_tol"": 1e-07, ""convergence_patience_checks"": 5, ""early_stop"": false}",observed_median,all missing entries initialized by the global observed median,0.02,"(700, 2000, 4000)",5.0,1e-05
Hyb-Adam-UM,30,0.3,0.3047619047619048,5,59,105,32,73,32,True,True,True,True,,missing_p30_rep05_seed59.csv,,hyb_adam_um_outputs/logs/InitSensitivity_observed_median_p30_rep05_seed59.log,hyb_adam_um_outputs/logs/epoch_logs/InitSensitivity_observed_median_p30_rep05_seed59_epochs.csv,22.89936430202215,55.635543162101655,0.019772191679405925,0.12227591903758606,0.9506456158182855,58.523957020737264,0.022445654481427994,0.017229851572610314,0.005742585120020667,0.8426860306243432,0.9182551319648092,0.0,0.0,243.05891586349162,55.635543162101655,77.1102644128685,4500,5000,4500,0.0025,global_median,1,0,243.05891586349162,55.635543162101655,0.23388963332927265,0.11612684359200375,0.1233794162826421,0.0161723422433784,0.1559264222195151,"{""epochs"": 5000, ""print_every"": 500, ""lr_init"": 0.02, ""lr_milestones"": [700, 2000, 4000], ""lr_factor"": 0.5, ""lr_min"": 0.0001, ""sched_patience_blocks"": 7, ""weight_decay"": 0.0, ""clip_grad_norm"": 5.0, ""h_central_diff"": 1e-05, ""beta1"": 0.9, ""beta2"": 0.999, ""adam_eps"": 1e-08, ""seed_hyb"": 42, ""init_strategy"": ""global_median"", ""n_restarts"": 1, ""restart_jitter_scale"": 0.03, ""max_distance_factor"": 1.5, ""normalize_objective_by_triplets"": true, ""convergence_rel_tol"": 1e-07, ""convergence_patience_checks"": 5, ""early_stop"": false}",observed_median,all missing entries initialized by the global observed median,0.02,"(700, 2000, 4000)",5.0,1e-05
Hyb-Adam-UM,50,0.5,0.49523809523809526,1,55,105,52,53,52,True,True,True,True,,missing_p50_rep01_seed55.csv,,hyb_adam_um_outputs/logs/InitSensitivity_observed_median_p50_rep01_seed55.log,hyb_adam_um_outputs/logs/epoch_logs/InitSensitivity_observed_median_p50_rep01_seed55_epochs.csv,36.89016806599102,38.41121846789855,0.013996264353192806,0.08442026036900781,0.6563332423726577,58.523957020737264,0.022445654481427994,0.03308684972676687,0.014749412769667743,0.6104641492619336,0.7360198070519934,0.0,0.0,226.47220375336,38.41121846789855,83.03932322320209,4500,5000,4500,0.0025,global_median,1,0,226.47220375336,38.41121846789855,0.23388963332927265,0.11899061308824704,0.1231648135634867,0.0346280688897031,0.1559264222195151,"{""epochs"": 5000, ""print_every"": 500, ""lr_init"": 0.02, ""lr_milestones"": [700, 2000, 4000], ""lr_factor"": 0.5, ""lr_min"": 0.0001, ""sched_patience_blocks"": 7, ""weight_decay"": 0.0, ""clip_grad_norm"": 5.0, ""h_central_diff"": 1e-05, ""beta1"": 0.9, ""beta2"": 0.999, ""adam_eps"": 1e-08, ""seed_hyb"": 42, ""init_strategy"": ""global_median"", ""n_restarts"": 1, ""restart_jitter_scale"": 0.03, ""max_distance_factor"": 1.5, ""normalize_objective_by_triplets"": true, ""convergence_rel_tol"": 1e-07, ""convergence_patience_checks"": 5, ""early_stop"": false}",observed_median,all missing entries initialized by the global observed median,0.02,"(700, 2000, 4000)",5.0,1e-05
Hyb-Adam-UM,50,0.5,0.49523809523809526,2,56,105,52,53,52,True,True,True,True,,missing_p50_rep02_seed56.csv,,hyb_adam_um_outputs/logs/InitSensitivity_observed_median_p50_rep02_seed56.log,hyb_adam_um_outputs/logs/epoch_logs/InitSensitivity_observed_median_p50_rep02_seed56_epochs.csv,36.91323279601056,26.960793919286985,0.011560415453015966,0.05925449213030107,0.4606796138158216,58.523957020737264,0.022445654481427994,0.01855360118477413,0.0067255884378758755,0.8866439691674668,0.7403739434816016,0.0,0.0,307.75615605987457,26.960793919286985,91.23955983059469,5000,5000,5000,0.0025,global_median,1,0,307.75615605987457,26.960793919286985,0.23388963332927265,0.12265998289748507,0.1244840980820587,0.0161723422433784,0.1559264222195151,"{""epochs"": 5000, ""print_every"": 500, ""lr_init"": 0.02, ""lr_milestones"": [700, 2000, 4000], ""lr_factor"": 0.5, ""lr_min"": 0.0001, ""sched_patience_blocks"": 7, ""weight_decay"": 0.0, ""clip_grad_norm"": 5.0, ""h_central_diff"": 1e-05, ""beta1"": 0.9, ""beta2"": 0.999, ""adam_eps"": 1e-08, ""seed_hyb"": 42, ""init_strategy"": ""global_median"", ""n_restarts"": 1, ""restart_jitter_scale"": 0.03, ""max_distance_factor"": 1.5, ""normalize_objective_by_triplets"": true, ""convergence_rel_tol"": 1e-07, ""convergence_patience_checks"": 5, ""early_stop"": false}",observed_median,all missing entries initialized by the global observed median,0.02,"(700, 2000, 4000)",5.0,1e-05
Hyb-Adam-UM,50,0.5,0.49523809523809526,3,57,105,52,53,52,True,True,True,True,,missing_p50_rep03_seed57.csv,,hyb_adam_um_outputs/logs/InitSensitivity_observed_median_p50_rep03_seed57.log,hyb_adam_um_outputs/logs/epoch_logs/InitSensitivity_observed_median_p50_rep03_seed57_epochs.csv,37.07457588901161,20.685784905940025,0.009232307977823461,0.045463263529538514,0.3534584118878063,58.523957020737264,0.022445654481427994,0.00706330507079939,0.003901456239215567,0.9958077347439585,0.9447622300008537,0.0,0.0,142.8484195597147,20.685784905940025,85.519066315401,5000,5000,5000,0.0025,global_median,1,0,142.8484195597147,20.685784905940025,0.23388963332927265,0.12047078444934654,0.1240295861605232,0.0382707733757883,0.1559264222195151,"{""epochs"": 5000, ""print_every"": 500, ""lr_init"": 0.02, ""lr_milestones"": [700, 2000, 4000], ""lr_factor"": 0.5, ""lr_min"": 0.0001, ""sched_patience_blocks"": 7, ""weight_decay"": 0.0, ""clip_grad_norm"": 5.0, ""h_central_diff"": 1e-05, ""beta1"": 0.9, ""beta2"": 0.999, ""adam_eps"": 1e-08, ""seed_hyb"": 42, ""init_strategy"": ""global_median"", ""n_restarts"": 1, ""restart_jitter_scale"": 0.03, ""max_distance_factor"": 1.5, ""normalize_objective_by_triplets"": true, ""convergence_rel_tol"": 1e-07, ""convergence_patience_checks"": 5, ""early_stop"": false}",observed_median,all missing entries initialized by the global observed median,0.02,"(700, 2000, 4000)",5.0,1e-05
Hyb-Adam-UM,50,0.5,0.49523809523809526,4,58,105,52,53,52,True,True,True,True,,missing_p50_rep04_seed58.csv,,hyb_adam_um_outputs/logs/InitSensitivity_observed_median_p50_rep04_seed58.log,hyb_adam_um_outputs/logs/epoch_logs/InitSensitivity_observed_median_p50_rep04_seed58_epochs.csv,36.998229897988494,33.752689540823766,0.01271905782014769,0.07418173525455773,0.5767328673429226,58.523957020737264,0.022445654481427994,0.026598036667454607,0.011007922152575973,0.738927297602808,0.6994792111329292,0.0,0.0,175.096721652037,33.752689540823766,80.7234029156187,4500,5000,4500,0.0025,global_median,1,0,175.096721652037,33.752689540823766,0.23388963332927265,0.11861477645295795,0.1240295861605232,0.0346280688897031,0.1559264222195151,"{""epochs"": 5000, ""print_every"": 500, ""lr_init"": 0.02, ""lr_milestones"": [700, 2000, 4000], ""lr_factor"": 0.5, ""lr_min"": 0.0001, ""sched_patience_blocks"": 7, ""weight_decay"": 0.0, ""clip_grad_norm"": 5.0, ""h_central_diff"": 1e-05, ""beta1"": 0.9, ""beta2"": 0.999, ""adam_eps"": 1e-08, ""seed_hyb"": 42, ""init_strategy"": ""global_median"", ""n_restarts"": 1, ""restart_jitter_scale"": 0.03, ""max_distance_factor"": 1.5, ""normalize_objective_by_triplets"": true, ""convergence_rel_tol"": 1e-07, ""convergence_patience_checks"": 5, ""early_stop"": false}",observed_median,all missing entries initialized by the global observed median,0.02,"(700, 2000, 4000)",5.0,1e-05
Hyb-Adam-UM,50,0.5,0.49523809523809526,5,59,105,52,53,52,True,True,True,True,,missing_p50_rep05_seed59.csv,,hyb_adam_um_outputs/logs/InitSensitivity_observed_median_p50_rep05_seed59.log,hyb_adam_um_outputs/logs/epoch_logs/InitSensitivity_observed_median_p50_rep05_seed59_epochs.csv,36.870075446000556,41.991781254330164,0.014818198348871707,0.09228962913039597,0.717514388841665,58.523957020737264,0.022445654481427994,0.026854287919935146,0.010407527325654541,0.7156445516643427,0.8963544779305046,0.0,0.0,259.01233302159005,41.991781254330164,83.78772903804935,5000,5000,5000,0.0025,global_median,1,0,259.01233302159005,41.991781254330164,0.23388963332927265,0.1152604101989678,0.1231648135634867,0.0346280688897031,0.1559264222195151,"{""epochs"": 5000, ""print_every"": 500, ""lr_init"": 0.02, ""lr_milestones"": [700, 2000, 4000], ""lr_factor"": 0.5, ""lr_min"": 0.0001, ""sched_patience_blocks"": 7, ""weight_decay"": 0.0, ""clip_grad_norm"": 5.0, ""h_central_diff"": 1e-05, ""beta1"": 0.9, ""beta2"": 0.999, ""adam_eps"": 1e-08, ""seed_hyb"": 42, ""init_strategy"": ""global_median"", ""n_restarts"": 1, ""restart_jitter_scale"": 0.03, ""max_distance_factor"": 1.5, ""normalize_objective_by_triplets"": true, ""convergence_rel_tol"": 1e-07, ""convergence_patience_checks"": 5, ""early_stop"": false}",observed_median,all missing entries initialized by the global observed median,0.02,"(700, 2000, 4000)",5.0,1e-05
Hyb-Adam-UM,65,0.65,0.6476190476190476,1,55,105,68,37,68,True,True,True,True,,missing_p65_rep01_seed55.csv,,hyb_adam_um_outputs/logs/InitSensitivity_observed_median_p65_rep01_seed55.log,hyb_adam_um_outputs/logs/epoch_logs/InitSensitivity_observed_median_p65_rep01_seed55_epochs.csv,48.2146936780191,18.187269677763034,0.008061460600329803,0.039972021269808866,0.3107662332422019,58.523957020737264,0.022445654481427994,0.01674405092785515,0.005872908701094889,0.9067212425186832,0.7831812802992708,0.0,0.0,138.9659223976287,18.187269677763034,86.91242474128076,5000,5000,5000,0.0025,global_median,1,0,138.9659223976287,18.187269677763034,0.23388963332927265,0.11873638961731445,0.1221583964800782,0.0346280688897031,0.1559264222195151,"{""epochs"": 5000, ""print_every"": 500, ""lr_init"": 0.02, ""lr_milestones"": [700, 2000, 4000], ""lr_factor"": 0.5, ""lr_min"": 0.0001, ""sched_patience_blocks"": 7, ""weight_decay"": 0.0, ""clip_grad_norm"": 5.0, ""h_central_diff"": 1e-05, ""beta1"": 0.9, ""beta2"": 0.999, ""adam_eps"": 1e-08, ""seed_hyb"": 42, ""init_strategy"": ""global_median"", ""n_restarts"": 1, ""restart_jitter_scale"": 0.03, ""max_distance_factor"": 1.5, ""normalize_objective_by_triplets"": true, ""convergence_rel_tol"": 1e-07, ""convergence_patience_checks"": 5, ""early_stop"": false}",observed_median,all missing entries initialized by the global observed median,0.02,"(700, 2000, 4000)",5.0,1e-05
Hyb-Adam-UM,65,0.65,0.6476190476190476,2,56,105,68,37,68,True,True,True,True,,missing_p65_rep02_seed56.csv,,hyb_adam_um_outputs/logs/InitSensitivity_observed_median_p65_rep02_seed56.log,hyb_adam_um_outputs/logs/epoch_logs/InitSensitivity_observed_median_p65_rep02_seed56_epochs.csv,48.3979284450179,20.42124695925154,0.00787669396548171,0.044881861448904485,0.3489382468108832,58.523957020737264,0.022445654481427994,0.03132764470829339,0.014557883739204932,0.6735200657702028,0.7383669885864792,0.0,0.0,143.4398621334421,20.42124695925154,85.76319953497052,4500,5000,4500,0.0025,global_median,1,0,143.4398621334421,20.42124695925154,0.23357819329771726,0.12451406584640105,0.1256247714250883,0.0161723422433784,0.1557187955318115,"{""epochs"": 5000, ""print_every"": 500, ""lr_init"": 0.02, ""lr_milestones"": [700, 2000, 4000], ""lr_factor"": 0.5, ""lr_min"": 0.0001, ""sched_patience_blocks"": 7, ""weight_decay"": 0.0, ""clip_grad_norm"": 5.0, ""h_central_diff"": 1e-05, ""beta1"": 0.9, ""beta2"": 0.999, ""adam_eps"": 1e-08, ""seed_hyb"": 42, ""init_strategy"": ""global_median"", ""n_restarts"": 1, ""restart_jitter_scale"": 0.03, ""max_distance_factor"": 1.5, ""normalize_objective_by_triplets"": true, ""convergence_rel_tol"": 1e-07, ""convergence_patience_checks"": 5, ""early_stop"": false}",observed_median,all missing entries initialized by the global observed median,0.02,"(700, 2000, 4000)",5.0,1e-05
Hyb-Adam-UM,65,0.65,0.6476190476190476,3,57,105,68,37,68,True,True,True,True,,missing_p65_rep03_seed57.csv,,hyb_adam_um_outputs/logs/InitSensitivity_observed_median_p65_rep03_seed57.log,hyb_adam_um_outputs/logs/epoch_logs/InitSensitivity_observed_median_p65_rep03_seed57_epochs.csv,48.35119318400393,14.664635903026923,0.006585748176314997,0.03222996901764159,0.25057492093076833,58.523957020737264,0.022445654481427994,0.009143158053380167,0.0057474580642570775,0.9766718602827159,0.8965530404244759,0.0,0.0,130.9852747464809,14.664635903026923,88.80436298552644,5000,5000,5000,0.0025,global_median,1,0,130.9852747464809,14.664635903026923,0.232323845360199,0.1172884510152092,0.1231648135634867,0.0382707733757883,0.154882563573466,"{""epochs"": 5000, ""print_every"": 500, ""lr_init"": 0.02, ""lr_milestones"": [700, 2000, 4000], ""lr_factor"": 0.5, ""lr_min"": 0.0001, ""sched_patience_blocks"": 7, ""weight_decay"": 0.0, ""clip_grad_norm"": 5.0, ""h_central_diff"": 1e-05, ""beta1"": 0.9, ""beta2"": 0.999, ""adam_eps"": 1e-08, ""seed_hyb"": 42, ""init_strategy"": ""global_median"", ""n_restarts"": 1, ""restart_jitter_scale"": 0.03, ""max_distance_factor"": 1.5, ""normalize_objective_by_triplets"": true, ""convergence_rel_tol"": 1e-07, ""convergence_patience_checks"": 5, ""early_stop"": false}",observed_median,all missing entries initialized by the global observed median,0.02,"(700, 2000, 4000)",5.0,1e-05
Hyb-Adam-UM,65,0.65,0.6476190476190476,4,58,105,68,37,68,True,True,True,True,,missing_p65_rep04_seed58.csv,,hyb_adam_um_outputs/logs/InitSensitivity_observed_median_p65_rep04_seed58.log,hyb_adam_um_outputs/logs/epoch_logs/InitSensitivity_observed_median_p65_rep04_seed58_epochs.csv,48.352250911993906,14.989802708804852,0.00672199210176715,0.032944621338032644,0.25613105251057094,58.523957020737264,0.022445654481427994,0.017137415601977,0.006371306245890466,0.8968990138396903,0.7950146963392755,0.0,0.0,113.98116190681516,14.989802708804852,86.8488770793022,4500,5000,4500,0.0025,global_median,1,0,113.98116190681516,14.989802708804852,0.23388963332927265,0.11967359822654977,0.1247028707259096,0.0346280688897031,0.1559264222195151,"{""epochs"": 5000, ""print_every"": 500, ""lr_init"": 0.02, ""lr_milestones"": [700, 2000, 4000], ""lr_factor"": 0.5, ""lr_min"": 0.0001, ""sched_patience_blocks"": 7, ""weight_decay"": 0.0, ""clip_grad_norm"": 5.0, ""h_central_diff"": 1e-05, ""beta1"": 0.9, ""beta2"": 0.999, ""adam_eps"": 1e-08, ""seed_hyb"": 42, ""init_strategy"": ""global_median"", ""n_restarts"": 1, ""restart_jitter_scale"": 0.03, ""max_distance_factor"": 1.5, ""normalize_objective_by_triplets"": true, ""convergence_rel_tol"": 1e-07, ""convergence_patience_checks"": 5, ""early_stop"": false}",observed_median,all missing entries initialized by the global observed median,0.02,"(700, 2000, 4000)",5.0,1e-05
Hyb-Adam-UM,65,0.65,0.6476190476190476,5,59,105,68,37,68,True,True,True,True,,missing_p65_rep05_seed59.csv,,hyb_adam_um_outputs/logs/InitSensitivity_observed_median_p65_rep05_seed59.log,hyb_adam_um_outputs/logs/epoch_logs/InitSensitivity_observed_median_p65_rep05_seed59_epochs.csv,48.793772047007224,17.90067408425957,0.007867065746189979,0.03934214084452653,0.30586916872207875,58.523957020737264,0.022445654481427994,0.003771369078832303,0.0021879846305472815,0.9951835817534946,0.9188456693514523,0.0,0.0,180.22169934611964,17.90067408425957,90.06741466249247,5000,5000,5000,0.0025,global_median,1,0,180.22169934611964,17.90067408425957,0.23388963332927265,0.11091007067996113,0.1221392581800522,0.0346280688897031,0.1559264222195151,"{""epochs"": 5000, ""print_every"": 500, ""lr_init"": 0.02, ""lr_milestones"": [700, 2000, 4000], ""lr_factor"": 0.5, ""lr_min"": 0.0001, ""sched_patience_blocks"": 7, ""weight_decay"": 0.0, ""clip_grad_norm"": 5.0, ""h_central_diff"": 1e-05, ""beta1"": 0.9, ""beta2"": 0.999, ""adam_eps"": 1e-08, ""seed_hyb"": 42, ""init_strategy"": ""global_median"", ""n_restarts"": 1, ""restart_jitter_scale"": 0.03, ""max_distance_factor"": 1.5, ""normalize_objective_by_triplets"": true, ""convergence_rel_tol"": 1e-07, ""convergence_patience_checks"": 5, ""early_stop"": false}",observed_median,all missing entries initialized by the global observed median,0.02,"(700, 2000, 4000)",5.0,1e-05
Hyb-Adam-UM,85,0.85,0.8476190476190476,1,55,105,89,16,89,True,True,True,True,,missing_p85_rep01_seed55.csv,,hyb_adam_um_outputs/logs/InitSensitivity_observed_median_p85_rep01_seed55.log,hyb_adam_um_outputs/logs/epoch_logs/InitSensitivity_observed_median_p85_rep01_seed55_epochs.csv,61.912760239996715,3.281403451687215,0.0015153126859157315,0.007211875717993878,0.05606940505619756,58.523957020737264,0.022445654481427994,0.04823355529409503,0.02966498326107993,0.0563011452108545,0.10878447395301329,0.0,0.0,44.83219839912607,3.281403451687215,92.68069920980905,4500,5000,4500,0.0025,global_median,1,0,44.83219839912607,3.281403451687215,0.23388963332927265,0.11924591938909773,0.1243662284432164,0.038749233599019,0.1559264222195151,"{""epochs"": 5000, ""print_every"": 500, ""lr_init"": 0.02, ""lr_milestones"": [700, 2000, 4000], ""lr_factor"": 0.5, ""lr_min"": 0.0001, ""sched_patience_blocks"": 7, ""weight_decay"": 0.0, ""clip_grad_norm"": 5.0, ""h_central_diff"": 1e-05, ""beta1"": 0.9, ""beta2"": 0.999, ""adam_eps"": 1e-08, ""seed_hyb"": 42, ""init_strategy"": ""global_median"", ""n_restarts"": 1, ""restart_jitter_scale"": 0.03, ""max_distance_factor"": 1.5, ""normalize_objective_by_triplets"": true, ""convergence_rel_tol"": 1e-07, ""convergence_patience_checks"": 5, ""early_stop"": false}",observed_median,all missing entries initialized by the global observed median,0.02,"(700, 2000, 4000)",5.0,1e-05
Hyb-Adam-UM,85,0.85,0.8476190476190476,2,56,105,89,16,89,True,True,True,True,,missing_p85_rep02_seed56.csv,,hyb_adam_um_outputs/logs/InitSensitivity_observed_median_p85_rep02_seed56.log,hyb_adam_um_outputs/logs/epoch_logs/InitSensitivity_observed_median_p85_rep02_seed56_epochs.csv,61.54586352800834,2.793152637183863,0.0013050394291985357,0.006138797004799699,0.04772665382476005,58.523957020737264,0.022445654481427994,0.04337416762361476,0.026334284949488706,0.5544570734398986,0.6655941436840315,0.0,0.0,25.870902318057635,2.793152637183863,89.20349741634536,4500,5000,4500,0.0025,global_median,1,0,25.870902318057635,2.793152637183863,0.22972232371209345,0.1302185178254612,0.13221931105635548,0.0384922830965996,0.1531482158080623,"{""epochs"": 5000, ""print_every"": 500, ""lr_init"": 0.02, ""lr_milestones"": [700, 2000, 4000], ""lr_factor"": 0.5, ""lr_min"": 0.0001, ""sched_patience_blocks"": 7, ""weight_decay"": 0.0, ""clip_grad_norm"": 5.0, ""h_central_diff"": 1e-05, ""beta1"": 0.9, ""beta2"": 0.999, ""adam_eps"": 1e-08, ""seed_hyb"": 42, ""init_strategy"": ""global_median"", ""n_restarts"": 1, ""restart_jitter_scale"": 0.03, ""max_distance_factor"": 1.5, ""normalize_objective_by_triplets"": true, ""convergence_rel_tol"": 1e-07, ""convergence_patience_checks"": 5, ""early_stop"": false}",observed_median,all missing entries initialized by the global observed median,0.02,"(700, 2000, 4000)",5.0,1e-05
Hyb-Adam-UM,85,0.85,0.8476190476190476,3,57,105,89,16,89,True,True,True,True,,missing_p85_rep03_seed57.csv,,hyb_adam_um_outputs/logs/InitSensitivity_observed_median_p85_rep03_seed57.log,hyb_adam_um_outputs/logs/epoch_logs/InitSensitivity_observed_median_p85_rep03_seed57_epochs.csv,62.2281641959853,4.426468849472633,0.0016646319468367164,0.009728502965873919,0.07563515993807744,58.523957020737264,0.022445654481427994,0.04721431890135126,0.02967318727875449,0.15704708265184564,0.11453864487572354,0.0,0.0,36.02826401424281,4.426468849472633,87.71389915505574,4500,5000,4500,0.0025,global_median,1,0,36.02826401424281,4.426468849472633,0.23006806028196403,0.12470114249399461,0.13795746474355286,0.0382707733757883,0.1533787068546427,"{""epochs"": 5000, ""print_every"": 500, ""lr_init"": 0.02, ""lr_milestones"": [700, 2000, 4000], ""lr_factor"": 0.5, ""lr_min"": 0.0001, ""sched_patience_blocks"": 7, ""weight_decay"": 0.0, ""clip_grad_norm"": 5.0, ""h_central_diff"": 1e-05, ""beta1"": 0.9, ""beta2"": 0.999, ""adam_eps"": 1e-08, ""seed_hyb"": 42, ""init_strategy"": ""global_median"", ""n_restarts"": 1, ""restart_jitter_scale"": 0.03, ""max_distance_factor"": 1.5, ""normalize_objective_by_triplets"": true, ""convergence_rel_tol"": 1e-07, ""convergence_patience_checks"": 5, ""early_stop"": false}",observed_median,all missing entries initialized by the global observed median,0.02,"(700, 2000, 4000)",5.0,1e-05
Hyb-Adam-UM,85,0.85,0.8476190476190476,4,58,105,89,16,89,True,True,True,True,,missing_p85_rep04_seed58.csv,,hyb_adam_um_outputs/logs/InitSensitivity_observed_median_p85_rep04_seed58.log,hyb_adam_um_outputs/logs/epoch_logs/InitSensitivity_observed_median_p85_rep04_seed58_epochs.csv,62.237752480985364,4.3836629006992025,0.0020549091593599226,0.009634423957580665,0.07490373385288872,58.523957020737264,0.022445654481427994,0.032225376293129486,0.016765294131879663,0.5358537697408287,0.4789070480081717,0.0,0.0,47.08186724183149,4.3836629006992025,90.68927560119283,5000,5000,5000,0.0025,global_median,1,0,47.08186724183149,4.3836629006992025,0.23064958828911242,0.11209005267518451,0.1206759550676425,0.0384922830965996,0.1537663921927416,"{""epochs"": 5000, ""print_every"": 500, ""lr_init"": 0.02, ""lr_milestones"": [700, 2000, 4000], ""lr_factor"": 0.5, ""lr_min"": 0.0001, ""sched_patience_blocks"": 7, ""weight_decay"": 0.0, ""clip_grad_norm"": 5.0, ""h_central_diff"": 1e-05, ""beta1"": 0.9, ""beta2"": 0.999, ""adam_eps"": 1e-08, ""seed_hyb"": 42, ""init_strategy"": ""global_median"", ""n_restarts"": 1, ""restart_jitter_scale"": 0.03, ""max_distance_factor"": 1.5, ""normalize_objective_by_triplets"": true, ""convergence_rel_tol"": 1e-07, ""convergence_patience_checks"": 5, ""early_stop"": false}",observed_median,all missing entries initialized by the global observed median,0.02,"(700, 2000, 4000)",5.0,1e-05
Hyb-Adam-UM,85,0.85,0.8476190476190476,5,59,105,89,16,89,True,True,True,True,,missing_p85_rep05_seed59.csv,,hyb_adam_um_outputs/logs/InitSensitivity_observed_median_p85_rep05_seed59.log,hyb_adam_um_outputs/logs/epoch_logs/InitSensitivity_observed_median_p85_rep05_seed59_epochs.csv,61.95698491099756,8.674535095195186,0.0032234315357360017,0.019064912297132277,0.14822195109126793,58.523957020737264,0.022445654481427994,0.0324910585360591,0.017305058812340478,0.6476447560947282,0.6962376574736125,0.0,0.0,85.58929581224405,8.674535095195186,89.86492993910784,5000,5000,5000,0.0025,global_median,1,0,85.58929581224405,8.674535095195186,0.22820919175911242,0.11340612260593529,0.12388201480257025,0.0346280688897031,0.1521394611727416,"{""epochs"": 5000, ""print_every"": 500, ""lr_init"": 0.02, ""lr_milestones"": [700, 2000, 4000], ""lr_factor"": 0.5, ""lr_min"": 0.0001, ""sched_patience_blocks"": 7, ""weight_decay"": 0.0, ""clip_grad_norm"": 5.0, ""h_central_diff"": 1e-05, ""beta1"": 0.9, ""beta2"": 0.999, ""adam_eps"": 1e-08, ""seed_hyb"": 42, ""init_strategy"": ""global_median"", ""n_restarts"": 1, ""restart_jitter_scale"": 0.03, ""max_distance_factor"": 1.5, ""normalize_objective_by_triplets"": true, ""convergence_rel_tol"": 1e-07, ""convergence_patience_checks"": 5, ""early_stop"": false}",observed_median,all missing entries initialized by the global observed median,0.02,"(700, 2000, 4000)",5.0,1e-05
Hyb-Adam-UM,30,0.3,0.3047619047619048,1,55,105,32,73,32,True,True,True,True,,missing_p30_rep01_seed55.csv,,hyb_adam_um_outputs/logs/InitSensitivity_two_way_mean_p30_rep01_seed55.log,hyb_adam_um_outputs/logs/epoch_logs/InitSensitivity_two_way_mean_p30_rep01_seed55_epochs.csv,22.66682251499151,36.01283652978172,0.015537126839108153,0.07914909127424555,0.6153520432157553,58.523957020737264,0.022445654481427994,0.019687312440971737,0.006893833221629539,0.8902836356623505,0.7606304985337242,0.0,0.0,287.00395360600623,36.01283652978172,87.4521461891708,5000,5000,5000,0.0025,two_way_mean,1,0,287.00395360600623,36.01283652978172,0.23388963332927265,0.12301973142091559,0.1244787834191807,0.0346280688897031,0.1559264222195151,"{""epochs"": 5000, ""print_every"": 500, ""lr_init"": 0.02, ""lr_milestones"": [700, 2000, 4000], ""lr_factor"": 0.5, ""lr_min"": 0.0001, ""sched_patience_blocks"": 7, ""weight_decay"": 0.0, ""clip_grad_norm"": 5.0, ""h_central_diff"": 1e-05, ""beta1"": 0.9, ""beta2"": 0.999, ""adam_eps"": 1e-08, ""seed_hyb"": 42, ""init_strategy"": ""two_way_mean"", ""n_restarts"": 1, ""restart_jitter_scale"": 0.03, ""max_distance_factor"": 1.5, ""normalize_objective_by_triplets"": true, ""convergence_rel_tol"": 1e-07, ""convergence_patience_checks"": 5, ""early_stop"": false}",two_way_mean,missing entries initialized by shrunk row/column observed means,0.02,"(700, 2000, 4000)",5.0,1e-05
Hyb-Adam-UM,30,0.3,0.3047619047619048,2,56,105,32,73,32,True,True,True,True,,missing_p30_rep02_seed56.csv,,hyb_adam_um_outputs/logs/InitSensitivity_two_way_mean_p30_rep02_seed56.log,hyb_adam_um_outputs/logs/epoch_logs/InitSensitivity_two_way_mean_p30_rep02_seed56_epochs.csv,22.529986889014253,47.63655880431208,0.01792456374043679,0.10469573363585073,0.813966813409979,58.523957020737264,0.022445654481427994,0.026305709748714035,0.010959730284972338,0.6248573128636252,0.6748533724340176,0.0,0.0,412.9181304266672,47.63655880431208,88.46343735134872,5000,5000,5000,0.0025,two_way_mean,1,0,412.9181304266672,47.63655880431208,0.23388963332927265,0.11819787928263278,0.1244787834191807,0.0161723422433784,0.1559264222195151,"{""epochs"": 5000, ""print_every"": 500, ""lr_init"": 0.02, ""lr_milestones"": [700, 2000, 4000], ""lr_factor"": 0.5, ""lr_min"": 0.0001, ""sched_patience_blocks"": 7, ""weight_decay"": 0.0, ""clip_grad_norm"": 5.0, ""h_central_diff"": 1e-05, ""beta1"": 0.9, ""beta2"": 0.999, ""adam_eps"": 1e-08, ""seed_hyb"": 42, ""init_strategy"": ""two_way_mean"", ""n_restarts"": 1, ""restart_jitter_scale"": 0.03, ""max_distance_factor"": 1.5, ""normalize_objective_by_triplets"": true, ""convergence_rel_tol"": 1e-07, ""convergence_patience_checks"": 5, ""early_stop"": false}",two_way_mean,missing entries initialized by shrunk row/column observed means,0.02,"(700, 2000, 4000)",5.0,1e-05
Hyb-Adam-UM,30,0.3,0.3047619047619048,3,57,105,32,73,32,True,True,True,True,,missing_p30_rep03_seed57.csv,,hyb_adam_um_outputs/logs/InitSensitivity_two_way_mean_p30_rep03_seed57.log,hyb_adam_um_outputs/logs/epoch_logs/InitSensitivity_two_way_mean_p30_rep03_seed57_epochs.csv,22.66636880201986,30.726670522340655,0.01352981939303228,0.06753114400514429,0.5250272210994384,58.523957020737264,0.022445654481427994,0.004764353802043404,0.00240030470399768,0.9951389756530451,0.9244868035190615,0.0,0.0,270.3699447271516,30.726670522340655,88.6353231483074,4500,5000,4500,0.0025,two_way_mean,1,0,270.3699447271516,30.726670522340655,0.23388963332927265,0.11949106526353737,0.1241590214067278,0.0346280688897031,0.1559264222195151,"{""epochs"": 5000, ""print_every"": 500, ""lr_init"": 0.02, ""lr_milestones"": [700, 2000, 4000], ""lr_factor"": 0.5, ""lr_min"": 0.0001, ""sched_patience_blocks"": 7, ""weight_decay"": 0.0, ""clip_grad_norm"": 5.0, ""h_central_diff"": 1e-05, ""beta1"": 0.9, ""beta2"": 0.999, ""adam_eps"": 1e-08, ""seed_hyb"": 42, ""init_strategy"": ""two_way_mean"", ""n_restarts"": 1, ""restart_jitter_scale"": 0.03, ""max_distance_factor"": 1.5, ""normalize_objective_by_triplets"": true, ""convergence_rel_tol"": 1e-07, ""convergence_patience_checks"": 5, ""early_stop"": false}",two_way_mean,missing entries initialized by shrunk row/column observed means,0.02,"(700, 2000, 4000)",5.0,1e-05
Hyb-Adam-UM,30,0.3,0.3047619047619048,4,58,105,32,73,32,True,True,True,True,,missing_p30_rep04_seed58.csv,,hyb_adam_um_outputs/logs/InitSensitivity_two_way_mean_p30_rep04_seed58.log,hyb_adam_um_outputs/logs/epoch_logs/InitSensitivity_two_way_mean_p30_rep04_seed58_epochs.csv,22.568542491993867,34.64675987060251,0.015102142698645543,0.07614672499033519,0.5920098645811979,58.523957020737264,0.022445654481427994,0.004879102195802129,0.00228464454122869,0.994364837014086,0.9450146627565982,0.0,0.0,313.0795039856525,34.64675987060251,88.93355859149749,4500,5000,4500,0.0025,two_way_mean,1,0,313.0795039856525,34.64675987060251,0.23388963332927265,0.12073653795899733,0.1247028707259096,0.0346280688897031,0.1559264222195151,"{""epochs"": 5000, ""print_every"": 500, ""lr_init"": 0.02, ""lr_milestones"": [700, 2000, 4000], ""lr_factor"": 0.5, ""lr_min"": 0.0001, ""sched_patience_blocks"": 7, ""weight_decay"": 0.0, ""clip_grad_norm"": 5.0, ""h_central_diff"": 1e-05, ""beta1"": 0.9, ""beta2"": 0.999, ""adam_eps"": 1e-08, ""seed_hyb"": 42, ""init_strategy"": ""two_way_mean"", ""n_restarts"": 1, ""restart_jitter_scale"": 0.03, ""max_distance_factor"": 1.5, ""normalize_objective_by_triplets"": true, ""convergence_rel_tol"": 1e-07, ""convergence_patience_checks"": 5, ""early_stop"": false}",two_way_mean,missing entries initialized by shrunk row/column observed means,0.02,"(700, 2000, 4000)",5.0,1e-05
Hyb-Adam-UM,30,0.3,0.3047619047619048,5,59,105,32,73,32,True,True,True,True,,missing_p30_rep05_seed59.csv,,hyb_adam_um_outputs/logs/InitSensitivity_two_way_mean_p30_rep05_seed59.log,hyb_adam_um_outputs/logs/epoch_logs/InitSensitivity_two_way_mean_p30_rep05_seed59_epochs.csv,22.451731100998586,60.032344176092565,0.020636358687518914,0.1319392179694342,1.0257738408703434,58.523957020737264,0.022445654481427994,0.021533985634134018,0.008017505820615427,0.7789649859188915,0.9079912023460409,0.0,0.0,438.6539635036499,60.032344176092565,86.3144188424521,5000,5000,5000,0.0025,two_way_mean,1,0,438.6539635036499,60.032344176092565,0.23388963332927265,0.11612684359200375,0.1233794162826421,0.0161723422433784,0.1559264222195151,"{""epochs"": 5000, ""print_every"": 500, ""lr_init"": 0.02, ""lr_milestones"": [700, 2000, 4000], ""lr_factor"": 0.5, ""lr_min"": 0.0001, ""sched_patience_blocks"": 7, ""weight_decay"": 0.0, ""clip_grad_norm"": 5.0, ""h_central_diff"": 1e-05, ""beta1"": 0.9, ""beta2"": 0.999, ""adam_eps"": 1e-08, ""seed_hyb"": 42, ""init_strategy"": ""two_way_mean"", ""n_restarts"": 1, ""restart_jitter_scale"": 0.03, ""max_distance_factor"": 1.5, ""normalize_objective_by_triplets"": true, ""convergence_rel_tol"": 1e-07, ""convergence_patience_checks"": 5, ""early_stop"": false}",two_way_mean,missing entries initialized by shrunk row/column observed means,0.02,"(700, 2000, 4000)",5.0,1e-05
Hyb-Adam-UM,50,0.5,0.49523809523809526,1,55,105,52,53,52,True,True,True,True,,missing_p50_rep01_seed55.csv,,hyb_adam_um_outputs/logs/InitSensitivity_two_way_mean_p50_rep01_seed55.log,hyb_adam_um_outputs/logs/epoch_logs/InitSensitivity_two_way_mean_p50_rep01_seed55_epochs.csv,36.427408160991035,29.22819236820515,0.012677510921257325,0.0642377854246267,0.49942269552703844,58.523957020737264,0.022445654481427994,0.01875577559594917,0.00610176221571533,0.8798632654806522,0.7746094083496968,0.0,0.0,326.3766172306846,29.22819236820515,91.04464265356776,4500,5000,4500,0.0025,two_way_mean,1,0,326.3766172306846,29.22819236820515,0.23388963332927265,0.11899061308824704,0.1231648135634867,0.0346280688897031,0.1559264222195151,"{""epochs"": 5000, ""print_every"": 500, ""lr_init"": 0.02, ""lr_milestones"": [700, 2000, 4000], ""lr_factor"": 0.5, ""lr_min"": 0.0001, ""sched_patience_blocks"": 7, ""weight_decay"": 0.0, ""clip_grad_norm"": 5.0, ""h_central_diff"": 1e-05, ""beta1"": 0.9, ""beta2"": 0.999, ""adam_eps"": 1e-08, ""seed_hyb"": 42, ""init_strategy"": ""two_way_mean"", ""n_restarts"": 1, ""restart_jitter_scale"": 0.03, ""max_distance_factor"": 1.5, ""normalize_objective_by_triplets"": true, ""convergence_rel_tol"": 1e-07, ""convergence_patience_checks"": 5, ""early_stop"": false}",two_way_mean,missing entries initialized by shrunk row/column observed means,0.02,"(700, 2000, 4000)",5.0,1e-05
Hyb-Adam-UM,50,0.5,0.49523809523809526,2,56,105,52,53,52,True,True,True,True,,missing_p50_rep02_seed56.csv,,hyb_adam_um_outputs/logs/InitSensitivity_two_way_mean_p50_rep02_seed56.log,hyb_adam_um_outputs/logs/epoch_logs/InitSensitivity_two_way_mean_p50_rep02_seed56_epochs.csv,36.33445554701029,28.42712725962114,0.012177133862448893,0.06247720276839811,0.4857348803251347,58.523957020737264,0.022445654481427994,0.018566545222333173,0.006705377999478,0.8864645354363534,0.7548023563561853,0.0,0.0,319.2219084645149,28.42712725962114,91.09486958575052,4500,5000,4500,0.0025,two_way_mean,1,0,319.2219084645149,28.42712725962114,0.23388963332927265,0.12265998289748507,0.1244840980820587,0.0161723422433784,0.1559264222195151,"{""epochs"": 5000, ""print_every"": 500, ""lr_init"": 0.02, ""lr_milestones"": [700, 2000, 4000], ""lr_factor"": 0.5, ""lr_min"": 0.0001, ""sched_patience_blocks"": 7, ""weight_decay"": 0.0, ""clip_grad_norm"": 5.0, ""h_central_diff"": 1e-05, ""beta1"": 0.9, ""beta2"": 0.999, ""adam_eps"": 1e-08, ""seed_hyb"": 42, ""init_strategy"": ""two_way_mean"", ""n_restarts"": 1, ""restart_jitter_scale"": 0.03, ""max_distance_factor"": 1.5, ""normalize_objective_by_triplets"": true, ""convergence_rel_tol"": 1e-07, ""convergence_patience_checks"": 5, ""early_stop"": false}",two_way_mean,missing entries initialized by shrunk row/column observed means,0.02,"(700, 2000, 4000)",5.0,1e-05
Hyb-Adam-UM,50,0.5,0.49523809523809526,3,57,105,52,53,52,True,True,True,True,,missing_p50_rep03_seed57.csv,,hyb_adam_um_outputs/logs/InitSensitivity_two_way_mean_p50_rep03_seed57.log,hyb_adam_um_outputs/logs/epoch_logs/InitSensitivity_two_way_mean_p50_rep03_seed57_epochs.csv,36.64975135898567,20.837466893334742,0.009297259734255317,0.04579663053480163,0.35605020497761686,58.523957020737264,0.022445654481427994,0.0071764886733739625,0.003981701022094082,0.9955212163902429,0.9427132246222145,0.0,0.0,312.9348820564668,20.837466893334742,93.34127702338571,4500,5000,4500,0.0025,two_way_mean,1,0,312.9348820564668,20.837466893334742,0.23388963332927265,0.12047078444934654,0.1240295861605232,0.0382707733757883,0.1559264222195151,"{""epochs"": 5000, ""print_every"": 500, ""lr_init"": 0.02, ""lr_milestones"": [700, 2000, 4000], ""lr_factor"": 0.5, ""lr_min"": 0.0001, ""sched_patience_blocks"": 7, ""weight_decay"": 0.0, ""clip_grad_norm"": 5.0, ""h_central_diff"": 1e-05, ""beta1"": 0.9, ""beta2"": 0.999, ""adam_eps"": 1e-08, ""seed_hyb"": 42, ""init_strategy"": ""two_way_mean"", ""n_restarts"": 1, ""restart_jitter_scale"": 0.03, ""max_distance_factor"": 1.5, ""normalize_objective_by_triplets"": true, ""convergence_rel_tol"": 1e-07, ""convergence_patience_checks"": 5, ""early_stop"": false}",two_way_mean,missing entries initialized by shrunk row/column observed means,0.02,"(700, 2000, 4000)",5.0,1e-05
Hyb-Adam-UM,50,0.5,0.49523809523809526,4,58,105,52,53,52,True,True,True,True,,missing_p50_rep04_seed58.csv,,hyb_adam_um_outputs/logs/InitSensitivity_two_way_mean_p50_rep04_seed58.log,hyb_adam_um_outputs/logs/epoch_logs/InitSensitivity_two_way_mean_p50_rep04_seed58_epochs.csv,36.26397080300376,23.63958876838706,0.010425902678458235,0.051955140150301234,0.4039301163455276,58.523957020737264,0.022445654481427994,0.018927313156497358,0.006818908313060561,0.868352776898664,0.7226158968667293,0.0,0.0,305.6745853243475,23.63958876838706,92.26641994351498,5000,5000,5000,0.0025,two_way_mean,1,0,305.6745853243475,23.63958876838706,0.23388963332927265,0.11861477645295795,0.1240295861605232,0.0346280688897031,0.1559264222195151,"{""epochs"": 5000, ""print_every"": 500, ""lr_init"": 0.02, ""lr_milestones"": [700, 2000, 4000], ""lr_factor"": 0.5, ""lr_min"": 0.0001, ""sched_patience_blocks"": 7, ""weight_decay"": 0.0, ""clip_grad_norm"": 5.0, ""h_central_diff"": 1e-05, ""beta1"": 0.9, ""beta2"": 0.999, ""adam_eps"": 1e-08, ""seed_hyb"": 42, ""init_strategy"": ""two_way_mean"", ""n_restarts"": 1, ""restart_jitter_scale"": 0.03, ""max_distance_factor"": 1.5, ""normalize_objective_by_triplets"": true, ""convergence_rel_tol"": 1e-07, ""convergence_patience_checks"": 5, ""early_stop"": false}",two_way_mean,missing entries initialized by shrunk row/column observed means,0.02,"(700, 2000, 4000)",5.0,1e-05
Hyb-Adam-UM,50,0.5,0.49523809523809526,5,59,105,52,53,52,True,True,True,True,,missing_p50_rep05_seed59.csv,,hyb_adam_um_outputs/logs/InitSensitivity_two_way_mean_p50_rep05_seed59.log,hyb_adam_um_outputs/logs/epoch_logs/InitSensitivity_two_way_mean_p50_rep05_seed59_epochs.csv,36.200279254000634,26.54322615813342,0.011545076905203016,0.05833676078710642,0.453544625301535,58.523957020737264,0.022445654481427994,0.003778907830906658,0.0020217979467598754,0.994896356682373,0.9411764705882353,0.0,0.0,427.6227084584374,26.54322615813342,93.79283989528511,5000,5000,5000,0.0025,two_way_mean,1,0,427.6227084584374,26.54322615813342,0.23388963332927265,0.1152604101989678,0.1231648135634867,0.0346280688897031,0.1559264222195151,"{""epochs"": 5000, ""print_every"": 500, ""lr_init"": 0.02, ""lr_milestones"": [700, 2000, 4000], ""lr_factor"": 0.5, ""lr_min"": 0.0001, ""sched_patience_blocks"": 7, ""weight_decay"": 0.0, ""clip_grad_norm"": 5.0, ""h_central_diff"": 1e-05, ""beta1"": 0.9, ""beta2"": 0.999, ""adam_eps"": 1e-08, ""seed_hyb"": 42, ""init_strategy"": ""two_way_mean"", ""n_restarts"": 1, ""restart_jitter_scale"": 0.03, ""max_distance_factor"": 1.5, ""normalize_objective_by_triplets"": true, ""convergence_rel_tol"": 1e-07, ""convergence_patience_checks"": 5, ""early_stop"": false}",two_way_mean,missing entries initialized by shrunk row/column observed means,0.02,"(700, 2000, 4000)",5.0,1e-05
Hyb-Adam-UM,65,0.65,0.6476190476190476,1,55,105,68,37,68,True,True,True,True,,missing_p65_rep01_seed55.csv,,hyb_adam_um_outputs/logs/InitSensitivity_two_way_mean_p65_rep01_seed55.log,hyb_adam_um_outputs/logs/epoch_logs/InitSensitivity_two_way_mean_p65_rep01_seed55_epochs.csv,47.43403156599379,18.62017608421339,0.008249999551640184,0.04092346392134811,0.31816331348913324,58.523957020737264,0.022445654481427994,0.016728885804163977,0.005881430032006528,0.9068092909096779,0.8068481123792801,0.0,0.0,447.899438732207,18.62017608421339,95.84277753575259,4500,5000,4500,0.0025,two_way_mean,1,0,447.899438732207,18.62017608421339,0.23388963332927265,0.11873638961731445,0.1221583964800782,0.0346280688897031,0.1559264222195151,"{""epochs"": 5000, ""print_every"": 500, ""lr_init"": 0.02, ""lr_milestones"": [700, 2000, 4000], ""lr_factor"": 0.5, ""lr_min"": 0.0001, ""sched_patience_blocks"": 7, ""weight_decay"": 0.0, ""clip_grad_norm"": 5.0, ""h_central_diff"": 1e-05, ""beta1"": 0.9, ""beta2"": 0.999, ""adam_eps"": 1e-08, ""seed_hyb"": 42, ""init_strategy"": ""two_way_mean"", ""n_restarts"": 1, ""restart_jitter_scale"": 0.03, ""max_distance_factor"": 1.5, ""normalize_objective_by_triplets"": true, ""convergence_rel_tol"": 1e-07, ""convergence_patience_checks"": 5, ""early_stop"": false}",two_way_mean,missing entries initialized by shrunk row/column observed means,0.02,"(700, 2000, 4000)",5.0,1e-05
Hyb-Adam-UM,65,0.65,0.6476190476190476,2,56,105,68,37,68,True,True,True,True,,missing_p65_rep02_seed56.csv,,hyb_adam_um_outputs/logs/InitSensitivity_two_way_mean_p65_rep02_seed56.log,hyb_adam_um_outputs/logs/epoch_logs/InitSensitivity_two_way_mean_p65_rep02_seed56_epochs.csv,47.44790989300236,20.752274290958667,0.007983539664747904,0.045609394046063005,0.35459451731203595,58.523957020737264,0.022445654481427994,0.03137050007084003,0.014605910153794765,0.6723485642866984,0.7434439057907394,0.0,0.0,239.82517672208144,20.752274290958667,91.34691587655654,4500,5000,4500,0.0025,two_way_mean,1,0,239.82517672208144,20.752274290958667,0.23357819329771726,0.12451406584640105,0.1256247714250883,0.0161723422433784,0.1557187955318115,"{""epochs"": 5000, ""print_every"": 500, ""lr_init"": 0.02, ""lr_milestones"": [700, 2000, 4000], ""lr_factor"": 0.5, ""lr_min"": 0.0001, ""sched_patience_blocks"": 7, ""weight_decay"": 0.0, ""clip_grad_norm"": 5.0, ""h_central_diff"": 1e-05, ""beta1"": 0.9, ""beta2"": 0.999, ""adam_eps"": 1e-08, ""seed_hyb"": 42, ""init_strategy"": ""two_way_mean"", ""n_restarts"": 1, ""restart_jitter_scale"": 0.03, ""max_distance_factor"": 1.5, ""normalize_objective_by_triplets"": true, ""convergence_rel_tol"": 1e-07, ""convergence_patience_checks"": 5, ""early_stop"": false}",two_way_mean,missing entries initialized by shrunk row/column observed means,0.02,"(700, 2000, 4000)",5.0,1e-05
Hyb-Adam-UM,65,0.65,0.6476190476190476,3,57,105,68,37,68,True,True,True,True,,missing_p65_rep03_seed57.csv,,hyb_adam_um_outputs/logs/InitSensitivity_two_way_mean_p65_rep03_seed57.log,hyb_adam_um_outputs/logs/epoch_logs/InitSensitivity_two_way_mean_p65_rep03_seed57_epochs.csv,47.356869168026606,14.300597491055296,0.006417136073390792,0.031429884595725925,0.24435458945450408,58.523957020737264,0.022445654481427994,0.009084332819436531,0.0057288104837344925,0.9771047444835579,0.9021643699660266,0.0,0.0,223.16849247987074,14.300597491055296,93.59201770279235,5000,5000,5000,0.0025,two_way_mean,1,0,223.16849247987074,14.300597491055296,0.232323845360199,0.1172884510152092,0.1231648135634867,0.0382707733757883,0.154882563573466,"{""epochs"": 5000, ""print_every"": 500, ""lr_init"": 0.02, ""lr_milestones"": [700, 2000, 4000], ""lr_factor"": 0.5, ""lr_min"": 0.0001, ""sched_patience_blocks"": 7, ""weight_decay"": 0.0, ""clip_grad_norm"": 5.0, ""h_central_diff"": 1e-05, ""beta1"": 0.9, ""beta2"": 0.999, ""adam_eps"": 1e-08, ""seed_hyb"": 42, ""init_strategy"": ""two_way_mean"", ""n_restarts"": 1, ""restart_jitter_scale"": 0.03, ""max_distance_factor"": 1.5, ""normalize_objective_by_triplets"": true, ""convergence_rel_tol"": 1e-07, ""convergence_patience_checks"": 5, ""early_stop"": false}",two_way_mean,missing entries initialized by shrunk row/column observed means,0.02,"(700, 2000, 4000)",5.0,1e-05
Hyb-Adam-UM,65,0.65,0.6476190476190476,4,58,105,68,37,68,True,True,True,True,,missing_p65_rep04_seed58.csv,,hyb_adam_um_outputs/logs/InitSensitivity_two_way_mean_p65_rep04_seed58.log,hyb_adam_um_outputs/logs/epoch_logs/InitSensitivity_two_way_mean_p65_rep04_seed58_epochs.csv,47.30857288200059,14.906939010629355,0.006680350199405454,0.032762503320064515,0.2547151588766846,58.523957020737264,0.022445654481427994,0.017095210221226145,0.006350533050203868,0.89766513378244,0.8101309310226361,0.0,0.0,295.9244180876337,14.906939010629355,94.96258568084272,5000,5000,5000,0.0025,two_way_mean,1,0,295.9244180876337,14.906939010629355,0.23388963332927265,0.11967359822654977,0.1247028707259096,0.0346280688897031,0.1559264222195151,"{""epochs"": 5000, ""print_every"": 500, ""lr_init"": 0.02, ""lr_milestones"": [700, 2000, 4000], ""lr_factor"": 0.5, ""lr_min"": 0.0001, ""sched_patience_blocks"": 7, ""weight_decay"": 0.0, ""clip_grad_norm"": 5.0, ""h_central_diff"": 1e-05, ""beta1"": 0.9, ""beta2"": 0.999, ""adam_eps"": 1e-08, ""seed_hyb"": 42, ""init_strategy"": ""two_way_mean"", ""n_restarts"": 1, ""restart_jitter_scale"": 0.03, ""max_distance_factor"": 1.5, ""normalize_objective_by_triplets"": true, ""convergence_rel_tol"": 1e-07, ""convergence_patience_checks"": 5, ""early_stop"": false}",two_way_mean,missing entries initialized by shrunk row/column observed means,0.02,"(700, 2000, 4000)",5.0,1e-05
Hyb-Adam-UM,65,0.65,0.6476190476190476,5,59,105,68,37,68,True,True,True,True,,missing_p65_rep05_seed59.csv,,hyb_adam_um_outputs/logs/InitSensitivity_two_way_mean_p65_rep05_seed59.log,hyb_adam_um_outputs/logs/epoch_logs/InitSensitivity_two_way_mean_p65_rep05_seed59_epochs.csv,47.10133960098028,17.76614408195881,0.00782315617745108,0.039046470509799584,0.3035704519375474,58.523957020737264,0.022445654481427994,0.0036904343561934235,0.0021657204285041205,0.9954160854687041,0.9327022178111998,0.0,0.0,480.3278409246078,17.76614408195881,96.30124623886887,5000,5000,5000,0.0025,two_way_mean,1,0,480.3278409246078,17.76614408195881,0.23388963332927265,0.11091007067996113,0.1221392581800522,0.0346280688897031,0.1559264222195151,"{""epochs"": 5000, ""print_every"": 500, ""lr_init"": 0.02, ""lr_milestones"": [700, 2000, 4000], ""lr_factor"": 0.5, ""lr_min"": 0.0001, ""sched_patience_blocks"": 7, ""weight_decay"": 0.0, ""clip_grad_norm"": 5.0, ""h_central_diff"": 1e-05, ""beta1"": 0.9, ""beta2"": 0.999, ""adam_eps"": 1e-08, ""seed_hyb"": 42, ""init_strategy"": ""two_way_mean"", ""n_restarts"": 1, ""restart_jitter_scale"": 0.03, ""max_distance_factor"": 1.5, ""normalize_objective_by_triplets"": true, ""convergence_rel_tol"": 1e-07, ""convergence_patience_checks"": 5, ""early_stop"": false}",two_way_mean,missing entries initialized by shrunk row/column observed means,0.02,"(700, 2000, 4000)",5.0,1e-05
Hyb-Adam-UM,85,0.85,0.8476190476190476,1,55,105,89,16,89,True,True,True,True,,missing_p85_rep01_seed55.csv,,hyb_adam_um_outputs/logs/InitSensitivity_two_way_mean_p85_rep01_seed55.log,hyb_adam_um_outputs/logs/epoch_logs/InitSensitivity_two_way_mean_p85_rep01_seed55_epochs.csv,61.840857839008095,3.7741991664991783,0.0017474800541491732,0.008294943223075116,0.06448981508823534,58.523957020737264,0.022445654481427994,0.04771694834431271,0.029263523085862605,0.04774298299882214,0.11722846441947568,0.0,0.0,156.43192632880238,3.7741991664991783,97.58732168357612,4500,5000,4500,0.0025,two_way_mean,1,0,156.43192632880238,3.7741991664991783,0.23388963332927265,0.11924591938909773,0.1243662284432164,0.038749233599019,0.1559264222195151,"{""epochs"": 5000, ""print_every"": 500, ""lr_init"": 0.02, ""lr_milestones"": [700, 2000, 4000], ""lr_factor"": 0.5, ""lr_min"": 0.0001, ""sched_patience_blocks"": 7, ""weight_decay"": 0.0, ""clip_grad_norm"": 5.0, ""h_central_diff"": 1e-05, ""beta1"": 0.9, ""beta2"": 0.999, ""adam_eps"": 1e-08, ""seed_hyb"": 42, ""init_strategy"": ""two_way_mean"", ""n_restarts"": 1, ""restart_jitter_scale"": 0.03, ""max_distance_factor"": 1.5, ""normalize_objective_by_triplets"": true, ""convergence_rel_tol"": 1e-07, ""convergence_patience_checks"": 5, ""early_stop"": false}",two_way_mean,missing entries initialized by shrunk row/column observed means,0.02,"(700, 2000, 4000)",5.0,1e-05
Hyb-Adam-UM,85,0.85,0.8476190476190476,2,56,105,89,16,89,True,True,True,True,,missing_p85_rep02_seed56.csv,,hyb_adam_um_outputs/logs/InitSensitivity_two_way_mean_p85_rep02_seed56.log,hyb_adam_um_outputs/logs/epoch_logs/InitSensitivity_two_way_mean_p85_rep02_seed56_epochs.csv,61.14456539301318,2.3600290320800035,0.0011031307681412439,0.0051868769935824255,0.04032586230018171,58.523957020737264,0.022445654481427994,0.047329150115163476,0.029718733228539927,0.25658098255910894,0.038559754851889685,0.0,0.0,66.60334838316946,2.3600290320800035,96.45659101325846,5000,5000,5000,0.0025,two_way_mean,1,0,66.60334838316946,2.3600290320800035,0.22972232371209345,0.1302185178254612,0.13221931105635548,0.0384922830965996,0.1531482158080623,"{""epochs"": 5000, ""print_every"": 500, ""lr_init"": 0.02, ""lr_milestones"": [700, 2000, 4000], ""lr_factor"": 0.5, ""lr_min"": 0.0001, ""sched_patience_blocks"": 7, ""weight_decay"": 0.0, ""clip_grad_norm"": 5.0, ""h_central_diff"": 1e-05, ""beta1"": 0.9, ""beta2"": 0.999, ""adam_eps"": 1e-08, ""seed_hyb"": 42, ""init_strategy"": ""two_way_mean"", ""n_restarts"": 1, ""restart_jitter_scale"": 0.03, ""max_distance_factor"": 1.5, ""normalize_objective_by_triplets"": true, ""convergence_rel_tol"": 1e-07, ""convergence_patience_checks"": 5, ""early_stop"": false}",two_way_mean,missing entries initialized by shrunk row/column observed means,0.02,"(700, 2000, 4000)",5.0,1e-05
Hyb-Adam-UM,85,0.85,0.8476190476190476,3,57,105,89,16,89,True,True,True,True,,missing_p85_rep03_seed57.csv,,hyb_adam_um_outputs/logs/InitSensitivity_two_way_mean_p85_rep03_seed57.log,hyb_adam_um_outputs/logs/epoch_logs/InitSensitivity_two_way_mean_p85_rep03_seed57_epochs.csv,61.39816775699728,2.7122917970396165,0.0012757725571615188,0.005961080872614542,0.04634498306528638,58.523957020737264,0.022445654481427994,0.046806835884567244,0.029048989658831792,0.20165031000136002,0.10812053115423904,0.0,0.0,181.55986521597396,2.7122917970396165,98.50611709046312,4500,5000,4500,0.0025,two_way_mean,1,0,181.55986521597396,2.7122917970396165,0.23006806028196403,0.12470114249399461,0.13795746474355286,0.0382707733757883,0.1533787068546427,"{""epochs"": 5000, ""print_every"": 500, ""lr_init"": 0.02, ""lr_milestones"": [700, 2000, 4000], ""lr_factor"": 0.5, ""lr_min"": 0.0001, ""sched_patience_blocks"": 7, ""weight_decay"": 0.0, ""clip_grad_norm"": 5.0, ""h_central_diff"": 1e-05, ""beta1"": 0.9, ""beta2"": 0.999, ""adam_eps"": 1e-08, ""seed_hyb"": 42, ""init_strategy"": ""two_way_mean"", ""n_restarts"": 1, ""restart_jitter_scale"": 0.03, ""max_distance_factor"": 1.5, ""normalize_objective_by_triplets"": true, ""convergence_rel_tol"": 1e-07, ""convergence_patience_checks"": 5, ""early_stop"": false}",two_way_mean,missing entries initialized by shrunk row/column observed means,0.02,"(700, 2000, 4000)",5.0,1e-05
Hyb-Adam-UM,85,0.85,0.8476190476190476,4,58,105,89,16,89,True,True,True,True,,missing_p85_rep04_seed58.csv,,hyb_adam_um_outputs/logs/InitSensitivity_two_way_mean_p85_rep04_seed58.log,hyb_adam_um_outputs/logs/epoch_logs/InitSensitivity_two_way_mean_p85_rep04_seed58_epochs.csv,61.99755962699419,4.411441308697272,0.002061127377328662,0.009695475403730268,0.0753783840544844,58.523957020737264,0.022445654481427994,0.03611755276103232,0.02070833391851367,0.48023771664622555,0.3554477357848145,0.0,0.0,182.18285001857893,4.411441308697272,97.57856389432517,4500,5000,4500,0.0025,two_way_mean,1,0,182.18285001857893,4.411441308697272,0.23064958828911242,0.11209005267518451,0.1206759550676425,0.0384922830965996,0.1537663921927416,"{""epochs"": 5000, ""print_every"": 500, ""lr_init"": 0.02, ""lr_milestones"": [700, 2000, 4000], ""lr_factor"": 0.5, ""lr_min"": 0.0001, ""sched_patience_blocks"": 7, ""weight_decay"": 0.0, ""clip_grad_norm"": 5.0, ""h_central_diff"": 1e-05, ""beta1"": 0.9, ""beta2"": 0.999, ""adam_eps"": 1e-08, ""seed_hyb"": 42, ""init_strategy"": ""two_way_mean"", ""n_restarts"": 1, ""restart_jitter_scale"": 0.03, ""max_distance_factor"": 1.5, ""normalize_objective_by_triplets"": true, ""convergence_rel_tol"": 1e-07, ""convergence_patience_checks"": 5, ""early_stop"": false}",two_way_mean,missing entries initialized by shrunk row/column observed means,0.02,"(700, 2000, 4000)",5.0,1e-05
Hyb-Adam-UM,85,0.85,0.8476190476190476,5,59,105,89,16,89,True,True,True,True,,missing_p85_rep05_seed59.csv,,hyb_adam_um_outputs/logs/InitSensitivity_two_way_mean_p85_rep05_seed59.log,hyb_adam_um_outputs/logs/epoch_logs/InitSensitivity_two_way_mean_p85_rep05_seed59_epochs.csv,61.1070400759927,7.230113589262336,0.0029549133456904034,0.015890359536840298,0.12354109252558626,58.523957020737264,0.022445654481427994,0.03015995734184523,0.013899813656361653,0.6393589194755146,0.7772216547497447,0.0,0.0,285.8278962254962,7.230113589262336,97.4704660795046,4500,5000,4500,0.0025,two_way_mean,1,0,285.8278962254962,7.230113589262336,0.22820919175911242,0.11340612260593529,0.12388201480257025,0.0346280688897031,0.1521394611727416,"{""epochs"": 5000, ""print_every"": 500, ""lr_init"": 0.02, ""lr_milestones"": [700, 2000, 4000], ""lr_factor"": 0.5, ""lr_min"": 0.0001, ""sched_patience_blocks"": 7, ""weight_decay"": 0.0, ""clip_grad_norm"": 5.0, ""h_central_diff"": 1e-05, ""beta1"": 0.9, ""beta2"": 0.999, ""adam_eps"": 1e-08, ""seed_hyb"": 42, ""init_strategy"": ""two_way_mean"", ""n_restarts"": 1, ""restart_jitter_scale"": 0.03, ""max_distance_factor"": 1.5, ""normalize_objective_by_triplets"": true, ""convergence_rel_tol"": 1e-07, ""convergence_patience_checks"": 5, ""early_stop"": false}",two_way_mean,missing entries initialized by shrunk row/column observed means,0.02,"(700, 2000, 4000)",5.0,1e-05
Hyb-Adam-UM,30,0.3,0.3047619047619048,1,55,105,32,73,32,True,True,True,True,,missing_p30_rep01_seed55.csv,,hyb_adam_um_outputs/logs/InitSensitivity_random_observed_range_p30_rep01_seed55.log,hyb_adam_um_outputs/logs/epoch_logs/InitSensitivity_random_observed_range_p30_rep01_seed55_epochs.csv,22.2900793190056,35.98952319026685,0.015478960008038199,0.07909785316542164,0.6149536877267953,58.523957020737264,0.022445654481427994,0.01969375060294451,0.007063087826188495,0.8903621934800245,0.783357771260997,0.0,0.0,597.3119611549856,35.98952319026685,93.97475263668316,5000,5000,5000,0.0025,random_observed_range,1,0,597.3119611549856,35.98952319026685,0.23388963332927265,0.12301973142091559,0.1244787834191807,0.0346280688897031,0.1559264222195151,"{""epochs"": 5000, ""print_every"": 500, ""lr_init"": 0.02, ""lr_milestones"": [700, 2000, 4000], ""lr_factor"": 0.5, ""lr_min"": 0.0001, ""sched_patience_blocks"": 7, ""weight_decay"": 0.0, ""clip_grad_norm"": 5.0, ""h_central_diff"": 1e-05, ""beta1"": 0.9, ""beta2"": 0.999, ""adam_eps"": 1e-08, ""seed_hyb"": 42, ""init_strategy"": ""random_observed_range"", ""n_restarts"": 1, ""restart_jitter_scale"": 0.03, ""max_distance_factor"": 1.5, ""normalize_objective_by_triplets"": true, ""convergence_rel_tol"": 1e-07, ""convergence_patience_checks"": 5, ""early_stop"": false}",random_observed_range,missing entries initialized uniformly from the observed distance range,0.02,"(700, 2000, 4000)",5.0,1e-05
Hyb-Adam-UM,30,0.3,0.3047619047619048,2,56,105,32,73,32,True,True,True,True,,missing_p30_rep02_seed56.csv,,hyb_adam_um_outputs/logs/InitSensitivity_random_observed_range_p30_rep02_seed56.log,hyb_adam_um_outputs/logs/epoch_logs/InitSensitivity_random_observed_range_p30_rep02_seed56_epochs.csv,22.42395161301829,40.90016951238219,0.01634657522719879,0.08989048244479603,0.6988619976241475,58.523957020737264,0.022445654481427994,0.02329541527266513,0.008956528758560862,0.7174348765485569,0.6077712609970675,0.0,0.0,488.4375266578053,40.90016951238219,91.62632531692503,4500,5000,4500,0.0025,random_observed_range,1,0,488.4375266578053,40.90016951238219,0.23388963332927265,0.11819787928263278,0.1244787834191807,0.0161723422433784,0.1559264222195151,"{""epochs"": 5000, ""print_every"": 500, ""lr_init"": 0.02, ""lr_milestones"": [700, 2000, 4000], ""lr_factor"": 0.5, ""lr_min"": 0.0001, ""sched_patience_blocks"": 7, ""weight_decay"": 0.0, ""clip_grad_norm"": 5.0, ""h_central_diff"": 1e-05, ""beta1"": 0.9, ""beta2"": 0.999, ""adam_eps"": 1e-08, ""seed_hyb"": 42, ""init_strategy"": ""random_observed_range"", ""n_restarts"": 1, ""restart_jitter_scale"": 0.03, ""max_distance_factor"": 1.5, ""normalize_objective_by_triplets"": true, ""convergence_rel_tol"": 1e-07, ""convergence_patience_checks"": 5, ""early_stop"": false}",random_observed_range,missing entries initialized uniformly from the observed distance range,0.02,"(700, 2000, 4000)",5.0,1e-05
Hyb-Adam-UM,30,0.3,0.3047619047619048,3,57,105,32,73,32,True,True,True,True,,missing_p30_rep03_seed57.csv,,hyb_adam_um_outputs/logs/InitSensitivity_random_observed_range_p30_rep03_seed57.log,hyb_adam_um_outputs/logs/epoch_logs/InitSensitivity_random_observed_range_p30_rep03_seed57_epochs.csv,22.182665622996865,30.700774783785366,0.013524880326788457,0.06747423029403377,0.5245847401074899,58.523957020737264,0.022445654481427994,0.004860362487709179,0.0025139898222646274,0.9949439710400391,0.912390029325513,0.0,0.0,501.0317371144516,30.700774783785366,93.87248900426992,4500,5000,4500,0.0025,random_observed_range,1,0,501.0317371144516,30.700774783785366,0.23388963332927265,0.11949106526353737,0.1241590214067278,0.0346280688897031,0.1559264222195151,"{""epochs"": 5000, ""print_every"": 500, ""lr_init"": 0.02, ""lr_milestones"": [700, 2000, 4000], ""lr_factor"": 0.5, ""lr_min"": 0.0001, ""sched_patience_blocks"": 7, ""weight_decay"": 0.0, ""clip_grad_norm"": 5.0, ""h_central_diff"": 1e-05, ""beta1"": 0.9, ""beta2"": 0.999, ""adam_eps"": 1e-08, ""seed_hyb"": 42, ""init_strategy"": ""random_observed_range"", ""n_restarts"": 1, ""restart_jitter_scale"": 0.03, ""max_distance_factor"": 1.5, ""normalize_objective_by_triplets"": true, ""convergence_rel_tol"": 1e-07, ""convergence_patience_checks"": 5, ""early_stop"": false}",random_observed_range,missing entries initialized uniformly from the observed distance range,0.02,"(700, 2000, 4000)",5.0,1e-05
Hyb-Adam-UM,30,0.3,0.3047619047619048,4,58,105,32,73,32,True,True,True,True,,missing_p30_rep04_seed58.csv,,hyb_adam_um_outputs/logs/InitSensitivity_random_observed_range_p30_rep04_seed58.log,hyb_adam_um_outputs/logs/epoch_logs/InitSensitivity_random_observed_range_p30_rep04_seed58_epochs.csv,22.18958340899553,34.52772762667305,0.015049580732248978,0.07588511566301769,0.5899759582975321,58.523957020737264,0.022445654481427994,0.0048362193266306645,0.0022155963041765375,0.9945655970791244,0.9574780058651026,0.0,0.0,554.0214041991635,34.52772762667305,93.76779897582065,5000,5000,5000,0.0025,random_observed_range,1,0,554.0214041991635,34.52772762667305,0.23388963332927265,0.12073653795899733,0.1247028707259096,0.0346280688897031,0.1559264222195151,"{""epochs"": 5000, ""print_every"": 500, ""lr_init"": 0.02, ""lr_milestones"": [700, 2000, 4000], ""lr_factor"": 0.5, ""lr_min"": 0.0001, ""sched_patience_blocks"": 7, ""weight_decay"": 0.0, ""clip_grad_norm"": 5.0, ""h_central_diff"": 1e-05, ""beta1"": 0.9, ""beta2"": 0.999, ""adam_eps"": 1e-08, ""seed_hyb"": 42, ""init_strategy"": ""random_observed_range"", ""n_restarts"": 1, ""restart_jitter_scale"": 0.03, ""max_distance_factor"": 1.5, ""normalize_objective_by_triplets"": true, ""convergence_rel_tol"": 1e-07, ""convergence_patience_checks"": 5, ""early_stop"": false}",random_observed_range,missing entries initialized uniformly from the observed distance range,0.02,"(700, 2000, 4000)",5.0,1e-05
Hyb-Adam-UM,30,0.3,0.3047619047619048,5,59,105,32,73,32,True,True,True,True,,missing_p30_rep05_seed59.csv,,hyb_adam_um_outputs/logs/InitSensitivity_random_observed_range_p30_rep05_seed59.log,hyb_adam_um_outputs/logs/epoch_logs/InitSensitivity_random_observed_range_p30_rep05_seed59_epochs.csv,22.237789494014578,55.81463025529914,0.01985054344111638,0.1226695170446135,0.9537056804877684,58.523957020737264,0.022445654481427994,0.01714097339619459,0.0057487750841851305,0.8458418709543796,0.9208211143695014,0.0,0.0,613.1212983377188,55.81463025529914,90.89664143023207,4500,5000,4500,0.0025,random_observed_range,1,0,613.1212983377188,55.81463025529914,0.23388963332927265,0.11612684359200375,0.1233794162826421,0.0161723422433784,0.1559264222195151,"{""epochs"": 5000, ""print_every"": 500, ""lr_init"": 0.02, ""lr_milestones"": [700, 2000, 4000], ""lr_factor"": 0.5, ""lr_min"": 0.0001, ""sched_patience_blocks"": 7, ""weight_decay"": 0.0, ""clip_grad_norm"": 5.0, ""h_central_diff"": 1e-05, ""beta1"": 0.9, ""beta2"": 0.999, ""adam_eps"": 1e-08, ""seed_hyb"": 42, ""init_strategy"": ""random_observed_range"", ""n_restarts"": 1, ""restart_jitter_scale"": 0.03, ""max_distance_factor"": 1.5, ""normalize_objective_by_triplets"": true, ""convergence_rel_tol"": 1e-07, ""convergence_patience_checks"": 5, ""early_stop"": false}",random_observed_range,missing entries initialized uniformly from the observed distance range,0.02,"(700, 2000, 4000)",5.0,1e-05
Hyb-Adam-UM,50,0.5,0.49523809523809526,1,55,105,52,53,52,True,True,True,True,,missing_p50_rep01_seed55.csv,,hyb_adam_um_outputs/logs/InitSensitivity_random_observed_range_p50_rep01_seed55.log,hyb_adam_um_outputs/logs/epoch_logs/InitSensitivity_random_observed_range_p50_rep01_seed55_epochs.csv,35.871865853026975,29.685502076192293,0.012886557071769328,0.06524286170591713,0.5072367554653489,58.523957020737264,0.022445654481427994,0.018699665035889643,0.0061626291827227234,0.8801290919961156,0.7684623922137797,0.0,0.0,868.5603075504605,29.685502076192293,96.58221751349515,5000,5000,5000,0.0025,random_observed_range,1,0,868.5603075504605,29.685502076192293,0.23388963332927265,0.11899061308824704,0.1231648135634867,0.0346280688897031,0.1559264222195151,"{""epochs"": 5000, ""print_every"": 500, ""lr_init"": 0.02, ""lr_milestones"": [700, 2000, 4000], ""lr_factor"": 0.5, ""lr_min"": 0.0001, ""sched_patience_blocks"": 7, ""weight_decay"": 0.0, ""clip_grad_norm"": 5.0, ""h_central_diff"": 1e-05, ""beta1"": 0.9, ""beta2"": 0.999, ""adam_eps"": 1e-08, ""seed_hyb"": 42, ""init_strategy"": ""random_observed_range"", ""n_restarts"": 1, ""restart_jitter_scale"": 0.03, ""max_distance_factor"": 1.5, ""normalize_objective_by_triplets"": true, ""convergence_rel_tol"": 1e-07, ""convergence_patience_checks"": 5, ""early_stop"": false}",random_observed_range,missing entries initialized uniformly from the observed distance range,0.02,"(700, 2000, 4000)",5.0,1e-05
Hyb-Adam-UM,50,0.5,0.49523809523809526,2,56,105,52,53,52,True,True,True,True,,missing_p50_rep02_seed56.csv,,hyb_adam_um_outputs/logs/InitSensitivity_random_observed_range_p50_rep02_seed56.log,hyb_adam_um_outputs/logs/epoch_logs/InitSensitivity_random_observed_range_p50_rep02_seed56_epochs.csv,35.779872002021875,35.264045536104874,0.013100922079094607,0.07750339678264807,0.6025574368392329,58.523957020737264,0.022445654481427994,0.02369321469203507,0.010566246855555893,0.8245836854547427,0.7720481516263981,0.0,0.0,1112.1661865583123,35.264045536104874,96.82924674726604,5000,5000,5000,0.0025,random_observed_range,1,0,1112.1661865583123,35.264045536104874,0.23388963332927265,0.12265998289748507,0.1244840980820587,0.0161723422433784,0.1559264222195151,"{""epochs"": 5000, ""print_every"": 500, ""lr_init"": 0.02, ""lr_milestones"": [700, 2000, 4000], ""lr_factor"": 0.5, ""lr_min"": 0.0001, ""sched_patience_blocks"": 7, ""weight_decay"": 0.0, ""clip_grad_norm"": 5.0, ""h_central_diff"": 1e-05, ""beta1"": 0.9, ""beta2"": 0.999, ""adam_eps"": 1e-08, ""seed_hyb"": 42, ""init_strategy"": ""random_observed_range"", ""n_restarts"": 1, ""restart_jitter_scale"": 0.03, ""max_distance_factor"": 1.5, ""normalize_objective_by_triplets"": true, ""convergence_rel_tol"": 1e-07, ""convergence_patience_checks"": 5, ""early_stop"": false}",random_observed_range,missing entries initialized uniformly from the observed distance range,0.02,"(700, 2000, 4000)",5.0,1e-05
Hyb-Adam-UM,50,0.5,0.49523809523809526,3,57,105,52,53,52,True,True,True,True,,missing_p50_rep03_seed57.csv,,hyb_adam_um_outputs/logs/InitSensitivity_random_observed_range_p50_rep03_seed57.log,hyb_adam_um_outputs/logs/epoch_logs/InitSensitivity_random_observed_range_p50_rep03_seed57_epochs.csv,35.82278156798566,20.98064028603894,0.009371331141266528,0.04611129733195372,0.3584966115432814,58.523957020737264,0.022445654481427994,0.007062354181689815,0.003952733613398539,0.9956466106999684,0.9493724921027916,0.0,0.0,641.9227480315651,20.98064028603894,96.73159420656529,5000,5000,5000,0.0025,random_observed_range,1,0,641.9227480315651,20.98064028603894,0.23388963332927265,0.12047078444934654,0.1240295861605232,0.0382707733757883,0.1559264222195151,"{""epochs"": 5000, ""print_every"": 500, ""lr_init"": 0.02, ""lr_milestones"": [700, 2000, 4000], ""lr_factor"": 0.5, ""lr_min"": 0.0001, ""sched_patience_blocks"": 7, ""weight_decay"": 0.0, ""clip_grad_norm"": 5.0, ""h_central_diff"": 1e-05, ""beta1"": 0.9, ""beta2"": 0.999, ""adam_eps"": 1e-08, ""seed_hyb"": 42, ""init_strategy"": ""random_observed_range"", ""n_restarts"": 1, ""restart_jitter_scale"": 0.03, ""max_distance_factor"": 1.5, ""normalize_objective_by_triplets"": true, ""convergence_rel_tol"": 1e-07, ""convergence_patience_checks"": 5, ""early_stop"": false}",random_observed_range,missing entries initialized uniformly from the observed distance range,0.02,"(700, 2000, 4000)",5.0,1e-05
Hyb-Adam-UM,50,0.5,0.49523809523809526,4,58,105,52,53,52,True,True,True,True,,missing_p50_rep04_seed58.csv,,hyb_adam_um_outputs/logs/InitSensitivity_random_observed_range_p50_rep04_seed58.log,hyb_adam_um_outputs/logs/epoch_logs/InitSensitivity_random_observed_range_p50_rep04_seed58_epochs.csv,36.55182765799691,24.33370273585102,0.010711468729014862,0.053480665353518725,0.4157904553041187,58.523957020737264,0.022445654481427994,0.019002334584355296,0.006825321777972506,0.8672483584603345,0.7075044821992658,0.0,0.0,763.7493622607116,24.33370273585102,96.81391514831216,4500,5000,4500,0.0025,random_observed_range,1,0,763.7493622607116,24.33370273585102,0.23388963332927265,0.11861477645295795,0.1240295861605232,0.0346280688897031,0.1559264222195151,"{""epochs"": 5000, ""print_every"": 500, ""lr_init"": 0.02, ""lr_milestones"": [700, 2000, 4000], ""lr_factor"": 0.5, ""lr_min"": 0.0001, ""sched_patience_blocks"": 7, ""weight_decay"": 0.0, ""clip_grad_norm"": 5.0, ""h_central_diff"": 1e-05, ""beta1"": 0.9, ""beta2"": 0.999, ""adam_eps"": 1e-08, ""seed_hyb"": 42, ""init_strategy"": ""random_observed_range"", ""n_restarts"": 1, ""restart_jitter_scale"": 0.03, ""max_distance_factor"": 1.5, ""normalize_objective_by_triplets"": true, ""convergence_rel_tol"": 1e-07, ""convergence_patience_checks"": 5, ""early_stop"": false}",random_observed_range,missing entries initialized uniformly from the observed distance range,0.02,"(700, 2000, 4000)",5.0,1e-05
Hyb-Adam-UM,50,0.5,0.49523809523809526,5,59,105,52,53,52,True,True,True,True,,missing_p50_rep05_seed59.csv,,hyb_adam_um_outputs/logs/InitSensitivity_random_observed_range_p50_rep05_seed59.log,hyb_adam_um_outputs/logs/epoch_logs/InitSensitivity_random_observed_range_p50_rep05_seed59_epochs.csv,36.71236526800203,41.57433787771134,0.014661414947803911,0.09137217115980516,0.71038152568836,58.523957020737264,0.022445654481427994,0.02692803159441642,0.010350160848350998,0.7146326195834631,0.9010501152565525,0.0,0.0,687.3396610108379,41.57433787771134,93.9514129278427,5000,5000,5000,0.0025,random_observed_range,1,0,687.3396610108379,41.57433787771134,0.23388963332927265,0.1152604101989678,0.1231648135634867,0.0346280688897031,0.1559264222195151,"{""epochs"": 5000, ""print_every"": 500, ""lr_init"": 0.02, ""lr_milestones"": [700, 2000, 4000], ""lr_factor"": 0.5, ""lr_min"": 0.0001, ""sched_patience_blocks"": 7, ""weight_decay"": 0.0, ""clip_grad_norm"": 5.0, ""h_central_diff"": 1e-05, ""beta1"": 0.9, ""beta2"": 0.999, ""adam_eps"": 1e-08, ""seed_hyb"": 42, ""init_strategy"": ""random_observed_range"", ""n_restarts"": 1, ""restart_jitter_scale"": 0.03, ""max_distance_factor"": 1.5, ""normalize_objective_by_triplets"": true, ""convergence_rel_tol"": 1e-07, ""convergence_patience_checks"": 5, ""early_stop"": false}",random_observed_range,missing entries initialized uniformly from the observed distance range,0.02,"(700, 2000, 4000)",5.0,1e-05
Hyb-Adam-UM,65,0.65,0.6476190476190476,1,55,105,68,37,68,True,True,True,True,,missing_p65_rep01_seed55.csv,,hyb_adam_um_outputs/logs/InitSensitivity_random_observed_range_p65_rep01_seed55.log,hyb_adam_um_outputs/logs/epoch_logs/InitSensitivity_random_observed_range_p65_rep01_seed55_epochs.csv,47.35658667498501,19.968847848390844,0.0074709522839825635,0.043887577688771086,0.3412080943418628,58.523957020737264,0.022445654481427994,0.03455582741538833,0.016172810055928757,0.6335876850547635,0.7905485360919189,0.0,0.0,1003.3385578308212,19.968847848390844,98.00975974734165,5000,5000,5000,0.0025,random_observed_range,1,0,1003.3385578308212,19.968847848390844,0.23388963332927265,0.11873638961731445,0.1221583964800782,0.0346280688897031,0.1559264222195151,"{""epochs"": 5000, ""print_every"": 500, ""lr_init"": 0.02, ""lr_milestones"": [700, 2000, 4000], ""lr_factor"": 0.5, ""lr_min"": 0.0001, ""sched_patience_blocks"": 7, ""weight_decay"": 0.0, ""clip_grad_norm"": 5.0, ""h_central_diff"": 1e-05, ""beta1"": 0.9, ""beta2"": 0.999, ""adam_eps"": 1e-08, ""seed_hyb"": 42, ""init_strategy"": ""random_observed_range"", ""n_restarts"": 1, ""restart_jitter_scale"": 0.03, ""max_distance_factor"": 1.5, ""normalize_objective_by_triplets"": true, ""convergence_rel_tol"": 1e-07, ""convergence_patience_checks"": 5, ""early_stop"": false}",random_observed_range,missing entries initialized uniformly from the observed distance range,0.02,"(700, 2000, 4000)",5.0,1e-05
Hyb-Adam-UM,65,0.65,0.6476190476190476,2,56,105,68,37,68,True,True,True,True,,missing_p65_rep02_seed56.csv,,hyb_adam_um_outputs/logs/InitSensitivity_random_observed_range_p65_rep02_seed56.log,hyb_adam_um_outputs/logs/epoch_logs/InitSensitivity_random_observed_range_p65_rep02_seed56_epochs.csv,47.50172466598451,16.840280133815206,0.0073179765730290594,0.03701160468970375,0.2877501965194878,58.523957020737264,0.022445654481427994,0.027402375664028155,0.011825669720771224,0.7496434098346313,0.7543993587051953,0.0,0.0,1203.566905922689,16.840280133815206,98.60080232756941,4500,5000,4500,0.0025,random_observed_range,1,0,1203.566905922689,16.840280133815206,0.23357819329771726,0.12451406584640105,0.1256247714250883,0.0161723422433784,0.1557187955318115,"{""epochs"": 5000, ""print_every"": 500, ""lr_init"": 0.02, ""lr_milestones"": [700, 2000, 4000], ""lr_factor"": 0.5, ""lr_min"": 0.0001, ""sched_patience_blocks"": 7, ""weight_decay"": 0.0, ""clip_grad_norm"": 5.0, ""h_central_diff"": 1e-05, ""beta1"": 0.9, ""beta2"": 0.999, ""adam_eps"": 1e-08, ""seed_hyb"": 42, ""init_strategy"": ""random_observed_range"", ""n_restarts"": 1, ""restart_jitter_scale"": 0.03, ""max_distance_factor"": 1.5, ""normalize_objective_by_triplets"": true, ""convergence_rel_tol"": 1e-07, ""convergence_patience_checks"": 5, ""early_stop"": false}",random_observed_range,missing entries initialized uniformly from the observed distance range,0.02,"(700, 2000, 4000)",5.0,1e-05
Hyb-Adam-UM,65,0.65,0.6476190476190476,3,57,105,68,37,68,True,True,True,True,,missing_p65_rep03_seed57.csv,,hyb_adam_um_outputs/logs/InitSensitivity_random_observed_range_p65_rep03_seed57.log,hyb_adam_um_outputs/logs/epoch_logs/InitSensitivity_random_observed_range_p65_rep03_seed57_epochs.csv,47.770345504017314,14.531905049490248,0.006541963953401958,0.031938252856022524,0.24830694623641122,58.523957020737264,0.022445654481427994,0.009328170816598128,0.005815437460170335,0.9757068899332259,0.8871626522120851,0.0,0.0,853.0868794735858,14.531905049490248,98.29655039842396,4500,5000,4500,0.0025,random_observed_range,1,0,853.0868794735858,14.531905049490248,0.232323845360199,0.1172884510152092,0.1231648135634867,0.0382707733757883,0.154882563573466,"{""epochs"": 5000, ""print_every"": 500, ""lr_init"": 0.02, ""lr_milestones"": [700, 2000, 4000], ""lr_factor"": 0.5, ""lr_min"": 0.0001, ""sched_patience_blocks"": 7, ""weight_decay"": 0.0, ""clip_grad_norm"": 5.0, ""h_central_diff"": 1e-05, ""beta1"": 0.9, ""beta2"": 0.999, ""adam_eps"": 1e-08, ""seed_hyb"": 42, ""init_strategy"": ""random_observed_range"", ""n_restarts"": 1, ""restart_jitter_scale"": 0.03, ""max_distance_factor"": 1.5, ""normalize_objective_by_triplets"": true, ""convergence_rel_tol"": 1e-07, ""convergence_patience_checks"": 5, ""early_stop"": false}",random_observed_range,missing entries initialized uniformly from the observed distance range,0.02,"(700, 2000, 4000)",5.0,1e-05
Hyb-Adam-UM,65,0.65,0.6476190476190476,4,58,105,68,37,68,True,True,True,True,,missing_p65_rep04_seed58.csv,,hyb_adam_um_outputs/logs/InitSensitivity_random_observed_range_p65_rep04_seed58.log,hyb_adam_um_outputs/logs/epoch_logs/InitSensitivity_random_observed_range_p65_rep04_seed58_epochs.csv,47.65514555899426,15.533296631299265,0.006968618712531347,0.034139113475383,0.26541774381037203,58.523957020737264,0.022445654481427994,0.017080401692848888,0.006366415309392263,0.8978155320914932,0.8162003282818644,0.0,0.0,857.6752771890795,15.533296631299265,98.18890703225028,4500,5000,4500,0.0025,random_observed_range,1,0,857.6752771890795,15.533296631299265,0.23388963332927265,0.11967359822654977,0.1247028707259096,0.0346280688897031,0.1559264222195151,"{""epochs"": 5000, ""print_every"": 500, ""lr_init"": 0.02, ""lr_milestones"": [700, 2000, 4000], ""lr_factor"": 0.5, ""lr_min"": 0.0001, ""sched_patience_blocks"": 7, ""weight_decay"": 0.0, ""clip_grad_norm"": 5.0, ""h_central_diff"": 1e-05, ""beta1"": 0.9, ""beta2"": 0.999, ""adam_eps"": 1e-08, ""seed_hyb"": 42, ""init_strategy"": ""random_observed_range"", ""n_restarts"": 1, ""restart_jitter_scale"": 0.03, ""max_distance_factor"": 1.5, ""normalize_objective_by_triplets"": true, ""convergence_rel_tol"": 1e-07, ""convergence_patience_checks"": 5, ""early_stop"": false}",random_observed_range,missing entries initialized uniformly from the observed distance range,0.02,"(700, 2000, 4000)",5.0,1e-05
Hyb-Adam-UM,65,0.65,0.6476190476190476,5,59,105,68,37,68,True,True,True,True,,missing_p65_rep05_seed59.csv,,hyb_adam_um_outputs/logs/InitSensitivity_random_observed_range_p65_rep05_seed59.log,hyb_adam_um_outputs/logs/epoch_logs/InitSensitivity_random_observed_range_p65_rep05_seed59_epochs.csv,48.22013472599792,17.27822218241187,0.007592962978888327,0.037974114686619494,0.295233320882413,58.523957020737264,0.022445654481427994,0.0037262184181310093,0.002169029732161563,0.9952781588639921,0.9100660380959651,0.0,0.0,880.2973284245935,17.27822218241187,98.03722882888518,5000,5000,5000,0.0025,random_observed_range,1,0,880.2973284245935,17.27822218241187,0.23388963332927265,0.11091007067996113,0.1221392581800522,0.0346280688897031,0.1559264222195151,"{""epochs"": 5000, ""print_every"": 500, ""lr_init"": 0.02, ""lr_milestones"": [700, 2000, 4000], ""lr_factor"": 0.5, ""lr_min"": 0.0001, ""sched_patience_blocks"": 7, ""weight_decay"": 0.0, ""clip_grad_norm"": 5.0, ""h_central_diff"": 1e-05, ""beta1"": 0.9, ""beta2"": 0.999, ""adam_eps"": 1e-08, ""seed_hyb"": 42, ""init_strategy"": ""random_observed_range"", ""n_restarts"": 1, ""restart_jitter_scale"": 0.03, ""max_distance_factor"": 1.5, ""normalize_objective_by_triplets"": true, ""convergence_rel_tol"": 1e-07, ""convergence_patience_checks"": 5, ""early_stop"": false}",random_observed_range,missing entries initialized uniformly from the observed distance range,0.02,"(700, 2000, 4000)",5.0,1e-05
Hyb-Adam-UM,85,0.85,0.8476190476190476,1,55,105,89,16,89,True,True,True,True,,missing_p85_rep01_seed55.csv,,hyb_adam_um_outputs/logs/InitSensitivity_random_observed_range_p85_rep01_seed55.log,hyb_adam_um_outputs/logs/epoch_logs/InitSensitivity_random_observed_range_p85_rep01_seed55_epochs.csv,61.750739139009966,3.7705543934594656,0.001745378717263523,0.008286932732877946,0.06442753677991074,58.523957020737264,0.022445654481427994,0.04612231049811925,0.026637505078663814,0.15903970832205097,0.17958801498127344,0.0,0.0,828.6256221163155,3.7705543934594656,99.54496285260532,5000,5000,5000,0.0025,random_observed_range,1,0,828.6256221163155,3.7705543934594656,0.23388963332927265,0.11924591938909773,0.1243662284432164,0.038749233599019,0.1559264222195151,"{""epochs"": 5000, ""print_every"": 500, ""lr_init"": 0.02, ""lr_milestones"": [700, 2000, 4000], ""lr_factor"": 0.5, ""lr_min"": 0.0001, ""sched_patience_blocks"": 7, ""weight_decay"": 0.0, ""clip_grad_norm"": 5.0, ""h_central_diff"": 1e-05, ""beta1"": 0.9, ""beta2"": 0.999, ""adam_eps"": 1e-08, ""seed_hyb"": 42, ""init_strategy"": ""random_observed_range"", ""n_restarts"": 1, ""restart_jitter_scale"": 0.03, ""max_distance_factor"": 1.5, ""normalize_objective_by_triplets"": true, ""convergence_rel_tol"": 1e-07, ""convergence_patience_checks"": 5, ""early_stop"": false}",random_observed_range,missing entries initialized uniformly from the observed distance range,0.02,"(700, 2000, 4000)",5.0,1e-05
Hyb-Adam-UM,85,0.85,0.8476190476190476,2,56,105,89,16,89,True,True,True,True,,missing_p85_rep02_seed56.csv,,hyb_adam_um_outputs/logs/InitSensitivity_random_observed_range_p85_rep02_seed56.log,hyb_adam_um_outputs/logs/epoch_logs/InitSensitivity_random_observed_range_p85_rep02_seed56_epochs.csv,61.19460044999141,2.7459465911030865,0.0012860893928592736,0.006035047452973816,0.04692004319069015,58.523957020737264,0.022445654481427994,0.04375484583861772,0.026550589534244752,0.5272105193087369,0.6883384405856318,0.0,0.0,758.3232225052916,2.7459465911030865,99.6378923248544,5000,5000,5000,0.0025,random_observed_range,1,0,758.3232225052916,2.7459465911030865,0.22972232371209345,0.1302185178254612,0.13221931105635548,0.0384922830965996,0.1531482158080623,"{""epochs"": 5000, ""print_every"": 500, ""lr_init"": 0.02, ""lr_milestones"": [700, 2000, 4000], ""lr_factor"": 0.5, ""lr_min"": 0.0001, ""sched_patience_blocks"": 7, ""weight_decay"": 0.0, ""clip_grad_norm"": 5.0, ""h_central_diff"": 1e-05, ""beta1"": 0.9, ""beta2"": 0.999, ""adam_eps"": 1e-08, ""seed_hyb"": 42, ""init_strategy"": ""random_observed_range"", ""n_restarts"": 1, ""restart_jitter_scale"": 0.03, ""max_distance_factor"": 1.5, ""normalize_objective_by_triplets"": true, ""convergence_rel_tol"": 1e-07, ""convergence_patience_checks"": 5, ""early_stop"": false}",random_observed_range,missing entries initialized uniformly from the observed distance range,0.02,"(700, 2000, 4000)",5.0,1e-05
Hyb-Adam-UM,85,0.85,0.8476190476190476,3,57,105,89,16,89,True,True,True,True,,missing_p85_rep03_seed57.csv,,hyb_adam_um_outputs/logs/InitSensitivity_random_observed_range_p85_rep03_seed57.log,hyb_adam_um_outputs/logs/epoch_logs/InitSensitivity_random_observed_range_p85_rep03_seed57_epochs.csv,61.62299577399972,3.024114753045585,0.001415259769919054,0.006646406050649637,0.05167310802265175,58.523957020737264,0.022445654481427994,0.046848894434380145,0.029052689568416817,0.19865817958214654,0.01814776983316309,0.0,0.0,845.8550550998748,3.024114753045585,99.64247837323754,5000,5000,5000,0.0025,random_observed_range,1,0,845.8550550998748,3.024114753045585,0.23006806028196403,0.12470114249399461,0.13795746474355286,0.0382707733757883,0.1533787068546427,"{""epochs"": 5000, ""print_every"": 500, ""lr_init"": 0.02, ""lr_milestones"": [700, 2000, 4000], ""lr_factor"": 0.5, ""lr_min"": 0.0001, ""sched_patience_blocks"": 7, ""weight_decay"": 0.0, ""clip_grad_norm"": 5.0, ""h_central_diff"": 1e-05, ""beta1"": 0.9, ""beta2"": 0.999, ""adam_eps"": 1e-08, ""seed_hyb"": 42, ""init_strategy"": ""random_observed_range"", ""n_restarts"": 1, ""restart_jitter_scale"": 0.03, ""max_distance_factor"": 1.5, ""normalize_objective_by_triplets"": true, ""convergence_rel_tol"": 1e-07, ""convergence_patience_checks"": 5, ""early_stop"": false}",random_observed_range,missing entries initialized uniformly from the observed distance range,0.02,"(700, 2000, 4000)",5.0,1e-05
Hyb-Adam-UM,85,0.85,0.8476190476190476,4,58,105,89,16,89,True,True,True,True,,missing_p85_rep04_seed58.csv,,hyb_adam_um_outputs/logs/InitSensitivity_random_observed_range_p85_rep04_seed58.log,hyb_adam_um_outputs/logs/epoch_logs/InitSensitivity_random_observed_range_p85_rep04_seed58_epochs.csv,61.87730822499725,4.940311556392156,0.002305107539253292,0.010857827596466276,0.08441520033653253,58.523957020737264,0.022445654481427994,0.03205462793551158,0.01687428308009975,0.5326622648953344,0.44293496765406887,0.0,0.0,767.03482832797,4.940311556392156,99.35592082993658,5000,5000,5000,0.0025,random_observed_range,1,0,767.03482832797,4.940311556392156,0.23064958828911242,0.11209005267518451,0.1206759550676425,0.0384922830965996,0.1537663921927416,"{""epochs"": 5000, ""print_every"": 500, ""lr_init"": 0.02, ""lr_milestones"": [700, 2000, 4000], ""lr_factor"": 0.5, ""lr_min"": 0.0001, ""sched_patience_blocks"": 7, ""weight_decay"": 0.0, ""clip_grad_norm"": 5.0, ""h_central_diff"": 1e-05, ""beta1"": 0.9, ""beta2"": 0.999, ""adam_eps"": 1e-08, ""seed_hyb"": 42, ""init_strategy"": ""random_observed_range"", ""n_restarts"": 1, ""restart_jitter_scale"": 0.03, ""max_distance_factor"": 1.5, ""normalize_objective_by_triplets"": true, ""convergence_rel_tol"": 1e-07, ""convergence_patience_checks"": 5, ""early_stop"": false}",random_observed_range,missing entries initialized uniformly from the observed distance range,0.02,"(700, 2000, 4000)",5.0,1e-05
Hyb-Adam-UM,85,0.85,0.8476190476190476,5,59,105,89,16,89,True,True,True,True,,missing_p85_rep05_seed59.csv,,hyb_adam_um_outputs/logs/InitSensitivity_random_observed_range_p85_rep05_seed59.log,hyb_adam_um_outputs/logs/epoch_logs/InitSensitivity_random_observed_range_p85_rep05_seed59_epochs.csv,61.66679833899252,9.116535623520598,0.0034180542468542096,0.0200363420297156,0.15577442277681705,58.523957020737264,0.022445654481427994,0.030690935224573383,0.014552752245378912,0.6553450303371934,0.8170922710248554,0.0,0.0,891.9646481287863,9.116535623520598,98.97792635138111,5000,5000,5000,0.0025,random_observed_range,1,0,891.9646481287863,9.116535623520598,0.22820919175911242,0.11340612260593529,0.12388201480257025,0.0346280688897031,0.1521394611727416,"{""epochs"": 5000, ""print_every"": 500, ""lr_init"": 0.02, ""lr_milestones"": [700, 2000, 4000], ""lr_factor"": 0.5, ""lr_min"": 0.0001, ""sched_patience_blocks"": 7, ""weight_decay"": 0.0, ""clip_grad_norm"": 5.0, ""h_central_diff"": 1e-05, ""beta1"": 0.9, ""beta2"": 0.999, ""adam_eps"": 1e-08, ""seed_hyb"": 42, ""init_strategy"": ""random_observed_range"", ""n_restarts"": 1, ""restart_jitter_scale"": 0.03, ""max_distance_factor"": 1.5, ""normalize_objective_by_triplets"": true, ""convergence_rel_tol"": 1e-07, ""convergence_patience_checks"": 5, ""early_stop"": false}",random_observed_range,missing entries initialized uniformly from the observed distance range,0.02,"(700, 2000, 4000)",5.0,1e-05
Hyb-Adam-UM,30,0.3,0.3047619047619048,1,55,105,32,73,32,True,True,True,True,,missing_p30_rep01_seed55.csv,,hyb_adam_um_outputs/logs/InitSensitivity_two_way_two_restarts_p30_rep01_seed55.log,hyb_adam_um_outputs/logs/epoch_logs/InitSensitivity_two_way_two_restarts_p30_rep01_seed55_epochs.csv,44.91186299402034,35.878963552141414,0.015475671783336266,0.07885486494976135,0.613064553024467,58.523957020737264,0.022445654481427994,0.01964232703722907,0.0070326638456893785,0.8908812598817333,0.8086510263929618,0.0,0.0,325.96564265772486,35.878963552141414,88.99302292732257,4500,5000,4500,0.0025,two_way_mean,2,1,325.96564265772486,35.878963552141414,0.23388963332927265,0.12301973142091559,0.1244787834191807,0.0346280688897031,0.1559264222195151,"{""epochs"": 5000, ""print_every"": 500, ""lr_init"": 0.02, ""lr_milestones"": [700, 2000, 4000], ""lr_factor"": 0.5, ""lr_min"": 0.0001, ""sched_patience_blocks"": 7, ""weight_decay"": 0.0, ""clip_grad_norm"": 5.0, ""h_central_diff"": 1e-05, ""beta1"": 0.9, ""beta2"": 0.999, ""adam_eps"": 1e-08, ""seed_hyb"": 42, ""init_strategy"": ""two_way_mean"", ""n_restarts"": 2, ""restart_jitter_scale"": 0.03, ""max_distance_factor"": 1.5, ""normalize_objective_by_triplets"": true, ""convergence_rel_tol"": 1e-07, ""convergence_patience_checks"": 5, ""early_stop"": false}",two_way_two_restarts,two-way initialization with two noisy restarts,0.02,"(700, 2000, 4000)",5.0,1e-05
Hyb-Adam-UM,30,0.3,0.3047619047619048,2,56,105,32,73,32,True,True,True,True,,missing_p30_rep02_seed56.csv,,hyb_adam_um_outputs/logs/InitSensitivity_two_way_two_restarts_p30_rep02_seed56.log,hyb_adam_um_outputs/logs/epoch_logs/InitSensitivity_two_way_two_restarts_p30_rep02_seed56_epochs.csv,44.55519496102352,47.601821117245095,0.017903007293400056,0.10461938707086833,0.8133732498706121,58.523957020737264,0.022445654481427994,0.026480119037160313,0.011054668521297472,0.6164834719590147,0.5703812316715542,0.0,0.0,410.87306754488907,47.601821117245095,88.41447033710857,5000,5000,5000,0.0025,two_way_mean,2,1,410.87306754488907,47.601821117245095,0.23388963332927265,0.11819787928263278,0.1244787834191807,0.0161723422433784,0.1559264222195151,"{""epochs"": 5000, ""print_every"": 500, ""lr_init"": 0.02, ""lr_milestones"": [700, 2000, 4000], ""lr_factor"": 0.5, ""lr_min"": 0.0001, ""sched_patience_blocks"": 7, ""weight_decay"": 0.0, ""clip_grad_norm"": 5.0, ""h_central_diff"": 1e-05, ""beta1"": 0.9, ""beta2"": 0.999, ""adam_eps"": 1e-08, ""seed_hyb"": 42, ""init_strategy"": ""two_way_mean"", ""n_restarts"": 2, ""restart_jitter_scale"": 0.03, ""max_distance_factor"": 1.5, ""normalize_objective_by_triplets"": true, ""convergence_rel_tol"": 1e-07, ""convergence_patience_checks"": 5, ""early_stop"": false}",two_way_two_restarts,two-way initialization with two noisy restarts,0.02,"(700, 2000, 4000)",5.0,1e-05
Hyb-Adam-UM,30,0.3,0.3047619047619048,3,57,105,32,73,32,True,True,True,True,,missing_p30_rep03_seed57.csv,,hyb_adam_um_outputs/logs/InitSensitivity_two_way_two_restarts_p30_rep03_seed57.log,hyb_adam_um_outputs/logs/epoch_logs/InitSensitivity_two_way_two_restarts_p30_rep03_seed57_epochs.csv,44.59016585702193,30.726670522340655,0.01352981939303228,0.06753114400514429,0.5250272210994384,58.523957020737264,0.022445654481427994,0.004764353802043404,0.00240030470399768,0.9951389756530451,0.9244868035190615,0.0,0.0,270.3699447271516,30.726670522340655,88.6353231483074,4500,5000,4500,0.0025,two_way_mean,2,0,270.3699447271516,30.726670522340655,0.23388963332927265,0.11949106526353737,0.1241590214067278,0.0346280688897031,0.1559264222195151,"{""epochs"": 5000, ""print_every"": 500, ""lr_init"": 0.02, ""lr_milestones"": [700, 2000, 4000], ""lr_factor"": 0.5, ""lr_min"": 0.0001, ""sched_patience_blocks"": 7, ""weight_decay"": 0.0, ""clip_grad_norm"": 5.0, ""h_central_diff"": 1e-05, ""beta1"": 0.9, ""beta2"": 0.999, ""adam_eps"": 1e-08, ""seed_hyb"": 42, ""init_strategy"": ""two_way_mean"", ""n_restarts"": 2, ""restart_jitter_scale"": 0.03, ""max_distance_factor"": 1.5, ""normalize_objective_by_triplets"": true, ""convergence_rel_tol"": 1e-07, ""convergence_patience_checks"": 5, ""early_stop"": false}",two_way_two_restarts,two-way initialization with two noisy restarts,0.02,"(700, 2000, 4000)",5.0,1e-05
Hyb-Adam-UM,30,0.3,0.3047619047619048,4,58,105,32,73,32,True,True,True,True,,missing_p30_rep04_seed58.csv,,hyb_adam_um_outputs/logs/InitSensitivity_two_way_two_restarts_p30_rep04_seed58.log,hyb_adam_um_outputs/logs/epoch_logs/InitSensitivity_two_way_two_restarts_p30_rep04_seed58_epochs.csv,44.27529301101458,34.35214292409173,0.014957074433260734,0.07549921521778402,0.5869757390451138,58.523957020737264,0.022445654481427994,0.004754674387204586,0.002244705676531167,0.9943948682804526,0.9442815249266862,0.0,0.0,275.5469305824215,34.35214292409173,87.5331063018986,5000,5000,5000,0.0025,two_way_mean,2,1,275.5469305824215,34.35214292409173,0.23388963332927265,0.12073653795899733,0.1247028707259096,0.0346280688897031,0.1559264222195151,"{""epochs"": 5000, ""print_every"": 500, ""lr_init"": 0.02, ""lr_milestones"": [700, 2000, 4000], ""lr_factor"": 0.5, ""lr_min"": 0.0001, ""sched_patience_blocks"": 7, ""weight_decay"": 0.0, ""clip_grad_norm"": 5.0, ""h_central_diff"": 1e-05, ""beta1"": 0.9, ""beta2"": 0.999, ""adam_eps"": 1e-08, ""seed_hyb"": 42, ""init_strategy"": ""two_way_mean"", ""n_restarts"": 2, ""restart_jitter_scale"": 0.03, ""max_distance_factor"": 1.5, ""normalize_objective_by_triplets"": true, ""convergence_rel_tol"": 1e-07, ""convergence_patience_checks"": 5, ""early_stop"": false}",two_way_two_restarts,two-way initialization with two noisy restarts,0.02,"(700, 2000, 4000)",5.0,1e-05
Hyb-Adam-UM,30,0.3,0.3047619047619048,5,59,105,32,73,32,True,True,True,True,,missing_p30_rep05_seed59.csv,,hyb_adam_um_outputs/logs/InitSensitivity_two_way_two_restarts_p30_rep05_seed59.log,hyb_adam_um_outputs/logs/epoch_logs/InitSensitivity_two_way_two_restarts_p30_rep05_seed59_epochs.csv,44.14000742099597,55.60449254240636,0.01976995663001875,0.12220767591737662,0.9501150532713223,58.523957020737264,0.022445654481427994,0.01726167819462152,0.005743156585854059,0.8420174884873624,0.9325513196480938,0.0,0.0,321.82785351509307,55.60449254240636,82.72228710626544,5000,5000,5000,0.0025,two_way_mean,2,1,321.82785351509307,55.60449254240636,0.23388963332927265,0.11612684359200375,0.1233794162826421,0.0161723422433784,0.1559264222195151,"{""epochs"": 5000, ""print_every"": 500, ""lr_init"": 0.02, ""lr_milestones"": [700, 2000, 4000], ""lr_factor"": 0.5, ""lr_min"": 0.0001, ""sched_patience_blocks"": 7, ""weight_decay"": 0.0, ""clip_grad_norm"": 5.0, ""h_central_diff"": 1e-05, ""beta1"": 0.9, ""beta2"": 0.999, ""adam_eps"": 1e-08, ""seed_hyb"": 42, ""init_strategy"": ""two_way_mean"", ""n_restarts"": 2, ""restart_jitter_scale"": 0.03, ""max_distance_factor"": 1.5, ""normalize_objective_by_triplets"": true, ""convergence_rel_tol"": 1e-07, ""convergence_patience_checks"": 5, ""early_stop"": false}",two_way_two_restarts,two-way initialization with two noisy restarts,0.02,"(700, 2000, 4000)",5.0,1e-05
Hyb-Adam-UM,50,0.5,0.49523809523809526,1,55,105,52,53,52,True,True,True,True,,missing_p50_rep01_seed55.csv,,hyb_adam_um_outputs/logs/InitSensitivity_two_way_two_restarts_p50_rep01_seed55.log,hyb_adam_um_outputs/logs/epoch_logs/InitSensitivity_two_way_two_restarts_p50_rep01_seed55_epochs.csv,71.79493938302039,28.864201167340056,0.012494266737686943,0.06343780476338474,0.49320317074787634,58.523957020737264,0.022445654481427994,0.018707863955027,0.006108355839428623,0.880061670676435,0.7805002988132843,0.0,0.0,411.0335866716981,28.864201167340056,92.97765386982974,4500,5000,4500,0.0025,two_way_mean,2,1,411.0335866716981,28.864201167340056,0.23388963332927265,0.11899061308824704,0.1231648135634867,0.0346280688897031,0.1559264222195151,"{""epochs"": 5000, ""print_every"": 500, ""lr_init"": 0.02, ""lr_milestones"": [700, 2000, 4000], ""lr_factor"": 0.5, ""lr_min"": 0.0001, ""sched_patience_blocks"": 7, ""weight_decay"": 0.0, ""clip_grad_norm"": 5.0, ""h_central_diff"": 1e-05, ""beta1"": 0.9, ""beta2"": 0.999, ""adam_eps"": 1e-08, ""seed_hyb"": 42, ""init_strategy"": ""two_way_mean"", ""n_restarts"": 2, ""restart_jitter_scale"": 0.03, ""max_distance_factor"": 1.5, ""normalize_objective_by_triplets"": true, ""convergence_rel_tol"": 1e-07, ""convergence_patience_checks"": 5, ""early_stop"": false}",two_way_two_restarts,two-way initialization with two noisy restarts,0.02,"(700, 2000, 4000)",5.0,1e-05
Hyb-Adam-UM,50,0.5,0.49523809523809526,2,56,105,52,53,52,True,True,True,True,,missing_p50_rep02_seed56.csv,,hyb_adam_um_outputs/logs/InitSensitivity_two_way_two_restarts_p50_rep02_seed56.log,hyb_adam_um_outputs/logs/epoch_logs/InitSensitivity_two_way_two_restarts_p50_rep02_seed56_epochs.csv,71.81468177799252,28.42712725962114,0.012177133862448893,0.06247720276839811,0.4857348803251347,58.523957020737264,0.022445654481427994,0.018566545222333173,0.006705377999478,0.8864645354363534,0.7548023563561853,0.0,0.0,319.2219084645149,28.42712725962114,91.09486958575052,4500,5000,4500,0.0025,two_way_mean,2,0,319.2219084645149,28.42712725962114,0.23388963332927265,0.12265998289748507,0.1244840980820587,0.0161723422433784,0.1559264222195151,"{""epochs"": 5000, ""print_every"": 500, ""lr_init"": 0.02, ""lr_milestones"": [700, 2000, 4000], ""lr_factor"": 0.5, ""lr_min"": 0.0001, ""sched_patience_blocks"": 7, ""weight_decay"": 0.0, ""clip_grad_norm"": 5.0, ""h_central_diff"": 1e-05, ""beta1"": 0.9, ""beta2"": 0.999, ""adam_eps"": 1e-08, ""seed_hyb"": 42, ""init_strategy"": ""two_way_mean"", ""n_restarts"": 2, ""restart_jitter_scale"": 0.03, ""max_distance_factor"": 1.5, ""normalize_objective_by_triplets"": true, ""convergence_rel_tol"": 1e-07, ""convergence_patience_checks"": 5, ""early_stop"": false}",two_way_two_restarts,two-way initialization with two noisy restarts,0.02,"(700, 2000, 4000)",5.0,1e-05
Hyb-Adam-UM,50,0.5,0.49523809523809526,3,57,105,52,53,52,True,True,True,True,,missing_p50_rep03_seed57.csv,,hyb_adam_um_outputs/logs/InitSensitivity_two_way_two_restarts_p50_rep03_seed57.log,hyb_adam_um_outputs/logs/epoch_logs/InitSensitivity_two_way_two_restarts_p50_rep03_seed57_epochs.csv,72.56647588702617,20.60544530656928,0.009181822669120938,0.04528669298147094,0.35208564757963967,58.523957020737264,0.022445654481427994,0.007223695625799576,0.003973417562209703,0.9956828717343711,0.9500554938956715,0.0,0.0,277.8403471016037,20.60544530656928,92.58371020569088,5000,5000,5000,0.0025,two_way_mean,2,1,277.8403471016037,20.60544530656928,0.23388963332927265,0.12047078444934654,0.1240295861605232,0.0382707733757883,0.1559264222195151,"{""epochs"": 5000, ""print_every"": 500, ""lr_init"": 0.02, ""lr_milestones"": [700, 2000, 4000], ""lr_factor"": 0.5, ""lr_min"": 0.0001, ""sched_patience_blocks"": 7, ""weight_decay"": 0.0, ""clip_grad_norm"": 5.0, ""h_central_diff"": 1e-05, ""beta1"": 0.9, ""beta2"": 0.999, ""adam_eps"": 1e-08, ""seed_hyb"": 42, ""init_strategy"": ""two_way_mean"", ""n_restarts"": 2, ""restart_jitter_scale"": 0.03, ""max_distance_factor"": 1.5, ""normalize_objective_by_triplets"": true, ""convergence_rel_tol"": 1e-07, ""convergence_patience_checks"": 5, ""early_stop"": false}",two_way_two_restarts,two-way initialization with two noisy restarts,0.02,"(700, 2000, 4000)",5.0,1e-05
Hyb-Adam-UM,50,0.5,0.49523809523809526,4,58,105,52,53,52,True,True,True,True,,missing_p50_rep04_seed58.csv,,hyb_adam_um_outputs/logs/InitSensitivity_two_way_two_restarts_p50_rep04_seed58.log,hyb_adam_um_outputs/logs/epoch_logs/InitSensitivity_two_way_two_restarts_p50_rep04_seed58_epochs.csv,71.94899525301298,23.63958876838706,0.010425902678458235,0.051955140150301234,0.4039301163455276,58.523957020737264,0.022445654481427994,0.018927313156497358,0.006818908313060561,0.868352776898664,0.7226158968667293,0.0,0.0,305.6745853243475,23.63958876838706,92.26641994351498,5000,5000,5000,0.0025,two_way_mean,2,0,305.6745853243475,23.63958876838706,0.23388963332927265,0.11861477645295795,0.1240295861605232,0.0346280688897031,0.1559264222195151,"{""epochs"": 5000, ""print_every"": 500, ""lr_init"": 0.02, ""lr_milestones"": [700, 2000, 4000], ""lr_factor"": 0.5, ""lr_min"": 0.0001, ""sched_patience_blocks"": 7, ""weight_decay"": 0.0, ""clip_grad_norm"": 5.0, ""h_central_diff"": 1e-05, ""beta1"": 0.9, ""beta2"": 0.999, ""adam_eps"": 1e-08, ""seed_hyb"": 42, ""init_strategy"": ""two_way_mean"", ""n_restarts"": 2, ""restart_jitter_scale"": 0.03, ""max_distance_factor"": 1.5, ""normalize_objective_by_triplets"": true, ""convergence_rel_tol"": 1e-07, ""convergence_patience_checks"": 5, ""early_stop"": false}",two_way_two_restarts,two-way initialization with two noisy restarts,0.02,"(700, 2000, 4000)",5.0,1e-05
Hyb-Adam-UM,50,0.5,0.49523809523809526,5,59,105,52,53,52,True,True,True,True,,missing_p50_rep05_seed59.csv,,hyb_adam_um_outputs/logs/InitSensitivity_two_way_two_restarts_p50_rep05_seed59.log,hyb_adam_um_outputs/logs/epoch_logs/InitSensitivity_two_way_two_restarts_p50_rep05_seed59_epochs.csv,71.70312802601256,26.48392680771837,0.011519021452126906,0.05820643254443598,0.4525313761394177,58.523957020737264,0.022445654481427994,0.0038172985669889894,0.002096406222127975,0.9949037097763248,0.897891231964484,0.0,0.0,383.9510479104004,26.48392680771837,93.10226474133788,4500,5000,4500,0.0025,two_way_mean,2,1,383.9510479104004,26.48392680771837,0.23388963332927265,0.1152604101989678,0.1231648135634867,0.0346280688897031,0.1559264222195151,"{""epochs"": 5000, ""print_every"": 500, ""lr_init"": 0.02, ""lr_milestones"": [700, 2000, 4000], ""lr_factor"": 0.5, ""lr_min"": 0.0001, ""sched_patience_blocks"": 7, ""weight_decay"": 0.0, ""clip_grad_norm"": 5.0, ""h_central_diff"": 1e-05, ""beta1"": 0.9, ""beta2"": 0.999, ""adam_eps"": 1e-08, ""seed_hyb"": 42, ""init_strategy"": ""two_way_mean"", ""n_restarts"": 2, ""restart_jitter_scale"": 0.03, ""max_distance_factor"": 1.5, ""normalize_objective_by_triplets"": true, ""convergence_rel_tol"": 1e-07, ""convergence_patience_checks"": 5, ""early_stop"": false}",two_way_two_restarts,two-way initialization with two noisy restarts,0.02,"(700, 2000, 4000)",5.0,1e-05
Hyb-Adam-UM,65,0.65,0.6476190476190476,1,55,105,68,37,68,True,True,True,True,,missing_p65_rep01_seed55.csv,,hyb_adam_um_outputs/logs/InitSensitivity_two_way_two_restarts_p65_rep01_seed55.log,hyb_adam_um_outputs/logs/epoch_logs/InitSensitivity_two_way_two_restarts_p65_rep01_seed55_epochs.csv,93.44599346900941,17.97818462368714,0.00798009459755172,0.03951249367843328,0.3071935928275798,58.523957020737264,0.022445654481427994,0.016617059065471385,0.005825538541225566,0.9081137639500514,0.8150933312974766,0.0,0.0,324.86266262037,17.97818462368714,94.46591230932063,4500,5000,4500,0.0025,two_way_mean,2,1,324.86266262037,17.97818462368714,0.23388963332927265,0.11873638961731445,0.1221583964800782,0.0346280688897031,0.1559264222195151,"{""epochs"": 5000, ""print_every"": 500, ""lr_init"": 0.02, ""lr_milestones"": [700, 2000, 4000], ""lr_factor"": 0.5, ""lr_min"": 0.0001, ""sched_patience_blocks"": 7, ""weight_decay"": 0.0, ""clip_grad_norm"": 5.0, ""h_central_diff"": 1e-05, ""beta1"": 0.9, ""beta2"": 0.999, ""adam_eps"": 1e-08, ""seed_hyb"": 42, ""init_strategy"": ""two_way_mean"", ""n_restarts"": 2, ""restart_jitter_scale"": 0.03, ""max_distance_factor"": 1.5, ""normalize_objective_by_triplets"": true, ""convergence_rel_tol"": 1e-07, ""convergence_patience_checks"": 5, ""early_stop"": false}",two_way_two_restarts,two-way initialization with two noisy restarts,0.02,"(700, 2000, 4000)",5.0,1e-05
Hyb-Adam-UM,65,0.65,0.6476190476190476,2,56,105,68,37,68,True,True,True,True,,missing_p65_rep02_seed56.csv,,hyb_adam_um_outputs/logs/InitSensitivity_two_way_two_restarts_p65_rep02_seed56.log,hyb_adam_um_outputs/logs/epoch_logs/InitSensitivity_two_way_two_restarts_p65_rep02_seed56_epochs.csv,93.62976591498591,20.52284710377954,0.007903296659713656,0.04510515846984514,0.35067429047061044,58.523957020737264,0.022445654481427994,0.03461233773496583,0.017154687336355712,0.63675474694267,0.7742107874947513,0.0,0.0,255.58228956403246,20.52284710377954,91.97016071074914,4500,5000,4500,0.0025,two_way_mean,2,1,255.58228956403246,20.52284710377954,0.23357819329771726,0.12451406584640105,0.1256247714250883,0.0161723422433784,0.1557187955318115,"{""epochs"": 5000, ""print_every"": 500, ""lr_init"": 0.02, ""lr_milestones"": [700, 2000, 4000], ""lr_factor"": 0.5, ""lr_min"": 0.0001, ""sched_patience_blocks"": 7, ""weight_decay"": 0.0, ""clip_grad_norm"": 5.0, ""h_central_diff"": 1e-05, ""beta1"": 0.9, ""beta2"": 0.999, ""adam_eps"": 1e-08, ""seed_hyb"": 42, ""init_strategy"": ""two_way_mean"", ""n_restarts"": 2, ""restart_jitter_scale"": 0.03, ""max_distance_factor"": 1.5, ""normalize_objective_by_triplets"": true, ""convergence_rel_tol"": 1e-07, ""convergence_patience_checks"": 5, ""early_stop"": false}",two_way_two_restarts,two-way initialization with two noisy restarts,0.02,"(700, 2000, 4000)",5.0,1e-05
Hyb-Adam-UM,65,0.65,0.6476190476190476,3,57,105,68,37,68,True,True,True,True,,missing_p65_rep03_seed57.csv,,hyb_adam_um_outputs/logs/InitSensitivity_two_way_two_restarts_p65_rep03_seed57.log,hyb_adam_um_outputs/logs/epoch_logs/InitSensitivity_two_way_two_restarts_p65_rep03_seed57_epochs.csv,94.729201189999,14.300597491055296,0.006417136073390792,0.031429884595725925,0.24435458945450408,58.523957020737264,0.022445654481427994,0.009084332819436531,0.0057288104837344925,0.9771047444835579,0.9021643699660266,0.0,0.0,223.16849247987074,14.300597491055296,93.59201770279235,5000,5000,5000,0.0025,two_way_mean,2,0,223.16849247987074,14.300597491055296,0.232323845360199,0.1172884510152092,0.1231648135634867,0.0382707733757883,0.154882563573466,"{""epochs"": 5000, ""print_every"": 500, ""lr_init"": 0.02, ""lr_milestones"": [700, 2000, 4000], ""lr_factor"": 0.5, ""lr_min"": 0.0001, ""sched_patience_blocks"": 7, ""weight_decay"": 0.0, ""clip_grad_norm"": 5.0, ""h_central_diff"": 1e-05, ""beta1"": 0.9, ""beta2"": 0.999, ""adam_eps"": 1e-08, ""seed_hyb"": 42, ""init_strategy"": ""two_way_mean"", ""n_restarts"": 2, ""restart_jitter_scale"": 0.03, ""max_distance_factor"": 1.5, ""normalize_objective_by_triplets"": true, ""convergence_rel_tol"": 1e-07, ""convergence_patience_checks"": 5, ""early_stop"": false}",two_way_two_restarts,two-way initialization with two noisy restarts,0.02,"(700, 2000, 4000)",5.0,1e-05
Hyb-Adam-UM,65,0.65,0.6476190476190476,4,58,105,68,37,68,True,True,True,True,,missing_p65_rep04_seed58.csv,,hyb_adam_um_outputs/logs/InitSensitivity_two_way_two_restarts_p65_rep04_seed58.log,hyb_adam_um_outputs/logs/epoch_logs/InitSensitivity_two_way_two_restarts_p65_rep04_seed58_epochs.csv,94.80541281498154,14.668383595177445,0.006562793830548954,0.03223820570368669,0.2506389578199553,58.523957020737264,0.022445654481427994,0.017108545882135073,0.006383195620930158,0.8973708065576446,0.7960071763942436,0.0,0.0,551.373609699288,14.668383595177445,97.33966527647607,4500,5000,4500,0.0025,two_way_mean,2,1,551.373609699288,14.668383595177445,0.23388963332927265,0.11967359822654977,0.1247028707259096,0.0346280688897031,0.1559264222195151,"{""epochs"": 5000, ""print_every"": 500, ""lr_init"": 0.02, ""lr_milestones"": [700, 2000, 4000], ""lr_factor"": 0.5, ""lr_min"": 0.0001, ""sched_patience_blocks"": 7, ""weight_decay"": 0.0, ""clip_grad_norm"": 5.0, ""h_central_diff"": 1e-05, ""beta1"": 0.9, ""beta2"": 0.999, ""adam_eps"": 1e-08, ""seed_hyb"": 42, ""init_strategy"": ""two_way_mean"", ""n_restarts"": 2, ""restart_jitter_scale"": 0.03, ""max_distance_factor"": 1.5, ""normalize_objective_by_triplets"": true, ""convergence_rel_tol"": 1e-07, ""convergence_patience_checks"": 5, ""early_stop"": false}",two_way_two_restarts,two-way initialization with two noisy restarts,0.02,"(700, 2000, 4000)",5.0,1e-05
Hyb-Adam-UM,65,0.65,0.6476190476190476,5,59,105,68,37,68,True,True,True,True,,missing_p65_rep05_seed59.csv,,hyb_adam_um_outputs/logs/InitSensitivity_two_way_two_restarts_p65_rep05_seed59.log,hyb_adam_um_outputs/logs/epoch_logs/InitSensitivity_two_way_two_restarts_p65_rep05_seed59_epochs.csv,94.61400021400186,17.07114460261916,0.00751033667489315,0.03751899912663552,0.2916949822201907,58.523957020737264,0.022445654481427994,0.0036531321226754647,0.002107163651759154,0.9955190146457881,0.9185402908730006,0.0,0.0,328.617400782967,17.07114460261916,94.80516108947813,5000,5000,5000,0.0025,two_way_mean,2,1,328.617400782967,17.07114460261916,0.23388963332927265,0.11091007067996113,0.1221392581800522,0.0346280688897031,0.1559264222195151,"{""epochs"": 5000, ""print_every"": 500, ""lr_init"": 0.02, ""lr_milestones"": [700, 2000, 4000], ""lr_factor"": 0.5, ""lr_min"": 0.0001, ""sched_patience_blocks"": 7, ""weight_decay"": 0.0, ""clip_grad_norm"": 5.0, ""h_central_diff"": 1e-05, ""beta1"": 0.9, ""beta2"": 0.999, ""adam_eps"": 1e-08, ""seed_hyb"": 42, ""init_strategy"": ""two_way_mean"", ""n_restarts"": 2, ""restart_jitter_scale"": 0.03, ""max_distance_factor"": 1.5, ""normalize_objective_by_triplets"": true, ""convergence_rel_tol"": 1e-07, ""convergence_patience_checks"": 5, ""early_stop"": false}",two_way_two_restarts,two-way initialization with two noisy restarts,0.02,"(700, 2000, 4000)",5.0,1e-05
Hyb-Adam-UM,85,0.85,0.8476190476190476,1,55,105,89,16,89,True,True,True,True,,missing_p85_rep01_seed55.csv,,hyb_adam_um_outputs/logs/InitSensitivity_two_way_two_restarts_p85_rep01_seed55.log,hyb_adam_um_outputs/logs/epoch_logs/InitSensitivity_two_way_two_restarts_p85_rep01_seed55_epochs.csv,123.21178024698747,3.7741991664991783,0.0017474800541491732,0.008294943223075116,0.06448981508823534,58.523957020737264,0.022445654481427994,0.04771694834431271,0.029263523085862605,0.04774298299882214,0.11722846441947568,0.0,0.0,156.43192632880238,3.7741991664991783,97.58732168357612,4500,5000,4500,0.0025,two_way_mean,2,0,156.43192632880238,3.7741991664991783,0.23388963332927265,0.11924591938909773,0.1243662284432164,0.038749233599019,0.1559264222195151,"{""epochs"": 5000, ""print_every"": 500, ""lr_init"": 0.02, ""lr_milestones"": [700, 2000, 4000], ""lr_factor"": 0.5, ""lr_min"": 0.0001, ""sched_patience_blocks"": 7, ""weight_decay"": 0.0, ""clip_grad_norm"": 5.0, ""h_central_diff"": 1e-05, ""beta1"": 0.9, ""beta2"": 0.999, ""adam_eps"": 1e-08, ""seed_hyb"": 42, ""init_strategy"": ""two_way_mean"", ""n_restarts"": 2, ""restart_jitter_scale"": 0.03, ""max_distance_factor"": 1.5, ""normalize_objective_by_triplets"": true, ""convergence_rel_tol"": 1e-07, ""convergence_patience_checks"": 5, ""early_stop"": false}",two_way_two_restarts,two-way initialization with two noisy restarts,0.02,"(700, 2000, 4000)",5.0,1e-05
Hyb-Adam-UM,85,0.85,0.8476190476190476,2,56,105,89,16,89,True,True,True,True,,missing_p85_rep02_seed56.csv,,hyb_adam_um_outputs/logs/InitSensitivity_two_way_two_restarts_p85_rep02_seed56.log,hyb_adam_um_outputs/logs/epoch_logs/InitSensitivity_two_way_two_restarts_p85_rep02_seed56_epochs.csv,122.2834443449974,2.3600290320800035,0.0011031307681412439,0.0051868769935824255,0.04032586230018171,58.523957020737264,0.022445654481427994,0.047329150115163476,0.029718733228539927,0.25658098255910894,0.038559754851889685,0.0,0.0,66.60334838316946,2.3600290320800035,96.45659101325846,5000,5000,5000,0.0025,two_way_mean,2,0,66.60334838316946,2.3600290320800035,0.22972232371209345,0.1302185178254612,0.13221931105635548,0.0384922830965996,0.1531482158080623,"{""epochs"": 5000, ""print_every"": 500, ""lr_init"": 0.02, ""lr_milestones"": [700, 2000, 4000], ""lr_factor"": 0.5, ""lr_min"": 0.0001, ""sched_patience_blocks"": 7, ""weight_decay"": 0.0, ""clip_grad_norm"": 5.0, ""h_central_diff"": 1e-05, ""beta1"": 0.9, ""beta2"": 0.999, ""adam_eps"": 1e-08, ""seed_hyb"": 42, ""init_strategy"": ""two_way_mean"", ""n_restarts"": 2, ""restart_jitter_scale"": 0.03, ""max_distance_factor"": 1.5, ""normalize_objective_by_triplets"": true, ""convergence_rel_tol"": 1e-07, ""convergence_patience_checks"": 5, ""early_stop"": false}",two_way_two_restarts,two-way initialization with two noisy restarts,0.02,"(700, 2000, 4000)",5.0,1e-05
Hyb-Adam-UM,85,0.85,0.8476190476190476,3,57,105,89,16,89,True,True,True,True,,missing_p85_rep03_seed57.csv,,hyb_adam_um_outputs/logs/InitSensitivity_two_way_two_restarts_p85_rep03_seed57.log,hyb_adam_um_outputs/logs/epoch_logs/InitSensitivity_two_way_two_restarts_p85_rep03_seed57_epochs.csv,122.96907509100856,2.7122917970396165,0.0012757725571615188,0.005961080872614542,0.04634498306528638,58.523957020737264,0.022445654481427994,0.046806835884567244,0.029048989658831792,0.20165031000136002,0.10812053115423904,0.0,0.0,181.55986521597396,2.7122917970396165,98.50611709046312,4500,5000,4500,0.0025,two_way_mean,2,0,181.55986521597396,2.7122917970396165,0.23006806028196403,0.12470114249399461,0.13795746474355286,0.0382707733757883,0.1533787068546427,"{""epochs"": 5000, ""print_every"": 500, ""lr_init"": 0.02, ""lr_milestones"": [700, 2000, 4000], ""lr_factor"": 0.5, ""lr_min"": 0.0001, ""sched_patience_blocks"": 7, ""weight_decay"": 0.0, ""clip_grad_norm"": 5.0, ""h_central_diff"": 1e-05, ""beta1"": 0.9, ""beta2"": 0.999, ""adam_eps"": 1e-08, ""seed_hyb"": 42, ""init_strategy"": ""two_way_mean"", ""n_restarts"": 2, ""restart_jitter_scale"": 0.03, ""max_distance_factor"": 1.5, ""normalize_objective_by_triplets"": true, ""convergence_rel_tol"": 1e-07, ""convergence_patience_checks"": 5, ""early_stop"": false}",two_way_two_restarts,two-way initialization with two noisy restarts,0.02,"(700, 2000, 4000)",5.0,1e-05
Hyb-Adam-UM,85,0.85,0.8476190476190476,4,58,105,89,16,89,True,True,True,True,,missing_p85_rep04_seed58.csv,,hyb_adam_um_outputs/logs/InitSensitivity_two_way_two_restarts_p85_rep04_seed58.log,hyb_adam_um_outputs/logs/epoch_logs/InitSensitivity_two_way_two_restarts_p85_rep04_seed58_epochs.csv,123.88311147797504,4.411441308697272,0.002061127377328662,0.009695475403730268,0.0753783840544844,58.523957020737264,0.022445654481427994,0.03611755276103232,0.02070833391851367,0.48023771664622555,0.3554477357848145,0.0,0.0,182.18285001857893,4.411441308697272,97.57856389432517,4500,5000,4500,0.0025,two_way_mean,2,0,182.18285001857893,4.411441308697272,0.23064958828911242,0.11209005267518451,0.1206759550676425,0.0384922830965996,0.1537663921927416,"{""epochs"": 5000, ""print_every"": 500, ""lr_init"": 0.02, ""lr_milestones"": [700, 2000, 4000], ""lr_factor"": 0.5, ""lr_min"": 0.0001, ""sched_patience_blocks"": 7, ""weight_decay"": 0.0, ""clip_grad_norm"": 5.0, ""h_central_diff"": 1e-05, ""beta1"": 0.9, ""beta2"": 0.999, ""adam_eps"": 1e-08, ""seed_hyb"": 42, ""init_strategy"": ""two_way_mean"", ""n_restarts"": 2, ""restart_jitter_scale"": 0.03, ""max_distance_factor"": 1.5, ""normalize_objective_by_triplets"": true, ""convergence_rel_tol"": 1e-07, ""convergence_patience_checks"": 5, ""early_stop"": false}",two_way_two_restarts,two-way initialization with two noisy restarts,0.02,"(700, 2000, 4000)",5.0,1e-05
Hyb-Adam-UM,85,0.85,0.8476190476190476,5,59,105,89,16,89,True,True,True,True,,missing_p85_rep05_seed59.csv,,hyb_adam_um_outputs/logs/InitSensitivity_two_way_two_restarts_p85_rep05_seed59.log,hyb_adam_um_outputs/logs/epoch_logs/InitSensitivity_two_way_two_restarts_p85_rep05_seed59_epochs.csv,122.95545935598784,6.780077546872446,0.00275919588682932,0.014901269333785596,0.1158513178538151,58.523957020737264,0.022445654481427994,0.030065370924351204,0.013908777085037,0.645711314514936,0.7770173646578141,0.0,0.0,377.17874660266625,6.780077546872446,98.20242322560799,4500,5000,4500,0.0025,two_way_mean,2,1,377.17874660266625,6.780077546872446,0.22820919175911242,0.11340612260593529,0.12388201480257025,0.0346280688897031,0.1521394611727416,"{""epochs"": 5000, ""print_every"": 500, ""lr_init"": 0.02, ""lr_milestones"": [700, 2000, 4000], ""lr_factor"": 0.5, ""lr_min"": 0.0001, ""sched_patience_blocks"": 7, ""weight_decay"": 0.0, ""clip_grad_norm"": 5.0, ""h_central_diff"": 1e-05, ""beta1"": 0.9, ""beta2"": 0.999, ""adam_eps"": 1e-08, ""seed_hyb"": 42, ""init_strategy"": ""two_way_mean"", ""n_restarts"": 2, ""restart_jitter_scale"": 0.03, ""max_distance_factor"": 1.5, ""normalize_objective_by_triplets"": true, ""convergence_rel_tol"": 1e-07, ""convergence_patience_checks"": 5, ""early_stop"": false}",two_way_two_restarts,two-way initialization with two noisy restarts,0.02,"(700, 2000, 4000)",5.0,1e-05
