method,pct_missing,replicate,mask_seed,file,path,success,error_message,n_taxa,n_pairs,n_edges,n_terminal_edges,n_internal_edges,nnls_rnorm,branch_fit_solver,tree_length_ref,tree_length_hat,tree_length_abs_error,tree_length_rel_error,missingness_actual,n_pairs_total,n_missing,n_observed,optimized_variables,masked_file,runtime_seconds,RMSE_miss,MAE_miss,Pearson_miss,Spearman_miss,max_abs_error_observed,mean_abs_error_observed,__metadata_scope,__metadata_source,edge_BL_MAE,edge_BL_RMSE,edge_BL_Bias,edge_BL_MaxAE,edge_BL_Pearson,edge_BL_Spearman,edge_BL_rel_RMSE,edge_BL_rel_MAE,terminal_BL_MAE,terminal_BL_RMSE,terminal_BL_Bias,terminal_BL_MaxAE,terminal_BL_Pearson,terminal_BL_Spearman,terminal_BL_rel_RMSE,terminal_BL_rel_MAE,internal_BL_MAE,internal_BL_RMSE,internal_BL_Bias,internal_BL_MaxAE,internal_BL_Pearson,internal_BL_Spearman,internal_BL_rel_RMSE,internal_BL_rel_MAE,fit_pat_MAE,fit_pat_RMSE,fit_pat_Bias,fit_pat_MaxAE,fit_pat_Pearson,fit_pat_Spearman,fit_pat_rel_RMSE,fit_pat_rel_MAE,input_vs_ML_pat_MAE,input_vs_ML_pat_RMSE,input_vs_ML_pat_Bias,input_vs_ML_pat_MaxAE,input_vs_ML_pat_Pearson,input_vs_ML_pat_Spearman,input_vs_ML_pat_rel_RMSE,input_vs_ML_pat_rel_MAE
MDS-SMACOF,30,1,55,MDS_SMACOF_completed_p30_rep01_seed55.csv,mds_smacof_outputs/completed_matrices/MDS_SMACOF_completed_p30_rep01_seed55.csv,True,,15,105,27,15,12,0.13282701690623025,scipy.optimize.nnls,3.17394,1.4142655654908578,1.7596744345091422,0.5544132638011878,0.3047619047619048,105,32,73,210,missing_p30_rep01_seed55.csv,0.0472497480000129,0.036044116640879,0.0292365648885919,0.8692973391566928,0.8251466275659823,0.0,0.0,method_specific,mds_smacof_outputs/tables/mds_smacof_all_masks_detailed.csv,0.06586962198309256,0.09232657374369768,-0.06517312720404231,0.23146242500387482,0.6875313865085617,0.6188368260162176,0.6315890640297087,0.5603381896140126,0.06438836599254023,0.09313463739495904,-0.06416317305408546,0.23146242500387482,0.8247297368344979,0.9249999999999998,0.5364200726758234,0.4369005622325326,0.06772119197128294,0.09130643810789235,-0.06643556989148834,0.21305585396104634,0.09855760404881218,0.04203158810030077,0.8953654314414439,0.8436062157097873,0.40556156451871306,0.4591557862718078,-0.40555266192259204,0.7411401102006577,0.9116735411182775,0.853856520837653,0.6726966519835519,0.640455711067736,0.4062069502196362,0.4593885048085666,-0.40555266192259204,0.7593259415278816,0.8727438550714126,0.8413953970557744,0.6730376015810802,0.6414748928496393
MDS-SMACOF,30,2,56,MDS_SMACOF_completed_p30_rep02_seed56.csv,mds_smacof_outputs/completed_matrices/MDS_SMACOF_completed_p30_rep02_seed56.csv,True,,15,105,27,15,12,0.20195542776115605,scipy.optimize.nnls,3.17394,1.5417403821866853,1.6321996178133147,0.5142503065002221,0.3047619047619048,105,32,73,210,missing_p30_rep02_seed56.csv,0.0460830219999479,0.0613728843937594,0.0448149056048421,0.4672417859469536,0.4776392961876832,0.0,0.0,method_specific,mds_smacof_outputs/tables/mds_smacof_all_masks_detailed.csv,0.0733656176199419,0.09316146932136454,-0.06045183769678943,0.22281379758995107,0.583945562259495,0.6090410421646603,0.637300430704324,0.6241049533823675,0.0764562710419268,0.09693588358484867,-0.05321146718025235,0.22281379758995107,0.7278509171430911,0.6035714285714285,0.5583138043150219,0.5187860771042201,0.06950230084246077,0.08821664619441627,-0.06950230084246077,0.18598891080178848,0.7901859643496576,0.7042428152039988,0.8650664412825597,0.8657935764286981,0.4074883243192738,0.45912684624863714,-0.40123617028331804,0.7245714337951299,0.9431031696902357,0.9315467551316609,0.6726542527428643,0.643498416358582,0.40894346495747225,0.4596861648378502,-0.40123617028331804,0.7444906211978439,0.8082796874117174,0.8216048102840555,0.6734736951926934,0.6457963489381816
MDS-SMACOF,30,3,57,MDS_SMACOF_completed_p30_rep03_seed57.csv,mds_smacof_outputs/completed_matrices/MDS_SMACOF_completed_p30_rep03_seed57.csv,True,,15,105,27,15,12,0.12415442997313611,scipy.optimize.nnls,3.17394,1.4472319090329702,1.7267080909670298,0.5440266958313735,0.3047619047619048,105,32,73,210,missing_p30_rep03_seed57.csv,0.0477100269999937,0.0372328196796173,0.0317227556498105,0.7562415730718473,0.6473607038123167,0.0,0.0,method_specific,mds_smacof_outputs/tables/mds_smacof_all_masks_detailed.csv,0.06507114260160447,0.09253633849235622,-0.06395215151729741,0.2213440648974325,0.6556852844613402,0.6145389051330473,0.6330240259902755,0.5535457035241123,0.06248081284676024,0.09218980964716182,-0.06248081284676024,0.2213440648974325,0.8012572624206108,0.8607142857142854,0.5309782243655088,0.4239570587124049,0.06830905479515977,0.09296768317572468,-0.06579132485546887,0.2182014402982595,-0.11700277915414042,-0.07042428152039987,0.911655864380379,0.8509292517900957,0.4037946075658304,0.457352520059092,-0.4037946075658304,0.7186429241725822,0.9053581132235861,0.9264461953141199,0.6700547357098214,0.6376653636317616,0.4038589097554507,0.4577443696891041,-0.40379460756583047,0.7499268816843347,0.8654765292049346,0.865954799917064,0.6706288239432083,0.6377669085220555
MDS-SMACOF,30,4,58,MDS_SMACOF_completed_p30_rep04_seed58.csv,mds_smacof_outputs/completed_matrices/MDS_SMACOF_completed_p30_rep04_seed58.csv,True,,15,105,27,15,12,0.1348590632060686,scipy.optimize.nnls,3.17394,1.3876597182802026,1.7862802817197974,0.5627958567962209,0.3047619047619048,105,32,73,210,missing_p30_rep04_seed58.csv,0.0471859730000687,0.0340969419195401,0.0297108206774196,0.8182500598049688,0.7983870967741934,0.0,0.0,method_specific,mds_smacof_outputs/tables/mds_smacof_all_masks_detailed.csv,0.06615852895258507,0.09228976616974657,-0.06615852895258507,0.23097222704371578,0.71062470655159,0.6373626373626373,0.6313372702043956,0.5627958567962208,0.06667270742901497,0.09308084499645573,-0.06667270742901497,0.23097222704371578,0.8623540755353378,0.95,0.5361102489290235,0.45240072352009364,0.06551580585704771,0.09129127823993842,-0.06551580585704771,0.2111813993372827,-0.021040779217461423,0.02097902097902098,0.8952167713689183,0.8161336125282334,0.40888930154128744,0.461179220665278,-0.40888930154128744,0.7344818796071101,0.9162932259888857,0.9249533485382542,0.6756611306696377,0.6457108150211112,0.40888930154128744,0.46136697192395454,-0.40888930154128744,0.7628643712753748,0.8811068797922084,0.867509848641924,0.6759361999312993,0.6457108150211112
MDS-SMACOF,30,5,59,MDS_SMACOF_completed_p30_rep05_seed59.csv,mds_smacof_outputs/completed_matrices/MDS_SMACOF_completed_p30_rep05_seed59.csv,True,,15,105,27,15,12,0.14342186443914282,scipy.optimize.nnls,3.17394,1.4209094259898536,1.7530305740101464,0.552320010463382,0.3047619047619048,105,32,73,210,missing_p30_rep05_seed59.csv,0.0302925860000868,0.0348507901386358,0.0270418309617954,0.7302737458360894,0.6528592375366569,0.0,0.0,method_specific,mds_smacof_outputs/tables/mds_smacof_all_masks_detailed.csv,0.0649270582966721,0.0901930908101546,-0.0649270582966721,0.22215348558203918,0.7352815969521628,0.7055411469775426,0.6169943007402088,0.552320010463382,0.06404435365669542,0.09232802306809679,-0.06404435365669542,0.22215348558203918,0.8530057869925157,0.8142857142857142,0.531774281078419,0.4345663022986349,0.06603043909664295,0.08745116272909709,-0.06603043909664295,0.18556262900549403,0.5323801849467495,0.4203158810030078,0.8575599888637618,0.8225444240791805,0.4054033690929856,0.45806411592318574,-0.4054033690929856,0.7255784389984062,0.9199909919601846,0.9585942359527265,0.6710972754526568,0.6402058916254223,0.4054033690929856,0.45832574781610275,-0.4054033690929856,0.7625356011753524,0.878271162194195,0.8704126062616628,0.6714805852217582,0.6402058916254223
MDS-SMACOF,30,6,60,MDS_SMACOF_completed_p30_rep06_seed60.csv,mds_smacof_outputs/completed_matrices/MDS_SMACOF_completed_p30_rep06_seed60.csv,True,,15,105,27,15,12,0.13748748976712216,scipy.optimize.nnls,3.17394,1.3917732471494637,1.7821667528505363,0.5614998244612489,0.3047619047619048,105,32,73,210,missing_p30_rep06_seed60.csv,0.0354105569999774,0.0334662653044127,0.0277619115248126,0.8299792665450676,0.6972140762463341,0.0,0.0,method_specific,mds_smacof_outputs/tables/mds_smacof_all_masks_detailed.csv,0.0660799883460544,0.09044312396499499,-0.06600617603150136,0.22971685329792957,0.7646370410396878,0.6612730957824998,0.6187047314411294,0.5621277293658572,0.06733455145079308,0.09345241583849799,-0.06733455145079308,0.22971685329792957,0.9031334877722924,0.9357142857142854,0.5382503555925333,0.45689159731022205,0.06451178446513105,0.08653446989880577,-0.06434570675738668,0.18266398036357612,0.5276071094548967,-0.05954474980875943,0.8485707534001772,0.8036264687188678,0.4072097630885133,0.459819008189106,-0.4072097630885133,0.7404572687089364,0.9192763566011196,0.8911569562512959,0.6736683203728608,0.6430585173476037,0.40723882286740304,0.46002990939379046,-0.40720976308851337,0.7614597540609922,0.8813340319491831,0.850611652498445,0.6739773059906672,0.643104408040856
MDS-SMACOF,30,7,61,MDS_SMACOF_completed_p30_rep07_seed61.csv,mds_smacof_outputs/completed_matrices/MDS_SMACOF_completed_p30_rep07_seed61.csv,True,,15,105,27,15,12,0.15119949438993158,scipy.optimize.nnls,3.17394,1.4651372356550163,1.7088027643449837,0.5383853394660844,0.3047619047619048,105,32,73,210,missing_p30_rep07_seed61.csv,0.0372116030000597,0.0415087266213011,0.0331059275780239,0.918630413875556,0.8969941348973607,0.0,0.0,method_specific,mds_smacof_outputs/tables/mds_smacof_all_masks_detailed.csv,0.07080439792136412,0.09178228649391938,-0.06328899127203644,0.2219092443819184,0.6794494321139948,0.7140894603117577,0.6278656953319264,0.6023172283902125,0.07358577675339435,0.09539298475283328,-0.06005804478460453,0.2219092443819184,0.9351319147176888,0.932142857142857,0.549427294132013,0.4993086365881741,0.06732767438132632,0.0870585798847472,-0.06732767438132632,0.18723592238687176,0.7840304519981812,0.7460606887803388,0.8537102591503709,0.8387041477571248,0.40504186789054347,0.45703534331380086,-0.40249946828041305,0.7223482284799965,0.9702620228603874,0.9666390213560025,0.6695900486885017,0.6396350152655368,0.40656113506756314,0.45737156237488097,-0.40249946828041305,0.7568549476763586,0.9051194880808098,0.9061268919759486,0.670082634088673,0.6420342153507684
MDS-SMACOF,30,8,62,MDS_SMACOF_completed_p30_rep08_seed62.csv,mds_smacof_outputs/completed_matrices/MDS_SMACOF_completed_p30_rep08_seed62.csv,True,,15,105,27,15,12,0.1467387772603189,scipy.optimize.nnls,3.17394,1.3821054650829578,1.7918345349170421,0.56454581211902,0.3047619047619048,105,32,73,210,missing_p30_rep08_seed62.csv,0.0449960269997973,0.0338141964454234,0.0281058960289897,0.7613791679136019,0.720307917888563,0.0,0.0,method_specific,mds_smacof_outputs/tables/mds_smacof_all_masks_detailed.csv,0.0663642420339645,0.09124215211459076,-0.0663642420339645,0.21919263063862282,0.7456332166185249,0.7234432234432234,0.624170735655014,0.5645458121190198,0.06668245360623488,0.09311623786494526,-0.06668245360623488,0.21919263063862282,0.9022509037061002,0.8714285714285712,0.5363140983841607,0.4524668551921956,0.06596647756862654,0.08884397015542715,-0.06596647756862654,0.19632615543501866,0.4050204065139633,0.49650349650349657,0.8712180796625428,0.821747652182079,0.40870495269183443,0.46068064623802024,-0.40870495269183443,0.731947018255168,0.928851852652791,0.9405245697698528,0.6749306828390569,0.6454196945506567,0.40870495269183454,0.460944018234668,-0.40870495269183454,0.718501025992111,0.8855906513613979,0.8698009537632179,0.6753165419867978,0.6454196945506568
MDS-SMACOF,30,9,63,MDS_SMACOF_completed_p30_rep09_seed63.csv,mds_smacof_outputs/completed_matrices/MDS_SMACOF_completed_p30_rep09_seed63.csv,True,,15,105,27,15,12,0.1599371459410043,scipy.optimize.nnls,3.17394,1.4507017289992323,1.7232382710007677,0.5429334741679955,0.3047619047619048,105,32,73,210,missing_p30_rep09_seed63.csv,0.044452475999833,0.042859973341311,0.0330271907082863,0.8369480996829977,0.813049853372434,0.0,0.0,method_specific,mds_smacof_outputs/tables/mds_smacof_all_masks_detailed.csv,0.07039133559451738,0.0924627391236835,-0.0638236396666951,0.22152274803449476,0.6654313039730383,0.6927307340167751,0.6325205462824481,0.5988033992614761,0.07133115739108208,0.09470601711895134,-0.05950930472100198,0.22152274803449476,0.9332559073857537,0.8428571428571429,0.5454706219593372,0.48401015134429154,0.06921655834881152,0.08957967786224401,-0.06921655834881152,0.1968573118860359,0.6683017793697361,0.7746670967243986,0.8784325462651112,0.8622340681460154,0.4078736468834045,0.45965501988192925,-0.4058186413586197,0.7333094701107775,0.9561717316789008,0.9310180385652084,0.6734280655650146,0.6441069109951327,0.40939215631860437,0.46006848516095933,-0.4058186413586197,0.7548060612550351,0.8875637672736414,0.8732738959154053,0.6740338222977639,0.6465049144677698
MDS-SMACOF,30,10,64,MDS_SMACOF_completed_p30_rep10_seed64.csv,mds_smacof_outputs/completed_matrices/MDS_SMACOF_completed_p30_rep10_seed64.csv,True,,15,105,27,15,12,0.18137523069379224,scipy.optimize.nnls,3.17394,1.5588684312105434,1.6150715687894566,0.5088538437366354,0.3047619047619048,105,32,73,210,missing_p30_rep10_seed64.csv,0.0307066269999722,0.0637556190214414,0.0461845523817635,0.5087214453373884,0.6579912023460409,0.0,0.0,method_specific,mds_smacof_outputs/tables/mds_smacof_all_masks_detailed.csv,0.07428851733929188,0.09473849684413613,-0.05981746551072059,0.2228971361786286,0.53399813542583,0.5982881688189504,0.6480885851507504,0.6319558555489017,0.07618052548762284,0.09643970563282259,-0.05013263219619452,0.2228971361786286,0.6185057807122524,0.6178571428571428,0.5554560081123345,0.5169150343179739,0.0719235071538782,0.09256803031534452,-0.0719235071538782,0.2178599366799916,0.591776002398621,0.7106115081357965,0.9077368049670851,0.895954662410375,0.40750446967857507,0.45809356245788546,-0.4000509916012963,0.7197265204916073,0.9361479544474435,0.9507360563964338,0.671140416769607,0.6435239128268777,0.4098710674931966,0.45872726966668964,-0.4000509916012963,0.7515054719727652,0.8170154375566117,0.8739062823968484,0.6720688439623943,0.6472612025968624
MDS-SMACOF,30,11,65,MDS_SMACOF_completed_p30_rep11_seed65.csv,mds_smacof_outputs/completed_matrices/MDS_SMACOF_completed_p30_rep11_seed65.csv,True,,15,105,27,15,12,0.15521774633630425,scipy.optimize.nnls,3.17394,1.3898853798909694,1.7840546201090306,0.5620946269019045,0.3047619047619048,105,32,73,210,missing_p30_rep11_seed65.csv,0.0441680590001851,0.0419325129387706,0.0361497582250255,0.4641538100689897,0.3643695014662756,0.0,0.0,method_specific,mds_smacof_outputs/tables/mds_smacof_all_masks_detailed.csv,0.0660760970410752,0.09201334826178693,-0.0660760970410752,0.22868192038635882,0.7101178110470621,0.6819291819291821,0.6294463462732863,0.5620946269019044,0.06508718175225578,0.09319050616425863,-0.06508718175225578,0.22868192038635882,0.8427288737838554,0.7892857142857141,0.5367418555283286,0.44164230390605247,0.06731224115209948,0.09052037633780358,-0.06731224115209948,0.1936707910102421,0.2962981505336155,0.3076923076923077,0.8876571848982647,0.8385118952623701,0.4102974209508484,0.46392669722024943,-0.4102974209508484,0.7488125600871236,0.8804419837546609,0.8287684014099108,0.6796863838303122,0.6479344925009751,0.4102974209508484,0.4641881221493931,-0.4102974209508484,0.7682901181550924,0.8330940405329421,0.7973045822102425,0.6800693903824193,0.6479344925009751
MDS-SMACOF,30,12,66,MDS_SMACOF_completed_p30_rep12_seed66.csv,mds_smacof_outputs/completed_matrices/MDS_SMACOF_completed_p30_rep12_seed66.csv,True,,15,105,27,15,12,0.14495794121908698,scipy.optimize.nnls,3.17394,1.4000686065575054,1.7738713934424946,0.5588862402699782,0.3047619047619048,105,32,73,210,missing_p30_rep12_seed66.csv,0.0461608719999731,0.0419511521580031,0.030224908452259,0.7359945474853594,0.7587976539589442,0.0,0.0,method_specific,mds_smacof_outputs/tables/mds_smacof_all_masks_detailed.csv,0.06821845246548726,0.09143668695823308,-0.06569894049787016,0.220378512563146,0.7387578755715752,0.6802015038796906,0.6255015126440779,0.5803191668929331,0.06971094334893249,0.09468885094480152,-0.06749253266373545,0.220378512563146,0.8916335065421809,0.8857142857142855,0.5453717513281459,0.473016357433848,0.06635283886118072,0.08720108518654886,-0.06345695029053855,0.18789985543311724,0.3401846788956731,0.29422111670210543,0.855107688769513,0.8265605737863914,0.4067902495039255,0.4587475642737042,-0.4052504246215859,0.719152034962259,0.9386420048991387,0.9689404934687953,0.6720985770390542,0.6423960288510948,0.408531956140058,0.45917482083601663,-0.4052504246215859,0.7499448118108598,0.8830764804801818,0.8881919966825628,0.6727245390057741,0.6451465014296277
MDS-SMACOF,30,13,67,MDS_SMACOF_completed_p30_rep13_seed67.csv,mds_smacof_outputs/completed_matrices/MDS_SMACOF_completed_p30_rep13_seed67.csv,True,,15,105,27,15,12,0.18917875869059017,scipy.optimize.nnls,3.17394,1.5649166048795395,1.6090233951204604,0.5069482709567479,0.3047619047619048,105,32,73,210,missing_p30_rep13_seed67.csv,0.0317464219999692,0.0629066309008061,0.0475034117948391,0.6406803841779111,0.6667888563049853,0.0,0.0,method_specific,mds_smacof_outputs/tables/mds_smacof_all_masks_detailed.csv,0.07298706699767066,0.0946633047679563,-0.059593459078535575,0.2247201077762889,0.532443375117396,0.6041825745861344,0.6475742100245955,0.620884707630613,0.07393110161612074,0.0956127041443078,-0.04982260736167756,0.2247201077762889,0.6575246584579855,0.6714285714285713,0.5506927942213431,0.5016518025367479,0.07180702372460807,0.09346299462539193,-0.07180702372460807,0.2167381406774949,0.5308963984108328,0.6549922478963537,0.9165129671106943,0.8945036226088141,0.4069028165142704,0.4586146135663969,-0.3999661425022593,0.7327079727862718,0.9400775209150734,0.926311424424632,0.6719037945744561,0.6425737926999417,0.40907113980175425,0.4592161658068057,-0.39996614250225926,0.7595353329301981,0.8067950564922954,0.8318888658511299,0.6727851123977638,0.6459979708134624
MDS-SMACOF,30,14,68,MDS_SMACOF_completed_p30_rep14_seed68.csv,mds_smacof_outputs/completed_matrices/MDS_SMACOF_completed_p30_rep14_seed68.csv,True,,15,105,27,15,12,0.14221939182872986,scipy.optimize.nnls,3.17394,1.3775705317301474,1.7963694682698526,0.5659746146019939,0.3047619047619048,105,32,73,210,missing_p30_rep14_seed68.csv,0.0340610460000334,0.0353480744578113,0.0289333262236161,0.8504199961496629,0.6774193548387096,0.0,0.0,method_specific,mds_smacof_outputs/tables/mds_smacof_all_masks_detailed.csv,0.06722650062728189,0.09136131929489896,-0.06653220252851305,0.22293812986861078,0.7569519802985936,0.6697191697191697,0.6249859363585825,0.5718808537453799,0.06867692867242949,0.09412838272553885,-0.06867692867242949,0.22293812986861078,0.920531618624854,0.932142857142857,0.5421436676493057,0.46600015836501013,0.06541346557084741,0.08777991483977512,-0.06385129484861753,0.18798722888925518,0.3175028222462931,0.006993006993006993,0.8607837842665209,0.814858754554784,0.40764437194459124,0.4604335108560606,-0.40764437194459124,0.7329670140477718,0.9256297300678091,0.9058262492224757,0.6745686115138084,0.6437448440321504,0.4079359578746615,0.4606508795090555,-0.4076443719445912,0.7577630914019768,0.8836281097780342,0.8576715737093095,0.6748870724141993,0.6442053114198875
MDS-SMACOF,30,15,69,MDS_SMACOF_completed_p30_rep15_seed69.csv,mds_smacof_outputs/completed_matrices/MDS_SMACOF_completed_p30_rep15_seed69.csv,True,,15,105,27,15,12,0.12895601207742446,scipy.optimize.nnls,3.17394,1.4122731893437357,1.7616668106562643,0.5550409934202487,0.3047619047619048,105,32,73,210,missing_p30_rep15_seed69.csv,0.0549469129998669,0.0295868910982095,0.0245370950699661,0.8420855784290618,0.844941348973607,0.0,0.0,method_specific,mds_smacof_outputs/tables/mds_smacof_all_masks_detailed.csv,0.06524691891319498,0.09126483635437846,-0.06524691891319498,0.2206128385771797,0.7149489778225434,0.594017094017094,0.6243259143559535,0.5550409934202488,0.06451677607454322,0.09112184195412529,-0.06451677607454322,0.2206128385771797,0.8750534879999777,0.95,0.5248271368266734,0.437771875491669,0.06615959746150969,0.09144326490720953,-0.06615959746150969,0.21356483263899667,0.0033554106989104418,-0.1958041958041958,0.8967071767634835,0.8241533561762219,0.40595007936422267,0.45788211809058055,-0.40595007936422267,0.7247800035754959,0.9332174679652117,0.9664731494920175,0.6708306353790212,0.6410692468990629,0.40595007936422267,0.4580550313174393,-0.40595007936422267,0.7536372811501478,0.9011144632546128,0.890089156126892,0.6710839658439076,0.6410692468990629
MDS-SMACOF,30,16,70,MDS_SMACOF_completed_p30_rep16_seed70.csv,mds_smacof_outputs/completed_matrices/MDS_SMACOF_completed_p30_rep16_seed70.csv,True,,15,105,27,15,12,0.1343335542592751,scipy.optimize.nnls,3.17394,1.463540549638363,1.7103994503616369,0.5388884006508116,0.3047619047619048,105,32,73,210,missing_p30_rep16_seed70.csv,0.0471177149997856,0.0350264630107643,0.0268907468753461,0.8083975494350106,0.6381964809384163,0.0,0.0,method_specific,mds_smacof_outputs/tables/mds_smacof_all_masks_detailed.csv,0.06773190698910267,0.09264251717991677,-0.06334812779117172,0.22360447164264366,0.642879672688753,0.6389864217325818,0.6337503748103069,0.5761802329929905,0.06581870015457128,0.09192073630993633,-0.05792789759829556,0.21918833742275426,0.8527829711102339,0.8999999999999999,0.5294284643283538,0.4466059459604589,0.07012341553226693,0.0935369112784845,-0.07012341553226693,0.22360447164264366,0.18657229861660493,0.3572684988525566,0.9172378055487981,0.8735308326366416,0.4059604230651576,0.4572904767447366,-0.4048331655571182,0.714491485918356,0.9478475396335215,0.9674061787269335,0.6699638377377329,0.6410855814902001,0.4065514234247128,0.457564691920336,-0.4048331655571183,0.7147709012439706,0.9065620314852539,0.9049346879535558,0.6703655829319873,0.6420188788946752
MDS-SMACOF,30,17,71,MDS_SMACOF_completed_p30_rep17_seed71.csv,mds_smacof_outputs/completed_matrices/MDS_SMACOF_completed_p30_rep17_seed71.csv,True,,15,105,27,15,12,0.1118258135308079,scipy.optimize.nnls,3.17394,1.3562187338419571,1.8177212661580429,0.5727018362533768,0.3047619047619048,105,32,73,210,missing_p30_rep17_seed71.csv,0.0536555799999405,0.0305159845972751,0.0243064596705173,0.892134094505165,0.7272727272727272,0.0,0.0,method_specific,mds_smacof_outputs/tables/mds_smacof_all_masks_detailed.csv,0.06798844167386783,0.09301373821982449,-0.06732300985770528,0.22896654262816835,0.7383568061632413,0.702075702075702,0.6362898294833929,0.5783625163659147,0.0703517395801885,0.09644996824500554,-0.0703517395801885,0.22896654262816835,0.9044795313305699,0.9678571428571429,0.5555151168534753,0.47736441362997317,0.06503431929096697,0.08853109285206168,-0.06353709770460127,0.19529575191960072,0.20054954966020744,0.2447552447552448,0.8681499551411915,0.8101357107178412,0.40820014345913885,0.46011073308883943,-0.40820014345913885,0.7370857020933831,0.9333265477366515,0.9151461745801368,0.6740957185876244,0.644622508662336,0.4087484936985499,0.46024013521353846,-0.40820014345913885,0.752009895987384,0.9082942117338972,0.8750259174787476,0.6742853021203756,0.6454884537449596
MDS-SMACOF,30,18,72,MDS_SMACOF_completed_p30_rep18_seed72.csv,mds_smacof_outputs/completed_matrices/MDS_SMACOF_completed_p30_rep18_seed72.csv,True,,15,105,27,15,12,0.14740056092766343,scipy.optimize.nnls,3.17394,1.4054698231547924,1.7684701768452076,0.5571845015486139,0.3047619047619048,105,32,73,210,missing_p30_rep18_seed72.csv,0.0502976580000904,0.0366064379210713,0.0304870485232364,0.7739409018878765,0.7327712609970675,0.0,0.0,method_specific,mds_smacof_outputs/tables/mds_smacof_all_masks_detailed.csv,0.06549889543871139,0.09029368324275898,-0.06549889543871139,0.22293363776958525,0.7472149886400021,0.7159212417405181,0.6176824350203072,0.5571845015486139,0.06511797027199108,0.09197559981344325,-0.06511797027199108,0.22293363776958525,0.8975188905979394,0.8499999999999999,0.5297444572324076,0.4418512162052746,0.0659750518971118,0.08814616880029436,-0.0659750518971118,0.18950446491178377,0.4497245817674979,0.4658501014450003,0.8643753287640725,0.8218544630132995,0.4068069630793487,0.4598916848207655,-0.4068069630793487,0.7298490077932684,0.9158169526618506,0.9073709309558365,0.6737747969288719,0.6424224226363265,0.40682401455196693,0.4601578411121308,-0.4068069630793486,0.7592922164294332,0.8703429232823295,0.8578581795562927,0.674164735271062,0.6424493500228835
MDS-SMACOF,30,19,73,MDS_SMACOF_completed_p30_rep19_seed73.csv,mds_smacof_outputs/completed_matrices/MDS_SMACOF_completed_p30_rep19_seed73.csv,True,,15,105,27,15,12,0.1404968450158825,scipy.optimize.nnls,3.17394,1.44056760769245,1.73337239230755,0.5461263893796197,0.3047619047619048,105,32,73,210,missing_p30_rep19_seed73.csv,0.0261194119998435,0.0358212547389288,0.0270008677965014,0.9046710376333676,0.8181818181818181,0.0,0.0,method_specific,mds_smacof_outputs/tables/mds_smacof_all_masks_detailed.csv,0.06898049498261101,0.0911982791759518,-0.06419897749287223,0.22733275369436937,0.7144296874347007,0.6923076923076923,0.6238706089728723,0.5868016927007118,0.07108185474512542,0.09467787079681932,-0.06247512326359562,0.22733275369436937,0.9319162744520069,0.9107142857142855,0.5453085098538314,0.4823185341630582,0.06635379527946798,0.08665252308617091,-0.06635379527946798,0.18448043140877582,0.723042244004731,0.49650349650349657,0.8497284017021877,0.8265724879359871,0.40564516670390965,0.45768321398900125,-0.40441563363511973,0.7309625492654162,0.9521708087228961,0.931754094961642,0.6705392263906153,0.6405877341726139,0.4065813771136347,0.4579413398232753,-0.40441563363511973,0.7524733593728129,0.9048817686786454,0.8812564793696869,0.6709173995285747,0.6420661812349755
MDS-SMACOF,30,20,74,MDS_SMACOF_completed_p30_rep20_seed74.csv,mds_smacof_outputs/completed_matrices/MDS_SMACOF_completed_p30_rep20_seed74.csv,True,,15,105,27,15,12,0.1401312552201574,scipy.optimize.nnls,3.17394,1.3742125223544166,1.7997274776455834,0.5670326085702891,0.3047619047619048,105,32,73,210,missing_p30_rep20_seed74.csv,0.0426024440000674,0.0367699797046437,0.030619212213129,0.6091645036797976,0.7617302052785923,0.0,0.0,method_specific,mds_smacof_outputs/tables/mds_smacof_all_masks_detailed.csv,0.06665657324613272,0.09106099577201968,-0.06665657324613272,0.23527921902651264,0.7690104959595502,0.7637362637362637,0.6229314785245031,0.5670326085702891,0.069522851427039,0.0958395100150361,-0.069522851427039,0.23527921902651264,0.8754456230498908,0.9464285714285712,0.5519991097346943,0.4717400792559519,0.06307372551999985,0.08470963073835677,-0.06307372551999985,0.18410881134015245,0.567787709264827,0.39860139860139865,0.8306760908104925,0.7857124977836814,0.4069777775011245,0.45959659419650173,-0.4069777775011245,0.7394552034541264,0.9121686795812163,0.9258138088326767,0.6733424676826573,0.6426921697759227,0.4069777775011244,0.45984495850896595,-0.4069777775011244,0.7685574186131415,0.87280924409188,0.8893634667219572,0.6737063394805572,0.6426921697759225
MDS-SMACOF,30,21,75,MDS_SMACOF_completed_p30_rep21_seed75.csv,mds_smacof_outputs/completed_matrices/MDS_SMACOF_completed_p30_rep21_seed75.csv,True,,15,105,27,15,12,0.1489677622172657,scipy.optimize.nnls,3.17394,1.3873420458452446,1.7865979541547554,0.5628959445215586,0.3047619047619048,105,32,73,210,missing_p30_rep21_seed75.csv,0.0344381400000202,0.037418717581126,0.0298758094253813,0.93615853328828,0.7170087976539589,0.0,0.0,method_specific,mds_smacof_outputs/tables/mds_smacof_all_masks_detailed.csv,0.07081656312750678,0.09303866546868696,-0.06617029459832427,0.2305308905740187,0.7139617335620035,0.695161052214567,0.636460352195755,0.6024207150868268,0.07430120465495346,0.09742006217284334,-0.06593792130242496,0.2305308905740187,0.9417645707738981,0.95,0.5611024887467737,0.5041630982228152,0.06646076121819842,0.08725307570645414,-0.06646076121819842,0.19108499490507935,0.6282034173476064,0.612960659796053,0.8556175160637379,0.8279049678902752,0.41035063916069403,0.4615073073885722,-0.4091558843960471,0.7297638168799705,0.9550012598623568,0.9458117354343769,0.6761418016029441,0.6480185337647691,0.41106232182524727,0.4618238713202435,-0.40915588439604705,0.7615118337647576,0.902522654629487,0.8857557536802819,0.6766055908076999,0.6491424105491038
MDS-SMACOF,30,22,76,MDS_SMACOF_completed_p30_rep22_seed76.csv,mds_smacof_outputs/completed_matrices/MDS_SMACOF_completed_p30_rep22_seed76.csv,True,,15,105,27,15,12,0.13593060376822205,scipy.optimize.nnls,3.17394,1.3518961542725108,1.8220438457274892,0.5740637333180493,0.3047619047619048,105,32,73,210,missing_p30_rep22_seed76.csv,0.0451849270000366,0.0324253383299203,0.0280236184749356,0.8358600680825609,0.7877565982404692,0.0,0.0,method_specific,mds_smacof_outputs/tables/mds_smacof_all_masks_detailed.csv,0.06748310539731442,0.0920682076573712,-0.06748310539731442,0.23053628500026968,0.7760358814134201,0.7216117216117217,0.6298216292812585,0.5740637333180493,0.07099539367433352,0.09673038316498514,-0.07099539367433352,0.23053628500026968,0.9181678007591736,0.9714285714285713,0.5571302000917012,0.4817318615575663,0.06309274505104051,0.08588532851270816,-0.06309274505104051,0.18760110022439322,0.6378894841579111,0.37762237762237766,0.8422051698852121,0.7859494250163355,0.4091369246075595,0.4607242551372641,-0.4091369246075595,0.7296078859220481,0.9380935074364334,0.9486626580966203,0.6749945730510397,0.6461018570252376,0.4091369246075595,0.46091518951898097,-0.4091369246075595,0.7427732288700278,0.9019506781579507,0.9027679867302508,0.6752743058196766,0.6461018570252376
MDS-SMACOF,30,23,77,MDS_SMACOF_completed_p30_rep23_seed77.csv,mds_smacof_outputs/completed_matrices/MDS_SMACOF_completed_p30_rep23_seed77.csv,True,,15,105,27,15,12,0.12956739148705934,scipy.optimize.nnls,3.17394,1.3544832733699177,1.8194567266300823,0.5732486205253037,0.3047619047619048,105,32,73,210,missing_p30_rep23_seed77.csv,0.0436686860000463,0.0317596646402972,0.0271226171555475,0.8453293892648891,0.5568181818181818,0.0,0.0,method_specific,mds_smacof_outputs/tables/mds_smacof_all_masks_detailed.csv,0.06744351811397208,0.09223520261172886,-0.06738728617148453,0.22981410728615942,0.7613096937370074,0.7234432234432234,0.6309640109666576,0.5737269731240181,0.07049565079261137,0.09598364177608305,-0.07039443329613376,0.22981410728615942,0.9157791765502612,0.9678571428571429,0.5528292538346583,0.4783409081977403,0.06362835226567297,0.08732367371515426,-0.06362835226567297,0.19110241144357284,0.39799677253253263,0.35664335664335667,0.8563098113479324,0.7926215104048288,0.4094499004656934,0.46103976677905395,-0.4094499004656934,0.7295834860730506,0.9341355123424833,0.9390317229939871,0.6754568205745157,0.6465961030122952,0.4094499004656934,0.46124222440235685,-0.4094499004656934,0.7597277088637643,0.9003779189654495,0.868909392494298,0.6757534357309319,0.6465961030122952
MDS-SMACOF,30,24,78,MDS_SMACOF_completed_p30_rep24_seed78.csv,mds_smacof_outputs/completed_matrices/MDS_SMACOF_completed_p30_rep24_seed78.csv,True,,15,105,27,15,12,0.18138994522534901,scipy.optimize.nnls,3.17394,1.4974544459547374,1.6764855540452626,0.5282032911917877,0.3047619047619048,105,32,73,210,missing_p30_rep24_seed78.csv,0.0377951380000922,0.0540412697684347,0.0392442578822857,0.6606861669310181,0.8236803519061583,0.0,0.0,method_specific,mds_smacof_outputs/tables/mds_smacof_all_masks_detailed.csv,0.07360958638775109,0.09366205261887375,-0.06209205755723195,0.22336878041402725,0.6036246431975703,0.6139280314698932,0.6407248287245562,0.6261803413011208,0.07751165374723105,0.09786688194577689,-0.05678010185229659,0.22336878041402725,0.7977865893451289,0.6357142857142856,0.5636760006191996,0.5259472667106055,0.06873200218840116,0.08812432694506514,-0.06873200218840116,0.1902483410629893,0.7883660296019079,0.7746670967243986,0.8641611440632337,0.8561979282482418,0.40799446221194907,0.4588670948884127,-0.4028194161617391,0.722541231436809,0.9635348435699859,0.9521148662658097,0.6722736980910544,0.6442977004434443,0.4095400726314095,0.45930305804159566,-0.40281941616173905,0.7530111842929219,0.8629122746126562,0.8822724445365955,0.6729124158472122,0.6467385013152033
MDS-SMACOF,30,25,79,MDS_SMACOF_completed_p30_rep25_seed79.csv,mds_smacof_outputs/completed_matrices/MDS_SMACOF_completed_p30_rep25_seed79.csv,True,,15,105,27,15,12,0.11763430063788205,scipy.optimize.nnls,3.17394,1.4113750019172948,1.7625649980827052,0.5553239815758033,0.3047619047619048,105,32,73,210,missing_p30_rep25_seed79.csv,0.0496929490000184,0.028312399401431,0.0238025924135161,0.8938820781829837,0.8361436950146626,0.0,0.0,method_specific,mds_smacof_outputs/tables/mds_smacof_all_masks_detailed.csv,0.06528018511417424,0.0914113472006064,-0.06528018511417424,0.21825437612321158,0.7121390384715275,0.6837606837606838,0.625328168035335,0.5553239815758032,0.06463752642612232,0.09141697179377391,-0.06463752642612232,0.21825437612321158,0.8740560299652432,0.9571428571428571,0.5265269724030095,0.43859121444648574,0.06608350847423916,0.09140431597242828,-0.06608350847423916,0.21656242677388468,0.03406184969333041,0.2937062937062937,0.8963252373239734,0.8232055119233371,0.40560649977118807,0.4574065911499398,-0.40560649977118807,0.7212304150980418,0.9426453315691539,0.9713041675305826,0.6701339537941187,0.640526672030494,0.40561954394814453,0.4575506294084209,-0.40560649977118807,0.7147709012439706,0.9152315611205694,0.9155193862741032,0.6703449803283251,0.6405472711660108
MDS-SMACOF,30,26,80,MDS_SMACOF_completed_p30_rep26_seed80.csv,mds_smacof_outputs/completed_matrices/MDS_SMACOF_completed_p30_rep26_seed80.csv,True,,15,105,27,15,12,0.1481359964461592,scipy.optimize.nnls,3.17394,1.4847544908780301,1.6891855091219699,0.5322046129170589,0.3047619047619048,105,32,73,210,missing_p30_rep26_seed80.csv,0.0437648330000683,0.0445066521717889,0.0350030003594034,0.8701602866581062,0.7657624633431085,0.0,0.0,method_specific,mds_smacof_outputs/tables/mds_smacof_all_masks_detailed.csv,0.06946879572465019,0.09325478614958246,-0.06256242626377667,0.22061067955095434,0.6141737418830459,0.6414287969709289,0.6379387939165881,0.5909555582542692,0.06893538350411732,0.0922739247974292,-0.05650391847454498,0.2160038133152958,0.8373521950979191,0.8999999999999999,0.5314626956243405,0.4677538767508628,0.07013556100031629,0.0944665420540933,-0.07013556100031629,0.22061067955095434,0.04135430083924318,0.38879218992778225,0.9263539125586965,0.8736821293288717,0.4055474503997688,0.4580106374447683,-0.4033182699151291,0.7175190083299136,0.9313809170050832,0.9223616006634874,0.6710189255887105,0.6404334222985937,0.4072348186918652,0.4583564605220012,-0.40331826991512915,0.7147709012439706,0.8735896725745885,0.8736263736263736,0.6715255815716877,0.6430980847170609
MDS-SMACOF,30,27,81,MDS_SMACOF_completed_p30_rep27_seed81.csv,mds_smacof_outputs/completed_matrices/MDS_SMACOF_completed_p30_rep27_seed81.csv,True,,15,105,27,15,12,0.13772074710088883,scipy.optimize.nnls,3.17394,1.3753760601857028,1.7985639398142972,0.5666660175725745,0.3047619047619048,105,32,73,210,missing_p30_rep27_seed81.csv,0.0414964779999991,0.0325809542216591,0.0283662595990019,0.8356426487696474,0.748900293255132,0.0,0.0,method_specific,mds_smacof_outputs/tables/mds_smacof_all_masks_detailed.csv,0.06661347925238138,0.09036231831690776,-0.06661347925238138,0.2184906451824276,0.7808268712962461,0.7454212454212454,0.618151954904816,0.5666660175725746,0.06830519999657242,0.0930284230172684,-0.06830519999657242,0.2184906451824276,0.9317248255594283,0.9607142857142855,0.5358083182760245,0.4634778320879506,0.06449882832214258,0.08691475665710674,-0.06449882832214258,0.18923883059861416,0.5546823120715143,0.5034965034965035,0.8522999057411684,0.8034650734090905,0.4073795920671962,0.45962542801492084,-0.4073795920671962,0.7292980546335018,0.9284634492511816,0.9434584283640888,0.6733847113256525,0.6433267082927474,0.40737959206719626,0.45982189183744404,-0.40737959206719626,0.7683514429647066,0.8910209868773039,0.8908666804893219,0.6736725451275966,0.6433267082927475
MDS-SMACOF,30,28,82,MDS_SMACOF_completed_p30_rep28_seed82.csv,mds_smacof_outputs/completed_matrices/MDS_SMACOF_completed_p30_rep28_seed82.csv,True,,15,105,27,15,12,0.14099909737334743,scipy.optimize.nnls,3.17394,1.4179802998724693,1.7559597001275307,0.5532428779773816,0.3047619047619048,105,32,73,210,missing_p30_rep28_seed82.csv,0.0345282090002001,0.0353889285095383,0.0272214553309264,0.9007114448277036,0.7723607038123166,0.0,0.0,method_specific,mds_smacof_outputs/tables/mds_smacof_all_masks_detailed.csv,0.06993913134374115,0.09196379388811982,-0.0650355444491678,0.22408980897234115,0.7132456324260888,0.7252747252747253,0.6291073539418923,0.5949565985119476,0.07244788030344054,0.09592387387329109,-0.0636214238932085,0.22408980897234115,0.931187558800396,0.932142857142857,0.5524850134568986,0.4915875585473861,0.06680319514411691,0.08675987923915926,-0.06680319514411691,0.1873957895455972,0.7540989364590566,0.6083916083916086,0.8507811531864228,0.8321706841301376,0.4074119969408158,0.45885106728893615,-0.4061510745964969,0.7294976808539049,0.9584522597705543,0.9327700601285507,0.6722502164910625,0.6433778815009402,0.4082125648664039,0.4591060248303151,-0.4061510745964969,0.7662372012106353,0.9117089910584338,0.8831951067800123,0.6726237478492888,0.6446421243308765
MDS-SMACOF,30,29,83,MDS_SMACOF_completed_p30_rep29_seed83.csv,mds_smacof_outputs/completed_matrices/MDS_SMACOF_completed_p30_rep29_seed83.csv,True,,15,105,27,15,12,0.1465283115142244,scipy.optimize.nnls,3.17394,1.41650258713133,1.75743741286867,0.5537084547498283,0.3047619047619048,105,32,73,210,missing_p30_rep29_seed83.csv,0.0528803289998904,0.0382137737589056,0.0322284285655593,0.773431797289103,0.6774193548387096,0.0,0.0,method_specific,mds_smacof_outputs/tables/mds_smacof_all_masks_detailed.csv,0.06571392369266565,0.0910442981818878,-0.0650902745506915,0.22122328658758444,0.7298895468682953,0.6843711843711844,0.6228172533897959,0.5590136989678358,0.06626172653643111,0.09359590997450407,-0.06626172653643111,0.22122328658758444,0.8739748060004942,0.9107142857142855,0.5390768272148849,0.4496120554079456,0.0650291701379588,0.08775050749584748,-0.06362595956851695,0.18700795858590896,0.29403425429479235,0.15384615384615385,0.8604954111821146,0.8100715674658266,0.4048037959969981,0.4585321467111418,-0.4048037959969981,0.727569036782251,0.9136168518915472,0.9370930955836615,0.67178297462818,0.6392590563058982,0.4048037959969981,0.4588408737365452,-0.4048037959969981,0.7606737969652599,0.8653630341284504,0.8533796392286959,0.6722352821947513,0.6392590563058982
MDS-SMACOF,30,30,84,MDS_SMACOF_completed_p30_rep30_seed84.csv,mds_smacof_outputs/completed_matrices/MDS_SMACOF_completed_p30_rep30_seed84.csv,True,,15,105,27,15,12,0.13366653098631975,scipy.optimize.nnls,3.17394,1.4617997099249056,1.7121402900750944,0.5394368797378319,0.3047619047619048,105,32,73,210,missing_p30_rep30_seed84.csv,0.0530319310000777,0.0375370739288604,0.0311499885520268,0.7406923265765487,0.7598973607038123,0.0,0.0,method_specific,mds_smacof_outputs/tables/mds_smacof_all_masks_detailed.csv,0.06341260333611459,0.0906736356611193,-0.06341260333611459,0.21901440319266025,0.6838689859615609,0.6890867115009957,0.6202816194431386,0.5394368797378318,0.05971189107776863,0.09050039258633727,-0.05971189107776863,0.21901440319266025,0.7935567915679371,0.8749999999999999,0.5212478249363021,0.405168827966023,0.06803849365904706,0.09088972514074789,-0.06803849365904706,0.21067657897003672,0.31035358135392915,0.34880967143354585,0.891279077912094,0.8475588584241466,0.40458964479700377,0.4579405944503749,-0.40458964479700377,0.7269266033493167,0.9137732393965345,0.9543437694381091,0.6709163075030147,0.6389208724860603,0.40463067080686255,0.4582176432215059,-0.40458964479700377,0.756927912065303,0.8739446864156336,0.8922040223927016,0.6713222041209997,0.6389856600414283
MDS-SMACOF,50,1,55,MDS_SMACOF_completed_p50_rep01_seed55.csv,mds_smacof_outputs/completed_matrices/MDS_SMACOF_completed_p50_rep01_seed55.csv,True,,15,105,27,15,12,0.19009359873026324,scipy.optimize.nnls,3.17394,1.6368315951413988,1.5371084048586012,0.4842903157774253,0.4952380952380952,105,52,53,210,missing_p50_rep01_seed55.csv,0.0171586390001721,0.0600318534319113,0.0457892744730128,0.469227746994151,0.667292751643473,0.0,0.0,method_specific,mds_smacof_outputs/tables/mds_smacof_all_masks_detailed.csv,0.07210733523715324,0.09492102098472681,-0.056929940920688926,0.22673868480504122,0.49173322847251655,0.5425622493076664,0.6493371991352628,0.61340102566625,0.07162411629486408,0.09476453177319684,-0.044304806525228314,0.22673868480504122,0.5435861174864772,0.6678571428571428,0.5458076441023435,0.4859979935235481,0.07271135891501468,0.09511627044317965,-0.07271135891501468,0.21478788828970236,0.26143424590138,0.07976251621932409,0.9327252523181846,0.905768970508119,0.40503829382397405,0.46041987612773705,-0.3962570480309229,0.7389263616376176,0.8465630808383116,0.8407526435828323,0.6745486356442492,0.6396293711622825,0.40646982471278975,0.4611033680809122,-0.3962570480309228,0.7561799143823521,0.6556303272311637,0.733599419448476,0.6755500011117126,0.6418900196396595
MDS-SMACOF,50,2,56,MDS_SMACOF_completed_p50_rep02_seed56.csv,mds_smacof_outputs/completed_matrices/MDS_SMACOF_completed_p50_rep02_seed56.csv,True,,15,105,27,15,12,0.19978055842623132,scipy.optimize.nnls,3.17394,1.560531460373511,1.613408539626489,0.5083298800942957,0.4952380952380952,105,52,53,210,missing_p50_rep02_seed56.csv,0.0177017359999354,0.0569227760205018,0.0451661253791506,0.5164507647917989,0.6177751216596943,0.0,0.0,method_specific,mds_smacof_outputs/tables/mds_smacof_all_masks_detailed.csv,0.07362785892624939,0.09462394622461825,-0.0597558718380181,0.2212630774790555,0.535795743585772,0.5842035957556588,0.6473049654881583,0.6263357817125508,0.07372839027580709,0.09557713549461028,-0.04875881351699078,0.2212630774790555,0.7780336874314302,0.5035714285714286,0.5504879323333346,0.5002763258153134,0.07350219473930225,0.09341878377138559,-0.07350219473930225,0.200092592233119,0.6305632120500282,0.6090955784021114,0.9160794284556762,0.9156204512271512,0.41367070394879707,0.467713463246065,-0.40623201557297284,0.7496996025769207,0.9132977361551964,0.8940597138710346,0.6852342717227742,0.6532615218600016,0.4156321115890043,0.46847165237849603,-0.40623201557297284,0.7578843348263893,0.704027749436777,0.7645863570391872,0.686345073995567,0.6563589424116592
MDS-SMACOF,50,3,57,MDS_SMACOF_completed_p50_rep03_seed57.csv,mds_smacof_outputs/completed_matrices/MDS_SMACOF_completed_p50_rep03_seed57.csv,True,,15,105,27,15,12,0.16707389315496812,scipy.optimize.nnls,3.17394,1.5130384814987263,1.6609015185012737,0.5232932942970798,0.4952380952380952,105,52,53,210,missing_p50_rep03_seed57.csv,0.0230794189999414,0.0409024183934224,0.0340663202277336,0.605029612486989,0.6571330999743874,0.0,0.0,method_specific,mds_smacof_outputs/tables/mds_smacof_all_masks_detailed.csv,0.06151487105560271,0.0916558564457024,-0.06151487105560271,0.2226279709961031,0.6265238449570981,0.6429234047411686,0.6270008106884187,0.5232932942970797,0.054883522067223384,0.08975518008246512,-0.054883522067223384,0.2226279709961031,0.7202751508442132,0.7749999999999999,0.5169556844752746,0.3724064321068432,0.0698040572910769,0.09397766014987036,-0.0698040572910769,0.2151645862458323,0.09505965572035303,0.32745397726414505,0.9215598589720124,0.8695525713352117,0.4037703765165873,0.46118362304373955,-0.4037703765165873,0.7288979296770373,0.8413917425981339,0.9159340659340659,0.6756675804745632,0.6376270983836942,0.40381021616151797,0.46167195746047224,-0.40377037651658726,0.7582965800582515,0.7680480826153925,0.7953244868339208,0.6763830259442843,0.6376900124523709
MDS-SMACOF,50,4,58,MDS_SMACOF_completed_p50_rep04_seed58.csv,mds_smacof_outputs/completed_matrices/MDS_SMACOF_completed_p50_rep04_seed58.csv,True,,15,105,27,15,12,0.1524472844610074,scipy.optimize.nnls,3.17394,1.4878994103970138,1.6860405896029862,0.5312137562786272,0.4952380952380952,105,52,53,210,missing_p50_rep04_seed58.csv,0.013005258000021,0.0413453640023229,0.0354665797877969,0.8017853358739073,0.725604029710578,0.0,0.0,method_specific,mds_smacof_outputs/tables/mds_smacof_all_masks_detailed.csv,0.06773115000205474,0.09296907879892106,-0.06244594776307357,0.22763715928755204,0.6189215683427043,0.5852541664889439,0.6359843226211237,0.5761737934729321,0.06652420477642881,0.09172337451198158,-0.05705995436098792,0.22763715928755204,0.8158842259755245,0.9392857142857142,0.5282917354703957,0.4513930742125241,0.06923983153408712,0.09450312078861972,-0.06917843951568063,0.21566369571839633,-0.07828629036962004,-0.11558686727582713,0.9267126094381228,0.8625239833584676,0.4062507739270563,0.46290664585563457,-0.40489873815342187,0.7357079154857089,0.8740913151156944,0.9038357868546548,0.6781919343246243,0.6415440984799378,0.40699835347311025,0.4632764074201818,-0.40489873815342187,0.7553636003210131,0.8000534005093392,0.8052871656645242,0.6787336619341635,0.6427246629900779
MDS-SMACOF,50,5,59,MDS_SMACOF_completed_p50_rep05_seed59.csv,mds_smacof_outputs/completed_matrices/MDS_SMACOF_completed_p50_rep05_seed59.csv,True,,15,105,27,15,12,0.13925047151483888,scipy.optimize.nnls,3.17394,1.4757040996985111,1.6982359003014889,0.5350560818104592,0.4952380952380952,105,52,53,210,missing_p50_rep05_seed59.csv,0.0156345369998689,0.0336363761311355,0.0269318976116191,0.8005531398921406,0.7722189020746179,0.0,0.0,method_specific,mds_smacof_outputs/tables/mds_smacof_all_masks_detailed.csv,0.06300233380453049,0.09150109637990617,-0.06289762593709217,0.22063616927773244,0.6524543876702188,0.5950236674423326,0.6259421256192992,0.5359468082957849,0.057455542756071294,0.08812580283770055,-0.057455542756071294,0.22063616927773244,0.8092311143313159,0.9035714285714285,0.5075710915407854,0.3898586110480132,0.0699358226151045,0.09555269504254907,-0.06970022991336827,0.21934507354796737,-0.15100379723588736,-0.14360792600936098,0.9370049012433165,0.8711939784506068,0.4057218825768998,0.4610753599258384,-0.4057218825768998,0.7333742551052893,0.8782023316392944,0.922434169603981,0.675508967125624,0.6407088825340085,0.4057218825768999,0.4613387467572108,-0.4057218825768999,0.7554516234707904,0.8323570053426567,0.8303130831432718,0.6758948480073165,0.6407088825340087
MDS-SMACOF,50,6,60,MDS_SMACOF_completed_p50_rep06_seed60.csv,mds_smacof_outputs/completed_matrices/MDS_SMACOF_completed_p50_rep06_seed60.csv,True,,15,105,27,15,12,0.16084315345524478,scipy.optimize.nnls,3.17394,1.3807682194824982,1.7931717805175018,0.5649671324969917,0.4952380952380952,105,52,53,210,missing_p50_rep06_seed60.csv,0.0179418799998529,0.0329199830746482,0.0270168184706854,0.8596577200714137,0.6782207803295484,0.0,0.0,method_specific,mds_smacof_outputs/tables/mds_smacof_all_masks_detailed.csv,0.06641376964879636,0.09106575530463064,-0.06641376964879636,0.2265407304198934,0.756940467558273,0.652014652014652,0.6229640376093374,0.5649671324969917,0.06751990045575088,0.09385016312145748,-0.06751990045575088,0.2265407304198934,0.9062557864117903,0.9214285714285713,0.5405412285953125,0.45814926371046405,0.06503110614010323,0.08746067761172,-0.06503110614010323,0.18344136810128558,0.4798768583206742,-0.013986013986013986,0.8576532933137143,0.8100956843396608,0.4116402118662672,0.4656567819419697,-0.4116402118662672,0.7480162019237998,0.9095413425979959,0.9064793696869168,0.6822210838923521,0.6500550043684407,0.41164021186626726,0.4659259274895457,-0.41164021186626726,0.7686893004968047,0.8505210750449724,0.823367198838897,0.6826154017124993,0.6500550043684408
MDS-SMACOF,50,7,61,MDS_SMACOF_completed_p50_rep07_seed61.csv,mds_smacof_outputs/completed_matrices/MDS_SMACOF_completed_p50_rep07_seed61.csv,True,,15,105,27,15,12,0.21040648439576434,scipy.optimize.nnls,3.17394,1.5742847332314036,1.5996552667685964,0.5039966939414723,0.4952380952380952,105,52,53,210,missing_p50_rep07_seed61.csv,0.0160305130000324,0.0547383842060953,0.0427881289784979,0.5390133614267707,0.5755997609493724,0.0,0.0,method_specific,mds_smacof_outputs/tables/mds_smacof_all_masks_detailed.csv,0.07304251876217936,0.09286343700770074,-0.059246491361799866,0.21948734622002758,0.5699298850008707,0.6029323055331192,0.6352616466099409,0.6213564234291898,0.07544205998324986,0.0955834572212891,-0.05060921066256676,0.21948734622002758,0.7009396111230588,0.6249999999999999,0.5505243430735204,0.5119042534249277,0.07004309223584125,0.0893470409751756,-0.07004309223584125,0.18444660848458017,0.6393943825093821,0.598606392923399,0.8761512720080531,0.8725302413865681,0.4055747362026201,0.46044089449872305,-0.39864199125566063,0.7364468133090349,0.9050612671172394,0.915799295044578,0.6745794290878149,0.6404765115599933,0.40743377560845373,0.4610114355713721,-0.39864199125566063,0.7566055133026159,0.7164258301094599,0.7669914990669707,0.6754153132928391,0.6434122739909798
MDS-SMACOF,50,8,62,MDS_SMACOF_completed_p50_rep08_seed62.csv,mds_smacof_outputs/completed_matrices/MDS_SMACOF_completed_p50_rep08_seed62.csv,True,,15,105,27,15,12,0.15022622696599044,scipy.optimize.nnls,3.17394,1.4356535999613906,1.7382864000386093,0.5476746252413749,0.4952380952380952,105,52,53,210,missing_p50_rep08_seed62.csv,0.0139939849998427,0.0325620489508876,0.0262188044598825,0.8330834804933035,0.7384956885511824,0.0,0.0,method_specific,mds_smacof_outputs/tables/mds_smacof_all_masks_detailed.csv,0.0682353150085616,0.09106751085048347,-0.06438097777920776,0.213159653000447,0.7017133148436431,0.6719665447556294,0.6229760469747573,0.5804626127876278,0.0670892682954595,0.09075060840781167,-0.06015146128262257,0.213159653000447,0.9438339334525728,0.8821428571428571,0.5226889728582159,0.45522725396465824,0.06966787339993923,0.09146209482701893,-0.06966787339993923,0.2018709997573857,0.4265594634705149,0.44846957755741607,0.8968918259473038,0.8678561219122304,0.40950669125690126,0.4625523170549394,-0.4085155759693532,0.7342986072210949,0.9287111688200933,0.9270785817955629,0.677672816837585,0.6466857860339303,0.41005330441703064,0.4628916353557294,-0.40851557596935323,0.7618270940047506,0.8707059022583504,0.8488077959776072,0.6781699428495461,0.6475489879514126
MDS-SMACOF,50,9,63,MDS_SMACOF_completed_p50_rep09_seed63.csv,mds_smacof_outputs/completed_matrices/MDS_SMACOF_completed_p50_rep09_seed63.csv,True,,15,105,27,15,12,0.1746228648604905,scipy.optimize.nnls,3.17394,1.4856971456751322,1.6882428543248678,0.531907614613026,0.4952380952380952,105,52,53,210,missing_p50_rep09_seed63.csv,0.0198686789999555,0.041525696978646,0.0339945211540012,0.8170887703123442,0.7460940834969692,0.0,0.0,method_specific,mds_smacof_outputs/tables/mds_smacof_all_masks_detailed.csv,0.07024645542446249,0.09309143773247806,-0.06252751312314325,0.22660642371120726,0.6181934765824038,0.6811241344168468,0.636821357520041,0.5975709359535742,0.06919171532730965,0.09447665584109649,-0.055297619184935004,0.22660642371120726,0.8372798581428189,0.7785714285714285,0.5441495882732965,0.4694931896833232,0.07156488054590356,0.09133037489974734,-0.07156488054590356,0.19752133474820416,0.7476139110478984,0.6549458181397189,0.8956001594235083,0.8914872331345493,0.4115273463220414,0.4656585244739442,-0.4088802712337439,0.7438743599186244,0.9294231543984289,0.9272859216255442,0.6822236368285456,0.6498767690801239,0.4127853233354484,0.46605213209029817,-0.4088802712337439,0.757001310667656,0.8305370211285545,0.836243002280738,0.6828003006398992,0.6518633443207648
MDS-SMACOF,50,10,64,MDS_SMACOF_completed_p50_rep10_seed64.csv,mds_smacof_outputs/completed_matrices/MDS_SMACOF_completed_p50_rep10_seed64.csv,True,,15,105,27,15,12,0.1926957896626854,scipy.optimize.nnls,3.17394,1.5608773464109076,1.6130626535890924,0.5082209032272483,0.4952380952380952,105,52,53,210,missing_p50_rep10_seed64.csv,0.0167570359999444,0.0535297178263355,0.0403488944717488,0.5805263513009927,0.7288482882267565,0.0,0.0,method_specific,mds_smacof_outputs/tables/mds_smacof_all_masks_detailed.csv,0.07384396631417552,0.09566310178349607,-0.05974306124404044,0.22343104466153918,0.5112690106902644,0.5754429906911835,0.6544136370244257,0.6281741590838954,0.0749295529038153,0.09631280247185454,-0.049547923777572195,0.22343104466153918,0.6061199095976164,0.657142857142857,0.5547250941931597,0.5084266899287667,0.07248698307712577,0.09484471754615992,-0.07248698307712577,0.2216373484432618,0.2821087562850977,0.514097255098919,0.930062361487727,0.902973909671351,0.41008469218470417,0.46291596332391177,-0.40241000633884927,0.73153546943466,0.9119445151843453,0.9357972216462782,0.6782055850939328,0.6475985549637305,0.4119380804294362,0.4634949962334628,-0.40241000633884927,0.7494005287594122,0.7528896709492585,0.8234916027368857,0.6790539104581974,0.6505253931801998
MDS-SMACOF,50,11,65,MDS_SMACOF_completed_p50_rep11_seed65.csv,mds_smacof_outputs/completed_matrices/MDS_SMACOF_completed_p50_rep11_seed65.csv,True,,15,105,27,15,12,0.15160377435058403,scipy.optimize.nnls,3.17394,1.4284428772396895,1.7454971227603104,0.5499464774886451,0.4952380952380952,105,52,53,210,missing_p50_rep11_seed65.csv,0.0268049000001155,0.038972561435581,0.0327574526369863,0.7264272367591627,0.6614018611798855,0.0,0.0,method_specific,mds_smacof_outputs/tables/mds_smacof_all_masks_detailed.csv,0.0646480415837152,0.09416385787383512,-0.0646480415837152,0.22828745934634553,0.6218122676083442,0.5796399312359752,0.6441575859303641,0.5499464774886452,0.060320853531018244,0.09183248530514462,-0.060320853531018244,0.22828745934634553,0.7661984060792946,0.8321428571428571,0.5289201721211987,0.4093008793716152,0.07005702664958638,0.09699930718896445,-0.07005702664958638,0.22637,-0.27695205681009843,-0.14593057682423857,0.9511906096713805,0.8727038230632262,0.4109933555204603,0.4669119044687371,-0.4109933555204603,0.7570577598162771,0.8466098680684181,0.8510470661414058,0.684059929763034,0.649033500169925,0.4109933555204603,0.46729943807449614,-0.4109933555204603,0.7629485924244852,0.7885260236267536,0.7755546340452001,0.684627694706697,0.649033500169925
MDS-SMACOF,50,12,66,MDS_SMACOF_completed_p50_rep12_seed66.csv,mds_smacof_outputs/completed_matrices/MDS_SMACOF_completed_p50_rep12_seed66.csv,True,,15,105,27,15,12,0.1731955667945577,scipy.optimize.nnls,3.17394,1.4613341197071794,1.7126058802928206,0.5395835713002831,0.4952380952380952,105,52,53,210,missing_p50_rep12_seed66.csv,0.0270927130000018,0.0471178567237592,0.0363615715240507,0.6925022416413193,0.788098693759071,0.0,0.0,method_specific,mds_smacof_outputs/tables/mds_smacof_all_masks_detailed.csv,0.07061099253926433,0.09230185569165997,-0.06342984741825261,0.22194109557597855,0.6551743003425887,0.6682957874906102,0.6314199723942444,0.6006719719213774,0.07000336907733865,0.09381305540815686,-0.06235426349706416,0.22194109557597855,0.8047910780837756,0.7714285714285712,0.5403275022865802,0.47500058180703225,0.07137052186667146,0.09037732881100027,-0.06477432731973816,0.19028680784568355,0.1554762772515274,0.514097255098919,0.8862544381346518,0.8890660975179927,0.4104998722423434,0.4641070029897144,-0.4054844847664784,0.738746459127685,0.8813881828078929,0.9067178104913953,0.6799505449082707,0.6482542000304716,0.4125540538549614,0.46466353049134784,-0.4054844847664784,0.757781250336968,0.7747741277367768,0.8205370101596517,0.6807658982116133,0.6514981276125461
MDS-SMACOF,50,13,67,MDS_SMACOF_completed_p50_rep13_seed67.csv,mds_smacof_outputs/completed_matrices/MDS_SMACOF_completed_p50_rep13_seed67.csv,True,,15,105,27,15,12,0.17781999433094703,scipy.optimize.nnls,3.17394,1.650166596366016,1.523773403633984,0.4800889127185719,0.4952380952380952,105,52,53,210,missing_p50_rep13_seed67.csv,0.0129757250001603,0.0625889542588902,0.0474030451761294,0.4839427369692033,0.5560488346281909,0.0,0.0,method_specific,mds_smacof_outputs/tables/mds_smacof_all_masks_detailed.csv,0.07531044232575435,0.09718672190551671,-0.056436051986443865,0.22770519660885852,0.43857775029393503,0.5474612312427243,0.6648364412917565,0.6406491435866359,0.07641594921378894,0.09748731637389416,-0.04244204660303007,0.22770519660885852,0.33278820549945143,0.5,0.5614898473538883,0.5185124775321217,0.07392855871571109,0.09680966630939225,-0.07392855871571109,0.22250992403368075,0.11716834687090723,0.6888580946214355,0.9493309610915459,0.9209316882296801,0.4065387655258487,0.46047187676101425,-0.39568842631171397,0.7397065564993588,0.8295262042049288,0.8542919344806137,0.6746248203574826,0.6419988897627484,0.4083803420300288,0.4610628864145344,-0.395688426311714,0.7570553270581775,0.6523744508427252,0.7283848227244453,0.6754906925235313,0.6449070750856598
MDS-SMACOF,50,14,68,MDS_SMACOF_completed_p50_rep14_seed68.csv,mds_smacof_outputs/completed_matrices/MDS_SMACOF_completed_p50_rep14_seed68.csv,True,,15,105,27,15,12,0.2021191486234032,scipy.optimize.nnls,3.17394,1.5408388027534126,1.6331011972465874,0.5145343633611812,0.4952380952380952,105,52,53,210,missing_p50_rep14_seed68.csv,0.0150887839999995,0.0549984394744402,0.040941237684166,0.5218510633280984,0.7544608554597455,0.0,0.0,method_specific,mds_smacof_outputs/tables/mds_smacof_all_masks_detailed.csv,0.07492001650729413,0.09496261197953874,-0.06048522952765137,0.22545343834449716,0.5399009647683856,0.5521253775380649,0.649621715460522,0.6373278781882902,0.07894502081912333,0.0986543058959843,-0.05296240425576634,0.22545343834449716,0.6315075294694563,0.5,0.5682112629492144,0.5356732299330281,0.06988876111750765,0.09013561824647304,-0.06988876111750765,0.19066856283561023,0.628599273152713,0.5160959424271852,0.8838841859555431,0.8706077310627853,0.41016583268891765,0.4633804491184727,-0.40229821898752316,0.7383341012154496,0.9002540462307832,0.8824797843665767,0.6788860905960677,0.6477266906251661,0.41201983663556796,0.4640484215136941,-0.40229821898752316,0.7495182775698743,0.7218647414744658,0.7971905453037529,0.6798647187813539,0.6506545011473082
MDS-SMACOF,50,15,69,MDS_SMACOF_completed_p50_rep15_seed69.csv,mds_smacof_outputs/completed_matrices/MDS_SMACOF_completed_p50_rep15_seed69.csv,True,,15,105,27,15,12,0.17055299297481274,scipy.optimize.nnls,3.17394,1.4957905175519042,1.6781494824480958,0.5287275381538705,0.4952380952380952,105,52,53,210,missing_p50_rep15_seed69.csv,0.0167888050000328,0.0383342013646452,0.03189270483836,0.7560083947910528,0.7059677281652863,0.0,0.0,method_specific,mds_smacof_outputs/tables/mds_smacof_all_masks_detailed.csv,0.06286485821882443,0.09130510453091474,-0.062153684535114655,0.22426389838758823,0.6448448111051621,0.5949257944014807,0.6246013815253444,0.5347773341362028,0.05614867549792849,0.08743585049619249,-0.05610525402837472,0.21592665701937186,0.8104444190116828,0.8999999999999999,0.503597228587896,0.3809909991581257,0.07126008661994436,0.09592244166597404,-0.06971422266853958,0.22426389838758823,-0.2009326410669158,0.0,0.9406306953479525,0.8876904002235337,0.4045266919561778,0.4612009270655845,-0.4044122499169517,0.7280116819369196,0.8898863809209375,0.9460501762388556,0.6756929321262444,0.6388214584637212,0.4053691117377074,0.4615804352289896,-0.4044122499169517,0.7578793108368874,0.8112344319673145,0.8202985693551731,0.6762489392126321,0.6401517930106779
MDS-SMACOF,50,16,70,MDS_SMACOF_completed_p50_rep16_seed70.csv,mds_smacof_outputs/completed_matrices/MDS_SMACOF_completed_p50_rep16_seed70.csv,True,,15,105,27,15,12,0.15896520017789506,scipy.optimize.nnls,3.17394,1.4516668992942554,1.7222731007057446,0.5426293820002094,0.4952380952380952,105,52,53,210,missing_p50_rep16_seed70.csv,0.0151801409999734,0.0360268970764925,0.0303693839807272,0.7713137308875774,0.4902245368394092,0.0,0.0,method_specific,mds_smacof_outputs/tables/mds_smacof_all_masks_detailed.csv,0.06794968921237377,0.09399238710658422,-0.06378789261873129,0.2256356977426825,0.6168165539856576,0.6196888927295999,0.642984586034396,0.5780328578152365,0.06575138604312489,0.09342018390631963,-0.05826015217456842,0.22006891926027772,0.8060874791705493,0.8857142857142855,0.5380647119277787,0.4461491930566731,0.07069756817393488,0.0947027793949218,-0.07069756817393488,0.2256356977426825,0.06314110040152525,0.27050545947907634,0.9286704934370739,0.880683080303556,0.40966907062536695,0.46338875294141546,-0.40859889435843033,0.7188434209587788,0.911589109758349,0.9293904208998548,0.678898256301171,0.6469422126852499,0.41015580897871945,0.46380507422651257,-0.40859889435843033,0.7473768797126151,0.8443281892029209,0.8132490151358075,0.6795081972907168,0.6477108613577892
MDS-SMACOF,50,17,71,MDS_SMACOF_completed_p50_rep17_seed71.csv,mds_smacof_outputs/completed_matrices/MDS_SMACOF_completed_p50_rep17_seed71.csv,True,,15,105,27,15,12,0.14209872621925948,scipy.optimize.nnls,3.17394,1.4431186527962534,1.7308213472037466,0.5453226422691502,0.4952380952380952,105,52,53,210,missing_p50_rep17_seed71.csv,0.0178278419998605,0.0404695721423231,0.0323765434147088,0.7292350718686977,0.8439340903269871,0.0,0.0,method_specific,mds_smacof_outputs/tables/mds_smacof_all_masks_detailed.csv,0.0680601858668004,0.09470655547178543,-0.0641044943408795,0.22637,0.6043619944863949,0.541730990585521,0.6478700801131563,0.5789728282209529,0.06435628369701511,0.09312966917425987,-0.06178422017448848,0.2252628546884441,0.776309069021581,0.8642857142857141,0.5363914576150569,0.43668287115221754,0.07269006357903203,0.09664148752145466,-0.0670048370488683,0.22637,-0.3970430783944436,-0.3416911067104122,0.9476817731904353,0.9055036934614863,0.40877876183655787,0.4635397399256097,-0.40694586801121246,0.7349062896517322,0.8715951859351297,0.9179245283018866,0.6791194632243925,0.6455362526577427,0.41028314307321484,0.4639918886431113,-0.40694586801121246,0.7555860051438125,0.8092605996916202,0.8494920174165457,0.6797818940105352,0.6479119451269822
MDS-SMACOF,50,18,72,MDS_SMACOF_completed_p50_rep18_seed72.csv,mds_smacof_outputs/completed_matrices/MDS_SMACOF_completed_p50_rep18_seed72.csv,True,,15,105,27,15,12,0.15941691359914884,scipy.optimize.nnls,3.17394,1.4168337741351276,1.7571062258648724,0.5536041090458145,0.4952380952380952,105,52,53,210,missing_p50_rep18_seed72.csv,0.0175932859999647,0.0375059714276421,0.0308836600935347,0.806010172048417,0.6947835738068813,0.0,0.0,method_specific,mds_smacof_outputs/tables/mds_smacof_all_masks_detailed.csv,0.06535185767287016,0.09245345083483941,-0.06507800836536565,0.23417952255022995,0.6814623808853821,0.650587704114731,0.6324570068114205,0.5559336840543597,0.06366573185749964,0.09371189435862974,-0.06348159433942954,0.23417952255022995,0.8122535719258897,0.807142857142857,0.5397448531341582,0.4319972034499191,0.0674595149420833,0.09085588783895034,-0.06707352589778577,0.1934606309511405,0.2280448754038953,0.16112108771781963,0.8909472639573434,0.8403464921001542,0.40991648458534724,0.46603407980465883,-0.40988600955550897,0.7482175436560615,0.8732360469608323,0.8225274725274725,0.682773852727288,0.6473329244723871,0.41063610177879845,0.46633629101462426,-0.40988600955550897,0.7657399250191623,0.8083072608899968,0.7885030064275347,0.6832166141499117,0.6484693313256235
MDS-SMACOF,50,19,73,MDS_SMACOF_completed_p50_rep19_seed73.csv,mds_smacof_outputs/completed_matrices/MDS_SMACOF_completed_p50_rep19_seed73.csv,True,,15,105,27,15,12,0.1995277653532338,scipy.optimize.nnls,3.17394,1.536897546257951,1.637042453742049,0.5157761185599126,0.4952380952380952,105,52,53,210,missing_p50_rep19_seed73.csv,0.0149717109998164,0.049534330016403,0.0380023933378772,0.6172461997331965,0.6712200119525313,0.0,0.0,method_specific,mds_smacof_outputs/tables/mds_smacof_all_masks_detailed.csv,0.07309897476286914,0.09350352519557491,-0.060631201990446255,0.2273903397751371,0.577738164186375,0.6215583330104756,0.6396403718575407,0.6218366820410804,0.07423268163926709,0.09638826816475018,-0.05343785783941102,0.2273903397751371,0.742021322958378,0.6678571428571428,0.5551597478687407,0.503698142425013,0.07168184116737171,0.08976732676341187,-0.06962288217924031,0.18676686767023704,0.5431763092646421,0.5800910270496299,0.880272661188389,0.8929442173427665,0.4090843905573795,0.46326235145782524,-0.40388222797648876,0.7417990203130069,0.9107345953929784,0.8985278872071325,0.6787130689260814,0.6460188961743906,0.41083695396216774,0.4638539322825836,-0.4038822279764889,0.7639871191357067,0.7618090966623429,0.796620360771304,0.6795797778995735,0.6487865135716087
MDS-SMACOF,50,20,74,MDS_SMACOF_completed_p50_rep20_seed74.csv,mds_smacof_outputs/completed_matrices/MDS_SMACOF_completed_p50_rep20_seed74.csv,True,,15,105,27,15,12,0.15383293917530766,scipy.optimize.nnls,3.17394,1.3810311789649425,1.7929088210350574,0.564884282952752,0.4952380952380952,105,52,53,210,missing_p50_rep20_seed74.csv,0.0178973409999798,0.0329484658453131,0.0278697598954605,0.8048460540048056,0.7752070349184667,0.0,0.0,method_specific,mds_smacof_outputs/tables/mds_smacof_all_masks_detailed.csv,0.06640403040870584,0.09228127577914465,-0.06640403040870584,0.23311855954295418,0.7263728765641265,0.7063492063492063,0.6312791890080933,0.564884282952752,0.06781425457259124,0.09517053337648484,-0.06781425457259124,0.23311855954295418,0.8706696867827886,0.9464285714285712,0.5481460588493584,0.4601465729628516,0.06464125020384906,0.08853721338936509,-0.06464125020384906,0.19553949764471987,0.2966217715342021,0.3216783216783217,0.8682099741019229,0.8052392297870765,0.40934069848252425,0.46371809661210145,-0.40934069848252425,0.7435122395562024,0.8979190192065507,0.9108024051420277,0.6793807687539081,0.6464236531553577,0.40934069848252425,0.46398729981845094,-0.40934069848252425,0.7642087915216855,0.8442784511357765,0.8680074642338792,0.6797751710483558,0.6464236531553577
MDS-SMACOF,50,21,75,MDS_SMACOF_completed_p50_rep21_seed75.csv,mds_smacof_outputs/completed_matrices/MDS_SMACOF_completed_p50_rep21_seed75.csv,True,,15,105,27,15,12,0.16234615080557616,scipy.optimize.nnls,3.17394,1.4370527280005108,1.7368872719994892,0.5472338078222931,0.4952380952380952,105,52,53,210,missing_p50_rep21_seed75.csv,0.018110575999799,0.036301425312666,0.02979245077709,0.9217173594042136,0.9019892427217622,0.0,0.0,method_specific,mds_smacof_outputs/tables/mds_smacof_all_masks_detailed.csv,0.069250323103804,0.09282262960461939,-0.0643291582222033,0.22430498980123176,0.6736193042781988,0.6353228588750611,0.6349824906911998,0.5890970603737651,0.07077866919007057,0.09551276173160186,-0.061920572403189315,0.22430498980123176,0.9217068464623454,0.8749999999999999,0.5501171639533069,0.480261300104974,0.06733989049597078,0.08934613426508518,-0.06733989049597078,0.19488110462066743,0.5538677621208995,0.24168163157672948,0.876142380664922,0.8388563244974612,0.408574301779554,0.4629647030136893,-0.407328625795278,0.7352845583172959,0.9451455753990741,0.9402135600248808,0.6782769922875528,0.6452133729209788,0.41005498726040135,0.46330897625142664,-0.40732862579527795,0.7580679870160844,0.8657913758895902,0.8757619738751814,0.6787813776428455,0.6475516454681546
MDS-SMACOF,50,22,76,MDS_SMACOF_completed_p50_rep22_seed76.csv,mds_smacof_outputs/completed_matrices/MDS_SMACOF_completed_p50_rep22_seed76.csv,True,,15,105,27,15,12,0.1644473108376974,scipy.optimize.nnls,3.17394,1.3711171973688636,1.8028228026311364,0.5680078396665142,0.4952380952380952,105,52,53,210,missing_p50_rep22_seed76.csv,0.0402545409999675,0.0337835006081283,0.0285494113743352,0.8235893623850303,0.8452147186886365,0.0,0.0,method_specific,mds_smacof_outputs/tables/mds_smacof_all_masks_detailed.csv,0.0670632087255621,0.0927775982318301,-0.06677121491226432,0.22754979792796295,0.7293778943071187,0.6269841269841269,0.6346744393746752,0.5704917659408106,0.06858517408820716,0.0958002630347005,-0.06858517408820716,0.22754979792796295,0.892049604667194,0.9464285714285712,0.5517730620618544,0.46537756717456447,0.06516075202225574,0.08885478689329704,-0.06450376594233574,0.1949398442801199,0.29028750018812366,-0.23076923076923078,0.8713241503117802,0.8117106894634841,0.4108092738256985,0.46492447628888806,-0.4108092738256985,0.7349144737819425,0.9132543496603172,0.9511922040223926,0.681148202801042,0.6487428015854743,0.4108882192049355,0.4652013760221422,-0.4108092738256985,0.763180954535557,0.8512083588200255,0.8740203193033381,0.681553881067688,0.648867470744039
MDS-SMACOF,50,23,77,MDS_SMACOF_completed_p50_rep23_seed77.csv,mds_smacof_outputs/completed_matrices/MDS_SMACOF_completed_p50_rep23_seed77.csv,True,,15,105,27,15,12,0.16778453601946403,scipy.optimize.nnls,3.17394,1.4534889745552244,1.7204510254447756,0.5420553083690226,0.4952380952380952,105,52,53,210,missing_p50_rep23_seed77.csv,0.024772385999995,0.0408651725648053,0.0355314131766335,0.8352138847536067,0.590455049944506,0.0,0.0,method_specific,mds_smacof_outputs/tables/mds_smacof_all_masks_detailed.csv,0.0683535792264448,0.09269573399946965,-0.06372040834980651,0.22716241551746136,0.6509283511819182,0.6591326825432983,0.6341144212585738,0.581468660124013,0.06712679264987965,0.09468796404953263,-0.058787085071930714,0.22716241551746136,0.8244704291213868,0.8142857142857142,0.5453666431488701,0.4554818715697312,0.06988706244715125,0.09014355112274532,-0.06988706244715125,0.18711528160970753,0.5711519707946828,0.5281821114029991,0.8839619770000005,0.8705865706426954,0.4125270714395614,0.4679495262742053,-0.4113356846427116,0.7396881012106916,0.8952503167953471,0.8866680489321999,0.6855801212436448,0.6514555174552896,0.4132420655236912,0.46829273386676484,-0.41133568464271153,0.7619529610621099,0.8121950022904584,0.7895915405349367,0.6860829453511765,0.652584623575353
MDS-SMACOF,50,24,78,MDS_SMACOF_completed_p50_rep24_seed78.csv,mds_smacof_outputs/completed_matrices/MDS_SMACOF_completed_p50_rep24_seed78.csv,True,,15,105,27,15,12,0.18860688540970552,scipy.optimize.nnls,3.17394,1.5118441129599263,1.6620958870400737,0.5236695989968536,0.4952380952380952,105,52,53,210,missing_p50_rep24_seed78.csv,0.0165883330000724,0.0443124926393904,0.0322792137862522,0.7717865714230966,0.8677537778536668,0.0,0.0,method_specific,mds_smacof_outputs/tables/mds_smacof_all_masks_detailed.csv,0.07263277804933829,0.09328652997604985,-0.06155910692741014,0.2209648155373758,0.602692766216153,0.6243128837435133,0.6381559475792261,0.617870850530298,0.07557469305436407,0.09666695012480189,-0.055692853665057204,0.2209648155373758,0.854400988102117,0.7285714285714285,0.5567648499171916,0.5128042213375649,0.06895538429305603,0.0888803885041539,-0.0688919235053513,0.1889761217751384,0.6892007991625366,0.521139683250959,0.8715752037733484,0.8589806101012886,0.4082379651441151,0.46102640116380145,-0.4034270815963169,0.7238875559452305,0.9708435055912141,0.9787165664524156,0.6754372389751961,0.644682236004038,0.4098383951730099,0.4614938755474541,-0.4034270815963169,0.7508593275000499,0.8411750149997748,0.8899647522289031,0.6761221229779103,0.6472096070417407
MDS-SMACOF,50,25,79,MDS_SMACOF_completed_p50_rep25_seed79.csv,mds_smacof_outputs/completed_matrices/MDS_SMACOF_completed_p50_rep25_seed79.csv,True,,15,105,27,15,12,0.15436963875435034,scipy.optimize.nnls,3.17394,1.534404394758503,1.6395356052414969,0.5165616253746123,0.4952380952380952,105,52,53,210,missing_p50_rep25_seed79.csv,0.0169772700000976,0.0425932676658316,0.0336937955263629,0.6854771796090315,0.7028088448732177,0.0,0.0,method_specific,mds_smacof_outputs/tables/mds_smacof_all_masks_detailed.csv,0.06149833327574936,0.09150496639454779,-0.06072354093487026,0.2248708064913488,0.6187476926401715,0.5891171663985885,0.6259685996757509,0.5231526110907052,0.054799197675022046,0.08807973034089008,-0.0543020425633499,0.21884160979458028,0.7593754290964853,0.8464285714285712,0.5073057314902316,0.37183425771175216,0.0698722527766585,0.09561411426822185,-0.0687504138992707,0.2248708064913488,-0.20632499857609957,-0.03915210597723474,0.9376071879235648,0.8704020858497284,0.3992627511294282,0.4574299048283977,-0.3989711027084014,0.7256701188548659,0.8538160044115969,0.93388969521045,0.6701681100302218,0.6305087354145951,0.40025975672278485,0.4578793133844078,-0.3989711027084014,0.751096983959409,0.7826634844566517,0.8432925565001037,0.6708265262803043,0.6320831891648894
MDS-SMACOF,50,26,80,MDS_SMACOF_completed_p50_rep26_seed80.csv,mds_smacof_outputs/completed_matrices/MDS_SMACOF_completed_p50_rep26_seed80.csv,True,,15,105,27,15,12,0.16995429524109554,scipy.optimize.nnls,3.17394,1.4929052757790946,1.6810347242209054,0.5296365792109824,0.4952380952380952,105,52,53,210,missing_p50_rep26_seed80.csv,0.0149966029998722,0.0391358374071008,0.0304787726867031,0.8711343264868635,0.7924528301886792,0.0,0.0,method_specific,mds_smacof_outputs/tables/mds_smacof_all_masks_detailed.csv,0.06923148129470445,0.09394186482831583,-0.06226054534151501,0.22614483530407084,0.5921712704073677,0.6005190117286138,0.6426389724461267,0.5889367773042402,0.06795868748972694,0.09271670846278898,-0.05541100277398594,0.21890131561939102,0.8174185994054604,0.914285714285714,0.5340129610529233,0.46112660750369994,0.07082247355092634,0.09545119900494314,-0.07082247355092634,0.22614483530407084,-0.0856973531079763,0.08756580854229329,0.9360096149811008,0.8822390327216743,0.4069398838489955,0.46105011299373394,-0.4046774977397362,0.7226164267447356,0.9288389712397822,0.9412398921832883,0.6754719785321938,0.6426323287849549,0.408606247205733,0.46146535265530125,-0.40467749773973616,0.7422557270646791,0.8418760279000076,0.8590607505701845,0.6760803348645297,0.6452638205778299
MDS-SMACOF,50,27,81,MDS_SMACOF_completed_p50_rep27_seed81.csv,mds_smacof_outputs/completed_matrices/MDS_SMACOF_completed_p50_rep27_seed81.csv,True,,15,105,27,15,12,0.15106362872067372,scipy.optimize.nnls,3.17394,1.3822419085042323,1.7916980914957676,0.5645028234609878,0.4952380952380952,105,52,53,210,missing_p50_rep27_seed81.csv,0.0144875329999649,0.0335710134184026,0.0278926912115173,0.837337543219761,0.771792025954068,0.0,0.0,method_specific,mds_smacof_outputs/tables/mds_smacof_all_masks_detailed.csv,0.06644207726236277,0.09104135546961635,-0.06635918857391732,0.2250740429749041,0.7488482670443011,0.6941391941391941,0.6227971228378445,0.565207939054864,0.06714401970098084,0.09288126640307207,-0.06699482006177906,0.2250740429749041,0.9034751687683074,0.9392857142857142,0.5349607521729091,0.45559876393368076,0.06556464921409016,0.08868780554353736,-0.06556464921409016,0.18679852862047605,0.35220265505407905,0.2377622377622378,0.869686704679594,0.8167420566267162,0.41133726483605165,0.4657812857728614,-0.41133726483605165,0.7480776873118148,0.8892802219725667,0.8637155297532656,0.6824034910680953,0.6495765957305738,0.41133726483605165,0.4660229181010652,-0.41133726483605165,0.7658390916414488,0.8380059772949264,0.8205370101596517,0.6827575000189865,0.6495765957305738
MDS-SMACOF,50,28,82,MDS_SMACOF_completed_p50_rep28_seed82.csv,mds_smacof_outputs/completed_matrices/MDS_SMACOF_completed_p50_rep28_seed82.csv,True,,15,105,27,15,12,0.1858070729956191,scipy.optimize.nnls,3.17394,1.5250326585056224,1.6489073414943776,0.5195143391161703,0.4952380952380952,105,52,53,210,missing_p50_rep28_seed82.csv,0.0173209720001068,0.0461871371873251,0.0335274771897473,0.7009805525499752,0.7874156919661914,0.0,0.0,method_specific,mds_smacof_outputs/tables/mds_smacof_all_masks_detailed.csv,0.07192329282104144,0.09385067744531048,-0.06107064227756954,0.22740158658323834,0.5774345467737453,0.6089887885137459,0.6420151763758473,0.6118354178617488,0.07310625619214023,0.09657438321750886,-0.054319724036740465,0.22740158658323834,0.7553217532453778,0.7357142857142855,0.5562316997538754,0.4960548996811332,0.07044458860716797,0.09033062803291321,-0.06950929007860589,0.19302780628099397,0.5320467117014365,0.35592823615667946,0.8857964828887012,0.877531701410777,0.40722570477273135,0.46125065618930233,-0.40284846904514815,0.7394645652881584,0.9375741829535345,0.9150736056396434,0.6757657889126146,0.6430836921757794,0.40910842184765983,0.4618036625707397,-0.40284846904514815,0.7600893837475856,0.8086120665067253,0.8376632801161102,0.6765759835185434,0.6460568459666068
MDS-SMACOF,50,29,83,MDS_SMACOF_completed_p50_rep29_seed83.csv,mds_smacof_outputs/completed_matrices/MDS_SMACOF_completed_p50_rep29_seed83.csv,True,,15,105,27,15,12,0.16917121418148354,scipy.optimize.nnls,3.17394,1.445334659840682,1.728605340159318,0.5446244541986672,0.4952380952380952,105,52,53,210,missing_p50_rep29_seed83.csv,0.0301695890000246,0.0397481201609564,0.0359018319821065,0.7142614816121968,0.5608298471783488,0.0,0.0,method_specific,mds_smacof_outputs/tables/mds_smacof_all_masks_detailed.csv,0.06482941363176585,0.09296404102076906,-0.06402242000590067,0.22241617216841458,0.6415647782512784,0.5809800098218362,0.6359498601098574,0.5514893690673668,0.06050862477103812,0.09057796843772163,-0.06050862477103812,0.2200887336563216,0.8070738898154841,0.9249999999999998,0.5216946323218402,0.41057498159600286,0.07023039970767549,0.09586315047331354,-0.06841466404947885,0.22241617216841458,-0.2996696824583026,-0.22767110220996253,0.9400492764973517,0.874863539766125,0.4110247791157876,0.4672689694556241,-0.4110247791157876,0.7426719307502098,0.8547407151282467,0.9134252539912916,0.68458305596203,0.6490831237606456,0.4110247791157876,0.467663080769944,-0.4110247791157876,0.7628154916806082,0.7829795547234301,0.7681733360978643,0.6851604577275713,0.6490831237606456
MDS-SMACOF,50,30,84,MDS_SMACOF_completed_p50_rep30_seed84.csv,mds_smacof_outputs/completed_matrices/MDS_SMACOF_completed_p50_rep30_seed84.csv,True,,15,105,27,15,12,0.16606766953869087,scipy.optimize.nnls,3.17394,1.5441487289983962,1.6297912710016038,0.5134915187437707,0.4952380952380952,105,52,53,210,missing_p50_rep30_seed84.csv,0.016507606999994,0.0437738379550833,0.0349955656324332,0.621984400914308,0.5522923247673525,0.0,0.0,method_specific,mds_smacof_outputs/tables/mds_smacof_all_masks_detailed.csv,0.060701088376895654,0.09036343426904381,-0.060362639666726066,0.22093107534746922,0.6369134344312944,0.6395847253223664,0.6181595889275738,0.516370626469367,0.05316270921693789,0.08775179313225927,-0.05296614857692668,0.22093107534746922,0.7453417387860809,0.8999999999999999,0.5054169379521106,0.36073003544422555,0.07012406232684286,0.0935254862142241,-0.06960825352897533,0.21041911096567367,0.126306436407524,0.07042428152039987,0.9171257695543737,0.8735388897884526,0.40213261500126446,0.4604958945138854,-0.4020619289321872,0.7323830849950534,0.8442082028616363,0.8977503628447024,0.6746600081138556,0.635040774117241,0.403204302157749,0.46100215202908734,-0.4020619289321872,0.7551610990574691,0.7628518782917781,0.7813601492846776,0.6754017122275793,0.6367331636824677
MDS-SMACOF,65,1,55,MDS_SMACOF_completed_p65_rep01_seed55.csv,mds_smacof_outputs/completed_matrices/MDS_SMACOF_completed_p65_rep01_seed55.csv,True,,15,105,27,15,12,0.19436019659872444,scipy.optimize.nnls,3.17394,1.6646675725303575,1.5092724274696425,0.4755201508124421,0.6476190476190476,105,68,37,210,missing_p65_rep01_seed55.csv,0.0084472440000809,0.0558968363774056,0.0439528844072908,0.4783380041305856,0.6288124594419208,0.0,0.0,method_specific,mds_smacof_outputs/tables/mds_smacof_all_masks_detailed.csv,0.0705340351416336,0.09539519755471539,-0.055898978795171944,0.2276404956672127,0.4734789766311832,0.611333045347183,0.6525809536024791,0.6000173124961743,0.06637755202182892,0.09334414369137102,-0.04003445059819793,0.2276404956672127,0.6661373508585527,0.7285714285714285,0.5376267492237844,0.45039797719538494,0.07572963904138946,0.09789860525200551,-0.07572963904138946,0.22116835082365277,0.18709885100413132,0.34337442884420794,0.9600092692850405,0.9433678343385551,0.40633443763124977,0.46436003559124667,-0.3977766564119853,0.7448831770848435,0.836175460660999,0.8240825212523325,0.680321256089492,0.6416762187345368,0.40790244346523047,0.4650621334464263,-0.3977766564119853,0.7576528258167416,0.5601271669539615,0.6996786232635289,0.6813498805578431,0.6441523860521973
MDS-SMACOF,65,2,56,MDS_SMACOF_completed_p65_rep02_seed56.csv,mds_smacof_outputs/completed_matrices/MDS_SMACOF_completed_p65_rep02_seed56.csv,True,,15,105,27,15,12,0.17037665230230378,scipy.optimize.nnls,3.17394,1.567598781734448,1.6063412182655519,0.5061032087139492,0.6476190476190476,105,68,37,210,missing_p65_rep02_seed56.csv,0.0103125890000228,0.0580389698601069,0.0481410961811055,0.4314709714238118,0.5026911478413558,0.0,0.0,method_specific,mds_smacof_outputs/tables/mds_smacof_all_masks_detailed.csv,0.07673932383572345,0.09747660395980097,-0.05949411919502044,0.22728278144016634,0.4669219186613898,0.4704608315303214,0.6668194709648023,0.6528043200452854,0.07806838519661448,0.0993162370725914,-0.047027016843349076,0.22728278144016634,0.45276716882619916,0.1857142857142857,0.5720237346546252,0.5297249100705307,0.07507799713460965,0.09512704681704236,-0.07507799713460965,0.2038510496947956,0.6539367158678013,0.686223731762058,0.9328309271515578,0.935250299088887,0.42086806519146946,0.47617045955506765,-0.4112745263734034,0.7560029149562475,0.8130683840554949,0.8351648351648351,0.6976243869581632,0.6646274685269581,0.4224194968540983,0.4768816271716534,-0.4112745263734034,0.7650560010902234,0.5723669723942757,0.676643168152602,0.6986662992872243,0.6670774622038518
MDS-SMACOF,65,3,57,MDS_SMACOF_completed_p65_rep03_seed57.csv,mds_smacof_outputs/completed_matrices/MDS_SMACOF_completed_p65_rep03_seed57.csv,True,,15,105,27,15,12,0.1613326684054334,scipy.optimize.nnls,3.17394,1.4941342776883,1.6798057223117,0.5292493627200577,0.6476190476190476,105,68,37,210,missing_p65_rep03_seed57.csv,0.0084676540000145,0.038304834777112,0.0318473703208374,0.6567639615635814,0.5868610909646143,0.0,0.0,method_specific,mds_smacof_outputs/tables/mds_smacof_all_masks_detailed.csv,0.06238735435294509,0.09143495619686126,-0.06221502675228519,0.22023566377260181,0.6406254267946992,0.6245803689425617,0.6254896728247219,0.5307153152011436,0.05553260371601798,0.08781232584545952,-0.05553260371601798,0.2149446817630055,0.7707846457796946,0.7857142857142856,0.5057655833468034,0.3768107081421449,0.07095579264910397,0.0957707393734533,-0.07056805554761922,0.22023566377260181,-0.06136690802644849,0.2349126358634084,0.9391430785773478,0.8838997952779973,0.4088023766265766,0.46623861415344026,-0.4088023766265766,0.7329133291266141,0.8198987943508935,0.8918619116732324,0.6830735104377094,0.6455735447200492,0.4088023766265766,0.4667495456644276,-0.4088023766265766,0.7524844846834223,0.7484263461661128,0.7365954799917064,0.6838220622955109,0.6455735447200492
MDS-SMACOF,65,4,58,MDS_SMACOF_completed_p65_rep04_seed58.csv,mds_smacof_outputs/completed_matrices/MDS_SMACOF_completed_p65_rep04_seed58.csv,True,,15,105,27,15,12,0.14217375079879765,scipy.optimize.nnls,3.17394,1.4526453700605586,1.7212946299394414,0.5423210993085696,0.6476190476190476,105,68,37,210,missing_p65_rep04_seed58.csv,0.0075124590000541,0.0391780083107824,0.03345547747892,0.806030191012526,0.7281749818681528,0.0,0.0,method_specific,mds_smacof_outputs/tables/mds_smacof_all_masks_detailed.csv,0.06891060373369168,0.0942705391601617,-0.06375165296072005,0.2232633129462268,0.6086531952895491,0.5389795352157299,0.6448873729358642,0.5862071434273097,0.06757314628969913,0.0918705331892677,-0.0582870348983502,0.2232633129462268,0.8431724680257129,0.9535714285714283,0.5291393134561234,0.45851055778012917,0.07058242553868235,0.0971872376389083,-0.07058242553868235,0.22259256588197524,-0.33181454712137015,-0.27406474184064317,0.9530334855066653,0.8792487428389493,0.41281418554827604,0.4699813450114546,-0.4114875982066548,0.74319362489756,0.8476349613680575,0.8670848019904625,0.6885568836037209,0.6519089230211563,0.41355147376541673,0.47036658509571044,-0.4114875982066548,0.7569593340491707,0.7738423434559765,0.7880364918100767,0.6891212883714207,0.6530732356451375
MDS-SMACOF,65,5,59,MDS_SMACOF_completed_p65_rep05_seed59.csv,mds_smacof_outputs/completed_matrices/MDS_SMACOF_completed_p65_rep05_seed59.csv,True,,15,105,27,15,12,0.1462011804704891,scipy.optimize.nnls,3.17394,1.513024106180277,1.660915893819723,0.5232978234685354,0.6476190476190476,105,68,37,210,missing_p65_rep05_seed59.csv,0.0098261840000759,0.0399453570801447,0.0331265876974098,0.6516962998103526,0.6340420658854067,0.0,0.0,method_specific,mds_smacof_outputs/tables/mds_smacof_all_masks_detailed.csv,0.06151540347480456,0.0915871670983493,-0.06151540347480456,0.2213147729169886,0.6270020841341583,0.6019572914576135,0.6265309195309283,0.5232978234685354,0.05444087697533859,0.08722998610992287,-0.05444087697533859,0.21697273669196956,0.7750661297717505,0.8464285714285712,0.5024115280565695,0.36940290986283497,0.07035856159913703,0.09675811362648346,-0.07035856159913703,0.2213147729169886,-0.15827857969666215,-0.010677847084700381,0.9488254272964366,0.8764600587449983,0.40485683589579524,0.46462597189250504,-0.40485683589579524,0.7400697170007522,0.7756519125209329,0.8666079203815052,0.6807108721301609,0.6393428159840112,0.4049071232422157,0.4649032869487698,-0.40485683589579524,0.7561727958243546,0.7183135462460527,0.7590089156126892,0.6811171588752516,0.6394222288796776
MDS-SMACOF,65,6,60,MDS_SMACOF_completed_p65_rep06_seed60.csv,mds_smacof_outputs/completed_matrices/MDS_SMACOF_completed_p65_rep06_seed60.csv,True,,15,105,27,15,12,0.1871045962987262,scipy.optimize.nnls,3.17394,1.5291165665044457,1.6448234334955543,0.5182276393049504,0.6476190476190476,105,68,37,210,missing_p65_rep06_seed60.csv,0.0097944899998765,0.0499671181032581,0.0394909414900418,0.453038332244896,0.617131732641142,0.0,0.0,method_specific,mds_smacof_outputs/tables/mds_smacof_all_masks_detailed.csv,0.06967291401138116,0.09252169620560324,-0.060919386425761286,0.22445053583933391,0.6008783937161218,0.6612664405397753,0.6329238608069423,0.5926919470145281,0.06518868982458516,0.09271028911731403,-0.05626300833504656,0.22445053583933391,0.7130253614169295,0.6107142857142855,0.5339759880656167,0.4423310763758645,0.07527819424487617,0.09228541309136785,-0.06673985903915468,0.18940741841455255,0.15624041126437804,0.5766037425738207,0.9049654155894856,0.9377441643276971,0.4107016868307868,0.46724553670939495,-0.40428730650772776,0.7505527025673404,0.7986748649908212,0.9165871863985072,0.6845487252829742,0.6485729020896737,0.41234438053865446,0.4678857303270112,-0.40428730650772776,0.7636873305936324,0.6401793883501782,0.7287787684014099,0.6854866555368614,0.6511670151881065
MDS-SMACOF,65,7,61,MDS_SMACOF_completed_p65_rep07_seed61.csv,mds_smacof_outputs/completed_matrices/MDS_SMACOF_completed_p65_rep07_seed61.csv,True,,15,105,27,15,12,0.19252499537673073,scipy.optimize.nnls,3.17394,1.7069511810374245,1.4669888189625755,0.4621980311419168,0.6476190476190476,105,68,37,210,missing_p65_rep07_seed61.csv,0.0107099879999168,0.0599776511836714,0.0461120685897541,0.385869485958232,0.5599496125510554,0.0,0.0,method_specific,mds_smacof_outputs/tables/mds_smacof_all_masks_detailed.csv,0.0731871177055786,0.09464568677045794,-0.05433291922083613,0.21915350352257554,0.4696479900167896,0.5413375038239018,0.6474536885528364,0.6225864944046272,0.07286847856555977,0.09701422298643873,-0.0389309212930233,0.21915350352257554,0.3147153726208398,0.2964285714285714,0.5587650094592059,0.49444148432048624,0.07358541663060215,0.09159893136651821,-0.07358541663060215,0.18455239587556566,0.7905523035784983,0.7323649216501577,0.898233666783116,0.9166571504159884,0.4030501059838712,0.46068282743852385,-0.39221534334326036,0.7433428488995787,0.7989037552148849,0.8252539912917272,0.6749338784565792,0.6364896597885471,0.40416495566640964,0.46122442359635135,-0.3922153433432603,0.7531715347764125,0.5184503259716214,0.6720402239270163,0.6757273562542913,0.6382502108580528
MDS-SMACOF,65,8,62,MDS_SMACOF_completed_p65_rep08_seed62.csv,mds_smacof_outputs/completed_matrices/MDS_SMACOF_completed_p65_rep08_seed62.csv,True,,15,105,27,15,12,0.17771033809748193,scipy.optimize.nnls,3.17394,1.4270510847356723,1.7468889152643277,0.5503849837313647,0.6476190476190476,105,68,37,210,missing_p65_rep08_seed62.csv,0.0100169980000828,0.0393689050319798,0.0326156625733703,0.7926721974152413,0.7258464709699582,0.0,0.0,method_specific,mds_smacof_outputs/tables/mds_smacof_all_masks_detailed.csv,0.06946311779167912,0.09243811665240807,-0.06469958945423435,0.21324411225741935,0.6726327617644647,0.6460532426857654,0.6323521084973516,0.5909072573442902,0.06769128285762283,0.09164322890319514,-0.05968035017199479,0.21324411225741935,0.937107661275196,0.8964285714285712,0.5278301272600415,0.45931216117773777,0.0716779114592495,0.09342221587125399,-0.0709736385570338,0.19954371972698498,0.29083879357641024,0.2755432378485742,0.9161130841719993,0.8928952647756111,0.41736034073219275,0.4727642191666194,-0.416215921777103,0.7433684224594963,0.9158842089149192,0.897377151150736,0.6926339968255125,0.6590881315696658,0.418777939297087,0.47324534379850547,-0.416215921777103,0.7660094163390796,0.8068509228120251,0.8176135185569147,0.6933388794355837,0.6613267783654129
MDS-SMACOF,65,9,63,MDS_SMACOF_completed_p65_rep09_seed63.csv,mds_smacof_outputs/completed_matrices/MDS_SMACOF_completed_p65_rep09_seed63.csv,True,,15,105,27,15,12,0.19254560177083305,scipy.optimize.nnls,3.17394,1.499927623875622,1.674012376124378,0.5274240773689414,0.6476190476190476,105,68,37,210,missing_p65_rep09_seed63.csv,0.0112327350000214,0.0460044677142749,0.0381898893636039,0.7033124765493675,0.5672023514142841,0.0,0.0,method_specific,mds_smacof_outputs/tables/mds_smacof_all_masks_detailed.csv,0.07062220378886125,0.09438610736005518,-0.06200045837497696,0.22545505261592066,0.5754573798849814,0.6542456932380653,0.6456779536781426,0.6007673435223267,0.06815746117611576,0.09481808288398708,-0.05263831943112405,0.22545505261592066,0.7637752004525373,0.7214285714285712,0.5461160781237286,0.4624753656838713,0.07370313205479312,0.0938433417380817,-0.07370313205479312,0.19944354897646405,0.6203819123335522,0.598606392923399,0.9202427112964063,0.9181235372388092,0.4164620175011601,0.47362033274078924,-0.41335064366925767,0.7530345332328765,0.8637243768533117,0.8479784366576819,0.6938882655340436,0.6576695152755344,0.41776478843275466,0.47410734701883533,-0.41335064366925767,0.7711582408260287,0.7087749807407567,0.708355795148248,0.694601776904487,0.6597268282863049
MDS-SMACOF,65,10,64,MDS_SMACOF_completed_p65_rep10_seed64.csv,mds_smacof_outputs/completed_matrices/MDS_SMACOF_completed_p65_rep10_seed64.csv,True,,15,105,27,15,12,0.18284136628669492,scipy.optimize.nnls,3.17394,1.5601589207520916,1.6137810792479084,0.508447254594576,0.6476190476190476,105,68,37,210,missing_p65_rep10_seed64.csv,0.0072543690000657,0.0559563562827508,0.0452223868011887,0.4906851363567041,0.6110241630721075,0.0,0.0,method_specific,mds_smacof_outputs/tables/mds_smacof_all_masks_detailed.csv,0.07691553206106423,0.0979885803880535,-0.05976966960177439,0.2291009525038559,0.45937238316576284,0.5585454400675773,0.6703218072913181,0.6543032841354072,0.0784568917968544,0.09867545672499685,-0.047594339370132695,0.2291009525038559,0.4322660842125459,0.5214285714285714,0.5683330836762115,0.5323610812088935,0.07498883239132652,0.09712315400917612,-0.07498883239132652,0.21907673217865983,0.2284916873845711,0.6940600605055248,0.9524050712571062,0.9341395695009064,0.41973578814378143,0.47475892053688634,-0.41021888472280543,0.7578280216994867,0.8123668411666158,0.8454177897574123,0.695556379540932,0.6628393964680013,0.42136760319884126,0.4753380826695938,-0.41021888472280543,0.7608307835616802,0.5855172231341377,0.7113518556914783,0.696404894226528,0.6654163301886797
MDS-SMACOF,65,11,65,MDS_SMACOF_completed_p65_rep11_seed65.csv,mds_smacof_outputs/completed_matrices/MDS_SMACOF_completed_p65_rep11_seed65.csv,True,,15,105,27,15,12,0.1953524149080267,scipy.optimize.nnls,3.17394,1.5730331321507052,1.6009068678492948,0.5043910306588325,0.6476190476190476,105,68,37,210,missing_p65_rep11_seed65.csv,0.0126965619999737,0.048775724875869,0.0388656493962523,0.5718027129786247,0.71534908577318,0.0,0.0,method_specific,mds_smacof_outputs/tables/mds_smacof_all_masks_detailed.csv,0.07095377826568654,0.09580355886990279,-0.05929284695738129,0.22637,0.5054537472468758,0.575144524410105,0.65537447804931,0.6035879736773653,0.06642955517631859,0.09281488802413347,-0.04543987882136914,0.21857995368205005,0.740351463450677,0.7178571428571427,0.5345784379679012,0.4507508391927997,0.07660905712739648,0.09941312769773944,-0.07660905712739648,0.22637,-0.0290895610995875,0.3353138689291874,0.9748609168922983,0.95432278864411,0.41376818162765816,0.47044885467914227,-0.408470811038008,0.7497049735728979,0.8630746856746042,0.8473356831847397,0.689241819300115,0.6534154569011643,0.4152385137370028,0.47100248687155094,-0.408470811038008,0.7624055413710547,0.6778805435603059,0.7672299398714493,0.6900529307646739,0.655737379585612
MDS-SMACOF,65,12,66,MDS_SMACOF_completed_p65_rep12_seed66.csv,mds_smacof_outputs/completed_matrices/MDS_SMACOF_completed_p65_rep12_seed66.csv,True,,15,105,27,15,12,0.1742678800682485,scipy.optimize.nnls,3.17394,1.515845391752314,1.658094608247686,0.5224089328240881,0.6476190476190476,105,68,37,210,missing_p65_rep12_seed66.csv,0.0069756549999056,0.0477987147414654,0.0376580519899562,0.5473250173696023,0.6695804863152268,0.0,0.0,method_specific,mds_smacof_outputs/tables/mds_smacof_all_masks_detailed.csv,0.06923689262675786,0.09359415591251306,-0.061410911416580956,0.2185622792097707,0.5833106526312004,0.6560783142275276,0.6402603598779152,0.5889828102996473,0.06398145575073079,0.0905427398362185,-0.056492428939976594,0.2185622792097707,0.756191618930325,0.907142857142857,0.5214917289820394,0.43413951509794124,0.07580618872179172,0.09727391158930604,-0.06755901451233641,0.21793938280673575,-0.15513222521147849,0.47184268618667913,0.9538834240279873,0.9443214174684168,0.4120339200077522,0.46807622198229104,-0.4063324041588144,0.7443590128668971,0.8007753997492524,0.9023533070702883,0.685765739679039,0.6506767413617062,0.4140549341215339,0.46868071345128337,-0.4063324041588144,0.7531710609345201,0.6730132990440131,0.7451275139954385,0.6866513636861882,0.6538682914112185
MDS-SMACOF,65,13,67,MDS_SMACOF_completed_p65_rep13_seed67.csv,mds_smacof_outputs/completed_matrices/MDS_SMACOF_completed_p65_rep13_seed67.csv,True,,15,105,27,15,12,0.16629611267128944,scipy.optimize.nnls,3.17394,1.6743367421179627,1.4996032578820373,0.47247372599420195,0.6476190476190476,105,68,37,210,missing_p65_rep13_seed67.csv,0.0066817060001085,0.0583824941007232,0.04555663624401,0.4871969147271122,0.7863114097034011,0.0,0.0,method_specific,mds_smacof_outputs/tables/mds_smacof_all_masks_detailed.csv,0.07491496909628739,0.09765105845125206,-0.055540861403038426,0.22991804455909706,0.42233375834333575,0.5131683576973187,0.6680128819677629,0.6372849409880967,0.07411637170192313,0.0967994802847037,-0.039242977854074976,0.22991804455909706,0.34513362135391207,0.5071428571428571,0.5575281732090919,0.5029089334392671,0.0759132158392427,0.09870520000600896,-0.0759132158392427,0.22414783374246675,0.016531849521992867,0.4205659946109816,0.9679188655291008,0.9456546595290325,0.4092572945579862,0.46560998410716903,-0.3980214590993847,0.7515219587652735,0.7951697794948949,0.7992535766120671,0.6821525216576342,0.6462919431402352,0.41063568899632025,0.46621666368921016,-0.3980214590993847,0.7554313760068581,0.5465719984381685,0.7268297739995853,0.6830413514096876,0.6484686794667721
MDS-SMACOF,65,14,68,MDS_SMACOF_completed_p65_rep14_seed68.csv,mds_smacof_outputs/completed_matrices/MDS_SMACOF_completed_p65_rep14_seed68.csv,True,,15,105,27,15,12,0.20217952317075533,scipy.optimize.nnls,3.17394,1.561365716551833,1.612574283448167,0.5080670344896775,0.6476190476190476,105,68,37,210,missing_p65_rep14_seed68.csv,0.0124514599999656,0.051671226740372,0.0397279509097696,0.5324614527934012,0.6670611138680002,0.0,0.0,method_specific,mds_smacof_outputs/tables/mds_smacof_all_masks_detailed.csv,0.07485692098264371,0.0951481778127025,-0.059724973461043204,0.23029669116086784,0.5228711133448051,0.5621581770478981,0.6508911371029752,0.6367911386262438,0.07638973159932207,0.09786492638626505,-0.05114221541577454,0.23029669116086784,0.6306862248017893,0.5678571428571427,0.5636647373405226,0.518334580635308,0.07294090771179575,0.09163905088273432,-0.07045342101762905,0.18756635166139737,0.41510667152840824,0.3988125810966205,0.8986270851300633,0.9086284711479679,0.4120263708709618,0.467901160106602,-0.40446847768983185,0.7454822578632809,0.8673585978346311,0.8481650425046652,0.6855092612872012,0.6506648198972628,0.4140225449228436,0.46860116037765176,-0.4044684776898318,0.7628549416392236,0.6386613662259514,0.7352166701223305,0.6865348126421046,0.6538171429565993
MDS-SMACOF,65,15,69,MDS_SMACOF_completed_p65_rep15_seed69.csv,mds_smacof_outputs/completed_matrices/MDS_SMACOF_completed_p65_rep15_seed69.csv,True,,15,105,27,15,12,0.19577089532270517,scipy.optimize.nnls,3.17394,1.5629088884637388,1.6110311115362612,0.5075808337700969,0.6476190476190476,105,68,37,210,missing_p65_rep15_seed69.csv,0.0088854489999903,0.0502484344476839,0.0400221625241783,0.3118650135129046,0.4138641829217085,0.0,0.0,method_specific,mds_smacof_outputs/tables/mds_smacof_all_masks_detailed.csv,0.0680806461069247,0.09403997954560486,-0.059667818945787446,0.22475992807655773,0.5489500092838702,0.6509522246208232,0.6433101571326952,0.5791468789224015,0.05995971918344588,0.08986402171977192,-0.05192261754421909,0.21886774411171298,0.7010949159352541,0.8178571428571428,0.5175825708907622,0.4068504398075156,0.07823180476127321,0.09901255952931153,-0.0693493206977479,0.22475992807655773,-0.15840201334987133,0.5075796486684262,0.970932881822938,0.9745374356492494,0.40971747445884843,0.46653933709131273,-0.4034906420358475,0.7308632177210033,0.778354625877593,0.8886274103255234,0.6835140914333754,0.6470186511703109,0.4108834032109099,0.46703615954650957,-0.40349064203584745,0.7592960643604124,0.6309914358852812,0.6781256479369686,0.684241972497349,0.6488598654107234
MDS-SMACOF,65,16,70,MDS_SMACOF_completed_p65_rep16_seed70.csv,mds_smacof_outputs/completed_matrices/MDS_SMACOF_completed_p65_rep16_seed70.csv,True,,15,105,27,15,12,0.1857794776269817,scipy.optimize.nnls,3.17394,1.5026600184885255,1.6712799815114745,0.5265631932271796,0.6476190476190476,105,68,37,210,missing_p65_rep16_seed70.csv,0.0113850550001188,0.0449185075536286,0.0362616578201732,0.5877332242580283,0.4445165476963011,0.0,0.0,method_specific,mds_smacof_outputs/tables/mds_smacof_all_masks_detailed.csv,0.07019966780157096,0.09513155708948216,-0.06189925857449906,0.2218228172396763,0.5568277505855579,0.5878778322069523,0.6507774378006337,0.5971729240762005,0.06692313190941582,0.0941946810355639,-0.05462958862900937,0.2218228172396763,0.7416834924778986,0.7892857142857141,0.5425255206878385,0.4540999527922978,0.07429533766676488,0.0962898342394805,-0.07098634600636115,0.2207930016400096,-0.09748697877207996,0.14502275676240747,0.9442334052652673,0.9255006716437891,0.4114332233758959,0.4677765553443115,-0.40776764253696063,0.7281023249015843,0.8595597482226937,0.8925046651461745,0.6853267062396114,0.6497281317740395,0.4138847927715462,0.4684613463633646,-0.40776764253696063,0.743137420182836,0.7203136754478366,0.7004043126684635,0.686329974933154,0.6535996071747877
MDS-SMACOF,65,17,71,MDS_SMACOF_completed_p65_rep17_seed71.csv,mds_smacof_outputs/completed_matrices/MDS_SMACOF_completed_p65_rep17_seed71.csv,True,,15,105,27,15,12,0.14822676440640656,scipy.optimize.nnls,3.17394,1.451179398326971,1.722760601673029,0.5427829768908766,0.6476190476190476,105,68,37,210,missing_p65_rep17_seed71.csv,0.0105210189999525,0.0388499193459778,0.0317456846095875,0.7393432915189229,0.7141657441691797,0.0,0.0,method_specific,mds_smacof_outputs/tables/mds_smacof_all_masks_detailed.csv,0.06689352634567192,0.09490717884276015,-0.06380594821011219,0.22560226759086097,0.5927366009419333,0.5400123182282445,0.6492425075948494,0.5690483157631026,0.06316108270524327,0.09325856787713305,-0.06021259646809836,0.22219179605271483,0.7392634466810147,0.8285714285714284,0.5371338650962804,0.4285729591015453,0.07155908089620772,0.09692851870135506,-0.06829763788762949,0.22560226759086097,-0.39607438422354846,-0.2605698416254795,0.9504964465207539,0.8914149866133358,0.41254103022260646,0.46892629880573106,-0.4110392761171478,0.7374095071539428,0.8457903669847204,0.8837134563549658,0.6870111641082944,0.6514775609207037,0.4139188531093677,0.46929179623128003,-0.4110392761171478,0.7552277759683581,0.7756780328728295,0.7902757619738751,0.6875466444437853,0.6536533946630192
MDS-SMACOF,65,18,72,MDS_SMACOF_completed_p65_rep18_seed72.csv,mds_smacof_outputs/completed_matrices/MDS_SMACOF_completed_p65_rep18_seed72.csv,True,,15,105,27,15,12,0.19822847832092008,scipy.optimize.nnls,3.17394,1.5178024454560395,1.6561375545439605,0.5217923320995231,0.6476190476190476,105,68,37,210,missing_p65_rep18_seed72.csv,0.010270064999986,0.0492009766597622,0.0387714421301216,0.4336842552433274,0.5801427644386761,0.0,0.0,method_specific,mds_smacof_outputs/tables/mds_smacof_all_masks_detailed.csv,0.06954590871997414,0.09303337651140789,-0.06133842794607261,0.22652416974216671,0.5950292706200185,0.6493587039328325,0.6364241714144033,0.5916115413143607,0.0645408947497566,0.09227711263960893,-0.05594398933979804,0.22652416974216671,0.7150277187625083,0.6392857142857141,0.5314810563822878,0.43793553025442933,0.07580217618274603,0.09397014781368745,-0.06808147620391582,0.1945229567330233,0.09490180805026803,0.598606392923399,0.9214861918104527,0.9442714330723778,0.4134609369198688,0.46997211895426766,-0.4075252898909863,0.7457507576966367,0.7890314660497455,0.8598901098901099,0.6885433667583141,0.6529302614462338,0.4144098986110867,0.4704315409555028,-0.40752528989098635,0.7645765791635359,0.6373729465683909,0.7195936139332365,0.6892164534345986,0.654428845108732
MDS-SMACOF,65,19,73,MDS_SMACOF_completed_p65_rep19_seed73.csv,mds_smacof_outputs/completed_matrices/MDS_SMACOF_completed_p65_rep19_seed73.csv,True,,15,105,27,15,12,0.1965347029647248,scipy.optimize.nnls,3.17394,1.5741705859297164,1.5997694140702836,0.5040326578543651,0.6476190476190476,105,68,37,210,missing_p65_rep19_seed73.csv,0.007617812999797,0.0542129856526024,0.0435466290456672,0.3034204379340223,0.2949956101843722,0.0,0.0,method_specific,mds_smacof_outputs/tables/mds_smacof_all_masks_detailed.csv,0.07467295802892265,0.09451657551199866,-0.05925071903964012,0.2288947623798216,0.5308464197944622,0.5560921075146062,0.6465704622445324,0.6352262067905857,0.07603593687049874,0.09689179038950511,-0.049763282890215296,0.2288947623798216,0.5999543316726421,0.5678571428571427,0.5580598442877723,0.5159339432910443,0.07296923447695251,0.09146085528003105,-0.07111001422642114,0.1825815629998857,0.47631760955394875,0.257530821633156,0.896879670752702,0.9089813390532955,0.4142796673791752,0.47073223436571116,-0.4063268080138852,0.7558857551216787,0.7860275859673155,0.7634148869997925,0.6896569911700872,0.6542231862309336,0.41594693442848546,0.47138298044762,-0.40632680801388527,0.7659293091100098,0.578759846530888,0.5598901098901098,0.6906103815523492,0.6568561051192731
MDS-SMACOF,65,20,74,MDS_SMACOF_completed_p65_rep20_seed74.csv,mds_smacof_outputs/completed_matrices/MDS_SMACOF_completed_p65_rep20_seed74.csv,True,,15,105,27,15,12,0.18902155993832084,scipy.optimize.nnls,3.17394,1.5566160937237306,1.6173239062762694,0.5095634782876391,0.6476190476190476,105,68,37,210,missing_p65_rep20_seed74.csv,0.0091624289998435,0.0524240337941206,0.040959330642963,0.6551720377945034,0.7838683818757872,0.0,0.0,method_specific,mds_smacof_outputs/tables/mds_smacof_all_masks_detailed.csv,0.07579650299974781,0.09643592452749879,-0.05990088541763961,0.23575485280738245,0.49497701077590495,0.5640483508071593,0.659700374891473,0.6447839533807164,0.0785500609588992,0.09918219243349348,-0.04993794931110442,0.23575485280738245,0.46727544604124094,0.5107142857142856,0.5712516885388307,0.5329932708700633,0.0723545555508086,0.09288898128369197,-0.0723545555508086,0.200516121486225,0.5386698736983719,0.708297189951792,0.910884101129338,0.901324253469499,0.41371449620412987,0.46898447711029995,-0.405162067402694,0.7576254986130474,0.8377788295733829,0.8474186191167322,0.6870963995596853,0.6533306778217154,0.41538411567887107,0.46955814848029914,-0.405162067402694,0.7630755921011251,0.6347741152547666,0.7894775036284469,0.6879368698782033,0.655967311619045
MDS-SMACOF,65,21,75,MDS_SMACOF_completed_p65_rep21_seed75.csv,mds_smacof_outputs/completed_matrices/MDS_SMACOF_completed_p65_rep21_seed75.csv,True,,15,105,27,15,12,0.20265811800001718,scipy.optimize.nnls,3.17394,1.6675311117073992,1.5064088882926008,0.4746179475014023,0.6476190476190476,105,68,37,210,missing_p65_rep21_seed75.csv,0.0062668650000432,0.055018864686231,0.0422258926971984,0.5080971858056784,0.659197618047868,0.0,0.0,method_specific,mds_smacof_outputs/tables/mds_smacof_all_masks_detailed.csv,0.07165308511363133,0.09565828544862416,-0.05579292178861485,0.223904912782999,0.46617111230665226,0.5621581770478981,0.6543806893657999,0.6095368211333693,0.0685186479602505,0.09371419579688173,-0.03997035397522085,0.22388320755995145,0.6551102139553154,0.6107142857142855,0.539758108542768,0.46492616105081247,0.07557113155535734,0.09803419773917253,-0.07557113155535734,0.223904912782999,0.130669424650868,0.3480546162297779,0.9613389107461285,0.9413932987971557,0.405626393677942,0.4623769692586911,-0.39645833178009465,0.7383607560479637,0.8693566000255825,0.8448476052249637,0.6774159195513139,0.6405580881391953,0.40701673188255816,0.46303635030133317,-0.39645833178009465,0.7541133375214577,0.5959426767158361,0.7177379224549035,0.678381960779648,0.6427536858520082
MDS-SMACOF,65,22,76,MDS_SMACOF_completed_p65_rep22_seed76.csv,mds_smacof_outputs/completed_matrices/MDS_SMACOF_completed_p65_rep22_seed76.csv,True,,15,105,27,15,12,0.17493419053968817,scipy.optimize.nnls,3.17394,1.4632560224568603,1.7106839775431397,0.5389780454397813,0.6476190476190476,105,68,37,210,missing_p65_rep22_seed76.csv,0.0154651630000444,0.0439426723118663,0.0354458793053718,0.5447995855478732,0.7301217696682826,0.0,0.0,method_specific,mds_smacof_outputs/tables/mds_smacof_all_masks_detailed.csv,0.06830297599202022,0.0928074254686926,-0.06335866583493109,0.228347391160925,0.6354630329529478,0.625191803469182,0.6348784820012853,0.5810381896899582,0.06414180067654156,0.09362639853532294,-0.05986697236712279,0.228347391160925,0.7316499851778862,0.6392857142857141,0.5392524297239802,0.435227518919097,0.07350444513636856,0.0917734322743608,-0.06772328266969149,0.19313237937348898,0.1867115685716769,0.2633868947559428,0.8999448503959602,0.9156484845339742,0.41222664386956936,0.4691208289321622,-0.40923605353548337,0.7503695896019649,0.7991915160323922,0.910532863363052,0.6872961649046968,0.6509810875048283,0.4132837259768829,0.46957258759599796,-0.40923605353548337,0.7676472575766717,0.702105334644053,0.7900373211693967,0.6879580242338242,0.6526504130325071
MDS-SMACOF,65,23,77,MDS_SMACOF_completed_p65_rep23_seed77.csv,mds_smacof_outputs/completed_matrices/MDS_SMACOF_completed_p65_rep23_seed77.csv,True,,15,105,27,15,12,0.1695728671248844,scipy.optimize.nnls,3.17394,1.4762249244807977,1.6977150755192023,0.5348919877247844,0.6476190476190476,105,68,37,210,missing_p65_rep23_seed77.csv,0.015514019999955,0.0409401205247127,0.0350350727456255,0.8033549923667292,0.6945070046188494,0.0,0.0,method_specific,mds_smacof_outputs/tables/mds_smacof_all_masks_detailed.csv,0.06748239012798098,0.09495745198273113,-0.06287833613034083,0.22398216531575102,0.5756601589075168,0.5712105088684475,0.6495864168739724,0.5740576486812877,0.06253485954400939,0.09283594146282033,-0.05474104583376123,0.22302676004986266,0.7784012228620492,0.8464285714285712,0.5346996977636804,0.4243237869567231,0.07366680335794547,0.09754447581364255,-0.07304994900106533,0.22398216531575102,-0.19813501108580728,0.021015794050150385,0.9565366197771131,0.917670988877252,0.4149156704819431,0.47231387358659616,-0.41374150998628584,0.7409474060915839,0.8746202721566622,0.8803856520837652,0.6919742077670383,0.6552275511783563,0.41622375268111234,0.4726595877361762,-0.4137415099862859,0.7646480856302904,0.7707010106521591,0.76688782915198,0.6924807041630746,0.6572932516497463
MDS-SMACOF,65,24,78,MDS_SMACOF_completed_p65_rep24_seed78.csv,mds_smacof_outputs/completed_matrices/MDS_SMACOF_completed_p65_rep24_seed78.csv,True,,15,105,27,15,12,0.20610740062586475,scipy.optimize.nnls,3.17394,1.7095793923391873,1.4643606076608127,0.4613699716002233,0.6476190476190476,105,68,37,210,missing_p65_rep24_seed78.csv,0.0111696500000562,0.0582775657257388,0.0444476372452847,0.2242649363146228,0.3145398328052829,0.0,0.0,method_specific,mds_smacof_outputs/tables/mds_smacof_all_masks_detailed.csv,0.0727147983360666,0.09628323175574956,-0.05423557806151157,0.22359074160403297,0.4402242307407838,0.5830028211323863,0.6586558317996768,0.6185685788243629,0.0694965969105938,0.09498925558815549,-0.036234000416394754,0.2206903381599237,0.5725545645413087,0.5714285714285713,0.5471019677667059,0.4715619319646015,0.0767375501179076,0.09787664822369889,-0.0767375501179076,0.22359074160403297,0.57477430822845,0.6264336956357558,0.9597939551787154,0.9559234321401119,0.40589481053474585,0.46245113449727904,-0.39534931679913676,0.7329651985938698,0.8865007158054927,0.9116317644619532,0.6775245770248409,0.6409819673327054,0.4069858571920155,0.4630127932147668,-0.3953493167991367,0.7478826037889363,0.5611308151547119,0.6443707236160067,0.6783474479329465,0.6427049290820984
MDS-SMACOF,65,25,79,MDS_SMACOF_completed_p65_rep25_seed79.csv,mds_smacof_outputs/completed_matrices/MDS_SMACOF_completed_p65_rep25_seed79.csv,True,,15,105,27,15,12,0.1439914038186368,scipy.optimize.nnls,3.17394,1.5869503710842947,1.5869896289157053,0.5000061844003684,0.6476190476190476,105,68,37,210,missing_p65_rep25_seed79.csv,0.0087964310000643,0.0477096382131896,0.0374884873242469,0.4833050585899651,0.6693514524563882,0.0,0.0,method_specific,mds_smacof_outputs/tables/mds_smacof_all_masks_detailed.csv,0.06438851365817996,0.09272691389857741,-0.058777393663544626,0.22637,0.565371309662144,0.5579334721090256,0.6343277171981445,0.5477387312837858,0.05519614718017924,0.08790761344123224,-0.049689957190623496,0.2178798978320377,0.6866180922236561,0.7178571428571427,0.5063144036405117,0.3745277173035237,0.07587897175568085,0.09841974210711249,-0.07013668925469604,0.22637,-0.2745785010174721,-0.052252630476292514,0.9651196200421419,0.9452280792975991,0.40161189174291717,0.46060462744614783,-0.3976728589640666,0.7302698332600392,0.740025848549129,0.8980821065726726,0.6748193097750351,0.6342184570786674,0.4023093633076692,0.46123894381519676,-0.39767285896406673,0.7487565881382516,0.6537772582638592,0.7828840970350402,0.6757486294319259,0.6353198919433911
MDS-SMACOF,65,26,80,MDS_SMACOF_completed_p65_rep26_seed80.csv,mds_smacof_outputs/completed_matrices/MDS_SMACOF_completed_p65_rep26_seed80.csv,True,,15,105,27,15,12,0.17174478120508954,scipy.optimize.nnls,3.17394,1.50260481645832,1.67133518354168,0.5265805854999401,0.6476190476190476,105,68,37,210,missing_p65_rep26_seed80.csv,0.0121953679999933,0.0376895429246809,0.029793148876955,0.8467813430978992,0.7502767492460968,0.0,0.0,method_specific,mds_smacof_outputs/tables/mds_smacof_all_masks_detailed.csv,0.06848096217511312,0.09387182852625835,-0.0619013030941363,0.22202368268515293,0.5855672455265234,0.6420282199749829,0.64215986701991,0.5825522784703095,0.06466425825832982,0.09187746612690587,-0.05282087191257153,0.22202368268515293,0.8169307051485432,0.932142857142857,0.5291792445388628,0.43877260051430916,0.07325184207109227,0.09630672070040801,-0.07325184207109227,0.22162849094823522,0.1089593319602572,0.31690926684179943,0.9443989965826727,0.9125017957387623,0.4107548982902563,0.46648568272294294,-0.40869374028670635,0.7411538454505368,0.9011645317713408,0.9096827700601284,0.6834354838778446,0.6486569326933922,0.41241098822883154,0.4669198919193403,-0.40869374028670635,0.7705386741118736,0.8001536109714855,0.8123470868753886,0.6840716319596288,0.6512722008844521
MDS-SMACOF,65,27,81,MDS_SMACOF_completed_p65_rep27_seed81.csv,mds_smacof_outputs/completed_matrices/MDS_SMACOF_completed_p65_rep27_seed81.csv,True,,15,105,27,15,12,0.1661548989005911,scipy.optimize.nnls,3.17394,1.4284360382923729,1.7455039617076271,0.5499486322071706,0.6476190476190476,105,68,37,210,missing_p65_rep27_seed81.csv,0.0080225450001307,0.0450241997435415,0.0373760837799088,0.7325328705237504,0.5857540939802267,0.0,0.0,method_specific,mds_smacof_outputs/tables/mds_smacof_all_masks_detailed.csv,0.06966350525168179,0.09336042989633195,-0.06464829487806024,0.23629101940298303,0.6537363976922145,0.6319175832620044,0.6386614833051852,0.5926119087933005,0.06991345583462219,0.0954770107511129,-0.06088607716210342,0.23629101940298303,0.8435873128603394,0.8785714285714284,0.5499112519093184,0.4743904848479089,0.0693510670230063,0.09064523005102167,-0.0693510670230063,0.18272899651745772,0.4302705488358937,0.20643837697087405,0.8888815202367047,0.8639096493092312,0.4169950617806921,0.4754827982480388,-0.4157054362560466,0.7784281022073823,0.7798602457052414,0.6853307070288203,0.6966169130837883,0.6585112894547109,0.41803073431741267,0.4759131389907095,-0.4157054362560466,0.7750227202403125,0.6866906885354825,0.6611030478955007,0.6972473935992518,0.6601468053639313
MDS-SMACOF,65,28,82,MDS_SMACOF_completed_p65_rep28_seed82.csv,mds_smacof_outputs/completed_matrices/MDS_SMACOF_completed_p65_rep28_seed82.csv,True,,15,105,27,15,12,0.17146680657692573,scipy.optimize.nnls,3.17394,1.5036774593820132,1.6702625406179867,0.5262426323805701,0.6476190476190476,105,68,37,210,missing_p65_rep28_seed82.csv,0.0064931300000807,0.0570369306090868,0.0444332796629789,0.2662053265636205,0.586517540176356,0.0,0.0,method_specific,mds_smacof_outputs/tables/mds_smacof_all_masks_detailed.csv,0.07806137396820031,0.09816909262351478,-0.06186157557844397,0.22994861018633955,0.4815378743808025,0.4928162284559029,0.6715566582038776,0.6640507057919837,0.08239776239112342,0.10246400459725302,-0.05444153621328576,0.22994861018633955,0.3440424961980329,0.3857142857142856,0.590153677837686,0.5591014488479987,0.07264088843954646,0.09252050519775139,-0.0711366247848917,0.1974325748290801,0.4190254091066119,0.30609828309474435,0.9072707661170337,0.9048911163328082,0.41994452893152506,0.472528645959718,-0.411673193902928,0.7552053333687965,0.6966688805281874,0.7815156541571636,0.6922888649284143,0.6631690362596858,0.4216802282804113,0.4730496569488038,-0.4116731939029279,0.7599700595681603,0.6163626537702235,0.7389176860874974,0.6930521839553844,0.6659100222355386
MDS-SMACOF,65,29,83,MDS_SMACOF_completed_p65_rep29_seed83.csv,mds_smacof_outputs/completed_matrices/MDS_SMACOF_completed_p65_rep29_seed83.csv,True,,15,105,27,15,12,0.19810929630622826,scipy.optimize.nnls,3.17394,1.581180394484043,1.592759605515957,0.5018241067934356,0.6476190476190476,105,68,37,210,missing_p65_rep29_seed83.csv,0.0122999800000798,0.0479628797469838,0.0401347519324043,0.788124789201764,0.8415849143031644,0.0,0.0,method_specific,mds_smacof_outputs/tables/mds_smacof_all_masks_detailed.csv,0.06840069305953042,0.09421150688940072,-0.058991096500591,0.22648337990177814,0.5356578921320463,0.6699498182695284,0.6444835440583735,0.5818694469987843,0.06251441984422529,0.09183577394962303,-0.04557714603813435,0.22648337990177814,0.774368970550761,0.8571428571428571,0.52893911346203,0.42418509549919226,0.07575853457866182,0.09709946625588768,-0.07575853457866182,0.21570036128294615,0.42164850644154633,0.3918947285721939,0.9521727853867723,0.9437277874660719,0.4116647778774512,0.4702338841110733,-0.40795695853084835,0.7523973136797566,0.8612752731220451,0.8749222475637569,0.6889268717687135,0.6500937985825315,0.41391315100170273,0.4708432639434618,-0.4079569585308484,0.7621890721962816,0.665078231843428,0.8021252332573087,0.6898196575840955,0.6536443899945825
MDS-SMACOF,65,30,84,MDS_SMACOF_completed_p65_rep30_seed84.csv,mds_smacof_outputs/completed_matrices/MDS_SMACOF_completed_p65_rep30_seed84.csv,True,,15,105,27,15,12,0.15064190746255732,scipy.optimize.nnls,3.17394,1.4482976696443242,1.7256423303556758,0.5436909110933653,0.6476190476190476,105,68,37,210,missing_p65_rep30_seed84.csv,0.0124245199999677,0.0447143915276599,0.0368229268617166,0.5850774938046197,0.5187235179600717,0.0,0.0,method_specific,mds_smacof_outputs/tables/mds_smacof_all_masks_detailed.csv,0.06432063505111596,0.09324938253089196,-0.06391267890206206,0.2179066231250972,0.6277846147934705,0.5707741305999817,0.6379018287576667,0.5471613031059601,0.05902162490491994,0.09173699483308788,-0.05874859098991145,0.2179066231250972,0.7075612571356024,0.8035714285714284,0.528370183337291,0.4004850986251879,0.07094439773386095,0.09510605261562431,-0.07036778879225035,0.21545492192588786,-0.022871035187429695,-0.042711388338801524,0.9326250546785979,0.8837578482589523,0.4156766768713631,0.4715432597002489,-0.415573687063275,0.7543634450173804,0.7754601278116825,0.8147522289031722,0.6908452023252754,0.6564293191240971,0.4166381094445877,0.4718702519112952,-0.415573687063275,0.7587571462947013,0.730400039914986,0.6885237404105328,0.6913242697184615,0.6579475965847804
MDS-SMACOF,85,1,55,MDS_SMACOF_completed_p85_rep01_seed55.csv,mds_smacof_outputs/completed_matrices/MDS_SMACOF_completed_p85_rep01_seed55.csv,True,,15,105,27,15,12,0.12031198765554812,scipy.optimize.nnls,3.17394,1.7137097444327851,1.4602302555672149,0.46006863884232685,0.8476190476190476,105,89,16,210,missing_p85_rep01_seed55.csv,0.0003502039999148,0.0558513536199378,0.0451937773283022,-0.0939186143547003,-0.2132297850555813,0.0,0.0,method_specific,mds_smacof_outputs/tables/mds_smacof_all_masks_detailed.csv,0.07454253934267498,0.09831398836194187,-0.054082602058044986,0.2312878690832254,0.40268526564732515,0.5510668822837177,0.6725478632286531,0.6341167641014714,0.0714310327038236,0.09680360884499709,-0.03460314559148963,0.2312878690832254,0.2610330834400573,0.43214285714285705,0.5575519521454207,0.4846878448936973,0.0784319226412392,0.10016994227513111,-0.0784319226412392,0.2227526008220911,0.18575983457705864,0.6032666274804318,0.9822823608194696,0.9770303139123131,0.4121969619282548,0.47187663914659,-0.40012348649915924,0.7630715081871839,0.592858503675677,0.5901824590503836,0.691333627483139,0.6509342143035843,0.4127335613151443,0.47224941814459565,-0.4001234864991592,0.7611044388801115,0.30165998874135325,0.037482750794944834,0.6918797758523544,0.6517816026459602
MDS-SMACOF,85,2,56,MDS_SMACOF_completed_p85_rep02_seed56.csv,mds_smacof_outputs/completed_matrices/MDS_SMACOF_completed_p85_rep02_seed56.csv,True,,15,105,27,15,12,0.14250395166921043,scipy.optimize.nnls,3.17394,1.638298060773479,1.535641939226521,0.48382828258458604,0.8476190476190476,105,89,16,210,missing_p85_rep02_seed56.csv,0.0003157959999953,0.0546883225769466,0.0447626482011712,0.3496924561737884,0.3003552464259958,0.0,0.0,method_specific,mds_smacof_outputs/tables/mds_smacof_all_masks_detailed.csv,0.0757425356805019,0.0989898835183507,-0.056875627378760035,0.22791040740670648,0.4111758936829185,0.4747713365312537,0.6771715373444448,0.6443248654270565,0.07368043818838434,0.09790186225247917,-0.039720003245249,0.22791040740670648,0.4096403627490942,0.4464285714285714,0.5638774738754263,0.4999509519122445,0.07832015754564885,0.10033331972514503,-0.07832015754564885,0.22637,0.07799671968605053,0.4132938384476031,0.9838844660384539,0.9756380506252257,0.4193142873878048,0.4776939940842764,-0.408469720031223,0.7586661087770465,0.6892915541104058,0.6991291727140784,0.6998564759519701,0.6621737698652808,0.42008716699364096,0.4782528912166409,-0.408469720031223,0.7694506724121755,0.37493725014934587,0.39315284450580734,0.7006753009368353,0.6633942877861863
MDS-SMACOF,85,3,57,MDS_SMACOF_completed_p85_rep03_seed57.csv,mds_smacof_outputs/completed_matrices/MDS_SMACOF_completed_p85_rep03_seed57.csv,True,,15,105,27,15,12,0.19546314282597083,scipy.optimize.nnls,3.17394,1.6095685244455769,1.5643714755544231,0.4928799774269278,0.8476190476190476,105,89,16,210,missing_p85_rep03_seed57.csv,0.0045531020000453,0.0524583433527052,0.0432995333878034,0.0922081831731505,0.0970207694926796,0.0,0.0,method_specific,mds_smacof_outputs/tables/mds_smacof_all_masks_detailed.csv,0.07014739750717373,0.09745730354443911,-0.057939684279793444,0.2262297436761171,0.454577223831865,0.5370508946307262,0.666687440382712,0.5967282723346033,0.06455355640721105,0.0953449549425734,-0.04257967259792652,0.2262297436761171,0.5128699702905299,0.47857142857142854,0.5491506607007692,0.4380214446145062,0.07713969888212709,0.10003503381612083,-0.07713969888212709,0.22542109458584392,-0.09480856502021667,0.31179892703917605,0.9809594270471096,0.9609330190546397,0.4153922740957588,0.47691430483587066,-0.40968480008225583,0.7573990763041629,0.5718594048167839,0.5132075471698112,0.6987141744441336,0.6559801952479343,0.4168651815056132,0.4774431391443961,-0.4096848000822558,0.7656833529299911,0.3982219472019754,0.2393530997304582,0.6994889552035958,0.6583061848017884
MDS-SMACOF,85,4,58,MDS_SMACOF_completed_p85_rep04_seed58.csv,mds_smacof_outputs/completed_matrices/MDS_SMACOF_completed_p85_rep04_seed58.csv,True,,15,105,27,15,12,0.1596160874105672,scipy.optimize.nnls,3.17394,1.523325288312472,1.650614711687528,0.5200522731014222,0.8476190476190476,105,89,16,210,missing_p85_rep04_seed58.csv,0.0003522309998515,0.0567620168208329,0.0484640083497004,0.2693137007040188,0.2356813651043756,0.0,0.0,method_specific,mds_smacof_outputs/tables/mds_smacof_all_masks_detailed.csv,0.0730971024021428,0.09731827018185638,-0.06113387821064919,0.22675124011804,0.4967877418071385,0.5683678714774012,0.6657363387899431,0.6218207542857949,0.06963540076402483,0.09448389600645742,-0.04831492859098556,0.22675124011804,0.6181181403620584,0.8964285714285712,0.5441912888708156,0.4725037710790012,0.07742422944979026,0.10074916671851915,-0.07715756523522872,0.22372222021389546,-0.2765370843766403,-0.06718195346951895,0.9879623276914961,0.9644774303157686,0.42697104301640043,0.4873498903494532,-0.4221818652512682,0.7859083120612469,0.4709416307811129,0.6040638606676343,0.7140030668992957,0.6742651840908954,0.42753369462008783,0.48776666647435113,-0.4221818652512682,0.7833682759928857,0.394806330700715,0.37754195713576255,0.7146136742622606,0.6751537136372066
MDS-SMACOF,85,5,59,MDS_SMACOF_completed_p85_rep05_seed59.csv,mds_smacof_outputs/completed_matrices/MDS_SMACOF_completed_p85_rep05_seed59.csv,True,,15,105,27,15,12,0.15890395852558786,scipy.optimize.nnls,3.17394,1.7135096532644598,1.4604303467355402,0.4601316807297996,0.8476190476190476,105,89,16,210,missing_p85_rep05_seed59.csv,0.0003160770002068,0.0598006865826691,0.0454592390512887,0.0571141707936119,-0.0107257493142527,0.0,0.0,method_specific,mds_smacof_outputs/tables/mds_smacof_all_masks_detailed.csv,0.07200889355273637,0.09592424519608897,-0.054090012842057035,0.22239593841556332,0.45443847244235686,0.595465476557357,0.6562000709496674,0.6125636042029409,0.06724142181218357,0.09264891502733136,-0.03576247788585,0.2184351392298045,0.4004211940450907,0.6285714285714286,0.5336224966608099,0.4562596758312126,0.0779682332284274,0.09986746225528892,-0.07699943153731584,0.22239593841556332,-0.052574111437655884,0.343111865881029,0.9793161937114242,0.9712541121146139,0.4074595009065691,0.46731550063499416,-0.3965150765760896,0.8159968002933162,0.3113828431597532,0.5750051834957495,0.6846512275271305,0.6434528989306643,0.4081936443942994,0.46776159726510996,-0.3965150765760896,0.8161396892403128,0.263496904207832,0.1515809805887533,0.68530479156468,0.6446122454531041
MDS-SMACOF,85,6,60,MDS_SMACOF_completed_p85_rep06_seed60.csv,mds_smacof_outputs/completed_matrices/MDS_SMACOF_completed_p85_rep06_seed60.csv,True,,15,105,27,15,12,0.1559644120995989,scipy.optimize.nnls,3.17394,1.5109671026516935,1.6629728973483064,0.523945914966353,0.8476190476190476,105,89,16,210,missing_p85_rep06_seed60.csv,0.0003194479998001,0.0645783524126701,0.0510773574772227,0.1901578672036785,0.2603102179874508,0.0,0.0,method_specific,mds_smacof_outputs/tables/mds_smacof_all_masks_detailed.csv,0.07896082944225176,0.09873976537086719,-0.06159158879067802,0.23284203307872858,0.4728424099279683,0.48949608801644423,0.6754605252245269,0.6717021729902889,0.08156121007904943,0.10211138097465419,-0.050296576906216695,0.23284203307872858,0.2554484632186791,0.15,0.588122699948552,0.5534251101205274,0.07571035364625466,0.094355975919242,-0.07571035364625466,0.19805062161833203,0.8642208076378943,0.7837894571443877,0.9252696834825719,0.9431275952238177,0.4294149239096806,0.4863031180875829,-0.4217766901609521,0.82955845196481,0.39245078452933596,0.5670951689819614,0.7124694693339314,0.6781245179435204,0.42997447203109435,0.4868508321259471,-0.4217766901609521,0.8305132193838578,0.35177302429998797,0.4102129837060023,0.7132719102719921,0.6790081465250452
MDS-SMACOF,85,7,61,MDS_SMACOF_completed_p85_rep07_seed61.csv,mds_smacof_outputs/completed_matrices/MDS_SMACOF_completed_p85_rep07_seed61.csv,True,,15,105,27,15,12,0.13519939266318962,scipy.optimize.nnls,3.17394,1.652859271147821,1.521080728852179,0.4792405429378561,0.8476190476190476,105,89,16,210,missing_p85_rep07_seed61.csv,0.0003906939998614,0.0548918138035325,0.0444323383218001,-0.1115952478699184,-0.0420858228545468,0.0,0.0,method_specific,mds_smacof_outputs/tables/mds_smacof_all_masks_detailed.csv,0.07647012811716339,0.09789031168346403,-0.056336323290821444,0.23138022363201077,0.4249011909570701,0.4299586327968893,0.6696495692060256,0.6505143320804463,0.07679667645419037,0.10029400898746137,-0.04055582776677489,0.23138022363201077,0.05868349256499688,-0.04285714285714285,0.5776553288316731,0.5210958626332112,0.07606194269587965,0.09480002228307584,-0.07606194269587965,0.1944124963893099,0.7607147061430853,0.772592464899468,0.9296240726403692,0.9475073572895079,0.4162220784608489,0.47492688595505217,-0.40440019092814705,0.7679755193818822,0.5983265339943015,0.6504976155919551,0.6958024611058985,0.6572906077504642,0.4164827269309166,0.4752221649745787,-0.40440019092814705,0.7653811433090995,0.3431179985128658,0.10926374979695608,0.6962350663648876,0.6577022192438611
MDS-SMACOF,85,8,62,MDS_SMACOF_completed_p85_rep08_seed62.csv,mds_smacof_outputs/completed_matrices/MDS_SMACOF_completed_p85_rep08_seed62.csv,True,,15,105,27,15,12,0.17246547604115717,scipy.optimize.nnls,3.17394,1.5082252767227426,1.6657147232772573,0.524809770593413,0.8476190476190476,105,89,16,210,missing_p85_rep08_seed62.csv,0.0016812210001262,0.0564271382113656,0.0474934251324737,0.1091047104596859,0.2143173306094654,0.0,0.0,method_specific,mds_smacof_outputs/tables/mds_smacof_all_masks_detailed.csv,0.0749234794905988,0.09913723377690949,-0.06169313789915768,0.2384535502155707,0.4578576602477898,0.5043290851090749,0.6781795332887763,0.6373573370152453,0.07380452879154767,0.10055043812496431,-0.049989913926953615,0.2384535502155707,0.5085778023182003,0.33571428571428563,0.5791322630896786,0.5007929557968611,0.07632216786441277,0.09734188082838119,-0.07632216786441277,0.20716470646340376,0.43135327271437723,0.24953590245893018,0.9545499411797939,0.9507489949994843,0.4293812116972734,0.48910842907348145,-0.42203997765654094,0.7795130506118421,0.659875111770088,0.5947439353099729,0.7165794541460785,0.6780712802088388,0.4303160930234968,0.4895191247321647,-0.42203997765654105,0.7830184940180756,0.36460977062923416,0.3389591540534937,0.7171811531834001,0.6795476284058404
MDS-SMACOF,85,9,63,MDS_SMACOF_completed_p85_rep09_seed63.csv,mds_smacof_outputs/completed_matrices/MDS_SMACOF_completed_p85_rep09_seed63.csv,True,,15,105,27,15,12,0.17804850362803376,scipy.optimize.nnls,3.17394,1.4488931950770076,1.7250468049229923,0.5435032813862242,0.8476190476190476,105,89,16,210,missing_p85_rep09_seed63.csv,0.0023531520000688,0.0719931321696035,0.0579059872222078,0.0523610684959001,0.2901261104572116,0.0,0.0,method_specific,mds_smacof_outputs/tables/mds_smacof_all_masks_detailed.csv,0.07575527734916089,0.10014024453551165,-0.06389062240455526,0.22637,0.47191934836945154,0.5505130672619206,0.685040944912215,0.6444332559617838,0.07431450338558335,0.10011230783738301,-0.052958124485293245,0.22243177515061344,0.39221658554565214,0.6249999999999999,0.57660879934644,0.50425333537668,0.07755624480363278,0.10017515445215687,-0.07755624480363278,0.22637,-0.06262178650944325,0.17935392989235605,0.9823334722550718,0.9661219520648527,0.4369856323745413,0.4981176622284939,-0.4322064764982678,0.8263275822933318,0.2602198823905531,0.4976052249637155,0.7297786365619753,0.6900800479970227,0.437551625341941,0.498689357698055,-0.4322064764982679,0.8159142027739589,0.22367222746825946,0.38326106518198444,0.7306162120425121,0.6909738541663165
MDS-SMACOF,85,10,64,MDS_SMACOF_completed_p85_rep10_seed64.csv,mds_smacof_outputs/completed_matrices/MDS_SMACOF_completed_p85_rep10_seed64.csv,True,,15,105,27,15,12,0.1585402869130736,scipy.optimize.nnls,3.17394,1.6993609554751092,1.4745790445248907,0.46458945176181365,0.8476190476190476,105,89,16,210,missing_p85_rep10_seed64.csv,0.0003238189999592,0.0546387523410958,0.0434331579859705,0.1911562484375088,0.2858412110904736,0.0,0.0,method_specific,mds_smacof_outputs/tables/mds_smacof_all_masks_detailed.csv,0.07437522398201812,0.09809253207822821,-0.05461403868610706,0.22964598036810904,0.4100795128881569,0.5757603108388096,0.6710329216329378,0.6326934496286916,0.07137888134376372,0.09659037911552439,-0.03580874781112378,0.22964598036810904,0.39810142445998153,0.5892857142857142,0.5563238300398358,0.4843339772627965,0.07812065227983615,0.09993847727134483,-0.07812065227983615,0.2244960828493353,0.18600052418622554,0.6082437622436423,0.9800125782359699,0.9731528037267689,0.4118957405492817,0.47099576575800883,-0.40036130236862644,0.7583891667956091,0.7884820517132535,0.797232013269749,0.6900430838440588,0.6504585307838998,0.412939668402016,0.4714561558878688,-0.4003613023686265,0.761342254749579,0.35858262294387755,0.39730011983483443,0.6907175888992553,0.6521070833434103
MDS-SMACOF,85,11,65,MDS_SMACOF_completed_p85_rep11_seed65.csv,mds_smacof_outputs/completed_matrices/MDS_SMACOF_completed_p85_rep11_seed65.csv,True,,15,105,27,15,12,0.16203432084830674,scipy.optimize.nnls,3.17394,1.6187807335075928,1.5551592664924072,0.48997752525013305,0.8476190476190476,105,89,16,210,missing_p85_rep11_seed65.csv,0.0028950399998848,0.0491929210454846,0.0395452487093297,0.4127999900297631,0.3930541368743616,0.0,0.0,method_specific,mds_smacof_outputs/tables/mds_smacof_all_masks_detailed.csv,0.07118136302359081,0.09715150185712693,-0.05759849135157063,0.2301559471749271,0.4566287286926006,0.4524615496989679,0.6645955074360355,0.6055239864764148,0.06653495330146283,0.09457362473101494,-0.042085784291826536,0.2301559471749271,0.5863869359350733,0.6464285714285712,0.5447080921815338,0.4514660072114929,0.07698937517625075,0.1002807014634967,-0.07698937517625075,0.22637,-0.3016848648446908,-0.32745397726414505,0.983368483009012,0.9590604292647319,0.41505147804248743,0.4740353207491473,-0.40751587511336335,0.7571522604724004,0.6963373166908291,0.6513062409288823,0.6944962531761083,0.6554420160965494,0.4164057118368485,0.4745436888989057,-0.40751587511336346,0.763298297634028,0.5119827106923884,0.5184014099108439,0.6952410495231048,0.657580598357787
MDS-SMACOF,85,12,66,MDS_SMACOF_completed_p85_rep12_seed66.csv,mds_smacof_outputs/completed_matrices/MDS_SMACOF_completed_p85_rep12_seed66.csv,True,,15,105,27,15,12,0.11312681887494785,scipy.optimize.nnls,3.17394,1.7412854371406772,1.4326545628593228,0.4513804806831014,0.8476190476190476,105,89,16,210,missing_p85_rep12_seed66.csv,0.0003723120000813,0.0562420972082895,0.0437002419300921,-0.3765145208695766,-0.4528303942986163,0.0,0.0,method_specific,mds_smacof_outputs/tables/mds_smacof_all_masks_detailed.csv,0.07553793831249479,0.09795003273590575,-0.05306128010590084,0.22544656041241437,0.39939250107415436,0.4901464693713201,0.6700581099119685,0.642584401229185,0.0728427138680751,0.09619295547040028,-0.034826118122890465,0.22544656041241437,0.21925224690723752,0.4071428571428571,0.5540348210678407,0.4942666606447603,0.07890696886801936,0.10010301794405725,-0.0758552325846638,0.22032880487249995,-0.1255524011955274,0.2413066509921727,0.981626090201454,0.9829479880996068,0.4072060360268543,0.4667122076332704,-0.39462660713438447,0.7552387386974724,0.5195320843143378,0.6833920796184948,0.6837673593617745,0.6430526316371866,0.40782612414215547,0.46715293218721765,-0.39462660713438447,0.7556075595153369,0.33138676873712286,-0.08078638195823304,0.6844130529166669,0.6440318639154751
MDS-SMACOF,85,13,67,MDS_SMACOF_completed_p85_rep13_seed67.csv,mds_smacof_outputs/completed_matrices/MDS_SMACOF_completed_p85_rep13_seed67.csv,True,,15,105,27,15,12,0.1504729561710182,scipy.optimize.nnls,3.17394,1.7316058963640886,1.4423341036359114,0.45443017310847444,0.8476190476190476,105,89,16,210,missing_p85_rep13_seed67.csv,0.0003627459998369,0.0553875452364836,0.0430681951366832,-0.0871695958484938,-0.0162920825372009,0.0,0.0,method_specific,mds_smacof_outputs/tables/mds_smacof_all_masks_detailed.csv,0.07338947761047866,0.09750521103769777,-0.053419781616144864,0.2288144395277505,0.41226466741660994,0.5351184065443054,0.6670151667089509,0.6243079250026541,0.06983385155061624,0.09537338621450588,-0.03388839876081537,0.2288144395277505,0.41414254593813493,0.5607142857142856,0.5493144140086992,0.4738503382561729,0.07783401018530672,0.10010617067075249,-0.07783401018530672,0.22585398152732913,0.016711603599536187,0.29632388416997957,0.9816570063400768,0.9695820890717222,0.40671205593907395,0.4663828803907795,-0.39501676664820695,0.7587888691729122,0.6854826685123643,0.6246423387932821,0.6832848709775391,0.6422725469446243,0.408307737444319,0.4668667568840924,-0.3950167666482069,0.7559977190291594,0.3621654274982903,0.24094901488170486,0.6839937852649275,0.6447924191970458
MDS-SMACOF,85,14,68,MDS_SMACOF_completed_p85_rep14_seed68.csv,mds_smacof_outputs/completed_matrices/MDS_SMACOF_completed_p85_rep14_seed68.csv,True,,15,105,27,15,12,0.1243587207689607,scipy.optimize.nnls,3.17394,1.6516087906882069,1.522331209311793,0.4796345265858186,0.8476190476190476,105,89,16,210,missing_p85_rep14_seed68.csv,0.0003188350001437,0.0550349665220186,0.0448391924111635,-0.1451809416440898,-0.0723353698221007,0.0,0.0,method_specific,mds_smacof_outputs/tables/mds_smacof_all_masks_detailed.csv,0.07729383759634155,0.09971739464232134,-0.05638263738191826,0.22846343030394645,0.3873451579481535,0.4180933921703626,0.682148306775263,0.6575214449867426,0.07634314508941765,0.09904876305044402,-0.04072935918353339,0.22846343030394645,0.18425725466243625,0.2785714285714285,0.5704831860637638,0.5180184727164948,0.07848220322999643,0.10054693162791827,-0.07594923512989936,0.22637,-0.20621102507219835,0.19138113699379214,0.9859791782783682,0.9776566616768818,0.41619878327640836,0.47499037994289406,-0.4046456369357913,0.7580107942986944,0.5888974201748043,0.7901409910843872,0.6958954844202492,0.6572538204036823,0.4167001219662586,0.4753972355482774,-0.40464563693579125,0.7652465893167436,0.3543102525542721,0.1602007336267764,0.6964915574999426,0.6580455256715986
MDS-SMACOF,85,15,69,MDS_SMACOF_completed_p85_rep15_seed69.csv,mds_smacof_outputs/completed_matrices/MDS_SMACOF_completed_p85_rep15_seed69.csv,True,,15,105,27,15,12,0.13313309975006007,scipy.optimize.nnls,3.17394,1.7595104943778832,1.4144295056221168,0.4456383881302472,0.8476190476190476,105,89,16,210,missing_p85_rep15_seed69.csv,0.0007983460000104,0.0561038529086066,0.0445968747232496,-0.0427552713221512,-0.0500426456494855,0.0,0.0,method_specific,mds_smacof_outputs/tables/mds_smacof_all_masks_detailed.csv,0.07294025735837467,0.09725705152467715,-0.052386277986004315,0.22369708036800637,0.41495012174036167,0.5825339615545603,0.6653175532461806,0.6204865084645949,0.06776929179086857,0.0944836539405208,-0.03077212892060195,0.22369708036800637,0.5849291764851979,0.5392857142857141,0.5441898946631294,0.4598414826827776,0.07940396431775727,0.10061635345671059,-0.07940396431775727,0.2209969608699967,0.727558123816689,0.6784257348102164,0.986659939755611,0.9891390848357093,0.40874112510705257,0.46891398777094934,-0.39674232776994933,0.7537391229936586,0.6834685258988574,0.6722993987144931,0.6869931275461347,0.6454768173944772,0.4098032237498291,0.46926522848600016,-0.39674232776994933,0.7577232801509017,0.3062861874838064,0.14203424680169688,0.6875077207629021,0.6471540649469929
MDS-SMACOF,85,16,70,MDS_SMACOF_completed_p85_rep16_seed70.csv,mds_smacof_outputs/completed_matrices/MDS_SMACOF_completed_p85_rep16_seed70.csv,True,,15,105,27,15,12,0.12001241379124591,scipy.optimize.nnls,3.17394,1.5722318338977863,1.6017081661022137,0.5046434923477487,0.8476190476190476,105,89,16,210,missing_p85_rep16_seed70.csv,0.0025810699999055,0.0544575770371813,0.0448969737939721,0.1694162767911982,0.4097548518896834,0.0,0.0,method_specific,mds_smacof_outputs/tables/mds_smacof_all_masks_detailed.csv,0.06914058317997496,0.09689898321360099,-0.059322524670452355,0.22637,0.48638659345380536,0.45297569022712963,0.662868073965393,0.5881635273065414,0.06079162967869808,0.0938949117613201,-0.04733225070764668,0.21438933535373617,0.499911311345407,0.4142857142857142,0.5407989637335883,0.4124952819696065,0.07957677505657106,0.1005279118667262,-0.07431036712395944,0.22637,-0.2597887426452755,-0.11570225319750486,0.9857926674798031,0.9912917966997671,0.4129546106991108,0.4732244757287237,-0.4079968992009011,0.7990693524097277,0.4831379393077166,0.6547584490980717,0.6933083061942237,0.6521306799569656,0.4144642212839191,0.4738703367513676,-0.4079968992009011,0.7962072159785742,0.4332204559960125,0.5338171262699565,0.6942545396090456,0.6545146305211077
MDS-SMACOF,85,17,71,MDS_SMACOF_completed_p85_rep17_seed71.csv,mds_smacof_outputs/completed_matrices/MDS_SMACOF_completed_p85_rep17_seed71.csv,True,,15,105,27,15,12,0.18296472619584292,scipy.optimize.nnls,3.17394,1.4240916975241336,1.7498483024758664,0.551317385481725,0.8476190476190476,105,89,16,210,missing_p85_rep17_seed71.csv,0.0020020970000587,0.078822598643429,0.0635106069271394,-0.1526970178593476,0.1775821856264427,0.0,0.0,method_specific,mds_smacof_outputs/tables/mds_smacof_all_masks_detailed.csv,0.07742655363858926,0.10595654871817446,-0.06480919638799505,0.28941342146655047,0.34131917573292475,0.4649187536719799,0.7248292091776898,0.6586504307711898,0.07761398633946055,0.11060955799994227,-0.054902743288390954,0.28941342146655047,-0.025857726880756545,0.475,0.6370689659675549,0.5266416338744649,0.0771922627625002,0.09983579060348163,-0.0771922627625002,0.21945284609952326,-0.06310387373990284,-0.14816194208498978,0.9790056164643808,0.9615878098950518,0.4427041844026282,0.5045128018628873,-0.435907214110327,0.8443832755189151,0.09330776446857963,0.2924514365194309,0.7391479816723886,0.6991106850835833,0.4442257033408018,0.5052443226772917,-0.43590721411032707,0.8998099999999999,0.06434920696391808,0.2734343615433693,0.7402197129179028,0.7015134411105441
MDS-SMACOF,85,18,72,MDS_SMACOF_completed_p85_rep18_seed72.csv,mds_smacof_outputs/completed_matrices/MDS_SMACOF_completed_p85_rep18_seed72.csv,True,,15,105,27,15,12,0.14470246568479891,scipy.optimize.nnls,3.17394,1.7502090886616355,1.4237309113383645,0.44856894312380335,0.8476190476190476,105,89,16,210,missing_p85_rep18_seed72.csv,0.0003637379998053,0.0557136710268634,0.0434355304413242,0.1110400422761856,0.0648671218099734,0.0,0.0,method_specific,mds_smacof_outputs/tables/mds_smacof_all_masks_detailed.csv,0.07366227532598366,0.09766347741213277,-0.05273077449401349,0.22521119297754238,0.4082691258760071,0.5594163805001375,0.6680978377888317,0.6266285543524952,0.06928199019178655,0.09551898958105226,-0.03160528869424026,0.22307223775254637,0.42031740492286906,0.3571428571428571,0.5501530339963783,0.4701057403893,0.07913763174373006,0.10027961723244866,-0.07913763174373006,0.22521119297754238,0.6378504268846378,0.7280804124763832,0.9833578508671803,0.9858213668754199,0.4086266567239238,0.46780823064321414,-0.39631206910865013,0.7490208756246359,0.7812420925417332,0.822009122952519,0.6853731128583658,0.6452960509310709,0.40943033291003644,0.46827187489484395,-0.39631206910865013,0.7572930214896025,0.3562031894066264,0.29494674096320594,0.686052385438845,0.6465652022715236
MDS-SMACOF,85,19,73,MDS_SMACOF_completed_p85_rep19_seed73.csv,mds_smacof_outputs/completed_matrices/MDS_SMACOF_completed_p85_rep19_seed73.csv,True,,15,105,27,15,12,0.1499986467658481,scipy.optimize.nnls,3.17394,1.5994629830888125,1.5744770169111875,0.49606388807324253,0.8476190476190476,105,89,16,210,missing_p85_rep19_seed73.csv,0.0003202069999588,0.0551415293912897,0.0453455756147441,-0.0020517352673168,0.0442845583823953,0.0,0.0,method_specific,mds_smacof_outputs/tables/mds_smacof_all_masks_detailed.csv,0.07596068132694127,0.09841976283262059,-0.058313963589303235,0.2391088170647024,0.43466143707906346,0.5308079015433731,0.6732714468755419,0.6461805818091755,0.07529459195303773,0.10057816726859449,-0.04353050002528926,0.2391088170647024,0.18150383152638438,0.12142857142857141,0.5792919724057546,0.5109036244398953,0.07679329304432071,0.09565329161706447,-0.07679329304432071,0.19778369024892478,0.7771813895776544,0.849981667750731,0.9379913672276327,0.9566178245132393,0.4223687463361789,0.4814941345631011,-0.4124654688433343,0.7764642453868499,0.6732005991325429,0.6205059091851545,0.7054239583917085,0.666997317875876,0.42362625879865395,0.4819293143873331,-0.4124654688433343,0.7734464212242865,0.3450876306342649,0.2438287025165015,0.7060615285139291,0.6689831595058312
MDS-SMACOF,85,20,74,MDS_SMACOF_completed_p85_rep20_seed74.csv,mds_smacof_outputs/completed_matrices/MDS_SMACOF_completed_p85_rep20_seed74.csv,True,,15,105,27,15,12,0.20299781448671778,scipy.optimize.nnls,3.17394,1.3912848945799756,1.7826551054200244,0.5616536876626604,0.8476190476190476,105,89,16,210,missing_p85_rep20_seed74.csv,0.0026416579999022,0.0940697304079461,0.0733872604193243,-0.2913674216715291,-0.1658537005489075,0.0,0.0,method_specific,mds_smacof_outputs/tables/mds_smacof_all_masks_detailed.csv,0.08260479162771442,0.11019554039149859,-0.0660242631637046,0.31774195957212215,0.27332732503400475,0.4041795284750201,0.75382736945619,0.7027005469379665,0.0856154551502426,0.11691596253103961,-0.055770503915024944,0.31774195957212215,-0.13686743458591585,0.16785714285714282,0.6733914564127422,0.580934768483934,0.07884146222455418,0.1011691685084595,-0.07884146222455418,0.22637,-0.16865260277848437,0.21274285265347667,0.9920809319394436,0.9821319686234443,0.45230586419102864,0.5166680699012227,-0.4432250755664115,0.934575249318477,-0.13642990411376865,-0.01426498030271615,0.756956334213786,0.7142734894376458,0.4532526965104197,0.5172828950338113,-0.44322507556641155,0.9942199999999999,-0.13525253337558854,-0.052171163492706445,0.7578570977903619,0.7157687104334942
MDS-SMACOF,85,21,75,MDS_SMACOF_completed_p85_rep21_seed75.csv,mds_smacof_outputs/completed_matrices/MDS_SMACOF_completed_p85_rep21_seed75.csv,True,,15,105,27,15,12,0.14234478415028495,scipy.optimize.nnls,3.17394,1.704189479892634,1.469750520107366,0.46306814877009833,0.8476190476190476,105,89,16,210,missing_p85_rep21_seed75.csv,0.0003307940000922,0.0551888306854124,0.0442812167637164,-0.0432550542641875,-0.1267523630216408,0.0,0.0,method_specific,mds_smacof_outputs/tables/mds_smacof_all_masks_detailed.csv,0.07463981293018712,0.09833019122269929,-0.054435204448420954,0.22960594297473652,0.40516178005002845,0.47275175673309083,0.6726587040109482,0.634944248824821,0.07154547307749817,0.09652661121947467,-0.035177177810319066,0.22960594297473652,0.3485735341396622,0.38928571428571423,0.5559565512229514,0.4854643681495649,0.0785077377460483,0.10053917791768467,-0.0785077377460483,0.22637,0.05334913464874157,0.3625568919060187,0.9859031441645375,0.9779747463979193,0.41197296690077717,0.4713632935876943,-0.4000964594053195,0.7594801732731997,0.6704760924982158,0.6235849056603774,0.6905815388694166,0.6505804852839987,0.41271013783381655,0.4717310845936249,-0.4000964594053195,0.7610774117862719,0.3274989963367121,0.04461496868438749,0.691120379467132,0.6517446126949837
MDS-SMACOF,85,22,76,MDS_SMACOF_completed_p85_rep22_seed76.csv,mds_smacof_outputs/completed_matrices/MDS_SMACOF_completed_p85_rep22_seed76.csv,True,,15,105,27,15,12,0.16333269972735204,scipy.optimize.nnls,3.17394,1.4287611109894158,1.7451788890105842,0.5498462129122114,0.8476190476190476,105,89,16,210,missing_p85_rep22_seed76.csv,0.0029769000000214,0.0532724756370871,0.0462620687870829,0.4565921575001249,0.5639087504256044,0.0,0.0,method_specific,mds_smacof_outputs/tables/mds_smacof_all_masks_detailed.csv,0.07260694255106755,0.09775577878597803,-0.06463625514854014,0.23256202721340047,0.5364560818339559,0.5823664775300121,0.6687292544650035,0.6176510737061267,0.068762716026396,0.09692835401050261,-0.05666944939801581,0.23256202721340047,0.6848404680245597,0.5714285714285713,0.5582704368318715,0.4665822595350375,0.07741222570690698,0.0987803137251435,-0.07459476233669556,0.22181624986713472,-0.12447617988465716,0.34080347839165753,0.9686554425869046,0.9643278991008956,0.4314778729490248,0.4899884661032431,-0.4279256230755718,0.7670076549299556,0.67670023692391,0.7317437279701431,0.7178687724586038,0.6813822908921419,0.4329621951441604,0.4904153112342349,-0.4279256230755718,0.7669465592563759,0.5581379069661023,0.6116835994194484,0.7184941316484882,0.6837263064747511
MDS-SMACOF,85,23,77,MDS_SMACOF_completed_p85_rep23_seed77.csv,mds_smacof_outputs/completed_matrices/MDS_SMACOF_completed_p85_rep23_seed77.csv,True,,15,105,27,15,12,0.10661376955771734,scipy.optimize.nnls,3.17394,1.7018349602973364,1.4721050397026636,0.46380997741062013,0.8476190476190476,105,89,16,210,missing_p85_rep23_seed77.csv,0.0005265009999675,0.0702366175432198,0.0565415395266908,-0.3305180342768689,-0.3409635374796494,0.0,0.0,method_specific,mds_smacof_outputs/tables/mds_smacof_all_masks_detailed.csv,0.07609209231891326,0.10483074672710097,-0.05452240887787644,0.2791591544961815,0.282276656610016,0.4261336497121003,0.7171278053781858,0.6472984658218675,0.07361496899711868,0.1079385452495555,-0.0347895388032524,0.2791591544961815,-0.47307091878119606,0.06785714285714285,0.6216849488740598,0.49950671752250725,0.07918849647115649,0.1008113601997595,-0.07918849647115649,0.2236214806978417,0.2422869153044679,0.5824643299811065,0.988572206844791,0.9864549912840911,0.4170131216011302,0.48083751372299277,-0.40429833726118036,0.7477505218494259,-0.15740728422391995,0.3580862533692722,0.7044619610610203,0.6585398092064634,0.41770352474703853,0.48132190625575527,-0.4042983372611805,0.7547610938560644,-0.17117451256792596,-0.13018131484390577,0.7051716313837684,0.6596300817480956
MDS-SMACOF,85,24,78,MDS_SMACOF_completed_p85_rep24_seed78.csv,mds_smacof_outputs/completed_matrices/MDS_SMACOF_completed_p85_rep24_seed78.csv,True,,15,105,27,15,12,0.1672877251769271,scipy.optimize.nnls,3.17394,1.6636040401895764,1.5103359598104236,0.4758552334985613,0.8476190476190476,105,89,16,210,missing_p85_rep24_seed78.csv,0.0011731170000075,0.0541775713052564,0.0446083234338905,0.3331596728435442,0.433197139938713,0.0,0.0,method_specific,mds_smacof_outputs/tables/mds_smacof_all_masks_detailed.csv,0.07321743688440902,0.09811217827230015,-0.05593836888186754,0.228648604165047,0.4219328472181699,0.5637457499456887,0.6711673176234149,0.6228444128997535,0.06894965702898613,0.09597673554096854,-0.03784733462441147,0.228648604165047,0.7799334008957466,0.7428571428571428,0.5527894765482945,0.46785072826967516,0.07855216170368763,0.10071783221271614,-0.07855216170368763,0.22637,-0.02760555405277339,0.22882527249257756,0.987655056551709,0.9785281378209003,0.4151480830836427,0.4753455054137525,-0.4055284211007298,0.7597341115318501,0.8498556962600896,0.83622226829774,0.6964157690870728,0.6555945730835491,0.4160587140255269,0.47580787711408684,-0.4055284211007297,0.7661325664311234,0.35492751038636416,0.5431163176446195,0.6970931772872664,0.6570326254988386
MDS-SMACOF,85,25,79,MDS_SMACOF_completed_p85_rep25_seed79.csv,mds_smacof_outputs/completed_matrices/MDS_SMACOF_completed_p85_rep25_seed79.csv,True,,15,105,27,15,12,0.16645121029994125,scipy.optimize.nnls,3.17394,1.7775948769516732,1.3963451230483268,0.43994061735518847,0.8476190476190476,105,89,16,210,missing_p85_rep25_seed79.csv,0.00037002199997,0.0562294735577224,0.0421020831478381,0.1506209493032499,0.263279181810061,0.0,0.0,method_specific,mds_smacof_outputs/tables/mds_smacof_all_masks_detailed.csv,0.069684457430773,0.09539772854130003,-0.05171648603882693,0.22637,0.440635919455641,0.5739129515526957,0.6525982676149379,0.5927901443098708,0.06296400472733861,0.0913438734531173,-0.031495680782193794,0.21963662282478474,0.5765094489306458,0.7142857142857142,0.5261059537755227,0.42723570697497054,0.07808502331006599,0.10023475371653862,-0.07699249260961834,0.22637,-0.13192985631715964,0.10917195732578196,0.9829179121058926,0.9727089718997953,0.39864776736206753,0.4597209246654049,-0.3878767068669286,0.7359735637723103,0.6389401535576715,0.6619531411984242,0.673524620870467,0.6295375638330682,0.3996173553338374,0.4601705056322343,-0.3878767068669286,0.7488576592478811,0.3811411761343103,0.40311672213680205,0.6741832897149508,0.6310687201561275
MDS-SMACOF,85,26,80,MDS_SMACOF_completed_p85_rep26_seed80.csv,mds_smacof_outputs/completed_matrices/MDS_SMACOF_completed_p85_rep26_seed80.csv,True,,15,105,27,15,12,0.14912608566937852,scipy.optimize.nnls,3.17394,1.2900077345650898,1.8839322654349102,0.5935626588514308,0.8476190476190476,105,89,16,210,missing_p85_rep26_seed80.csv,0.0023367139999663,0.0843813866431984,0.0647200169255944,-0.0477016007421321,-0.0648401555385688,0.0,0.0,method_specific,mds_smacof_outputs/tables/mds_smacof_all_masks_detailed.csv,0.07589994430502044,0.10743747977166133,-0.06977526909018188,0.297245935389461,0.3747618272344354,0.5275509563011083,0.734959985399938,0.6456639055040586,0.07563130270167015,0.11446211235825625,-0.06460688731496074,0.297245935389461,0.09211053799109109,0.27499999999999997,0.6592582131335744,0.5131883402129946,0.07623574630920828,0.09795079467467943,-0.07623574630920828,0.21582369607629515,0.28004846868197963,0.6456932194570433,0.9605210470514002,0.9496724374401795,0.4501732149714233,0.5144179658441335,-0.44828467775534586,0.769314940597643,0.14153924739853058,0.16118581344557456,0.7536597679696606,0.7109056471865653,0.45124390311800583,0.5148026080846468,-0.4482846777553459,0.7617143844783756,0.12678709470348815,0.13221469733573946,0.7542232968527566,0.7125964591328726
MDS-SMACOF,85,27,81,MDS_SMACOF_completed_p85_rep27_seed81.csv,mds_smacof_outputs/completed_matrices/MDS_SMACOF_completed_p85_rep27_seed81.csv,True,,15,105,27,15,12,0.16063286356620932,scipy.optimize.nnls,3.17394,1.6822828341541278,1.4916571658458722,0.46997018401289004,0.8476190476190476,105,89,16,210,missing_p85_rep27_seed81.csv,0.0004932849999477,0.0540558253952714,0.0432033291355573,-0.0809951328669012,-0.0043907602556725,0.0,0.0,method_specific,mds_smacof_outputs/tables/mds_smacof_all_masks_detailed.csv,0.07330943442723623,0.09639511823114284,-0.05524656169799526,0.22954935793541165,0.4466658352453139,0.5207992861215711,0.6594212265436364,0.6236270154871794,0.07116774545674738,0.09775696509659942,-0.038654574544113654,0.22954935793541165,0.2444178006945062,0.2642857142857143,0.5630429213924665,0.48290133665570933,0.07598654564034728,0.09466526322346977,-0.07598654564034728,0.19382649992646594,0.7690204029020604,0.6979458499333357,0.9283026039022911,0.9465681324642817,0.40968376929103006,0.46997630596264023,-0.39948233208700556,0.7600168192853873,0.6467911850657987,0.6240721542608334,0.6885495010303809,0.6469654245603204,0.41064538529066746,0.47039003948956437,-0.3994823320870056,0.760463284467958,0.36429321001735215,0.1636233970618948,0.6891556507658227,0.6484839916847784
MDS-SMACOF,85,28,82,MDS_SMACOF_completed_p85_rep28_seed82.csv,mds_smacof_outputs/completed_matrices/MDS_SMACOF_completed_p85_rep28_seed82.csv,True,,15,105,27,15,12,0.15261234567151105,scipy.optimize.nnls,3.17394,1.6395430394912287,1.5343969605087713,0.48343603234742033,0.8476190476190476,105,89,16,210,missing_p85_rep28_seed82.csv,0.0003405709999242,0.0535706268473209,0.0434667266210272,0.1231616289268059,0.234510434666224,0.0,0.0,method_specific,mds_smacof_outputs/tables/mds_smacof_all_masks_detailed.csv,0.07496080419472745,0.09844123418692206,-0.056829517055880414,0.22637,0.4173363454709355,0.511331239471672,0.6734183284505515,0.637674849952312,0.07357284781010544,0.09742612493275506,-0.04202648177971128,0.2261783561524141,0.3515293568253205,0.682142857142857,0.5611374079369206,0.4992209085878603,0.07669574967550498,0.09969558690977239,-0.07533331115109182,0.22637,-0.2011078308559777,0.014502275676240748,0.9776307567796855,0.9554027219753347,0.41340274198646776,0.47310532386495247,-0.4035927755924893,0.7568643102956936,0.6205806249987224,0.6412917271407836,0.6931337400399183,0.6528383610278691,0.414313372928352,0.4734654897739256,-0.40359277559248935,0.7645737279734416,0.3971091555084368,0.37708623397404906,0.693661409315508,0.6542764134431587
MDS-SMACOF,85,29,83,MDS_SMACOF_completed_p85_rep29_seed83.csv,mds_smacof_outputs/completed_matrices/MDS_SMACOF_completed_p85_rep29_seed83.csv,True,,15,105,27,15,12,0.19216469733910777,scipy.optimize.nnls,3.17394,1.430401982992096,1.743538017007904,0.5493292302336856,0.8476190476190476,105,89,16,210,missing_p85_rep29_seed83.csv,0.0028533249999327,0.0719658427612164,0.0591381365161864,-0.2303430191177082,-0.0312393598910452,0.0,0.0,method_specific,mds_smacof_outputs/tables/mds_smacof_all_masks_detailed.csv,0.07424273158269377,0.10397095276172529,-0.06457548211140385,0.28520097942798556,0.3850515957796021,0.5141816679683487,0.711246113425038,0.6315663663247358,0.07142754571335774,0.10700595348758883,-0.05402649666503591,0.28520097942798556,0.08894338103546615,0.5178571428571428,0.6163135751862066,0.4846641842824743,0.07776171391936376,0.10004781451222217,-0.07776171391936376,0.2211757847296388,0.01598848075307856,0.14036394513314823,0.9810847565826388,0.9686814909347615,0.4388833090268275,0.5028595873859796,-0.43509455253172674,0.7646136445042134,0.1472514538876197,0.25878084179970967,0.7367259021149108,0.6930768256900935,0.44103089893941744,0.5035351536725637,-0.43509455253172674,0.772289667307318,0.10511761096440593,0.13475015550487246,0.7377156559038549,0.6964682620215465
MDS-SMACOF,85,30,84,MDS_SMACOF_completed_p85_rep30_seed84.csv,mds_smacof_outputs/completed_matrices/MDS_SMACOF_completed_p85_rep30_seed84.csv,True,,15,105,27,15,12,0.09888504178250662,scipy.optimize.nnls,3.17394,1.904906368083367,1.2690336319166329,0.39982911835656404,0.8476190476190476,105,89,16,210,missing_p85_rep30_seed84.csv,0.0003368850000242,0.064282127456725,0.0454650234643874,0.4645145345160986,0.5033598679429935,0.0,0.0,method_specific,mds_smacof_outputs/tables/mds_smacof_all_masks_detailed.csv,0.07263304686849842,0.0968378341727432,-0.04700124562654196,0.22552861190281442,0.39372860382565666,0.46276711255791236,0.6624497646540468,0.6178731373149642,0.06729035525959091,0.09368262423077783,-0.021153113024069272,0.2149991039150232,0.19102213510775504,0.125,0.5395762683353259,0.45659170865041354,0.07931141137963281,0.10064283970007976,-0.07931141137963281,0.22552861190281442,0.4825644952069756,0.6792421919653246,0.9869196680640734,0.9879861483381193,0.39199785831359907,0.4526464127470596,-0.376500101221642,0.7316137303143704,0.7012406774424245,0.783920796184947,0.6631599459079013,0.6190361440714919,0.3925105471334794,0.45304776657239015,-0.376500101221642,0.7374810536025943,0.27354995223892464,0.5551310798627729,0.6637479584793051,0.6198457732657243
