method,pct_missing,replicate,mask_seed,file,edge_id,edge_type,edge_descendant_count,branch_length_ref_ML,branch_length_hat_from_completed_matrix,branch_length_error,branch_length_abs_error
MDS-SMACOF,30,1,55,MDS_SMACOF_completed_p30_rep01_seed55.csv,terminal:T1,terminal,1,0.05696,0.03954852384824846,-0.017411476151751537,0.017411476151751537
MDS-SMACOF,30,1,55,MDS_SMACOF_completed_p30_rep01_seed55.csv,internal:T2|T3,internal,2,0.03472,0.025784706779175135,-0.008935293220824866,0.008935293220824866
MDS-SMACOF,30,1,55,MDS_SMACOF_completed_p30_rep01_seed55.csv,terminal:T2,terminal,1,0.02433,0.018463444329367588,-0.005866555670632413,0.005866555670632413
MDS-SMACOF,30,1,55,MDS_SMACOF_completed_p30_rep01_seed55.csv,terminal:T3,terminal,1,0.02231,0.022568704570801748,0.0002587045708017481,0.0002587045708017481
MDS-SMACOF,30,1,55,MDS_SMACOF_completed_p30_rep01_seed55.csv,internal:T1|T2|T3,internal,3,0.01863,0.026343732478767607,0.007713732478767606,0.007713732478767606
MDS-SMACOF,30,1,55,MDS_SMACOF_completed_p30_rep01_seed55.csv,terminal:T4,terminal,1,0.07771,0.07914024246760899,0.0014302424676089914,0.0014302424676089914
MDS-SMACOF,30,1,55,MDS_SMACOF_completed_p30_rep01_seed55.csv,internal:T1|T2|T3|T4,internal,4,0.04682,0.011808976121057146,-0.03501102387894285,0.03501102387894285
MDS-SMACOF,30,1,55,MDS_SMACOF_completed_p30_rep01_seed55.csv,terminal:T5,terminal,1,0.12997,0.09279990024288806,-0.03717009975711194,0.03717009975711194
MDS-SMACOF,30,1,55,MDS_SMACOF_completed_p30_rep01_seed55.csv,internal:T1|T2|T3|T4|T5,internal,5,0.03057,0.0,-0.03057,0.03057
MDS-SMACOF,30,1,55,MDS_SMACOF_completed_p30_rep01_seed55.csv,terminal:T6,terminal,1,0.14605,0.0922173749077893,-0.053832625092210706,0.053832625092210706
MDS-SMACOF,30,1,55,MDS_SMACOF_completed_p30_rep01_seed55.csv,internal:T1|T2|T3|T4|T5|T6,internal,6,0.0721,0.020663115040672173,-0.05143688495932783,0.05143688495932783
MDS-SMACOF,30,1,55,MDS_SMACOF_completed_p30_rep01_seed55.csv,internal:T10|T7|T8|T9,internal,4,0.08603,0.013802310392530352,-0.07222768960746964,0.07222768960746964
MDS-SMACOF,30,1,55,MDS_SMACOF_completed_p30_rep01_seed55.csv,internal:T7|T8|T9,internal,3,0.05128,0.013987262249608579,-0.03729273775039142,0.03729273775039142
MDS-SMACOF,30,1,55,MDS_SMACOF_completed_p30_rep01_seed55.csv,internal:T7|T8,internal,2,0.02354,0.0025396522954247488,-0.021000347704575248,0.021000347704575248
MDS-SMACOF,30,1,55,MDS_SMACOF_completed_p30_rep01_seed55.csv,terminal:T7,terminal,1,0.11573,0.07198382995970307,-0.04374617004029693,0.04374617004029693
MDS-SMACOF,30,1,55,MDS_SMACOF_completed_p30_rep01_seed55.csv,terminal:T8,terminal,1,0.11535,0.07501786187562497,-0.04033213812437503,0.04033213812437503
MDS-SMACOF,30,1,55,MDS_SMACOF_completed_p30_rep01_seed55.csv,terminal:T9,terminal,1,0.12153,0.07796683646788247,-0.04356316353211753,0.04356316353211753
MDS-SMACOF,30,1,55,MDS_SMACOF_completed_p30_rep01_seed55.csv,terminal:T10,terminal,1,0.18189,0.09792984292340172,-0.08396015707659828,0.08396015707659828
MDS-SMACOF,30,1,55,MDS_SMACOF_completed_p30_rep01_seed55.csv,internal:T11|T12|T13|T14|T15,internal,5,0.11651,0.02093440863596361,-0.0955755913640364,0.0955755913640364
MDS-SMACOF,30,1,55,MDS_SMACOF_completed_p30_rep01_seed55.csv,internal:T11|T12,internal,2,0.22637,0.013314146038953652,-0.21305585396104634,0.21305585396104634
MDS-SMACOF,30,1,55,MDS_SMACOF_completed_p30_rep01_seed55.csv,terminal:T11,terminal,1,0.16094,0.119684165236643,-0.041255834763356994,0.041255834763356994
MDS-SMACOF,30,1,55,MDS_SMACOF_completed_p30_rep01_seed55.csv,terminal:T12,terminal,1,0.14942,0.11059834841303037,-0.038821651586969624,0.038821651586969624
MDS-SMACOF,30,1,55,MDS_SMACOF_completed_p30_rep01_seed55.csv,internal:T13|T14|T15,internal,3,0.18561,0.016904851269986757,-0.16870514873001324,0.16870514873001324
MDS-SMACOF,30,1,55,MDS_SMACOF_completed_p30_rep01_seed55.csv,terminal:T13,terminal,1,0.32149,0.12038986477129678,-0.20110013522870324,0.20110013522870324
MDS-SMACOF,30,1,55,MDS_SMACOF_completed_p30_rep01_seed55.csv,internal:T14|T15,internal,2,0.07113,0.0,-0.07113,0.07113
MDS-SMACOF,30,1,55,MDS_SMACOF_completed_p30_rep01_seed55.csv,terminal:T14,terminal,1,0.34439,0.11292757499612517,-0.23146242500387482,0.23146242500387482
MDS-SMACOF,30,1,55,MDS_SMACOF_completed_p30_rep01_seed55.csv,terminal:T15,terminal,1,0.24256,0.1169458891783063,-0.12561411082169371,0.12561411082169371
MDS-SMACOF,30,2,56,MDS_SMACOF_completed_p30_rep02_seed56.csv,terminal:T1,terminal,1,0.05696,0.08085189554671672,0.023891895546716724,0.023891895546716724
MDS-SMACOF,30,2,56,MDS_SMACOF_completed_p30_rep02_seed56.csv,internal:T2|T3,internal,2,0.03472,0.0,-0.03472,0.03472
MDS-SMACOF,30,2,56,MDS_SMACOF_completed_p30_rep02_seed56.csv,terminal:T2,terminal,1,0.02433,0.10050688744784099,0.07617688744784099,0.07617688744784099
MDS-SMACOF,30,2,56,MDS_SMACOF_completed_p30_rep02_seed56.csv,terminal:T3,terminal,1,0.02231,0.08344830562278223,0.06113830562278223,0.06113830562278223
MDS-SMACOF,30,2,56,MDS_SMACOF_completed_p30_rep02_seed56.csv,internal:T1|T2|T3,internal,3,0.01863,0.0,-0.01863,0.01863
MDS-SMACOF,30,2,56,MDS_SMACOF_completed_p30_rep02_seed56.csv,terminal:T4,terminal,1,0.07771,0.09083894034521835,0.013128940345218346,0.013128940345218346
MDS-SMACOF,30,2,56,MDS_SMACOF_completed_p30_rep02_seed56.csv,internal:T1|T2|T3|T4,internal,4,0.04682,0.0017174969335676973,-0.045102503066432306,0.045102503066432306
MDS-SMACOF,30,2,56,MDS_SMACOF_completed_p30_rep02_seed56.csv,terminal:T5,terminal,1,0.12997,0.10338172093655969,-0.026588279063440315,0.026588279063440315
MDS-SMACOF,30,2,56,MDS_SMACOF_completed_p30_rep02_seed56.csv,internal:T1|T2|T3|T4|T5,internal,5,0.03057,0.0,-0.03057,0.03057
MDS-SMACOF,30,2,56,MDS_SMACOF_completed_p30_rep02_seed56.csv,terminal:T6,terminal,1,0.14605,0.07968289951886927,-0.06636710048113074,0.06636710048113074
MDS-SMACOF,30,2,56,MDS_SMACOF_completed_p30_rep02_seed56.csv,internal:T1|T2|T3|T4|T5|T6,internal,6,0.0721,0.008386773314983113,-0.06371322668501689,0.06371322668501689
MDS-SMACOF,30,2,56,MDS_SMACOF_completed_p30_rep02_seed56.csv,internal:T10|T7|T8|T9,internal,4,0.08603,0.016018997285878064,-0.07001100271412193,0.07001100271412193
MDS-SMACOF,30,2,56,MDS_SMACOF_completed_p30_rep02_seed56.csv,internal:T7|T8|T9,internal,3,0.05128,0.0049741141548867605,-0.04630588584511324,0.04630588584511324
MDS-SMACOF,30,2,56,MDS_SMACOF_completed_p30_rep02_seed56.csv,internal:T7|T8,internal,2,0.02354,0.01857995162653712,-0.004960048373462877,0.004960048373462877
MDS-SMACOF,30,2,56,MDS_SMACOF_completed_p30_rep02_seed56.csv,terminal:T7,terminal,1,0.11573,0.06927533335111283,-0.04645466664888717,0.04645466664888717
MDS-SMACOF,30,2,56,MDS_SMACOF_completed_p30_rep02_seed56.csv,terminal:T8,terminal,1,0.11535,0.07772635848421514,-0.03762364151578486,0.03762364151578486
MDS-SMACOF,30,2,56,MDS_SMACOF_completed_p30_rep02_seed56.csv,terminal:T9,terminal,1,0.12153,0.0918848806518719,-0.029645119348128093,0.029645119348128093
MDS-SMACOF,30,2,56,MDS_SMACOF_completed_p30_rep02_seed56.csv,terminal:T10,terminal,1,0.18189,0.10264749681180109,-0.0792425031881989,0.0792425031881989
MDS-SMACOF,30,2,56,MDS_SMACOF_completed_p30_rep02_seed56.csv,internal:T11|T12|T13|T14|T15,internal,5,0.11651,0.020113338425478907,-0.09639666157452109,0.09639666157452109
MDS-SMACOF,30,2,56,MDS_SMACOF_completed_p30_rep02_seed56.csv,internal:T11|T12,internal,2,0.22637,0.04038108919821151,-0.18598891080178848,0.18598891080178848
MDS-SMACOF,30,2,56,MDS_SMACOF_completed_p30_rep02_seed56.csv,terminal:T11,terminal,1,0.16094,0.0884123734508175,-0.0725276265491825,0.0725276265491825
MDS-SMACOF,30,2,56,MDS_SMACOF_completed_p30_rep02_seed56.csv,terminal:T12,terminal,1,0.14942,0.08457672720070776,-0.06484327279929224,0.06484327279929224
MDS-SMACOF,30,2,56,MDS_SMACOF_completed_p30_rep02_seed56.csv,internal:T13|T14|T15,internal,3,0.18561,0.013800027842244551,-0.17180997215775545,0.17180997215775545
MDS-SMACOF,30,2,56,MDS_SMACOF_completed_p30_rep02_seed56.csv,terminal:T13,terminal,1,0.32149,0.12335238114555881,-0.1981376188544412,0.1981376188544412
MDS-SMACOF,30,2,56,MDS_SMACOF_completed_p30_rep02_seed56.csv,internal:T14|T15,internal,2,0.07113,0.005310601108683048,-0.06581939889131695,0.06581939889131695
MDS-SMACOF,30,2,56,MDS_SMACOF_completed_p30_rep02_seed56.csv,terminal:T14,terminal,1,0.34439,0.12157620241004889,-0.22281379758995107,0.22281379758995107
MDS-SMACOF,30,2,56,MDS_SMACOF_completed_p30_rep02_seed56.csv,terminal:T15,terminal,1,0.24256,0.11429558937209351,-0.1282644106279065,0.1282644106279065
MDS-SMACOF,30,3,57,MDS_SMACOF_completed_p30_rep03_seed57.csv,terminal:T1,terminal,1,0.05696,0.04599332418425719,-0.010966675815742809,0.010966675815742809
MDS-SMACOF,30,3,57,MDS_SMACOF_completed_p30_rep03_seed57.csv,internal:T2|T3,internal,2,0.03472,0.035885154314939854,0.0011651543149398536,0.0011651543149398536
MDS-SMACOF,30,3,57,MDS_SMACOF_completed_p30_rep03_seed57.csv,terminal:T2,terminal,1,0.02433,0.023830559800442006,-0.0004994401995579954,0.0004994401995579954
MDS-SMACOF,30,3,57,MDS_SMACOF_completed_p30_rep03_seed57.csv,terminal:T3,terminal,1,0.02231,0.017201589099727077,-0.005108410900272923,0.005108410900272923
MDS-SMACOF,30,3,57,MDS_SMACOF_completed_p30_rep03_seed57.csv,internal:T1|T2|T3,internal,3,0.01863,0.00365253415454871,-0.014977465845451291,0.014977465845451291
MDS-SMACOF,30,3,57,MDS_SMACOF_completed_p30_rep03_seed57.csv,terminal:T4,terminal,1,0.07771,0.05917837171827068,-0.018531628281729322,0.018531628281729322
MDS-SMACOF,30,3,57,MDS_SMACOF_completed_p30_rep03_seed57.csv,internal:T1|T2|T3|T4,internal,4,0.04682,0.02138427757383373,-0.02543572242616627,0.02543572242616627
MDS-SMACOF,30,3,57,MDS_SMACOF_completed_p30_rep03_seed57.csv,terminal:T5,terminal,1,0.12997,0.08990062090373638,-0.040069379096263624,0.040069379096263624
MDS-SMACOF,30,3,57,MDS_SMACOF_completed_p30_rep03_seed57.csv,internal:T1|T2|T3|T4|T5,internal,5,0.03057,0.0,-0.03057,0.03057
MDS-SMACOF,30,3,57,MDS_SMACOF_completed_p30_rep03_seed57.csv,terminal:T6,terminal,1,0.14605,0.0873939881161909,-0.05865601188380912,0.05865601188380912
MDS-SMACOF,30,3,57,MDS_SMACOF_completed_p30_rep03_seed57.csv,internal:T1|T2|T3|T4|T5|T6,internal,6,0.0721,0.022940492145860414,-0.049159507854139584,0.049159507854139584
MDS-SMACOF,30,3,57,MDS_SMACOF_completed_p30_rep03_seed57.csv,internal:T10|T7|T8|T9,internal,4,0.08603,0.0,-0.08603,0.08603
MDS-SMACOF,30,3,57,MDS_SMACOF_completed_p30_rep03_seed57.csv,internal:T7|T8|T9,internal,3,0.05128,0.0,-0.05128,0.05128
MDS-SMACOF,30,3,57,MDS_SMACOF_completed_p30_rep03_seed57.csv,internal:T7|T8,internal,2,0.02354,0.03748122532320546,0.013941225323205464,0.013941225323205464
MDS-SMACOF,30,3,57,MDS_SMACOF_completed_p30_rep03_seed57.csv,terminal:T7,terminal,1,0.11573,0.07074805688139993,-0.04498194311860007,0.04498194311860007
MDS-SMACOF,30,3,57,MDS_SMACOF_completed_p30_rep03_seed57.csv,terminal:T8,terminal,1,0.11535,0.07625363495392802,-0.039096365046071974,0.039096365046071974
MDS-SMACOF,30,3,57,MDS_SMACOF_completed_p30_rep03_seed57.csv,terminal:T9,terminal,1,0.12153,0.11453943123794488,-0.006990568762055116,0.006990568762055116
MDS-SMACOF,30,3,57,MDS_SMACOF_completed_p30_rep03_seed57.csv,terminal:T10,terminal,1,0.18189,0.10786876069199462,-0.07402123930800537,0.07402123930800537
MDS-SMACOF,30,3,57,MDS_SMACOF_completed_p30_rep03_seed57.csv,internal:T11|T12|T13|T14|T15,internal,5,0.11651,0.02109845125564971,-0.09541154874435029,0.09541154874435029
MDS-SMACOF,30,3,57,MDS_SMACOF_completed_p30_rep03_seed57.csv,internal:T11|T12,internal,2,0.22637,0.008168559701740493,-0.2182014402982595,0.2182014402982595
MDS-SMACOF,30,3,57,MDS_SMACOF_completed_p30_rep03_seed57.csv,terminal:T11,terminal,1,0.16094,0.11728961553361167,-0.04365038446638833,0.04365038446638833
MDS-SMACOF,30,3,57,MDS_SMACOF_completed_p30_rep03_seed57.csv,terminal:T12,terminal,1,0.14942,0.11560969948664424,-0.03381030051335576,0.03381030051335576
MDS-SMACOF,30,3,57,MDS_SMACOF_completed_p30_rep03_seed57.csv,internal:T13|T14|T15,internal,3,0.18561,0.01745113102195598,-0.16815886897804402,0.16815886897804402
MDS-SMACOF,30,3,57,MDS_SMACOF_completed_p30_rep03_seed57.csv,terminal:T13,terminal,1,0.32149,0.1117383629083064,-0.2097516370916936,0.2097516370916936
MDS-SMACOF,30,3,57,MDS_SMACOF_completed_p30_rep03_seed57.csv,internal:T14|T15,internal,2,0.07113,0.0057522762426391585,-0.06537772375736084,0.06537772375736084
MDS-SMACOF,30,3,57,MDS_SMACOF_completed_p30_rep03_seed57.csv,terminal:T14,terminal,1,0.34439,0.12304593510256748,-0.2213440648974325,0.2213440648974325
MDS-SMACOF,30,3,57,MDS_SMACOF_completed_p30_rep03_seed57.csv,terminal:T15,terminal,1,0.24256,0.11282585667957493,-0.12973414332042507,0.12973414332042507
MDS-SMACOF,30,4,58,MDS_SMACOF_completed_p30_rep04_seed58.csv,terminal:T1,terminal,1,0.05696,0.03897928439965461,-0.017980715600345386,0.017980715600345386
MDS-SMACOF,30,4,58,MDS_SMACOF_completed_p30_rep04_seed58.csv,internal:T2|T3,internal,2,0.03472,0.026353946227769074,-0.008366053772230927,0.008366053772230927
MDS-SMACOF,30,4,58,MDS_SMACOF_completed_p30_rep04_seed58.csv,terminal:T2,terminal,1,0.02433,0.02078215212871986,-0.0035478478712801416,0.0035478478712801416
MDS-SMACOF,30,4,58,MDS_SMACOF_completed_p30_rep04_seed58.csv,terminal:T3,terminal,1,0.02231,0.0202499967714493,-0.0020600032285507004,0.0020600032285507004
MDS-SMACOF,30,4,58,MDS_SMACOF_completed_p30_rep04_seed58.csv,internal:T1|T2|T3,internal,3,0.01863,0.012922102917407897,-0.005707897082592103,0.005707897082592103
MDS-SMACOF,30,4,58,MDS_SMACOF_completed_p30_rep04_seed58.csv,terminal:T4,terminal,1,0.07771,0.054734258851733095,-0.022975741148266907,0.022975741148266907
MDS-SMACOF,30,4,58,MDS_SMACOF_completed_p30_rep04_seed58.csv,internal:T1|T2|T3|T4,internal,4,0.04682,0.02224667314322877,-0.02457332685677123,0.02457332685677123
MDS-SMACOF,30,4,58,MDS_SMACOF_completed_p30_rep04_seed58.csv,terminal:T5,terminal,1,0.12997,0.0807905467200264,-0.0491794532799736,0.0491794532799736
MDS-SMACOF,30,4,58,MDS_SMACOF_completed_p30_rep04_seed58.csv,internal:T1|T2|T3|T4|T5,internal,5,0.03057,0.004443648877812012,-0.026126351122187988,0.026126351122187988
MDS-SMACOF,30,4,58,MDS_SMACOF_completed_p30_rep04_seed58.csv,terminal:T6,terminal,1,0.14605,0.08714725059823535,-0.05890274940176467,0.05890274940176467
MDS-SMACOF,30,4,58,MDS_SMACOF_completed_p30_rep04_seed58.csv,internal:T1|T2|T3|T4|T5|T6,internal,6,0.0721,0.021605452571308963,-0.050494547428691035,0.050494547428691035
MDS-SMACOF,30,4,58,MDS_SMACOF_completed_p30_rep04_seed58.csv,internal:T10|T7|T8|T9,internal,4,0.08603,0.0010489476204742342,-0.08498105237952576,0.08498105237952576
MDS-SMACOF,30,4,58,MDS_SMACOF_completed_p30_rep04_seed58.csv,internal:T7|T8|T9,internal,3,0.05128,0.027403990706702325,-0.023876009293297674,0.023876009293297674
MDS-SMACOF,30,4,58,MDS_SMACOF_completed_p30_rep04_seed58.csv,internal:T7|T8,internal,2,0.02354,0.009388855230298091,-0.014151144769701907,0.014151144769701907
MDS-SMACOF,30,4,58,MDS_SMACOF_completed_p30_rep04_seed58.csv,terminal:T7,terminal,1,0.11573,0.07542124971390568,-0.04030875028609432,0.04030875028609432
MDS-SMACOF,30,4,58,MDS_SMACOF_completed_p30_rep04_seed58.csv,terminal:T8,terminal,1,0.11535,0.07158044212142228,-0.04376955787857771,0.04376955787857771
MDS-SMACOF,30,4,58,MDS_SMACOF_completed_p30_rep04_seed58.csv,terminal:T9,terminal,1,0.12153,0.07111763353300916,-0.050412366466990835,0.050412366466990835
MDS-SMACOF,30,4,58,MDS_SMACOF_completed_p30_rep04_seed58.csv,terminal:T10,terminal,1,0.18189,0.10705882378245395,-0.07483117621754605,0.07483117621754605
MDS-SMACOF,30,4,58,MDS_SMACOF_completed_p30_rep04_seed58.csv,internal:T11|T12|T13|T14|T15,internal,5,0.11651,0.012783081668723448,-0.10372691833127655,0.10372691833127655
MDS-SMACOF,30,4,58,MDS_SMACOF_completed_p30_rep04_seed58.csv,internal:T11|T12,internal,2,0.22637,0.015188600662717305,-0.2111813993372827,0.2111813993372827
MDS-SMACOF,30,4,58,MDS_SMACOF_completed_p30_rep04_seed58.csv,terminal:T11,terminal,1,0.16094,0.11342615333077084,-0.04751384666922916,0.04751384666922916
MDS-SMACOF,30,4,58,MDS_SMACOF_completed_p30_rep04_seed58.csv,terminal:T12,terminal,1,0.14942,0.11214515161043709,-0.03727484838956291,0.03727484838956291
MDS-SMACOF,30,4,58,MDS_SMACOF_completed_p30_rep04_seed58.csv,internal:T13|T14|T15,internal,3,0.18561,0.01630670105555875,-0.16930329894444124,0.16930329894444124
MDS-SMACOF,30,4,58,MDS_SMACOF_completed_p30_rep04_seed58.csv,terminal:T13,terminal,1,0.32149,0.12123465322081534,-0.20025534677918466,0.20025534677918466
MDS-SMACOF,30,4,58,MDS_SMACOF_completed_p30_rep04_seed58.csv,internal:T14|T15,internal,2,0.07113,0.0074283290334265254,-0.06370167096657348,0.06370167096657348
MDS-SMACOF,30,4,58,MDS_SMACOF_completed_p30_rep04_seed58.csv,terminal:T14,terminal,1,0.34439,0.1134177729562842,-0.23097222704371578,0.23097222704371578
MDS-SMACOF,30,4,58,MDS_SMACOF_completed_p30_rep04_seed58.csv,terminal:T15,terminal,1,0.24256,0.12245401882585816,-0.12010598117414184,0.12010598117414184
MDS-SMACOF,30,5,59,MDS_SMACOF_completed_p30_rep05_seed59.csv,terminal:T1,terminal,1,0.05696,0.048100983744149256,-0.00885901625585074,0.00885901625585074
MDS-SMACOF,30,5,59,MDS_SMACOF_completed_p30_rep05_seed59.csv,internal:T2|T3,internal,2,0.03472,0.030718281330832986,-0.004001718669167015,0.004001718669167015
MDS-SMACOF,30,5,59,MDS_SMACOF_completed_p30_rep05_seed59.csv,terminal:T2,terminal,1,0.02433,0.020473846602015986,-0.003856153397984015,0.003856153397984015
MDS-SMACOF,30,5,59,MDS_SMACOF_completed_p30_rep05_seed59.csv,terminal:T3,terminal,1,0.02231,0.020558302298153152,-0.001751697701846848,0.001751697701846848
MDS-SMACOF,30,5,59,MDS_SMACOF_completed_p30_rep05_seed59.csv,internal:T1|T2|T3,internal,3,0.01863,0.0008274820942841285,-0.01780251790571587,0.01780251790571587
MDS-SMACOF,30,5,59,MDS_SMACOF_completed_p30_rep05_seed59.csv,terminal:T4,terminal,1,0.07771,0.05453338838532517,-0.02317661161467483,0.02317661161467483
MDS-SMACOF,30,5,59,MDS_SMACOF_completed_p30_rep05_seed59.csv,internal:T1|T2|T3|T4,internal,4,0.04682,0.019226483203111887,-0.027593516796888113,0.027593516796888113
MDS-SMACOF,30,5,59,MDS_SMACOF_completed_p30_rep05_seed59.csv,terminal:T5,terminal,1,0.12997,0.07829937840142798,-0.051670621598572025,0.051670621598572025
MDS-SMACOF,30,5,59,MDS_SMACOF_completed_p30_rep05_seed59.csv,internal:T1|T2|T3|T4|T5,internal,5,0.03057,0.01904821385065486,-0.01152178614934514,0.01152178614934514
MDS-SMACOF,30,5,59,MDS_SMACOF_completed_p30_rep05_seed59.csv,terminal:T6,terminal,1,0.14605,0.08848181564181612,-0.057568184358183894,0.057568184358183894
MDS-SMACOF,30,5,59,MDS_SMACOF_completed_p30_rep05_seed59.csv,internal:T1|T2|T3|T4|T5|T6,internal,6,0.0721,0.013322782776172812,-0.058777217223827186,0.058777217223827186
MDS-SMACOF,30,5,59,MDS_SMACOF_completed_p30_rep05_seed59.csv,internal:T10|T7|T8|T9,internal,4,0.08603,0.009394629982015876,-0.07663537001798412,0.07663537001798412
MDS-SMACOF,30,5,59,MDS_SMACOF_completed_p30_rep05_seed59.csv,internal:T7|T8|T9,internal,3,0.05128,0.0,-0.05128,0.05128
MDS-SMACOF,30,5,59,MDS_SMACOF_completed_p30_rep05_seed59.csv,internal:T7|T8,internal,2,0.02354,0.0,-0.02354,0.02354
MDS-SMACOF,30,5,59,MDS_SMACOF_completed_p30_rep05_seed59.csv,terminal:T7,terminal,1,0.11573,0.09941092999291111,-0.01631907000708889,0.01631907000708889
MDS-SMACOF,30,5,59,MDS_SMACOF_completed_p30_rep05_seed59.csv,terminal:T8,terminal,1,0.11535,0.10426718000761581,-0.011082819992384182,0.011082819992384182
MDS-SMACOF,30,5,59,MDS_SMACOF_completed_p30_rep05_seed59.csv,terminal:T9,terminal,1,0.12153,0.09813111607866506,-0.023398883921334934,0.023398883921334934
MDS-SMACOF,30,5,59,MDS_SMACOF_completed_p30_rep05_seed59.csv,terminal:T10,terminal,1,0.18189,0.10538861133292288,-0.07650138866707712,0.07650138866707712
MDS-SMACOF,30,5,59,MDS_SMACOF_completed_p30_rep05_seed59.csv,internal:T11|T12|T13|T14|T15,internal,5,0.11651,0.020853418248555487,-0.09565658175144451,0.09565658175144451
MDS-SMACOF,30,5,59,MDS_SMACOF_completed_p30_rep05_seed59.csv,internal:T11|T12,internal,2,0.22637,0.040807370994505966,-0.18556262900549403,0.18556262900549403
MDS-SMACOF,30,5,59,MDS_SMACOF_completed_p30_rep05_seed59.csv,terminal:T11,terminal,1,0.16094,0.08591505485250932,-0.07502494514749068,0.07502494514749068
MDS-SMACOF,30,5,59,MDS_SMACOF_completed_p30_rep05_seed59.csv,terminal:T12,terminal,1,0.14942,0.08707404579901601,-0.06234595420098399,0.06234595420098399
MDS-SMACOF,30,5,59,MDS_SMACOF_completed_p30_rep05_seed59.csv,internal:T13|T14|T15,internal,3,0.18561,0.012454556490612358,-0.17315544350938764,0.17315544350938764
MDS-SMACOF,30,5,59,MDS_SMACOF_completed_p30_rep05_seed59.csv,terminal:T13,terminal,1,0.32149,0.1252846905385089,-0.1962053094614911,0.1962053094614911
MDS-SMACOF,30,5,59,MDS_SMACOF_completed_p30_rep05_seed59.csv,internal:T14|T15,internal,2,0.07113,0.004291511869538125,-0.06683848813046188,0.06683848813046188
MDS-SMACOF,30,5,59,MDS_SMACOF_completed_p30_rep05_seed59.csv,terminal:T14,terminal,1,0.34439,0.12223651441796081,-0.22215348558203918,0.22215348558203918
MDS-SMACOF,30,5,59,MDS_SMACOF_completed_p30_rep05_seed59.csv,terminal:T15,terminal,1,0.24256,0.11180883705657123,-0.13075116294342876,0.13075116294342876
MDS-SMACOF,30,6,60,MDS_SMACOF_completed_p30_rep06_seed60.csv,terminal:T1,terminal,1,0.05696,0.04309417757391348,-0.01386582242608652,0.01386582242608652
MDS-SMACOF,30,6,60,MDS_SMACOF_completed_p30_rep06_seed60.csv,internal:T2|T3,internal,2,0.03472,0.022239053053510156,-0.012480946946489845,0.012480946946489845
MDS-SMACOF,30,6,60,MDS_SMACOF_completed_p30_rep06_seed60.csv,terminal:T2,terminal,1,0.02433,0.020584387204236512,-0.0037456127957634887,0.0037456127957634887
MDS-SMACOF,30,6,60,MDS_SMACOF_completed_p30_rep06_seed60.csv,terminal:T3,terminal,1,0.02231,0.02044776169593267,-0.001862238304067329,0.001862238304067329
MDS-SMACOF,30,6,60,MDS_SMACOF_completed_p30_rep06_seed60.csv,internal:T1|T2|T3,internal,3,0.01863,0.019626466246466204,0.000996466246466203,0.000996466246466203
MDS-SMACOF,30,6,60,MDS_SMACOF_completed_p30_rep06_seed60.csv,terminal:T4,terminal,1,0.07771,0.06456848393664263,-0.013141516063357367,0.013141516063357367
MDS-SMACOF,30,6,60,MDS_SMACOF_completed_p30_rep06_seed60.csv,internal:T1|T2|T3|T4,internal,4,0.04682,0.006893679222332854,-0.03992632077766715,0.03992632077766715
MDS-SMACOF,30,6,60,MDS_SMACOF_completed_p30_rep06_seed60.csv,terminal:T5,terminal,1,0.12997,0.08260274813091432,-0.04736725186908568,0.04736725186908568
MDS-SMACOF,30,6,60,MDS_SMACOF_completed_p30_rep06_seed60.csv,internal:T1|T2|T3|T4|T5,internal,5,0.03057,0.01682951515382333,-0.013740484846176671,0.013740484846176671
MDS-SMACOF,30,6,60,MDS_SMACOF_completed_p30_rep06_seed60.csv,terminal:T6,terminal,1,0.14605,0.09256123402029173,-0.05348876597970828,0.05348876597970828
MDS-SMACOF,30,6,60,MDS_SMACOF_completed_p30_rep06_seed60.csv,internal:T1|T2|T3|T4|T5|T6,internal,6,0.0721,0.012489325658704167,-0.05961067434129583,0.05961067434129583
MDS-SMACOF,30,6,60,MDS_SMACOF_completed_p30_rep06_seed60.csv,internal:T10|T7|T8|T9,internal,4,0.08603,0.018810140373291213,-0.06721985962670879,0.06721985962670879
MDS-SMACOF,30,6,60,MDS_SMACOF_completed_p30_rep06_seed60.csv,internal:T7|T8|T9,internal,3,0.05128,0.0,-0.05128,0.05128
MDS-SMACOF,30,6,60,MDS_SMACOF_completed_p30_rep06_seed60.csv,internal:T7|T8,internal,2,0.02354,0.01837768965692864,-0.005162310343071359,0.005162310343071359
MDS-SMACOF,30,6,60,MDS_SMACOF_completed_p30_rep06_seed60.csv,terminal:T7,terminal,1,0.11573,0.06971212464889412,-0.04601787535110588,0.04601787535110588
MDS-SMACOF,30,6,60,MDS_SMACOF_completed_p30_rep06_seed60.csv,terminal:T8,terminal,1,0.11535,0.07728956718643384,-0.03806043281356615,0.03806043281356615
MDS-SMACOF,30,6,60,MDS_SMACOF_completed_p30_rep06_seed60.csv,terminal:T9,terminal,1,0.12153,0.09380965489998067,-0.027720345100019333,0.027720345100019333
MDS-SMACOF,30,6,60,MDS_SMACOF_completed_p30_rep06_seed60.csv,terminal:T10,terminal,1,0.18189,0.09841771425295412,-0.08347228574704588,0.08347228574704588
MDS-SMACOF,30,6,60,MDS_SMACOF_completed_p30_rep06_seed60.csv,internal:T11|T12|T13|T14|T15,internal,5,0.11651,0.015705142304080516,-0.10080485769591949,0.10080485769591949
MDS-SMACOF,30,6,60,MDS_SMACOF_completed_p30_rep06_seed60.csv,internal:T11|T12,internal,2,0.22637,0.04370601963642386,-0.18266398036357612,0.18266398036357612
MDS-SMACOF,30,6,60,MDS_SMACOF_completed_p30_rep06_seed60.csv,terminal:T11,terminal,1,0.16094,0.08489706295306257,-0.07604293704693743,0.07604293704693743
MDS-SMACOF,30,6,60,MDS_SMACOF_completed_p30_rep06_seed60.csv,terminal:T12,terminal,1,0.14942,0.08809203769846281,-0.061327962301537184,0.061327962301537184
MDS-SMACOF,30,6,60,MDS_SMACOF_completed_p30_rep06_seed60.csv,internal:T13|T14|T15,internal,3,0.18561,0.016484487605798778,-0.1691255123942012,0.1691255123942012
MDS-SMACOF,30,6,60,MDS_SMACOF_completed_p30_rep06_seed60.csv,terminal:T13,terminal,1,0.32149,0.12875721358752878,-0.1927327864124712,0.1927327864124712
MDS-SMACOF,30,6,60,MDS_SMACOF_completed_p30_rep06_seed60.csv,internal:T14|T15,internal,2,0.07113,0.0,-0.07113,0.07113
MDS-SMACOF,30,6,60,MDS_SMACOF_completed_p30_rep06_seed60.csv,terminal:T14,terminal,1,0.34439,0.11467314670207042,-0.22971685329792957,0.22971685329792957
MDS-SMACOF,30,6,60,MDS_SMACOF_completed_p30_rep06_seed60.csv,terminal:T15,terminal,1,0.24256,0.12110441374678504,-0.12145558625321495,0.12145558625321495
MDS-SMACOF,30,7,61,MDS_SMACOF_completed_p30_rep07_seed61.csv,terminal:T1,terminal,1,0.05696,0.06755172970674664,0.010591729706746641,0.010591729706746641
MDS-SMACOF,30,7,61,MDS_SMACOF_completed_p30_rep07_seed61.csv,internal:T2|T3,internal,2,0.03472,0.0,-0.03472,0.03472
MDS-SMACOF,30,7,61,MDS_SMACOF_completed_p30_rep07_seed61.csv,terminal:T2,terminal,1,0.02433,0.0710025880911811,0.04667258809118109,0.04667258809118109
MDS-SMACOF,30,7,61,MDS_SMACOF_completed_p30_rep07_seed61.csv,terminal:T3,terminal,1,0.02231,0.0665036719679959,0.04419367196799591,0.04419367196799591
MDS-SMACOF,30,7,61,MDS_SMACOF_completed_p30_rep07_seed61.csv,internal:T1|T2|T3,internal,3,0.01863,0.0,-0.01863,0.01863
MDS-SMACOF,30,7,61,MDS_SMACOF_completed_p30_rep07_seed61.csv,terminal:T4,terminal,1,0.07771,0.06378528125747342,-0.013924718742526584,0.013924718742526584
MDS-SMACOF,30,7,61,MDS_SMACOF_completed_p30_rep07_seed61.csv,internal:T1|T2|T3|T4,internal,4,0.04682,0.01676938073826867,-0.03005061926173133,0.03005061926173133
MDS-SMACOF,30,7,61,MDS_SMACOF_completed_p30_rep07_seed61.csv,terminal:T5,terminal,1,0.12997,0.08825296067812101,-0.04171703932187899,0.04171703932187899
MDS-SMACOF,30,7,61,MDS_SMACOF_completed_p30_rep07_seed61.csv,internal:T1|T2|T3|T4|T5,internal,5,0.03057,0.007036158370341323,-0.023533841629658676,0.023533841629658676
MDS-SMACOF,30,7,61,MDS_SMACOF_completed_p30_rep07_seed61.csv,terminal:T6,terminal,1,0.14605,0.09682175894849741,-0.0492282410515026,0.0492282410515026
MDS-SMACOF,30,7,61,MDS_SMACOF_completed_p30_rep07_seed61.csv,internal:T1|T2|T3|T4|T5|T6,internal,6,0.0721,0.013822906305404108,-0.05827709369459589,0.05827709369459589
MDS-SMACOF,30,7,61,MDS_SMACOF_completed_p30_rep07_seed61.csv,internal:T10|T7|T8|T9,internal,4,0.08603,0.009600249454023666,-0.07642975054597632,0.07642975054597632
MDS-SMACOF,30,7,61,MDS_SMACOF_completed_p30_rep07_seed61.csv,internal:T7|T8|T9,internal,3,0.05128,0.020938104110676457,-0.030341895889323543,0.030341895889323543
MDS-SMACOF,30,7,61,MDS_SMACOF_completed_p30_rep07_seed61.csv,internal:T7|T8,internal,2,0.02354,0.005163685266421342,-0.018376314733578657,0.018376314733578657
MDS-SMACOF,30,7,61,MDS_SMACOF_completed_p30_rep07_seed61.csv,terminal:T7,terminal,1,0.11573,0.07077563150498012,-0.04495436849501988,0.04495436849501988
MDS-SMACOF,30,7,61,MDS_SMACOF_completed_p30_rep07_seed61.csv,terminal:T8,terminal,1,0.11535,0.07622606033034779,-0.039123939669652205,0.039123939669652205
MDS-SMACOF,30,7,61,MDS_SMACOF_completed_p30_rep07_seed61.csv,terminal:T9,terminal,1,0.12153,0.07534280349688594,-0.046187196503114064,0.046187196503114064
MDS-SMACOF,30,7,61,MDS_SMACOF_completed_p30_rep07_seed61.csv,terminal:T10,terminal,1,0.18189,0.10570759114127357,-0.07618240885872643,0.07618240885872643
MDS-SMACOF,30,7,61,MDS_SMACOF_completed_p30_rep07_seed61.csv,internal:T11|T12|T13|T14|T15,internal,5,0.11651,0.019031594593987938,-0.09747840540601206,0.09747840540601206
MDS-SMACOF,30,7,61,MDS_SMACOF_completed_p30_rep07_seed61.csv,internal:T11|T12,internal,2,0.22637,0.03913407761312824,-0.18723592238687176,0.18723592238687176
MDS-SMACOF,30,7,61,MDS_SMACOF_completed_p30_rep07_seed61.csv,terminal:T11,terminal,1,0.16094,0.08974761704596346,-0.07119238295403654,0.07119238295403654
MDS-SMACOF,30,7,61,MDS_SMACOF_completed_p30_rep07_seed61.csv,terminal:T12,terminal,1,0.14942,0.08324148360556184,-0.06617851639443816,0.06617851639443816
MDS-SMACOF,30,7,61,MDS_SMACOF_completed_p30_rep07_seed61.csv,internal:T13|T14|T15,internal,3,0.18561,0.015449781003414667,-0.17016021899658534,0.17016021899658534
MDS-SMACOF,30,7,61,MDS_SMACOF_completed_p30_rep07_seed61.csv,terminal:T13,terminal,1,0.32149,0.11892835867376121,-0.20256164132623877,0.20256164132623877
MDS-SMACOF,30,7,61,MDS_SMACOF_completed_p30_rep07_seed61.csv,internal:T14|T15,internal,2,0.07113,0.008431969968417814,-0.06269803003158218,0.06269803003158218
MDS-SMACOF,30,7,61,MDS_SMACOF_completed_p30_rep07_seed61.csv,terminal:T14,terminal,1,0.34439,0.12248075561808157,-0.2219092443819184,0.2219092443819184
MDS-SMACOF,30,7,61,MDS_SMACOF_completed_p30_rep07_seed61.csv,terminal:T15,terminal,1,0.24256,0.11339103616406095,-0.12916896383593907,0.12916896383593907
MDS-SMACOF,30,8,62,MDS_SMACOF_completed_p30_rep08_seed62.csv,terminal:T1,terminal,1,0.05696,0.043485337807518336,-0.013474662192481661,0.013474662192481661
MDS-SMACOF,30,8,62,MDS_SMACOF_completed_p30_rep08_seed62.csv,internal:T2|T3,internal,2,0.03472,0.021847892819905287,-0.012872107180094714,0.012872107180094714
MDS-SMACOF,30,8,62,MDS_SMACOF_completed_p30_rep08_seed62.csv,terminal:T2,terminal,1,0.02433,0.02303215204421962,-0.0012978479557803797,0.0012978479557803797
MDS-SMACOF,30,8,62,MDS_SMACOF_completed_p30_rep08_seed62.csv,terminal:T3,terminal,1,0.02231,0.01799999685594954,-0.004310003144050459,0.004310003144050459
MDS-SMACOF,30,8,62,MDS_SMACOF_completed_p30_rep08_seed62.csv,internal:T1|T2|T3,internal,3,0.01863,0.008638080192490433,-0.009991919807509568,0.009991919807509568
MDS-SMACOF,30,8,62,MDS_SMACOF_completed_p30_rep08_seed62.csv,terminal:T4,terminal,1,0.07771,0.05417493127328093,-0.023535068726719073,0.023535068726719073
MDS-SMACOF,30,8,62,MDS_SMACOF_completed_p30_rep08_seed62.csv,internal:T1|T2|T3|T4,internal,4,0.04682,0.027236692426847776,-0.019583307573152225,0.019583307573152225
MDS-SMACOF,30,8,62,MDS_SMACOF_completed_p30_rep08_seed62.csv,terminal:T5,terminal,1,0.12997,0.08881035308327187,-0.04115964691672813,0.04115964691672813
MDS-SMACOF,30,8,62,MDS_SMACOF_completed_p30_rep08_seed62.csv,internal:T1|T2|T3|T4|T5,internal,5,0.03057,0.0006943575836492907,-0.029875642416350708,0.029875642416350708
MDS-SMACOF,30,8,62,MDS_SMACOF_completed_p30_rep08_seed62.csv,terminal:T6,terminal,1,0.14605,0.0897490836391693,-0.05630091636083072,0.05630091636083072
MDS-SMACOF,30,8,62,MDS_SMACOF_completed_p30_rep08_seed62.csv,internal:T1|T2|T3|T4|T5|T6,internal,6,0.0721,0.018841498285983232,-0.05325850171401676,0.05325850171401676
MDS-SMACOF,30,8,62,MDS_SMACOF_completed_p30_rep08_seed62.csv,internal:T10|T7|T8|T9,internal,4,0.08603,0.009761683600130496,-0.0762683163998695,0.0762683163998695
MDS-SMACOF,30,8,62,MDS_SMACOF_completed_p30_rep08_seed62.csv,internal:T7|T8|T9,internal,3,0.05128,0.013585503019134412,-0.03769449698086559,0.03769449698086559
MDS-SMACOF,30,8,62,MDS_SMACOF_completed_p30_rep08_seed62.csv,internal:T7|T8,internal,2,0.02354,0.0,-0.02354,0.02354
MDS-SMACOF,30,8,62,MDS_SMACOF_completed_p30_rep08_seed62.csv,terminal:T7,terminal,1,0.11573,0.08524597055230906,-0.030484029447690936,0.030484029447690936
MDS-SMACOF,30,8,62,MDS_SMACOF_completed_p30_rep08_seed62.csv,terminal:T8,terminal,1,0.11535,0.09381866592234409,-0.02153133407765591,0.02153133407765591
MDS-SMACOF,30,8,62,MDS_SMACOF_completed_p30_rep08_seed62.csv,terminal:T9,terminal,1,0.12153,0.08547328902517928,-0.036056710974820716,0.036056710974820716
MDS-SMACOF,30,8,62,MDS_SMACOF_completed_p30_rep08_seed62.csv,terminal:T10,terminal,1,0.18189,0.09748573743818917,-0.08440426256181083,0.08440426256181083
MDS-SMACOF,30,8,62,MDS_SMACOF_completed_p30_rep08_seed62.csv,internal:T11|T12|T13|T14|T15,internal,5,0.11651,0.027689501135275508,-0.0888204988647245,0.0888204988647245
MDS-SMACOF,30,8,62,MDS_SMACOF_completed_p30_rep08_seed62.csv,internal:T11|T12,internal,2,0.22637,0.03004384456498133,-0.19632615543501866,0.19632615543501866
MDS-SMACOF,30,8,62,MDS_SMACOF_completed_p30_rep08_seed62.csv,terminal:T11,terminal,1,0.16094,0.08787855227038982,-0.07306144772961018,0.07306144772961018
MDS-SMACOF,30,8,62,MDS_SMACOF_completed_p30_rep08_seed62.csv,terminal:T12,terminal,1,0.14942,0.08511054838113552,-0.06430945161886448,0.06430945161886448
MDS-SMACOF,30,8,62,MDS_SMACOF_completed_p30_rep08_seed62.csv,internal:T13|T14|T15,internal,3,0.18561,0.00690750642146054,-0.17870249357853946,0.17870249357853946
MDS-SMACOF,30,8,62,MDS_SMACOF_completed_p30_rep08_seed62.csv,terminal:T13,terminal,1,0.32149,0.12213776042385979,-0.1993522395761402,0.1993522395761402
MDS-SMACOF,30,8,62,MDS_SMACOF_completed_p30_rep08_seed62.csv,internal:T14|T15,internal,2,0.07113,0.006465709126623132,-0.06466429087337687,0.06466429087337687
MDS-SMACOF,30,8,62,MDS_SMACOF_completed_p30_rep08_seed62.csv,terminal:T14,terminal,1,0.34439,0.12519736936137715,-0.21919263063862282,0.21919263063862282
MDS-SMACOF,30,8,62,MDS_SMACOF_completed_p30_rep08_seed62.csv,terminal:T15,terminal,1,0.24256,0.11079344782828322,-0.1317665521717168,0.1317665521717168
MDS-SMACOF,30,9,63,MDS_SMACOF_completed_p30_rep09_seed63.csv,terminal:T1,terminal,1,0.05696,0.0643358748194899,0.007375874819489897,0.007375874819489897
MDS-SMACOF,30,9,63,MDS_SMACOF_completed_p30_rep09_seed63.csv,internal:T2|T3,internal,2,0.03472,0.0,-0.03472,0.03472
MDS-SMACOF,30,9,63,MDS_SMACOF_completed_p30_rep09_seed63.csv,terminal:T2,terminal,1,0.02433,0.06278668771592681,0.03845668771592681,0.03845668771592681
MDS-SMACOF,30,9,63,MDS_SMACOF_completed_p30_rep09_seed63.csv,terminal:T3,terminal,1,0.02231,0.06514133249018408,0.04283133249018409,0.04283133249018409
MDS-SMACOF,30,9,63,MDS_SMACOF_completed_p30_rep09_seed63.csv,internal:T1|T2|T3,internal,3,0.01863,0.0,-0.01863,0.01863
MDS-SMACOF,30,9,63,MDS_SMACOF_completed_p30_rep09_seed63.csv,terminal:T4,terminal,1,0.07771,0.05813184209290441,-0.019578157907095592,0.019578157907095592
MDS-SMACOF,30,9,63,MDS_SMACOF_completed_p30_rep09_seed63.csv,internal:T1|T2|T3|T4,internal,4,0.04682,0.012159307492191327,-0.03466069250780868,0.03466069250780868
MDS-SMACOF,30,9,63,MDS_SMACOF_completed_p30_rep09_seed63.csv,terminal:T5,terminal,1,0.12997,0.0775254439629899,-0.05244455603701011,0.05244455603701011
MDS-SMACOF,30,9,63,MDS_SMACOF_completed_p30_rep09_seed63.csv,internal:T1|T2|T3|T4|T5,internal,5,0.03057,0.006205770829978793,-0.024364229170021207,0.024364229170021207
MDS-SMACOF,30,9,63,MDS_SMACOF_completed_p30_rep09_seed63.csv,terminal:T6,terminal,1,0.14605,0.09342662992131578,-0.05262337007868423,0.05262337007868423
MDS-SMACOF,30,9,63,MDS_SMACOF_completed_p30_rep09_seed63.csv,internal:T1|T2|T3|T4|T5|T6,internal,6,0.0721,0.02079231497111978,-0.051307685028880216,0.051307685028880216
MDS-SMACOF,30,9,63,MDS_SMACOF_completed_p30_rep09_seed63.csv,internal:T10|T7|T8|T9,internal,4,0.08603,0.009226885609061949,-0.07680311439093805,0.07680311439093805
MDS-SMACOF,30,9,63,MDS_SMACOF_completed_p30_rep09_seed63.csv,internal:T7|T8|T9,internal,3,0.05128,0.011872905764738859,-0.03940709423526114,0.03940709423526114
MDS-SMACOF,30,9,63,MDS_SMACOF_completed_p30_rep09_seed63.csv,internal:T7|T8,internal,2,0.02354,0.0,-0.02354,0.02354
MDS-SMACOF,30,9,63,MDS_SMACOF_completed_p30_rep09_seed63.csv,terminal:T7,terminal,1,0.11573,0.09421973823789744,-0.021510261762102564,0.021510261762102564
MDS-SMACOF,30,9,63,MDS_SMACOF_completed_p30_rep09_seed63.csv,terminal:T8,terminal,1,0.11535,0.09183895970445004,-0.023511040295549956,0.023511040295549956
MDS-SMACOF,30,9,63,MDS_SMACOF_completed_p30_rep09_seed63.csv,terminal:T9,terminal,1,0.12153,0.0811272009880445,-0.040402799011955495,0.040402799011955495
MDS-SMACOF,30,9,63,MDS_SMACOF_completed_p30_rep09_seed63.csv,terminal:T10,terminal,1,0.18189,0.10090532950887744,-0.08098467049112255,0.08098467049112255
MDS-SMACOF,30,9,63,MDS_SMACOF_completed_p30_rep09_seed63.csv,internal:T11|T12|T13|T14|T15,internal,5,0.11651,0.027653877730780787,-0.08885612226921921,0.08885612226921921
MDS-SMACOF,30,9,63,MDS_SMACOF_completed_p30_rep09_seed63.csv,internal:T11|T12,internal,2,0.22637,0.029512688113964097,-0.1968573118860359,0.1968573118860359
MDS-SMACOF,30,9,63,MDS_SMACOF_completed_p30_rep09_seed63.csv,terminal:T11,terminal,1,0.16094,0.08746304050732681,-0.07347695949267319,0.07347695949267319
MDS-SMACOF,30,9,63,MDS_SMACOF_completed_p30_rep09_seed63.csv,terminal:T12,terminal,1,0.14942,0.08552606014419842,-0.06389393985580158,0.06389393985580158
MDS-SMACOF,30,9,63,MDS_SMACOF_completed_p30_rep09_seed63.csv,internal:T13|T14|T15,internal,3,0.18561,0.007828593546500518,-0.1777814064534995,0.1777814064534995
MDS-SMACOF,30,9,63,MDS_SMACOF_completed_p30_rep09_seed63.csv,terminal:T13,terminal,1,0.32149,0.11969049730922242,-0.20179950269077757,0.20179950269077757
MDS-SMACOF,30,9,63,MDS_SMACOF_completed_p30_rep09_seed63.csv,internal:T14|T15,internal,2,0.07113,0.007458955755925808,-0.06367104424407419,0.06367104424407419
MDS-SMACOF,30,9,63,MDS_SMACOF_completed_p30_rep09_seed63.csv,terminal:T14,terminal,1,0.34439,0.12286725196550521,-0.22152274803449476,0.22152274803449476
MDS-SMACOF,30,9,63,MDS_SMACOF_completed_p30_rep09_seed63.csv,terminal:T15,terminal,1,0.24256,0.1130045398166372,-0.12955546018336278,0.12955546018336278
MDS-SMACOF,30,10,64,MDS_SMACOF_completed_p30_rep10_seed64.csv,terminal:T1,terminal,1,0.05696,0.08339651285288681,0.026436512852886812,0.026436512852886812
MDS-SMACOF,30,10,64,MDS_SMACOF_completed_p30_rep10_seed64.csv,internal:T2|T3,internal,2,0.03472,0.0,-0.03472,0.03472
MDS-SMACOF,30,10,64,MDS_SMACOF_completed_p30_rep10_seed64.csv,terminal:T2,terminal,1,0.02433,0.08637846365092236,0.062048463650922356,0.062048463650922356
MDS-SMACOF,30,10,64,MDS_SMACOF_completed_p30_rep10_seed64.csv,terminal:T3,terminal,1,0.02231,0.10218327728841899,0.07987327728841899,0.07987327728841899
MDS-SMACOF,30,10,64,MDS_SMACOF_completed_p30_rep10_seed64.csv,internal:T1|T2|T3,internal,3,0.01863,0.0,-0.01863,0.01863
MDS-SMACOF,30,10,64,MDS_SMACOF_completed_p30_rep10_seed64.csv,terminal:T4,terminal,1,0.07771,0.1047109458934842,0.0270009458934842,0.0270009458934842
MDS-SMACOF,30,10,64,MDS_SMACOF_completed_p30_rep10_seed64.csv,internal:T1|T2|T3|T4,internal,4,0.04682,0.0,-0.04682,0.04682
MDS-SMACOF,30,10,64,MDS_SMACOF_completed_p30_rep10_seed64.csv,terminal:T5,terminal,1,0.12997,0.09147495371296474,-0.03849504628703526,0.03849504628703526
MDS-SMACOF,30,10,64,MDS_SMACOF_completed_p30_rep10_seed64.csv,internal:T1|T2|T3|T4|T5,internal,5,0.03057,0.0,-0.03057,0.03057
MDS-SMACOF,30,10,64,MDS_SMACOF_completed_p30_rep10_seed64.csv,terminal:T6,terminal,1,0.14605,0.08423842578138896,-0.061811574218611054,0.061811574218611054
MDS-SMACOF,30,10,64,MDS_SMACOF_completed_p30_rep10_seed64.csv,internal:T1|T2|T3|T4|T5|T6,internal,6,0.0721,0.012323536418101648,-0.05977646358189835,0.05977646358189835
MDS-SMACOF,30,10,64,MDS_SMACOF_completed_p30_rep10_seed64.csv,internal:T10|T7|T8|T9,internal,4,0.08603,0.019539893505622703,-0.0664901064943773,0.0664901064943773
MDS-SMACOF,30,10,64,MDS_SMACOF_completed_p30_rep10_seed64.csv,internal:T7|T8|T9,internal,3,0.05128,0.013248109445790045,-0.038031890554209954,0.038031890554209954
MDS-SMACOF,30,10,64,MDS_SMACOF_completed_p30_rep10_seed64.csv,internal:T7|T8,internal,2,0.02354,0.00563483352180565,-0.01790516647819435,0.01790516647819435
MDS-SMACOF,30,10,64,MDS_SMACOF_completed_p30_rep10_seed64.csv,terminal:T7,terminal,1,0.11573,0.07360630127166974,-0.04212369872833026,0.04212369872833026
MDS-SMACOF,30,10,64,MDS_SMACOF_completed_p30_rep10_seed64.csv,terminal:T8,terminal,1,0.11535,0.07339539056365825,-0.041954609436341744,0.041954609436341744
MDS-SMACOF,30,10,64,MDS_SMACOF_completed_p30_rep10_seed64.csv,terminal:T9,terminal,1,0.12153,0.07487165524150155,-0.04665834475849845,0.04665834475849845
MDS-SMACOF,30,10,64,MDS_SMACOF_completed_p30_rep10_seed64.csv,terminal:T10,terminal,1,0.18189,0.09763726865175992,-0.08425273134824007,0.08425273134824007
MDS-SMACOF,30,10,64,MDS_SMACOF_completed_p30_rep10_seed64.csv,internal:T11|T12|T13|T14|T15,internal,5,0.11651,0.015634278456246424,-0.10087572154375357,0.10087572154375357
MDS-SMACOF,30,10,64,MDS_SMACOF_completed_p30_rep10_seed64.csv,internal:T11|T12,internal,2,0.22637,0.00851006332000839,-0.2178599366799916,0.2178599366799916
MDS-SMACOF,30,10,64,MDS_SMACOF_completed_p30_rep10_seed64.csv,terminal:T11,terminal,1,0.16094,0.11513937408784139,-0.04580062591215861,0.04580062591215861
MDS-SMACOF,30,10,64,MDS_SMACOF_completed_p30_rep10_seed64.csv,terminal:T12,terminal,1,0.14942,0.11609872192110543,-0.03332127807889457,0.03332127807889457
MDS-SMACOF,30,10,64,MDS_SMACOF_completed_p30_rep10_seed64.csv,internal:T13|T14|T15,internal,3,0.18561,0.025337199485886704,-0.1602728005141133,0.1602728005141133
MDS-SMACOF,30,10,64,MDS_SMACOF_completed_p30_rep10_seed64.csv,terminal:T13,terminal,1,0.32149,0.12192855684464271,-0.1995614431553573,0.1995614431553573
MDS-SMACOF,30,10,64,MDS_SMACOF_completed_p30_rep10_seed64.csv,internal:T14|T15,internal,2,0.07113,0.0,-0.07113,0.07113
MDS-SMACOF,30,10,64,MDS_SMACOF_completed_p30_rep10_seed64.csv,terminal:T14,terminal,1,0.34439,0.12149286382137137,-0.2228971361786286,0.2228971361786286
MDS-SMACOF,30,10,64,MDS_SMACOF_completed_p30_rep10_seed64.csv,terminal:T15,terminal,1,0.24256,0.11208780547346577,-0.13047219452653425,0.13047219452653425
MDS-SMACOF,30,11,65,MDS_SMACOF_completed_p30_rep11_seed65.csv,terminal:T1,terminal,1,0.05696,0.04165520588561565,-0.015304794114384346,0.015304794114384346
MDS-SMACOF,30,11,65,MDS_SMACOF_completed_p30_rep11_seed65.csv,internal:T2|T3,internal,2,0.03472,0.02367802474180801,-0.011041975258191991,0.011041975258191991
MDS-SMACOF,30,11,65,MDS_SMACOF_completed_p30_rep11_seed65.csv,terminal:T2,terminal,1,0.02433,0.022001589051222112,-0.002328410948777889,0.002328410948777889
MDS-SMACOF,30,11,65,MDS_SMACOF_completed_p30_rep11_seed65.csv,terminal:T3,terminal,1,0.02231,0.019030559848947113,-0.003279440151052887,0.003279440151052887
MDS-SMACOF,30,11,65,MDS_SMACOF_completed_p30_rep11_seed65.csv,internal:T1|T2|T3,internal,3,0.01863,0.005516237527000331,-0.01311376247299967,0.01311376247299967
MDS-SMACOF,30,11,65,MDS_SMACOF_completed_p30_rep11_seed65.csv,terminal:T4,terminal,1,0.07771,0.05668672996480347,-0.02102327003519653,0.02102327003519653
MDS-SMACOF,30,11,65,MDS_SMACOF_completed_p30_rep11_seed65.csv,internal:T1|T2|T3|T4,internal,4,0.04682,0.022116162350466047,-0.024703837649533954,0.024703837649533954
MDS-SMACOF,30,11,65,MDS_SMACOF_completed_p30_rep11_seed65.csv,terminal:T5,terminal,1,0.12997,0.07648637004381297,-0.05348362995618704,0.05348362995618704
MDS-SMACOF,30,11,65,MDS_SMACOF_completed_p30_rep11_seed65.csv,internal:T1|T2|T3|T4|T5,internal,5,0.03057,0.022218461224901103,-0.008351538775098897,0.008351538775098897
MDS-SMACOF,30,11,65,MDS_SMACOF_completed_p30_rep11_seed65.csv,terminal:T6,terminal,1,0.14605,0.088984993679831,-0.05706500632016902,0.05706500632016902
MDS-SMACOF,30,11,65,MDS_SMACOF_completed_p30_rep11_seed65.csv,internal:T1|T2|T3|T4|T5|T6,internal,6,0.0721,0.01180121664358928,-0.060298783356410715,0.060298783356410715
MDS-SMACOF,30,11,65,MDS_SMACOF_completed_p30_rep11_seed65.csv,internal:T10|T7|T8|T9,internal,4,0.08603,0.007075664799410597,-0.07895433520058939,0.07895433520058939
MDS-SMACOF,30,11,65,MDS_SMACOF_completed_p30_rep11_seed65.csv,internal:T7|T8|T9,internal,3,0.05128,8.914178860745429e-05,-0.05119085821139255,0.05119085821139255
MDS-SMACOF,30,11,65,MDS_SMACOF_completed_p30_rep11_seed65.csv,internal:T7|T8,internal,2,0.02354,0.0,-0.02354,0.02354
MDS-SMACOF,30,11,65,MDS_SMACOF_completed_p30_rep11_seed65.csv,terminal:T7,terminal,1,0.11573,0.09248002590101632,-0.023249974098983675,0.023249974098983675
MDS-SMACOF,30,11,65,MDS_SMACOF_completed_p30_rep11_seed65.csv,terminal:T8,terminal,1,0.11535,0.11323222672083455,-0.002117773279165444,0.002117773279165444
MDS-SMACOF,30,11,65,MDS_SMACOF_completed_p30_rep11_seed65.csv,terminal:T9,terminal,1,0.12153,0.08964996707906396,-0.03188003292093604,0.03188003292093604
MDS-SMACOF,30,11,65,MDS_SMACOF_completed_p30_rep11_seed65.csv,terminal:T10,terminal,1,0.18189,0.09962012568071303,-0.08226987431928696,0.08226987431928696
MDS-SMACOF,30,11,65,MDS_SMACOF_completed_p30_rep11_seed65.csv,internal:T11|T12|T13|T14|T15,internal,5,0.11651,0.02608131839293524,-0.09042868160706477,0.09042868160706477
MDS-SMACOF,30,11,65,MDS_SMACOF_completed_p30_rep11_seed65.csv,internal:T11|T12,internal,2,0.22637,0.032699208989757894,-0.1936707910102421,0.1936707910102421
MDS-SMACOF,30,11,65,MDS_SMACOF_completed_p30_rep11_seed65.csv,terminal:T11,terminal,1,0.16094,0.08693248159314707,-0.07400751840685293,0.07400751840685293
MDS-SMACOF,30,11,65,MDS_SMACOF_completed_p30_rep11_seed65.csv,terminal:T12,terminal,1,0.14942,0.08605661905837825,-0.06336338094162175,0.06336338094162175
MDS-SMACOF,30,11,65,MDS_SMACOF_completed_p30_rep11_seed65.csv,internal:T13|T14|T15,internal,3,0.18561,0.001258274888723885,-0.18435172511127612,0.18435172511127612
MDS-SMACOF,30,11,65,MDS_SMACOF_completed_p30_rep11_seed65.csv,terminal:T13,terminal,1,0.32149,0.12563358742663547,-0.19585641257336453,0.19585641257336453
MDS-SMACOF,30,11,65,MDS_SMACOF_completed_p30_rep11_seed65.csv,internal:T14|T15,internal,2,0.07113,0.0030293948276063866,-0.06810060517239361,0.06810060517239361
MDS-SMACOF,30,11,65,MDS_SMACOF_completed_p30_rep11_seed65.csv,terminal:T14,terminal,1,0.34439,0.11570807961364114,-0.22868192038635882,0.22868192038635882
MDS-SMACOF,30,11,65,MDS_SMACOF_completed_p30_rep11_seed65.csv,terminal:T15,terminal,1,0.24256,0.12016371216850119,-0.1223962878314988,0.1223962878314988
MDS-SMACOF,30,12,66,MDS_SMACOF_completed_p30_rep12_seed66.csv,terminal:T1,terminal,1,0.05696,0.04778940991208386,-0.009170590087916139,0.009170590087916139
MDS-SMACOF,30,12,66,MDS_SMACOF_completed_p30_rep12_seed66.csv,internal:T2|T3,internal,2,0.03472,0.03150950641104118,-0.003210493588958821,0.003210493588958821
MDS-SMACOF,30,12,66,MDS_SMACOF_completed_p30_rep12_seed66.csv,terminal:T2,terminal,1,0.02433,0.021035993564035564,-0.003294006435964437,0.003294006435964437
MDS-SMACOF,30,12,66,MDS_SMACOF_completed_p30_rep12_seed66.csv,terminal:T3,terminal,1,0.02231,0.019996155336133577,-0.0023138446638664226,0.0023138446638664226
MDS-SMACOF,30,12,66,MDS_SMACOF_completed_p30_rep12_seed66.csv,internal:T1|T2|T3,internal,3,0.01863,0.03600533142385305,0.01737533142385305,0.01737533142385305
MDS-SMACOF,30,12,66,MDS_SMACOF_completed_p30_rep12_seed66.csv,terminal:T4,terminal,1,0.07771,0.0943480801389778,0.0166380801389778,0.0166380801389778
MDS-SMACOF,30,12,66,MDS_SMACOF_completed_p30_rep12_seed66.csv,internal:T1|T2|T3|T4,internal,4,0.04682,0.0,-0.04682,0.04682
MDS-SMACOF,30,12,66,MDS_SMACOF_completed_p30_rep12_seed66.csv,terminal:T5,terminal,1,0.12997,0.079416957856381,-0.050553042143619,0.050553042143619
MDS-SMACOF,30,12,66,MDS_SMACOF_completed_p30_rep12_seed66.csv,internal:T1|T2|T3|T4|T5,internal,5,0.03057,0.0,-0.03057,0.03057
MDS-SMACOF,30,12,66,MDS_SMACOF_completed_p30_rep12_seed66.csv,terminal:T6,terminal,1,0.14605,0.08841734224588765,-0.05763265775411236,0.05763265775411236
MDS-SMACOF,30,12,66,MDS_SMACOF_completed_p30_rep12_seed66.csv,internal:T1|T2|T3|T4|T5|T6,internal,6,0.0721,0.01731410819445502,-0.05478589180554498,0.05478589180554498
MDS-SMACOF,30,12,66,MDS_SMACOF_completed_p30_rep12_seed66.csv,internal:T10|T7|T8|T9,internal,4,0.08603,0.01650461271071983,-0.06952538728928016,0.06952538728928016
MDS-SMACOF,30,12,66,MDS_SMACOF_completed_p30_rep12_seed66.csv,internal:T7|T8|T9,internal,3,0.05128,0.015894267269735477,-0.03538573273026452,0.03538573273026452
MDS-SMACOF,30,12,66,MDS_SMACOF_completed_p30_rep12_seed66.csv,internal:T7|T8,internal,2,0.02354,0.006012991340541856,-0.017527008659458145,0.017527008659458145
MDS-SMACOF,30,12,66,MDS_SMACOF_completed_p30_rep12_seed66.csv,terminal:T7,terminal,1,0.11573,0.0725289716835816,-0.043201028316418394,0.043201028316418394
MDS-SMACOF,30,12,66,MDS_SMACOF_completed_p30_rep12_seed66.csv,terminal:T8,terminal,1,0.11535,0.07447272015174636,-0.040877279848253636,0.040877279848253636
MDS-SMACOF,30,12,66,MDS_SMACOF_completed_p30_rep12_seed66.csv,terminal:T9,terminal,1,0.12153,0.07449349742276537,-0.04703650257723463,0.04703650257723463
MDS-SMACOF,30,12,66,MDS_SMACOF_completed_p30_rep12_seed66.csv,terminal:T10,terminal,1,0.18189,0.09486505822156915,-0.08702494177843084,0.08702494177843084
MDS-SMACOF,30,12,66,MDS_SMACOF_completed_p30_rep12_seed66.csv,internal:T11|T12|T13|T14|T15,internal,5,0.11651,0.02002542038573664,-0.09648457961426336,0.09648457961426336
MDS-SMACOF,30,12,66,MDS_SMACOF_completed_p30_rep12_seed66.csv,internal:T11|T12,internal,2,0.22637,0.038470144566882754,-0.18789985543311724,0.18789985543311724
MDS-SMACOF,30,12,66,MDS_SMACOF_completed_p30_rep12_seed66.csv,terminal:T11,terminal,1,0.16094,0.08787425836567075,-0.07306574163432925,0.07306574163432925
MDS-SMACOF,30,12,66,MDS_SMACOF_completed_p30_rep12_seed66.csv,terminal:T12,terminal,1,0.14942,0.08511484228585446,-0.06430515771414554,0.06430515771414554
MDS-SMACOF,30,12,66,MDS_SMACOF_completed_p30_rep12_seed66.csv,internal:T13|T14|T15,internal,3,0.18561,0.01344416303346835,-0.17216583696653165,0.17216583696653165
MDS-SMACOF,30,12,66,MDS_SMACOF_completed_p30_rep12_seed66.csv,terminal:T13,terminal,1,0.32149,0.1220169310771386,-0.1994730689228614,0.1994730689228614
MDS-SMACOF,30,12,66,MDS_SMACOF_completed_p30_rep12_seed66.csv,internal:T14|T15,internal,2,0.07113,0.006646051177103249,-0.06448394882289675,0.06448394882289675
MDS-SMACOF,30,12,66,MDS_SMACOF_completed_p30_rep12_seed66.csv,terminal:T14,terminal,1,0.34439,0.12401148743685397,-0.220378512563146,0.220378512563146
MDS-SMACOF,30,12,66,MDS_SMACOF_completed_p30_rep12_seed66.csv,terminal:T15,terminal,1,0.24256,0.11186030434528844,-0.13069969565471157,0.13069969565471157
MDS-SMACOF,30,13,67,MDS_SMACOF_completed_p30_rep13_seed67.csv,terminal:T1,terminal,1,0.05696,0.08034464125320136,0.02338464125320136,0.02338464125320136
MDS-SMACOF,30,13,67,MDS_SMACOF_completed_p30_rep13_seed67.csv,internal:T2|T3,internal,2,0.03472,0.0,-0.03472,0.03472
MDS-SMACOF,30,13,67,MDS_SMACOF_completed_p30_rep13_seed67.csv,terminal:T2,terminal,1,0.02433,0.09799452647965537,0.07366452647965537,0.07366452647965537
MDS-SMACOF,30,13,67,MDS_SMACOF_completed_p30_rep13_seed67.csv,terminal:T3,terminal,1,0.02231,0.08620860942138343,0.06389860942138344,0.06389860942138344
MDS-SMACOF,30,13,67,MDS_SMACOF_completed_p30_rep13_seed67.csv,internal:T1|T2|T3,internal,3,0.01863,0.0055014216352029235,-0.013128578364797076,0.013128578364797076
MDS-SMACOF,30,13,67,MDS_SMACOF_completed_p30_rep13_seed67.csv,terminal:T4,terminal,1,0.07771,0.09757592975408358,0.019865929754083578,0.019865929754083578
MDS-SMACOF,30,13,67,MDS_SMACOF_completed_p30_rep13_seed67.csv,internal:T1|T2|T3|T4,internal,4,0.04682,0.0,-0.04682,0.04682
MDS-SMACOF,30,13,67,MDS_SMACOF_completed_p30_rep13_seed67.csv,terminal:T5,terminal,1,0.12997,0.0869883296361368,-0.0429816703638632,0.0429816703638632
MDS-SMACOF,30,13,67,MDS_SMACOF_completed_p30_rep13_seed67.csv,internal:T1|T2|T3|T4|T5,internal,5,0.03057,0.004641163762276604,-0.025928836237723397,0.025928836237723397
MDS-SMACOF,30,13,67,MDS_SMACOF_completed_p30_rep13_seed67.csv,terminal:T6,terminal,1,0.14605,0.10027743048890878,-0.04577256951109124,0.04577256951109124
MDS-SMACOF,30,13,67,MDS_SMACOF_completed_p30_rep13_seed67.csv,internal:T1|T2|T3|T4|T5|T6,internal,6,0.0721,0.010754406858960112,-0.061345593141039885,0.061345593141039885
MDS-SMACOF,30,13,67,MDS_SMACOF_completed_p30_rep13_seed67.csv,internal:T10|T7|T8|T9,internal,4,0.08603,0.011072889369082168,-0.07495711063091783,0.07495711063091783
MDS-SMACOF,30,13,67,MDS_SMACOF_completed_p30_rep13_seed67.csv,internal:T7|T8|T9,internal,3,0.05128,0.019162326406439684,-0.03211767359356031,0.03211767359356031
MDS-SMACOF,30,13,67,MDS_SMACOF_completed_p30_rep13_seed67.csv,internal:T7|T8,internal,2,0.02354,0.0011626221740184213,-0.02237737782598158,0.02237737782598158
MDS-SMACOF,30,13,67,MDS_SMACOF_completed_p30_rep13_seed67.csv,terminal:T7,terminal,1,0.11573,0.07074527126425888,-0.04498472873574112,0.04498472873574112
MDS-SMACOF,30,13,67,MDS_SMACOF_completed_p30_rep13_seed67.csv,terminal:T8,terminal,1,0.11535,0.07625642057106909,-0.03909357942893091,0.03909357942893091
MDS-SMACOF,30,13,67,MDS_SMACOF_completed_p30_rep13_seed67.csv,terminal:T9,terminal,1,0.12153,0.07934386658928878,-0.042186133410711216,0.042186133410711216
MDS-SMACOF,30,13,67,MDS_SMACOF_completed_p30_rep13_seed67.csv,terminal:T10,terminal,1,0.18189,0.0932137888070394,-0.0886762111929606,0.0886762111929606
MDS-SMACOF,30,13,67,MDS_SMACOF_completed_p30_rep13_seed67.csv,internal:T11|T12|T13|T14|T15,internal,5,0.11651,0.013706781518439709,-0.1028032184815603,0.1028032184815603
MDS-SMACOF,30,13,67,MDS_SMACOF_completed_p30_rep13_seed67.csv,internal:T11|T12,internal,2,0.22637,0.009631859322505109,-0.2167381406774949,0.2167381406774949
MDS-SMACOF,30,13,67,MDS_SMACOF_completed_p30_rep13_seed67.csv,terminal:T11,terminal,1,0.16094,0.12016363584759898,-0.04077636415240102,0.04077636415240102
MDS-SMACOF,30,13,67,MDS_SMACOF_completed_p30_rep13_seed67.csv,terminal:T12,terminal,1,0.14942,0.11784686793912601,-0.03157313206087399,0.03157313206087399
MDS-SMACOF,30,13,67,MDS_SMACOF_completed_p30_rep13_seed67.csv,internal:T13|T14|T15,internal,3,0.18561,0.01778904174448008,-0.1678209582555199,0.1678209582555199
MDS-SMACOF,30,13,67,MDS_SMACOF_completed_p30_rep13_seed67.csv,terminal:T13,terminal,1,0.32149,0.12045977974094356,-0.20103022025905642,0.20103022025905642
MDS-SMACOF,30,13,67,MDS_SMACOF_completed_p30_rep13_seed67.csv,internal:T14|T15,internal,2,0.07113,0.008203202513298227,-0.06292679748670177,0.06292679748670177
MDS-SMACOF,30,13,67,MDS_SMACOF_completed_p30_rep13_seed67.csv,terminal:T14,terminal,1,0.34439,0.11966989222371108,-0.2247201077762889,0.2247201077762889
MDS-SMACOF,30,13,67,MDS_SMACOF_completed_p30_rep13_seed67.csv,terminal:T15,terminal,1,0.24256,0.11620189955843135,-0.12635810044156864,0.12635810044156864
MDS-SMACOF,30,14,68,MDS_SMACOF_completed_p30_rep14_seed68.csv,terminal:T1,terminal,1,0.05696,0.039676407648263065,-0.01728359235173693,0.01728359235173693
MDS-SMACOF,30,14,68,MDS_SMACOF_completed_p30_rep14_seed68.csv,internal:T2|T3,internal,2,0.03472,0.025656822979160623,-0.009063177020839377,0.009063177020839377
MDS-SMACOF,30,14,68,MDS_SMACOF_completed_p30_rep14_seed68.csv,terminal:T2,terminal,1,0.02433,0.021122217202604605,-0.0032077827973953955,0.0032077827973953955
MDS-SMACOF,30,14,68,MDS_SMACOF_completed_p30_rep14_seed68.csv,terminal:T3,terminal,1,0.02231,0.01990993169756462,-0.0024000683024353806,0.0024000683024353806
MDS-SMACOF,30,14,68,MDS_SMACOF_completed_p30_rep14_seed68.csv,internal:T1|T2|T3,internal,3,0.01863,0.0280030243333794,0.009373024333379398,0.009373024333379398
MDS-SMACOF,30,14,68,MDS_SMACOF_completed_p30_rep14_seed68.csv,terminal:T4,terminal,1,0.07771,0.07117628712429322,-0.006533712875706782,0.006533712875706782
MDS-SMACOF,30,14,68,MDS_SMACOF_completed_p30_rep14_seed68.csv,internal:T1|T2|T3|T4,internal,4,0.04682,0.0112908149469853,-0.0355291850530147,0.0355291850530147
MDS-SMACOF,30,14,68,MDS_SMACOF_completed_p30_rep14_seed68.csv,terminal:T5,terminal,1,0.12997,0.08023077007469165,-0.049739229925308354,0.049739229925308354
MDS-SMACOF,30,14,68,MDS_SMACOF_completed_p30_rep14_seed68.csv,internal:T1|T2|T3|T4|T5,internal,5,0.03057,0.002200459727838017,-0.028369540272161983,0.028369540272161983
MDS-SMACOF,30,14,68,MDS_SMACOF_completed_p30_rep14_seed68.csv,terminal:T6,terminal,1,0.14605,0.08037683530431433,-0.06567316469568568,0.06567316469568568
MDS-SMACOF,30,14,68,MDS_SMACOF_completed_p30_rep14_seed68.csv,internal:T1|T2|T3|T4|T5|T6,internal,6,0.0721,0.0205035304603866,-0.0515964695396134,0.0515964695396134
MDS-SMACOF,30,14,68,MDS_SMACOF_completed_p30_rep14_seed68.csv,internal:T10|T7|T8|T9,internal,4,0.08603,0.01451873259894833,-0.07151126740105167,0.07151126740105167
MDS-SMACOF,30,14,68,MDS_SMACOF_completed_p30_rep14_seed68.csv,internal:T7|T8|T9,internal,3,0.05128,0.0008592132998396044,-0.0504207867001604,0.0504207867001604
MDS-SMACOF,30,14,68,MDS_SMACOF_completed_p30_rep14_seed68.csv,internal:T7|T8,internal,2,0.02354,0.022414172456755376,-0.0011258275432446223,0.0011258275432446223
MDS-SMACOF,30,14,68,MDS_SMACOF_completed_p30_rep14_seed68.csv,terminal:T7,terminal,1,0.11573,0.06874407756274399,-0.04698592243725601,0.04698592243725601
MDS-SMACOF,30,14,68,MDS_SMACOF_completed_p30_rep14_seed68.csv,terminal:T8,terminal,1,0.11535,0.07825761427258403,-0.037092385727415966,0.037092385727415966
MDS-SMACOF,30,14,68,MDS_SMACOF_completed_p30_rep14_seed68.csv,terminal:T9,terminal,1,0.12153,0.09351005432937706,-0.028019945670622937,0.028019945670622937
MDS-SMACOF,30,14,68,MDS_SMACOF_completed_p30_rep14_seed68.csv,terminal:T10,terminal,1,0.18189,0.09262713914511868,-0.08926286085488132,0.08926286085488132
MDS-SMACOF,30,14,68,MDS_SMACOF_completed_p30_rep14_seed68.csv,internal:T11|T12|T13|T14|T15,internal,5,0.11651,0.023111903018094782,-0.09339809698190522,0.09339809698190522
MDS-SMACOF,30,14,68,MDS_SMACOF_completed_p30_rep14_seed68.csv,internal:T11|T12,internal,2,0.22637,0.038382771110744826,-0.18798722888925518,0.18798722888925518
MDS-SMACOF,30,14,68,MDS_SMACOF_completed_p30_rep14_seed68.csv,terminal:T11,terminal,1,0.16094,0.09094743505873511,-0.06999256494126489,0.06999256494126489
MDS-SMACOF,30,14,68,MDS_SMACOF_completed_p30_rep14_seed68.csv,terminal:T12,terminal,1,0.14942,0.08204166559279025,-0.06737833440720975,0.06737833440720975
MDS-SMACOF,30,14,68,MDS_SMACOF_completed_p30_rep14_seed68.csv,internal:T13|T14|T15,internal,3,0.18561,0.01015301688445702,-0.17545698311554297,0.17545698311554297
MDS-SMACOF,30,14,68,MDS_SMACOF_completed_p30_rep14_seed68.csv,terminal:T13,terminal,1,0.32149,0.12878226248018965,-0.19270773751981035,0.19270773751981035
MDS-SMACOF,30,14,68,MDS_SMACOF_completed_p30_rep14_seed68.csv,internal:T14|T15,internal,2,0.07113,0.0,-0.07113,0.07113
MDS-SMACOF,30,14,68,MDS_SMACOF_completed_p30_rep14_seed68.csv,terminal:T14,terminal,1,0.34439,0.1214518701313892,-0.22293812986861078,0.22293812986861078
MDS-SMACOF,30,14,68,MDS_SMACOF_completed_p30_rep14_seed68.csv,terminal:T15,terminal,1,0.24256,0.11162150228889832,-0.13093849771110166,0.13093849771110166
MDS-SMACOF,30,15,69,MDS_SMACOF_completed_p30_rep15_seed69.csv,terminal:T1,terminal,1,0.05696,0.042410813415178085,-0.014549186584821912,0.014549186584821912
MDS-SMACOF,30,15,69,MDS_SMACOF_completed_p30_rep15_seed69.csv,internal:T2|T3,internal,2,0.03472,0.022922417212245597,-0.011797582787754404,0.011797582787754404
MDS-SMACOF,30,15,69,MDS_SMACOF_completed_p30_rep15_seed69.csv,terminal:T2,terminal,1,0.02433,0.019712744465674375,-0.004617255534325626,0.004617255534325626
MDS-SMACOF,30,15,69,MDS_SMACOF_completed_p30_rep15_seed69.csv,terminal:T3,terminal,1,0.02231,0.021319404434494756,-0.0009905955655052437,0.0009905955655052437
MDS-SMACOF,30,15,69,MDS_SMACOF_completed_p30_rep15_seed69.csv,internal:T1|T2|T3,internal,3,0.01863,0.012951239733078908,-0.005678760266921093,0.005678760266921093
MDS-SMACOF,30,15,69,MDS_SMACOF_completed_p30_rep15_seed69.csv,terminal:T4,terminal,1,0.07771,0.057876694824822675,-0.019833305175177326,0.019833305175177326
MDS-SMACOF,30,15,69,MDS_SMACOF_completed_p30_rep15_seed69.csv,internal:T1|T2|T3|T4,internal,4,0.04682,0.018788272231276482,-0.028031727768723518,0.028031727768723518
MDS-SMACOF,30,15,69,MDS_SMACOF_completed_p30_rep15_seed69.csv,terminal:T5,terminal,1,0.12997,0.07821559960848065,-0.05175440039151935,0.05175440039151935
MDS-SMACOF,30,15,69,MDS_SMACOF_completed_p30_rep15_seed69.csv,internal:T1|T2|T3|T4|T5,internal,5,0.03057,0.012514570637718037,-0.018055429362281963,0.018055429362281963
MDS-SMACOF,30,15,69,MDS_SMACOF_completed_p30_rep15_seed69.csv,terminal:T6,terminal,1,0.14605,0.09051959204742206,-0.05553040795257795,0.05553040795257795
MDS-SMACOF,30,15,69,MDS_SMACOF_completed_p30_rep15_seed69.csv,internal:T1|T2|T3|T4|T5|T6,internal,6,0.0721,0.0167924809251532,-0.055307519074846795,0.055307519074846795
MDS-SMACOF,30,15,69,MDS_SMACOF_completed_p30_rep15_seed69.csv,internal:T10|T7|T8|T9,internal,4,0.08603,0.010099079061798926,-0.07593092093820107,0.07593092093820107
MDS-SMACOF,30,15,69,MDS_SMACOF_completed_p30_rep15_seed69.csv,internal:T7|T8|T9,internal,3,0.05128,0.004598695439014528,-0.04668130456098547,0.04668130456098547
MDS-SMACOF,30,15,69,MDS_SMACOF_completed_p30_rep15_seed69.csv,internal:T7|T8,internal,2,0.02354,0.019017374691345637,-0.004522625308654361,0.004522625308654361
MDS-SMACOF,30,15,69,MDS_SMACOF_completed_p30_rep15_seed69.csv,terminal:T7,terminal,1,0.11573,0.0730421526402756,-0.042687847359724404,0.042687847359724404
MDS-SMACOF,30,15,69,MDS_SMACOF_completed_p30_rep15_seed69.csv,terminal:T8,terminal,1,0.11535,0.07395953919505233,-0.04139046080494767,0.04139046080494767
MDS-SMACOF,30,15,69,MDS_SMACOF_completed_p30_rep15_seed69.csv,terminal:T9,terminal,1,0.12153,0.09322975951570786,-0.02830024048429214,0.02830024048429214
MDS-SMACOF,30,15,69,MDS_SMACOF_completed_p30_rep15_seed69.csv,terminal:T10,terminal,1,0.18189,0.10281525348203645,-0.07907474651796355,0.07907474651796355
MDS-SMACOF,30,15,69,MDS_SMACOF_completed_p30_rep15_seed69.csv,internal:T11|T12|T13|T14|T15,internal,5,0.11651,0.017110789031553456,-0.09939921096844655,0.09939921096844655
MDS-SMACOF,30,15,69,MDS_SMACOF_completed_p30_rep15_seed69.csv,internal:T11|T12,internal,2,0.22637,0.012805167361003324,-0.21356483263899667,0.21356483263899667
MDS-SMACOF,30,15,69,MDS_SMACOF_completed_p30_rep15_seed69.csv,terminal:T11,terminal,1,0.16094,0.11565355152108302,-0.04528644847891698,0.04528644847891698
MDS-SMACOF,30,15,69,MDS_SMACOF_completed_p30_rep15_seed69.csv,terminal:T12,terminal,1,0.14942,0.1129722960890734,-0.036447703910926596,0.036447703910926596
MDS-SMACOF,30,15,69,MDS_SMACOF_completed_p30_rep15_seed69.csv,internal:T13|T14|T15,internal,3,0.18561,0.018410927743862004,-0.167199072256138,0.167199072256138
MDS-SMACOF,30,15,69,MDS_SMACOF_completed_p30_rep15_seed69.csv,terminal:T13,terminal,1,0.32149,0.12527916586040816,-0.19621083413959184,0.19621083413959184
MDS-SMACOF,30,15,69,MDS_SMACOF_completed_p30_rep15_seed69.csv,internal:T14|T15,internal,2,0.07113,0.0033838163938336814,-0.06774618360616631,0.06774618360616631
MDS-SMACOF,30,15,69,MDS_SMACOF_completed_p30_rep15_seed69.csv,terminal:T14,terminal,1,0.34439,0.12377716142282028,-0.2206128385771797,0.2206128385771797
MDS-SMACOF,30,15,69,MDS_SMACOF_completed_p30_rep15_seed69.csv,terminal:T15,terminal,1,0.24256,0.11209463035932216,-0.13046536964067784,0.13046536964067784
MDS-SMACOF,30,16,70,MDS_SMACOF_completed_p30_rep16_seed70.csv,terminal:T1,terminal,1,0.05696,0.048452554929798705,-0.008507445070201292,0.008507445070201292
MDS-SMACOF,30,16,70,MDS_SMACOF_completed_p30_rep16_seed70.csv,internal:T2|T3,internal,2,0.03472,0.0,-0.03472,0.03472
MDS-SMACOF,30,16,70,MDS_SMACOF_completed_p30_rep16_seed70.csv,terminal:T2,terminal,1,0.02433,0.05294412585837355,0.028614125858373547,0.028614125858373547
MDS-SMACOF,30,16,70,MDS_SMACOF_completed_p30_rep16_seed70.csv,terminal:T3,terminal,1,0.02231,0.05287689331369433,0.03056689331369433,0.03056689331369433
MDS-SMACOF,30,16,70,MDS_SMACOF_completed_p30_rep16_seed70.csv,internal:T1|T2|T3,internal,3,0.01863,0.0032471516755854944,-0.015382848324414507,0.015382848324414507
MDS-SMACOF,30,16,70,MDS_SMACOF_completed_p30_rep16_seed70.csv,terminal:T4,terminal,1,0.07771,0.057402856030011204,-0.020307143969988797,0.020307143969988797
MDS-SMACOF,30,16,70,MDS_SMACOF_completed_p30_rep16_seed70.csv,internal:T1|T2|T3|T4,internal,4,0.04682,0.012128889017355813,-0.034691110982644185,0.034691110982644185
MDS-SMACOF,30,16,70,MDS_SMACOF_completed_p30_rep16_seed70.csv,terminal:T5,terminal,1,0.12997,0.0819388837910659,-0.048031116208934105,0.048031116208934105
MDS-SMACOF,30,16,70,MDS_SMACOF_completed_p30_rep16_seed70.csv,internal:T1|T2|T3|T4|T5,internal,5,0.03057,0.0157098594103957,-0.0148601405896043,0.0148601405896043
MDS-SMACOF,30,16,70,MDS_SMACOF_completed_p30_rep16_seed70.csv,terminal:T6,terminal,1,0.14605,0.09210262116242894,-0.05394737883757107,0.05394737883757107
MDS-SMACOF,30,16,70,MDS_SMACOF_completed_p30_rep16_seed70.csv,internal:T1|T2|T3|T4|T5|T6,internal,6,0.0721,0.014911334597223842,-0.05718866540277616,0.05718866540277616
MDS-SMACOF,30,16,70,MDS_SMACOF_completed_p30_rep16_seed70.csv,internal:T10|T7|T8|T9,internal,4,0.08603,0.0032745691276950275,-0.08275543087230497,0.08275543087230497
MDS-SMACOF,30,16,70,MDS_SMACOF_completed_p30_rep16_seed70.csv,internal:T7|T8|T9,internal,3,0.05128,0.020478397952458264,-0.030801602047541735,0.030801602047541735
MDS-SMACOF,30,16,70,MDS_SMACOF_completed_p30_rep16_seed70.csv,internal:T7|T8,internal,2,0.02354,0.0,-0.02354,0.02354
MDS-SMACOF,30,16,70,MDS_SMACOF_completed_p30_rep16_seed70.csv,terminal:T7,terminal,1,0.11573,0.08721830557427841,-0.028511694425721587,0.028511694425721587
MDS-SMACOF,30,16,70,MDS_SMACOF_completed_p30_rep16_seed70.csv,terminal:T8,terminal,1,0.11535,0.09478351659668117,-0.02056648340331882,0.02056648340331882
MDS-SMACOF,30,16,70,MDS_SMACOF_completed_p30_rep16_seed70.csv,terminal:T9,terminal,1,0.12153,0.08417489908643147,-0.03735510091356853,0.03735510091356853
MDS-SMACOF,30,16,70,MDS_SMACOF_completed_p30_rep16_seed70.csv,terminal:T10,terminal,1,0.18189,0.10337703061089906,-0.07851296938910093,0.07851296938910093
MDS-SMACOF,30,16,70,MDS_SMACOF_completed_p30_rep16_seed70.csv,internal:T11|T12|T13|T14|T15,internal,5,0.11651,0.02188151140262978,-0.09462848859737022,0.09462848859737022
MDS-SMACOF,30,16,70,MDS_SMACOF_completed_p30_rep16_seed70.csv,internal:T11|T12,internal,2,0.22637,0.0027655283573563287,-0.22360447164264366,0.22360447164264366
MDS-SMACOF,30,16,70,MDS_SMACOF_completed_p30_rep16_seed70.csv,terminal:T11,terminal,1,0.16094,0.11854955107494543,-0.04239044892505457,0.04239044892505457
MDS-SMACOF,30,16,70,MDS_SMACOF_completed_p30_rep16_seed70.csv,terminal:T12,terminal,1,0.14942,0.11560823079259376,-0.033811769207406236,0.033811769207406236
MDS-SMACOF,30,16,70,MDS_SMACOF_completed_p30_rep16_seed70.csv,internal:T13|T14|T15,internal,3,0.18561,0.01968737470857093,-0.16592262529142907,0.16592262529142907
MDS-SMACOF,30,16,70,MDS_SMACOF_completed_p30_rep16_seed70.csv,terminal:T13,terminal,1,0.32149,0.11604167557323491,-0.20544832442676508,0.20544832442676508
MDS-SMACOF,30,16,70,MDS_SMACOF_completed_p30_rep16_seed70.csv,internal:T14|T15,internal,2,0.07113,0.007744397363525587,-0.06338560263647441,0.06338560263647441
MDS-SMACOF,30,16,70,MDS_SMACOF_completed_p30_rep16_seed70.csv,terminal:T14,terminal,1,0.34439,0.12520166257724571,-0.21918833742275426,0.21918833742275426
MDS-SMACOF,30,16,70,MDS_SMACOF_completed_p30_rep16_seed70.csv,terminal:T15,terminal,1,0.24256,0.11103872905388396,-0.13152127094611604,0.13152127094611604
MDS-SMACOF,30,17,71,MDS_SMACOF_completed_p30_rep17_seed71.csv,terminal:T1,terminal,1,0.05696,0.037408686389206074,-0.019551313610793923,0.019551313610793923
MDS-SMACOF,30,17,71,MDS_SMACOF_completed_p30_rep17_seed71.csv,internal:T2|T3,internal,2,0.03472,0.027924544238217643,-0.006795455761782358,0.006795455761782358
MDS-SMACOF,30,17,71,MDS_SMACOF_completed_p30_rep17_seed71.csv,terminal:T2,terminal,1,0.02433,0.021256297615603176,-0.0030737023843968245,0.0030737023843968245
MDS-SMACOF,30,17,71,MDS_SMACOF_completed_p30_rep17_seed71.csv,terminal:T3,terminal,1,0.02231,0.01977585128456602,-0.0025341487154339794,0.0025341487154339794
MDS-SMACOF,30,17,71,MDS_SMACOF_completed_p30_rep17_seed71.csv,internal:T1|T2|T3,internal,3,0.01863,0.027613329518194285,0.008983329518194284,0.008983329518194284
MDS-SMACOF,30,17,71,MDS_SMACOF_completed_p30_rep17_seed71.csv,terminal:T4,terminal,1,0.07771,0.0753034502665885,-0.002406549733411506,0.002406549733411506
MDS-SMACOF,30,17,71,MDS_SMACOF_completed_p30_rep17_seed71.csv,internal:T1|T2|T3|T4,internal,4,0.04682,0.0017608223662888903,-0.04505917763371111,0.04505917763371111
MDS-SMACOF,30,17,71,MDS_SMACOF_completed_p30_rep17_seed71.csv,terminal:T5,terminal,1,0.12997,0.07803744707246589,-0.05193255292753411,0.05193255292753411
MDS-SMACOF,30,17,71,MDS_SMACOF_completed_p30_rep17_seed71.csv,internal:T1|T2|T3|T4|T5,internal,5,0.03057,0.009510610185238038,-0.021059389814761964,0.021059389814761964
MDS-SMACOF,30,17,71,MDS_SMACOF_completed_p30_rep17_seed71.csv,terminal:T6,terminal,1,0.14605,0.08008418352075719,-0.06596581647924282,0.06596581647924282
MDS-SMACOF,30,17,71,MDS_SMACOF_completed_p30_rep17_seed71.csv,internal:T1|T2|T3|T4|T5|T6,internal,6,0.0721,0.018530178122440684,-0.053569821877559314,0.053569821877559314
MDS-SMACOF,30,17,71,MDS_SMACOF_completed_p30_rep17_seed71.csv,internal:T10|T7|T8|T9,internal,4,0.08603,0.009477311827484217,-0.07655268817251577,0.07655268817251577
MDS-SMACOF,30,17,71,MDS_SMACOF_completed_p30_rep17_seed71.csv,internal:T7|T8|T9,internal,3,0.05128,0.02559708044750213,-0.02568291955249787,0.02568291955249787
MDS-SMACOF,30,17,71,MDS_SMACOF_completed_p30_rep17_seed71.csv,internal:T7|T8,internal,2,0.02354,0.004393718784207727,-0.01914628121579227,0.01914628121579227
MDS-SMACOF,30,17,71,MDS_SMACOF_completed_p30_rep17_seed71.csv,terminal:T7,terminal,1,0.11573,0.07073471780699474,-0.04499528219300526,0.04499528219300526
MDS-SMACOF,30,17,71,MDS_SMACOF_completed_p30_rep17_seed71.csv,terminal:T8,terminal,1,0.11535,0.07626697402833321,-0.03908302597166678,0.03908302597166678
MDS-SMACOF,30,17,71,MDS_SMACOF_completed_p30_rep17_seed71.csv,terminal:T9,terminal,1,0.12153,0.0761127699790995,-0.04541723002090049,0.04541723002090049
MDS-SMACOF,30,17,71,MDS_SMACOF_completed_p30_rep17_seed71.csv,terminal:T10,terminal,1,0.18189,0.09543986410749689,-0.08645013589250311,0.08645013589250311
MDS-SMACOF,30,17,71,MDS_SMACOF_completed_p30_rep17_seed71.csv,internal:T11|T12|T13|T14|T15,internal,5,0.11651,0.02853474592758069,-0.08797525407241931,0.08797525407241931
MDS-SMACOF,30,17,71,MDS_SMACOF_completed_p30_rep17_seed71.csv,internal:T11|T12,internal,2,0.22637,0.031074248080399276,-0.19529575191960072,0.19529575191960072
MDS-SMACOF,30,17,71,MDS_SMACOF_completed_p30_rep17_seed71.csv,terminal:T11,terminal,1,0.16094,0.08840835440715472,-0.07253164559284528,0.07253164559284528
MDS-SMACOF,30,17,71,MDS_SMACOF_completed_p30_rep17_seed71.csv,terminal:T12,terminal,1,0.14942,0.08458074624437054,-0.06483925375562946,0.06483925375562946
MDS-SMACOF,30,17,71,MDS_SMACOF_completed_p30_rep17_seed71.csv,internal:T13|T14|T15,internal,3,0.18561,0.00653206831847286,-0.17907793168152714,0.17907793168152714
MDS-SMACOF,30,17,71,MDS_SMACOF_completed_p30_rep17_seed71.csv,terminal:T13,terminal,1,0.32149,0.11607277179239356,-0.20541722820760644,0.20541722820760644
MDS-SMACOF,30,17,71,MDS_SMACOF_completed_p30_rep17_seed71.csv,internal:T14|T15,internal,2,0.07113,0.009916169728758428,-0.06121383027124157,0.06121383027124157
MDS-SMACOF,30,17,71,MDS_SMACOF_completed_p30_rep17_seed71.csv,terminal:T14,terminal,1,0.34439,0.11542345737183164,-0.22896654262816835,0.22896654262816835
MDS-SMACOF,30,17,71,MDS_SMACOF_completed_p30_rep17_seed71.csv,terminal:T15,terminal,1,0.24256,0.12044833441031075,-0.12211166558968925,0.12211166558968925
MDS-SMACOF,30,18,72,MDS_SMACOF_completed_p30_rep18_seed72.csv,terminal:T1,terminal,1,0.05696,0.04672483350209159,-0.010235166497908406,0.010235166497908406
MDS-SMACOF,30,18,72,MDS_SMACOF_completed_p30_rep18_seed72.csv,internal:T2|T3,internal,2,0.03472,0.033349377809811315,-0.0013706221901886861,0.0013706221901886861
MDS-SMACOF,30,18,72,MDS_SMACOF_completed_p30_rep18_seed72.csv,terminal:T2,terminal,1,0.02433,0.02007189254329896,-0.004258107456701042,0.004258107456701042
MDS-SMACOF,30,18,72,MDS_SMACOF_completed_p30_rep18_seed72.csv,terminal:T3,terminal,1,0.02231,0.02096025635687024,-0.0013497436431297583,0.0013497436431297583
MDS-SMACOF,30,18,72,MDS_SMACOF_completed_p30_rep18_seed72.csv,internal:T1|T2|T3,internal,3,0.01863,9.592421610613796e-05,-0.018534075783893864,0.018534075783893864
MDS-SMACOF,30,18,72,MDS_SMACOF_completed_p30_rep18_seed72.csv,terminal:T4,terminal,1,0.07771,0.06258711799199701,-0.015122882008002991,0.015122882008002991
MDS-SMACOF,30,18,72,MDS_SMACOF_completed_p30_rep18_seed72.csv,internal:T1|T2|T3|T4,internal,4,0.04682,0.02382227862326855,-0.02299772137673145,0.02299772137673145
MDS-SMACOF,30,18,72,MDS_SMACOF_completed_p30_rep18_seed72.csv,terminal:T5,terminal,1,0.12997,0.08771611174060194,-0.04225388825939806,0.04225388825939806
MDS-SMACOF,30,18,72,MDS_SMACOF_completed_p30_rep18_seed72.csv,internal:T1|T2|T3|T4|T5,internal,5,0.03057,0.01084467139349689,-0.019725328606503112,0.019725328606503112
MDS-SMACOF,30,18,72,MDS_SMACOF_completed_p30_rep18_seed72.csv,terminal:T6,terminal,1,0.14605,0.08641654998645916,-0.059633450013540854,0.059633450013540854
MDS-SMACOF,30,18,72,MDS_SMACOF_completed_p30_rep18_seed72.csv,internal:T1|T2|T3|T4|T5|T6,internal,6,0.0721,0.013818287992216953,-0.058281712007783044,0.058281712007783044
MDS-SMACOF,30,18,72,MDS_SMACOF_completed_p30_rep18_seed72.csv,internal:T10|T7|T8|T9,internal,4,0.08603,0.012511824542453052,-0.07351817545754694,0.07351817545754694
MDS-SMACOF,30,18,72,MDS_SMACOF_completed_p30_rep18_seed72.csv,internal:T7|T8|T9,internal,3,0.05128,0.0072387009633520715,-0.04404129903664793,0.04404129903664793
MDS-SMACOF,30,18,72,MDS_SMACOF_completed_p30_rep18_seed72.csv,internal:T7|T8,internal,2,0.02354,0.0,-0.02354,0.02354
MDS-SMACOF,30,18,72,MDS_SMACOF_completed_p30_rep18_seed72.csv,terminal:T7,terminal,1,0.11573,0.0936493072713537,-0.022080692728646295,0.022080692728646295
MDS-SMACOF,30,18,72,MDS_SMACOF_completed_p30_rep18_seed72.csv,terminal:T8,terminal,1,0.11535,0.09385246892508343,-0.02149753107491656,0.02149753107491656
MDS-SMACOF,30,18,72,MDS_SMACOF_completed_p30_rep18_seed72.csv,terminal:T9,terminal,1,0.12153,0.07928744158747787,-0.04224255841252213,0.04224255841252213
MDS-SMACOF,30,18,72,MDS_SMACOF_completed_p30_rep18_seed72.csv,terminal:T10,terminal,1,0.18189,0.10507059132699016,-0.07681940867300983,0.07681940867300983
MDS-SMACOF,30,18,72,MDS_SMACOF_completed_p30_rep18_seed72.csv,internal:T11|T12|T13|T14|T15,internal,5,0.11651,0.02387905525888964,-0.09263094474111036,0.09263094474111036
MDS-SMACOF,30,18,72,MDS_SMACOF_completed_p30_rep18_seed72.csv,internal:T11|T12,internal,2,0.22637,0.036865535088216224,-0.18950446491178377,0.18950446491178377
MDS-SMACOF,30,18,72,MDS_SMACOF_completed_p30_rep18_seed72.csv,terminal:T11,terminal,1,0.16094,0.09108537354125301,-0.06985462645874699,0.06985462645874699
MDS-SMACOF,30,18,72,MDS_SMACOF_completed_p30_rep18_seed72.csv,terminal:T12,terminal,1,0.14942,0.08190372711027237,-0.06751627288972763,0.06751627288972763
MDS-SMACOF,30,18,72,MDS_SMACOF_completed_p30_rep18_seed72.csv,internal:T13|T14|T15,internal,3,0.18561,0.009183721346847591,-0.1764262786531524,0.1764262786531524
MDS-SMACOF,30,18,72,MDS_SMACOF_completed_p30_rep18_seed72.csv,terminal:T13,terminal,1,0.32149,0.13007321519697326,-0.19141678480302673,0.19141678480302673
MDS-SMACOF,30,18,72,MDS_SMACOF_completed_p30_rep18_seed72.csv,internal:T14|T15,internal,2,0.07113,0.0,-0.07113,0.07113
MDS-SMACOF,30,18,72,MDS_SMACOF_completed_p30_rep18_seed72.csv,terminal:T14,terminal,1,0.34439,0.12145636223041473,-0.22293363776958525,0.22293363776958525
MDS-SMACOF,30,18,72,MDS_SMACOF_completed_p30_rep18_seed72.csv,terminal:T15,terminal,1,0.24256,0.11300519660899633,-0.12955480339100367,0.12955480339100367
MDS-SMACOF,30,19,73,MDS_SMACOF_completed_p30_rep19_seed73.csv,terminal:T1,terminal,1,0.05696,0.048532444377817396,-0.0084275556221826,0.0084275556221826
MDS-SMACOF,30,19,73,MDS_SMACOF_completed_p30_rep19_seed73.csv,internal:T2|T3,internal,2,0.03472,0.0,-0.03472,0.03472
MDS-SMACOF,30,19,73,MDS_SMACOF_completed_p30_rep19_seed73.csv,terminal:T2,terminal,1,0.02433,0.06077459023872617,0.03644459023872616,0.03644459023872616
MDS-SMACOF,30,19,73,MDS_SMACOF_completed_p30_rep19_seed73.csv,terminal:T3,terminal,1,0.02231,0.05041589587274742,0.02810589587274742,0.02810589587274742
MDS-SMACOF,30,19,73,MDS_SMACOF_completed_p30_rep19_seed73.csv,internal:T1|T2|T3,internal,3,0.01863,0.005782007675326276,-0.012847992324673724,0.012847992324673724
MDS-SMACOF,30,19,73,MDS_SMACOF_completed_p30_rep19_seed73.csv,terminal:T4,terminal,1,0.07771,0.06701210795780396,-0.010697892042196039,0.010697892042196039
MDS-SMACOF,30,19,73,MDS_SMACOF_completed_p30_rep19_seed73.csv,internal:T1|T2|T3|T4,internal,4,0.04682,0.01650849715323076,-0.030311502846769242,0.030311502846769242
MDS-SMACOF,30,19,73,MDS_SMACOF_completed_p30_rep19_seed73.csv,terminal:T5,terminal,1,0.12997,0.09070461085706073,-0.03926538914293927,0.03926538914293927
MDS-SMACOF,30,19,73,MDS_SMACOF_completed_p30_rep19_seed73.csv,internal:T1|T2|T3|T4|T5,internal,5,0.03057,0.006581261340235566,-0.023988738659764433,0.023988738659764433
MDS-SMACOF,30,19,73,MDS_SMACOF_completed_p30_rep19_seed73.csv,terminal:T6,terminal,1,0.14605,0.08752513347406353,-0.058524866525936484,0.058524866525936484
MDS-SMACOF,30,19,73,MDS_SMACOF_completed_p30_rep19_seed73.csv,internal:T1|T2|T3|T4|T5|T6,internal,6,0.0721,0.017576339006447464,-0.054523660993552533,0.054523660993552533
MDS-SMACOF,30,19,73,MDS_SMACOF_completed_p30_rep19_seed73.csv,internal:T10|T7|T8|T9,internal,4,0.08603,0.008910030885697412,-0.07711996911430258,0.07711996911430258
MDS-SMACOF,30,19,73,MDS_SMACOF_completed_p30_rep19_seed73.csv,internal:T7|T8|T9,internal,3,0.05128,0.008252965338831271,-0.04302703466116873,0.04302703466116873
MDS-SMACOF,30,19,73,MDS_SMACOF_completed_p30_rep19_seed73.csv,internal:T7|T8,internal,2,0.02354,0.02139595164292326,-0.002144048357076739,0.002144048357076739
MDS-SMACOF,30,19,73,MDS_SMACOF_completed_p30_rep19_seed73.csv,terminal:T7,terminal,1,0.11573,0.06747342154903316,-0.04825657845096684,0.04825657845096684
MDS-SMACOF,30,19,73,MDS_SMACOF_completed_p30_rep19_seed73.csv,terminal:T8,terminal,1,0.11535,0.07952827028629489,-0.035821729713705106,0.035821729713705106
MDS-SMACOF,30,19,73,MDS_SMACOF_completed_p30_rep19_seed73.csv,terminal:T9,terminal,1,0.12153,0.09056887576287605,-0.030961124237123952,0.030961124237123952
MDS-SMACOF,30,19,73,MDS_SMACOF_completed_p30_rep19_seed73.csv,terminal:T10,terminal,1,0.18189,0.09830860345614065,-0.08358139654385935,0.08358139654385935
MDS-SMACOF,30,19,73,MDS_SMACOF_completed_p30_rep19_seed73.csv,internal:T11|T12|T13|T14|T15,internal,5,0.11651,0.01805256473517475,-0.09845743526482525,0.09845743526482525
MDS-SMACOF,30,19,73,MDS_SMACOF_completed_p30_rep19_seed73.csv,internal:T11|T12,internal,2,0.22637,0.04188956859122416,-0.18448043140877582,0.18448043140877582
MDS-SMACOF,30,19,73,MDS_SMACOF_completed_p30_rep19_seed73.csv,terminal:T11,terminal,1,0.16094,0.08447323140376109,-0.07646676859623891,0.07646676859623891
MDS-SMACOF,30,19,73,MDS_SMACOF_completed_p30_rep19_seed73.csv,terminal:T12,terminal,1,0.14942,0.08851586924776422,-0.060904130752235774,0.060904130752235774
MDS-SMACOF,30,19,73,MDS_SMACOF_completed_p30_rep19_seed73.csv,internal:T13|T14|T15,internal,3,0.18561,0.01725059280288565,-0.16835940719711434,0.16835940719711434
MDS-SMACOF,30,19,73,MDS_SMACOF_completed_p30_rep19_seed73.csv,terminal:T13,terminal,1,0.32149,0.12379830477983399,-0.197691695220166,0.197691695220166
MDS-SMACOF,30,19,73,MDS_SMACOF_completed_p30_rep19_seed73.csv,internal:T14|T15,internal,2,0.07113,0.00486467747440779,-0.06626532252559221,0.06626532252559221
MDS-SMACOF,30,19,73,MDS_SMACOF_completed_p30_rep19_seed73.csv,terminal:T14,terminal,1,0.34439,0.11705724630563061,-0.22733275369436937,0.22733275369436937
MDS-SMACOF,30,19,73,MDS_SMACOF_completed_p30_rep19_seed73.csv,terminal:T15,terminal,1,0.24256,0.11881454547651185,-0.12374545452348815,0.12374545452348815
MDS-SMACOF,30,20,74,MDS_SMACOF_completed_p30_rep20_seed74.csv,terminal:T1,terminal,1,0.05696,0.0397125727015072,-0.017247427298492796,0.017247427298492796
MDS-SMACOF,30,20,74,MDS_SMACOF_completed_p30_rep20_seed74.csv,internal:T2|T3,internal,2,0.03472,0.025620657925916532,-0.009099342074083468,0.009099342074083468
MDS-SMACOF,30,20,74,MDS_SMACOF_completed_p30_rep20_seed74.csv,terminal:T2,terminal,1,0.02433,0.022159783669667858,-0.0021702163303321427,0.0021702163303321427
MDS-SMACOF,30,20,74,MDS_SMACOF_completed_p30_rep20_seed74.csv,terminal:T3,terminal,1,0.02231,0.018872365230501415,-0.003437634769498585,0.003437634769498585
MDS-SMACOF,30,20,74,MDS_SMACOF_completed_p30_rep20_seed74.csv,internal:T1|T2|T3,internal,3,0.01863,0.013687219966597792,-0.004942780033402209,0.004942780033402209
MDS-SMACOF,30,20,74,MDS_SMACOF_completed_p30_rep20_seed74.csv,terminal:T4,terminal,1,0.07771,0.04786820313050315,-0.029841796869496853,0.029841796869496853
MDS-SMACOF,30,20,74,MDS_SMACOF_completed_p30_rep20_seed74.csv,internal:T1|T2|T3|T4,internal,4,0.04682,0.03461214466354817,-0.012207855336451828,0.012207855336451828
MDS-SMACOF,30,20,74,MDS_SMACOF_completed_p30_rep20_seed74.csv,terminal:T5,terminal,1,0.12997,0.10230631510021501,-0.02766368489978499,0.02766368489978499
MDS-SMACOF,30,20,74,MDS_SMACOF_completed_p30_rep20_seed74.csv,internal:T1|T2|T3|T4|T5,internal,5,0.03057,0.0,-0.03057,0.03057
MDS-SMACOF,30,20,74,MDS_SMACOF_completed_p30_rep20_seed74.csv,terminal:T6,terminal,1,0.14605,0.09315707608380817,-0.05289292391619184,0.05289292391619184
MDS-SMACOF,30,20,74,MDS_SMACOF_completed_p30_rep20_seed74.csv,internal:T1|T2|T3|T4|T5|T6,internal,6,0.0721,0.015370761633786876,-0.056729238366213124,0.056729238366213124
MDS-SMACOF,30,20,74,MDS_SMACOF_completed_p30_rep20_seed74.csv,internal:T10|T7|T8|T9,internal,4,0.08603,0.0076838082630826575,-0.07834619173691734,0.07834619173691734
MDS-SMACOF,30,20,74,MDS_SMACOF_completed_p30_rep20_seed74.csv,internal:T7|T8|T9,internal,3,0.05128,0.019478745792271844,-0.031801254207728155,0.031801254207728155
MDS-SMACOF,30,20,74,MDS_SMACOF_completed_p30_rep20_seed74.csv,internal:T7|T8,internal,2,0.02354,0.006056510792346406,-0.017483489207653594,0.017483489207653594
MDS-SMACOF,30,20,74,MDS_SMACOF_completed_p30_rep20_seed74.csv,terminal:T7,terminal,1,0.11573,0.07078069466208135,-0.044949305337918646,0.044949305337918646
MDS-SMACOF,30,20,74,MDS_SMACOF_completed_p30_rep20_seed74.csv,terminal:T8,terminal,1,0.11535,0.0762209971732466,-0.0391290028267534,0.0391290028267534
MDS-SMACOF,30,20,74,MDS_SMACOF_completed_p30_rep20_seed74.csv,terminal:T9,terminal,1,0.12153,0.0744499779709609,-0.047080022029039104,0.047080022029039104
MDS-SMACOF,30,20,74,MDS_SMACOF_completed_p30_rep20_seed74.csv,terminal:T10,terminal,1,0.18189,0.10317811095501529,-0.0787118890449847,0.0787118890449847
MDS-SMACOF,30,20,74,MDS_SMACOF_completed_p30_rep20_seed74.csv,internal:T11|T12|T13|T14|T15,internal,5,0.11651,0.0087660066544454,-0.1077439933455546,0.1077439933455546
MDS-SMACOF,30,20,74,MDS_SMACOF_completed_p30_rep20_seed74.csv,internal:T11|T12,internal,2,0.22637,0.04226118865984756,-0.18410881134015245,0.18410881134015245
MDS-SMACOF,30,20,74,MDS_SMACOF_completed_p30_rep20_seed74.csv,terminal:T11,terminal,1,0.16094,0.0871146162631464,-0.0738253837368536,0.0738253837368536
MDS-SMACOF,30,20,74,MDS_SMACOF_completed_p30_rep20_seed74.csv,terminal:T12,terminal,1,0.14942,0.0858744843883789,-0.0635455156116211,0.0635455156116211
MDS-SMACOF,30,20,74,MDS_SMACOF_completed_p30_rep20_seed74.csv,internal:T13|T14|T15,internal,3,0.18561,0.030760222857930012,-0.15484977714207,0.15484977714207
MDS-SMACOF,30,20,74,MDS_SMACOF_completed_p30_rep20_seed74.csv,terminal:T13,terminal,1,0.32149,0.12110744031949719,-0.2003825596805028,0.2003825596805028
MDS-SMACOF,30,20,74,MDS_SMACOF_completed_p30_rep20_seed74.csv,internal:T14|T15,internal,2,0.07113,0.0021280265502286603,-0.06900197344977134,0.06900197344977134
MDS-SMACOF,30,20,74,MDS_SMACOF_completed_p30_rep20_seed74.csv,terminal:T14,terminal,1,0.34439,0.10911078097348734,-0.23527921902651264,0.23527921902651264
MDS-SMACOF,30,20,74,MDS_SMACOF_completed_p30_rep20_seed74.csv,terminal:T15,terminal,1,0.24256,0.11587380997239805,-0.12668619002760195,0.12668619002760195
MDS-SMACOF,30,21,75,MDS_SMACOF_completed_p30_rep21_seed75.csv,terminal:T1,terminal,1,0.05696,0.049848662450050846,-0.007111337549949151,0.007111337549949151
MDS-SMACOF,30,21,75,MDS_SMACOF_completed_p30_rep21_seed75.csv,internal:T2|T3,internal,2,0.03472,0.0,-0.03472,0.03472
MDS-SMACOF,30,21,75,MDS_SMACOF_completed_p30_rep21_seed75.csv,terminal:T2,terminal,1,0.02433,0.058329704215465884,0.03399970421546589,0.03399970421546589
MDS-SMACOF,30,21,75,MDS_SMACOF_completed_p30_rep21_seed75.csv,terminal:T3,terminal,1,0.02231,0.05103492092849794,0.028724920928497943,0.028724920928497943
MDS-SMACOF,30,21,75,MDS_SMACOF_completed_p30_rep21_seed75.csv,internal:T1|T2|T3,internal,3,0.01863,0.0007664812115209571,-0.017863518788479044,0.017863518788479044
MDS-SMACOF,30,21,75,MDS_SMACOF_completed_p30_rep21_seed75.csv,terminal:T4,terminal,1,0.07771,0.051713191838744885,-0.025996808161255117,0.025996808161255117
MDS-SMACOF,30,21,75,MDS_SMACOF_completed_p30_rep21_seed75.csv,internal:T1|T2|T3|T4,internal,4,0.04682,0.027685664968360068,-0.019134335031639933,0.019134335031639933
MDS-SMACOF,30,21,75,MDS_SMACOF_completed_p30_rep21_seed75.csv,terminal:T5,terminal,1,0.12997,0.08826246226264371,-0.04170753773735629,0.04170753773735629
MDS-SMACOF,30,21,75,MDS_SMACOF_completed_p30_rep21_seed75.csv,internal:T1|T2|T3|T4|T5,internal,5,0.03057,0.0,-0.03057,0.03057
MDS-SMACOF,30,21,75,MDS_SMACOF_completed_p30_rep21_seed75.csv,terminal:T6,terminal,1,0.14605,0.08806584141155807,-0.05798415858844194,0.05798415858844194
MDS-SMACOF,30,21,75,MDS_SMACOF_completed_p30_rep21_seed75.csv,internal:T1|T2|T3|T4|T5|T6,internal,6,0.0721,0.022898167173456364,-0.04920183282654363,0.04920183282654363
MDS-SMACOF,30,21,75,MDS_SMACOF_completed_p30_rep21_seed75.csv,internal:T10|T7|T8|T9,internal,4,0.08603,0.011335677874634811,-0.07469432212536518,0.07469432212536518
MDS-SMACOF,30,21,75,MDS_SMACOF_completed_p30_rep21_seed75.csv,internal:T7|T8|T9,internal,3,0.05128,0.019841691151572687,-0.03143830884842731,0.03143830884842731
MDS-SMACOF,30,21,75,MDS_SMACOF_completed_p30_rep21_seed75.csv,internal:T7|T8,internal,2,0.02354,0.0015041186655496452,-0.022035881334450353,0.022035881334450353
MDS-SMACOF,30,21,75,MDS_SMACOF_completed_p30_rep21_seed75.csv,terminal:T7,terminal,1,0.11573,0.07145152676068732,-0.04427847323931268,0.04427847323931268
MDS-SMACOF,30,21,75,MDS_SMACOF_completed_p30_rep21_seed75.csv,terminal:T8,terminal,1,0.11535,0.07555016507464062,-0.03979983492535938,0.03979983492535938
MDS-SMACOF,30,21,75,MDS_SMACOF_completed_p30_rep21_seed75.csv,terminal:T9,terminal,1,0.12153,0.07900237009775765,-0.04252762990224235,0.04252762990224235
MDS-SMACOF,30,21,75,MDS_SMACOF_completed_p30_rep21_seed75.csv,terminal:T10,terminal,1,0.18189,0.09242059189806265,-0.08946940810193735,0.08946940810193735
MDS-SMACOF,30,21,75,MDS_SMACOF_completed_p30_rep21_seed75.csv,internal:T11|T12|T13|T14|T15,internal,5,0.11651,0.01813281928893846,-0.09837718071106154,0.09837718071106154
MDS-SMACOF,30,21,75,MDS_SMACOF_completed_p30_rep21_seed75.csv,internal:T11|T12,internal,2,0.22637,0.03528500509492063,-0.19108499490507935,0.19108499490507935
MDS-SMACOF,30,21,75,MDS_SMACOF_completed_p30_rep21_seed75.csv,terminal:T11,terminal,1,0.16094,0.08263656872994603,-0.07830343127005397,0.07830343127005397
MDS-SMACOF,30,21,75,MDS_SMACOF_completed_p30_rep21_seed75.csv,terminal:T12,terminal,1,0.14942,0.09035253192157924,-0.059067468078420754,0.059067468078420754
MDS-SMACOF,30,21,75,MDS_SMACOF_completed_p30_rep21_seed75.csv,internal:T13|T14|T15,internal,3,0.18561,0.013177087340606406,-0.1724329126593936,0.1724329126593936
MDS-SMACOF,30,21,75,MDS_SMACOF_completed_p30_rep21_seed75.csv,terminal:T13,terminal,1,0.32149,0.11999680819251755,-0.20149319180748243,0.20149319180748243
MDS-SMACOF,30,21,75,MDS_SMACOF_completed_p30_rep21_seed75.csv,internal:T14|T15,internal,2,0.07113,0.015154152612058902,-0.0559758473879411,0.0559758473879411
MDS-SMACOF,30,21,75,MDS_SMACOF_completed_p30_rep21_seed75.csv,terminal:T14,terminal,1,0.34439,0.11385910942598128,-0.2305308905740187,0.2305308905740187
MDS-SMACOF,30,21,75,MDS_SMACOF_completed_p30_rep21_seed75.csv,terminal:T15,terminal,1,0.24256,0.10903672525549195,-0.13352327474450804,0.13352327474450804
MDS-SMACOF,30,22,76,MDS_SMACOF_completed_p30_rep22_seed76.csv,terminal:T1,terminal,1,0.05696,0.04356704878571048,-0.013392951214289517,0.013392951214289517
MDS-SMACOF,30,22,76,MDS_SMACOF_completed_p30_rep22_seed76.csv,internal:T2|T3,internal,2,0.03472,0.02176618184171346,-0.012953818158286542,0.012953818158286542
MDS-SMACOF,30,22,76,MDS_SMACOF_completed_p30_rep22_seed76.csv,terminal:T2,terminal,1,0.02433,0.02177303534395262,-0.0025569646560473815,0.0025569646560473815
MDS-SMACOF,30,22,76,MDS_SMACOF_completed_p30_rep22_seed76.csv,terminal:T3,terminal,1,0.02231,0.01925911355621652,-0.0030508864437834814,0.0030508864437834814
MDS-SMACOF,30,22,76,MDS_SMACOF_completed_p30_rep22_seed76.csv,internal:T1|T2|T3,internal,3,0.01863,0.013559331902746302,-0.0050706680972536985,0.0050706680972536985
MDS-SMACOF,30,22,76,MDS_SMACOF_completed_p30_rep22_seed76.csv,terminal:T4,terminal,1,0.07771,0.056504095513628394,-0.021205904486371607,0.021205904486371607
MDS-SMACOF,30,22,76,MDS_SMACOF_completed_p30_rep22_seed76.csv,internal:T1|T2|T3|T4,internal,4,0.04682,0.023307920432129047,-0.023512079567870953,0.023512079567870953
MDS-SMACOF,30,22,76,MDS_SMACOF_completed_p30_rep22_seed76.csv,terminal:T5,terminal,1,0.12997,0.08204296391925912,-0.04792703608074088,0.04792703608074088
MDS-SMACOF,30,22,76,MDS_SMACOF_completed_p30_rep22_seed76.csv,internal:T1|T2|T3|T4|T5,internal,5,0.03057,0.010797398983681462,-0.019772601016318538,0.019772601016318538
MDS-SMACOF,30,22,76,MDS_SMACOF_completed_p30_rep22_seed76.csv,terminal:T6,terminal,1,0.14605,0.08993220319824469,-0.056117796801755326,0.056117796801755326
MDS-SMACOF,30,22,76,MDS_SMACOF_completed_p30_rep22_seed76.csv,internal:T1|T2|T3|T4|T5|T6,internal,6,0.0721,0.01802425185166338,-0.054075748148336614,0.054075748148336614
MDS-SMACOF,30,22,76,MDS_SMACOF_completed_p30_rep22_seed76.csv,internal:T10|T7|T8|T9,internal,4,0.08603,0.012538426210595897,-0.0734915737894041,0.0734915737894041
MDS-SMACOF,30,22,76,MDS_SMACOF_completed_p30_rep22_seed76.csv,internal:T7|T8|T9,internal,3,0.05128,0.013032336048647345,-0.03824766395135265,0.03824766395135265
MDS-SMACOF,30,22,76,MDS_SMACOF_completed_p30_rep22_seed76.csv,internal:T7|T8,internal,2,0.02354,0.009604088731681087,-0.013935911268318911,0.013935911268318911
MDS-SMACOF,30,22,76,MDS_SMACOF_completed_p30_rep22_seed76.csv,terminal:T7,terminal,1,0.11573,0.0707853244782483,-0.0449446755217517,0.0449446755217517
MDS-SMACOF,30,22,76,MDS_SMACOF_completed_p30_rep22_seed76.csv,terminal:T8,terminal,1,0.11535,0.07621636735707961,-0.039133632642920385,0.039133632642920385
MDS-SMACOF,30,22,76,MDS_SMACOF_completed_p30_rep22_seed76.csv,terminal:T9,terminal,1,0.12153,0.07090240003162616,-0.050627599968373835,0.050627599968373835
MDS-SMACOF,30,22,76,MDS_SMACOF_completed_p30_rep22_seed76.csv,terminal:T10,terminal,1,0.18189,0.09652995697894416,-0.08536004302105583,0.08536004302105583
MDS-SMACOF,30,22,76,MDS_SMACOF_completed_p30_rep22_seed76.csv,internal:T11|T12|T13|T14|T15,internal,5,0.11651,0.01135945918670519,-0.10515054081329481,0.10515054081329481
MDS-SMACOF,30,22,76,MDS_SMACOF_completed_p30_rep22_seed76.csv,internal:T11|T12,internal,2,0.22637,0.038768899775606776,-0.18760110022439322,0.18760110022439322
MDS-SMACOF,30,22,76,MDS_SMACOF_completed_p30_rep22_seed76.csv,terminal:T11,terminal,1,0.16094,0.08493168807641609,-0.07600831192358391,0.07600831192358391
MDS-SMACOF,30,22,76,MDS_SMACOF_completed_p30_rep22_seed76.csv,terminal:T12,terminal,1,0.14942,0.08805741257510927,-0.06136258742489073,0.06136258742489073
MDS-SMACOF,30,22,76,MDS_SMACOF_completed_p30_rep22_seed76.csv,internal:T13|T14|T15,internal,3,0.18561,0.018221747672209843,-0.16738825232779014,0.16738825232779014
MDS-SMACOF,30,22,76,MDS_SMACOF_completed_p30_rep22_seed76.csv,terminal:T13,terminal,1,0.32149,0.11756623771979642,-0.2039237622802036,0.2039237622802036
MDS-SMACOF,30,22,76,MDS_SMACOF_completed_p30_rep22_seed76.csv,internal:T14|T15,internal,2,0.07113,0.01521701675013402,-0.055912983249865975,0.055912983249865975
MDS-SMACOF,30,22,76,MDS_SMACOF_completed_p30_rep22_seed76.csv,terminal:T14,terminal,1,0.34439,0.11385371499973031,-0.23053628500026968,0.23053628500026968
MDS-SMACOF,30,22,76,MDS_SMACOF_completed_p30_rep22_seed76.csv,terminal:T15,terminal,1,0.24256,0.11377753235103484,-0.12878246764896517,0.12878246764896517
MDS-SMACOF,30,23,77,MDS_SMACOF_completed_p30_rep23_seed77.csv,terminal:T1,terminal,1,0.05696,0.04101900536853419,-0.01594099463146581,0.01594099463146581
MDS-SMACOF,30,23,77,MDS_SMACOF_completed_p30_rep23_seed77.csv,internal:T2|T3,internal,2,0.03472,0.024314225258889564,-0.010405774741110436,0.010405774741110436
MDS-SMACOF,30,23,77,MDS_SMACOF_completed_p30_rep23_seed77.csv,terminal:T2,terminal,1,0.02433,0.01796301767658714,-0.006366982323412863,0.006366982323412863
MDS-SMACOF,30,23,77,MDS_SMACOF_completed_p30_rep23_seed77.csv,terminal:T3,terminal,1,0.02231,0.023069131223582028,0.0007591312235820276,0.0007591312235820276
MDS-SMACOF,30,23,77,MDS_SMACOF_completed_p30_rep23_seed77.csv,internal:T1|T2|T3,internal,3,0.01863,0.011488852119003712,-0.0071411478809962885,0.0071411478809962885
MDS-SMACOF,30,23,77,MDS_SMACOF_completed_p30_rep23_seed77.csv,terminal:T4,terminal,1,0.07771,0.059776004655246594,-0.017933995344753408,0.017933995344753408
MDS-SMACOF,30,23,77,MDS_SMACOF_completed_p30_rep23_seed77.csv,internal:T1|T2|T3|T4,internal,4,0.04682,0.020231416753849426,-0.026588583246150575,0.026588583246150575
MDS-SMACOF,30,23,77,MDS_SMACOF_completed_p30_rep23_seed77.csv,terminal:T5,terminal,1,0.12997,0.07775998963482088,-0.052210010365179124,0.052210010365179124
MDS-SMACOF,30,23,77,MDS_SMACOF_completed_p30_rep23_seed77.csv,internal:T1|T2|T3|T4|T5,internal,5,0.03057,0.007219037497578438,-0.023350962502421562,0.023350962502421562
MDS-SMACOF,30,23,77,MDS_SMACOF_completed_p30_rep23_seed77.csv,terminal:T6,terminal,1,0.14605,0.08943021162925373,-0.056619788370746285,0.056619788370746285
MDS-SMACOF,30,23,77,MDS_SMACOF_completed_p30_rep23_seed77.csv,internal:T1|T2|T3|T4|T5|T6,internal,6,0.0721,0.02465682690774571,-0.047443173092254286,0.047443173092254286
MDS-SMACOF,30,23,77,MDS_SMACOF_completed_p30_rep23_seed77.csv,internal:T10|T7|T8|T9,internal,4,0.08603,0.0,-0.08603,0.08603
MDS-SMACOF,30,23,77,MDS_SMACOF_completed_p30_rep23_seed77.csv,internal:T7|T8|T9,internal,3,0.05128,0.023619185238422317,-0.02766081476157768,0.02766081476157768
MDS-SMACOF,30,23,77,MDS_SMACOF_completed_p30_rep23_seed77.csv,internal:T7|T8,internal,2,0.02354,0.007572389906912514,-0.015967610093087482,0.015967610093087482
MDS-SMACOF,30,23,77,MDS_SMACOF_completed_p30_rep23_seed77.csv,terminal:T7,terminal,1,0.11573,0.07346879549467858,-0.04226120450532142,0.04226120450532142
MDS-SMACOF,30,23,77,MDS_SMACOF_completed_p30_rep23_seed77.csv,terminal:T8,terminal,1,0.11535,0.07353289634064936,-0.04181710365935064,0.04181710365935064
MDS-SMACOF,30,23,77,MDS_SMACOF_completed_p30_rep23_seed77.csv,terminal:T9,terminal,1,0.12153,0.07293409885639474,-0.048595901143605263,0.048595901143605263
MDS-SMACOF,30,23,77,MDS_SMACOF_completed_p30_rep23_seed77.csv,terminal:T10,terminal,1,0.18189,0.10776314740345971,-0.07412685259654028,0.07412685259654028
MDS-SMACOF,30,23,77,MDS_SMACOF_completed_p30_rep23_seed77.csv,internal:T11|T12|T13|T14|T15,internal,5,0.11651,0.018239178579660738,-0.09827082142033927,0.09827082142033927
MDS-SMACOF,30,23,77,MDS_SMACOF_completed_p30_rep23_seed77.csv,internal:T11|T12,internal,2,0.22637,0.035267588556427136,-0.19110241144357284,0.19110241144357284
MDS-SMACOF,30,23,77,MDS_SMACOF_completed_p30_rep23_seed77.csv,terminal:T11,terminal,1,0.16094,0.0870026008509018,-0.07393739914909819,0.07393739914909819
MDS-SMACOF,30,23,77,MDS_SMACOF_completed_p30_rep23_seed77.csv,terminal:T12,terminal,1,0.14942,0.08598649980062353,-0.06343350019937646,0.06343350019937646
MDS-SMACOF,30,23,77,MDS_SMACOF_completed_p30_rep23_seed77.csv,internal:T13|T14|T15,internal,3,0.18561,0.012122313576607929,-0.17348768642339207,0.17348768642339207
MDS-SMACOF,30,23,77,MDS_SMACOF_completed_p30_rep23_seed77.csv,terminal:T13,terminal,1,0.32149,0.12078545646187928,-0.20070454353812073,0.20070454353812073
MDS-SMACOF,30,23,77,MDS_SMACOF_completed_p30_rep23_seed77.csv,internal:T14|T15,internal,2,0.07113,0.01503875841682683,-0.05609124158317317,0.05609124158317317
MDS-SMACOF,30,23,77,MDS_SMACOF_completed_p30_rep23_seed77.csv,terminal:T14,terminal,1,0.34439,0.11457589271384054,-0.22981410728615942,0.22981410728615942
MDS-SMACOF,30,23,77,MDS_SMACOF_completed_p30_rep23_seed77.csv,terminal:T15,terminal,1,0.24256,0.10964675244754139,-0.1329132475524586,0.1329132475524586
MDS-SMACOF,30,24,78,MDS_SMACOF_completed_p30_rep24_seed78.csv,terminal:T1,terminal,1,0.05696,0.07264975500523103,0.015689755005231037,0.015689755005231037
MDS-SMACOF,30,24,78,MDS_SMACOF_completed_p30_rep24_seed78.csv,internal:T2|T3,internal,2,0.03472,0.0,-0.03472,0.03472
MDS-SMACOF,30,24,78,MDS_SMACOF_completed_p30_rep24_seed78.csv,terminal:T2,terminal,1,0.02433,0.08392949569706863,0.05959949569706863,0.05959949569706863
MDS-SMACOF,30,24,78,MDS_SMACOF_completed_p30_rep24_seed78.csv,terminal:T3,terminal,1,0.02231,0.09198634662034737,0.06967634662034737,0.06967634662034737
MDS-SMACOF,30,24,78,MDS_SMACOF_completed_p30_rep24_seed78.csv,internal:T1|T2|T3,internal,3,0.01863,0.0,-0.01863,0.01863
MDS-SMACOF,30,24,78,MDS_SMACOF_completed_p30_rep24_seed78.csv,terminal:T4,terminal,1,0.07771,0.08823104188936141,0.010521041889361413,0.010521041889361413
MDS-SMACOF,30,24,78,MDS_SMACOF_completed_p30_rep24_seed78.csv,internal:T1|T2|T3|T4,internal,4,0.04682,0.0,-0.04682,0.04682
MDS-SMACOF,30,24,78,MDS_SMACOF_completed_p30_rep24_seed78.csv,terminal:T5,terminal,1,0.12997,0.08448648579569495,-0.04548351420430505,0.04548351420430505
MDS-SMACOF,30,24,78,MDS_SMACOF_completed_p30_rep24_seed78.csv,internal:T1|T2|T3|T4|T5,internal,5,0.03057,0.004222413987032934,-0.026347586012967064,0.026347586012967064
MDS-SMACOF,30,24,78,MDS_SMACOF_completed_p30_rep24_seed78.csv,terminal:T6,terminal,1,0.14605,0.08463352347780384,-0.06141647652219617,0.06141647652219617
MDS-SMACOF,30,24,78,MDS_SMACOF_completed_p30_rep24_seed78.csv,internal:T1|T2|T3|T4|T5|T6,internal,6,0.0721,0.015055347302789039,-0.05704465269721096,0.05704465269721096
MDS-SMACOF,30,24,78,MDS_SMACOF_completed_p30_rep24_seed78.csv,internal:T10|T7|T8|T9,internal,4,0.08603,0.012405562699599504,-0.0736244373004005,0.0736244373004005
MDS-SMACOF,30,24,78,MDS_SMACOF_completed_p30_rep24_seed78.csv,internal:T7|T8|T9,internal,3,0.05128,0.02073094253173938,-0.03054905746826062,0.03054905746826062
MDS-SMACOF,30,24,78,MDS_SMACOF_completed_p30_rep24_seed78.csv,internal:T7|T8,internal,2,0.02354,0.0055452286886620945,-0.017994771311337903,0.017994771311337903
MDS-SMACOF,30,24,78,MDS_SMACOF_completed_p30_rep24_seed78.csv,terminal:T7,terminal,1,0.11573,0.07038610162952831,-0.04534389837047169,0.04534389837047169
MDS-SMACOF,30,24,78,MDS_SMACOF_completed_p30_rep24_seed78.csv,terminal:T8,terminal,1,0.11535,0.07661559020579976,-0.03873440979420023,0.03873440979420023
MDS-SMACOF,30,24,78,MDS_SMACOF_completed_p30_rep24_seed78.csv,terminal:T9,terminal,1,0.12153,0.07496126007464507,-0.04656873992535493,0.04656873992535493
MDS-SMACOF,30,24,78,MDS_SMACOF_completed_p30_rep24_seed78.csv,terminal:T10,terminal,1,0.18189,0.1047087395025229,-0.0771812604974771,0.0771812604974771
MDS-SMACOF,30,24,78,MDS_SMACOF_completed_p30_rep24_seed78.csv,internal:T11|T12|T13|T14|T15,internal,5,0.11651,0.02009138489170463,-0.09641861510829537,0.09641861510829537
MDS-SMACOF,30,24,78,MDS_SMACOF_completed_p30_rep24_seed78.csv,internal:T11|T12,internal,2,0.22637,0.036121658937010685,-0.1902483410629893,0.1902483410629893
MDS-SMACOF,30,24,78,MDS_SMACOF_completed_p30_rep24_seed78.csv,terminal:T11,terminal,1,0.16094,0.08440245533955978,-0.07653754466044022,0.07653754466044022
MDS-SMACOF,30,24,78,MDS_SMACOF_completed_p30_rep24_seed78.csv,terminal:T12,terminal,1,0.14942,0.08858664531196556,-0.06083335468803444,0.06083335468803444
MDS-SMACOF,30,24,78,MDS_SMACOF_completed_p30_rep24_seed78.csv,internal:T13|T14|T15,internal,3,0.18561,0.013169692330286205,-0.1724403076697138,0.1724403076697138
MDS-SMACOF,30,24,78,MDS_SMACOF_completed_p30_rep24_seed78.csv,terminal:T13,terminal,1,0.32149,0.11747923988388027,-0.20401076011611974,0.20401076011611974
MDS-SMACOF,30,24,78,MDS_SMACOF_completed_p30_rep24_seed78.csv,internal:T14|T15,internal,2,0.07113,0.011183742370361596,-0.0599462576296384,0.0599462576296384
MDS-SMACOF,30,24,78,MDS_SMACOF_completed_p30_rep24_seed78.csv,terminal:T14,terminal,1,0.34439,0.12102121958597271,-0.22336878041402725,0.22336878041402725
MDS-SMACOF,30,24,78,MDS_SMACOF_completed_p30_rep24_seed78.csv,terminal:T15,terminal,1,0.24256,0.11485057219616962,-0.12770942780383038,0.12770942780383038
MDS-SMACOF,30,25,79,MDS_SMACOF_completed_p30_rep25_seed79.csv,terminal:T1,terminal,1,0.05696,0.0493040018404317,-0.0076559981595683,0.0076559981595683
MDS-SMACOF,30,25,79,MDS_SMACOF_completed_p30_rep25_seed79.csv,internal:T2|T3,internal,2,0.03472,0.03122895382634157,-0.0034910461736584325,0.0034910461736584325
MDS-SMACOF,30,25,79,MDS_SMACOF_completed_p30_rep25_seed79.csv,terminal:T2,terminal,1,0.02433,0.023537072731438086,-0.0007929272685619146,0.0007929272685619146
MDS-SMACOF,30,25,79,MDS_SMACOF_completed_p30_rep25_seed79.csv,terminal:T3,terminal,1,0.02231,0.0174950761687311,-0.0048149238312689,0.0048149238312689
MDS-SMACOF,30,25,79,MDS_SMACOF_completed_p30_rep25_seed79.csv,internal:T1|T2|T3,internal,3,0.01863,0.00448717135838141,-0.014142828641618591,0.014142828641618591
MDS-SMACOF,30,25,79,MDS_SMACOF_completed_p30_rep25_seed79.csv,terminal:T4,terminal,1,0.07771,0.05882479069419211,-0.018885209305807893,0.018885209305807893
MDS-SMACOF,30,25,79,MDS_SMACOF_completed_p30_rep25_seed79.csv,internal:T1|T2|T3|T4,internal,4,0.04682,0.024679809393294703,-0.022140190606705298,0.022140190606705298
MDS-SMACOF,30,25,79,MDS_SMACOF_completed_p30_rep25_seed79.csv,terminal:T5,terminal,1,0.12997,0.08252116905094657,-0.04744883094905343,0.04744883094905343
MDS-SMACOF,30,25,79,MDS_SMACOF_completed_p30_rep25_seed79.csv,internal:T1|T2|T3|T4|T5,internal,5,0.03057,0.009668075366211894,-0.020901924633788108,0.020901924633788108
MDS-SMACOF,30,25,79,MDS_SMACOF_completed_p30_rep25_seed79.csv,terminal:T6,terminal,1,0.14605,0.0881551093415318,-0.057894890658468215,0.057894890658468215
MDS-SMACOF,30,25,79,MDS_SMACOF_completed_p30_rep25_seed79.csv,internal:T1|T2|T3|T4|T5|T6,internal,6,0.0721,0.01315666701704271,-0.058943332982957286,0.058943332982957286
MDS-SMACOF,30,25,79,MDS_SMACOF_completed_p30_rep25_seed79.csv,internal:T10|T7|T8|T9,internal,4,0.08603,0.010314989635559416,-0.07571501036444057,0.07571501036444057
MDS-SMACOF,30,25,79,MDS_SMACOF_completed_p30_rep25_seed79.csv,internal:T7|T8|T9,internal,3,0.05128,0.020587430026388253,-0.030692569973611746,0.030692569973611746
MDS-SMACOF,30,25,79,MDS_SMACOF_completed_p30_rep25_seed79.csv,internal:T7|T8,internal,2,0.02354,0.003882370410507999,-0.019657629589492,0.019657629589492
MDS-SMACOF,30,25,79,MDS_SMACOF_completed_p30_rep25_seed79.csv,terminal:T7,terminal,1,0.11573,0.06957431290342736,-0.04615568709657264,0.04615568709657264
MDS-SMACOF,30,25,79,MDS_SMACOF_completed_p30_rep25_seed79.csv,terminal:T8,terminal,1,0.11535,0.07742737893190065,-0.03792262106809935,0.03792262106809935
MDS-SMACOF,30,25,79,MDS_SMACOF_completed_p30_rep25_seed79.csv,terminal:T9,terminal,1,0.12153,0.07662411835279923,-0.044905881647200774,0.044905881647200774
MDS-SMACOF,30,25,79,MDS_SMACOF_completed_p30_rep25_seed79.csv,terminal:T10,terminal,1,0.18189,0.10567757407643667,-0.07621242592356332,0.07621242592356332
MDS-SMACOF,30,25,79,MDS_SMACOF_completed_p30_rep25_seed79.csv,internal:T11|T12|T13|T14|T15,internal,5,0.11651,0.01756639731193041,-0.09894360268806959,0.09894360268806959
MDS-SMACOF,30,25,79,MDS_SMACOF_completed_p30_rep25_seed79.csv,internal:T11|T12,internal,2,0.22637,0.0098075732261153,-0.21656242677388468,0.21656242677388468
MDS-SMACOF,30,25,79,MDS_SMACOF_completed_p30_rep25_seed79.csv,terminal:T11,terminal,1,0.16094,0.11537173805307542,-0.04556826194692458,0.04556826194692458
MDS-SMACOF,30,25,79,MDS_SMACOF_completed_p30_rep25_seed79.csv,terminal:T12,terminal,1,0.14942,0.11816486656337884,-0.03125513343662116,0.03125513343662116
MDS-SMACOF,30,25,79,MDS_SMACOF_completed_p30_rep25_seed79.csv,internal:T13|T14|T15,internal,3,0.18561,0.019580630035387986,-0.166029369964612,0.166029369964612
MDS-SMACOF,30,25,79,MDS_SMACOF_completed_p30_rep25_seed79.csv,terminal:T13,terminal,1,0.32149,0.12251810311773323,-0.19897189688226677,0.19897189688226677
MDS-SMACOF,30,25,79,MDS_SMACOF_completed_p30_rep25_seed79.csv,internal:T14|T15,internal,2,0.07113,0.005347830701968361,-0.06578216929803164,0.06578216929803164
MDS-SMACOF,30,25,79,MDS_SMACOF_completed_p30_rep25_seed79.csv,terminal:T14,terminal,1,0.34439,0.1261356238767884,-0.21825437612321158,0.21825437612321158
MDS-SMACOF,30,25,79,MDS_SMACOF_completed_p30_rep25_seed79.csv,terminal:T15,terminal,1,0.24256,0.10973616790535395,-0.13282383209464604,0.13282383209464604
MDS-SMACOF,30,26,80,MDS_SMACOF_completed_p30_rep26_seed80.csv,terminal:T1,terminal,1,0.05696,0.05979633371543331,0.002836333715433313,0.002836333715433313
MDS-SMACOF,30,26,80,MDS_SMACOF_completed_p30_rep26_seed80.csv,internal:T2|T3,internal,2,0.03472,0.0,-0.03472,0.03472
MDS-SMACOF,30,26,80,MDS_SMACOF_completed_p30_rep26_seed80.csv,terminal:T2,terminal,1,0.02433,0.07323565868725813,0.04890565868725813,0.04890565868725813
MDS-SMACOF,30,26,80,MDS_SMACOF_completed_p30_rep26_seed80.csv,terminal:T3,terminal,1,0.02231,0.0638039953191011,0.0414939953191011,0.0414939953191011
MDS-SMACOF,30,26,80,MDS_SMACOF_completed_p30_rep26_seed80.csv,internal:T1|T2|T3,internal,3,0.01863,0.0,-0.01863,0.01863
MDS-SMACOF,30,26,80,MDS_SMACOF_completed_p30_rep26_seed80.csv,terminal:T4,terminal,1,0.07771,0.05993879843386048,-0.017771201566139525,0.017771201566139525
MDS-SMACOF,30,26,80,MDS_SMACOF_completed_p30_rep26_seed80.csv,internal:T1|T2|T3|T4,internal,4,0.04682,0.010266470071314236,-0.03655352992868577,0.03655352992868577
MDS-SMACOF,30,26,80,MDS_SMACOF_completed_p30_rep26_seed80.csv,terminal:T5,terminal,1,0.12997,0.0749620774878528,-0.0550079225121472,0.0550079225121472
MDS-SMACOF,30,26,80,MDS_SMACOF_completed_p30_rep26_seed80.csv,internal:T1|T2|T3|T4|T5,internal,5,0.03057,0.022027533328933733,-0.008542466671066267,0.008542466671066267
MDS-SMACOF,30,26,80,MDS_SMACOF_completed_p30_rep26_seed80.csv,terminal:T6,terminal,1,0.14605,0.1067224557129006,-0.03932754428709942,0.03932754428709942
MDS-SMACOF,30,26,80,MDS_SMACOF_completed_p30_rep26_seed80.csv,internal:T1|T2|T3|T4|T5|T6,internal,6,0.0721,0.0031260162551535182,-0.06897398374484648,0.06897398374484648
MDS-SMACOF,30,26,80,MDS_SMACOF_completed_p30_rep26_seed80.csv,internal:T10|T7|T8|T9,internal,4,0.08603,0.004184843773327971,-0.08184515622667203,0.08184515622667203
MDS-SMACOF,30,26,80,MDS_SMACOF_completed_p30_rep26_seed80.csv,internal:T7|T8|T9,internal,3,0.05128,0.03237265118817881,-0.01890734881182119,0.01890734881182119
MDS-SMACOF,30,26,80,MDS_SMACOF_completed_p30_rep26_seed80.csv,internal:T7|T8,internal,2,0.02354,0.0018093749873500488,-0.02173062501264995,0.02173062501264995
MDS-SMACOF,30,26,80,MDS_SMACOF_completed_p30_rep26_seed80.csv,terminal:T7,terminal,1,0.11573,0.06781087709362486,-0.047919122906375136,0.047919122906375136
MDS-SMACOF,30,26,80,MDS_SMACOF_completed_p30_rep26_seed80.csv,terminal:T8,terminal,1,0.11535,0.07919081474170313,-0.036159185258296866,0.036159185258296866
MDS-SMACOF,30,26,80,MDS_SMACOF_completed_p30_rep26_seed80.csv,terminal:T9,terminal,1,0.12153,0.07869711377595716,-0.04283288622404284,0.04283288622404284
MDS-SMACOF,30,26,80,MDS_SMACOF_completed_p30_rep26_seed80.csv,terminal:T10,terminal,1,0.18189,0.10761188669348655,-0.07427811330651345,0.07427811330651345
MDS-SMACOF,30,26,80,MDS_SMACOF_completed_p30_rep26_seed80.csv,internal:T11|T12|T13|T14|T15,internal,5,0.11651,0.024474531600868203,-0.09203546839913179,0.09203546839913179
MDS-SMACOF,30,26,80,MDS_SMACOF_completed_p30_rep26_seed80.csv,internal:T11|T12,internal,2,0.22637,0.005759320449045634,-0.22061067955095434,0.22061067955095434
MDS-SMACOF,30,26,80,MDS_SMACOF_completed_p30_rep26_seed80.csv,terminal:T11,terminal,1,0.16094,0.12007617404955023,-0.04086382595044977,0.04086382595044977
MDS-SMACOF,30,26,80,MDS_SMACOF_completed_p30_rep26_seed80.csv,terminal:T12,terminal,1,0.14942,0.1136036498647772,-0.0358163501352228,0.0358163501352228
MDS-SMACOF,30,26,80,MDS_SMACOF_completed_p30_rep26_seed80.csv,internal:T13|T14|T15,internal,3,0.18561,0.010749139611967926,-0.17486086038803206,0.17486086038803206
MDS-SMACOF,30,26,80,MDS_SMACOF_completed_p30_rep26_seed80.csv,terminal:T13,terminal,1,0.32149,0.12174959552417737,-0.19974040447582264,0.19974040447582264
MDS-SMACOF,30,26,80,MDS_SMACOF_completed_p30_rep26_seed80.csv,internal:T14|T15,internal,2,0.07113,0.006913386730064486,-0.06421661326993551,0.06421661326993551
MDS-SMACOF,30,26,80,MDS_SMACOF_completed_p30_rep26_seed80.csv,terminal:T14,terminal,1,0.34439,0.12838618668470417,-0.2160038133152958,0.2160038133152958
MDS-SMACOF,30,26,80,MDS_SMACOF_completed_p30_rep26_seed80.csv,terminal:T15,terminal,1,0.24256,0.1074856050974382,-0.1350743949025618,0.1350743949025618
MDS-SMACOF,30,27,81,MDS_SMACOF_completed_p30_rep27_seed81.csv,terminal:T1,terminal,1,0.05696,0.04027193868265952,-0.016688061317340477,0.016688061317340477
MDS-SMACOF,30,27,81,MDS_SMACOF_completed_p30_rep27_seed81.csv,internal:T2|T3,internal,2,0.03472,0.02506129194476417,-0.009658708055235832,0.009658708055235832
MDS-SMACOF,30,27,81,MDS_SMACOF_completed_p30_rep27_seed81.csv,terminal:T2,terminal,1,0.02433,0.02304449876421811,-0.001285501235781892,0.001285501235781892
MDS-SMACOF,30,27,81,MDS_SMACOF_completed_p30_rep27_seed81.csv,terminal:T3,terminal,1,0.02231,0.017987650135951022,-0.004322349864048978,0.004322349864048978
MDS-SMACOF,30,27,81,MDS_SMACOF_completed_p30_rep27_seed81.csv,internal:T1|T2|T3,internal,3,0.01863,0.012479235169247035,-0.006150764830752966,0.006150764830752966
MDS-SMACOF,30,27,81,MDS_SMACOF_completed_p30_rep27_seed81.csv,terminal:T4,terminal,1,0.07771,0.058539447954322824,-0.019170552045677178,0.019170552045677178
MDS-SMACOF,30,27,81,MDS_SMACOF_completed_p30_rep27_seed81.csv,internal:T1|T2|T3|T4,internal,4,0.04682,0.023091534789217626,-0.023728465210782375,0.023728465210782375
MDS-SMACOF,30,27,81,MDS_SMACOF_completed_p30_rep27_seed81.csv,terminal:T5,terminal,1,0.12997,0.09288255603562186,-0.037087443964378145,0.037087443964378145
MDS-SMACOF,30,27,81,MDS_SMACOF_completed_p30_rep27_seed81.csv,internal:T1|T2|T3|T4|T5,internal,5,0.03057,0.009487605843455121,-0.02108239415654488,0.02108239415654488
MDS-SMACOF,30,27,81,MDS_SMACOF_completed_p30_rep27_seed81.csv,terminal:T6,terminal,1,0.14605,0.09451718129089244,-0.05153281870910757,0.05153281870910757
MDS-SMACOF,30,27,81,MDS_SMACOF_completed_p30_rep27_seed81.csv,internal:T1|T2|T3|T4|T5|T6,internal,6,0.0721,0.01340300956103229,-0.05869699043896771,0.05869699043896771
MDS-SMACOF,30,27,81,MDS_SMACOF_completed_p30_rep27_seed81.csv,internal:T10|T7|T8|T9,internal,4,0.08603,0.017320307047454585,-0.0687096929525454,0.0687096929525454
MDS-SMACOF,30,27,81,MDS_SMACOF_completed_p30_rep27_seed81.csv,internal:T7|T8|T9,internal,3,0.05128,0.013035119102877876,-0.03824488089712212,0.03824488089712212
MDS-SMACOF,30,27,81,MDS_SMACOF_completed_p30_rep27_seed81.csv,internal:T7|T8,internal,2,0.02354,0.0031712225727356406,-0.020368777427264357,0.020368777427264357
MDS-SMACOF,30,27,81,MDS_SMACOF_completed_p30_rep27_seed81.csv,terminal:T7,terminal,1,0.11573,0.0703523771237389,-0.0453776228762611,0.0453776228762611
MDS-SMACOF,30,27,81,MDS_SMACOF_completed_p30_rep27_seed81.csv,terminal:T8,terminal,1,0.11535,0.07664931471158908,-0.03870068528841092,0.03870068528841092
MDS-SMACOF,30,27,81,MDS_SMACOF_completed_p30_rep27_seed81.csv,terminal:T9,terminal,1,0.12153,0.07733526619057161,-0.044194733809428385,0.044194733809428385
MDS-SMACOF,30,27,81,MDS_SMACOF_completed_p30_rep27_seed81.csv,terminal:T10,terminal,1,0.18189,0.09867146264436213,-0.08321853735563786,0.08321853735563786
MDS-SMACOF,30,27,81,MDS_SMACOF_completed_p30_rep27_seed81.csv,internal:T11|T12|T13|T14|T15,internal,5,0.11651,0.01916755712021097,-0.09734244287978903,0.09734244287978903
MDS-SMACOF,30,27,81,MDS_SMACOF_completed_p30_rep27_seed81.csv,internal:T11|T12,internal,2,0.22637,0.03713116940138583,-0.18923883059861416,0.18923883059861416
MDS-SMACOF,30,27,81,MDS_SMACOF_completed_p30_rep27_seed81.csv,terminal:T11,terminal,1,0.16094,0.08598724547013077,-0.07495275452986923,0.07495275452986923
MDS-SMACOF,30,27,81,MDS_SMACOF_completed_p30_rep27_seed81.csv,terminal:T12,terminal,1,0.14942,0.0870018551813946,-0.0624181448186054,0.0624181448186054
MDS-SMACOF,30,27,81,MDS_SMACOF_completed_p30_rep27_seed81.csv,internal:T13|T14|T15,internal,3,0.18561,0.01425243941148453,-0.17135756058851548,0.17135756058851548
MDS-SMACOF,30,27,81,MDS_SMACOF_completed_p30_rep27_seed81.csv,terminal:T13,terminal,1,0.32149,0.12693941408381856,-0.19455058591618143,0.19455058591618143
MDS-SMACOF,30,27,81,MDS_SMACOF_completed_p30_rep27_seed81.csv,internal:T14|T15,internal,2,0.07113,0.001723568170423292,-0.0694064318295767,0.0694064318295767
MDS-SMACOF,30,27,81,MDS_SMACOF_completed_p30_rep27_seed81.csv,terminal:T14,terminal,1,0.34439,0.12589935481757236,-0.2184906451824276,0.2184906451824276
MDS-SMACOF,30,27,81,MDS_SMACOF_completed_p30_rep27_seed81.csv,terminal:T15,terminal,1,0.24256,0.10997243696457001,-0.13258756303542998,0.13258756303542998
MDS-SMACOF,30,28,82,MDS_SMACOF_completed_p30_rep28_seed82.csv,terminal:T1,terminal,1,0.05696,0.046327642812589186,-0.010632357187410811,0.010632357187410811
MDS-SMACOF,30,28,82,MDS_SMACOF_completed_p30_rep28_seed82.csv,internal:T2|T3,internal,2,0.03472,0.0,-0.03472,0.03472
MDS-SMACOF,30,28,82,MDS_SMACOF_completed_p30_rep28_seed82.csv,terminal:T2,terminal,1,0.02433,0.05702406491609153,0.03269406491609153,0.03269406491609153
MDS-SMACOF,30,28,82,MDS_SMACOF_completed_p30_rep28_seed82.csv,terminal:T3,terminal,1,0.02231,0.05581435816064882,0.033504358160648826,0.033504358160648826
MDS-SMACOF,30,28,82,MDS_SMACOF_completed_p30_rep28_seed82.csv,internal:T1|T2|T3,internal,3,0.01863,0.007026766519911621,-0.01160323348008838,0.01160323348008838
MDS-SMACOF,30,28,82,MDS_SMACOF_completed_p30_rep28_seed82.csv,terminal:T4,terminal,1,0.07771,0.06449978256254073,-0.013210217437459273,0.013210217437459273
MDS-SMACOF,30,28,82,MDS_SMACOF_completed_p30_rep28_seed82.csv,internal:T1|T2|T3|T4,internal,4,0.04682,0.011840966322904854,-0.03497903367709515,0.03497903367709515
MDS-SMACOF,30,28,82,MDS_SMACOF_completed_p30_rep28_seed82.csv,terminal:T5,terminal,1,0.12997,0.07880760558133179,-0.05116239441866821,0.05116239441866821
MDS-SMACOF,30,28,82,MDS_SMACOF_completed_p30_rep28_seed82.csv,internal:T1|T2|T3|T4|T5,internal,5,0.03057,0.012979230267643546,-0.017590769732356452,0.017590769732356452
MDS-SMACOF,30,28,82,MDS_SMACOF_completed_p30_rep28_seed82.csv,terminal:T6,terminal,1,0.14605,0.09178689135697174,-0.054263108643028274,0.054263108643028274
MDS-SMACOF,30,28,82,MDS_SMACOF_completed_p30_rep28_seed82.csv,internal:T1|T2|T3|T4|T5|T6,internal,6,0.0721,0.01964590769167664,-0.05245409230832336,0.05245409230832336
MDS-SMACOF,30,28,82,MDS_SMACOF_completed_p30_rep28_seed82.csv,internal:T10|T7|T8|T9,internal,4,0.08603,0.012605393657483886,-0.0734246063425161,0.0734246063425161
MDS-SMACOF,30,28,82,MDS_SMACOF_completed_p30_rep28_seed82.csv,internal:T7|T8|T9,internal,3,0.05128,0.00020049601975500973,-0.05107950398024499,0.05107950398024499
MDS-SMACOF,30,28,82,MDS_SMACOF_completed_p30_rep28_seed82.csv,internal:T7|T8,internal,2,0.02354,0.016966726316184327,-0.006573273683815672,0.006573273683815672
MDS-SMACOF,30,28,82,MDS_SMACOF_completed_p30_rep28_seed82.csv,terminal:T7,terminal,1,0.11573,0.07321755110437879,-0.04251244889562121,0.04251244889562121
MDS-SMACOF,30,28,82,MDS_SMACOF_completed_p30_rep28_seed82.csv,terminal:T8,terminal,1,0.11535,0.07378414073094927,-0.04156585926905072,0.04156585926905072
MDS-SMACOF,30,28,82,MDS_SMACOF_completed_p30_rep28_seed82.csv,terminal:T9,terminal,1,0.12153,0.09406858672327852,-0.027461413276721483,0.027461413276721483
MDS-SMACOF,30,28,82,MDS_SMACOF_completed_p30_rep28_seed82.csv,terminal:T10,terminal,1,0.18189,0.09673130972095019,-0.0851586902790498,0.0851586902790498
MDS-SMACOF,30,28,82,MDS_SMACOF_completed_p30_rep28_seed82.csv,internal:T11|T12|T13|T14|T15,internal,5,0.11651,0.019792573037499258,-0.09671742696250074,0.09671742696250074
MDS-SMACOF,30,28,82,MDS_SMACOF_completed_p30_rep28_seed82.csv,internal:T11|T12,internal,2,0.22637,0.03897421045440276,-0.1873957895455972,0.1873957895455972
MDS-SMACOF,30,28,82,MDS_SMACOF_completed_p30_rep28_seed82.csv,terminal:T11,terminal,1,0.16094,0.08271532206003555,-0.07822467793996445,0.07822467793996445
MDS-SMACOF,30,28,82,MDS_SMACOF_completed_p30_rep28_seed82.csv,terminal:T12,terminal,1,0.14942,0.09027377859148969,-0.05914622140851031,0.05914622140851031
MDS-SMACOF,30,28,82,MDS_SMACOF_completed_p30_rep28_seed82.csv,internal:T13|T14|T15,internal,3,0.18561,0.020353727017204965,-0.16525627298279502,0.16525627298279502
MDS-SMACOF,30,28,82,MDS_SMACOF_completed_p30_rep28_seed82.csv,terminal:T13,terminal,1,0.32149,0.11538581549847403,-0.20610418450152596,0.20610418450152596
MDS-SMACOF,30,28,82,MDS_SMACOF_completed_p30_rep28_seed82.csv,internal:T14|T15,internal,2,0.07113,0.0012856609659300873,-0.0698443390340699,0.0698443390340699
MDS-SMACOF,30,28,82,MDS_SMACOF_completed_p30_rep28_seed82.csv,terminal:T14,terminal,1,0.34439,0.12030019102765882,-0.22408980897234115,0.22408980897234115
MDS-SMACOF,30,28,82,MDS_SMACOF_completed_p30_rep28_seed82.csv,terminal:T15,terminal,1,0.24256,0.11557160075448365,-0.12698839924551636,0.12698839924551636
MDS-SMACOF,30,29,83,MDS_SMACOF_completed_p30_rep29_seed83.csv,terminal:T1,terminal,1,0.05696,0.04869057183378967,-0.008269428166210326,0.008269428166210326
MDS-SMACOF,30,29,83,MDS_SMACOF_completed_p30_rep29_seed83.csv,internal:T2|T3,internal,2,0.03472,0.027742477534002996,-0.006977522465997005,0.006977522465997005
MDS-SMACOF,30,29,83,MDS_SMACOF_completed_p30_rep29_seed83.csv,terminal:T2,terminal,1,0.02433,0.01990876177359944,-0.0044212382264005624,0.0044212382264005624
MDS-SMACOF,30,29,83,MDS_SMACOF_completed_p30_rep29_seed83.csv,terminal:T3,terminal,1,0.02231,0.02112338712656972,-0.0011866128734302796,0.0011866128734302796
MDS-SMACOF,30,29,83,MDS_SMACOF_completed_p30_rep29_seed83.csv,internal:T1|T2|T3,internal,3,0.01863,0.00744179455656511,-0.011188205443434891,0.011188205443434891
MDS-SMACOF,30,29,83,MDS_SMACOF_completed_p30_rep29_seed83.csv,terminal:T4,terminal,1,0.07771,0.058130980744793434,-0.019579019255206567,0.019579019255206567
MDS-SMACOF,30,29,83,MDS_SMACOF_completed_p30_rep29_seed83.csv,internal:T1|T2|T3|T4,internal,4,0.04682,0.03046477633056186,-0.01635522366943814,0.01635522366943814
MDS-SMACOF,30,29,83,MDS_SMACOF_completed_p30_rep29_seed83.csv,terminal:T5,terminal,1,0.12997,0.0871809515292034,-0.042789048470796606,0.042789048470796606
MDS-SMACOF,30,29,83,MDS_SMACOF_completed_p30_rep29_seed83.csv,internal:T1|T2|T3|T4|T5,internal,5,0.03057,0.0072829172087463265,-0.023287082791253674,0.023287082791253674
MDS-SMACOF,30,29,83,MDS_SMACOF_completed_p30_rep29_seed83.csv,terminal:T6,terminal,1,0.14605,0.10353845987108716,-0.04251154012891285,0.04251154012891285
MDS-SMACOF,30,29,83,MDS_SMACOF_completed_p30_rep29_seed83.csv,internal:T1|T2|T3|T4|T5|T6,internal,6,0.0721,0.011522374477950065,-0.060577625522049934,0.060577625522049934
MDS-SMACOF,30,29,83,MDS_SMACOF_completed_p30_rep29_seed83.csv,internal:T10|T7|T8|T9,internal,4,0.08603,0.0028569413088195,-0.0831730586911805,0.0831730586911805
MDS-SMACOF,30,29,83,MDS_SMACOF_completed_p30_rep29_seed83.csv,internal:T7|T8|T9,internal,3,0.05128,0.0,-0.05128,0.05128
MDS-SMACOF,30,29,83,MDS_SMACOF_completed_p30_rep29_seed83.csv,internal:T7|T8,internal,2,0.02354,0.0319592634166511,0.008419263416651099,0.008419263416651099
MDS-SMACOF,30,29,83,MDS_SMACOF_completed_p30_rep29_seed83.csv,terminal:T7,terminal,1,0.11573,0.06750214614945421,-0.04822785385054579,0.04822785385054579
MDS-SMACOF,30,29,83,MDS_SMACOF_completed_p30_rep29_seed83.csv,terminal:T8,terminal,1,0.11535,0.07949954568587385,-0.035850454314126146,0.035850454314126146
MDS-SMACOF,30,29,83,MDS_SMACOF_completed_p30_rep29_seed83.csv,terminal:T9,terminal,1,0.12153,0.1066660458981047,-0.014863954101895296,0.014863954101895296
MDS-SMACOF,30,29,83,MDS_SMACOF_completed_p30_rep29_seed83.csv,terminal:T10,terminal,1,0.18189,0.0961725725707053,-0.0857174274292947,0.0857174274292947
MDS-SMACOF,30,29,83,MDS_SMACOF_completed_p30_rep29_seed83.csv,internal:T11|T12|T13|T14|T15,internal,5,0.11651,0.019009356196248054,-0.09750064380375195,0.09750064380375195
MDS-SMACOF,30,29,83,MDS_SMACOF_completed_p30_rep29_seed83.csv,internal:T11|T12,internal,2,0.22637,0.03936204141409104,-0.18700795858590896,0.18700795858590896
MDS-SMACOF,30,29,83,MDS_SMACOF_completed_p30_rep29_seed83.csv,terminal:T11,terminal,1,0.16094,0.08741955738774226,-0.07352044261225774,0.07352044261225774
MDS-SMACOF,30,29,83,MDS_SMACOF_completed_p30_rep29_seed83.csv,terminal:T12,terminal,1,0.14942,0.08556954326378294,-0.06385045673621706,0.06385045673621706
MDS-SMACOF,30,29,83,MDS_SMACOF_completed_p30_rep29_seed83.csv,internal:T13|T14|T15,internal,3,0.18561,0.01292334681660351,-0.1726866531833965,0.1726866531833965
MDS-SMACOF,30,29,83,MDS_SMACOF_completed_p30_rep29_seed83.csv,terminal:T13,terminal,1,0.32149,0.11942978633668479,-0.20206021366331522,0.20206021366331522
MDS-SMACOF,30,29,83,MDS_SMACOF_completed_p30_rep29_seed83.csv,internal:T14|T15,internal,2,0.07113,0.009233195917557068,-0.06189680408244293,0.06189680408244293
MDS-SMACOF,30,29,83,MDS_SMACOF_completed_p30_rep29_seed83.csv,terminal:T14,terminal,1,0.34439,0.12316671341241552,-0.22122328658758444,0.22122328658758444
MDS-SMACOF,30,29,83,MDS_SMACOF_completed_p30_rep29_seed83.csv,terminal:T15,terminal,1,0.24256,0.11270507836972679,-0.1298549216302732,0.1298549216302732
MDS-SMACOF,30,30,84,MDS_SMACOF_completed_p30_rep30_seed84.csv,terminal:T1,terminal,1,0.05696,0.04746931040204962,-0.009490689597950373,0.009490689597950373
MDS-SMACOF,30,30,84,MDS_SMACOF_completed_p30_rep30_seed84.csv,internal:T2|T3,internal,2,0.03472,0.031550228554319555,-0.0031697714456804457,0.0031697714456804457
MDS-SMACOF,30,30,84,MDS_SMACOF_completed_p30_rep30_seed84.csv,terminal:T2,terminal,1,0.02433,0.020852496181268988,-0.0034775038187310134,0.0034775038187310134
MDS-SMACOF,30,30,84,MDS_SMACOF_completed_p30_rep30_seed84.csv,terminal:T3,terminal,1,0.02231,0.020179652718900168,-0.002130347281099832,0.002130347281099832
MDS-SMACOF,30,30,84,MDS_SMACOF_completed_p30_rep30_seed84.csv,internal:T1|T2|T3,internal,3,0.01863,0.003718984233667761,-0.01491101576633224,0.01491101576633224
MDS-SMACOF,30,30,84,MDS_SMACOF_completed_p30_rep30_seed84.csv,terminal:T4,terminal,1,0.07771,0.05129781254431689,-0.026412187455683113,0.026412187455683113
MDS-SMACOF,30,30,84,MDS_SMACOF_completed_p30_rep30_seed84.csv,internal:T1|T2|T3|T4,internal,4,0.04682,0.032152081708512956,-0.014667918291487045,0.014667918291487045
MDS-SMACOF,30,30,84,MDS_SMACOF_completed_p30_rep30_seed84.csv,terminal:T5,terminal,1,0.12997,0.0985940631765754,-0.0313759368234246,0.0313759368234246
MDS-SMACOF,30,30,84,MDS_SMACOF_completed_p30_rep30_seed84.csv,internal:T1|T2|T3|T4|T5,internal,5,0.03057,0.0,-0.03057,0.03057
MDS-SMACOF,30,30,84,MDS_SMACOF_completed_p30_rep30_seed84.csv,terminal:T6,terminal,1,0.14605,0.08448022110263755,-0.06156977889736247,0.06156977889736247
MDS-SMACOF,30,30,84,MDS_SMACOF_completed_p30_rep30_seed84.csv,internal:T1|T2|T3|T4|T5|T6,internal,6,0.0721,0.01578592382725608,-0.05631407617274392,0.05631407617274392
MDS-SMACOF,30,30,84,MDS_SMACOF_completed_p30_rep30_seed84.csv,internal:T10|T7|T8|T9,internal,4,0.08603,0.007935393639377984,-0.07809460636062202,0.07809460636062202
MDS-SMACOF,30,30,84,MDS_SMACOF_completed_p30_rep30_seed84.csv,internal:T7|T8|T9,internal,3,0.05128,0.0,-0.05128,0.05128
MDS-SMACOF,30,30,84,MDS_SMACOF_completed_p30_rep30_seed84.csv,internal:T7|T8,internal,2,0.02354,0.0,-0.02354,0.02354
MDS-SMACOF,30,30,84,MDS_SMACOF_completed_p30_rep30_seed84.csv,terminal:T7,terminal,1,0.11573,0.09397036310562787,-0.02175963689437213,0.02175963689437213
MDS-SMACOF,30,30,84,MDS_SMACOF_completed_p30_rep30_seed84.csv,terminal:T8,terminal,1,0.11535,0.10550173363290702,-0.009848266367092975,0.009848266367092975
MDS-SMACOF,30,30,84,MDS_SMACOF_completed_p30_rep30_seed84.csv,terminal:T9,terminal,1,0.12153,0.10304109104885921,-0.01848890895114079,0.01848890895114079
MDS-SMACOF,30,30,84,MDS_SMACOF_completed_p30_rep30_seed84.csv,terminal:T10,terminal,1,0.18189,0.105326219953834,-0.076563780046166,0.076563780046166
MDS-SMACOF,30,30,84,MDS_SMACOF_completed_p30_rep30_seed84.csv,internal:T11|T12|T13|T14|T15,internal,5,0.11651,0.012851696251673877,-0.10365830374832613,0.10365830374832613
MDS-SMACOF,30,30,84,MDS_SMACOF_completed_p30_rep30_seed84.csv,internal:T11|T12,internal,2,0.22637,0.015693421029963264,-0.21067657897003672,0.21067657897003672
MDS-SMACOF,30,30,84,MDS_SMACOF_completed_p30_rep30_seed84.csv,terminal:T11,terminal,1,0.16094,0.11769051260964127,-0.043249487390358735,0.043249487390358735
MDS-SMACOF,30,30,84,MDS_SMACOF_completed_p30_rep30_seed84.csv,terminal:T12,terminal,1,0.14942,0.11450147999052979,-0.03491852000947021,0.03491852000947021
MDS-SMACOF,30,30,84,MDS_SMACOF_completed_p30_rep30_seed84.csv,internal:T13|T14|T15,internal,3,0.18561,0.027160346846663828,-0.15844965315333617,0.15844965315333617
MDS-SMACOF,30,30,84,MDS_SMACOF_completed_p30_rep30_seed84.csv,terminal:T13,terminal,1,0.32149,0.11722315576609223,-0.20426684423390779,0.20426684423390779
MDS-SMACOF,30,30,84,MDS_SMACOF_completed_p30_rep30_seed84.csv,internal:T14|T15,internal,2,0.07113,0.0,-0.07113,0.07113
MDS-SMACOF,30,30,84,MDS_SMACOF_completed_p30_rep30_seed84.csv,terminal:T14,terminal,1,0.34439,0.12537559680733973,-0.21901440319266025,0.21901440319266025
MDS-SMACOF,30,30,84,MDS_SMACOF_completed_p30_rep30_seed84.csv,terminal:T15,terminal,1,0.24256,0.10944792479289076,-0.13311207520710924,0.13311207520710924
MDS-SMACOF,50,1,55,MDS_SMACOF_completed_p50_rep01_seed55.csv,terminal:T1,terminal,1,0.05696,0.084064094322397,0.027104094322397007,0.027104094322397007
MDS-SMACOF,50,1,55,MDS_SMACOF_completed_p50_rep01_seed55.csv,internal:T2|T3,internal,2,0.03472,0.0,-0.03472,0.03472
MDS-SMACOF,50,1,55,MDS_SMACOF_completed_p50_rep01_seed55.csv,terminal:T2,terminal,1,0.02433,0.08591918636154701,0.061589186361547005,0.061589186361547005
MDS-SMACOF,50,1,55,MDS_SMACOF_completed_p50_rep01_seed55.csv,terminal:T3,terminal,1,0.02231,0.10095126240071697,0.07864126240071698,0.07864126240071698
MDS-SMACOF,50,1,55,MDS_SMACOF_completed_p50_rep01_seed55.csv,internal:T1|T2|T3,internal,3,0.01863,0.013700311439460185,-0.004929688560539816,0.004929688560539816
MDS-SMACOF,50,1,55,MDS_SMACOF_completed_p50_rep01_seed55.csv,terminal:T4,terminal,1,0.07771,0.11527028018760731,0.037560280187607306,0.037560280187607306
MDS-SMACOF,50,1,55,MDS_SMACOF_completed_p50_rep01_seed55.csv,internal:T1|T2|T3|T4,internal,4,0.04682,0.0,-0.04682,0.04682
MDS-SMACOF,50,1,55,MDS_SMACOF_completed_p50_rep01_seed55.csv,terminal:T5,terminal,1,0.12997,0.11776441222055813,-0.012205587779441876,0.012205587779441876
MDS-SMACOF,50,1,55,MDS_SMACOF_completed_p50_rep01_seed55.csv,internal:T1|T2|T3|T4|T5,internal,5,0.03057,0.0,-0.03057,0.03057
MDS-SMACOF,50,1,55,MDS_SMACOF_completed_p50_rep01_seed55.csv,terminal:T6,terminal,1,0.14605,0.10820994128718708,-0.03784005871281293,0.03784005871281293
MDS-SMACOF,50,1,55,MDS_SMACOF_completed_p50_rep01_seed55.csv,internal:T1|T2|T3|T4|T5|T6,internal,6,0.0721,0.0,-0.0721,0.0721
MDS-SMACOF,50,1,55,MDS_SMACOF_completed_p50_rep01_seed55.csv,internal:T10|T7|T8|T9,internal,4,0.08603,0.019336503915018573,-0.06669349608498143,0.06669349608498143
MDS-SMACOF,50,1,55,MDS_SMACOF_completed_p50_rep01_seed55.csv,internal:T7|T8|T9,internal,3,0.05128,0.0,-0.05128,0.05128
MDS-SMACOF,50,1,55,MDS_SMACOF_completed_p50_rep01_seed55.csv,internal:T7|T8,internal,2,0.02354,0.020566727063890504,-0.0029732729361094945,0.0029732729361094945
MDS-SMACOF,50,1,55,MDS_SMACOF_completed_p50_rep01_seed55.csv,terminal:T7,terminal,1,0.11573,0.07523063853797043,-0.040499361462029565,0.040499361462029565
MDS-SMACOF,50,1,55,MDS_SMACOF_completed_p50_rep01_seed55.csv,terminal:T8,terminal,1,0.11535,0.07177105329735753,-0.043578946702642465,0.043578946702642465
MDS-SMACOF,50,1,55,MDS_SMACOF_completed_p50_rep01_seed55.csv,terminal:T9,terminal,1,0.12153,0.09177636048557113,-0.029753639514428873,0.029753639514428873
MDS-SMACOF,50,1,55,MDS_SMACOF_completed_p50_rep01_seed55.csv,terminal:T10,terminal,1,0.18189,0.09794130897073539,-0.08394869102926461,0.08394869102926461
MDS-SMACOF,50,1,55,MDS_SMACOF_completed_p50_rep01_seed55.csv,internal:T11|T12|T13|T14|T15,internal,5,0.11651,0.011022059900087873,-0.10548794009991214,0.10548794009991214
MDS-SMACOF,50,1,55,MDS_SMACOF_completed_p50_rep01_seed55.csv,internal:T11|T12,internal,2,0.22637,0.011582111710297629,-0.21478788828970236,0.21478788828970236
MDS-SMACOF,50,1,55,MDS_SMACOF_completed_p50_rep01_seed55.csv,terminal:T11,terminal,1,0.16094,0.12416853516563536,-0.03677146483436464,0.03677146483436464
MDS-SMACOF,50,1,55,MDS_SMACOF_completed_p50_rep01_seed55.csv,terminal:T12,terminal,1,0.14942,0.11612128130093988,-0.03329871869906012,0.03329871869906012
MDS-SMACOF,50,1,55,MDS_SMACOF_completed_p50_rep01_seed55.csv,internal:T13|T14|T15,internal,3,0.18561,0.012859368606858037,-0.17275063139314195,0.17275063139314195
MDS-SMACOF,50,1,55,MDS_SMACOF_completed_p50_rep01_seed55.csv,terminal:T13,terminal,1,0.32149,0.12099775580120978,-0.20049224419879022,0.20049224419879022
MDS-SMACOF,50,1,55,MDS_SMACOF_completed_p50_rep01_seed55.csv,internal:T14|T15,internal,2,0.07113,0.0017066103842110045,-0.06942338961578899,0.06942338961578899
MDS-SMACOF,50,1,55,MDS_SMACOF_completed_p50_rep01_seed55.csv,terminal:T14,terminal,1,0.34439,0.11765131519495876,-0.22673868480504122,0.22673868480504122
MDS-SMACOF,50,1,55,MDS_SMACOF_completed_p50_rep01_seed55.csv,terminal:T15,terminal,1,0.24256,0.11822047658718353,-0.12433952341281647,0.12433952341281647
MDS-SMACOF,50,2,56,MDS_SMACOF_completed_p50_rep02_seed56.csv,terminal:T1,terminal,1,0.05696,0.0875775026961221,0.03061750269612211,0.03061750269612211
MDS-SMACOF,50,2,56,MDS_SMACOF_completed_p50_rep02_seed56.csv,internal:T2|T3,internal,2,0.03472,0.0,-0.03472,0.03472
MDS-SMACOF,50,2,56,MDS_SMACOF_completed_p50_rep02_seed56.csv,terminal:T2,terminal,1,0.02433,0.09413476770628942,0.06980476770628942,0.06980476770628942
MDS-SMACOF,50,2,56,MDS_SMACOF_completed_p50_rep02_seed56.csv,terminal:T3,terminal,1,0.02231,0.08594305448664762,0.06363305448664762,0.06363305448664762
MDS-SMACOF,50,2,56,MDS_SMACOF_completed_p50_rep02_seed56.csv,internal:T1|T2|T3,internal,3,0.01863,0.007828554219135015,-0.010801445780864985,0.010801445780864985
MDS-SMACOF,50,2,56,MDS_SMACOF_completed_p50_rep02_seed56.csv,terminal:T4,terminal,1,0.07771,0.10092650080206313,0.023216500802063125,0.023216500802063125
MDS-SMACOF,50,2,56,MDS_SMACOF_completed_p50_rep02_seed56.csv,internal:T1|T2|T3|T4,internal,4,0.04682,0.0,-0.04682,0.04682
MDS-SMACOF,50,2,56,MDS_SMACOF_completed_p50_rep02_seed56.csv,terminal:T5,terminal,1,0.12997,0.09704994049944154,-0.03292005950055846,0.03292005950055846
MDS-SMACOF,50,2,56,MDS_SMACOF_completed_p50_rep02_seed56.csv,internal:T1|T2|T3|T4|T5,internal,5,0.03057,0.0,-0.03057,0.03057
MDS-SMACOF,50,2,56,MDS_SMACOF_completed_p50_rep02_seed56.csv,terminal:T6,terminal,1,0.14605,0.0812221940795941,-0.0648278059204059,0.0648278059204059
MDS-SMACOF,50,2,56,MDS_SMACOF_completed_p50_rep02_seed56.csv,internal:T1|T2|T3|T4|T5|T6,internal,6,0.0721,0.0042827805331028986,-0.0678172194668971,0.0678172194668971
MDS-SMACOF,50,2,56,MDS_SMACOF_completed_p50_rep02_seed56.csv,internal:T10|T7|T8|T9,internal,4,0.08603,0.015207486150975296,-0.0708225138490247,0.0708225138490247
MDS-SMACOF,50,2,56,MDS_SMACOF_completed_p50_rep02_seed56.csv,internal:T7|T8|T9,internal,3,0.05128,0.0,-0.05128,0.05128
MDS-SMACOF,50,2,56,MDS_SMACOF_completed_p50_rep02_seed56.csv,internal:T7|T8,internal,2,0.02354,0.0,-0.02354,0.02354
MDS-SMACOF,50,2,56,MDS_SMACOF_completed_p50_rep02_seed56.csv,terminal:T7,terminal,1,0.11573,0.09308455710669553,-0.022645442893304474,0.022645442893304474
MDS-SMACOF,50,2,56,MDS_SMACOF_completed_p50_rep02_seed56.csv,terminal:T8,terminal,1,0.11535,0.10212026413001504,-0.013229735869984952,0.013229735869984952
MDS-SMACOF,50,2,56,MDS_SMACOF_completed_p50_rep02_seed56.csv,terminal:T9,terminal,1,0.12153,0.09810034776611036,-0.02342965223388964,0.02342965223388964
MDS-SMACOF,50,2,56,MDS_SMACOF_completed_p50_rep02_seed56.csv,terminal:T10,terminal,1,0.18189,0.10618246257503876,-0.07570753742496124,0.07570753742496124
MDS-SMACOF,50,2,56,MDS_SMACOF_completed_p50_rep02_seed56.csv,internal:T11|T12|T13|T14|T15,internal,5,0.11651,0.022161297325537965,-0.09434870267446203,0.09434870267446203
MDS-SMACOF,50,2,56,MDS_SMACOF_completed_p50_rep02_seed56.csv,internal:T11|T12,internal,2,0.22637,0.026277407766880975,-0.200092592233119,0.200092592233119
MDS-SMACOF,50,2,56,MDS_SMACOF_completed_p50_rep02_seed56.csv,terminal:T11,terminal,1,0.16094,0.08380993000251294,-0.07713006999748706,0.07713006999748706
MDS-SMACOF,50,2,56,MDS_SMACOF_completed_p50_rep02_seed56.csv,terminal:T12,terminal,1,0.14942,0.08917917064901242,-0.06024082935098758,0.06024082935098758
MDS-SMACOF,50,2,56,MDS_SMACOF_completed_p50_rep02_seed56.csv,internal:T13|T14|T15,internal,3,0.18561,0.000908467841951955,-0.18470153215804805,0.18470153215804805
MDS-SMACOF,50,2,56,MDS_SMACOF_completed_p50_rep02_seed56.csv,terminal:T13,terminal,1,0.32149,0.12404531296345278,-0.19744468703654722,0.19744468703654722
MDS-SMACOF,50,2,56,MDS_SMACOF_completed_p50_rep02_seed56.csv,internal:T14|T15,internal,2,0.07113,0.004617669290788986,-0.06651233070921102,0.06651233070921102
MDS-SMACOF,50,2,56,MDS_SMACOF_completed_p50_rep02_seed56.csv,terminal:T14,terminal,1,0.34439,0.12312692252094448,-0.2212630774790555,0.2212630774790555
MDS-SMACOF,50,2,56,MDS_SMACOF_completed_p50_rep02_seed56.csv,terminal:T15,terminal,1,0.24256,0.11274486926119791,-0.12981513073880208,0.12981513073880208
MDS-SMACOF,50,3,57,MDS_SMACOF_completed_p50_rep03_seed57.csv,terminal:T1,terminal,1,0.05696,0.04669135554266461,-0.010268644457335385,0.010268644457335385
MDS-SMACOF,50,3,57,MDS_SMACOF_completed_p50_rep03_seed57.csv,internal:T2|T3,internal,2,0.03472,0.03454498115843183,-0.00017501884156816833,0.00017501884156816833
MDS-SMACOF,50,3,57,MDS_SMACOF_completed_p50_rep03_seed57.csv,terminal:T2,terminal,1,0.02433,0.023635835206732025,-0.0006941647932679762,0.0006941647932679762
MDS-SMACOF,50,3,57,MDS_SMACOF_completed_p50_rep03_seed57.csv,terminal:T3,terminal,1,0.02231,0.017396313693437186,-0.004913686306562814,0.004913686306562814
MDS-SMACOF,50,3,57,MDS_SMACOF_completed_p50_rep03_seed57.csv,internal:T1|T2|T3,internal,3,0.01863,0.002406639837073073,-0.016223360162926928,0.016223360162926928
MDS-SMACOF,50,3,57,MDS_SMACOF_completed_p50_rep03_seed57.csv,terminal:T4,terminal,1,0.07771,0.06637127515494952,-0.011338724845050482,0.011338724845050482
MDS-SMACOF,50,3,57,MDS_SMACOF_completed_p50_rep03_seed57.csv,internal:T1|T2|T3|T4,internal,4,0.04682,0.035418549357847,-0.011401450642152998,0.011401450642152998
MDS-SMACOF,50,3,57,MDS_SMACOF_completed_p50_rep03_seed57.csv,terminal:T5,terminal,1,0.12997,0.10946733916571559,-0.02050266083428441,0.02050266083428441
MDS-SMACOF,50,3,57,MDS_SMACOF_completed_p50_rep03_seed57.csv,internal:T1|T2|T3|T4|T5,internal,5,0.03057,0.0,-0.03057,0.03057
MDS-SMACOF,50,3,57,MDS_SMACOF_completed_p50_rep03_seed57.csv,terminal:T6,terminal,1,0.14605,0.09064875797364463,-0.05540124202635538,0.05540124202635538
MDS-SMACOF,50,3,57,MDS_SMACOF_completed_p50_rep03_seed57.csv,internal:T1|T2|T3|T4|T5|T6,internal,6,0.0721,0.009389302796050339,-0.06271069720394966,0.06271069720394966
MDS-SMACOF,50,3,57,MDS_SMACOF_completed_p50_rep03_seed57.csv,internal:T10|T7|T8|T9,internal,4,0.08603,0.0,-0.08603,0.08603
MDS-SMACOF,50,3,57,MDS_SMACOF_completed_p50_rep03_seed57.csv,internal:T7|T8|T9,internal,3,0.05128,0.0,-0.05128,0.05128
MDS-SMACOF,50,3,57,MDS_SMACOF_completed_p50_rep03_seed57.csv,internal:T7|T8,internal,2,0.02354,0.0,-0.02354,0.02354
MDS-SMACOF,50,3,57,MDS_SMACOF_completed_p50_rep03_seed57.csv,terminal:T7,terminal,1,0.11573,0.11086361571555847,-0.004866384284441527,0.004866384284441527
MDS-SMACOF,50,3,57,MDS_SMACOF_completed_p50_rep03_seed57.csv,terminal:T8,terminal,1,0.11535,0.11350601173288334,-0.001843988267116653,0.001843988267116653
MDS-SMACOF,50,3,57,MDS_SMACOF_completed_p50_rep03_seed57.csv,terminal:T9,terminal,1,0.12153,0.1156446147755486,-0.005885385224451395,0.005885385224451395
MDS-SMACOF,50,3,57,MDS_SMACOF_completed_p50_rep03_seed57.csv,terminal:T10,terminal,1,0.18189,0.11056314062274637,-0.07132685937725362,0.07132685937725362
MDS-SMACOF,50,3,57,MDS_SMACOF_completed_p50_rep03_seed57.csv,internal:T11|T12|T13|T14|T15,internal,5,0.11651,0.01289839289138589,-0.10361160710861411,0.10361160710861411
MDS-SMACOF,50,3,57,MDS_SMACOF_completed_p50_rep03_seed57.csv,internal:T11|T12,internal,2,0.22637,0.011205413754167712,-0.2151645862458323,0.2151645862458323
MDS-SMACOF,50,3,57,MDS_SMACOF_completed_p50_rep03_seed57.csv,terminal:T11,terminal,1,0.16094,0.11605387294897243,-0.04488612705102757,0.04488612705102757
MDS-SMACOF,50,3,57,MDS_SMACOF_completed_p50_rep03_seed57.csv,terminal:T12,terminal,1,0.14942,0.11591549148675159,-0.033504508513248404,0.033504508513248404
MDS-SMACOF,50,3,57,MDS_SMACOF_completed_p50_rep03_seed57.csv,internal:T13|T14|T15,internal,3,0.18561,0.01696737801965864,-0.16864262198034136,0.16864262198034136
MDS-SMACOF,50,3,57,MDS_SMACOF_completed_p50_rep03_seed57.csv,terminal:T13,terminal,1,0.32149,0.11474775318990232,-0.20674224681009767,0.20674224681009767
MDS-SMACOF,50,3,57,MDS_SMACOF_completed_p50_rep03_seed57.csv,internal:T14|T15,internal,2,0.07113,0.002830654692462885,-0.06829934530753712,0.06829934530753712
MDS-SMACOF,50,3,57,MDS_SMACOF_completed_p50_rep03_seed57.csv,terminal:T14,terminal,1,0.34439,0.12176202900389686,-0.2226279709961031,0.2226279709961031
MDS-SMACOF,50,3,57,MDS_SMACOF_completed_p50_rep03_seed57.csv,terminal:T15,terminal,1,0.24256,0.11410976277824555,-0.12845023722175444,0.12845023722175444
MDS-SMACOF,50,4,58,MDS_SMACOF_completed_p50_rep04_seed58.csv,terminal:T1,terminal,1,0.05696,0.04382364229632122,-0.013136357703678776,0.013136357703678776
MDS-SMACOF,50,4,58,MDS_SMACOF_completed_p50_rep04_seed58.csv,internal:T2|T3,internal,2,0.03472,0.0,-0.03472,0.03472
MDS-SMACOF,50,4,58,MDS_SMACOF_completed_p50_rep04_seed58.csv,terminal:T2,terminal,1,0.02433,0.06203070723487398,0.03770070723487398,0.03770070723487398
MDS-SMACOF,50,4,58,MDS_SMACOF_completed_p50_rep04_seed58.csv,terminal:T3,terminal,1,0.02231,0.05559117088093271,0.033281170880932714,0.033281170880932714
MDS-SMACOF,50,4,58,MDS_SMACOF_completed_p50_rep04_seed58.csv,internal:T1|T2|T3,internal,3,0.01863,0.018998352110438956,0.00036835211043895547,0.00036835211043895547
MDS-SMACOF,50,4,58,MDS_SMACOF_completed_p50_rep04_seed58.csv,terminal:T4,terminal,1,0.07771,0.06716289080734394,-0.010547109192656057,0.010547109192656057
MDS-SMACOF,50,4,58,MDS_SMACOF_completed_p50_rep04_seed58.csv,internal:T1|T2|T3|T4,internal,4,0.04682,0.02697224555824714,-0.019847754441752862,0.019847754441752862
MDS-SMACOF,50,4,58,MDS_SMACOF_completed_p50_rep04_seed58.csv,terminal:T5,terminal,1,0.12997,0.10695908625314945,-0.023010913746850548,0.023010913746850548
MDS-SMACOF,50,4,58,MDS_SMACOF_completed_p50_rep04_seed58.csv,internal:T1|T2|T3|T4|T5,internal,5,0.03057,0.0,-0.03057,0.03057
MDS-SMACOF,50,4,58,MDS_SMACOF_completed_p50_rep04_seed58.csv,terminal:T6,terminal,1,0.14605,0.10073643341460845,-0.04531356658539157,0.04531356658539157
MDS-SMACOF,50,4,58,MDS_SMACOF_completed_p50_rep04_seed58.csv,internal:T1|T2|T3|T4|T5|T6,internal,6,0.0721,0.005987135095795358,-0.06611286490420464,0.06611286490420464
MDS-SMACOF,50,4,58,MDS_SMACOF_completed_p50_rep04_seed58.csv,internal:T10|T7|T8|T9,internal,4,0.08603,0.001073386139079866,-0.08495661386092013,0.08495661386092013
MDS-SMACOF,50,4,58,MDS_SMACOF_completed_p50_rep04_seed58.csv,internal:T7|T8|T9,internal,3,0.05128,0.03115601682276364,-0.02012398317723636,0.02012398317723636
MDS-SMACOF,50,4,58,MDS_SMACOF_completed_p50_rep04_seed58.csv,internal:T7|T8,internal,2,0.02354,0.011615549504591233,-0.011924450495408766,0.011924450495408766
MDS-SMACOF,50,4,58,MDS_SMACOF_completed_p50_rep04_seed58.csv,terminal:T7,terminal,1,0.11573,0.07612713679923215,-0.03960286320076785,0.03960286320076785
MDS-SMACOF,50,4,58,MDS_SMACOF_completed_p50_rep04_seed58.csv,terminal:T8,terminal,1,0.11535,0.07087455503609578,-0.04447544496390421,0.04447544496390421
MDS-SMACOF,50,4,58,MDS_SMACOF_completed_p50_rep04_seed58.csv,terminal:T9,terminal,1,0.12153,0.06889093925871603,-0.052639060741283966,0.052639060741283966
MDS-SMACOF,50,4,58,MDS_SMACOF_completed_p50_rep04_seed58.csv,terminal:T10,terminal,1,0.18189,0.10892315378915873,-0.07296684621084126,0.07296684621084126
MDS-SMACOF,50,4,58,MDS_SMACOF_completed_p50_rep04_seed58.csv,internal:T11|T12|T13|T14|T15,internal,5,0.11651,0.010843117311008675,-0.10566688268899133,0.10566688268899133
MDS-SMACOF,50,4,58,MDS_SMACOF_completed_p50_rep04_seed58.csv,internal:T11|T12,internal,2,0.22637,0.010706304281603659,-0.21566369571839633,0.21566369571839633
MDS-SMACOF,50,4,58,MDS_SMACOF_completed_p50_rep04_seed58.csv,terminal:T11,terminal,1,0.16094,0.11748295785625848,-0.04345704214374152,0.04345704214374152
MDS-SMACOF,50,4,58,MDS_SMACOF_completed_p50_rep04_seed58.csv,terminal:T12,terminal,1,0.14942,0.11660100295882427,-0.03281899704117573,0.03281899704117573
MDS-SMACOF,50,4,58,MDS_SMACOF_completed_p50_rep04_seed58.csv,internal:T13|T14|T15,internal,3,0.18561,0.011287638056013441,-0.17432236194398656,0.17432236194398656
MDS-SMACOF,50,4,58,MDS_SMACOF_completed_p50_rep04_seed58.csv,terminal:T13,terminal,1,0.32149,0.12365521621752346,-0.19783478378247654,0.19783478378247654
MDS-SMACOF,50,4,58,MDS_SMACOF_completed_p50_rep04_seed58.csv,internal:T14|T15,internal,2,0.07113,0.004528980932290497,-0.0666010190677095,0.0666010190677095
MDS-SMACOF,50,4,58,MDS_SMACOF_completed_p50_rep04_seed58.csv,terminal:T14,terminal,1,0.34439,0.11675284071244793,-0.22763715928755204,0.22763715928755204
MDS-SMACOF,50,4,58,MDS_SMACOF_completed_p50_rep04_seed58.csv,terminal:T15,terminal,1,0.24256,0.1191189510696945,-0.1234410489303055,0.1234410489303055
MDS-SMACOF,50,5,59,MDS_SMACOF_completed_p50_rep05_seed59.csv,terminal:T1,terminal,1,0.05696,0.04915136557331325,-0.007808634426686743,0.007808634426686743
MDS-SMACOF,50,5,59,MDS_SMACOF_completed_p50_rep05_seed59.csv,internal:T2|T3,internal,2,0.03472,0.030353988336614783,-0.004366011663385218,0.004366011663385218
MDS-SMACOF,50,5,59,MDS_SMACOF_completed_p50_rep05_seed59.csv,terminal:T2,terminal,1,0.02433,0.019140020892955214,-0.005189979107044787,0.005189979107044787
MDS-SMACOF,50,5,59,MDS_SMACOF_completed_p50_rep05_seed59.csv,terminal:T3,terminal,1,0.02231,0.021892128007213938,-0.0004178719927860619,0.0004178719927860619
MDS-SMACOF,50,5,59,MDS_SMACOF_completed_p50_rep05_seed59.csv,internal:T1|T2|T3,internal,3,0.01863,0.01212363111356106,-0.006506368886438942,0.006506368886438942
MDS-SMACOF,50,5,59,MDS_SMACOF_completed_p50_rep05_seed59.csv,terminal:T4,terminal,1,0.07771,0.06033266660658468,-0.017377333393415323,0.017377333393415323
MDS-SMACOF,50,5,59,MDS_SMACOF_completed_p50_rep05_seed59.csv,internal:T1|T2|T3|T4,internal,4,0.04682,0.009587003499065229,-0.03723299650093477,0.03723299650093477
MDS-SMACOF,50,5,59,MDS_SMACOF_completed_p50_rep05_seed59.csv,terminal:T5,terminal,1,0.12997,0.077991688632407,-0.051978311367593,0.051978311367593
MDS-SMACOF,50,5,59,MDS_SMACOF_completed_p50_rep05_seed59.csv,internal:T1|T2|T3|T4|T5,internal,5,0.03057,0.03198355621041734,0.0014135562104173396,0.0014135562104173396
MDS-SMACOF,50,5,59,MDS_SMACOF_completed_p50_rep05_seed59.csv,terminal:T6,terminal,1,0.14605,0.10176979836930947,-0.04428020163069055,0.04428020163069055
MDS-SMACOF,50,5,59,MDS_SMACOF_completed_p50_rep05_seed59.csv,internal:T1|T2|T3|T4|T5|T6,internal,6,0.0721,0.0018969808286857048,-0.07020301917131429,0.07020301917131429
MDS-SMACOF,50,5,59,MDS_SMACOF_completed_p50_rep05_seed59.csv,internal:T10|T7|T8|T9,internal,4,0.08603,0.00040992755154954495,-0.08562007244845045,0.08562007244845045
MDS-SMACOF,50,5,59,MDS_SMACOF_completed_p50_rep05_seed59.csv,internal:T7|T8|T9,internal,3,0.05128,0.0036544495899893748,-0.047625550410010625,0.047625550410010625
MDS-SMACOF,50,5,59,MDS_SMACOF_completed_p50_rep05_seed59.csv,internal:T7|T8,internal,2,0.02354,0.0,-0.02354,0.02354
MDS-SMACOF,50,5,59,MDS_SMACOF_completed_p50_rep05_seed59.csv,terminal:T7,terminal,1,0.11573,0.1031547595732393,-0.012575240426760698,0.012575240426760698
MDS-SMACOF,50,5,59,MDS_SMACOF_completed_p50_rep05_seed59.csv,terminal:T8,terminal,1,0.11535,0.10485563238892008,-0.010494367611079913,0.010494367611079913
MDS-SMACOF,50,5,59,MDS_SMACOF_completed_p50_rep05_seed59.csv,terminal:T9,terminal,1,0.12153,0.09755307736636641,-0.023976922633633588,0.023976922633633588
MDS-SMACOF,50,5,59,MDS_SMACOF_completed_p50_rep05_seed59.csv,terminal:T10,terminal,1,0.18189,0.10965178645305167,-0.07223821354694833,0.07223821354694833
MDS-SMACOF,50,5,59,MDS_SMACOF_completed_p50_rep05_seed59.csv,internal:T11|T12|T13|T14|T15,internal,5,0.11651,0.017813134885353934,-0.09869686511464607,0.09869686511464607
MDS-SMACOF,50,5,59,MDS_SMACOF_completed_p50_rep05_seed59.csv,internal:T11|T12,internal,2,0.22637,0.007024926452032633,-0.21934507354796737,0.21934507354796737
MDS-SMACOF,50,5,59,MDS_SMACOF_completed_p50_rep05_seed59.csv,terminal:T11,terminal,1,0.16094,0.12172070697523911,-0.03921929302476089,0.03921929302476089
MDS-SMACOF,50,5,59,MDS_SMACOF_completed_p50_rep05_seed59.csv,terminal:T12,terminal,1,0.14942,0.11661579994168089,-0.032804200058319105,0.032804200058319105
MDS-SMACOF,50,5,59,MDS_SMACOF_completed_p50_rep05_seed59.csv,internal:T13|T14|T15,internal,3,0.18561,0.012059642572311105,-0.1735503574276889,0.1735503574276889
MDS-SMACOF,50,5,59,MDS_SMACOF_completed_p50_rep05_seed59.csv,terminal:T13,terminal,1,0.32149,0.12867085217140595,-0.19281914782859405,0.19281914782859405
MDS-SMACOF,50,5,59,MDS_SMACOF_completed_p50_rep05_seed59.csv,internal:T14|T15,internal,2,0.07113,0.0,-0.07113,0.07113
MDS-SMACOF,50,5,59,MDS_SMACOF_completed_p50_rep05_seed59.csv,terminal:T14,terminal,1,0.34439,0.12375383072226752,-0.22063616927773244,0.22063616927773244
MDS-SMACOF,50,5,59,MDS_SMACOF_completed_p50_rep05_seed59.csv,terminal:T15,terminal,1,0.24256,0.11254274498497603,-0.13001725501502398,0.13001725501502398
MDS-SMACOF,50,6,60,MDS_SMACOF_completed_p50_rep06_seed60.csv,terminal:T1,terminal,1,0.05696,0.04823978280911335,-0.008720217190886649,0.008720217190886649
MDS-SMACOF,50,6,60,MDS_SMACOF_completed_p50_rep06_seed60.csv,internal:T2|T3,internal,2,0.03472,0.025169681460057304,-0.009550318539942697,0.009550318539942697
MDS-SMACOF,50,6,60,MDS_SMACOF_completed_p50_rep06_seed60.csv,terminal:T2,terminal,1,0.02433,0.019248249924973582,-0.005081750075026419,0.005081750075026419
MDS-SMACOF,50,6,60,MDS_SMACOF_completed_p50_rep06_seed60.csv,terminal:T3,terminal,1,0.02231,0.02178389897519571,-0.0005261010248042916,0.0005261010248042916
MDS-SMACOF,50,6,60,MDS_SMACOF_completed_p50_rep06_seed60.csv,internal:T1|T2|T3,internal,3,0.01863,0.01641087534676597,-0.0022191246532340322,0.0022191246532340322
MDS-SMACOF,50,6,60,MDS_SMACOF_completed_p50_rep06_seed60.csv,terminal:T4,terminal,1,0.07771,0.05931212584940304,-0.01839787415059696,0.01839787415059696
MDS-SMACOF,50,6,60,MDS_SMACOF_completed_p50_rep06_seed60.csv,internal:T1|T2|T3|T4,internal,4,0.04682,0.0164412055088526,-0.0303787944911474,0.0303787944911474
MDS-SMACOF,50,6,60,MDS_SMACOF_completed_p50_rep06_seed60.csv,terminal:T5,terminal,1,0.12997,0.08868418735847883,-0.041285812641521175,0.041285812641521175
MDS-SMACOF,50,6,60,MDS_SMACOF_completed_p50_rep06_seed60.csv,internal:T1|T2|T3|T4|T5,internal,5,0.03057,0.011559222813985593,-0.019010777186014405,0.019010777186014405
MDS-SMACOF,50,6,60,MDS_SMACOF_completed_p50_rep06_seed60.csv,terminal:T6,terminal,1,0.14605,0.08999073579506225,-0.05605926420493776,0.05605926420493776
MDS-SMACOF,50,6,60,MDS_SMACOF_completed_p50_rep06_seed60.csv,internal:T1|T2|T3|T4|T5|T6,internal,6,0.0721,0.011214464319717428,-0.06088553568028257,0.06088553568028257
MDS-SMACOF,50,6,60,MDS_SMACOF_completed_p50_rep06_seed60.csv,internal:T10|T7|T8|T9,internal,4,0.08603,0.01735763611928009,-0.0686723638807199,0.0686723638807199
MDS-SMACOF,50,6,60,MDS_SMACOF_completed_p50_rep06_seed60.csv,internal:T7|T8|T9,internal,3,0.05128,0.0002758593584241295,-0.05100414064157587,0.05100414064157587
MDS-SMACOF,50,6,60,MDS_SMACOF_completed_p50_rep06_seed60.csv,internal:T7|T8,internal,2,0.02354,0.0173226050630444,-0.0062173949369555975,0.0062173949369555975
MDS-SMACOF,50,6,60,MDS_SMACOF_completed_p50_rep06_seed60.csv,terminal:T7,terminal,1,0.11573,0.06914188352542561,-0.04658811647457439,0.04658811647457439
MDS-SMACOF,50,6,60,MDS_SMACOF_completed_p50_rep06_seed60.csv,terminal:T8,terminal,1,0.11535,0.07785980830990233,-0.037490191690097666,0.037490191690097666
MDS-SMACOF,50,6,60,MDS_SMACOF_completed_p50_rep06_seed60.csv,terminal:T9,terminal,1,0.12153,0.09324990268528399,-0.028280097314716007,0.028280097314716007
MDS-SMACOF,50,6,60,MDS_SMACOF_completed_p50_rep06_seed60.csv,terminal:T10,terminal,1,0.18189,0.09669158856370594,-0.08519841143629406,0.08519841143629406
MDS-SMACOF,50,6,60,MDS_SMACOF_completed_p50_rep06_seed60.csv,internal:T11|T12|T13|T14|T15,internal,5,0.11651,0.009474548308328765,-0.10703545169167124,0.10703545169167124
MDS-SMACOF,50,6,60,MDS_SMACOF_completed_p50_rep06_seed60.csv,internal:T11|T12,internal,2,0.22637,0.042928631898714396,-0.18344136810128558,0.18344136810128558
MDS-SMACOF,50,6,60,MDS_SMACOF_completed_p50_rep06_seed60.csv,terminal:T11,terminal,1,0.16094,0.0842027170034885,-0.0767372829965115,0.0767372829965115
MDS-SMACOF,50,6,60,MDS_SMACOF_completed_p50_rep06_seed60.csv,terminal:T12,terminal,1,0.14942,0.08878638364803673,-0.060633616351963265,0.060633616351963265
MDS-SMACOF,50,6,60,MDS_SMACOF_completed_p50_rep06_seed60.csv,internal:T13|T14|T15,internal,3,0.18561,0.014781996121590573,-0.17082800387840943,0.17082800387840943
MDS-SMACOF,50,6,60,MDS_SMACOF_completed_p50_rep06_seed60.csv,terminal:T13,terminal,1,0.32149,0.12407680189273597,-0.19741319810726404,0.19741319810726404
MDS-SMACOF,50,6,60,MDS_SMACOF_completed_p50_rep06_seed60.csv,internal:T14|T15,internal,2,0.07113,0.0,-0.07113,0.07113
MDS-SMACOF,50,6,60,MDS_SMACOF_completed_p50_rep06_seed60.csv,terminal:T14,terminal,1,0.34439,0.11784926958010658,-0.2265407304198934,0.2265407304198934
MDS-SMACOF,50,6,60,MDS_SMACOF_completed_p50_rep06_seed60.csv,terminal:T15,terminal,1,0.24256,0.11871415724282454,-0.12384584275717546,0.12384584275717546
MDS-SMACOF,50,7,61,MDS_SMACOF_completed_p50_rep07_seed61.csv,terminal:T1,terminal,1,0.05696,0.10030992526726136,0.04334992526726136,0.04334992526726136
MDS-SMACOF,50,7,61,MDS_SMACOF_completed_p50_rep07_seed61.csv,internal:T2|T3,internal,2,0.03472,0.0,-0.03472,0.03472
MDS-SMACOF,50,7,61,MDS_SMACOF_completed_p50_rep07_seed61.csv,terminal:T2,terminal,1,0.02433,0.09131553105019145,0.06698553105019145,0.06698553105019145
MDS-SMACOF,50,7,61,MDS_SMACOF_completed_p50_rep07_seed61.csv,terminal:T3,terminal,1,0.02231,0.09031803801321717,0.06800803801321717,0.06800803801321717
MDS-SMACOF,50,7,61,MDS_SMACOF_completed_p50_rep07_seed61.csv,internal:T1|T2|T3,internal,3,0.01863,0.0,-0.01863,0.01863
MDS-SMACOF,50,7,61,MDS_SMACOF_completed_p50_rep07_seed61.csv,terminal:T4,terminal,1,0.07771,0.0856128755744532,0.007902875574453197,0.007902875574453197
MDS-SMACOF,50,7,61,MDS_SMACOF_completed_p50_rep07_seed61.csv,internal:T1|T2|T3|T4,internal,4,0.04682,0.007914533622818888,-0.03890546637718111,0.03890546637718111
MDS-SMACOF,50,7,61,MDS_SMACOF_completed_p50_rep07_seed61.csv,terminal:T5,terminal,1,0.12997,0.10251770590838388,-0.02745229409161612,0.02745229409161612
MDS-SMACOF,50,7,61,MDS_SMACOF_completed_p50_rep07_seed61.csv,internal:T1|T2|T3|T4|T5,internal,5,0.03057,0.007926924880287796,-0.022643075119712204,0.022643075119712204
MDS-SMACOF,50,7,61,MDS_SMACOF_completed_p50_rep07_seed61.csv,terminal:T6,terminal,1,0.14605,0.10989179196539935,-0.03615820803460067,0.03615820803460067
MDS-SMACOF,50,7,61,MDS_SMACOF_completed_p50_rep07_seed61.csv,internal:T1|T2|T3|T4|T5|T6,internal,6,0.0721,0.0,-0.0721,0.0721
MDS-SMACOF,50,7,61,MDS_SMACOF_completed_p50_rep07_seed61.csv,internal:T10|T7|T8|T9,internal,4,0.08603,0.005624456329454276,-0.08040554367054573,0.08040554367054573
MDS-SMACOF,50,7,61,MDS_SMACOF_completed_p50_rep07_seed61.csv,internal:T7|T8|T9,internal,3,0.05128,0.03307137986129805,-0.018208620138701948,0.018208620138701948
MDS-SMACOF,50,7,61,MDS_SMACOF_completed_p50_rep07_seed61.csv,internal:T7|T8,internal,2,0.02354,0.0006116470446638615,-0.022928352955336136,0.022928352955336136
MDS-SMACOF,50,7,61,MDS_SMACOF_completed_p50_rep07_seed61.csv,terminal:T7,terminal,1,0.11573,0.06784248975961407,-0.04788751024038593,0.04788751024038593
MDS-SMACOF,50,7,61,MDS_SMACOF_completed_p50_rep07_seed61.csv,terminal:T8,terminal,1,0.11535,0.0791592020757139,-0.03619079792428609,0.03619079792428609
MDS-SMACOF,50,7,61,MDS_SMACOF_completed_p50_rep07_seed61.csv,terminal:T9,terminal,1,0.12153,0.07989484171864336,-0.04163515828135664,0.04163515828135664
MDS-SMACOF,50,7,61,MDS_SMACOF_completed_p50_rep07_seed61.csv,terminal:T10,terminal,1,0.18189,0.11074810147047313,-0.07114189852952686,0.07114189852952686
MDS-SMACOF,50,7,61,MDS_SMACOF_completed_p50_rep07_seed61.csv,internal:T11|T12|T13|T14|T15,internal,5,0.11651,0.008894293419527665,-0.10761570658047234,0.10761570658047234
MDS-SMACOF,50,7,61,MDS_SMACOF_completed_p50_rep07_seed61.csv,internal:T11|T12,internal,2,0.22637,0.04192339151541983,-0.18444660848458017,0.18444660848458017
MDS-SMACOF,50,7,61,MDS_SMACOF_completed_p50_rep07_seed61.csv,terminal:T11,terminal,1,0.16094,0.09085329210433662,-0.07008670789566337,0.07008670789566337
MDS-SMACOF,50,7,61,MDS_SMACOF_completed_p50_rep07_seed61.csv,terminal:T12,terminal,1,0.14942,0.08213580854718866,-0.06728419145281134,0.06728419145281134
MDS-SMACOF,50,7,61,MDS_SMACOF_completed_p50_rep07_seed61.csv,internal:T13|T14|T15,internal,3,0.18561,0.014106507792765227,-0.17150349220723476,0.17150349220723476
MDS-SMACOF,50,7,61,MDS_SMACOF_completed_p50_rep07_seed61.csv,terminal:T13,terminal,1,0.32149,0.12502044482448,-0.19646955517552,0.19646955517552
MDS-SMACOF,50,7,61,MDS_SMACOF_completed_p50_rep07_seed61.csv,internal:T14|T15,internal,2,0.07113,0.0027197587036694526,-0.06841024129633054,0.06841024129633054
MDS-SMACOF,50,7,61,MDS_SMACOF_completed_p50_rep07_seed61.csv,terminal:T14,terminal,1,0.34439,0.1249026537799724,-0.21948734622002758,0.21948734622002758
MDS-SMACOF,50,7,61,MDS_SMACOF_completed_p50_rep07_seed61.csv,terminal:T15,terminal,1,0.24256,0.11096913800217002,-0.13159086199783,0.13159086199783
MDS-SMACOF,50,8,62,MDS_SMACOF_completed_p50_rep08_seed62.csv,terminal:T1,terminal,1,0.05696,0.05086112423276394,-0.006098875767236056,0.006098875767236056
MDS-SMACOF,50,8,62,MDS_SMACOF_completed_p50_rep08_seed62.csv,internal:T2|T3,internal,2,0.03472,0.0,-0.03472,0.03472
MDS-SMACOF,50,8,62,MDS_SMACOF_completed_p50_rep08_seed62.csv,terminal:T2,terminal,1,0.02433,0.05198627541126137,0.02765627541126137,0.02765627541126137
MDS-SMACOF,50,8,62,MDS_SMACOF_completed_p50_rep08_seed62.csv,terminal:T3,terminal,1,0.02231,0.04668727718501555,0.02437727718501555,0.02437727718501555
MDS-SMACOF,50,8,62,MDS_SMACOF_completed_p50_rep08_seed62.csv,internal:T1|T2|T3,internal,3,0.01863,0.006906455521056178,-0.011723544478943823,0.011723544478943823
MDS-SMACOF,50,8,62,MDS_SMACOF_completed_p50_rep08_seed62.csv,terminal:T4,terminal,1,0.07771,0.05752831256614938,-0.02018168743385062,0.02018168743385062
MDS-SMACOF,50,8,62,MDS_SMACOF_completed_p50_rep08_seed62.csv,internal:T1|T2|T3|T4,internal,4,0.04682,0.02320206162749827,-0.02361793837250173,0.02361793837250173
MDS-SMACOF,50,8,62,MDS_SMACOF_completed_p50_rep08_seed62.csv,terminal:T5,terminal,1,0.12997,0.0900540855644681,-0.0399159144355319,0.0399159144355319
MDS-SMACOF,50,8,62,MDS_SMACOF_completed_p50_rep08_seed62.csv,internal:T1|T2|T3|T4|T5,internal,5,0.03057,0.0015990187144903176,-0.02897098128550968,0.02897098128550968
MDS-SMACOF,50,8,62,MDS_SMACOF_completed_p50_rep08_seed62.csv,terminal:T6,terminal,1,0.14605,0.09090404050709026,-0.05514595949290975,0.05514595949290975
MDS-SMACOF,50,8,62,MDS_SMACOF_completed_p50_rep08_seed62.csv,internal:T1|T2|T3|T4|T5|T6,internal,6,0.0721,0.022985729267576516,-0.049114270732423485,0.049114270732423485
MDS-SMACOF,50,8,62,MDS_SMACOF_completed_p50_rep08_seed62.csv,internal:T10|T7|T8|T9,internal,4,0.08603,0.0,-0.08603,0.08603
MDS-SMACOF,50,8,62,MDS_SMACOF_completed_p50_rep08_seed62.csv,internal:T7|T8|T9,internal,3,0.05128,0.017231094365378688,-0.03404890563462131,0.03404890563462131
MDS-SMACOF,50,8,62,MDS_SMACOF_completed_p50_rep08_seed62.csv,internal:T7|T8,internal,2,0.02354,0.0,-0.02354,0.02354
MDS-SMACOF,50,8,62,MDS_SMACOF_completed_p50_rep08_seed62.csv,terminal:T7,terminal,1,0.11573,0.08600439790669487,-0.02972560209330513,0.02972560209330513
MDS-SMACOF,50,8,62,MDS_SMACOF_completed_p50_rep08_seed62.csv,terminal:T8,terminal,1,0.11535,0.0950878072834486,-0.0202621927165514,0.0202621927165514
MDS-SMACOF,50,8,62,MDS_SMACOF_completed_p50_rep08_seed62.csv,terminal:T9,terminal,1,0.12153,0.0856490049070473,-0.0358809950929527,0.0358809950929527
MDS-SMACOF,50,8,62,MDS_SMACOF_completed_p50_rep08_seed62.csv,terminal:T10,terminal,1,0.18189,0.10545005721152424,-0.07643994278847575,0.07643994278847575
MDS-SMACOF,50,8,62,MDS_SMACOF_completed_p50_rep08_seed62.csv,internal:T11|T12|T13|T14|T15,internal,5,0.11651,0.022825487280665822,-0.09368451271933417,0.09368451271933417
MDS-SMACOF,50,8,62,MDS_SMACOF_completed_p50_rep08_seed62.csv,internal:T11|T12,internal,2,0.22637,0.024499000242614293,-0.2018709997573857,0.2018709997573857
MDS-SMACOF,50,8,62,MDS_SMACOF_completed_p50_rep08_seed62.csv,terminal:T11,terminal,1,0.16094,0.09414372729623662,-0.06679627270376338,0.06679627270376338
MDS-SMACOF,50,8,62,MDS_SMACOF_completed_p50_rep08_seed62.csv,terminal:T12,terminal,1,0.14942,0.07884537335528868,-0.07057462664471131,0.07057462664471131
MDS-SMACOF,50,8,62,MDS_SMACOF_completed_p50_rep08_seed62.csv,internal:T13|T14|T15,internal,3,0.18561,0.008046672181449083,-0.17756332781855091,0.17756332781855091
MDS-SMACOF,50,8,62,MDS_SMACOF_completed_p50_rep08_seed62.csv,terminal:T13,terminal,1,0.32149,0.1256980601659697,-0.1957919398340303,0.1957919398340303
MDS-SMACOF,50,8,62,MDS_SMACOF_completed_p50_rep08_seed62.csv,internal:T14|T15,internal,2,0.07113,0.0,-0.07113,0.07113
MDS-SMACOF,50,8,62,MDS_SMACOF_completed_p50_rep08_seed62.csv,terminal:T14,terminal,1,0.34439,0.13123034699955297,-0.213159653000447,0.213159653000447
MDS-SMACOF,50,8,62,MDS_SMACOF_completed_p50_rep08_seed62.csv,terminal:T15,terminal,1,0.24256,0.1182281901681499,-0.1243318098318501,0.1243318098318501
MDS-SMACOF,50,9,63,MDS_SMACOF_completed_p50_rep09_seed63.csv,terminal:T1,terminal,1,0.05696,0.0720483511910382,0.015088351191038199,0.015088351191038199
MDS-SMACOF,50,9,63,MDS_SMACOF_completed_p50_rep09_seed63.csv,internal:T2|T3,internal,2,0.03472,0.0,-0.03472,0.03472
MDS-SMACOF,50,9,63,MDS_SMACOF_completed_p50_rep09_seed63.csv,terminal:T2,terminal,1,0.02433,0.06489883810092617,0.040568838100926166,0.040568838100926166
MDS-SMACOF,50,9,63,MDS_SMACOF_completed_p50_rep09_seed63.csv,terminal:T3,terminal,1,0.02231,0.07085853177584553,0.04854853177584553,0.04854853177584553
MDS-SMACOF,50,9,63,MDS_SMACOF_completed_p50_rep09_seed63.csv,internal:T1|T2|T3,internal,3,0.01863,0.0,-0.01863,0.01863
MDS-SMACOF,50,9,63,MDS_SMACOF_completed_p50_rep09_seed63.csv,terminal:T4,terminal,1,0.07771,0.0643279575137695,-0.013382042486230497,0.013382042486230497
MDS-SMACOF,50,9,63,MDS_SMACOF_completed_p50_rep09_seed63.csv,internal:T1|T2|T3|T4,internal,4,0.04682,0.006501530424295825,-0.040318469575704174,0.040318469575704174
MDS-SMACOF,50,9,63,MDS_SMACOF_completed_p50_rep09_seed63.csv,terminal:T5,terminal,1,0.12997,0.07786146926639474,-0.05210853073360526,0.05210853073360526
MDS-SMACOF,50,9,63,MDS_SMACOF_completed_p50_rep09_seed63.csv,internal:T1|T2|T3|T4|T5,internal,5,0.03057,0.015110824431389364,-0.015459175568610636,0.015459175568610636
MDS-SMACOF,50,9,63,MDS_SMACOF_completed_p50_rep09_seed63.csv,terminal:T6,terminal,1,0.14605,0.09556220666182198,-0.05048779333817803,0.05048779333817803
MDS-SMACOF,50,9,63,MDS_SMACOF_completed_p50_rep09_seed63.csv,internal:T1|T2|T3|T4|T5|T6,internal,6,0.0721,0.012974691762549413,-0.05912530823745059,0.05912530823745059
MDS-SMACOF,50,9,63,MDS_SMACOF_completed_p50_rep09_seed63.csv,internal:T10|T7|T8|T9,internal,4,0.08603,0.0021286878239593315,-0.08390131217604066,0.08390131217604066
MDS-SMACOF,50,9,63,MDS_SMACOF_completed_p50_rep09_seed63.csv,internal:T7|T8|T9,internal,3,0.05128,0.006078465382442225,-0.04520153461755777,0.04520153461755777
MDS-SMACOF,50,9,63,MDS_SMACOF_completed_p50_rep09_seed63.csv,internal:T7|T8,internal,2,0.02354,0.0,-0.02354,0.02354
MDS-SMACOF,50,9,63,MDS_SMACOF_completed_p50_rep09_seed63.csv,terminal:T7,terminal,1,0.11573,0.09938849061220462,-0.016341509387795383,0.016341509387795383
MDS-SMACOF,50,9,63,MDS_SMACOF_completed_p50_rep09_seed63.csv,terminal:T8,terminal,1,0.11535,0.1115970206141306,-0.0037529793858693955,0.0037529793858693955
MDS-SMACOF,50,9,63,MDS_SMACOF_completed_p50_rep09_seed63.csv,terminal:T9,terminal,1,0.12153,0.089219900911324,-0.032310099088676006,0.032310099088676006
MDS-SMACOF,50,9,63,MDS_SMACOF_completed_p50_rep09_seed63.csv,terminal:T10,terminal,1,0.18189,0.10726227182315477,-0.07462772817684522,0.07462772817684522
MDS-SMACOF,50,9,63,MDS_SMACOF_completed_p50_rep09_seed63.csv,internal:T11|T12|T13|T14|T15,internal,5,0.11651,0.018511667772814433,-0.09799833222718557,0.09799833222718557
MDS-SMACOF,50,9,63,MDS_SMACOF_completed_p50_rep09_seed63.csv,internal:T11|T12,internal,2,0.22637,0.028848665251795826,-0.19752133474820416,0.19752133474820416
MDS-SMACOF,50,9,63,MDS_SMACOF_completed_p50_rep09_seed63.csv,terminal:T11,terminal,1,0.16094,0.08355649794087616,-0.07738350205912384,0.07738350205912384
MDS-SMACOF,50,9,63,MDS_SMACOF_completed_p50_rep09_seed63.csv,terminal:T12,terminal,1,0.14942,0.0894326027106491,-0.0599873972893509,0.0599873972893509
MDS-SMACOF,50,9,63,MDS_SMACOF_completed_p50_rep09_seed63.csv,internal:T13|T14|T15,internal,3,0.18561,0.011717451506986463,-0.17389254849301353,0.17389254849301353
MDS-SMACOF,50,9,63,MDS_SMACOF_completed_p50_rep09_seed63.csv,terminal:T13,terminal,1,0.32149,0.11927978132169718,-0.2022102186783028,0.2022102186783028
MDS-SMACOF,50,9,63,MDS_SMACOF_completed_p50_rep09_seed63.csv,internal:T14|T15,internal,2,0.07113,0.0026594490929244393,-0.06847055090707556,0.06847055090707556
MDS-SMACOF,50,9,63,MDS_SMACOF_completed_p50_rep09_seed63.csv,terminal:T14,terminal,1,0.34439,0.1177835762887927,-0.22660642371120726,0.22660642371120726
MDS-SMACOF,50,9,63,MDS_SMACOF_completed_p50_rep09_seed63.csv,terminal:T15,terminal,1,0.24256,0.11808821549334973,-0.12447178450665027,0.12447178450665027
MDS-SMACOF,50,10,64,MDS_SMACOF_completed_p50_rep10_seed64.csv,terminal:T1,terminal,1,0.05696,0.0799910366288239,0.0230310366288239,0.0230310366288239
MDS-SMACOF,50,10,64,MDS_SMACOF_completed_p50_rep10_seed64.csv,internal:T2|T3,internal,2,0.03472,0.0,-0.03472,0.03472
MDS-SMACOF,50,10,64,MDS_SMACOF_completed_p50_rep10_seed64.csv,terminal:T2,terminal,1,0.02433,0.08478410065902761,0.06045410065902761,0.06045410065902761
MDS-SMACOF,50,10,64,MDS_SMACOF_completed_p50_rep10_seed64.csv,terminal:T3,terminal,1,0.02231,0.09533018171838427,0.07302018171838427,0.07302018171838427
MDS-SMACOF,50,10,64,MDS_SMACOF_completed_p50_rep10_seed64.csv,internal:T1|T2|T3,internal,3,0.01863,0.008868117188971186,-0.009761882811028815,0.009761882811028815
MDS-SMACOF,50,10,64,MDS_SMACOF_completed_p50_rep10_seed64.csv,terminal:T4,terminal,1,0.07771,0.11156689944058754,0.033856899440587535,0.033856899440587535
MDS-SMACOF,50,10,64,MDS_SMACOF_completed_p50_rep10_seed64.csv,internal:T1|T2|T3|T4,internal,4,0.04682,0.0,-0.04682,0.04682
MDS-SMACOF,50,10,64,MDS_SMACOF_completed_p50_rep10_seed64.csv,terminal:T5,terminal,1,0.12997,0.09465857344654241,-0.03531142655345759,0.03531142655345759
MDS-SMACOF,50,10,64,MDS_SMACOF_completed_p50_rep10_seed64.csv,internal:T1|T2|T3|T4|T5,internal,5,0.03057,0.0,-0.03057,0.03057
MDS-SMACOF,50,10,64,MDS_SMACOF_completed_p50_rep10_seed64.csv,terminal:T6,terminal,1,0.14605,0.087287498020021,-0.05876250197997901,0.05876250197997901
MDS-SMACOF,50,10,64,MDS_SMACOF_completed_p50_rep10_seed64.csv,internal:T1|T2|T3|T4|T5|T6,internal,6,0.0721,0.011209340796367031,-0.060890659203632964,0.060890659203632964
MDS-SMACOF,50,10,64,MDS_SMACOF_completed_p50_rep10_seed64.csv,internal:T10|T7|T8|T9,internal,4,0.08603,0.010023661140892485,-0.07600633885910751,0.07600633885910751
MDS-SMACOF,50,10,64,MDS_SMACOF_completed_p50_rep10_seed64.csv,internal:T7|T8|T9,internal,3,0.05128,0.02529122822269096,-0.02598877177730904,0.02598877177730904
MDS-SMACOF,50,10,64,MDS_SMACOF_completed_p50_rep10_seed64.csv,internal:T7|T8,internal,2,0.02354,0.0013677506837227388,-0.02217224931627726,0.02217224931627726
MDS-SMACOF,50,10,64,MDS_SMACOF_completed_p50_rep10_seed64.csv,terminal:T7,terminal,1,0.11573,0.07306948169446496,-0.042660518305535036,0.042660518305535036
MDS-SMACOF,50,10,64,MDS_SMACOF_completed_p50_rep10_seed64.csv,terminal:T8,terminal,1,0.11535,0.07393221014086307,-0.041417789859136925,0.041417789859136925
MDS-SMACOF,50,10,64,MDS_SMACOF_completed_p50_rep10_seed64.csv,terminal:T9,terminal,1,0.12153,0.0791387380795844,-0.042391261920415604,0.042391261920415604
MDS-SMACOF,50,10,64,MDS_SMACOF_completed_p50_rep10_seed64.csv,terminal:T10,terminal,1,0.18189,0.09916491076580224,-0.08272508923419776,0.08272508923419776
MDS-SMACOF,50,10,64,MDS_SMACOF_completed_p50_rep10_seed64.csv,internal:T11|T12|T13|T14|T15,internal,5,0.11651,0.009853744603805649,-0.10665625539619436,0.10665625539619436
MDS-SMACOF,50,10,64,MDS_SMACOF_completed_p50_rep10_seed64.csv,internal:T11|T12,internal,2,0.22637,0.004732651556738191,-0.2216373484432618,0.2216373484432618
MDS-SMACOF,50,10,64,MDS_SMACOF_completed_p50_rep10_seed64.csv,terminal:T11,terminal,1,0.16094,0.11994644906404144,-0.040993550935958564,0.040993550935958564
MDS-SMACOF,50,10,64,MDS_SMACOF_completed_p50_rep10_seed64.csv,terminal:T12,terminal,1,0.14942,0.11784451193584194,-0.03157548806415805,0.03157548806415805
MDS-SMACOF,50,10,64,MDS_SMACOF_completed_p50_rep10_seed64.csv,internal:T13|T14|T15,internal,3,0.18561,0.019080128033193165,-0.16652987196680683,0.16652987196680683
MDS-SMACOF,50,10,64,MDS_SMACOF_completed_p50_rep10_seed64.csv,terminal:T13,terminal,1,0.32149,0.11482475996028983,-0.20666524003971015,0.20666524003971015
MDS-SMACOF,50,10,64,MDS_SMACOF_completed_p50_rep10_seed64.csv,internal:T14|T15,internal,2,0.07113,0.0030395808481092695,-0.06809041915189074,0.06809041915189074
MDS-SMACOF,50,10,64,MDS_SMACOF_completed_p50_rep10_seed64.csv,terminal:T14,terminal,1,0.34439,0.12095895533846081,-0.22343104466153918,0.22343104466153918
MDS-SMACOF,50,10,64,MDS_SMACOF_completed_p50_rep10_seed64.csv,terminal:T15,terminal,1,0.24256,0.11491283644368161,-0.1276471635563184,0.1276471635563184
MDS-SMACOF,50,11,65,MDS_SMACOF_completed_p50_rep11_seed65.csv,terminal:T1,terminal,1,0.05696,0.044788456708520726,-0.012171543291479271,0.012171543291479271
MDS-SMACOF,50,11,65,MDS_SMACOF_completed_p50_rep11_seed65.csv,internal:T2|T3,internal,2,0.03472,0.03223322288908232,-0.0024867771109176803,0.0024867771109176803
MDS-SMACOF,50,11,65,MDS_SMACOF_completed_p50_rep11_seed65.csv,terminal:T2,terminal,1,0.02433,0.023519257783255452,-0.0008107422167445491,0.0008107422167445491
MDS-SMACOF,50,11,65,MDS_SMACOF_completed_p50_rep11_seed65.csv,terminal:T3,terminal,1,0.02231,0.017512891116913835,-0.0047971088830861645,0.0047971088830861645
MDS-SMACOF,50,11,65,MDS_SMACOF_completed_p50_rep11_seed65.csv,internal:T1|T2|T3,internal,3,0.01863,0.0025034294063298653,-0.016126570593670134,0.016126570593670134
MDS-SMACOF,50,11,65,MDS_SMACOF_completed_p50_rep11_seed65.csv,terminal:T4,terminal,1,0.07771,0.054350452307227216,-0.023359547692772785,0.023359547692772785
MDS-SMACOF,50,11,65,MDS_SMACOF_completed_p50_rep11_seed65.csv,internal:T1|T2|T3|T4,internal,4,0.04682,0.0281080434391709,-0.0187119565608291,0.0187119565608291
MDS-SMACOF,50,11,65,MDS_SMACOF_completed_p50_rep11_seed65.csv,terminal:T5,terminal,1,0.12997,0.07329028787966752,-0.05667971212033249,0.05667971212033249
MDS-SMACOF,50,11,65,MDS_SMACOF_completed_p50_rep11_seed65.csv,internal:T1|T2|T3|T4|T5,internal,5,0.03057,0.019832493095731884,-0.010737506904268116,0.010737506904268116
MDS-SMACOF,50,11,65,MDS_SMACOF_completed_p50_rep11_seed65.csv,terminal:T6,terminal,1,0.14605,0.09651977417534727,-0.049530225824652746,0.049530225824652746
MDS-SMACOF,50,11,65,MDS_SMACOF_completed_p50_rep11_seed65.csv,internal:T1|T2|T3|T4|T5|T6,internal,6,0.0721,0.009125554483688394,-0.06297444551631161,0.06297444551631161
MDS-SMACOF,50,11,65,MDS_SMACOF_completed_p50_rep11_seed65.csv,internal:T10|T7|T8|T9,internal,4,0.08603,0.0,-0.08603,0.08603
MDS-SMACOF,50,11,65,MDS_SMACOF_completed_p50_rep11_seed65.csv,internal:T7|T8|T9,internal,3,0.05128,0.0,-0.05128,0.05128
MDS-SMACOF,50,11,65,MDS_SMACOF_completed_p50_rep11_seed65.csv,internal:T7|T8,internal,2,0.02354,0.0,-0.02354,0.02354
MDS-SMACOF,50,11,65,MDS_SMACOF_completed_p50_rep11_seed65.csv,terminal:T7,terminal,1,0.11573,0.10198664807612956,-0.01374335192387044,0.01374335192387044
MDS-SMACOF,50,11,65,MDS_SMACOF_completed_p50_rep11_seed65.csv,terminal:T8,terminal,1,0.11535,0.1111659245288133,-0.004184075471186696,0.004184075471186696
MDS-SMACOF,50,11,65,MDS_SMACOF_completed_p50_rep11_seed65.csv,terminal:T9,terminal,1,0.12153,0.10198767065180075,-0.019542329348199244,0.019542329348199244
MDS-SMACOF,50,11,65,MDS_SMACOF_completed_p50_rep11_seed65.csv,terminal:T10,terminal,1,0.18189,0.10380957306016747,-0.07808042693983253,0.07808042693983253
MDS-SMACOF,50,11,65,MDS_SMACOF_completed_p50_rep11_seed65.csv,internal:T11|T12|T13|T14|T15,internal,5,0.11651,0.023782780477043897,-0.09272721952295611,0.09272721952295611
MDS-SMACOF,50,11,65,MDS_SMACOF_completed_p50_rep11_seed65.csv,internal:T11|T12,internal,2,0.22637,0.0,-0.22637,0.22637
MDS-SMACOF,50,11,65,MDS_SMACOF_completed_p50_rep11_seed65.csv,terminal:T11,terminal,1,0.16094,0.10823954311615232,-0.05270045688384768,0.05270045688384768
MDS-SMACOF,50,11,65,MDS_SMACOF_completed_p50_rep11_seed65.csv,terminal:T12,terminal,1,0.14942,0.11725957968051913,-0.03216042031948087,0.03216042031948087
MDS-SMACOF,50,11,65,MDS_SMACOF_completed_p50_rep11_seed65.csv,internal:T13|T14|T15,internal,3,0.18561,0.003282805927818122,-0.18232719407218187,0.18232719407218187
MDS-SMACOF,50,11,65,MDS_SMACOF_completed_p50_rep11_seed65.csv,terminal:T13,terminal,1,0.32149,0.11551534616806929,-0.2059746538319307,0.2059746538319307
MDS-SMACOF,50,11,65,MDS_SMACOF_completed_p50_rep11_seed65.csv,internal:T14|T15,internal,2,0.07113,0.0037573504860980342,-0.06737264951390197,0.06737264951390197
MDS-SMACOF,50,11,65,MDS_SMACOF_completed_p50_rep11_seed65.csv,terminal:T14,terminal,1,0.34439,0.11610254065365443,-0.22828745934634553,0.22828745934634553
MDS-SMACOF,50,11,65,MDS_SMACOF_completed_p50_rep11_seed65.csv,terminal:T15,terminal,1,0.24256,0.11976925112848798,-0.12279074887151202,0.12279074887151202
MDS-SMACOF,50,12,66,MDS_SMACOF_completed_p50_rep12_seed66.csv,terminal:T1,terminal,1,0.05696,0.09615577774734431,0.03919577774734431,0.03919577774734431
MDS-SMACOF,50,12,66,MDS_SMACOF_completed_p50_rep12_seed66.csv,internal:T2|T3,internal,2,0.03472,0.07429716728159978,0.03957716728159978,0.03957716728159978
MDS-SMACOF,50,12,66,MDS_SMACOF_completed_p50_rep12_seed66.csv,terminal:T2,terminal,1,0.02433,0.021593455267733448,-0.0027365447322665534,0.0027365447322665534
MDS-SMACOF,50,12,66,MDS_SMACOF_completed_p50_rep12_seed66.csv,terminal:T3,terminal,1,0.02231,0.019438693632435805,-0.002871306367564195,0.002871306367564195
MDS-SMACOF,50,12,66,MDS_SMACOF_completed_p50_rep12_seed66.csv,internal:T1|T2|T3,internal,3,0.01863,0.0,-0.01863,0.01863
MDS-SMACOF,50,12,66,MDS_SMACOF_completed_p50_rep12_seed66.csv,terminal:T4,terminal,1,0.07771,0.09588251410471424,0.018172514104714238,0.018172514104714238
MDS-SMACOF,50,12,66,MDS_SMACOF_completed_p50_rep12_seed66.csv,internal:T1|T2|T3|T4,internal,4,0.04682,0.0,-0.04682,0.04682
MDS-SMACOF,50,12,66,MDS_SMACOF_completed_p50_rep12_seed66.csv,terminal:T5,terminal,1,0.12997,0.08401053897610465,-0.04595946102389535,0.04595946102389535
MDS-SMACOF,50,12,66,MDS_SMACOF_completed_p50_rep12_seed66.csv,internal:T1|T2|T3|T4|T5,internal,5,0.03057,0.0,-0.03057,0.03057
MDS-SMACOF,50,12,66,MDS_SMACOF_completed_p50_rep12_seed66.csv,terminal:T6,terminal,1,0.14605,0.09728963636344487,-0.04876036363655514,0.04876036363655514
MDS-SMACOF,50,12,66,MDS_SMACOF_completed_p50_rep12_seed66.csv,internal:T1|T2|T3|T4|T5|T6,internal,6,0.0721,0.012287232880024786,-0.05981276711997521,0.05981276711997521
MDS-SMACOF,50,12,66,MDS_SMACOF_completed_p50_rep12_seed66.csv,internal:T10|T7|T8|T9,internal,4,0.08603,0.012789707167640427,-0.07324029283235957,0.07324029283235957
MDS-SMACOF,50,12,66,MDS_SMACOF_completed_p50_rep12_seed66.csv,internal:T7|T8|T9,internal,3,0.05128,0.020655023095842415,-0.030624976904157584,0.030624976904157584
MDS-SMACOF,50,12,66,MDS_SMACOF_completed_p50_rep12_seed66.csv,internal:T7|T8,internal,2,0.02354,0.004000714843104793,-0.019539285156895205,0.019539285156895205
MDS-SMACOF,50,12,66,MDS_SMACOF_completed_p50_rep12_seed66.csv,terminal:T7,terminal,1,0.11573,0.06967415660109248,-0.04605584339890752,0.04605584339890752
MDS-SMACOF,50,12,66,MDS_SMACOF_completed_p50_rep12_seed66.csv,terminal:T8,terminal,1,0.11535,0.07732753523423556,-0.03802246476576443,0.03802246476576443
MDS-SMACOF,50,12,66,MDS_SMACOF_completed_p50_rep12_seed66.csv,terminal:T9,terminal,1,0.12153,0.07650577392020243,-0.04502422607979757,0.04502422607979757
MDS-SMACOF,50,12,66,MDS_SMACOF_completed_p50_rep12_seed66.csv,terminal:T10,terminal,1,0.18189,0.10336627066472563,-0.07852372933527436,0.07852372933527436
MDS-SMACOF,50,12,66,MDS_SMACOF_completed_p50_rep12_seed66.csv,internal:T11|T12|T13|T14|T15,internal,5,0.11651,0.015124860053979842,-0.10138513994602016,0.10138513994602016
MDS-SMACOF,50,12,66,MDS_SMACOF_completed_p50_rep12_seed66.csv,internal:T11|T12,internal,2,0.22637,0.03608319215431644,-0.19028680784568355,0.19028680784568355
MDS-SMACOF,50,12,66,MDS_SMACOF_completed_p50_rep12_seed66.csv,terminal:T11,terminal,1,0.16094,0.0835712000008483,-0.0773687999991517,0.0773687999991517
MDS-SMACOF,50,12,66,MDS_SMACOF_completed_p50_rep12_seed66.csv,terminal:T12,terminal,1,0.14942,0.08941790065067698,-0.06000209934932302,0.06000209934932302
MDS-SMACOF,50,12,66,MDS_SMACOF_completed_p50_rep12_seed66.csv,internal:T13|T14|T15,internal,3,0.18561,0.007953043574938319,-0.17765695642506169,0.17765695642506169
MDS-SMACOF,50,12,66,MDS_SMACOF_completed_p50_rep12_seed66.csv,terminal:T13,terminal,1,0.32149,0.12646089968675658,-0.19502910031324341,0.19502910031324341
MDS-SMACOF,50,12,66,MDS_SMACOF_completed_p50_rep12_seed66.csv,internal:T14|T15,internal,2,0.07113,0.002827131111695286,-0.06830286888830471,0.06830286888830471
MDS-SMACOF,50,12,66,MDS_SMACOF_completed_p50_rep12_seed66.csv,terminal:T14,terminal,1,0.34439,0.12244890442402143,-0.22194109557597855,0.22194109557597855
MDS-SMACOF,50,12,66,MDS_SMACOF_completed_p50_rep12_seed66.csv,terminal:T15,terminal,1,0.24256,0.11217279026970083,-0.13038720973029916,0.13038720973029916
MDS-SMACOF,50,13,67,MDS_SMACOF_completed_p50_rep13_seed67.csv,terminal:T1,terminal,1,0.05696,0.11473217548132526,0.057772175481325266,0.057772175481325266
MDS-SMACOF,50,13,67,MDS_SMACOF_completed_p50_rep13_seed67.csv,internal:T2|T3,internal,2,0.03472,0.0,-0.03472,0.03472
MDS-SMACOF,50,13,67,MDS_SMACOF_completed_p50_rep13_seed67.csv,terminal:T2,terminal,1,0.02433,0.1105442390309636,0.08621423903096359,0.08621423903096359
MDS-SMACOF,50,13,67,MDS_SMACOF_completed_p50_rep13_seed67.csv,terminal:T3,terminal,1,0.02231,0.11209428954387822,0.08978428954387822,0.08978428954387822
MDS-SMACOF,50,13,67,MDS_SMACOF_completed_p50_rep13_seed67.csv,internal:T1|T2|T3,internal,3,0.01863,0.0,-0.01863,0.01863
MDS-SMACOF,50,13,67,MDS_SMACOF_completed_p50_rep13_seed67.csv,terminal:T4,terminal,1,0.07771,0.0987435655245244,0.0210335655245244,0.0210335655245244
MDS-SMACOF,50,13,67,MDS_SMACOF_completed_p50_rep13_seed67.csv,internal:T1|T2|T3|T4,internal,4,0.04682,0.0,-0.04682,0.04682
MDS-SMACOF,50,13,67,MDS_SMACOF_completed_p50_rep13_seed67.csv,terminal:T5,terminal,1,0.12997,0.10310875179973837,-0.02686124820026163,0.02686124820026163
MDS-SMACOF,50,13,67,MDS_SMACOF_completed_p50_rep13_seed67.csv,internal:T1|T2|T3|T4|T5,internal,5,0.03057,0.0,-0.03057,0.03057
MDS-SMACOF,50,13,67,MDS_SMACOF_completed_p50_rep13_seed67.csv,terminal:T6,terminal,1,0.14605,0.10214962458438706,-0.04390037541561295,0.04390037541561295
MDS-SMACOF,50,13,67,MDS_SMACOF_completed_p50_rep13_seed67.csv,internal:T1|T2|T3|T4|T5|T6,internal,6,0.0721,0.0050502802738550045,-0.067049719726145,0.067049719726145
MDS-SMACOF,50,13,67,MDS_SMACOF_completed_p50_rep13_seed67.csv,internal:T10|T7|T8|T9,internal,4,0.08603,0.0006808568224047376,-0.08534914317759526,0.08534914317759526
MDS-SMACOF,50,13,67,MDS_SMACOF_completed_p50_rep13_seed67.csv,internal:T7|T8|T9,internal,3,0.05128,0.03544898145506738,-0.015831018544932622,0.015831018544932622
MDS-SMACOF,50,13,67,MDS_SMACOF_completed_p50_rep13_seed67.csv,internal:T7|T8,internal,2,0.02354,0.0,-0.02354,0.02354
MDS-SMACOF,50,13,67,MDS_SMACOF_completed_p50_rep13_seed67.csv,terminal:T7,terminal,1,0.11573,0.07057170093820718,-0.04515829906179282,0.04515829906179282
MDS-SMACOF,50,13,67,MDS_SMACOF_completed_p50_rep13_seed67.csv,terminal:T8,terminal,1,0.11535,0.07534130433455685,-0.04000869566544314,0.04000869566544314
MDS-SMACOF,50,13,67,MDS_SMACOF_completed_p50_rep13_seed67.csv,terminal:T9,terminal,1,0.12153,0.08159517532587116,-0.039934824674128844,0.039934824674128844
MDS-SMACOF,50,13,67,MDS_SMACOF_completed_p50_rep13_seed67.csv,terminal:T10,terminal,1,0.18189,0.11031438376207917,-0.07157561623792083,0.07157561623792083
MDS-SMACOF,50,13,67,MDS_SMACOF_completed_p50_rep13_seed67.csv,internal:T11|T12|T13|T14|T15,internal,5,0.11651,0.01367226067150108,-0.10283773932849892,0.10283773932849892
MDS-SMACOF,50,13,67,MDS_SMACOF_completed_p50_rep13_seed67.csv,internal:T11|T12,internal,2,0.22637,0.003860075966319237,-0.22250992403368075,0.22250992403368075
MDS-SMACOF,50,13,67,MDS_SMACOF_completed_p50_rep13_seed67.csv,terminal:T11,terminal,1,0.16094,0.11651691579204429,-0.04442308420795571,0.04442308420795571
MDS-SMACOF,50,13,67,MDS_SMACOF_completed_p50_rep13_seed67.csv,terminal:T12,terminal,1,0.14942,0.12169877397930257,-0.02772122602069743,0.02772122602069743
MDS-SMACOF,50,13,67,MDS_SMACOF_completed_p50_rep13_seed67.csv,internal:T13|T14|T15,internal,3,0.18561,0.009018800207028011,-0.176591199792972,0.176591199792972
MDS-SMACOF,50,13,67,MDS_SMACOF_completed_p50_rep13_seed67.csv,terminal:T13,terminal,1,0.32149,0.11973727540237217,-0.20175272459762783,0.20175272459762783
MDS-SMACOF,50,13,67,MDS_SMACOF_completed_p50_rep13_seed67.csv,internal:T14|T15,internal,2,0.07113,0.008436040015291366,-0.06269395998470863,0.06269395998470863
MDS-SMACOF,50,13,67,MDS_SMACOF_completed_p50_rep13_seed67.csv,terminal:T14,terminal,1,0.34439,0.11668480339114144,-0.22770519660885852,0.22770519660885852
MDS-SMACOF,50,13,67,MDS_SMACOF_completed_p50_rep13_seed67.csv,terminal:T15,terminal,1,0.24256,0.1201663220641573,-0.1223936779358427,0.1223936779358427
MDS-SMACOF,50,14,68,MDS_SMACOF_completed_p50_rep14_seed68.csv,terminal:T1,terminal,1,0.05696,0.08136467337865264,0.02440467337865264,0.02440467337865264
MDS-SMACOF,50,14,68,MDS_SMACOF_completed_p50_rep14_seed68.csv,internal:T2|T3,internal,2,0.03472,0.0,-0.03472,0.03472
MDS-SMACOF,50,14,68,MDS_SMACOF_completed_p50_rep14_seed68.csv,terminal:T2,terminal,1,0.02433,0.10447708860297249,0.08014708860297248,0.08014708860297248
MDS-SMACOF,50,14,68,MDS_SMACOF_completed_p50_rep14_seed68.csv,terminal:T3,terminal,1,0.02231,0.08719752071617606,0.06488752071617607,0.06488752071617607
MDS-SMACOF,50,14,68,MDS_SMACOF_completed_p50_rep14_seed68.csv,internal:T1|T2|T3,internal,3,0.01863,0.007736948882559172,-0.010893051117440829,0.010893051117440829
MDS-SMACOF,50,14,68,MDS_SMACOF_completed_p50_rep14_seed68.csv,terminal:T4,terminal,1,0.07771,0.1031403415273761,0.025430341527376096,0.025430341527376096
MDS-SMACOF,50,14,68,MDS_SMACOF_completed_p50_rep14_seed68.csv,internal:T1|T2|T3|T4,internal,4,0.04682,0.0,-0.04682,0.04682
MDS-SMACOF,50,14,68,MDS_SMACOF_completed_p50_rep14_seed68.csv,terminal:T5,terminal,1,0.12997,0.0889908127916243,-0.040979187208375706,0.040979187208375706
MDS-SMACOF,50,14,68,MDS_SMACOF_completed_p50_rep14_seed68.csv,internal:T1|T2|T3|T4|T5,internal,5,0.03057,0.0,-0.03057,0.03057
MDS-SMACOF,50,14,68,MDS_SMACOF_completed_p50_rep14_seed68.csv,terminal:T6,terminal,1,0.14605,0.08789115349397644,-0.05815884650602357,0.05815884650602357
MDS-SMACOF,50,14,68,MDS_SMACOF_completed_p50_rep14_seed68.csv,internal:T1|T2|T3|T4|T5|T6,internal,6,0.0721,0.010512030076291904,-0.061587969923708095,0.061587969923708095
MDS-SMACOF,50,14,68,MDS_SMACOF_completed_p50_rep14_seed68.csv,internal:T10|T7|T8|T9,internal,4,0.08603,0.011363560338437087,-0.0746664396615629,0.0746664396615629
MDS-SMACOF,50,14,68,MDS_SMACOF_completed_p50_rep14_seed68.csv,internal:T7|T8|T9,internal,3,0.05128,0.007850491501338337,-0.04342950849866166,0.04342950849866166
MDS-SMACOF,50,14,68,MDS_SMACOF_completed_p50_rep14_seed68.csv,internal:T7|T8,internal,2,0.02354,0.02324202514918033,-0.00029797485081966765,0.00029797485081966765
MDS-SMACOF,50,14,68,MDS_SMACOF_completed_p50_rep14_seed68.csv,terminal:T7,terminal,1,0.11573,0.06625488666238033,-0.04947511333761967,0.04947511333761967
MDS-SMACOF,50,14,68,MDS_SMACOF_completed_p50_rep14_seed68.csv,terminal:T8,terminal,1,0.11535,0.0807468051729476,-0.03460319482705239,0.03460319482705239
MDS-SMACOF,50,14,68,MDS_SMACOF_completed_p50_rep14_seed68.csv,terminal:T9,terminal,1,0.12153,0.09296157532392416,-0.028568424676075843,0.028568424676075843
MDS-SMACOF,50,14,68,MDS_SMACOF_completed_p50_rep14_seed68.csv,terminal:T10,terminal,1,0.18189,0.09825239990295025,-0.08363760009704975,0.08363760009704975
MDS-SMACOF,50,14,68,MDS_SMACOF_completed_p50_rep14_seed68.csv,internal:T11|T12|T13|T14|T15,internal,5,0.11651,0.01744045013137564,-0.09906954986862436,0.09906954986862436
MDS-SMACOF,50,14,68,MDS_SMACOF_completed_p50_rep14_seed68.csv,internal:T11|T12,internal,2,0.22637,0.03570143716438975,-0.19066856283561023,0.19066856283561023
MDS-SMACOF,50,14,68,MDS_SMACOF_completed_p50_rep14_seed68.csv,terminal:T11,terminal,1,0.16094,0.09318445704021158,-0.06775554295978842,0.06775554295978842
MDS-SMACOF,50,14,68,MDS_SMACOF_completed_p50_rep14_seed68.csv,terminal:T12,terminal,1,0.14942,0.07980464361131369,-0.06961535638868631,0.06961535638868631
MDS-SMACOF,50,14,68,MDS_SMACOF_completed_p50_rep14_seed68.csv,internal:T13|T14|T15,internal,3,0.18561,0.010797923346335819,-0.1748120766536642,0.1748120766536642
MDS-SMACOF,50,14,68,MDS_SMACOF_completed_p50_rep14_seed68.csv,terminal:T13,terminal,1,0.32149,0.12039972406342556,-0.20109027593657444,0.20109027593657444
MDS-SMACOF,50,14,68,MDS_SMACOF_completed_p50_rep14_seed68.csv,internal:T14|T15,internal,2,0.07113,0.0,-0.07113,0.07113
MDS-SMACOF,50,14,68,MDS_SMACOF_completed_p50_rep14_seed68.csv,terminal:T14,terminal,1,0.34439,0.1189365616555028,-0.22545343834449716,0.22545343834449716
MDS-SMACOF,50,14,68,MDS_SMACOF_completed_p50_rep14_seed68.csv,terminal:T15,terminal,1,0.24256,0.11259129222007079,-0.1299687077799292,0.1299687077799292
MDS-SMACOF,50,15,69,MDS_SMACOF_completed_p50_rep15_seed69.csv,terminal:T1,terminal,1,0.05696,0.046345534722638845,-0.010614465277361151,0.010614465277361151
MDS-SMACOF,50,15,69,MDS_SMACOF_completed_p50_rep15_seed69.csv,internal:T2|T3,internal,2,0.03472,0.03311820059520355,-0.0016017994047964543,0.0016017994047964543
MDS-SMACOF,50,15,69,MDS_SMACOF_completed_p50_rep15_seed69.csv,terminal:T2,terminal,1,0.02433,0.018396487878515912,-0.005933512121484089,0.005933512121484089
MDS-SMACOF,50,15,69,MDS_SMACOF_completed_p50_rep15_seed69.csv,terminal:T3,terminal,1,0.02231,0.02263566102165329,0.00032566102165329167,0.00032566102165329167
MDS-SMACOF,50,15,69,MDS_SMACOF_completed_p50_rep15_seed69.csv,internal:T1|T2|T3,internal,3,0.01863,0.0279051837084287,0.0092751837084287,0.0092751837084287
MDS-SMACOF,50,15,69,MDS_SMACOF_completed_p50_rep15_seed69.csv,terminal:T4,terminal,1,0.07771,0.07571916173408438,-0.0019908382659156176,0.0019908382659156176
MDS-SMACOF,50,15,69,MDS_SMACOF_completed_p50_rep15_seed69.csv,internal:T1|T2|T3|T4,internal,4,0.04682,0.013398870398462133,-0.03342112960153787,0.03342112960153787
MDS-SMACOF,50,15,69,MDS_SMACOF_completed_p50_rep15_seed69.csv,terminal:T5,terminal,1,0.12997,0.09982385885086052,-0.03014614114913948,0.03014614114913948
MDS-SMACOF,50,15,69,MDS_SMACOF_completed_p50_rep15_seed69.csv,internal:T1|T2|T3|T4|T5,internal,5,0.03057,0.0,-0.03057,0.03057
MDS-SMACOF,50,15,69,MDS_SMACOF_completed_p50_rep15_seed69.csv,terminal:T6,terminal,1,0.14605,0.09092537662271252,-0.05512462337728749,0.05512462337728749
MDS-SMACOF,50,15,69,MDS_SMACOF_completed_p50_rep15_seed69.csv,internal:T1|T2|T3|T4|T5|T6,internal,6,0.0721,0.013743530055855926,-0.05835646994414407,0.05835646994414407
MDS-SMACOF,50,15,69,MDS_SMACOF_completed_p50_rep15_seed69.csv,internal:T10|T7|T8|T9,internal,4,0.08603,0.008796779243964383,-0.07723322075603561,0.07723322075603561
MDS-SMACOF,50,15,69,MDS_SMACOF_completed_p50_rep15_seed69.csv,internal:T7|T8|T9,internal,3,0.05128,0.0,-0.05128,0.05128
MDS-SMACOF,50,15,69,MDS_SMACOF_completed_p50_rep15_seed69.csv,internal:T7|T8,internal,2,0.02354,0.0,-0.02354,0.02354
MDS-SMACOF,50,15,69,MDS_SMACOF_completed_p50_rep15_seed69.csv,terminal:T7,terminal,1,0.11573,0.10127753347528937,-0.014452466524710633,0.014452466524710633
MDS-SMACOF,50,15,69,MDS_SMACOF_completed_p50_rep15_seed69.csv,terminal:T8,terminal,1,0.11535,0.10264006898157717,-0.012709931018422826,0.012709931018422826
MDS-SMACOF,50,15,69,MDS_SMACOF_completed_p50_rep15_seed69.csv,terminal:T9,terminal,1,0.12153,0.09761691177679938,-0.023913088223200624,0.023913088223200624
MDS-SMACOF,50,15,69,MDS_SMACOF_completed_p50_rep15_seed69.csv,terminal:T10,terminal,1,0.18189,0.10450479373975244,-0.07738520626024756,0.07738520626024756
MDS-SMACOF,50,15,69,MDS_SMACOF_completed_p50_rep15_seed69.csv,internal:T11|T12|T13|T14|T15,internal,5,0.11651,0.01605539867279994,-0.10045460132720006,0.10045460132720006
MDS-SMACOF,50,15,69,MDS_SMACOF_completed_p50_rep15_seed69.csv,internal:T11|T12,internal,2,0.22637,0.0021061016124117675,-0.22426389838758823,0.22426389838758823
MDS-SMACOF,50,15,69,MDS_SMACOF_completed_p50_rep15_seed69.csv,terminal:T11,terminal,1,0.16094,0.12557669561813864,-0.03536330438186136,0.03536330438186136
MDS-SMACOF,50,15,69,MDS_SMACOF_completed_p50_rep15_seed69.csv,terminal:T12,terminal,1,0.14942,0.1147434141146107,-0.0346765858853893,0.0346765858853893
MDS-SMACOF,50,15,69,MDS_SMACOF_completed_p50_rep15_seed69.csv,internal:T13|T14|T15,internal,3,0.18561,0.011615263690398656,-0.17399473630960133,0.17399473630960133
MDS-SMACOF,50,15,69,MDS_SMACOF_completed_p50_rep15_seed69.csv,terminal:T13,terminal,1,0.32149,0.12658416339796882,-0.19490583660203117,0.19490583660203117
MDS-SMACOF,50,15,69,MDS_SMACOF_completed_p50_rep15_seed69.csv,internal:T14|T15,internal,2,0.07113,0.0,-0.07113,0.07113
MDS-SMACOF,50,15,69,MDS_SMACOF_completed_p50_rep15_seed69.csv,terminal:T14,terminal,1,0.34439,0.12846334298062811,-0.21592665701937186,0.21592665701937186
MDS-SMACOF,50,15,69,MDS_SMACOF_completed_p50_rep15_seed69.csv,terminal:T15,terminal,1,0.24256,0.11379818465914902,-0.12876181534085096,0.12876181534085096
MDS-SMACOF,50,16,70,MDS_SMACOF_completed_p50_rep16_seed70.csv,terminal:T1,terminal,1,0.05696,0.04721405984592518,-0.009745940154074817,0.009745940154074817
MDS-SMACOF,50,16,70,MDS_SMACOF_completed_p50_rep16_seed70.csv,internal:T2|T3,internal,2,0.03472,0.0,-0.03472,0.03472
MDS-SMACOF,50,16,70,MDS_SMACOF_completed_p50_rep16_seed70.csv,terminal:T2,terminal,1,0.02433,0.05291770856872609,0.028587708568726087,0.028587708568726087
MDS-SMACOF,50,16,70,MDS_SMACOF_completed_p50_rep16_seed70.csv,terminal:T3,terminal,1,0.02231,0.049906545445447384,0.027596545445447384,0.027596545445447384
MDS-SMACOF,50,16,70,MDS_SMACOF_completed_p50_rep16_seed70.csv,internal:T1|T2|T3,internal,3,0.01863,0.005816100634439525,-0.012813899365560476,0.012813899365560476
MDS-SMACOF,50,16,70,MDS_SMACOF_completed_p50_rep16_seed70.csv,terminal:T4,terminal,1,0.07771,0.059039132102158325,-0.018670867897841677,0.018670867897841677
MDS-SMACOF,50,16,70,MDS_SMACOF_completed_p50_rep16_seed70.csv,internal:T1|T2|T3|T4,internal,4,0.04682,0.023290664537384872,-0.02352933546261513,0.02352933546261513
MDS-SMACOF,50,16,70,MDS_SMACOF_completed_p50_rep16_seed70.csv,terminal:T5,terminal,1,0.12997,0.08927137373308693,-0.04069862626691308,0.04069862626691308
MDS-SMACOF,50,16,70,MDS_SMACOF_completed_p50_rep16_seed70.csv,internal:T1|T2|T3|T4|T5,internal,5,0.03057,0.0,-0.03057,0.03057
MDS-SMACOF,50,16,70,MDS_SMACOF_completed_p50_rep16_seed70.csv,terminal:T6,terminal,1,0.14605,0.09371568618287875,-0.05233431381712127,0.05233431381712127
MDS-SMACOF,50,16,70,MDS_SMACOF_completed_p50_rep16_seed70.csv,internal:T1|T2|T3|T4|T5|T6,internal,6,0.0721,0.02202511530310378,-0.05007488469689622,0.05007488469689622
MDS-SMACOF,50,16,70,MDS_SMACOF_completed_p50_rep16_seed70.csv,internal:T10|T7|T8|T9,internal,4,0.08603,0.0,-0.08603,0.08603
MDS-SMACOF,50,16,70,MDS_SMACOF_completed_p50_rep16_seed70.csv,internal:T7|T8|T9,internal,3,0.05128,0.023126809188951502,-0.028153190811048497,0.028153190811048497
MDS-SMACOF,50,16,70,MDS_SMACOF_completed_p50_rep16_seed70.csv,internal:T7|T8,internal,2,0.02354,0.0,-0.02354,0.02354
MDS-SMACOF,50,16,70,MDS_SMACOF_completed_p50_rep16_seed70.csv,terminal:T7,terminal,1,0.11573,0.08846533064201838,-0.027264669357981622,0.027264669357981622
MDS-SMACOF,50,16,70,MDS_SMACOF_completed_p50_rep16_seed70.csv,terminal:T8,terminal,1,0.11535,0.09602459592880515,-0.019325404071194846,0.019325404071194846
MDS-SMACOF,50,16,70,MDS_SMACOF_completed_p50_rep16_seed70.csv,terminal:T9,terminal,1,0.12153,0.08155848724308083,-0.03997151275691917,0.03997151275691917
MDS-SMACOF,50,16,70,MDS_SMACOF_completed_p50_rep16_seed70.csv,terminal:T10,terminal,1,0.18189,0.1051058592420294,-0.07678414075797059,0.07678414075797059
MDS-SMACOF,50,16,70,MDS_SMACOF_completed_p50_rep16_seed70.csv,internal:T11|T12|T13|T14|T15,internal,5,0.11651,0.01613282240927367,-0.10037717759072634,0.10037717759072634
MDS-SMACOF,50,16,70,MDS_SMACOF_completed_p50_rep16_seed70.csv,internal:T11|T12,internal,2,0.22637,0.0007343022573175025,-0.2256356977426825,0.2256356977426825
MDS-SMACOF,50,16,70,MDS_SMACOF_completed_p50_rep16_seed70.csv,terminal:T11,terminal,1,0.16094,0.11814405976557348,-0.042795940234426524,0.042795940234426524
MDS-SMACOF,50,16,70,MDS_SMACOF_completed_p50_rep16_seed70.csv,terminal:T12,terminal,1,0.14942,0.1155166676961098,-0.0339033323038902,0.0339033323038902
MDS-SMACOF,50,16,70,MDS_SMACOF_completed_p50_rep16_seed70.csv,internal:T13|T14|T15,internal,3,0.18561,0.017205729307554905,-0.1684042706924451,0.1684042706924451
MDS-SMACOF,50,16,70,MDS_SMACOF_completed_p50_rep16_seed70.csv,terminal:T13,terminal,1,0.32149,0.1014210807397223,-0.22006891926027772,0.22006891926027772
MDS-SMACOF,50,16,70,MDS_SMACOF_completed_p50_rep16_seed70.csv,internal:T14|T15,internal,2,0.07113,0.006607638274755705,-0.0645223617252443,0.0645223617252443
MDS-SMACOF,50,16,70,MDS_SMACOF_completed_p50_rep16_seed70.csv,terminal:T14,terminal,1,0.34439,0.12690484943601948,-0.2174851505639805,0.2174851505639805
MDS-SMACOF,50,16,70,MDS_SMACOF_completed_p50_rep16_seed70.csv,terminal:T15,terminal,1,0.24256,0.1115222808098923,-0.1310377191901077,0.1310377191901077
MDS-SMACOF,50,17,71,MDS_SMACOF_completed_p50_rep17_seed71.csv,terminal:T1,terminal,1,0.05696,0.04380092423847986,-0.013159075761520138,0.013159075761520138
MDS-SMACOF,50,17,71,MDS_SMACOF_completed_p50_rep17_seed71.csv,internal:T2|T3,internal,2,0.03472,0.02153230638894402,-0.01318769361105598,0.01318769361105598
MDS-SMACOF,50,17,71,MDS_SMACOF_completed_p50_rep17_seed71.csv,terminal:T2,terminal,1,0.02433,0.022219398746885322,-0.0021106012531146787,0.0021106012531146787
MDS-SMACOF,50,17,71,MDS_SMACOF_completed_p50_rep17_seed71.csv,terminal:T3,terminal,1,0.02231,0.018812750153283885,-0.0034972498467161148,0.0034972498467161148
MDS-SMACOF,50,17,71,MDS_SMACOF_completed_p50_rep17_seed71.csv,internal:T1|T2|T3,internal,3,0.01863,0.04646260355241565,0.027832603552415652,0.027832603552415652
MDS-SMACOF,50,17,71,MDS_SMACOF_completed_p50_rep17_seed71.csv,terminal:T4,terminal,1,0.07771,0.09700047641894978,0.01929047641894978,0.01929047641894978
MDS-SMACOF,50,17,71,MDS_SMACOF_completed_p50_rep17_seed71.csv,internal:T1|T2|T3|T4,internal,4,0.04682,0.0,-0.04682,0.04682
MDS-SMACOF,50,17,71,MDS_SMACOF_completed_p50_rep17_seed71.csv,terminal:T5,terminal,1,0.12997,0.08932178431104121,-0.040648215688958794,0.040648215688958794
MDS-SMACOF,50,17,71,MDS_SMACOF_completed_p50_rep17_seed71.csv,internal:T1|T2|T3|T4|T5,internal,5,0.03057,0.0,-0.03057,0.03057
MDS-SMACOF,50,17,71,MDS_SMACOF_completed_p50_rep17_seed71.csv,terminal:T6,terminal,1,0.14605,0.08352398233426138,-0.06252601766573863,0.06252601766573863
MDS-SMACOF,50,17,71,MDS_SMACOF_completed_p50_rep17_seed71.csv,internal:T1|T2|T3|T4|T5|T6,internal,6,0.0721,0.016761410231008075,-0.05533858976899192,0.05533858976899192
MDS-SMACOF,50,17,71,MDS_SMACOF_completed_p50_rep17_seed71.csv,internal:T10|T7|T8|T9,internal,4,0.08603,0.00597657050106811,-0.08005342949893189,0.08005342949893189
MDS-SMACOF,50,17,71,MDS_SMACOF_completed_p50_rep17_seed71.csv,internal:T7|T8|T9,internal,3,0.05128,0.0,-0.05128,0.05128
MDS-SMACOF,50,17,71,MDS_SMACOF_completed_p50_rep17_seed71.csv,internal:T7|T8,internal,2,0.02354,0.02981875562856669,0.006278755628566692,0.006278755628566692
MDS-SMACOF,50,17,71,MDS_SMACOF_completed_p50_rep17_seed71.csv,terminal:T7,terminal,1,0.11573,0.07329373238176747,-0.042436267618232534,0.042436267618232534
MDS-SMACOF,50,17,71,MDS_SMACOF_completed_p50_rep17_seed71.csv,terminal:T8,terminal,1,0.11535,0.07370795945356051,-0.04164204054643948,0.04164204054643948
MDS-SMACOF,50,17,71,MDS_SMACOF_completed_p50_rep17_seed71.csv,terminal:T9,terminal,1,0.12153,0.10660710398338358,-0.014922896016616422,0.014922896016616422
MDS-SMACOF,50,17,71,MDS_SMACOF_completed_p50_rep17_seed71.csv,terminal:T10,terminal,1,0.18189,0.10065376572833475,-0.08123623427166525,0.08123623427166525
MDS-SMACOF,50,17,71,MDS_SMACOF_completed_p50_rep17_seed71.csv,internal:T11|T12|T13|T14|T15,internal,5,0.11651,0.022328486681948537,-0.09418151331805147,0.09418151331805147
MDS-SMACOF,50,17,71,MDS_SMACOF_completed_p50_rep17_seed71.csv,internal:T11|T12,internal,2,0.22637,0.0,-0.22637,0.22637
MDS-SMACOF,50,17,71,MDS_SMACOF_completed_p50_rep17_seed71.csv,terminal:T11,terminal,1,0.16094,0.1195995020487105,-0.041340497951289495,0.041340497951289495
MDS-SMACOF,50,17,71,MDS_SMACOF_completed_p50_rep17_seed71.csv,terminal:T12,terminal,1,0.14942,0.10651474260708242,-0.042905257392917576,0.042905257392917576
MDS-SMACOF,50,17,71,MDS_SMACOF_completed_p50_rep17_seed71.csv,internal:T13|T14|T15,internal,3,0.18561,0.006869178333380476,-0.17874082166661953,0.17874082166661953
MDS-SMACOF,50,17,71,MDS_SMACOF_completed_p50_rep17_seed71.csv,terminal:T13,terminal,1,0.32149,0.11293878319478977,-0.20855121680521022,0.20855121680521022
MDS-SMACOF,50,17,71,MDS_SMACOF_completed_p50_rep17_seed71.csv,internal:T14|T15,internal,2,0.07113,0.009502644096248899,-0.061627355903751097,0.061627355903751097
MDS-SMACOF,50,17,71,MDS_SMACOF_completed_p50_rep17_seed71.csv,terminal:T14,terminal,1,0.34439,0.1191271453115559,-0.2252628546884441,0.2252628546884441
MDS-SMACOF,50,17,71,MDS_SMACOF_completed_p50_rep17_seed71.csv,terminal:T15,terminal,1,0.24256,0.11674464647058648,-0.12581535352941353,0.12581535352941353
MDS-SMACOF,50,18,72,MDS_SMACOF_completed_p50_rep18_seed72.csv,terminal:T1,terminal,1,0.05696,0.04323481255595822,-0.013725187444041775,0.013725187444041775
MDS-SMACOF,50,18,72,MDS_SMACOF_completed_p50_rep18_seed72.csv,internal:T2|T3,internal,2,0.03472,0.03462692943185748,-9.30705681425198e-05,9.30705681425198e-05
MDS-SMACOF,50,18,72,MDS_SMACOF_completed_p50_rep18_seed72.csv,terminal:T2,terminal,1,0.02433,0.022311937151463807,-0.0020180628485361937,0.0020180628485361937
MDS-SMACOF,50,18,72,MDS_SMACOF_completed_p50_rep18_seed72.csv,terminal:T3,terminal,1,0.02231,0.01872021174870541,-0.0035897882512945893,0.0035897882512945893
MDS-SMACOF,50,18,72,MDS_SMACOF_completed_p50_rep18_seed72.csv,internal:T1|T2|T3,internal,3,0.01863,0.020945934265785227,0.002315934265785226,0.002315934265785226
MDS-SMACOF,50,18,72,MDS_SMACOF_completed_p50_rep18_seed72.csv,terminal:T4,terminal,1,0.07771,0.07909103138552584,0.0013810313855258383,0.0013810313855258383
MDS-SMACOF,50,18,72,MDS_SMACOF_completed_p50_rep18_seed72.csv,internal:T1|T2|T3|T4,internal,4,0.04682,0.010078367506035366,-0.036741632493964636,0.036741632493964636
MDS-SMACOF,50,18,72,MDS_SMACOF_completed_p50_rep18_seed72.csv,terminal:T5,terminal,1,0.12997,0.07746475972961997,-0.05250524027038003,0.05250524027038003
MDS-SMACOF,50,18,72,MDS_SMACOF_completed_p50_rep18_seed72.csv,internal:T1|T2|T3|T4|T5,internal,5,0.03057,0.007931784365692566,-0.022638215634307436,0.022638215634307436
MDS-SMACOF,50,18,72,MDS_SMACOF_completed_p50_rep18_seed72.csv,terminal:T6,terminal,1,0.14605,0.09032596793870207,-0.055724032061297946,0.055724032061297946
MDS-SMACOF,50,18,72,MDS_SMACOF_completed_p50_rep18_seed72.csv,internal:T1|T2|T3|T4|T5|T6,internal,6,0.0721,0.014368328115809044,-0.057731671884190955,0.057731671884190955
MDS-SMACOF,50,18,72,MDS_SMACOF_completed_p50_rep18_seed72.csv,internal:T10|T7|T8|T9,internal,4,0.08603,0.008427784963897242,-0.07760221503610275,0.07760221503610275
MDS-SMACOF,50,18,72,MDS_SMACOF_completed_p50_rep18_seed72.csv,internal:T7|T8|T9,internal,3,0.05128,0.0,-0.05128,0.05128
MDS-SMACOF,50,18,72,MDS_SMACOF_completed_p50_rep18_seed72.csv,internal:T7|T8,internal,2,0.02354,0.0,-0.02354,0.02354
MDS-SMACOF,50,18,72,MDS_SMACOF_completed_p50_rep18_seed72.csv,terminal:T7,terminal,1,0.11573,0.09925448826653135,-0.016475511733468645,0.016475511733468645
MDS-SMACOF,50,18,72,MDS_SMACOF_completed_p50_rep18_seed72.csv,terminal:T8,terminal,1,0.11535,0.1034596532635956,-0.011890346736404392,0.011890346736404392
MDS-SMACOF,50,18,72,MDS_SMACOF_completed_p50_rep18_seed72.csv,terminal:T9,terminal,1,0.12153,0.0946473138867042,-0.026882686113295792,0.026882686113295792
MDS-SMACOF,50,18,72,MDS_SMACOF_completed_p50_rep18_seed72.csv,terminal:T10,terminal,1,0.18189,0.1048929831883816,-0.0769970168116184,0.0769970168116184
MDS-SMACOF,50,18,72,MDS_SMACOF_completed_p50_rep18_seed72.csv,internal:T11|T12|T13|T14|T15,internal,5,0.11651,0.023914374999757394,-0.09259562500024261,0.09259562500024261
MDS-SMACOF,50,18,72,MDS_SMACOF_completed_p50_rep18_seed72.csv,internal:T11|T12,internal,2,0.22637,0.032909369048859494,-0.1934606309511405,0.1934606309511405
MDS-SMACOF,50,18,72,MDS_SMACOF_completed_p50_rep18_seed72.csv,terminal:T11,terminal,1,0.16094,0.09263130733509341,-0.06830869266490659,0.06830869266490659
MDS-SMACOF,50,18,72,MDS_SMACOF_completed_p50_rep18_seed72.csv,terminal:T12,terminal,1,0.14942,0.08035779331643193,-0.06906220668356806,0.06906220668356806
MDS-SMACOF,50,18,72,MDS_SMACOF_completed_p50_rep18_seed72.csv,internal:T13|T14|T15,internal,3,0.18561,0.0006072788930828698,-0.18500272110691712,0.18500272110691712
MDS-SMACOF,50,18,72,MDS_SMACOF_completed_p50_rep18_seed72.csv,terminal:T13,terminal,1,0.32149,0.1257374765438405,-0.1957525234561595,0.1957525234561595
MDS-SMACOF,50,18,72,MDS_SMACOF_completed_p50_rep18_seed72.csv,internal:T14|T15,internal,2,0.07113,0.004617537635794022,-0.06651246236420598,0.06651246236420598
MDS-SMACOF,50,18,72,MDS_SMACOF_completed_p50_rep18_seed72.csv,terminal:T14,terminal,1,0.34439,0.11021047744977003,-0.23417952255022995,0.23417952255022995
MDS-SMACOF,50,18,72,MDS_SMACOF_completed_p50_rep18_seed72.csv,terminal:T15,terminal,1,0.24256,0.11606587114823286,-0.12649412885176714,0.12649412885176714
MDS-SMACOF,50,19,73,MDS_SMACOF_completed_p50_rep19_seed73.csv,terminal:T1,terminal,1,0.05696,0.07226673015710748,0.015306730157107484,0.015306730157107484
MDS-SMACOF,50,19,73,MDS_SMACOF_completed_p50_rep19_seed73.csv,internal:T2|T3,internal,2,0.03472,0.0,-0.03472,0.03472
MDS-SMACOF,50,19,73,MDS_SMACOF_completed_p50_rep19_seed73.csv,terminal:T2,terminal,1,0.02433,0.09746371997839602,0.07313371997839602,0.07313371997839602
MDS-SMACOF,50,19,73,MDS_SMACOF_completed_p50_rep19_seed73.csv,terminal:T3,terminal,1,0.02231,0.07997668305293701,0.05766668305293701,0.05766668305293701
MDS-SMACOF,50,19,73,MDS_SMACOF_completed_p50_rep19_seed73.csv,internal:T1|T2|T3,internal,3,0.01863,0.0,-0.01863,0.01863
MDS-SMACOF,50,19,73,MDS_SMACOF_completed_p50_rep19_seed73.csv,terminal:T4,terminal,1,0.07771,0.08756404531048004,0.009854045310480036,0.009854045310480036
MDS-SMACOF,50,19,73,MDS_SMACOF_completed_p50_rep19_seed73.csv,internal:T1|T2|T3|T4,internal,4,0.04682,0.0,-0.04682,0.04682
MDS-SMACOF,50,19,73,MDS_SMACOF_completed_p50_rep19_seed73.csv,terminal:T5,terminal,1,0.12997,0.08948319588374401,-0.04048680411625599,0.04048680411625599
MDS-SMACOF,50,19,73,MDS_SMACOF_completed_p50_rep19_seed73.csv,internal:T1|T2|T3|T4|T5,internal,5,0.03057,0.0,-0.03057,0.03057
MDS-SMACOF,50,19,73,MDS_SMACOF_completed_p50_rep19_seed73.csv,terminal:T6,terminal,1,0.14605,0.09178293741914828,-0.05426706258085173,0.05426706258085173
MDS-SMACOF,50,19,73,MDS_SMACOF_completed_p50_rep19_seed73.csv,internal:T1|T2|T3|T4|T5|T6,internal,6,0.0721,0.018564248143725027,-0.053535751856274974,0.053535751856274974
MDS-SMACOF,50,19,73,MDS_SMACOF_completed_p50_rep19_seed73.csv,internal:T10|T7|T8|T9,internal,4,0.08603,0.007516462742307944,-0.07851353725769206,0.07851353725769206
MDS-SMACOF,50,19,73,MDS_SMACOF_completed_p50_rep19_seed73.csv,internal:T7|T8|T9,internal,3,0.05128,0.0,-0.05128,0.05128
MDS-SMACOF,50,19,73,MDS_SMACOF_completed_p50_rep19_seed73.csv,internal:T7|T8,internal,2,0.02354,0.03589375392878835,0.012353753928788354,0.012353753928788354
MDS-SMACOF,50,19,73,MDS_SMACOF_completed_p50_rep19_seed73.csv,terminal:T7,terminal,1,0.11573,0.065753286086502,-0.049976713913498005,0.049976713913498005
MDS-SMACOF,50,19,73,MDS_SMACOF_completed_p50_rep19_seed73.csv,terminal:T8,terminal,1,0.11535,0.08124840574882602,-0.03410159425117397,0.03410159425117397
MDS-SMACOF,50,19,73,MDS_SMACOF_completed_p50_rep19_seed73.csv,terminal:T9,terminal,1,0.12153,0.10916406282802295,-0.012365937171977051,0.012365937171977051
MDS-SMACOF,50,19,73,MDS_SMACOF_completed_p50_rep19_seed73.csv,terminal:T10,terminal,1,0.18189,0.10153138434247684,-0.08035861565752316,0.08035861565752316
MDS-SMACOF,50,19,73,MDS_SMACOF_completed_p50_rep19_seed73.csv,internal:T11|T12|T13|T14|T15,internal,5,0.11651,0.009324842069954644,-0.10718515793004536,0.10718515793004536
MDS-SMACOF,50,19,73,MDS_SMACOF_completed_p50_rep19_seed73.csv,internal:T11|T12,internal,2,0.22637,0.03960313232976296,-0.18676686767023704,0.18676686767023704
MDS-SMACOF,50,19,73,MDS_SMACOF_completed_p50_rep19_seed73.csv,terminal:T11,terminal,1,0.16094,0.0875576221819366,-0.0733823778180634,0.0733823778180634
MDS-SMACOF,50,19,73,MDS_SMACOF_completed_p50_rep19_seed73.csv,terminal:T12,terminal,1,0.14942,0.08543147846958872,-0.06398852153041128,0.06398852153041128
MDS-SMACOF,50,19,73,MDS_SMACOF_completed_p50_rep19_seed73.csv,internal:T13|T14|T15,internal,3,0.18561,0.015298396160320617,-0.1703116038396794,0.1703116038396794
MDS-SMACOF,50,19,73,MDS_SMACOF_completed_p50_rep19_seed73.csv,terminal:T13,terminal,1,0.32149,0.12396678916752642,-0.1975232108324736,0.1975232108324736
MDS-SMACOF,50,19,73,MDS_SMACOF_completed_p50_rep19_seed73.csv,internal:T14|T15,internal,2,0.07113,0.001634578474256702,-0.0694954215257433,0.0694954215257433
MDS-SMACOF,50,19,73,MDS_SMACOF_completed_p50_rep19_seed73.csv,terminal:T14,terminal,1,0.34439,0.11699966022486288,-0.2273903397751371,0.2273903397751371
MDS-SMACOF,50,19,73,MDS_SMACOF_completed_p50_rep19_seed73.csv,terminal:T15,terminal,1,0.24256,0.11887213155727955,-0.12368786844272045,0.12368786844272045
MDS-SMACOF,50,20,74,MDS_SMACOF_completed_p50_rep20_seed74.csv,terminal:T1,terminal,1,0.05696,0.0493495661000974,-0.007610433899902597,0.007610433899902597
MDS-SMACOF,50,20,74,MDS_SMACOF_completed_p50_rep20_seed74.csv,internal:T2|T3,internal,2,0.03472,0.029559467441442548,-0.005160532558557453,0.005160532558557453
MDS-SMACOF,50,20,74,MDS_SMACOF_completed_p50_rep20_seed74.csv,terminal:T2,terminal,1,0.02433,0.020868503219957413,-0.0034614967800425875,0.0034614967800425875
MDS-SMACOF,50,20,74,MDS_SMACOF_completed_p50_rep20_seed74.csv,terminal:T3,terminal,1,0.02231,0.020163645680211784,-0.0021463543197882164,0.0021463543197882164
MDS-SMACOF,50,20,74,MDS_SMACOF_completed_p50_rep20_seed74.csv,internal:T1|T2|T3,internal,3,0.01863,0.008188230563833086,-0.010441769436166915,0.010441769436166915
MDS-SMACOF,50,20,74,MDS_SMACOF_completed_p50_rep20_seed74.csv,terminal:T4,terminal,1,0.07771,0.055930491875142985,-0.021779508124857017,0.021779508124857017
MDS-SMACOF,50,20,74,MDS_SMACOF_completed_p50_rep20_seed74.csv,internal:T1|T2|T3|T4,internal,4,0.04682,0.0322609532839808,-0.014559046716019201,0.014559046716019201
MDS-SMACOF,50,20,74,MDS_SMACOF_completed_p50_rep20_seed74.csv,terminal:T5,terminal,1,0.12997,0.09818428182773747,-0.03178571817226253,0.03178571817226253
MDS-SMACOF,50,20,74,MDS_SMACOF_completed_p50_rep20_seed74.csv,internal:T1|T2|T3|T4|T5,internal,5,0.03057,0.0,-0.03057,0.03057
MDS-SMACOF,50,20,74,MDS_SMACOF_completed_p50_rep20_seed74.csv,terminal:T6,terminal,1,0.14605,0.0966994814000243,-0.04935051859997572,0.04935051859997572
MDS-SMACOF,50,20,74,MDS_SMACOF_completed_p50_rep20_seed74.csv,internal:T1|T2|T3|T4|T5|T6,internal,6,0.0721,0.01643923160183572,-0.05566076839816428,0.05566076839816428
MDS-SMACOF,50,20,74,MDS_SMACOF_completed_p50_rep20_seed74.csv,internal:T10|T7|T8|T9,internal,4,0.08603,0.0014348705701483196,-0.08459512942985167,0.08459512942985167
MDS-SMACOF,50,20,74,MDS_SMACOF_completed_p50_rep20_seed74.csv,internal:T7|T8|T9,internal,3,0.05128,0.027295937950700705,-0.023984062049299294,0.023984062049299294
MDS-SMACOF,50,20,74,MDS_SMACOF_completed_p50_rep20_seed74.csv,internal:T7|T8,internal,2,0.02354,0.0030250768296962364,-0.02051492317030376,0.02051492317030376
MDS-SMACOF,50,20,74,MDS_SMACOF_completed_p50_rep20_seed74.csv,terminal:T7,terminal,1,0.11573,0.0690997076793128,-0.0466302923206872,0.0466302923206872
MDS-SMACOF,50,20,74,MDS_SMACOF_completed_p50_rep20_seed74.csv,terminal:T8,terminal,1,0.11535,0.07790198415601514,-0.037448015843984855,0.037448015843984855
MDS-SMACOF,50,20,74,MDS_SMACOF_completed_p50_rep20_seed74.csv,terminal:T9,terminal,1,0.12153,0.07748141193361105,-0.04404858806638895,0.04404858806638895
MDS-SMACOF,50,20,74,MDS_SMACOF_completed_p50_rep20_seed74.csv,terminal:T10,terminal,1,0.18189,0.1082742101835387,-0.0736157898164613,0.0736157898164613
MDS-SMACOF,50,20,74,MDS_SMACOF_completed_p50_rep20_seed74.csv,internal:T11|T12|T13|T14|T15,internal,5,0.11651,0.014538585434357893,-0.10197141456564211,0.10197141456564211
MDS-SMACOF,50,20,74,MDS_SMACOF_completed_p50_rep20_seed74.csv,internal:T11|T12,internal,2,0.22637,0.030830502355280124,-0.19553949764471987,0.19553949764471987
MDS-SMACOF,50,20,74,MDS_SMACOF_completed_p50_rep20_seed74.csv,terminal:T11,terminal,1,0.16094,0.09474278251105564,-0.06619721748894436,0.06619721748894436
MDS-SMACOF,50,20,74,MDS_SMACOF_completed_p50_rep20_seed74.csv,terminal:T12,terminal,1,0.14942,0.07824631814046958,-0.07117368185953042,0.07117368185953042
MDS-SMACOF,50,20,74,MDS_SMACOF_completed_p50_rep20_seed74.csv,internal:T13|T14|T15,internal,3,0.18561,0.01529191333843787,-0.17031808666156212,0.17031808666156212
MDS-SMACOF,50,20,74,MDS_SMACOF_completed_p50_rep20_seed74.csv,terminal:T13,terminal,1,0.32149,0.11789934371003187,-0.20359065628996814,0.20359065628996814
MDS-SMACOF,50,20,74,MDS_SMACOF_completed_p50_rep20_seed74.csv,internal:T14|T15,internal,2,0.07113,0.008750228184097932,-0.06237977181590207,0.06237977181590207
MDS-SMACOF,50,20,74,MDS_SMACOF_completed_p50_rep20_seed74.csv,terminal:T14,terminal,1,0.34439,0.11127144045704578,-0.23311855954295418,0.23311855954295418
MDS-SMACOF,50,20,74,MDS_SMACOF_completed_p50_rep20_seed74.csv,terminal:T15,terminal,1,0.24256,0.11730301253687926,-0.12525698746312075,0.12525698746312075
MDS-SMACOF,50,21,75,MDS_SMACOF_completed_p50_rep21_seed75.csv,terminal:T1,terminal,1,0.05696,0.050664932015465076,-0.00629506798453492,0.00629506798453492
MDS-SMACOF,50,21,75,MDS_SMACOF_completed_p50_rep21_seed75.csv,internal:T2|T3,internal,2,0.03472,0.0,-0.03472,0.03472
MDS-SMACOF,50,21,75,MDS_SMACOF_completed_p50_rep21_seed75.csv,terminal:T2,terminal,1,0.02433,0.059829018818913095,0.0354990188189131,0.0354990188189131
MDS-SMACOF,50,21,75,MDS_SMACOF_completed_p50_rep21_seed75.csv,terminal:T3,terminal,1,0.02231,0.05104316461105818,0.02873316461105818,0.02873316461105818
MDS-SMACOF,50,21,75,MDS_SMACOF_completed_p50_rep21_seed75.csv,internal:T1|T2|T3,internal,3,0.01863,0.01681324445396981,-0.0018167555460301896,0.0018167555460301896
MDS-SMACOF,50,21,75,MDS_SMACOF_completed_p50_rep21_seed75.csv,terminal:T4,terminal,1,0.07771,0.07991354247163808,0.0022035424716380786,0.0022035424716380786
MDS-SMACOF,50,21,75,MDS_SMACOF_completed_p50_rep21_seed75.csv,internal:T1|T2|T3|T4,internal,4,0.04682,0.014830872564683477,-0.031989127435316525,0.031989127435316525
MDS-SMACOF,50,21,75,MDS_SMACOF_completed_p50_rep21_seed75.csv,terminal:T5,terminal,1,0.12997,0.08944338707336191,-0.04052661292663809,0.04052661292663809
MDS-SMACOF,50,21,75,MDS_SMACOF_completed_p50_rep21_seed75.csv,internal:T1|T2|T3|T4|T5,internal,5,0.03057,0.0,-0.03057,0.03057
MDS-SMACOF,50,21,75,MDS_SMACOF_completed_p50_rep21_seed75.csv,terminal:T6,terminal,1,0.14605,0.09409181026768962,-0.051958189732310395,0.051958189732310395
MDS-SMACOF,50,21,75,MDS_SMACOF_completed_p50_rep21_seed75.csv,internal:T1|T2|T3|T4|T5|T6,internal,6,0.0721,0.018254744239548943,-0.05384525576045106,0.05384525576045106
MDS-SMACOF,50,21,75,MDS_SMACOF_completed_p50_rep21_seed75.csv,internal:T10|T7|T8|T9,internal,4,0.08603,0.013474380751018871,-0.07255561924898113,0.07255561924898113
MDS-SMACOF,50,21,75,MDS_SMACOF_completed_p50_rep21_seed75.csv,internal:T7|T8|T9,internal,3,0.05128,0.005763050125793808,-0.045516949874206195,0.045516949874206195
MDS-SMACOF,50,21,75,MDS_SMACOF_completed_p50_rep21_seed75.csv,internal:T7|T8,internal,2,0.02354,0.017323264195887023,-0.006216735804112975,0.006216735804112975
MDS-SMACOF,50,21,75,MDS_SMACOF_completed_p50_rep21_seed75.csv,terminal:T7,terminal,1,0.11573,0.07068523374536242,-0.045044766254637575,0.045044766254637575
MDS-SMACOF,50,21,75,MDS_SMACOF_completed_p50_rep21_seed75.csv,terminal:T8,terminal,1,0.11535,0.07631645808996557,-0.03903354191003443,0.03903354191003443
MDS-SMACOF,50,21,75,MDS_SMACOF_completed_p50_rep21_seed75.csv,terminal:T9,terminal,1,0.12153,0.09499863697698416,-0.02653136302301584,0.02653136302301584
MDS-SMACOF,50,21,75,MDS_SMACOF_completed_p50_rep21_seed75.csv,terminal:T10,terminal,1,0.18189,0.09062104694387439,-0.0912689530561256,0.0912689530561256
MDS-SMACOF,50,21,75,MDS_SMACOF_completed_p50_rep21_seed75.csv,internal:T11|T12|T13|T14|T15,internal,5,0.11651,0.016107390600591534,-0.10040260939940847,0.10040260939940847
MDS-SMACOF,50,21,75,MDS_SMACOF_completed_p50_rep21_seed75.csv,internal:T11|T12,internal,2,0.22637,0.031488895379332554,-0.19488110462066743,0.19488110462066743
MDS-SMACOF,50,21,75,MDS_SMACOF_completed_p50_rep21_seed75.csv,terminal:T11,terminal,1,0.16094,0.08040606436707866,-0.08053393563292134,0.08053393563292134
MDS-SMACOF,50,21,75,MDS_SMACOF_completed_p50_rep21_seed75.csv,terminal:T12,terminal,1,0.14942,0.09258303628444663,-0.05683696371555337,0.05683696371555337
MDS-SMACOF,50,21,75,MDS_SMACOF_completed_p50_rep21_seed75.csv,internal:T13|T14|T15,internal,3,0.18561,0.010611261230661105,-0.17499873876933889,0.17499873876933889
MDS-SMACOF,50,21,75,MDS_SMACOF_completed_p50_rep21_seed75.csv,terminal:T13,terminal,1,0.32149,0.12084425299057665,-0.20064574700942334,0.20064574700942334
MDS-SMACOF,50,21,75,MDS_SMACOF_completed_p50_rep21_seed75.csv,internal:T14|T15,internal,2,0.07113,0.01056421050686356,-0.060565789493136436,0.060565789493136436
MDS-SMACOF,50,21,75,MDS_SMACOF_completed_p50_rep21_seed75.csv,terminal:T14,terminal,1,0.34439,0.12008501019876823,-0.22430498980123176,0.22430498980123176
MDS-SMACOF,50,21,75,MDS_SMACOF_completed_p50_rep21_seed75.csv,terminal:T15,terminal,1,0.24256,0.1102958190969774,-0.1322641809030226,0.1322641809030226
MDS-SMACOF,50,22,76,MDS_SMACOF_completed_p50_rep22_seed76.csv,terminal:T1,terminal,1,0.05696,0.045791933356665676,-0.01116806664333432,0.01116806664333432
MDS-SMACOF,50,22,76,MDS_SMACOF_completed_p50_rep22_seed76.csv,internal:T2|T3,internal,2,0.03472,0.019541297270757967,-0.015178702729242034,0.015178702729242034
MDS-SMACOF,50,22,76,MDS_SMACOF_completed_p50_rep22_seed76.csv,terminal:T2,terminal,1,0.02433,0.020702875085503013,-0.0036271249144969875,0.0036271249144969875
MDS-SMACOF,50,22,76,MDS_SMACOF_completed_p50_rep22_seed76.csv,terminal:T3,terminal,1,0.02231,0.02032927381466623,-0.0019807261853337713,0.0019807261853337713
MDS-SMACOF,50,22,76,MDS_SMACOF_completed_p50_rep22_seed76.csv,internal:T1|T2|T3,internal,3,0.01863,0.022272862390797257,0.003642862390797256,0.003642862390797256
MDS-SMACOF,50,22,76,MDS_SMACOF_completed_p50_rep22_seed76.csv,terminal:T4,terminal,1,0.07771,0.06288867715588842,-0.014821322844111584,0.014821322844111584
MDS-SMACOF,50,22,76,MDS_SMACOF_completed_p50_rep22_seed76.csv,internal:T1|T2|T3|T4,internal,4,0.04682,0.017166608639490436,-0.029653391360509564,0.029653391360509564
MDS-SMACOF,50,22,76,MDS_SMACOF_completed_p50_rep22_seed76.csv,terminal:T5,terminal,1,0.12997,0.08749325420220178,-0.04247674579779823,0.04247674579779823
MDS-SMACOF,50,22,76,MDS_SMACOF_completed_p50_rep22_seed76.csv,internal:T1|T2|T3|T4|T5,internal,5,0.03057,0.013484636330601893,-0.017085363669398106,0.017085363669398106
MDS-SMACOF,50,22,76,MDS_SMACOF_completed_p50_rep22_seed76.csv,terminal:T6,terminal,1,0.14605,0.09070154029097476,-0.05534845970902526,0.05534845970902526
MDS-SMACOF,50,22,76,MDS_SMACOF_completed_p50_rep22_seed76.csv,internal:T1|T2|T3|T4|T5|T6,internal,6,0.0721,0.015071446269368263,-0.05702855373063173,0.05702855373063173
MDS-SMACOF,50,22,76,MDS_SMACOF_completed_p50_rep22_seed76.csv,internal:T10|T7|T8|T9,internal,4,0.08603,0.004619890390518764,-0.08141010960948124,0.08141010960948124
MDS-SMACOF,50,22,76,MDS_SMACOF_completed_p50_rep22_seed76.csv,internal:T7|T8|T9,internal,3,0.05128,0.004976347417483877,-0.04630365258251612,0.04630365258251612
MDS-SMACOF,50,22,76,MDS_SMACOF_completed_p50_rep22_seed76.csv,internal:T7|T8,internal,2,0.02354,0.023839054088722802,0.0002990540887228034,0.0002990540887228034
MDS-SMACOF,50,22,76,MDS_SMACOF_completed_p50_rep22_seed76.csv,terminal:T7,terminal,1,0.11573,0.07521416976038275,-0.040515830239617245,0.040515830239617245
MDS-SMACOF,50,22,76,MDS_SMACOF_completed_p50_rep22_seed76.csv,terminal:T8,terminal,1,0.11535,0.07178752207494526,-0.04356247792505473,0.04356247792505473
MDS-SMACOF,50,22,76,MDS_SMACOF_completed_p50_rep22_seed76.csv,terminal:T9,terminal,1,0.12153,0.09022646602751168,-0.03130353397248832,0.03130353397248832
MDS-SMACOF,50,22,76,MDS_SMACOF_completed_p50_rep22_seed76.csv,terminal:T10,terminal,1,0.18189,0.09992238448938719,-0.08196761551061281,0.08196761551061281
MDS-SMACOF,50,22,76,MDS_SMACOF_completed_p50_rep22_seed76.csv,internal:T11|T12|T13|T14|T15,internal,5,0.11651,0.012869102796549467,-0.10364089720345053,0.10364089720345053
MDS-SMACOF,50,22,76,MDS_SMACOF_completed_p50_rep22_seed76.csv,internal:T11|T12,internal,2,0.22637,0.031430155719880074,-0.1949398442801199,0.1949398442801199
MDS-SMACOF,50,22,76,MDS_SMACOF_completed_p50_rep22_seed76.csv,terminal:T11,terminal,1,0.16094,0.08404775459804122,-0.07689224540195878,0.07689224540195878
MDS-SMACOF,50,22,76,MDS_SMACOF_completed_p50_rep22_seed76.csv,terminal:T12,terminal,1,0.14942,0.0889413460534841,-0.0604786539465159,0.0604786539465159
MDS-SMACOF,50,22,76,MDS_SMACOF_completed_p50_rep22_seed76.csv,internal:T13|T14|T15,internal,3,0.18561,0.01691684656169966,-0.16869315343830033,0.16869315343830033
MDS-SMACOF,50,22,76,MDS_SMACOF_completed_p50_rep22_seed76.csv,terminal:T13,terminal,1,0.32149,0.11398480385773738,-0.20750519614226262,0.20750519614226262
MDS-SMACOF,50,22,76,MDS_SMACOF_completed_p50_rep22_seed76.csv,internal:T14|T15,internal,2,0.07113,0.007076560816100581,-0.06405343918389941,0.06405343918389941
MDS-SMACOF,50,22,76,MDS_SMACOF_completed_p50_rep22_seed76.csv,terminal:T14,terminal,1,0.34439,0.11684020207203702,-0.22754979792796295,0.22754979792796295
MDS-SMACOF,50,22,76,MDS_SMACOF_completed_p50_rep22_seed76.csv,terminal:T15,terminal,1,0.24256,0.11298018583746607,-0.12957981416253395,0.12957981416253395
MDS-SMACOF,50,23,77,MDS_SMACOF_completed_p50_rep23_seed77.csv,terminal:T1,terminal,1,0.05696,0.0465617567223352,-0.010398243277664795,0.010398243277664795
MDS-SMACOF,50,23,77,MDS_SMACOF_completed_p50_rep23_seed77.csv,internal:T2|T3,internal,2,0.03472,0.0,-0.03472,0.03472
MDS-SMACOF,50,23,77,MDS_SMACOF_completed_p50_rep23_seed77.csv,terminal:T2,terminal,1,0.02433,0.051236392181047426,0.026906392181047425,0.026906392181047425
MDS-SMACOF,50,23,77,MDS_SMACOF_completed_p50_rep23_seed77.csv,terminal:T3,terminal,1,0.02231,0.05795141465356958,0.035641414653569584,0.035641414653569584
MDS-SMACOF,50,23,77,MDS_SMACOF_completed_p50_rep23_seed77.csv,internal:T1|T2|T3,internal,3,0.01863,0.006563340124434258,-0.012066659875565742,0.012066659875565742
MDS-SMACOF,50,23,77,MDS_SMACOF_completed_p50_rep23_seed77.csv,terminal:T4,terminal,1,0.07771,0.06562602735598697,-0.012083972644013036,0.012083972644013036
MDS-SMACOF,50,23,77,MDS_SMACOF_completed_p50_rep23_seed77.csv,internal:T1|T2|T3|T4,internal,4,0.04682,0.025693330290147535,-0.021126669709852466,0.021126669709852466
MDS-SMACOF,50,23,77,MDS_SMACOF_completed_p50_rep23_seed77.csv,terminal:T5,terminal,1,0.12997,0.0864546938294366,-0.0435153061705634,0.0435153061705634
MDS-SMACOF,50,23,77,MDS_SMACOF_completed_p50_rep23_seed77.csv,internal:T1|T2|T3|T4|T5,internal,5,0.03057,0.0,-0.03057,0.03057
MDS-SMACOF,50,23,77,MDS_SMACOF_completed_p50_rep23_seed77.csv,terminal:T6,terminal,1,0.14605,0.09285036842908577,-0.053199631570914244,0.053199631570914244
MDS-SMACOF,50,23,77,MDS_SMACOF_completed_p50_rep23_seed77.csv,internal:T1|T2|T3|T4|T5|T6,internal,6,0.0721,0.02014535398987452,-0.05195464601012548,0.05195464601012548
MDS-SMACOF,50,23,77,MDS_SMACOF_completed_p50_rep23_seed77.csv,internal:T10|T7|T8|T9,internal,4,0.08603,0.002561107210590191,-0.0834688927894098,0.0834688927894098
MDS-SMACOF,50,23,77,MDS_SMACOF_completed_p50_rep23_seed77.csv,internal:T7|T8|T9,internal,3,0.05128,0.00043231726983392093,-0.05084768273016608,0.05084768273016608
MDS-SMACOF,50,23,77,MDS_SMACOF_completed_p50_rep23_seed77.csv,internal:T7|T8,internal,2,0.02354,0.0,-0.02354,0.02354
MDS-SMACOF,50,23,77,MDS_SMACOF_completed_p50_rep23_seed77.csv,terminal:T7,terminal,1,0.11573,0.10645683827075082,-0.009273161729249177,0.009273161729249177
MDS-SMACOF,50,23,77,MDS_SMACOF_completed_p50_rep23_seed77.csv,terminal:T8,terminal,1,0.11535,0.10391580646733352,-0.011434193532666476,0.011434193532666476
MDS-SMACOF,50,23,77,MDS_SMACOF_completed_p50_rep23_seed77.csv,terminal:T9,terminal,1,0.12153,0.09147868866494444,-0.030051311335055564,0.030051311335055564
MDS-SMACOF,50,23,77,MDS_SMACOF_completed_p50_rep23_seed77.csv,terminal:T10,terminal,1,0.18189,0.11030110921199437,-0.07158889078800562,0.07158889078800562
MDS-SMACOF,50,23,77,MDS_SMACOF_completed_p50_rep23_seed77.csv,internal:T11|T12|T13|T14|T15,internal,5,0.11651,0.010811760113184186,-0.10569823988681581,0.10569823988681581
MDS-SMACOF,50,23,77,MDS_SMACOF_completed_p50_rep23_seed77.csv,internal:T11|T12,internal,2,0.22637,0.039254718390292445,-0.18711528160970753,0.18711528160970753
MDS-SMACOF,50,23,77,MDS_SMACOF_completed_p50_rep23_seed77.csv,terminal:T11,terminal,1,0.16094,0.087291118737629,-0.073648881262371,0.073648881262371
MDS-SMACOF,50,23,77,MDS_SMACOF_completed_p50_rep23_seed77.csv,terminal:T12,terminal,1,0.14942,0.0856979819138963,-0.0637220180861037,0.0637220180861037
MDS-SMACOF,50,23,77,MDS_SMACOF_completed_p50_rep23_seed77.csv,internal:T13|T14|T15,internal,3,0.18561,0.005293585774305649,-0.18031641422569436,0.18031641422569436
MDS-SMACOF,50,23,77,MDS_SMACOF_completed_p50_rep23_seed77.csv,terminal:T13,terminal,1,0.32149,0.11383301169094208,-0.20765698830905793,0.20765698830905793
MDS-SMACOF,50,23,77,MDS_SMACOF_completed_p50_rep23_seed77.csv,internal:T14|T15,internal,2,0.07113,0.013909737471522243,-0.057220262528477756,0.057220262528477756
MDS-SMACOF,50,23,77,MDS_SMACOF_completed_p50_rep23_seed77.csv,terminal:T14,terminal,1,0.34439,0.11722758448253862,-0.22716241551746136,0.22716241551746136
MDS-SMACOF,50,23,77,MDS_SMACOF_completed_p50_rep23_seed77.csv,terminal:T15,terminal,1,0.24256,0.11194093130954867,-0.1306190686904513,0.1306190686904513
MDS-SMACOF,50,24,78,MDS_SMACOF_completed_p50_rep24_seed78.csv,terminal:T1,terminal,1,0.05696,0.0756734789386606,0.0187134789386606,0.0187134789386606
MDS-SMACOF,50,24,78,MDS_SMACOF_completed_p50_rep24_seed78.csv,internal:T2|T3,internal,2,0.03472,0.0,-0.03472,0.03472
MDS-SMACOF,50,24,78,MDS_SMACOF_completed_p50_rep24_seed78.csv,terminal:T2,terminal,1,0.02433,0.08555577312878951,0.061225773128789504,0.061225773128789504
MDS-SMACOF,50,24,78,MDS_SMACOF_completed_p50_rep24_seed78.csv,terminal:T3,terminal,1,0.02231,0.0852785987352389,0.0629685987352389,0.0629685987352389
MDS-SMACOF,50,24,78,MDS_SMACOF_completed_p50_rep24_seed78.csv,internal:T1|T2|T3,internal,3,0.01863,0.0,-0.01863,0.01863
MDS-SMACOF,50,24,78,MDS_SMACOF_completed_p50_rep24_seed78.csv,terminal:T4,terminal,1,0.07771,0.08391594461711259,0.006205944617112588,0.006205944617112588
MDS-SMACOF,50,24,78,MDS_SMACOF_completed_p50_rep24_seed78.csv,internal:T1|T2|T3|T4,internal,4,0.04682,0.0,-0.04682,0.04682
MDS-SMACOF,50,24,78,MDS_SMACOF_completed_p50_rep24_seed78.csv,terminal:T5,terminal,1,0.12997,0.0854182494644522,-0.0445517505355478,0.0445517505355478
MDS-SMACOF,50,24,78,MDS_SMACOF_completed_p50_rep24_seed78.csv,internal:T1|T2|T3|T4|T5,internal,5,0.03057,0.008674191376788515,-0.021895808623211485,0.021895808623211485
MDS-SMACOF,50,24,78,MDS_SMACOF_completed_p50_rep24_seed78.csv,terminal:T6,terminal,1,0.14605,0.08938583838045958,-0.05666416161954044,0.05666416161954044
MDS-SMACOF,50,24,78,MDS_SMACOF_completed_p50_rep24_seed78.csv,internal:T1|T2|T3|T4|T5|T6,internal,6,0.0721,0.015559162094088643,-0.056540837905911356,0.056540837905911356
MDS-SMACOF,50,24,78,MDS_SMACOF_completed_p50_rep24_seed78.csv,internal:T10|T7|T8|T9,internal,4,0.08603,0.006933778607812571,-0.07909622139218743,0.07909622139218743
MDS-SMACOF,50,24,78,MDS_SMACOF_completed_p50_rep24_seed78.csv,internal:T7|T8|T9,internal,3,0.05128,0.008780690167904346,-0.042499309832095655,0.042499309832095655
MDS-SMACOF,50,24,78,MDS_SMACOF_completed_p50_rep24_seed78.csv,internal:T7|T8,internal,2,0.02354,0.023920764726228467,0.00038076472622846844,0.00038076472622846844
MDS-SMACOF,50,24,78,MDS_SMACOF_completed_p50_rep24_seed78.csv,terminal:T7,terminal,1,0.11573,0.07545411848322854,-0.04027588151677146,0.04027588151677146
MDS-SMACOF,50,24,78,MDS_SMACOF_completed_p50_rep24_seed78.csv,terminal:T8,terminal,1,0.11535,0.07154757335209952,-0.043802426647900475,0.043802426647900475
MDS-SMACOF,50,24,78,MDS_SMACOF_completed_p50_rep24_seed78.csv,terminal:T9,terminal,1,0.12153,0.08859963640550705,-0.032930363594492945,0.032930363594492945
MDS-SMACOF,50,24,78,MDS_SMACOF_completed_p50_rep24_seed78.csv,terminal:T10,terminal,1,0.18189,0.10779607822778046,-0.07409392177221953,0.07409392177221953
MDS-SMACOF,50,24,78,MDS_SMACOF_completed_p50_rep24_seed78.csv,internal:T11|T12|T13|T14|T15,internal,5,0.11651,0.012653892206227322,-0.10385610779377268,0.10385610779377268
MDS-SMACOF,50,24,78,MDS_SMACOF_completed_p50_rep24_seed78.csv,internal:T11|T12,internal,2,0.22637,0.037393878224861586,-0.1889761217751384,0.1889761217751384
MDS-SMACOF,50,24,78,MDS_SMACOF_completed_p50_rep24_seed78.csv,terminal:T11,terminal,1,0.16094,0.08370762530389819,-0.07723237469610181,0.07723237469610181
MDS-SMACOF,50,24,78,MDS_SMACOF_completed_p50_rep24_seed78.csv,terminal:T12,terminal,1,0.14942,0.08928147534762715,-0.06013852465237285,0.06013852465237285
MDS-SMACOF,50,24,78,MDS_SMACOF_completed_p50_rep24_seed78.csv,internal:T13|T14|T15,internal,3,0.18561,0.016501037447181156,-0.16910896255281885,0.16910896255281885
MDS-SMACOF,50,24,78,MDS_SMACOF_completed_p50_rep24_seed78.csv,terminal:T13,terminal,1,0.32149,0.11837886410918347,-0.20311113589081653,0.20311113589081653
MDS-SMACOF,50,24,78,MDS_SMACOF_completed_p50_rep24_seed78.csv,internal:T14|T15,internal,2,0.07113,0.006189523084691848,-0.06494047691530815,0.06494047691530815
MDS-SMACOF,50,24,78,MDS_SMACOF_completed_p50_rep24_seed78.csv,terminal:T14,terminal,1,0.34439,0.1234251844626242,-0.2209648155373758,0.2209648155373758
MDS-SMACOF,50,24,78,MDS_SMACOF_completed_p50_rep24_seed78.csv,terminal:T15,terminal,1,0.24256,0.11181875606747997,-0.13074124393252,0.13074124393252
MDS-SMACOF,50,25,79,MDS_SMACOF_completed_p50_rep25_seed79.csv,terminal:T1,terminal,1,0.05696,0.04546675899287409,-0.011493241007125905,0.011493241007125905
MDS-SMACOF,50,25,79,MDS_SMACOF_completed_p50_rep25_seed79.csv,internal:T2|T3,internal,2,0.03472,0.036382176350535624,0.0016621763505356227,0.0016621763505356227
MDS-SMACOF,50,25,79,MDS_SMACOF_completed_p50_rep25_seed79.csv,terminal:T2,terminal,1,0.02433,0.0234987978968184,-0.0008312021031816018,0.0008312021031816018
MDS-SMACOF,50,25,79,MDS_SMACOF_completed_p50_rep25_seed79.csv,terminal:T3,terminal,1,0.02231,0.017533351003350708,-0.004776648996649292,0.004776648996649292
MDS-SMACOF,50,25,79,MDS_SMACOF_completed_p50_rep25_seed79.csv,internal:T1|T2|T3,internal,3,0.01863,0.023698856913791227,0.005068856913791227,0.005068856913791227
MDS-SMACOF,50,25,79,MDS_SMACOF_completed_p50_rep25_seed79.csv,terminal:T4,terminal,1,0.07771,0.08143866333754107,0.0037286633375410716,0.0037286633375410716
MDS-SMACOF,50,25,79,MDS_SMACOF_completed_p50_rep25_seed79.csv,internal:T1|T2|T3|T4,internal,4,0.04682,0.029095715815300526,-0.017724284184699474,0.017724284184699474
MDS-SMACOF,50,25,79,MDS_SMACOF_completed_p50_rep25_seed79.csv,terminal:T5,terminal,1,0.12997,0.1159642983025081,-0.014005701697491907,0.014005701697491907
MDS-SMACOF,50,25,79,MDS_SMACOF_completed_p50_rep25_seed79.csv,internal:T1|T2|T3|T4|T5,internal,5,0.03057,0.0,-0.03057,0.03057
MDS-SMACOF,50,25,79,MDS_SMACOF_completed_p50_rep25_seed79.csv,terminal:T6,terminal,1,0.14605,0.10101813692520041,-0.0450318630747996,0.0450318630747996
MDS-SMACOF,50,25,79,MDS_SMACOF_completed_p50_rep25_seed79.csv,internal:T1|T2|T3|T4|T5|T6,internal,6,0.0721,0.0,-0.0721,0.0721
MDS-SMACOF,50,25,79,MDS_SMACOF_completed_p50_rep25_seed79.csv,internal:T10|T7|T8|T9,internal,4,0.08603,0.008567030800113387,-0.07746296919988661,0.07746296919988661
MDS-SMACOF,50,25,79,MDS_SMACOF_completed_p50_rep25_seed79.csv,internal:T7|T8|T9,internal,3,0.05128,0.0,-0.05128,0.05128
MDS-SMACOF,50,25,79,MDS_SMACOF_completed_p50_rep25_seed79.csv,internal:T7|T8,internal,2,0.02354,0.0,-0.02354,0.02354
MDS-SMACOF,50,25,79,MDS_SMACOF_completed_p50_rep25_seed79.csv,terminal:T7,terminal,1,0.11573,0.09537240031924135,-0.020357599680758648,0.020357599680758648
MDS-SMACOF,50,25,79,MDS_SMACOF_completed_p50_rep25_seed79.csv,terminal:T8,terminal,1,0.11535,0.1108998798512695,-0.004450120148730488,0.004450120148730488
MDS-SMACOF,50,25,79,MDS_SMACOF_completed_p50_rep25_seed79.csv,terminal:T9,terminal,1,0.12153,0.09804017874082083,-0.023489821259179172,0.023489821259179172
MDS-SMACOF,50,25,79,MDS_SMACOF_completed_p50_rep25_seed79.csv,terminal:T10,terminal,1,0.18189,0.10813183432937869,-0.07375816567062131,0.07375816567062131
MDS-SMACOF,50,25,79,MDS_SMACOF_completed_p50_rep25_seed79.csv,internal:T11|T12|T13|T14|T15,internal,5,0.11651,0.017032922449955877,-0.09947707755004412,0.09947707755004412
MDS-SMACOF,50,25,79,MDS_SMACOF_completed_p50_rep25_seed79.csv,internal:T11|T12,internal,2,0.22637,0.001499193508651175,-0.2248708064913488,0.2248708064913488
MDS-SMACOF,50,25,79,MDS_SMACOF_completed_p50_rep25_seed79.csv,terminal:T11,terminal,1,0.16094,0.12247539037238084,-0.03846460962761916,0.03846460962761916
MDS-SMACOF,50,25,79,MDS_SMACOF_completed_p50_rep25_seed79.csv,terminal:T12,terminal,1,0.14942,0.11819124863949677,-0.031228751360503224,0.031228751360503224
MDS-SMACOF,50,25,79,MDS_SMACOF_completed_p50_rep25_seed79.csv,internal:T13|T14|T15,internal,3,0.18561,0.013310414347948022,-0.17229958565205197,0.17229958565205197
MDS-SMACOF,50,25,79,MDS_SMACOF_completed_p50_rep25_seed79.csv,terminal:T13,terminal,1,0.32149,0.12219663105672825,-0.19929336894327176,0.19929336894327176
MDS-SMACOF,50,25,79,MDS_SMACOF_completed_p50_rep25_seed79.csv,internal:T14|T15,internal,2,0.07113,0.00871872302245574,-0.062411276977544256,0.062411276977544256
MDS-SMACOF,50,25,79,MDS_SMACOF_completed_p50_rep25_seed79.csv,terminal:T14,terminal,1,0.34439,0.1255483902054197,-0.21884160979458028,0.21884160979458028
MDS-SMACOF,50,25,79,MDS_SMACOF_completed_p50_rep25_seed79.csv,terminal:T15,terminal,1,0.24256,0.11032340157672273,-0.13223659842327729,0.13223659842327729
MDS-SMACOF,50,26,80,MDS_SMACOF_completed_p50_rep26_seed80.csv,terminal:T1,terminal,1,0.05696,0.06290470720705339,0.005944707207053396,0.005944707207053396
MDS-SMACOF,50,26,80,MDS_SMACOF_completed_p50_rep26_seed80.csv,internal:T2|T3,internal,2,0.03472,0.0,-0.03472,0.03472
MDS-SMACOF,50,26,80,MDS_SMACOF_completed_p50_rep26_seed80.csv,terminal:T2,terminal,1,0.02433,0.07345420018448984,0.04912420018448983,0.04912420018448983
MDS-SMACOF,50,26,80,MDS_SMACOF_completed_p50_rep26_seed80.csv,terminal:T3,terminal,1,0.02231,0.06134872797651432,0.03903872797651432,0.03903872797651432
MDS-SMACOF,50,26,80,MDS_SMACOF_completed_p50_rep26_seed80.csv,internal:T1|T2|T3,internal,3,0.01863,0.0,-0.01863,0.01863
MDS-SMACOF,50,26,80,MDS_SMACOF_completed_p50_rep26_seed80.csv,terminal:T4,terminal,1,0.07771,0.059280662849657946,-0.018429337150342055,0.018429337150342055
MDS-SMACOF,50,26,80,MDS_SMACOF_completed_p50_rep26_seed80.csv,internal:T1|T2|T3|T4,internal,4,0.04682,0.014655820756116138,-0.03216417924388386,0.03216417924388386
MDS-SMACOF,50,26,80,MDS_SMACOF_completed_p50_rep26_seed80.csv,terminal:T5,terminal,1,0.12997,0.08138585397264764,-0.048584146027352365,0.048584146027352365
MDS-SMACOF,50,26,80,MDS_SMACOF_completed_p50_rep26_seed80.csv,internal:T1|T2|T3|T4|T5,internal,5,0.03057,0.019117305549831595,-0.011452694450168405,0.011452694450168405
MDS-SMACOF,50,26,80,MDS_SMACOF_completed_p50_rep26_seed80.csv,terminal:T6,terminal,1,0.14605,0.10462775565846136,-0.041422244341538655,0.041422244341538655
MDS-SMACOF,50,26,80,MDS_SMACOF_completed_p50_rep26_seed80.csv,internal:T1|T2|T3|T4|T5|T6,internal,6,0.0721,0.005359521281023093,-0.0667404787189769,0.0667404787189769
MDS-SMACOF,50,26,80,MDS_SMACOF_completed_p50_rep26_seed80.csv,internal:T10|T7|T8|T9,internal,4,0.08603,0.0058088086716275526,-0.08022119132837244,0.08022119132837244
MDS-SMACOF,50,26,80,MDS_SMACOF_completed_p50_rep26_seed80.csv,internal:T7|T8|T9,internal,3,0.05128,0.01309369046181914,-0.03818630953818086,0.03818630953818086
MDS-SMACOF,50,26,80,MDS_SMACOF_completed_p50_rep26_seed80.csv,internal:T7|T8,internal,2,0.02354,0.017913065532381083,-0.005626934467618916,0.005626934467618916
MDS-SMACOF,50,26,80,MDS_SMACOF_completed_p50_rep26_seed80.csv,terminal:T7,terminal,1,0.11573,0.07294939130541381,-0.04278060869458619,0.04278060869458619
MDS-SMACOF,50,26,80,MDS_SMACOF_completed_p50_rep26_seed80.csv,terminal:T8,terminal,1,0.11535,0.07405230052991418,-0.04129769947008581,0.04129769947008581
MDS-SMACOF,50,26,80,MDS_SMACOF_completed_p50_rep26_seed80.csv,terminal:T9,terminal,1,0.12153,0.09639287493358155,-0.02513712506641845,0.02513712506641845
MDS-SMACOF,50,26,80,MDS_SMACOF_completed_p50_rep26_seed80.csv,terminal:T10,terminal,1,0.18189,0.10537151465204272,-0.07651848534795727,0.07651848534795727
MDS-SMACOF,50,26,80,MDS_SMACOF_completed_p50_rep26_seed80.csv,internal:T11|T12|T13|T14|T15,internal,5,0.11651,0.0197773249226604,-0.0967326750773396,0.0967326750773396
MDS-SMACOF,50,26,80,MDS_SMACOF_completed_p50_rep26_seed80.csv,internal:T11|T12,internal,2,0.22637,0.00022516469592913398,-0.22614483530407084,0.22614483530407084
MDS-SMACOF,50,26,80,MDS_SMACOF_completed_p50_rep26_seed80.csv,terminal:T11,terminal,1,0.16094,0.12262010866123053,-0.038319891338769466,0.038319891338769466
MDS-SMACOF,50,26,80,MDS_SMACOF_completed_p50_rep26_seed80.csv,terminal:T12,terminal,1,0.14942,0.11390271838237094,-0.03551728161762906,0.03551728161762906
MDS-SMACOF,50,26,80,MDS_SMACOF_completed_p50_rep26_seed80.csv,internal:T13|T14|T15,internal,3,0.18561,0.015416710622772944,-0.17019328937722705,0.17019328937722705
MDS-SMACOF,50,26,80,MDS_SMACOF_completed_p50_rep26_seed80.csv,terminal:T13,terminal,1,0.32149,0.1159634287066405,-0.2055265712933595,0.2055265712933595
MDS-SMACOF,50,26,80,MDS_SMACOF_completed_p50_rep26_seed80.csv,internal:T14|T15,internal,2,0.07113,0.0020729048947228618,-0.06905709510527713,0.06905709510527713
MDS-SMACOF,50,26,80,MDS_SMACOF_completed_p50_rep26_seed80.csv,terminal:T14,terminal,1,0.34439,0.12548868438060895,-0.21890131561939102,0.21890131561939102
MDS-SMACOF,50,26,80,MDS_SMACOF_completed_p50_rep26_seed80.csv,terminal:T15,terminal,1,0.24256,0.10972202898958323,-0.13283797101041678,0.13283797101041678
MDS-SMACOF,50,27,81,MDS_SMACOF_completed_p50_rep27_seed81.csv,terminal:T1,terminal,1,0.05696,0.04239457253313546,-0.014565427466864539,0.014565427466864539
MDS-SMACOF,50,27,81,MDS_SMACOF_completed_p50_rep27_seed81.csv,internal:T2|T3,internal,2,0.03472,0.022938658094288304,-0.011781341905711697,0.011781341905711697
MDS-SMACOF,50,27,81,MDS_SMACOF_completed_p50_rep27_seed81.csv,terminal:T2,terminal,1,0.02433,0.025448997294013457,0.001118997294013456,0.001118997294013456
MDS-SMACOF,50,27,81,MDS_SMACOF_completed_p50_rep27_seed81.csv,terminal:T3,terminal,1,0.02231,0.015583151606155778,-0.006726848393844222,0.006726848393844222
MDS-SMACOF,50,27,81,MDS_SMACOF_completed_p50_rep27_seed81.csv,internal:T1|T2|T3,internal,3,0.01863,0.012870482218911832,-0.0057595177810881686,0.0057595177810881686
MDS-SMACOF,50,27,81,MDS_SMACOF_completed_p50_rep27_seed81.csv,terminal:T4,terminal,1,0.07771,0.05662109076591686,-0.021088909234083145,0.021088909234083145
MDS-SMACOF,50,27,81,MDS_SMACOF_completed_p50_rep27_seed81.csv,internal:T1|T2|T3|T4,internal,4,0.04682,0.03439575443298928,-0.012424245567010724,0.012424245567010724
MDS-SMACOF,50,27,81,MDS_SMACOF_completed_p50_rep27_seed81.csv,terminal:T5,terminal,1,0.12997,0.09619264109446567,-0.033777358905534335,0.033777358905534335
MDS-SMACOF,50,27,81,MDS_SMACOF_completed_p50_rep27_seed81.csv,internal:T1|T2|T3|T4|T5,internal,5,0.03057,0.0,-0.03057,0.03057
MDS-SMACOF,50,27,81,MDS_SMACOF_completed_p50_rep27_seed81.csv,terminal:T6,terminal,1,0.14605,0.09606916175196473,-0.049980838248035286,0.049980838248035286
MDS-SMACOF,50,27,81,MDS_SMACOF_completed_p50_rep27_seed81.csv,internal:T1|T2|T3|T4|T5|T6,internal,6,0.0721,0.012414348374526103,-0.059685651625473894,0.059685651625473894
MDS-SMACOF,50,27,81,MDS_SMACOF_completed_p50_rep27_seed81.csv,internal:T10|T7|T8|T9,internal,4,0.08603,0.014859498503881175,-0.07117050149611882,0.07117050149611882
MDS-SMACOF,50,27,81,MDS_SMACOF_completed_p50_rep27_seed81.csv,internal:T7|T8|T9,internal,3,0.05128,0.0009889100623971595,-0.05029108993760284,0.05029108993760284
MDS-SMACOF,50,27,81,MDS_SMACOF_completed_p50_rep27_seed81.csv,internal:T7|T8,internal,2,0.02354,0.014379495809546648,-0.009160504190453351,0.009160504190453351
MDS-SMACOF,50,27,81,MDS_SMACOF_completed_p50_rep27_seed81.csv,terminal:T7,terminal,1,0.11573,0.07489883110291728,-0.040831168897082715,0.040831168897082715
MDS-SMACOF,50,27,81,MDS_SMACOF_completed_p50_rep27_seed81.csv,terminal:T8,terminal,1,0.11535,0.07210286073241072,-0.043247139267589274,0.043247139267589274
MDS-SMACOF,50,27,81,MDS_SMACOF_completed_p50_rep27_seed81.csv,terminal:T9,terminal,1,0.12153,0.0916757311464405,-0.029854268853559504,0.029854268853559504
MDS-SMACOF,50,27,81,MDS_SMACOF_completed_p50_rep27_seed81.csv,terminal:T10,terminal,1,0.18189,0.09846533454167913,-0.08342466545832086,0.08342466545832086
MDS-SMACOF,50,27,81,MDS_SMACOF_completed_p50_rep27_seed81.csv,internal:T11|T12|T13|T14|T15,internal,5,0.11651,0.01633066472208811,-0.1001793352779119,0.1001793352779119
MDS-SMACOF,50,27,81,MDS_SMACOF_completed_p50_rep27_seed81.csv,internal:T11|T12,internal,2,0.22637,0.03957147137952393,-0.18679852862047605,0.18679852862047605
MDS-SMACOF,50,27,81,MDS_SMACOF_completed_p50_rep27_seed81.csv,terminal:T11,terminal,1,0.16094,0.08842980342131462,-0.07251019657868538,0.07251019657868538
MDS-SMACOF,50,27,81,MDS_SMACOF_completed_p50_rep27_seed81.csv,terminal:T12,terminal,1,0.14942,0.08455929723021068,-0.06486070276978932,0.06486070276978932
MDS-SMACOF,50,27,81,MDS_SMACOF_completed_p50_rep27_seed81.csv,internal:T13|T14|T15,internal,3,0.18561,0.0065163776490705025,-0.1790936223509295,0.1790936223509295
MDS-SMACOF,50,27,81,MDS_SMACOF_completed_p50_rep27_seed81.csv,terminal:T13,terminal,1,0.32149,0.12739443407054693,-0.19409556592945307,0.19409556592945307
MDS-SMACOF,50,27,81,MDS_SMACOF_completed_p50_rep27_seed81.csv,internal:T14|T15,internal,2,0.07113,0.0012685481836949592,-0.06986145181630504,0.06986145181630504
MDS-SMACOF,50,27,81,MDS_SMACOF_completed_p50_rep27_seed81.csv,terminal:T14,terminal,1,0.34439,0.11931595702509587,-0.2250740429749041,0.2250740429749041
MDS-SMACOF,50,27,81,MDS_SMACOF_completed_p50_rep27_seed81.csv,terminal:T15,terminal,1,0.24256,0.11655583475704655,-0.12600416524295344,0.12600416524295344
MDS-SMACOF,50,28,82,MDS_SMACOF_completed_p50_rep28_seed82.csv,terminal:T1,terminal,1,0.05696,0.07274120887533335,0.015781208875333352,0.015781208875333352
MDS-SMACOF,50,28,82,MDS_SMACOF_completed_p50_rep28_seed82.csv,internal:T2|T3,internal,2,0.03472,0.0,-0.03472,0.03472
MDS-SMACOF,50,28,82,MDS_SMACOF_completed_p50_rep28_seed82.csv,terminal:T2,terminal,1,0.02433,0.09289121665385977,0.06856121665385977,0.06856121665385977
MDS-SMACOF,50,28,82,MDS_SMACOF_completed_p50_rep28_seed82.csv,terminal:T3,terminal,1,0.02231,0.07789567671326164,0.055585676713261645,0.055585676713261645
MDS-SMACOF,50,28,82,MDS_SMACOF_completed_p50_rep28_seed82.csv,internal:T1|T2|T3,internal,3,0.01863,0.0,-0.01863,0.01863
MDS-SMACOF,50,28,82,MDS_SMACOF_completed_p50_rep28_seed82.csv,terminal:T4,terminal,1,0.07771,0.07868088892304352,0.0009708889230435197,0.0009708889230435197
MDS-SMACOF,50,28,82,MDS_SMACOF_completed_p50_rep28_seed82.csv,internal:T1|T2|T3|T4,internal,4,0.04682,0.0,-0.04682,0.04682
MDS-SMACOF,50,28,82,MDS_SMACOF_completed_p50_rep28_seed82.csv,terminal:T5,terminal,1,0.12997,0.0826130160139526,-0.0473569839860474,0.0473569839860474
MDS-SMACOF,50,28,82,MDS_SMACOF_completed_p50_rep28_seed82.csv,internal:T1|T2|T3|T4|T5,internal,5,0.03057,0.01731212823857764,-0.01325787176142236,0.01325787176142236
MDS-SMACOF,50,28,82,MDS_SMACOF_completed_p50_rep28_seed82.csv,terminal:T6,terminal,1,0.14605,0.09920394536013125,-0.04684605463986877,0.04684605463986877
MDS-SMACOF,50,28,82,MDS_SMACOF_completed_p50_rep28_seed82.csv,internal:T1|T2|T3|T4|T5|T6,internal,6,0.0721,0.010244295462054154,-0.061855704537945845,0.061855704537945845
MDS-SMACOF,50,28,82,MDS_SMACOF_completed_p50_rep28_seed82.csv,internal:T10|T7|T8|T9,internal,4,0.08603,0.0021456741022526167,-0.08388432589774737,0.08388432589774737
MDS-SMACOF,50,28,82,MDS_SMACOF_completed_p50_rep28_seed82.csv,internal:T7|T8|T9,internal,3,0.05128,0.0,-0.05128,0.05128
MDS-SMACOF,50,28,82,MDS_SMACOF_completed_p50_rep28_seed82.csv,internal:T7|T8,internal,2,0.02354,0.029151791171372583,0.005611791171372584,0.005611791171372584
MDS-SMACOF,50,28,82,MDS_SMACOF_completed_p50_rep28_seed82.csv,terminal:T7,terminal,1,0.11573,0.0694671196579884,-0.046262880342011606,0.046262880342011606
MDS-SMACOF,50,28,82,MDS_SMACOF_completed_p50_rep28_seed82.csv,terminal:T8,terminal,1,0.11535,0.07753457217733957,-0.037815427822660425,0.037815427822660425
MDS-SMACOF,50,28,82,MDS_SMACOF_completed_p50_rep28_seed82.csv,terminal:T9,terminal,1,0.12153,0.11119367508282396,-0.010336324917176037,0.010336324917176037
MDS-SMACOF,50,28,82,MDS_SMACOF_completed_p50_rep28_seed82.csv,terminal:T10,terminal,1,0.18189,0.1074433325527622,-0.0744466674472378,0.0744466674472378
MDS-SMACOF,50,28,82,MDS_SMACOF_completed_p50_rep28_seed82.csv,internal:T11|T12|T13|T14|T15,internal,5,0.11651,0.01617914729115744,-0.10033085270884257,0.10033085270884257
MDS-SMACOF,50,28,82,MDS_SMACOF_completed_p50_rep28_seed82.csv,internal:T11|T12,internal,2,0.22637,0.03334219371900603,-0.19302780628099397,0.19302780628099397
MDS-SMACOF,50,28,82,MDS_SMACOF_completed_p50_rep28_seed82.csv,terminal:T11,terminal,1,0.16094,0.08636746567188726,-0.07457253432811274,0.07457253432811274
MDS-SMACOF,50,28,82,MDS_SMACOF_completed_p50_rep28_seed82.csv,terminal:T12,terminal,1,0.14942,0.086621634979638,-0.062798365020362,0.062798365020362
MDS-SMACOF,50,28,82,MDS_SMACOF_completed_p50_rep28_seed82.csv,internal:T13|T14|T15,internal,3,0.18561,0.016091828300826925,-0.16951817169917308,0.16951817169917308
MDS-SMACOF,50,28,82,MDS_SMACOF_completed_p50_rep28_seed82.csv,terminal:T13,terminal,1,0.32149,0.11730859500472916,-0.20418140499527082,0.20418140499527082
MDS-SMACOF,50,28,82,MDS_SMACOF_completed_p50_rep28_seed82.csv,internal:T14|T15,internal,2,0.07113,0.004731460771482073,-0.06639853922851792,0.06639853922851792
MDS-SMACOF,50,28,82,MDS_SMACOF_completed_p50_rep28_seed82.csv,terminal:T14,terminal,1,0.34439,0.11698841341676162,-0.22740158658323834,0.22740158658323834
MDS-SMACOF,50,28,82,MDS_SMACOF_completed_p50_rep28_seed82.csv,terminal:T15,terminal,1,0.24256,0.11888337836538072,-0.12367662163461927,0.12367662163461927
MDS-SMACOF,50,29,83,MDS_SMACOF_completed_p50_rep29_seed83.csv,terminal:T1,terminal,1,0.05696,0.05032622043698778,-0.0066337795630122195,0.0066337795630122195
MDS-SMACOF,50,29,83,MDS_SMACOF_completed_p50_rep29_seed83.csv,internal:T2|T3,internal,2,0.03472,0.02877246974143139,-0.0059475302585686105,0.0059475302585686105
MDS-SMACOF,50,29,83,MDS_SMACOF_completed_p50_rep29_seed83.csv,terminal:T2,terminal,1,0.02433,0.019729806756582362,-0.004600193243417639,0.004600193243417639
MDS-SMACOF,50,29,83,MDS_SMACOF_completed_p50_rep29_seed83.csv,terminal:T3,terminal,1,0.02231,0.02130234214358682,-0.0010076578564131786,0.0010076578564131786
MDS-SMACOF,50,29,83,MDS_SMACOF_completed_p50_rep29_seed83.csv,internal:T1|T2|T3,internal,3,0.01863,0.002364239182504642,-0.01626576081749536,0.01626576081749536
MDS-SMACOF,50,29,83,MDS_SMACOF_completed_p50_rep29_seed83.csv,terminal:T4,terminal,1,0.07771,0.06330256979078834,-0.01440743020921166,0.01440743020921166
MDS-SMACOF,50,29,83,MDS_SMACOF_completed_p50_rep29_seed83.csv,internal:T1|T2|T3|T4,internal,4,0.04682,0.02636479383930129,-0.02045520616069871,0.02045520616069871
MDS-SMACOF,50,29,83,MDS_SMACOF_completed_p50_rep29_seed83.csv,terminal:T5,terminal,1,0.12997,0.09204241619906649,-0.037927583800933515,0.037927583800933515
MDS-SMACOF,50,29,83,MDS_SMACOF_completed_p50_rep29_seed83.csv,internal:T1|T2|T3|T4|T5,internal,5,0.03057,0.0061171346534480775,-0.024452865346551923,0.024452865346551923
MDS-SMACOF,50,29,83,MDS_SMACOF_completed_p50_rep29_seed83.csv,terminal:T6,terminal,1,0.14605,0.10043259967591411,-0.0456174003240859,0.0456174003240859
MDS-SMACOF,50,29,83,MDS_SMACOF_completed_p50_rep29_seed83.csv,internal:T1|T2|T3|T4|T5|T6,internal,6,0.0721,0.013983446449435282,-0.05811655355056471,0.05811655355056471
MDS-SMACOF,50,29,83,MDS_SMACOF_completed_p50_rep29_seed83.csv,internal:T10|T7|T8|T9,internal,4,0.08603,0.0,-0.08603,0.08603
MDS-SMACOF,50,29,83,MDS_SMACOF_completed_p50_rep29_seed83.csv,internal:T7|T8|T9,internal,3,0.05128,0.0,-0.05128,0.05128
MDS-SMACOF,50,29,83,MDS_SMACOF_completed_p50_rep29_seed83.csv,internal:T7|T8,internal,2,0.02354,0.03443441394917986,0.010894413949179858,0.010894413949179858
MDS-SMACOF,50,29,83,MDS_SMACOF_completed_p50_rep29_seed83.csv,terminal:T7,terminal,1,0.11573,0.06646868319756416,-0.04926131680243584,0.04926131680243584
MDS-SMACOF,50,29,83,MDS_SMACOF_completed_p50_rep29_seed83.csv,terminal:T8,terminal,1,0.11535,0.08053300863776386,-0.034816991362236135,0.034816991362236135
MDS-SMACOF,50,29,83,MDS_SMACOF_completed_p50_rep29_seed83.csv,terminal:T9,terminal,1,0.12153,0.11094573571892251,-0.01058426428107749,0.01058426428107749
MDS-SMACOF,50,29,83,MDS_SMACOF_completed_p50_rep29_seed83.csv,terminal:T10,terminal,1,0.18189,0.10713204526100818,-0.07475795473899181,0.07475795473899181
MDS-SMACOF,50,29,83,MDS_SMACOF_completed_p50_rep29_seed83.csv,internal:T11|T12|T13|T14|T15,internal,5,0.11651,0.009711549645777135,-0.10679845035422286,0.10679845035422286
MDS-SMACOF,50,29,83,MDS_SMACOF_completed_p50_rep29_seed83.csv,internal:T11|T12,internal,2,0.22637,0.003953827831585397,-0.22241617216841458,0.22241617216841458
MDS-SMACOF,50,29,83,MDS_SMACOF_completed_p50_rep29_seed83.csv,terminal:T11,terminal,1,0.16094,0.12172401210141438,-0.039215987898585616,0.039215987898585616
MDS-SMACOF,50,29,83,MDS_SMACOF_completed_p50_rep29_seed83.csv,terminal:T12,terminal,1,0.14942,0.11582959436913959,-0.03359040563086041,0.03359040563086041
MDS-SMACOF,50,29,83,MDS_SMACOF_completed_p50_rep29_seed83.csv,internal:T13|T14|T15,internal,3,0.18561,0.01201709734996421,-0.1735929026500358,0.1735929026500358
MDS-SMACOF,50,29,83,MDS_SMACOF_completed_p50_rep29_seed83.csv,terminal:T13,terminal,1,0.32149,0.11735980236354727,-0.20413019763645274,0.20413019763645274
MDS-SMACOF,50,29,83,MDS_SMACOF_completed_p50_rep29_seed83.csv,internal:T14|T15,internal,2,0.07113,0.004615058763626482,-0.06651494123637351,0.06651494123637351
MDS-SMACOF,50,29,83,MDS_SMACOF_completed_p50_rep29_seed83.csv,terminal:T14,terminal,1,0.34439,0.12430126634367837,-0.2200887336563216,0.2200887336563216
MDS-SMACOF,50,29,83,MDS_SMACOF_completed_p50_rep29_seed83.csv,terminal:T15,terminal,1,0.24256,0.11157052543846399,-0.130989474561536,0.130989474561536
MDS-SMACOF,50,30,84,MDS_SMACOF_completed_p50_rep30_seed84.csv,terminal:T1,terminal,1,0.05696,0.04986133827868478,-0.007098661721315215,0.007098661721315215
MDS-SMACOF,50,30,84,MDS_SMACOF_completed_p50_rep30_seed84.csv,internal:T2|T3,internal,2,0.03472,0.0341793703004929,-0.0005406296995070989,0.0005406296995070989
MDS-SMACOF,50,30,84,MDS_SMACOF_completed_p50_rep30_seed84.csv,terminal:T2,terminal,1,0.02433,0.0190395581613958,-0.0052904418386042,0.0052904418386042
MDS-SMACOF,50,30,84,MDS_SMACOF_completed_p50_rep30_seed84.csv,terminal:T3,terminal,1,0.02231,0.02199259073877335,-0.0003174092612266491,0.0003174092612266491
MDS-SMACOF,50,30,84,MDS_SMACOF_completed_p50_rep30_seed84.csv,internal:T1|T2|T3,internal,3,0.01863,0.021724852787205214,0.003094852787205213,0.003094852787205213
MDS-SMACOF,50,30,84,MDS_SMACOF_completed_p50_rep30_seed84.csv,terminal:T4,terminal,1,0.07771,0.07918420480008409,0.001474204800084089,0.001474204800084089
MDS-SMACOF,50,30,84,MDS_SMACOF_completed_p50_rep30_seed84.csv,internal:T1|T2|T3|T4,internal,4,0.04682,0.021614822803425637,-0.025205177196574363,0.025205177196574363
MDS-SMACOF,50,30,84,MDS_SMACOF_completed_p50_rep30_seed84.csv,terminal:T5,terminal,1,0.12997,0.11613180180263855,-0.013838198197361457,0.013838198197361457
MDS-SMACOF,50,30,84,MDS_SMACOF_completed_p50_rep30_seed84.csv,internal:T1|T2|T3|T4|T5,internal,5,0.03057,0.0,-0.03057,0.03057
MDS-SMACOF,50,30,84,MDS_SMACOF_completed_p50_rep30_seed84.csv,terminal:T6,terminal,1,0.14605,0.09180001610885212,-0.05424998389114789,0.05424998389114789
MDS-SMACOF,50,30,84,MDS_SMACOF_completed_p50_rep30_seed84.csv,internal:T1|T2|T3|T4|T5|T6,internal,6,0.0721,0.0033782821364450686,-0.06872171786355492,0.06872171786355492
MDS-SMACOF,50,30,84,MDS_SMACOF_completed_p50_rep30_seed84.csv,internal:T10|T7|T8|T9,internal,4,0.08603,0.0032453408503404823,-0.08278465914965952,0.08278465914965952
MDS-SMACOF,50,30,84,MDS_SMACOF_completed_p50_rep30_seed84.csv,internal:T7|T8|T9,internal,3,0.05128,0.0,-0.05128,0.05128
MDS-SMACOF,50,30,84,MDS_SMACOF_completed_p50_rep30_seed84.csv,internal:T7|T8,internal,2,0.02354,0.0,-0.02354,0.02354
MDS-SMACOF,50,30,84,MDS_SMACOF_completed_p50_rep30_seed84.csv,terminal:T7,terminal,1,0.11573,0.10721524976201485,-0.008514750237985147,0.008514750237985147
MDS-SMACOF,50,30,84,MDS_SMACOF_completed_p50_rep30_seed84.csv,terminal:T8,terminal,1,0.11535,0.10817645484905396,-0.007173545150946037,0.007173545150946037
MDS-SMACOF,50,30,84,MDS_SMACOF_completed_p50_rep30_seed84.csv,terminal:T9,terminal,1,0.12153,0.11189713909873318,-0.009632860901266818,0.009632860901266818
MDS-SMACOF,50,30,84,MDS_SMACOF_completed_p50_rep30_seed84.csv,terminal:T10,terminal,1,0.18189,0.11096118864062099,-0.07092881135937901,0.07092881135937901
MDS-SMACOF,50,30,84,MDS_SMACOF_completed_p50_rep30_seed84.csv,internal:T11|T12|T13|T14|T15,internal,5,0.11651,0.006599032101401074,-0.10991096789859893,0.10991096789859893
MDS-SMACOF,50,30,84,MDS_SMACOF_completed_p50_rep30_seed84.csv,internal:T11|T12,internal,2,0.22637,0.015950889034326322,-0.21041911096567367,0.21041911096567367
MDS-SMACOF,50,30,84,MDS_SMACOF_completed_p50_rep30_seed84.csv,terminal:T11,terminal,1,0.16094,0.12070419932153961,-0.04023580067846039,0.04023580067846039
MDS-SMACOF,50,30,84,MDS_SMACOF_completed_p50_rep30_seed84.csv,terminal:T12,terminal,1,0.14942,0.11601575341602614,-0.033404246583973854,0.033404246583973854
MDS-SMACOF,50,30,84,MDS_SMACOF_completed_p50_rep30_seed84.csv,internal:T13|T14|T15,internal,3,0.18561,0.020168362042131634,-0.16544163795786837,0.16544163795786837
MDS-SMACOF,50,30,84,MDS_SMACOF_completed_p50_rep30_seed84.csv,terminal:T13,terminal,1,0.32149,0.12126323861445013,-0.20022676138554987,0.20022676138554987
MDS-SMACOF,50,30,84,MDS_SMACOF_completed_p50_rep30_seed84.csv,internal:T14|T15,internal,2,0.07113,0.0011500055965277952,-0.0699799944034722,0.0699799944034722
MDS-SMACOF,50,30,84,MDS_SMACOF_completed_p50_rep30_seed84.csv,terminal:T14,terminal,1,0.34439,0.12345892465253075,-0.22093107534746922,0.22093107534746922
MDS-SMACOF,50,30,84,MDS_SMACOF_completed_p50_rep30_seed84.csv,terminal:T15,terminal,1,0.24256,0.11843611310070154,-0.12412388689929846,0.12412388689929846
MDS-SMACOF,65,1,55,MDS_SMACOF_completed_p65_rep01_seed55.csv,terminal:T1,terminal,1,0.05696,0.08401872710738438,0.027058727107384384,0.027058727107384384
MDS-SMACOF,65,1,55,MDS_SMACOF_completed_p65_rep01_seed55.csv,internal:T2|T3,internal,2,0.03472,0.0,-0.03472,0.03472
MDS-SMACOF,65,1,55,MDS_SMACOF_completed_p65_rep01_seed55.csv,terminal:T2,terminal,1,0.02433,0.08562641762605505,0.06129641762605505,0.06129641762605505
MDS-SMACOF,65,1,55,MDS_SMACOF_completed_p65_rep01_seed55.csv,terminal:T3,terminal,1,0.02231,0.09746122394230966,0.07515122394230966,0.07515122394230966
MDS-SMACOF,65,1,55,MDS_SMACOF_completed_p65_rep01_seed55.csv,internal:T1|T2|T3,internal,3,0.01863,0.01711124399322936,-0.0015187560067706392,0.0015187560067706392
MDS-SMACOF,65,1,55,MDS_SMACOF_completed_p65_rep01_seed55.csv,terminal:T4,terminal,1,0.07771,0.1117768920014833,0.0340668920014833,0.0340668920014833
MDS-SMACOF,65,1,55,MDS_SMACOF_completed_p65_rep01_seed55.csv,internal:T1|T2|T3|T4,internal,4,0.04682,0.0,-0.04682,0.04682
MDS-SMACOF,65,1,55,MDS_SMACOF_completed_p65_rep01_seed55.csv,terminal:T5,terminal,1,0.12997,0.11836180313913167,-0.011608196860868336,0.011608196860868336
MDS-SMACOF,65,1,55,MDS_SMACOF_completed_p65_rep01_seed55.csv,internal:T1|T2|T3|T4|T5,internal,5,0.03057,0.0,-0.03057,0.03057
MDS-SMACOF,65,1,55,MDS_SMACOF_completed_p65_rep01_seed55.csv,terminal:T6,terminal,1,0.14605,0.1065240748437431,-0.039525925156256914,0.039525925156256914
MDS-SMACOF,65,1,55,MDS_SMACOF_completed_p65_rep01_seed55.csv,internal:T1|T2|T3|T4|T5|T6,internal,6,0.0721,0.0,-0.0721,0.0721
MDS-SMACOF,65,1,55,MDS_SMACOF_completed_p65_rep01_seed55.csv,internal:T10|T7|T8|T9,internal,4,0.08603,0.01396162988543189,-0.0720683701145681,0.0720683701145681
MDS-SMACOF,65,1,55,MDS_SMACOF_completed_p65_rep01_seed55.csv,internal:T7|T8|T9,internal,3,0.05128,0.0,-0.05128,0.05128
MDS-SMACOF,65,1,55,MDS_SMACOF_completed_p65_rep01_seed55.csv,internal:T7|T8,internal,2,0.02354,0.0,-0.02354,0.02354
MDS-SMACOF,65,1,55,MDS_SMACOF_completed_p65_rep01_seed55.csv,terminal:T7,terminal,1,0.11573,0.11382384557669319,-0.0019061544233068134,0.0019061544233068134
MDS-SMACOF,65,1,55,MDS_SMACOF_completed_p65_rep01_seed55.csv,terminal:T8,terminal,1,0.11535,0.09996588024861934,-0.015384119751380654,0.015384119751380654
MDS-SMACOF,65,1,55,MDS_SMACOF_completed_p65_rep01_seed55.csv,terminal:T9,terminal,1,0.12153,0.09679216343522129,-0.02473783656477871,0.02473783656477871
MDS-SMACOF,65,1,55,MDS_SMACOF_completed_p65_rep01_seed55.csv,terminal:T10,terminal,1,0.18189,0.10275992468625574,-0.07913007531374426,0.07913007531374426
MDS-SMACOF,65,1,55,MDS_SMACOF_completed_p65_rep01_seed55.csv,internal:T11|T12|T13|T14|T15,internal,5,0.11651,0.011631201955432614,-0.10487879804456739,0.10487879804456739
MDS-SMACOF,65,1,55,MDS_SMACOF_completed_p65_rep01_seed55.csv,internal:T11|T12,internal,2,0.22637,0.005201649176347212,-0.22116835082365277,0.22116835082365277
MDS-SMACOF,65,1,55,MDS_SMACOF_completed_p65_rep01_seed55.csv,terminal:T11,terminal,1,0.16094,0.12078146890820148,-0.040158531091798524,0.040158531091798524
MDS-SMACOF,65,1,55,MDS_SMACOF_completed_p65_rep01_seed55.csv,terminal:T12,terminal,1,0.14942,0.1170193487667575,-0.0324006512332425,0.0324006512332425
MDS-SMACOF,65,1,55,MDS_SMACOF_completed_p65_rep01_seed55.csv,internal:T13|T14|T15,internal,3,0.18561,0.006198245847617024,-0.17941175415238297,0.17941175415238297
MDS-SMACOF,65,1,55,MDS_SMACOF_completed_p65_rep01_seed55.csv,terminal:T13,terminal,1,0.32149,0.11932967896303291,-0.20216032103696707,0.20216032103696707
MDS-SMACOF,65,1,55,MDS_SMACOF_completed_p65_rep01_seed55.csv,internal:T14|T15,internal,2,0.07113,0.0004503606452683058,-0.07067963935473169,0.07067963935473169
MDS-SMACOF,65,1,55,MDS_SMACOF_completed_p65_rep01_seed55.csv,terminal:T14,terminal,1,0.34439,0.11674950433278727,-0.2276404956672127,0.2276404956672127
MDS-SMACOF,65,1,55,MDS_SMACOF_completed_p65_rep01_seed55.csv,terminal:T15,terminal,1,0.24256,0.11912228744935512,-0.12343771255064488,0.12343771255064488
MDS-SMACOF,65,2,56,MDS_SMACOF_completed_p65_rep02_seed56.csv,terminal:T1,terminal,1,0.05696,0.1078596603963326,0.050899660396332605,0.050899660396332605
MDS-SMACOF,65,2,56,MDS_SMACOF_completed_p65_rep02_seed56.csv,internal:T2|T3,internal,2,0.03472,0.0,-0.03472,0.03472
MDS-SMACOF,65,2,56,MDS_SMACOF_completed_p65_rep02_seed56.csv,terminal:T2,terminal,1,0.02433,0.09843840661047774,0.07410840661047774,0.07410840661047774
MDS-SMACOF,65,2,56,MDS_SMACOF_completed_p65_rep02_seed56.csv,terminal:T3,terminal,1,0.02231,0.10296266147005502,0.08065266147005502,0.08065266147005502
MDS-SMACOF,65,2,56,MDS_SMACOF_completed_p65_rep02_seed56.csv,internal:T1|T2|T3,internal,3,0.01863,0.0,-0.01863,0.01863
MDS-SMACOF,65,2,56,MDS_SMACOF_completed_p65_rep02_seed56.csv,terminal:T4,terminal,1,0.07771,0.10485953417262515,0.027149534172625153,0.027149534172625153
MDS-SMACOF,65,2,56,MDS_SMACOF_completed_p65_rep02_seed56.csv,internal:T1|T2|T3|T4,internal,4,0.04682,0.0,-0.04682,0.04682
MDS-SMACOF,65,2,56,MDS_SMACOF_completed_p65_rep02_seed56.csv,terminal:T5,terminal,1,0.12997,0.09482934659693536,-0.035140653403064645,0.035140653403064645
MDS-SMACOF,65,2,56,MDS_SMACOF_completed_p65_rep02_seed56.csv,internal:T1|T2|T3|T4|T5,internal,5,0.03057,0.0,-0.03057,0.03057
MDS-SMACOF,65,2,56,MDS_SMACOF_completed_p65_rep02_seed56.csv,terminal:T6,terminal,1,0.14605,0.08281112935741687,-0.06323887064258314,0.06323887064258314
MDS-SMACOF,65,2,56,MDS_SMACOF_completed_p65_rep02_seed56.csv,internal:T1|T2|T3|T4|T5|T6,internal,6,0.0721,0.00467612378526695,-0.06742387621473304,0.06742387621473304
MDS-SMACOF,65,2,56,MDS_SMACOF_completed_p65_rep02_seed56.csv,internal:T10|T7|T8|T9,internal,4,0.08603,0.014055751333731516,-0.07197424866626848,0.07197424866626848
MDS-SMACOF,65,2,56,MDS_SMACOF_completed_p65_rep02_seed56.csv,internal:T7|T8|T9,internal,3,0.05128,0.0,-0.05128,0.05128
MDS-SMACOF,65,2,56,MDS_SMACOF_completed_p65_rep02_seed56.csv,internal:T7|T8,internal,2,0.02354,0.0,-0.02354,0.02354
MDS-SMACOF,65,2,56,MDS_SMACOF_completed_p65_rep02_seed56.csv,terminal:T7,terminal,1,0.11573,0.09543428344482244,-0.020295716555177562,0.020295716555177562
MDS-SMACOF,65,2,56,MDS_SMACOF_completed_p65_rep02_seed56.csv,terminal:T8,terminal,1,0.11535,0.1017726552683521,-0.0135773447316479,0.0135773447316479
MDS-SMACOF,65,2,56,MDS_SMACOF_completed_p65_rep02_seed56.csv,terminal:T9,terminal,1,0.12153,0.09298289744909635,-0.028547102550903647,0.028547102550903647
MDS-SMACOF,65,2,56,MDS_SMACOF_completed_p65_rep02_seed56.csv,terminal:T10,terminal,1,0.18189,0.1063430565021945,-0.0755469434978055,0.0755469434978055
MDS-SMACOF,65,2,56,MDS_SMACOF_completed_p65_rep02_seed56.csv,internal:T11|T12|T13|T14|T15,internal,5,0.11651,0.009477849329146857,-0.10703215067085314,0.10703215067085314
MDS-SMACOF,65,2,56,MDS_SMACOF_completed_p65_rep02_seed56.csv,internal:T11|T12,internal,2,0.22637,0.02251895030520439,-0.2038510496947956,0.2038510496947956
MDS-SMACOF,65,2,56,MDS_SMACOF_completed_p65_rep02_seed56.csv,terminal:T11,terminal,1,0.16094,0.0811655565473801,-0.0797744434526199,0.0797744434526199
MDS-SMACOF,65,2,56,MDS_SMACOF_completed_p65_rep02_seed56.csv,terminal:T12,terminal,1,0.14942,0.09182354410414521,-0.057596455895854784,0.057596455895854784
MDS-SMACOF,65,2,56,MDS_SMACOF_completed_p65_rep02_seed56.csv,internal:T13|T14|T15,internal,3,0.18561,0.0,-0.18561,0.18561
MDS-SMACOF,65,2,56,MDS_SMACOF_completed_p65_rep02_seed56.csv,terminal:T13,terminal,1,0.32149,0.12061350862695336,-0.20087649137304664,0.20087649137304664
MDS-SMACOF,65,2,56,MDS_SMACOF_completed_p65_rep02_seed56.csv,internal:T14|T15,internal,2,0.07113,0.011645359631334373,-0.059484640368665624,0.059484640368665624
MDS-SMACOF,65,2,56,MDS_SMACOF_completed_p65_rep02_seed56.csv,terminal:T14,terminal,1,0.34439,0.11710721855983364,-0.22728278144016634,0.22728278144016634
MDS-SMACOF,65,2,56,MDS_SMACOF_completed_p65_rep02_seed56.csv,terminal:T15,terminal,1,0.24256,0.10622128824314336,-0.13633871175685663,0.13633871175685663
MDS-SMACOF,65,3,57,MDS_SMACOF_completed_p65_rep03_seed57.csv,terminal:T1,terminal,1,0.05696,0.03531369348654617,-0.021646306513453825,0.021646306513453825
MDS-SMACOF,65,3,57,MDS_SMACOF_completed_p65_rep03_seed57.csv,internal:T2|T3,internal,2,0.03472,0.03704642260890847,0.002326422608908467,0.002326422608908467
MDS-SMACOF,65,3,57,MDS_SMACOF_completed_p65_rep03_seed57.csv,terminal:T2,terminal,1,0.02433,0.023952417492292044,-0.00037758250770795684,0.00037758250770795684
MDS-SMACOF,65,3,57,MDS_SMACOF_completed_p65_rep03_seed57.csv,terminal:T3,terminal,1,0.02231,0.017079731407877153,-0.005230268592122847,0.005230268592122847
MDS-SMACOF,65,3,57,MDS_SMACOF_completed_p65_rep03_seed57.csv,internal:T1|T2|T3,internal,3,0.01863,0.005400325780879635,-0.013229674219120365,0.013229674219120365
MDS-SMACOF,65,3,57,MDS_SMACOF_completed_p65_rep03_seed57.csv,terminal:T4,terminal,1,0.07771,0.0688356878087902,-0.008874312191209807,0.008874312191209807
MDS-SMACOF,65,3,57,MDS_SMACOF_completed_p65_rep03_seed57.csv,internal:T1|T2|T3|T4,internal,4,0.04682,0.032386417086044346,-0.014433582913955655,0.014433582913955655
MDS-SMACOF,65,3,57,MDS_SMACOF_completed_p65_rep03_seed57.csv,terminal:T5,terminal,1,0.12997,0.11144741677848628,-0.01852258322151372,0.01852258322151372
MDS-SMACOF,65,3,57,MDS_SMACOF_completed_p65_rep03_seed57.csv,internal:T1|T2|T3|T4|T5,internal,5,0.03057,0.0,-0.03057,0.03057
MDS-SMACOF,65,3,57,MDS_SMACOF_completed_p65_rep03_seed57.csv,terminal:T6,terminal,1,0.14605,0.09243548162113674,-0.053614518378863274,0.053614518378863274
MDS-SMACOF,65,3,57,MDS_SMACOF_completed_p65_rep03_seed57.csv,internal:T1|T2|T3|T4|T5|T6,internal,6,0.0721,0.010228089397939353,-0.06187191060206065,0.06187191060206065
MDS-SMACOF,65,3,57,MDS_SMACOF_completed_p65_rep03_seed57.csv,internal:T10|T7|T8|T9,internal,4,0.08603,0.0,-0.08603,0.08603
MDS-SMACOF,65,3,57,MDS_SMACOF_completed_p65_rep03_seed57.csv,internal:T7|T8|T9,internal,3,0.05128,0.0,-0.05128,0.05128
MDS-SMACOF,65,3,57,MDS_SMACOF_completed_p65_rep03_seed57.csv,internal:T7|T8,internal,2,0.02354,0.0,-0.02354,0.02354
MDS-SMACOF,65,3,57,MDS_SMACOF_completed_p65_rep03_seed57.csv,terminal:T7,terminal,1,0.11573,0.10656361030899195,-0.009166389691008053,0.009166389691008053
MDS-SMACOF,65,3,57,MDS_SMACOF_completed_p65_rep03_seed57.csv,terminal:T8,terminal,1,0.11535,0.11036705067483063,-0.004982949325169364,0.004982949325169364
MDS-SMACOF,65,3,57,MDS_SMACOF_completed_p65_rep03_seed57.csv,terminal:T9,terminal,1,0.12153,0.10708227699619031,-0.014447723003809684,0.014447723003809684
MDS-SMACOF,65,3,57,MDS_SMACOF_completed_p65_rep03_seed57.csv,terminal:T10,terminal,1,0.18189,0.10906203529357175,-0.07282796470642824,0.07282796470642824
MDS-SMACOF,65,3,57,MDS_SMACOF_completed_p65_rep03_seed57.csv,internal:T11|T12|T13|T14|T15,internal,5,0.11651,0.007732910034595845,-0.10877708996540415,0.10877708996540415
MDS-SMACOF,65,3,57,MDS_SMACOF_completed_p65_rep03_seed57.csv,internal:T11|T12,internal,2,0.22637,0.006134336227398176,-0.22023566377260181,0.22023566377260181
MDS-SMACOF,65,3,57,MDS_SMACOF_completed_p65_rep03_seed57.csv,terminal:T11,terminal,1,0.16094,0.11423465238165914,-0.04670534761834086,0.04670534761834086
MDS-SMACOF,65,3,57,MDS_SMACOF_completed_p65_rep03_seed57.csv,terminal:T12,terminal,1,0.14942,0.12005236197347241,-0.029367638026527587,0.029367638026527587
MDS-SMACOF,65,3,57,MDS_SMACOF_completed_p65_rep03_seed57.csv,internal:T13|T14|T15,internal,3,0.18561,0.014111545610022896,-0.1714984543899771,0.1714984543899771
MDS-SMACOF,65,3,57,MDS_SMACOF_completed_p65_rep03_seed57.csv,terminal:T13,terminal,1,0.32149,0.12534273625374312,-0.19614726374625688,0.19614726374625688
MDS-SMACOF,65,3,57,MDS_SMACOF_completed_p65_rep03_seed57.csv,internal:T14|T15,internal,2,0.07113,0.003453286682780677,-0.06767671331721932,0.06767671331721932
MDS-SMACOF,65,3,57,MDS_SMACOF_completed_p65_rep03_seed57.csv,terminal:T14,terminal,1,0.34439,0.12944531823699448,-0.2149446817630055,0.2149446817630055
MDS-SMACOF,65,3,57,MDS_SMACOF_completed_p65_rep03_seed57.csv,terminal:T15,terminal,1,0.24256,0.10642647354514788,-0.1361335264548521,0.1361335264548521
MDS-SMACOF,65,4,58,MDS_SMACOF_completed_p65_rep04_seed58.csv,terminal:T1,terminal,1,0.05696,0.047060203059892024,-0.009899796940107973,0.009899796940107973
MDS-SMACOF,65,4,58,MDS_SMACOF_completed_p65_rep04_seed58.csv,internal:T2|T3,internal,2,0.03472,0.0,-0.03472,0.03472
MDS-SMACOF,65,4,58,MDS_SMACOF_completed_p65_rep04_seed58.csv,terminal:T2,terminal,1,0.02433,0.05994643511784113,0.03561643511784113,0.03561643511784113
MDS-SMACOF,65,4,58,MDS_SMACOF_completed_p65_rep04_seed58.csv,terminal:T3,terminal,1,0.02231,0.05633940031727588,0.034029400317275874,0.034029400317275874
MDS-SMACOF,65,4,58,MDS_SMACOF_completed_p65_rep04_seed58.csv,internal:T1|T2|T3,internal,3,0.01863,0.01857362168937695,-5.6378310623050876e-05,5.6378310623050876e-05
MDS-SMACOF,65,4,58,MDS_SMACOF_completed_p65_rep04_seed58.csv,terminal:T4,terminal,1,0.07771,0.05885519516599848,-0.018854804834001523,0.018854804834001523
MDS-SMACOF,65,4,58,MDS_SMACOF_completed_p65_rep04_seed58.csv,internal:T1|T2|T3|T4,internal,4,0.04682,0.025652863923850036,-0.021167136076149964,0.021167136076149964
MDS-SMACOF,65,4,58,MDS_SMACOF_completed_p65_rep04_seed58.csv,terminal:T5,terminal,1,0.12997,0.10611847477762447,-0.023851525222375533,0.023851525222375533
MDS-SMACOF,65,4,58,MDS_SMACOF_completed_p65_rep04_seed58.csv,internal:T1|T2|T3|T4|T5,internal,5,0.03057,0.0,-0.03057,0.03057
MDS-SMACOF,65,4,58,MDS_SMACOF_completed_p65_rep04_seed58.csv,terminal:T6,terminal,1,0.14605,0.09159353541699483,-0.05445646458300518,0.05445646458300518
MDS-SMACOF,65,4,58,MDS_SMACOF_completed_p65_rep04_seed58.csv,internal:T1|T2|T3|T4|T5|T6,internal,6,0.0721,0.009553559786231675,-0.06254644021376832,0.06254644021376832
MDS-SMACOF,65,4,58,MDS_SMACOF_completed_p65_rep04_seed58.csv,internal:T10|T7|T8|T9,internal,4,0.08603,0.0,-0.08603,0.08603
MDS-SMACOF,65,4,58,MDS_SMACOF_completed_p65_rep04_seed58.csv,internal:T7|T8|T9,internal,3,0.05128,0.02919432975492396,-0.022085670245076038,0.022085670245076038
MDS-SMACOF,65,4,58,MDS_SMACOF_completed_p65_rep04_seed58.csv,internal:T7|T8,internal,2,0.02354,0.009919105264741001,-0.013620894735258997,0.013620894735258997
MDS-SMACOF,65,4,58,MDS_SMACOF_completed_p65_rep04_seed58.csv,terminal:T7,terminal,1,0.11573,0.07624541780498954,-0.039484582195010456,0.039484582195010456
MDS-SMACOF,65,4,58,MDS_SMACOF_completed_p65_rep04_seed58.csv,terminal:T8,terminal,1,0.11535,0.07075627403033845,-0.044593725969661546,0.044593725969661546
MDS-SMACOF,65,4,58,MDS_SMACOF_completed_p65_rep04_seed58.csv,terminal:T9,terminal,1,0.12153,0.07058738349856618,-0.05094261650143382,0.05094261650143382
MDS-SMACOF,65,4,58,MDS_SMACOF_completed_p65_rep04_seed58.csv,terminal:T10,terminal,1,0.18189,0.1131752537903902,-0.0687147462096098,0.0687147462096098
MDS-SMACOF,65,4,58,MDS_SMACOF_completed_p65_rep04_seed58.csv,internal:T11|T12|T13|T14|T15,internal,5,0.11651,0.014336897747370255,-0.10217310225262975,0.10217310225262975
MDS-SMACOF,65,4,58,MDS_SMACOF_completed_p65_rep04_seed58.csv,internal:T11|T12,internal,2,0.22637,0.003777434118024748,-0.22259256588197524,0.22259256588197524
MDS-SMACOF,65,4,58,MDS_SMACOF_completed_p65_rep04_seed58.csv,terminal:T11,terminal,1,0.16094,0.11999279164959142,-0.040947208350408576,0.040947208350408576
MDS-SMACOF,65,4,58,MDS_SMACOF_completed_p65_rep04_seed58.csv,terminal:T12,terminal,1,0.14942,0.10757361259879925,-0.04184638740120075,0.04184638740120075
MDS-SMACOF,65,4,58,MDS_SMACOF_completed_p65_rep04_seed58.csv,internal:T13|T14|T15,internal,3,0.18561,0.0,-0.18561,0.18561
MDS-SMACOF,65,4,58,MDS_SMACOF_completed_p65_rep04_seed58.csv,terminal:T13,terminal,1,0.32149,0.12220870751430285,-0.19928129248569715,0.19928129248569715
MDS-SMACOF,65,4,58,MDS_SMACOF_completed_p65_rep04_seed58.csv,internal:T14|T15,internal,2,0.07113,0.0053130812512931285,-0.06581691874870688,0.06581691874870688
MDS-SMACOF,65,4,58,MDS_SMACOF_completed_p65_rep04_seed58.csv,terminal:T14,terminal,1,0.34439,0.12112668705377316,-0.2232633129462268,0.2232633129462268
MDS-SMACOF,65,4,58,MDS_SMACOF_completed_p65_rep04_seed58.csv,terminal:T15,terminal,1,0.24256,0.11474510472836914,-0.12781489527163087,0.12781489527163087
MDS-SMACOF,65,5,59,MDS_SMACOF_completed_p65_rep05_seed59.csv,terminal:T1,terminal,1,0.05696,0.04991654753844071,-0.0070434524615592894,0.0070434524615592894
MDS-SMACOF,65,5,59,MDS_SMACOF_completed_p65_rep05_seed59.csv,internal:T2|T3,internal,2,0.03472,0.02750932686933702,-0.007210673130662981,0.007210673130662981
MDS-SMACOF,65,5,59,MDS_SMACOF_completed_p65_rep05_seed59.csv,terminal:T2,terminal,1,0.02433,0.020460050755864594,-0.0038699492441354073,0.0038699492441354073
MDS-SMACOF,65,5,59,MDS_SMACOF_completed_p65_rep05_seed59.csv,terminal:T3,terminal,1,0.02231,0.02057209814430459,-0.0017379018556954104,0.0017379018556954104
MDS-SMACOF,65,5,59,MDS_SMACOF_completed_p65_rep05_seed59.csv,internal:T1|T2|T3,internal,3,0.01863,0.016208189896425685,-0.0024218101035743157,0.0024218101035743157
MDS-SMACOF,65,5,59,MDS_SMACOF_completed_p65_rep05_seed59.csv,terminal:T4,terminal,1,0.07771,0.06139774150253468,-0.016312258497465322,0.016312258497465322
MDS-SMACOF,65,5,59,MDS_SMACOF_completed_p65_rep05_seed59.csv,internal:T1|T2|T3|T4,internal,4,0.04682,0.04629063219855334,-0.0005293678014466618,0.0005293678014466618
MDS-SMACOF,65,5,59,MDS_SMACOF_completed_p65_rep05_seed59.csv,terminal:T5,terminal,1,0.12997,0.11193586249428762,-0.01803413750571238,0.01803413750571238
MDS-SMACOF,65,5,59,MDS_SMACOF_completed_p65_rep05_seed59.csv,internal:T1|T2|T3|T4|T5,internal,5,0.03057,0.0,-0.03057,0.03057
MDS-SMACOF,65,5,59,MDS_SMACOF_completed_p65_rep05_seed59.csv,terminal:T6,terminal,1,0.14605,0.10681435932706027,-0.03923564067293975,0.03923564067293975
MDS-SMACOF,65,5,59,MDS_SMACOF_completed_p65_rep05_seed59.csv,internal:T1|T2|T3|T4|T5|T6,internal,6,0.0721,0.0006118210013017925,-0.0714881789986982,0.0714881789986982
MDS-SMACOF,65,5,59,MDS_SMACOF_completed_p65_rep05_seed59.csv,internal:T10|T7|T8|T9,internal,4,0.08603,0.0,-0.08603,0.08603
MDS-SMACOF,65,5,59,MDS_SMACOF_completed_p65_rep05_seed59.csv,internal:T7|T8|T9,internal,3,0.05128,0.0030190312597835425,-0.04826096874021646,0.04826096874021646
MDS-SMACOF,65,5,59,MDS_SMACOF_completed_p65_rep05_seed59.csv,internal:T7|T8,internal,2,0.02354,0.0,-0.02354,0.02354
MDS-SMACOF,65,5,59,MDS_SMACOF_completed_p65_rep05_seed59.csv,terminal:T7,terminal,1,0.11573,0.11044889357949197,-0.005281106420508025,0.005281106420508025
MDS-SMACOF,65,5,59,MDS_SMACOF_completed_p65_rep05_seed59.csv,terminal:T8,terminal,1,0.11535,0.10302095592949086,-0.012329044070509138,0.012329044070509138
MDS-SMACOF,65,5,59,MDS_SMACOF_completed_p65_rep05_seed59.csv,terminal:T9,terminal,1,0.12153,0.09705897729786417,-0.02447102270213583,0.02447102270213583
MDS-SMACOF,65,5,59,MDS_SMACOF_completed_p65_rep05_seed59.csv,terminal:T10,terminal,1,0.18189,0.11031177407785189,-0.0715782259221481,0.0715782259221481
MDS-SMACOF,65,5,59,MDS_SMACOF_completed_p65_rep05_seed59.csv,internal:T11|T12|T13|T14|T15,internal,5,0.11651,0.008853050750101918,-0.10765694924989809,0.10765694924989809
MDS-SMACOF,65,5,59,MDS_SMACOF_completed_p65_rep05_seed59.csv,internal:T11|T12,internal,2,0.22637,0.005055227083011405,-0.2213147729169886,0.2213147729169886
MDS-SMACOF,65,5,59,MDS_SMACOF_completed_p65_rep05_seed59.csv,terminal:T11,terminal,1,0.16094,0.12364875884616995,-0.03729124115383005,0.03729124115383005
MDS-SMACOF,65,5,59,MDS_SMACOF_completed_p65_rep05_seed59.csv,terminal:T12,terminal,1,0.14942,0.11871927601428985,-0.03070072398571015,0.03070072398571015
MDS-SMACOF,65,5,59,MDS_SMACOF_completed_p65_rep05_seed59.csv,internal:T13|T14|T15,internal,3,0.18561,0.011459981751841023,-0.17415001824815898,0.17415001824815898
MDS-SMACOF,65,5,59,MDS_SMACOF_completed_p65_rep05_seed59.csv,terminal:T13,terminal,1,0.32149,0.12737865566021936,-0.19411134433978064,0.19411134433978064
MDS-SMACOF,65,5,59,MDS_SMACOF_completed_p65_rep05_seed59.csv,internal:T14|T15,internal,2,0.07113,0.0,-0.07113,0.07113
MDS-SMACOF,65,5,59,MDS_SMACOF_completed_p65_rep05_seed59.csv,terminal:T14,terminal,1,0.34439,0.1274172633080304,-0.21697273669196956,0.21697273669196956
MDS-SMACOF,65,5,59,MDS_SMACOF_completed_p65_rep05_seed59.csv,terminal:T15,terminal,1,0.24256,0.10491563089402041,-0.1376443691059796,0.1376443691059796
MDS-SMACOF,65,6,60,MDS_SMACOF_completed_p65_rep06_seed60.csv,terminal:T1,terminal,1,0.05696,0.10121127804170517,0.04425127804170517,0.04425127804170517
MDS-SMACOF,65,6,60,MDS_SMACOF_completed_p65_rep06_seed60.csv,internal:T2|T3,internal,2,0.03472,0.08595001123432894,0.05123001123432894,0.05123001123432894
MDS-SMACOF,65,6,60,MDS_SMACOF_completed_p65_rep06_seed60.csv,terminal:T2,terminal,1,0.02433,0.018093079136277338,-0.006236920863722663,0.006236920863722663
MDS-SMACOF,65,6,60,MDS_SMACOF_completed_p65_rep06_seed60.csv,terminal:T3,terminal,1,0.02231,0.02293906976389182,0.0006290697638918208,0.0006290697638918208
MDS-SMACOF,65,6,60,MDS_SMACOF_completed_p65_rep06_seed60.csv,internal:T1|T2|T3,internal,3,0.01863,0.0,-0.01863,0.01863
MDS-SMACOF,65,6,60,MDS_SMACOF_completed_p65_rep06_seed60.csv,terminal:T4,terminal,1,0.07771,0.0997722633659425,0.022062263365942497,0.022062263365942497
MDS-SMACOF,65,6,60,MDS_SMACOF_completed_p65_rep06_seed60.csv,internal:T1|T2|T3|T4,internal,4,0.04682,0.0,-0.04682,0.04682
MDS-SMACOF,65,6,60,MDS_SMACOF_completed_p65_rep06_seed60.csv,terminal:T5,terminal,1,0.12997,0.09599997578583465,-0.033970024214165354,0.033970024214165354
MDS-SMACOF,65,6,60,MDS_SMACOF_completed_p65_rep06_seed60.csv,internal:T1|T2|T3|T4|T5,internal,5,0.03057,0.00454983751925026,-0.026020162480749738,0.026020162480749738
MDS-SMACOF,65,6,60,MDS_SMACOF_completed_p65_rep06_seed60.csv,terminal:T6,terminal,1,0.14605,0.10815398142827573,-0.03789601857172428,0.03789601857172428
MDS-SMACOF,65,6,60,MDS_SMACOF_completed_p65_rep06_seed60.csv,internal:T1|T2|T3|T4|T5|T6,internal,6,0.0721,0.0025763232054248826,-0.06952367679457512,0.06952367679457512
MDS-SMACOF,65,6,60,MDS_SMACOF_completed_p65_rep06_seed60.csv,internal:T10|T7|T8|T9,internal,4,0.08603,0.014204792799348994,-0.071825207200651,0.071825207200651
MDS-SMACOF,65,6,60,MDS_SMACOF_completed_p65_rep06_seed60.csv,internal:T7|T8|T9,internal,3,0.05128,0.0,-0.05128,0.05128
MDS-SMACOF,65,6,60,MDS_SMACOF_completed_p65_rep06_seed60.csv,internal:T7|T8,internal,2,0.02354,0.0,-0.02354,0.02354
MDS-SMACOF,65,6,60,MDS_SMACOF_completed_p65_rep06_seed60.csv,terminal:T7,terminal,1,0.11573,0.09133489528630115,-0.02439510471369885,0.02439510471369885
MDS-SMACOF,65,6,60,MDS_SMACOF_completed_p65_rep06_seed60.csv,terminal:T8,terminal,1,0.11535,0.09915313320448747,-0.01619686679551252,0.01619686679551252
MDS-SMACOF,65,6,60,MDS_SMACOF_completed_p65_rep06_seed60.csv,terminal:T9,terminal,1,0.12153,0.09840937654146668,-0.023120623458533315,0.023120623458533315
MDS-SMACOF,65,6,60,MDS_SMACOF_completed_p65_rep06_seed60.csv,terminal:T10,terminal,1,0.18189,0.10095518860521646,-0.08093481139478353,0.08093481139478353
MDS-SMACOF,65,6,60,MDS_SMACOF_completed_p65_rep06_seed60.csv,internal:T11|T12|T13|T14|T15,internal,5,0.11651,0.0049170268909262205,-0.11159297310907378,0.11159297310907378
MDS-SMACOF,65,6,60,MDS_SMACOF_completed_p65_rep06_seed60.csv,internal:T11|T12,internal,2,0.22637,0.03696258158544743,-0.18940741841455255,0.18940741841455255
MDS-SMACOF,65,6,60,MDS_SMACOF_completed_p65_rep06_seed60.csv,terminal:T11,terminal,1,0.16094,0.08681315815383335,-0.07412684184616665,0.07412684184616665
MDS-SMACOF,65,6,60,MDS_SMACOF_completed_p65_rep06_seed60.csv,terminal:T12,terminal,1,0.14942,0.08617594249769192,-0.06324405750230808,0.06324405750230808
MDS-SMACOF,65,6,60,MDS_SMACOF_completed_p65_rep06_seed60.csv,internal:T13|T14|T15,internal,3,0.18561,0.012809252128021377,-0.17280074787197863,0.17280074787197863
MDS-SMACOF,65,6,60,MDS_SMACOF_completed_p65_rep06_seed60.csv,terminal:T13,terminal,1,0.32149,0.12093197850650968,-0.20055802149349033,0.20055802149349033
MDS-SMACOF,65,6,60,MDS_SMACOF_completed_p65_rep06_seed60.csv,internal:T14|T15,internal,2,0.07113,0.0004618661673957415,-0.07066813383260426,0.07066813383260426
MDS-SMACOF,65,6,60,MDS_SMACOF_completed_p65_rep06_seed60.csv,terminal:T14,terminal,1,0.34439,0.11993946416066606,-0.22445053583933391,0.22445053583933391
MDS-SMACOF,65,6,60,MDS_SMACOF_completed_p65_rep06_seed60.csv,terminal:T15,terminal,1,0.24256,0.11680209049620165,-0.12575790950379834,0.12575790950379834
MDS-SMACOF,65,7,61,MDS_SMACOF_completed_p65_rep07_seed61.csv,terminal:T1,terminal,1,0.05696,0.10930726509034859,0.052347265090348594,0.052347265090348594
MDS-SMACOF,65,7,61,MDS_SMACOF_completed_p65_rep07_seed61.csv,internal:T2|T3,internal,2,0.03472,0.0,-0.03472,0.03472
MDS-SMACOF,65,7,61,MDS_SMACOF_completed_p65_rep07_seed61.csv,terminal:T2,terminal,1,0.02433,0.1179545599397202,0.0936245599397202,0.0936245599397202
MDS-SMACOF,65,7,61,MDS_SMACOF_completed_p65_rep07_seed61.csv,terminal:T3,terminal,1,0.02231,0.10352085721548526,0.08121085721548527,0.08121085721548527
MDS-SMACOF,65,7,61,MDS_SMACOF_completed_p65_rep07_seed61.csv,internal:T1|T2|T3,internal,3,0.01863,0.0,-0.01863,0.01863
MDS-SMACOF,65,7,61,MDS_SMACOF_completed_p65_rep07_seed61.csv,terminal:T4,terminal,1,0.07771,0.10505899729846938,0.027348997298469374,0.027348997298469374
MDS-SMACOF,65,7,61,MDS_SMACOF_completed_p65_rep07_seed61.csv,internal:T1|T2|T3|T4,internal,4,0.04682,0.005791290355182775,-0.041028709644817224,0.041028709644817224
MDS-SMACOF,65,7,61,MDS_SMACOF_completed_p65_rep07_seed61.csv,terminal:T5,terminal,1,0.12997,0.1194319355811079,-0.010538064418892101,0.010538064418892101
MDS-SMACOF,65,7,61,MDS_SMACOF_completed_p65_rep07_seed61.csv,internal:T1|T2|T3|T4|T5,internal,5,0.03057,0.0,-0.03057,0.03057
MDS-SMACOF,65,7,61,MDS_SMACOF_completed_p65_rep07_seed61.csv,terminal:T6,terminal,1,0.14605,0.11322472659695862,-0.032825273403041394,0.032825273403041394
MDS-SMACOF,65,7,61,MDS_SMACOF_completed_p65_rep07_seed61.csv,internal:T1|T2|T3|T4|T5|T6,internal,6,0.0721,0.0,-0.0721,0.0721
MDS-SMACOF,65,7,61,MDS_SMACOF_completed_p65_rep07_seed61.csv,internal:T10|T7|T8|T9,internal,4,0.08603,0.0060623116495305916,-0.0799676883504694,0.0799676883504694
MDS-SMACOF,65,7,61,MDS_SMACOF_completed_p65_rep07_seed61.csv,internal:T7|T8|T9,internal,3,0.05128,0.0051912937805545355,-0.04608870621944546,0.04608870621944546
MDS-SMACOF,65,7,61,MDS_SMACOF_completed_p65_rep07_seed61.csv,internal:T7|T8,internal,2,0.02354,0.0,-0.02354,0.02354
MDS-SMACOF,65,7,61,MDS_SMACOF_completed_p65_rep07_seed61.csv,terminal:T7,terminal,1,0.11573,0.09296454866984,-0.022765451330160003,0.022765451330160003
MDS-SMACOF,65,7,61,MDS_SMACOF_completed_p65_rep07_seed61.csv,terminal:T8,terminal,1,0.11535,0.11531187192409834,-3.812807590165834e-05,3.812807590165834e-05
MDS-SMACOF,65,7,61,MDS_SMACOF_completed_p65_rep07_seed61.csv,terminal:T9,terminal,1,0.12153,0.10887659086934155,-0.012653409130658447,0.012653409130658447
MDS-SMACOF,65,7,61,MDS_SMACOF_completed_p65_rep07_seed61.csv,terminal:T10,terminal,1,0.18189,0.11251393882934924,-0.06937606117065076,0.06937606117065076
MDS-SMACOF,65,7,61,MDS_SMACOF_completed_p65_rep07_seed61.csv,internal:T11|T12|T13|T14|T15,internal,5,0.11651,0.004652018640333639,-0.11185798135966636,0.11185798135966636
MDS-SMACOF,65,7,61,MDS_SMACOF_completed_p65_rep07_seed61.csv,internal:T11|T12,internal,2,0.22637,0.04181760412443434,-0.18455239587556566,0.18455239587556566
MDS-SMACOF,65,7,61,MDS_SMACOF_completed_p65_rep07_seed61.csv,terminal:T11,terminal,1,0.16094,0.08799594345090013,-0.07294405654909987,0.07294405654909987
MDS-SMACOF,65,7,61,MDS_SMACOF_completed_p65_rep07_seed61.csv,terminal:T12,terminal,1,0.14942,0.0849931572006251,-0.0644268427993749,0.0644268427993749
MDS-SMACOF,65,7,61,MDS_SMACOF_completed_p65_rep07_seed61.csv,internal:T13|T14|T15,internal,3,0.18561,0.006982618798203976,-0.17862738120179603,0.17862738120179603
MDS-SMACOF,65,7,61,MDS_SMACOF_completed_p65_rep07_seed61.csv,terminal:T13,terminal,1,0.32149,0.11963999615626374,-0.20185000384373625,0.20185000384373625
MDS-SMACOF,65,7,61,MDS_SMACOF_completed_p65_rep07_seed61.csv,internal:T14|T15,internal,2,0.07113,0.009787863084534144,-0.061342136915465854,0.061342136915465854
MDS-SMACOF,65,7,61,MDS_SMACOF_completed_p65_rep07_seed61.csv,terminal:T14,terminal,1,0.34439,0.12523649647742444,-0.21915350352257554,0.21915350352257554
MDS-SMACOF,65,7,61,MDS_SMACOF_completed_p65_rep07_seed61.csv,terminal:T15,terminal,1,0.24256,0.11063529530471802,-0.13192470469528197,0.13192470469528197
MDS-SMACOF,65,8,62,MDS_SMACOF_completed_p65_rep08_seed62.csv,terminal:T1,terminal,1,0.05696,0.05187142792831005,-0.005088572071689945,0.005088572071689945
MDS-SMACOF,65,8,62,MDS_SMACOF_completed_p65_rep08_seed62.csv,internal:T2|T3,internal,2,0.03472,0.0,-0.03472,0.03472
MDS-SMACOF,65,8,62,MDS_SMACOF_completed_p65_rep08_seed62.csv,terminal:T2,terminal,1,0.02433,0.056512556505610205,0.03218255650561021,0.03218255650561021
MDS-SMACOF,65,8,62,MDS_SMACOF_completed_p65_rep08_seed62.csv,terminal:T3,terminal,1,0.02231,0.050209438636600046,0.027899438636600046,0.027899438636600046
MDS-SMACOF,65,8,62,MDS_SMACOF_completed_p65_rep08_seed62.csv,internal:T1|T2|T3,internal,3,0.01863,0.022855637413294178,0.0042256374132941775,0.0042256374132941775
MDS-SMACOF,65,8,62,MDS_SMACOF_completed_p65_rep08_seed62.csv,terminal:T4,terminal,1,0.07771,0.07393882284728986,-0.0037711771527101368,0.0037711771527101368
MDS-SMACOF,65,8,62,MDS_SMACOF_completed_p65_rep08_seed62.csv,internal:T1|T2|T3|T4,internal,4,0.04682,0.00934189630235079,-0.03747810369764921,0.03747810369764921
MDS-SMACOF,65,8,62,MDS_SMACOF_completed_p65_rep08_seed62.csv,terminal:T5,terminal,1,0.12997,0.07852233039865025,-0.05144766960134975,0.05144766960134975
MDS-SMACOF,65,8,62,MDS_SMACOF_completed_p65_rep08_seed62.csv,internal:T1|T2|T3|T4|T5,internal,5,0.03057,0.0,-0.03057,0.03057
MDS-SMACOF,65,8,62,MDS_SMACOF_completed_p65_rep08_seed62.csv,terminal:T6,terminal,1,0.14605,0.08993889598717385,-0.056111104012826166,0.056111104012826166
MDS-SMACOF,65,8,62,MDS_SMACOF_completed_p65_rep08_seed62.csv,internal:T1|T2|T3|T4|T5|T6,internal,6,0.0721,0.020240299089995646,-0.05185970091000435,0.05185970091000435
MDS-SMACOF,65,8,62,MDS_SMACOF_completed_p65_rep08_seed62.csv,internal:T10|T7|T8|T9,internal,4,0.08603,0.0,-0.08603,0.08603
MDS-SMACOF,65,8,62,MDS_SMACOF_completed_p65_rep08_seed62.csv,internal:T7|T8|T9,internal,3,0.05128,0.017593130701553317,-0.03368686929844668,0.03368686929844668
MDS-SMACOF,65,8,62,MDS_SMACOF_completed_p65_rep08_seed62.csv,internal:T7|T8,internal,2,0.02354,0.0,-0.02354,0.02354
MDS-SMACOF,65,8,62,MDS_SMACOF_completed_p65_rep08_seed62.csv,terminal:T7,terminal,1,0.11573,0.08734346556098448,-0.028386534439015523,0.028386534439015523
MDS-SMACOF,65,8,62,MDS_SMACOF_completed_p65_rep08_seed62.csv,terminal:T8,terminal,1,0.11535,0.09148323834292194,-0.02386676165707806,0.02386676165707806
MDS-SMACOF,65,8,62,MDS_SMACOF_completed_p65_rep08_seed62.csv,terminal:T9,terminal,1,0.12153,0.07989007021970528,-0.041639929780294724,0.041639929780294724
MDS-SMACOF,65,8,62,MDS_SMACOF_completed_p65_rep08_seed62.csv,terminal:T10,terminal,1,0.18189,0.10614053902213091,-0.07574946097786908,0.07574946097786908
MDS-SMACOF,65,8,62,MDS_SMACOF_completed_p65_rep08_seed62.csv,internal:T11|T12|T13|T14|T15,internal,5,0.11651,0.013009703918080007,-0.10350029608191999,0.10350029608191999
MDS-SMACOF,65,8,62,MDS_SMACOF_completed_p65_rep08_seed62.csv,internal:T11|T12,internal,2,0.22637,0.026826280273015004,-0.19954371972698498,0.19954371972698498
MDS-SMACOF,65,8,62,MDS_SMACOF_completed_p65_rep08_seed62.csv,terminal:T11,terminal,1,0.16094,0.09409064015303477,-0.06684935984696523,0.06684935984696523
MDS-SMACOF,65,8,62,MDS_SMACOF_completed_p65_rep08_seed62.csv,terminal:T12,terminal,1,0.14942,0.07889846049849053,-0.07052153950150947,0.07052153950150947
MDS-SMACOF,65,8,62,MDS_SMACOF_completed_p65_rep08_seed62.csv,internal:T13|T14|T15,internal,3,0.18561,0.0017593896173052949,-0.1838506103826947,0.1838506103826947
MDS-SMACOF,65,8,62,MDS_SMACOF_completed_p65_rep08_seed62.csv,terminal:T13,terminal,1,0.32149,0.11854539756527434,-0.20294460243472567,0.20294460243472567
MDS-SMACOF,65,8,62,MDS_SMACOF_completed_p65_rep08_seed62.csv,internal:T14|T15,internal,2,0.07113,0.0,-0.07113,0.07113
MDS-SMACOF,65,8,62,MDS_SMACOF_completed_p65_rep08_seed62.csv,terminal:T14,terminal,1,0.34439,0.13114588774258062,-0.21324411225741935,0.21324411225741935
MDS-SMACOF,65,8,62,MDS_SMACOF_completed_p65_rep08_seed62.csv,terminal:T15,terminal,1,0.24256,0.12689357601132104,-0.11566642398867896,0.11566642398867896
MDS-SMACOF,65,9,63,MDS_SMACOF_completed_p65_rep09_seed63.csv,terminal:T1,terminal,1,0.05696,0.07790828799701396,0.020948287997013967,0.020948287997013967
MDS-SMACOF,65,9,63,MDS_SMACOF_completed_p65_rep09_seed63.csv,internal:T2|T3,internal,2,0.03472,0.0,-0.03472,0.03472
MDS-SMACOF,65,9,63,MDS_SMACOF_completed_p65_rep09_seed63.csv,terminal:T2,terminal,1,0.02433,0.06624421941300668,0.04191421941300667,0.04191421941300667
MDS-SMACOF,65,9,63,MDS_SMACOF_completed_p65_rep09_seed63.csv,terminal:T3,terminal,1,0.02231,0.07584105567741717,0.05353105567741717,0.05353105567741717
MDS-SMACOF,65,9,63,MDS_SMACOF_completed_p65_rep09_seed63.csv,internal:T1|T2|T3,internal,3,0.01863,0.0,-0.01863,0.01863
MDS-SMACOF,65,9,63,MDS_SMACOF_completed_p65_rep09_seed63.csv,terminal:T4,terminal,1,0.07771,0.061049237075509674,-0.016660762924490327,0.016660762924490327
MDS-SMACOF,65,9,63,MDS_SMACOF_completed_p65_rep09_seed63.csv,internal:T1|T2|T3|T4,internal,4,0.04682,0.012374976911256627,-0.03444502308874337,0.03444502308874337
MDS-SMACOF,65,9,63,MDS_SMACOF_completed_p65_rep09_seed63.csv,terminal:T5,terminal,1,0.12997,0.09090096487260434,-0.039069035127395665,0.039069035127395665
MDS-SMACOF,65,9,63,MDS_SMACOF_completed_p65_rep09_seed63.csv,internal:T1|T2|T3|T4|T5,internal,5,0.03057,0.0044657181070070695,-0.02610428189299293,0.02610428189299293
MDS-SMACOF,65,9,63,MDS_SMACOF_completed_p65_rep09_seed63.csv,terminal:T6,terminal,1,0.14605,0.09725013631670214,-0.048799863683297875,0.048799863683297875
MDS-SMACOF,65,9,63,MDS_SMACOF_completed_p65_rep09_seed63.csv,internal:T1|T2|T3|T4|T5|T6,internal,6,0.0721,0.012913793987603197,-0.0591862060123968,0.0591862060123968
MDS-SMACOF,65,9,63,MDS_SMACOF_completed_p65_rep09_seed63.csv,internal:T10|T7|T8|T9,internal,4,0.08603,0.001887105970981795,-0.0841428940290182,0.0841428940290182
MDS-SMACOF,65,9,63,MDS_SMACOF_completed_p65_rep09_seed63.csv,internal:T7|T8|T9,internal,3,0.05128,0.0,-0.05128,0.05128
MDS-SMACOF,65,9,63,MDS_SMACOF_completed_p65_rep09_seed63.csv,internal:T7|T8,internal,2,0.02354,0.0017390111975896026,-0.021800988802410395,0.021800988802410395
MDS-SMACOF,65,9,63,MDS_SMACOF_completed_p65_rep09_seed63.csv,terminal:T7,terminal,1,0.11573,0.10525856250893181,-0.010471437491068186,0.010471437491068186
MDS-SMACOF,65,9,63,MDS_SMACOF_completed_p65_rep09_seed63.csv,terminal:T8,terminal,1,0.11535,0.11484229393404717,-0.0005077060659528232,0.0005077060659528232
MDS-SMACOF,65,9,63,MDS_SMACOF_completed_p65_rep09_seed63.csv,terminal:T9,terminal,1,0.12153,0.1034069734157073,-0.018123026584292698,0.018123026584292698
MDS-SMACOF,65,9,63,MDS_SMACOF_completed_p65_rep09_seed63.csv,terminal:T10,terminal,1,0.18189,0.10622661251722952,-0.07566338748277047,0.07566338748277047
MDS-SMACOF,65,9,63,MDS_SMACOF_completed_p65_rep09_seed63.csv,internal:T11|T12|T13|T14|T15,internal,5,0.11651,0.016620616825336134,-0.09988938317466386,0.09988938317466386
MDS-SMACOF,65,9,63,MDS_SMACOF_completed_p65_rep09_seed63.csv,internal:T11|T12,internal,2,0.22637,0.026926451023535938,-0.19944354897646405,0.19944354897646405
MDS-SMACOF,65,9,63,MDS_SMACOF_completed_p65_rep09_seed63.csv,terminal:T11,terminal,1,0.16094,0.08759932704033589,-0.07334067295966411,0.07334067295966411
MDS-SMACOF,65,9,63,MDS_SMACOF_completed_p65_rep09_seed63.csv,terminal:T12,terminal,1,0.14942,0.0853897736111894,-0.06403022638881059,0.06403022638881059
MDS-SMACOF,65,9,63,MDS_SMACOF_completed_p65_rep09_seed63.csv,internal:T13|T14|T15,internal,3,0.18561,0.0018450934450024742,-0.18376490655499753,0.18376490655499753
MDS-SMACOF,65,9,63,MDS_SMACOF_completed_p65_rep09_seed63.csv,terminal:T13,terminal,1,0.32149,0.11326597237130182,-0.20822402762869818,0.20822402762869818
MDS-SMACOF,65,9,63,MDS_SMACOF_completed_p65_rep09_seed63.csv,internal:T14|T15,internal,2,0.07113,9.964787416985147e-05,-0.07103035212583014,0.07103035212583014
MDS-SMACOF,65,9,63,MDS_SMACOF_completed_p65_rep09_seed63.csv,terminal:T14,terminal,1,0.34439,0.11893494738407931,-0.22545505261592066,0.22545505261592066
MDS-SMACOF,65,9,63,MDS_SMACOF_completed_p65_rep09_seed63.csv,terminal:T15,terminal,1,0.24256,0.11693684439806305,-0.12562315560193693,0.12562315560193693
MDS-SMACOF,65,10,64,MDS_SMACOF_completed_p65_rep10_seed64.csv,terminal:T1,terminal,1,0.05696,0.09626202011173307,0.039302020111733074,0.039302020111733074
MDS-SMACOF,65,10,64,MDS_SMACOF_completed_p65_rep10_seed64.csv,internal:T2|T3,internal,2,0.03472,0.0,-0.03472,0.03472
MDS-SMACOF,65,10,64,MDS_SMACOF_completed_p65_rep10_seed64.csv,terminal:T2,terminal,1,0.02433,0.10431013357375142,0.07998013357375142,0.07998013357375142
MDS-SMACOF,65,10,64,MDS_SMACOF_completed_p65_rep10_seed64.csv,terminal:T3,terminal,1,0.02231,0.10577180569463214,0.08346180569463214,0.08346180569463214
MDS-SMACOF,65,10,64,MDS_SMACOF_completed_p65_rep10_seed64.csv,internal:T1|T2|T3,internal,3,0.01863,0.0,-0.01863,0.01863
MDS-SMACOF,65,10,64,MDS_SMACOF_completed_p65_rep10_seed64.csv,terminal:T4,terminal,1,0.07771,0.10643518382029618,0.02872518382029618,0.02872518382029618
MDS-SMACOF,65,10,64,MDS_SMACOF_completed_p65_rep10_seed64.csv,internal:T1|T2|T3|T4,internal,4,0.04682,0.0,-0.04682,0.04682
MDS-SMACOF,65,10,64,MDS_SMACOF_completed_p65_rep10_seed64.csv,terminal:T5,terminal,1,0.12997,0.09560206267279098,-0.034367937327209025,0.034367937327209025
MDS-SMACOF,65,10,64,MDS_SMACOF_completed_p65_rep10_seed64.csv,internal:T1|T2|T3|T4|T5,internal,5,0.03057,0.0,-0.03057,0.03057
MDS-SMACOF,65,10,64,MDS_SMACOF_completed_p65_rep10_seed64.csv,terminal:T6,terminal,1,0.14605,0.09205958376101515,-0.05399041623898486,0.05399041623898486
MDS-SMACOF,65,10,64,MDS_SMACOF_completed_p65_rep10_seed64.csv,internal:T1|T2|T3|T4|T5|T6,internal,6,0.0721,0.005806993535773323,-0.06629300646422667,0.06629300646422667
MDS-SMACOF,65,10,64,MDS_SMACOF_completed_p65_rep10_seed64.csv,internal:T10|T7|T8|T9,internal,4,0.08603,0.01077173040750533,-0.07525826959249467,0.07525826959249467
MDS-SMACOF,65,10,64,MDS_SMACOF_completed_p65_rep10_seed64.csv,internal:T7|T8|T9,internal,3,0.05128,0.023649087489083807,-0.027630912510916192,0.027630912510916192
MDS-SMACOF,65,10,64,MDS_SMACOF_completed_p65_rep10_seed64.csv,internal:T7|T8,internal,2,0.02354,0.0026517645392000197,-0.02088823546079998,0.02088823546079998
MDS-SMACOF,65,10,64,MDS_SMACOF_completed_p65_rep10_seed64.csv,terminal:T7,terminal,1,0.11573,0.07075918085740084,-0.044970819142599164,0.044970819142599164
MDS-SMACOF,65,10,64,MDS_SMACOF_completed_p65_rep10_seed64.csv,terminal:T8,terminal,1,0.11535,0.07624251097792714,-0.03910748902207285,0.03910748902207285
MDS-SMACOF,65,10,64,MDS_SMACOF_completed_p65_rep10_seed64.csv,terminal:T9,terminal,1,0.12153,0.07785472422410723,-0.043675275775892766,0.043675275775892766
MDS-SMACOF,65,10,64,MDS_SMACOF_completed_p65_rep10_seed64.csv,terminal:T10,terminal,1,0.18189,0.09758335650027924,-0.08430664349972075,0.08430664349972075
MDS-SMACOF,65,10,64,MDS_SMACOF_completed_p65_rep10_seed64.csv,internal:T11|T12|T13|T14|T15,internal,5,0.11651,0.00661340535539876,-0.10989659464460125,0.10989659464460125
MDS-SMACOF,65,10,64,MDS_SMACOF_completed_p65_rep10_seed64.csv,internal:T11|T12,internal,2,0.22637,0.007293267821340163,-0.21907673217865983,0.21907673217865983
MDS-SMACOF,65,10,64,MDS_SMACOF_completed_p65_rep10_seed64.csv,terminal:T11,terminal,1,0.16094,0.11508841111263261,-0.04585158888736739,0.04585158888736739
MDS-SMACOF,65,10,64,MDS_SMACOF_completed_p65_rep10_seed64.csv,terminal:T12,terminal,1,0.14942,0.11236928305695282,-0.03705071694304718,0.03705071694304718
MDS-SMACOF,65,10,64,MDS_SMACOF_completed_p65_rep10_seed64.csv,internal:T13|T14|T15,internal,3,0.18561,0.006186450817001036,-0.17942354918299896,0.17942354918299896
MDS-SMACOF,65,10,64,MDS_SMACOF_completed_p65_rep10_seed64.csv,terminal:T13,terminal,1,0.32149,0.12137230437529292,-0.20011769562470708,0.20011769562470708
MDS-SMACOF,65,10,64,MDS_SMACOF_completed_p65_rep10_seed64.csv,internal:T14|T15,internal,2,0.07113,0.00047131133877942473,-0.07065868866122058,0.07065868866122058
MDS-SMACOF,65,10,64,MDS_SMACOF_completed_p65_rep10_seed64.csv,terminal:T14,terminal,1,0.34439,0.11528904749614408,-0.2291009525038559,0.2291009525038559
MDS-SMACOF,65,10,64,MDS_SMACOF_completed_p65_rep10_seed64.csv,terminal:T15,terminal,1,0.24256,0.10971530121305377,-0.1328446987869462,0.1328446987869462
MDS-SMACOF,65,11,65,MDS_SMACOF_completed_p65_rep11_seed65.csv,terminal:T1,terminal,1,0.05696,0.07319767458429217,0.016237674584292178,0.016237674584292178
MDS-SMACOF,65,11,65,MDS_SMACOF_completed_p65_rep11_seed65.csv,internal:T2|T3,internal,2,0.03472,0.0,-0.03472,0.03472
MDS-SMACOF,65,11,65,MDS_SMACOF_completed_p65_rep11_seed65.csv,terminal:T2,terminal,1,0.02433,0.105081433574761,0.080751433574761,0.080751433574761
MDS-SMACOF,65,11,65,MDS_SMACOF_completed_p65_rep11_seed65.csv,terminal:T3,terminal,1,0.02231,0.08096537705763557,0.05865537705763557,0.05865537705763557
MDS-SMACOF,65,11,65,MDS_SMACOF_completed_p65_rep11_seed65.csv,internal:T1|T2|T3,internal,3,0.01863,0.0,-0.01863,0.01863
MDS-SMACOF,65,11,65,MDS_SMACOF_completed_p65_rep11_seed65.csv,terminal:T4,terminal,1,0.07771,0.07948808744543202,0.0017780874454320222,0.0017780874454320222
MDS-SMACOF,65,11,65,MDS_SMACOF_completed_p65_rep11_seed65.csv,internal:T1|T2|T3|T4,internal,4,0.04682,0.0,-0.04682,0.04682
MDS-SMACOF,65,11,65,MDS_SMACOF_completed_p65_rep11_seed65.csv,terminal:T5,terminal,1,0.12997,0.0837490785099745,-0.046220921490025504,0.046220921490025504
MDS-SMACOF,65,11,65,MDS_SMACOF_completed_p65_rep11_seed65.csv,internal:T1|T2|T3|T4|T5,internal,5,0.03057,0.01529860569083932,-0.01527139430916068,0.01527139430916068
MDS-SMACOF,65,11,65,MDS_SMACOF_completed_p65_rep11_seed65.csv,terminal:T6,terminal,1,0.14605,0.09625796507046253,-0.04979203492953749,0.04979203492953749
MDS-SMACOF,65,11,65,MDS_SMACOF_completed_p65_rep11_seed65.csv,internal:T1|T2|T3|T4|T5|T6,internal,6,0.0721,0.00625163265659901,-0.065848367343401,0.065848367343401
MDS-SMACOF,65,11,65,MDS_SMACOF_completed_p65_rep11_seed65.csv,internal:T10|T7|T8|T9,internal,4,0.08603,0.004782225189015545,-0.08124777481098445,0.08124777481098445
MDS-SMACOF,65,11,65,MDS_SMACOF_completed_p65_rep11_seed65.csv,internal:T7|T8|T9,internal,3,0.05128,0.0,-0.05128,0.05128
MDS-SMACOF,65,11,65,MDS_SMACOF_completed_p65_rep11_seed65.csv,internal:T7|T8,internal,2,0.02354,0.0,-0.02354,0.02354
MDS-SMACOF,65,11,65,MDS_SMACOF_completed_p65_rep11_seed65.csv,terminal:T7,terminal,1,0.11573,0.10121960606916375,-0.014510393930836252,0.014510393930836252
MDS-SMACOF,65,11,65,MDS_SMACOF_completed_p65_rep11_seed65.csv,terminal:T8,terminal,1,0.11535,0.11309777854021293,-0.0022522214597870682,0.0022522214597870682
MDS-SMACOF,65,11,65,MDS_SMACOF_completed_p65_rep11_seed65.csv,terminal:T9,terminal,1,0.12153,0.10328007391708455,-0.018249926082915452,0.018249926082915452
MDS-SMACOF,65,11,65,MDS_SMACOF_completed_p65_rep11_seed65.csv,terminal:T10,terminal,1,0.18189,0.10396173640332566,-0.07792826359667433,0.07792826359667433
MDS-SMACOF,65,11,65,MDS_SMACOF_completed_p65_rep11_seed65.csv,internal:T11|T12|T13|T14|T15,internal,5,0.11651,0.01751460025209317,-0.09899539974790683,0.09899539974790683
MDS-SMACOF,65,11,65,MDS_SMACOF_completed_p65_rep11_seed65.csv,internal:T11|T12,internal,2,0.22637,0.0,-0.22637,0.22637
MDS-SMACOF,65,11,65,MDS_SMACOF_completed_p65_rep11_seed65.csv,terminal:T11,terminal,1,0.16094,0.11277072942645686,-0.048169270573543144,0.048169270573543144
MDS-SMACOF,65,11,65,MDS_SMACOF_completed_p65_rep11_seed65.csv,terminal:T12,terminal,1,0.14942,0.112441443888254,-0.036978556111746,0.036978556111746
MDS-SMACOF,65,11,65,MDS_SMACOF_completed_p65_rep11_seed65.csv,internal:T13|T14|T15,internal,3,0.18561,0.00015425068269533438,-0.18545574931730466,0.18545574931730466
MDS-SMACOF,65,11,65,MDS_SMACOF_completed_p65_rep11_seed65.csv,terminal:T13,terminal,1,0.32149,0.11933108208556434,-0.20215891791443566,0.20215891791443566
MDS-SMACOF,65,11,65,MDS_SMACOF_completed_p65_rep11_seed65.csv,internal:T14|T15,internal,2,0.07113,0.0,-0.07113,0.07113
MDS-SMACOF,65,11,65,MDS_SMACOF_completed_p65_rep11_seed65.csv,terminal:T14,terminal,1,0.34439,0.12581004631794993,-0.21857995368205005,0.21857995368205005
MDS-SMACOF,65,11,65,MDS_SMACOF_completed_p65_rep11_seed65.csv,terminal:T15,terminal,1,0.24256,0.11837970478889304,-0.12418029521110696,0.12418029521110696
MDS-SMACOF,65,12,66,MDS_SMACOF_completed_p65_rep12_seed66.csv,terminal:T1,terminal,1,0.05696,0.09825072772894476,0.041290727728944765,0.041290727728944765
MDS-SMACOF,65,12,66,MDS_SMACOF_completed_p65_rep12_seed66.csv,internal:T2|T3,internal,2,0.03472,0.0842030452567318,0.049483045256731806,0.049483045256731806
MDS-SMACOF,65,12,66,MDS_SMACOF_completed_p65_rep12_seed66.csv,terminal:T2,terminal,1,0.02433,0.023030126561549662,-0.0012998734384503385,0.0012998734384503385
MDS-SMACOF,65,12,66,MDS_SMACOF_completed_p65_rep12_seed66.csv,terminal:T3,terminal,1,0.02231,0.01800202233861963,-0.004307977661380372,0.004307977661380372
MDS-SMACOF,65,12,66,MDS_SMACOF_completed_p65_rep12_seed66.csv,internal:T1|T2|T3,internal,3,0.01863,0.0,-0.01863,0.01863
MDS-SMACOF,65,12,66,MDS_SMACOF_completed_p65_rep12_seed66.csv,terminal:T4,terminal,1,0.07771,0.09258697335171177,0.014876973351711772,0.014876973351711772
MDS-SMACOF,65,12,66,MDS_SMACOF_completed_p65_rep12_seed66.csv,internal:T1|T2|T3|T4,internal,4,0.04682,0.0,-0.04682,0.04682
MDS-SMACOF,65,12,66,MDS_SMACOF_completed_p65_rep12_seed66.csv,terminal:T5,terminal,1,0.12997,0.09875693820933429,-0.031213061790665714,0.031213061790665714
MDS-SMACOF,65,12,66,MDS_SMACOF_completed_p65_rep12_seed66.csv,internal:T1|T2|T3|T4|T5,internal,5,0.03057,0.0,-0.03057,0.03057
MDS-SMACOF,65,12,66,MDS_SMACOF_completed_p65_rep12_seed66.csv,terminal:T6,terminal,1,0.14605,0.10304649810137868,-0.04300350189862133,0.04300350189862133
MDS-SMACOF,65,12,66,MDS_SMACOF_completed_p65_rep12_seed66.csv,internal:T1|T2|T3|T4|T5|T6,internal,6,0.0721,0.006858689654740164,-0.06524131034525983,0.06524131034525983
MDS-SMACOF,65,12,66,MDS_SMACOF_completed_p65_rep12_seed66.csv,internal:T10|T7|T8|T9,internal,4,0.08603,0.0077846472299674865,-0.07824535277003251,0.07824535277003251
MDS-SMACOF,65,12,66,MDS_SMACOF_completed_p65_rep12_seed66.csv,internal:T7|T8|T9,internal,3,0.05128,0.0247302555529558,-0.0265497444470442,0.0265497444470442
MDS-SMACOF,65,12,66,MDS_SMACOF_completed_p65_rep12_seed66.csv,internal:T7|T8,internal,2,0.02354,0.0026569333369805648,-0.020883066663019433,0.020883066663019433
MDS-SMACOF,65,12,66,MDS_SMACOF_completed_p65_rep12_seed66.csv,terminal:T7,terminal,1,0.11573,0.07092379259564681,-0.04480620740435319,0.04480620740435319
MDS-SMACOF,65,12,66,MDS_SMACOF_completed_p65_rep12_seed66.csv,terminal:T8,terminal,1,0.11535,0.0760778992396812,-0.0392721007603188,0.0392721007603188
MDS-SMACOF,65,12,66,MDS_SMACOF_completed_p65_rep12_seed66.csv,terminal:T9,terminal,1,0.12153,0.07784955542632666,-0.043680444573673344,0.043680444573673344
MDS-SMACOF,65,12,66,MDS_SMACOF_completed_p65_rep12_seed66.csv,terminal:T10,terminal,1,0.18189,0.11104794000151978,-0.07084205999848021,0.07084205999848021
MDS-SMACOF,65,12,66,MDS_SMACOF_completed_p65_rep12_seed66.csv,internal:T11|T12|T13|T14|T15,internal,5,0.11651,0.005180211854682412,-0.11132978814531759,0.11132978814531759
MDS-SMACOF,65,12,66,MDS_SMACOF_completed_p65_rep12_seed66.csv,internal:T11|T12,internal,2,0.22637,0.008430617193264225,-0.21793938280673575,0.21793938280673575
MDS-SMACOF,65,12,66,MDS_SMACOF_completed_p65_rep12_seed66.csv,terminal:T11,terminal,1,0.16094,0.1148956452674184,-0.0460443547325816,0.0460443547325816
MDS-SMACOF,65,12,66,MDS_SMACOF_completed_p65_rep12_seed66.csv,terminal:T12,terminal,1,0.14942,0.11889652727504288,-0.030523472724957118,0.030523472724957118
MDS-SMACOF,65,12,66,MDS_SMACOF_completed_p65_rep12_seed66.csv,internal:T13|T14|T15,internal,3,0.18561,0.006834556805445706,-0.1787754431945543,0.1787754431945543
MDS-SMACOF,65,12,66,MDS_SMACOF_completed_p65_rep12_seed66.csv,terminal:T13,terminal,1,0.32149,0.12147309855305967,-0.20001690144694034,0.20001690144694034
MDS-SMACOF,65,12,66,MDS_SMACOF_completed_p65_rep12_seed66.csv,internal:T14|T15,internal,2,0.07113,0.005922868967194859,-0.06520713103280514,0.06520713103280514
MDS-SMACOF,65,12,66,MDS_SMACOF_completed_p65_rep12_seed66.csv,terminal:T14,terminal,1,0.34439,0.12582772079022927,-0.2185622792097707,0.2185622792097707
MDS-SMACOF,65,12,66,MDS_SMACOF_completed_p65_rep12_seed66.csv,terminal:T15,terminal,1,0.24256,0.11257810045988767,-0.12998189954011233,0.12998189954011233
MDS-SMACOF,65,13,67,MDS_SMACOF_completed_p65_rep13_seed67.csv,terminal:T1,terminal,1,0.05696,0.11288761494718592,0.05592761494718593,0.05592761494718593
MDS-SMACOF,65,13,67,MDS_SMACOF_completed_p65_rep13_seed67.csv,internal:T2|T3,internal,2,0.03472,0.0,-0.03472,0.03472
MDS-SMACOF,65,13,67,MDS_SMACOF_completed_p65_rep13_seed67.csv,terminal:T2,terminal,1,0.02433,0.11167451208244976,0.08734451208244975,0.08734451208244975
MDS-SMACOF,65,13,67,MDS_SMACOF_completed_p65_rep13_seed67.csv,terminal:T3,terminal,1,0.02231,0.11296650986689277,0.09065650986689278,0.09065650986689278
MDS-SMACOF,65,13,67,MDS_SMACOF_completed_p65_rep13_seed67.csv,internal:T1|T2|T3,internal,3,0.01863,0.0,-0.01863,0.01863
MDS-SMACOF,65,13,67,MDS_SMACOF_completed_p65_rep13_seed67.csv,terminal:T4,terminal,1,0.07771,0.1053318169623327,0.027621816962332693,0.027621816962332693
MDS-SMACOF,65,13,67,MDS_SMACOF_completed_p65_rep13_seed67.csv,internal:T1|T2|T3|T4,internal,4,0.04682,0.0,-0.04682,0.04682
MDS-SMACOF,65,13,67,MDS_SMACOF_completed_p65_rep13_seed67.csv,terminal:T5,terminal,1,0.12997,0.10020685929657588,-0.029763140703424118,0.029763140703424118
MDS-SMACOF,65,13,67,MDS_SMACOF_completed_p65_rep13_seed67.csv,internal:T1|T2|T3|T4|T5,internal,5,0.03057,0.006102367136895835,-0.024467632863104164,0.024467632863104164
MDS-SMACOF,65,13,67,MDS_SMACOF_completed_p65_rep13_seed67.csv,terminal:T6,terminal,1,0.14605,0.1127218028954577,-0.03332819710454231,0.03332819710454231
MDS-SMACOF,65,13,67,MDS_SMACOF_completed_p65_rep13_seed67.csv,internal:T1|T2|T3|T4|T5|T6,internal,6,0.0721,0.0,-0.0721,0.0721
MDS-SMACOF,65,13,67,MDS_SMACOF_completed_p65_rep13_seed67.csv,internal:T10|T7|T8|T9,internal,4,0.08603,0.0008909978720517529,-0.08513900212794824,0.08513900212794824
MDS-SMACOF,65,13,67,MDS_SMACOF_completed_p65_rep13_seed67.csv,internal:T7|T8|T9,internal,3,0.05128,0.021693683393128264,-0.029586316606871735,0.029586316606871735
MDS-SMACOF,65,13,67,MDS_SMACOF_completed_p65_rep13_seed67.csv,internal:T7|T8,internal,2,0.02354,0.0,-0.02354,0.02354
MDS-SMACOF,65,13,67,MDS_SMACOF_completed_p65_rep13_seed67.csv,terminal:T7,terminal,1,0.11573,0.08419920925916517,-0.03153079074083483,0.03153079074083483
MDS-SMACOF,65,13,67,MDS_SMACOF_completed_p65_rep13_seed67.csv,terminal:T8,terminal,1,0.11535,0.08706355764471345,-0.028286442355286545,0.028286442355286545
MDS-SMACOF,65,13,67,MDS_SMACOF_completed_p65_rep13_seed67.csv,terminal:T9,terminal,1,0.12153,0.0930614804091976,-0.028468519590802405,0.028468519590802405
MDS-SMACOF,65,13,67,MDS_SMACOF_completed_p65_rep13_seed67.csv,terminal:T10,terminal,1,0.18189,0.10889407268656158,-0.07299592731343842,0.07299592731343842
MDS-SMACOF,65,13,67,MDS_SMACOF_completed_p65_rep13_seed67.csv,internal:T11|T12|T13|T14|T15,internal,5,0.11651,0.008636178342843184,-0.10787382165715682,0.10787382165715682
MDS-SMACOF,65,13,67,MDS_SMACOF_completed_p65_rep13_seed67.csv,internal:T11|T12,internal,2,0.22637,0.00222216625753324,-0.22414783374246675,0.22414783374246675
MDS-SMACOF,65,13,67,MDS_SMACOF_completed_p65_rep13_seed67.csv,terminal:T11,terminal,1,0.16094,0.11748867349297044,-0.043451326507029556,0.043451326507029556
MDS-SMACOF,65,13,67,MDS_SMACOF_completed_p65_rep13_seed67.csv,terminal:T12,terminal,1,0.14942,0.11925383429671803,-0.03016616570328197,0.03016616570328197
MDS-SMACOF,65,13,67,MDS_SMACOF_completed_p65_rep13_seed67.csv,internal:T13|T14|T15,internal,3,0.18561,0.00422155986221308,-0.1813884401377869,0.1813884401377869
MDS-SMACOF,65,13,67,MDS_SMACOF_completed_p65_rep13_seed67.csv,terminal:T13,terminal,1,0.32149,0.11979345381312752,-0.2016965461868725,0.2016965461868725
MDS-SMACOF,65,13,67,MDS_SMACOF_completed_p65_rep13_seed67.csv,internal:T14|T15,internal,2,0.07113,0.008584457064422188,-0.0625455429355778,0.0625455429355778
MDS-SMACOF,65,13,67,MDS_SMACOF_completed_p65_rep13_seed67.csv,terminal:T14,terminal,1,0.34439,0.11447195544090291,-0.22991804455909706,0.22991804455909706
MDS-SMACOF,65,13,67,MDS_SMACOF_completed_p65_rep13_seed67.csv,terminal:T15,terminal,1,0.24256,0.12196997909462379,-0.12059002090537621,0.12059002090537621
MDS-SMACOF,65,14,68,MDS_SMACOF_completed_p65_rep14_seed68.csv,terminal:T1,terminal,1,0.05696,0.08333159209213777,0.02637159209213777,0.02637159209213777
MDS-SMACOF,65,14,68,MDS_SMACOF_completed_p65_rep14_seed68.csv,internal:T2|T3,internal,2,0.03472,0.0,-0.03472,0.03472
MDS-SMACOF,65,14,68,MDS_SMACOF_completed_p65_rep14_seed68.csv,terminal:T2,terminal,1,0.02433,0.10184052780603192,0.07751052780603192,0.07751052780603192
MDS-SMACOF,65,14,68,MDS_SMACOF_completed_p65_rep14_seed68.csv,terminal:T3,terminal,1,0.02231,0.08649364035559738,0.06418364035559739,0.06418364035559739
MDS-SMACOF,65,14,68,MDS_SMACOF_completed_p65_rep14_seed68.csv,internal:T1|T2|T3,internal,3,0.01863,0.007830092626499736,-0.010799907373500265,0.010799907373500265
MDS-SMACOF,65,14,68,MDS_SMACOF_completed_p65_rep14_seed68.csv,terminal:T4,terminal,1,0.07771,0.09900061112283949,0.02129061112283949,0.02129061112283949
MDS-SMACOF,65,14,68,MDS_SMACOF_completed_p65_rep14_seed68.csv,internal:T1|T2|T3|T4,internal,4,0.04682,0.0,-0.04682,0.04682
MDS-SMACOF,65,14,68,MDS_SMACOF_completed_p65_rep14_seed68.csv,terminal:T5,terminal,1,0.12997,0.09264106013220058,-0.03732893986779942,0.03732893986779942
MDS-SMACOF,65,14,68,MDS_SMACOF_completed_p65_rep14_seed68.csv,internal:T1|T2|T3|T4|T5,internal,5,0.03057,0.0,-0.03057,0.03057
MDS-SMACOF,65,14,68,MDS_SMACOF_completed_p65_rep14_seed68.csv,terminal:T6,terminal,1,0.14605,0.09574306275658549,-0.05030693724341452,0.05030693724341452
MDS-SMACOF,65,14,68,MDS_SMACOF_completed_p65_rep14_seed68.csv,internal:T1|T2|T3|T4|T5|T6,internal,6,0.0721,0.008429834375142555,-0.06367016562485744,0.06367016562485744
MDS-SMACOF,65,14,68,MDS_SMACOF_completed_p65_rep14_seed68.csv,internal:T10|T7|T8|T9,internal,4,0.08603,0.00588401216085314,-0.08014598783914685,0.08014598783914685
MDS-SMACOF,65,14,68,MDS_SMACOF_completed_p65_rep14_seed68.csv,internal:T7|T8|T9,internal,3,0.05128,0.0,-0.05128,0.05128
MDS-SMACOF,65,14,68,MDS_SMACOF_completed_p65_rep14_seed68.csv,internal:T7|T8,internal,2,0.02354,0.03846492016500021,0.01492492016500021,0.01492492016500021
MDS-SMACOF,65,14,68,MDS_SMACOF_completed_p65_rep14_seed68.csv,terminal:T7,terminal,1,0.11573,0.07554263098594757,-0.040187369014052426,0.040187369014052426
MDS-SMACOF,65,14,68,MDS_SMACOF_completed_p65_rep14_seed68.csv,terminal:T8,terminal,1,0.11535,0.07145906084938042,-0.043890939150619576,0.043890939150619576
MDS-SMACOF,65,14,68,MDS_SMACOF_completed_p65_rep14_seed68.csv,terminal:T9,terminal,1,0.12153,0.10938050902433416,-0.012149490975665839,0.012149490975665839
MDS-SMACOF,65,14,68,MDS_SMACOF_completed_p65_rep14_seed68.csv,terminal:T10,terminal,1,0.18189,0.10590245919724205,-0.07598754080275795,0.07598754080275795
MDS-SMACOF,65,14,68,MDS_SMACOF_completed_p65_rep14_seed68.csv,internal:T11|T12|T13|T14|T15,internal,5,0.11651,0.010182109178049875,-0.10632789082195013,0.10632789082195013
MDS-SMACOF,65,14,68,MDS_SMACOF_completed_p65_rep14_seed68.csv,internal:T11|T12,internal,2,0.22637,0.038803648338602614,-0.18756635166139737,0.18756635166139737
MDS-SMACOF,65,14,68,MDS_SMACOF_completed_p65_rep14_seed68.csv,terminal:T11,terminal,1,0.16094,0.09121078739954856,-0.06972921260045144,0.06972921260045144
MDS-SMACOF,65,14,68,MDS_SMACOF_completed_p65_rep14_seed68.csv,terminal:T12,terminal,1,0.14942,0.08177831325197678,-0.06764168674802322,0.06764168674802322
MDS-SMACOF,65,14,68,MDS_SMACOF_completed_p65_rep14_seed68.csv,internal:T13|T14|T15,internal,3,0.18561,0.00827433094430325,-0.17733566905569675,0.17733566905569675
MDS-SMACOF,65,14,68,MDS_SMACOF_completed_p65_rep14_seed68.csv,terminal:T13,terminal,1,0.32149,0.12225857772836779,-0.1992314222716322,0.1992314222716322
MDS-SMACOF,65,14,68,MDS_SMACOF_completed_p65_rep14_seed68.csv,internal:T14|T15,internal,2,0.07113,0.0,-0.07113,0.07113
MDS-SMACOF,65,14,68,MDS_SMACOF_completed_p65_rep14_seed68.csv,terminal:T14,terminal,1,0.34439,0.11409330883913213,-0.23029669116086784,0.23029669116086784
MDS-SMACOF,65,14,68,MDS_SMACOF_completed_p65_rep14_seed68.csv,terminal:T15,terminal,1,0.24256,0.11282062722205986,-0.12973937277794012,0.12973937277794012
MDS-SMACOF,65,15,69,MDS_SMACOF_completed_p65_rep15_seed69.csv,terminal:T1,terminal,1,0.05696,0.09864780229598705,0.04168780229598705,0.04168780229598705
MDS-SMACOF,65,15,69,MDS_SMACOF_completed_p65_rep15_seed69.csv,internal:T2|T3,internal,2,0.03472,0.08801490438115195,0.05329490438115195,0.05329490438115195
MDS-SMACOF,65,15,69,MDS_SMACOF_completed_p65_rep15_seed69.csv,terminal:T2,terminal,1,0.02433,0.020172533952036324,-0.004157466047963677,0.004157466047963677
MDS-SMACOF,65,15,69,MDS_SMACOF_completed_p65_rep15_seed69.csv,terminal:T3,terminal,1,0.02231,0.020859614948132894,-0.0014503850518671063,0.0014503850518671063
MDS-SMACOF,65,15,69,MDS_SMACOF_completed_p65_rep15_seed69.csv,internal:T1|T2|T3,internal,3,0.01863,0.0,-0.01863,0.01863
MDS-SMACOF,65,15,69,MDS_SMACOF_completed_p65_rep15_seed69.csv,terminal:T4,terminal,1,0.07771,0.09630045999821388,0.018590459998213876,0.018590459998213876
MDS-SMACOF,65,15,69,MDS_SMACOF_completed_p65_rep15_seed69.csv,internal:T1|T2|T3|T4,internal,4,0.04682,0.0,-0.04682,0.04682
MDS-SMACOF,65,15,69,MDS_SMACOF_completed_p65_rep15_seed69.csv,terminal:T5,terminal,1,0.12997,0.10374381982742684,-0.026226180172573166,0.026226180172573166
MDS-SMACOF,65,15,69,MDS_SMACOF_completed_p65_rep15_seed69.csv,internal:T1|T2|T3|T4|T5,internal,5,0.03057,0.0,-0.03057,0.03057
MDS-SMACOF,65,15,69,MDS_SMACOF_completed_p65_rep15_seed69.csv,terminal:T6,terminal,1,0.14605,0.08987850978108554,-0.056171490218914474,0.056171490218914474
MDS-SMACOF,65,15,69,MDS_SMACOF_completed_p65_rep15_seed69.csv,internal:T1|T2|T3|T4|T5|T6,internal,6,0.0721,0.002913252674747773,-0.06918674732525222,0.06918674732525222
MDS-SMACOF,65,15,69,MDS_SMACOF_completed_p65_rep15_seed69.csv,internal:T10|T7|T8|T9,internal,4,0.08603,0.01741831072814911,-0.06861168927185088,0.06861168927185088
MDS-SMACOF,65,15,69,MDS_SMACOF_completed_p65_rep15_seed69.csv,internal:T7|T8|T9,internal,3,0.05128,0.0,-0.05128,0.05128
MDS-SMACOF,65,15,69,MDS_SMACOF_completed_p65_rep15_seed69.csv,internal:T7|T8,internal,2,0.02354,0.0,-0.02354,0.02354
MDS-SMACOF,65,15,69,MDS_SMACOF_completed_p65_rep15_seed69.csv,terminal:T7,terminal,1,0.11573,0.10541884584794053,-0.010311154152059465,0.010311154152059465
MDS-SMACOF,65,15,69,MDS_SMACOF_completed_p65_rep15_seed69.csv,terminal:T8,terminal,1,0.11535,0.09887460374302648,-0.016475396256973515,0.016475396256973515
MDS-SMACOF,65,15,69,MDS_SMACOF_completed_p65_rep15_seed69.csv,terminal:T9,terminal,1,0.12153,0.10003971412915907,-0.021490285870840925,0.021490285870840925
MDS-SMACOF,65,15,69,MDS_SMACOF_completed_p65_rep15_seed69.csv,terminal:T10,terminal,1,0.18189,0.10113479315862146,-0.08075520684137853,0.08075520684137853
MDS-SMACOF,65,15,69,MDS_SMACOF_completed_p65_rep15_seed69.csv,internal:T11|T12|T13|T14|T15,internal,5,0.11651,0.009118610488736226,-0.10739138951126377,0.10739138951126377
MDS-SMACOF,65,15,69,MDS_SMACOF_completed_p65_rep15_seed69.csv,internal:T11|T12,internal,2,0.22637,0.0016100719234422582,-0.22475992807655773,0.22475992807655773
MDS-SMACOF,65,15,69,MDS_SMACOF_completed_p65_rep15_seed69.csv,terminal:T11,terminal,1,0.16094,0.12558019737880438,-0.03535980262119562,0.03535980262119562
MDS-SMACOF,65,15,69,MDS_SMACOF_completed_p65_rep15_seed69.csv,terminal:T12,terminal,1,0.14942,0.11517337468518979,-0.03424662531481021,0.03424662531481021
MDS-SMACOF,65,15,69,MDS_SMACOF_completed_p65_rep15_seed69.csv,internal:T13|T14|T15,internal,3,0.18561,0.005549300849007509,-0.1800606991509925,0.1800606991509925
MDS-SMACOF,65,15,69,MDS_SMACOF_completed_p65_rep15_seed69.csv,terminal:T13,terminal,1,0.32149,0.12424388803595582,-0.19724611196404418,0.19724611196404418
MDS-SMACOF,65,15,69,MDS_SMACOF_completed_p65_rep15_seed69.csv,internal:T14|T15,internal,2,0.07113,0.006493700581790408,-0.06463629941820959,0.06463629941820959
MDS-SMACOF,65,15,69,MDS_SMACOF_completed_p65_rep15_seed69.csv,terminal:T14,terminal,1,0.34439,0.125522255888287,-0.21886774411171298,0.21886774411171298
MDS-SMACOF,65,15,69,MDS_SMACOF_completed_p65_rep15_seed69.csv,terminal:T15,terminal,1,0.24256,0.10620032316684658,-0.13635967683315342,0.13635967683315342
MDS-SMACOF,65,16,70,MDS_SMACOF_completed_p65_rep16_seed70.csv,terminal:T1,terminal,1,0.05696,0.04946536150189163,-0.007494638498108365,0.007494638498108365
MDS-SMACOF,65,16,70,MDS_SMACOF_completed_p65_rep16_seed70.csv,internal:T2|T3,internal,2,0.03472,0.0,-0.03472,0.03472
MDS-SMACOF,65,16,70,MDS_SMACOF_completed_p65_rep16_seed70.csv,terminal:T2,terminal,1,0.02433,0.06152572465743781,0.03719572465743781,0.03719572465743781
MDS-SMACOF,65,16,70,MDS_SMACOF_completed_p65_rep16_seed70.csv,terminal:T3,terminal,1,0.02231,0.051903216496766304,0.029593216496766304,0.029593216496766304
MDS-SMACOF,65,16,70,MDS_SMACOF_completed_p65_rep16_seed70.csv,internal:T1|T2|T3,internal,3,0.01863,0.038483949962422354,0.019853949962422353,0.019853949962422353
MDS-SMACOF,65,16,70,MDS_SMACOF_completed_p65_rep16_seed70.csv,terminal:T4,terminal,1,0.07771,0.10312263344884415,0.025412633448844146,0.025412633448844146
MDS-SMACOF,65,16,70,MDS_SMACOF_completed_p65_rep16_seed70.csv,internal:T1|T2|T3|T4,internal,4,0.04682,0.0,-0.04682,0.04682
MDS-SMACOF,65,16,70,MDS_SMACOF_completed_p65_rep16_seed70.csv,terminal:T5,terminal,1,0.12997,0.08857654242191311,-0.04139345757808689,0.04139345757808689
MDS-SMACOF,65,16,70,MDS_SMACOF_completed_p65_rep16_seed70.csv,internal:T1|T2|T3|T4|T5,internal,5,0.03057,0.0,-0.03057,0.03057
MDS-SMACOF,65,16,70,MDS_SMACOF_completed_p65_rep16_seed70.csv,terminal:T6,terminal,1,0.14605,0.09106193852054668,-0.05498806147945333,0.05498806147945333
MDS-SMACOF,65,16,70,MDS_SMACOF_completed_p65_rep16_seed70.csv,internal:T1|T2|T3|T4|T5|T6,internal,6,0.0721,0.012706522815103687,-0.05939347718489631,0.05939347718489631
MDS-SMACOF,65,16,70,MDS_SMACOF_completed_p65_rep16_seed70.csv,internal:T10|T7|T8|T9,internal,4,0.08603,0.0,-0.08603,0.08603
MDS-SMACOF,65,16,70,MDS_SMACOF_completed_p65_rep16_seed70.csv,internal:T7|T8|T9,internal,3,0.05128,0.02629010141580011,-0.02498989858419989,0.02498989858419989
MDS-SMACOF,65,16,70,MDS_SMACOF_completed_p65_rep16_seed70.csv,internal:T7|T8,internal,2,0.02354,0.0,-0.02354,0.02354
MDS-SMACOF,65,16,70,MDS_SMACOF_completed_p65_rep16_seed70.csv,terminal:T7,terminal,1,0.11573,0.08884411555194233,-0.026885884448057673,0.026885884448057673
MDS-SMACOF,65,16,70,MDS_SMACOF_completed_p65_rep16_seed70.csv,terminal:T8,terminal,1,0.11535,0.09193523000770175,-0.023414769992298246,0.023414769992298246
MDS-SMACOF,65,16,70,MDS_SMACOF_completed_p65_rep16_seed70.csv,terminal:T9,terminal,1,0.12153,0.08615447492945853,-0.035375525070541466,0.035375525070541466
MDS-SMACOF,65,16,70,MDS_SMACOF_completed_p65_rep16_seed70.csv,terminal:T10,terminal,1,0.18189,0.10883760265793364,-0.07305239734206635,0.07305239734206635
MDS-SMACOF,65,16,70,MDS_SMACOF_completed_p65_rep16_seed70.csv,internal:T11|T12|T13|T14|T15,internal,5,0.11651,0.006803830079771577,-0.10970616992022843,0.10970616992022843
MDS-SMACOF,65,16,70,MDS_SMACOF_completed_p65_rep16_seed70.csv,internal:T11|T12,internal,2,0.22637,0.005576998359990406,-0.2207930016400096,0.2207930016400096
MDS-SMACOF,65,16,70,MDS_SMACOF_completed_p65_rep16_seed70.csv,terminal:T11,terminal,1,0.16094,0.1173557202376096,-0.043584279762390404,0.043584279762390404
MDS-SMACOF,65,16,70,MDS_SMACOF_completed_p65_rep16_seed70.csv,terminal:T12,terminal,1,0.14942,0.11683382731545612,-0.032586172684543876,0.032586172684543876
MDS-SMACOF,65,16,70,MDS_SMACOF_completed_p65_rep16_seed70.csv,internal:T13|T14|T15,internal,3,0.18561,0.013275602517613063,-0.17233439748238694,0.17233439748238694
MDS-SMACOF,65,16,70,MDS_SMACOF_completed_p65_rep16_seed70.csv,terminal:T13,terminal,1,0.32149,0.10267611498055447,-0.21881388501944554,0.21881388501944554
MDS-SMACOF,65,16,70,MDS_SMACOF_completed_p65_rep16_seed70.csv,internal:T14|T15,internal,2,0.07113,0.008336842772964953,-0.06279315722703505,0.06279315722703505
MDS-SMACOF,65,16,70,MDS_SMACOF_completed_p65_rep16_seed70.csv,terminal:T14,terminal,1,0.34439,0.12256718276032366,-0.2218228172396763,0.2218228172396763
MDS-SMACOF,65,16,70,MDS_SMACOF_completed_p65_rep16_seed70.csv,terminal:T15,terminal,1,0.24256,0.11032648507647956,-0.13223351492352042,0.13223351492352042
MDS-SMACOF,65,17,71,MDS_SMACOF_completed_p65_rep17_seed71.csv,terminal:T1,terminal,1,0.05696,0.051837178360849924,-0.005122821639150073,0.005122821639150073
MDS-SMACOF,65,17,71,MDS_SMACOF_completed_p65_rep17_seed71.csv,internal:T2|T3,internal,2,0.03472,0.032232467116462736,-0.002487532883537265,0.002487532883537265
MDS-SMACOF,65,17,71,MDS_SMACOF_completed_p65_rep17_seed71.csv,terminal:T2,terminal,1,0.02433,0.01751787695070124,-0.006812123049298759,0.006812123049298759
MDS-SMACOF,65,17,71,MDS_SMACOF_completed_p65_rep17_seed71.csv,terminal:T3,terminal,1,0.02231,0.023514271949467962,0.0012042719494679624,0.0012042719494679624
MDS-SMACOF,65,17,71,MDS_SMACOF_completed_p65_rep17_seed71.csv,internal:T1|T2|T3,internal,3,0.01863,0.029236568185093542,0.010606568185093541,0.010606568185093541
MDS-SMACOF,65,17,71,MDS_SMACOF_completed_p65_rep17_seed71.csv,terminal:T4,terminal,1,0.07771,0.0986193748291189,0.020909374829118893,0.020909374829118893
MDS-SMACOF,65,17,71,MDS_SMACOF_completed_p65_rep17_seed71.csv,internal:T1|T2|T3|T4,internal,4,0.04682,0.0,-0.04682,0.04682
MDS-SMACOF,65,17,71,MDS_SMACOF_completed_p65_rep17_seed71.csv,terminal:T5,terminal,1,0.12997,0.09063806114215672,-0.03933193885784328,0.03933193885784328
MDS-SMACOF,65,17,71,MDS_SMACOF_completed_p65_rep17_seed71.csv,internal:T1|T2|T3|T4|T5,internal,5,0.03057,0.0,-0.03057,0.03057
MDS-SMACOF,65,17,71,MDS_SMACOF_completed_p65_rep17_seed71.csv,terminal:T6,terminal,1,0.14605,0.08519129708324666,-0.060858702916753354,0.060858702916753354
MDS-SMACOF,65,17,71,MDS_SMACOF_completed_p65_rep17_seed71.csv,internal:T1|T2|T3|T4|T5|T6,internal,6,0.0721,0.017390218004878073,-0.05470978199512193,0.05470978199512193
MDS-SMACOF,65,17,71,MDS_SMACOF_completed_p65_rep17_seed71.csv,internal:T10|T7|T8|T9,internal,4,0.08603,0.0036647575392579576,-0.08236524246074203,0.08236524246074203
MDS-SMACOF,65,17,71,MDS_SMACOF_completed_p65_rep17_seed71.csv,internal:T7|T8|T9,internal,3,0.05128,0.0,-0.05128,0.05128
MDS-SMACOF,65,17,71,MDS_SMACOF_completed_p65_rep17_seed71.csv,internal:T7|T8,internal,2,0.02354,0.03250208986637582,0.008962089866375825,0.008962089866375825
MDS-SMACOF,65,17,71,MDS_SMACOF_completed_p65_rep17_seed71.csv,terminal:T7,terminal,1,0.11573,0.07688076256942872,-0.03884923743057128,0.03884923743057128
MDS-SMACOF,65,17,71,MDS_SMACOF_completed_p65_rep17_seed71.csv,terminal:T8,terminal,1,0.11535,0.07012092926589929,-0.04522907073410071,0.04522907073410071
MDS-SMACOF,65,17,71,MDS_SMACOF_completed_p65_rep17_seed71.csv,terminal:T9,terminal,1,0.12153,0.10759803430687116,-0.013931965693128837,0.013931965693128837
MDS-SMACOF,65,17,71,MDS_SMACOF_completed_p65_rep17_seed71.csv,terminal:T10,terminal,1,0.18189,0.10534703980773169,-0.0765429601922683,0.0765429601922683
MDS-SMACOF,65,17,71,MDS_SMACOF_completed_p65_rep17_seed71.csv,internal:T11|T12|T13|T14|T15,internal,5,0.11651,0.014954776512773065,-0.10155522348722694,0.10155522348722694
MDS-SMACOF,65,17,71,MDS_SMACOF_completed_p65_rep17_seed71.csv,internal:T11|T12,internal,2,0.22637,0.0007677324091390169,-0.22560226759086097,0.22560226759086097
MDS-SMACOF,65,17,71,MDS_SMACOF_completed_p65_rep17_seed71.csv,terminal:T11,terminal,1,0.16094,0.12395486588444098,-0.036985134115559024,0.036985134115559024
MDS-SMACOF,65,17,71,MDS_SMACOF_completed_p65_rep17_seed71.csv,terminal:T12,terminal,1,0.14942,0.11394734840223138,-0.03547265159776862,0.03547265159776862
MDS-SMACOF,65,17,71,MDS_SMACOF_completed_p65_rep17_seed71.csv,internal:T13|T14|T15,internal,3,0.18561,0.008543222893982159,-0.17706677710601784,0.17706677710601784
MDS-SMACOF,65,17,71,MDS_SMACOF_completed_p65_rep17_seed71.csv,terminal:T13,terminal,1,0.32149,0.10515799790318371,-0.2163320020968163,0.2163320020968163
MDS-SMACOF,65,17,71,MDS_SMACOF_completed_p65_rep17_seed71.csv,internal:T14|T15,internal,2,0.07113,0.004446512820483704,-0.06668348717951629,0.06668348717951629
MDS-SMACOF,65,17,71,MDS_SMACOF_completed_p65_rep17_seed71.csv,terminal:T14,terminal,1,0.34439,0.12219820394728516,-0.22219179605271483,0.22219179605271483
MDS-SMACOF,65,17,71,MDS_SMACOF_completed_p65_rep17_seed71.csv,terminal:T15,terminal,1,0.24256,0.11491781057591136,-0.12764218942408864,0.12764218942408864
MDS-SMACOF,65,18,72,MDS_SMACOF_completed_p65_rep18_seed72.csv,terminal:T1,terminal,1,0.05696,0.09678837381188453,0.03982837381188453,0.03982837381188453
MDS-SMACOF,65,18,72,MDS_SMACOF_completed_p65_rep18_seed72.csv,internal:T2|T3,internal,2,0.03472,0.08104419987298131,0.04632419987298131,0.04632419987298131
MDS-SMACOF,65,18,72,MDS_SMACOF_completed_p65_rep18_seed72.csv,terminal:T2,terminal,1,0.02433,0.02347212801663009,-0.0008578719833699094,0.0008578719833699094
MDS-SMACOF,65,18,72,MDS_SMACOF_completed_p65_rep18_seed72.csv,terminal:T3,terminal,1,0.02231,0.017560020883539085,-0.004749979116460915,0.004749979116460915
MDS-SMACOF,65,18,72,MDS_SMACOF_completed_p65_rep18_seed72.csv,internal:T1|T2|T3,internal,3,0.01863,0.0,-0.01863,0.01863
MDS-SMACOF,65,18,72,MDS_SMACOF_completed_p65_rep18_seed72.csv,terminal:T4,terminal,1,0.07771,0.1023584167628047,0.0246484167628047,0.0246484167628047
MDS-SMACOF,65,18,72,MDS_SMACOF_completed_p65_rep18_seed72.csv,internal:T1|T2|T3|T4,internal,4,0.04682,0.0,-0.04682,0.04682
MDS-SMACOF,65,18,72,MDS_SMACOF_completed_p65_rep18_seed72.csv,terminal:T5,terminal,1,0.12997,0.091566405269629,-0.038403594730371,0.038403594730371
MDS-SMACOF,65,18,72,MDS_SMACOF_completed_p65_rep18_seed72.csv,internal:T1|T2|T3|T4|T5,internal,5,0.03057,0.0018973258867662878,-0.028672674113233713,0.028672674113233713
MDS-SMACOF,65,18,72,MDS_SMACOF_completed_p65_rep18_seed72.csv,terminal:T6,terminal,1,0.14605,0.09633936820027779,-0.049710631799722224,0.049710631799722224
MDS-SMACOF,65,18,72,MDS_SMACOF_completed_p65_rep18_seed72.csv,internal:T1|T2|T3|T4|T5|T6,internal,6,0.0721,0.0034304929095237283,-0.06866950709047627,0.06866950709047627
MDS-SMACOF,65,18,72,MDS_SMACOF_completed_p65_rep18_seed72.csv,internal:T10|T7|T8|T9,internal,4,0.08603,0.007243807971479916,-0.07878619202852008,0.07878619202852008
MDS-SMACOF,65,18,72,MDS_SMACOF_completed_p65_rep18_seed72.csv,internal:T7|T8|T9,internal,3,0.05128,0.002828550636224169,-0.04845144936377583,0.04845144936377583
MDS-SMACOF,65,18,72,MDS_SMACOF_completed_p65_rep18_seed72.csv,internal:T7|T8,internal,2,0.02354,0.0,-0.02354,0.02354
MDS-SMACOF,65,18,72,MDS_SMACOF_completed_p65_rep18_seed72.csv,terminal:T7,terminal,1,0.11573,0.10395955276298562,-0.011770447237014384,0.011770447237014384
MDS-SMACOF,65,18,72,MDS_SMACOF_completed_p65_rep18_seed72.csv,terminal:T8,terminal,1,0.11535,0.10429761423848127,-0.011052385761518721,0.011052385761518721
MDS-SMACOF,65,18,72,MDS_SMACOF_completed_p65_rep18_seed72.csv,terminal:T9,terminal,1,0.12153,0.0932842772506827,-0.028245722749317304,0.028245722749317304
MDS-SMACOF,65,18,72,MDS_SMACOF_completed_p65_rep18_seed72.csv,terminal:T10,terminal,1,0.18189,0.1106946332035161,-0.0711953667964839,0.0711953667964839
MDS-SMACOF,65,18,72,MDS_SMACOF_completed_p65_rep18_seed72.csv,internal:T11|T12|T13|T14|T15,internal,5,0.11651,0.015397242799669192,-0.1011127572003308,0.1011127572003308
MDS-SMACOF,65,18,72,MDS_SMACOF_completed_p65_rep18_seed72.csv,internal:T11|T12,internal,2,0.22637,0.03184704326697669,-0.1945229567330233,0.1945229567330233
MDS-SMACOF,65,18,72,MDS_SMACOF_completed_p65_rep18_seed72.csv,terminal:T11,terminal,1,0.16094,0.09417635408236107,-0.06676364591763893,0.06676364591763893
MDS-SMACOF,65,18,72,MDS_SMACOF_completed_p65_rep18_seed72.csv,terminal:T12,terminal,1,0.14942,0.07881274656916425,-0.07060725343083575,0.07060725343083575
MDS-SMACOF,65,18,72,MDS_SMACOF_completed_p65_rep18_seed72.csv,internal:T13|T14|T15,internal,3,0.18561,0.002492539863576625,-0.18311746013642338,0.18311746013642338
MDS-SMACOF,65,18,72,MDS_SMACOF_completed_p65_rep18_seed72.csv,terminal:T13,terminal,1,0.32149,0.12591683362288178,-0.19557316637711822,0.19557316637711822
MDS-SMACOF,65,18,72,MDS_SMACOF_completed_p65_rep18_seed72.csv,internal:T14|T15,internal,2,0.07113,0.0001510823458123396,-0.07097891765418766,0.07097891765418766
MDS-SMACOF,65,18,72,MDS_SMACOF_completed_p65_rep18_seed72.csv,terminal:T14,terminal,1,0.34439,0.11786583025783327,-0.22652416974216671,0.22652416974216671
MDS-SMACOF,65,18,72,MDS_SMACOF_completed_p65_rep18_seed72.csv,terminal:T15,terminal,1,0.24256,0.11437760497035802,-0.12818239502964196,0.12818239502964196
MDS-SMACOF,65,19,73,MDS_SMACOF_completed_p65_rep19_seed73.csv,terminal:T1,terminal,1,0.05696,0.08419577099149679,0.027235770991496794,0.027235770991496794
MDS-SMACOF,65,19,73,MDS_SMACOF_completed_p65_rep19_seed73.csv,internal:T2|T3,internal,2,0.03472,0.0,-0.03472,0.03472
MDS-SMACOF,65,19,73,MDS_SMACOF_completed_p65_rep19_seed73.csv,terminal:T2,terminal,1,0.02433,0.10170761630705832,0.07737761630705832,0.07737761630705832
MDS-SMACOF,65,19,73,MDS_SMACOF_completed_p65_rep19_seed73.csv,terminal:T3,terminal,1,0.02231,0.08088926937438896,0.05857926937438897,0.05857926937438897
MDS-SMACOF,65,19,73,MDS_SMACOF_completed_p65_rep19_seed73.csv,internal:T1|T2|T3,internal,3,0.01863,0.007053467373781361,-0.01157653262621864,0.01157653262621864
MDS-SMACOF,65,19,73,MDS_SMACOF_completed_p65_rep19_seed73.csv,terminal:T4,terminal,1,0.07771,0.1115622481791817,0.0338522481791817,0.0338522481791817
MDS-SMACOF,65,19,73,MDS_SMACOF_completed_p65_rep19_seed73.csv,internal:T1|T2|T3|T4,internal,4,0.04682,0.0,-0.04682,0.04682
MDS-SMACOF,65,19,73,MDS_SMACOF_completed_p65_rep19_seed73.csv,terminal:T5,terminal,1,0.12997,0.09209985822292444,-0.03787014177707557,0.03787014177707557
MDS-SMACOF,65,19,73,MDS_SMACOF_completed_p65_rep19_seed73.csv,internal:T1|T2|T3|T4|T5,internal,5,0.03057,0.0,-0.03057,0.03057
MDS-SMACOF,65,19,73,MDS_SMACOF_completed_p65_rep19_seed73.csv,terminal:T6,terminal,1,0.14605,0.10549777527022124,-0.04055222472977878,0.04055222472977878
MDS-SMACOF,65,19,73,MDS_SMACOF_completed_p65_rep19_seed73.csv,internal:T1|T2|T3|T4|T5|T6,internal,6,0.0721,0.0036548276236220444,-0.06844517237637796,0.06844517237637796
MDS-SMACOF,65,19,73,MDS_SMACOF_completed_p65_rep19_seed73.csv,internal:T10|T7|T8|T9,internal,4,0.08603,0.010833924888628846,-0.07519607511137115,0.07519607511137115
MDS-SMACOF,65,19,73,MDS_SMACOF_completed_p65_rep19_seed73.csv,internal:T7|T8|T9,internal,3,0.05128,0.0,-0.05128,0.05128
MDS-SMACOF,65,19,73,MDS_SMACOF_completed_p65_rep19_seed73.csv,internal:T7|T8,internal,2,0.02354,0.03469532150318827,0.011155321503188272,0.011155321503188272
MDS-SMACOF,65,19,73,MDS_SMACOF_completed_p65_rep19_seed73.csv,terminal:T7,terminal,1,0.11573,0.06734590997271438,-0.04838409002728562,0.04838409002728562
MDS-SMACOF,65,19,73,MDS_SMACOF_completed_p65_rep19_seed73.csv,terminal:T8,terminal,1,0.11535,0.0796557818626136,-0.035694218137386394,0.035694218137386394
MDS-SMACOF,65,19,73,MDS_SMACOF_completed_p65_rep19_seed73.csv,terminal:T9,terminal,1,0.12153,0.10928581073677812,-0.012244189263221877,0.012244189263221877
MDS-SMACOF,65,19,73,MDS_SMACOF_completed_p65_rep19_seed73.csv,terminal:T10,terminal,1,0.18189,0.10022314226133062,-0.08166685773866937,0.08166685773866937
MDS-SMACOF,65,19,73,MDS_SMACOF_completed_p65_rep19_seed73.csv,internal:T11|T12|T13|T14|T15,internal,5,0.11651,0.0,-0.11651,0.11651
MDS-SMACOF,65,19,73,MDS_SMACOF_completed_p65_rep19_seed73.csv,internal:T11|T12,internal,2,0.22637,0.0437884370001143,-0.1825815629998857,0.1825815629998857
MDS-SMACOF,65,19,73,MDS_SMACOF_completed_p65_rep19_seed73.csv,terminal:T11,terminal,1,0.16094,0.08801177159833934,-0.07292822840166066,0.07292822840166066
MDS-SMACOF,65,19,73,MDS_SMACOF_completed_p65_rep19_seed73.csv,terminal:T12,terminal,1,0.14942,0.08497732905318603,-0.06444267094681397,0.06444267094681397
MDS-SMACOF,65,19,73,MDS_SMACOF_completed_p65_rep19_seed73.csv,internal:T13|T14|T15,internal,3,0.18561,0.009963850893611433,-0.17564614910638857,0.17564614910638857
MDS-SMACOF,65,19,73,MDS_SMACOF_completed_p65_rep19_seed73.csv,terminal:T13,terminal,1,0.32149,0.12451196624917915,-0.19697803375082085,0.19697803375082085
MDS-SMACOF,65,19,73,MDS_SMACOF_completed_p65_rep19_seed73.csv,internal:T14|T15,internal,2,0.07113,0.0,-0.07113,0.07113
MDS-SMACOF,65,19,73,MDS_SMACOF_completed_p65_rep19_seed73.csv,terminal:T14,terminal,1,0.34439,0.11549523762017837,-0.2288947623798216,0.2288947623798216
MDS-SMACOF,65,19,73,MDS_SMACOF_completed_p65_rep19_seed73.csv,terminal:T15,terminal,1,0.24256,0.11872126894717933,-0.12383873105282067,0.12383873105282067
MDS-SMACOF,65,20,74,MDS_SMACOF_completed_p65_rep20_seed74.csv,terminal:T1,terminal,1,0.05696,0.10087746034734946,0.04391746034734946,0.04391746034734946
MDS-SMACOF,65,20,74,MDS_SMACOF_completed_p65_rep20_seed74.csv,internal:T2|T3,internal,2,0.03472,0.0,-0.03472,0.03472
MDS-SMACOF,65,20,74,MDS_SMACOF_completed_p65_rep20_seed74.csv,terminal:T2,terminal,1,0.02433,0.09804289129030204,0.07371289129030204,0.07371289129030204
MDS-SMACOF,65,20,74,MDS_SMACOF_completed_p65_rep20_seed74.csv,terminal:T3,terminal,1,0.02231,0.1040770809321954,0.08176708093219541,0.08176708093219541
MDS-SMACOF,65,20,74,MDS_SMACOF_completed_p65_rep20_seed74.csv,internal:T1|T2|T3,internal,3,0.01863,0.0,-0.01863,0.01863
MDS-SMACOF,65,20,74,MDS_SMACOF_completed_p65_rep20_seed74.csv,terminal:T4,terminal,1,0.07771,0.09290340478861395,0.015193404788613946,0.015193404788613946
MDS-SMACOF,65,20,74,MDS_SMACOF_completed_p65_rep20_seed74.csv,internal:T1|T2|T3|T4,internal,4,0.04682,0.0,-0.04682,0.04682
MDS-SMACOF,65,20,74,MDS_SMACOF_completed_p65_rep20_seed74.csv,terminal:T5,terminal,1,0.12997,0.10126821927003242,-0.028701780729967583,0.028701780729967583
MDS-SMACOF,65,20,74,MDS_SMACOF_completed_p65_rep20_seed74.csv,internal:T1|T2|T3|T4|T5,internal,5,0.03057,0.0,-0.03057,0.03057
MDS-SMACOF,65,20,74,MDS_SMACOF_completed_p65_rep20_seed74.csv,terminal:T6,terminal,1,0.14605,0.10788674322034232,-0.03816325677965769,0.03816325677965769
MDS-SMACOF,65,20,74,MDS_SMACOF_completed_p65_rep20_seed74.csv,internal:T1|T2|T3|T4|T5|T6,internal,6,0.0721,0.008167948993712268,-0.06393205100628772,0.06393205100628772
MDS-SMACOF,65,20,74,MDS_SMACOF_completed_p65_rep20_seed74.csv,internal:T10|T7|T8|T9,internal,4,0.08603,0.004886592239188192,-0.0811434077608118,0.0811434077608118
MDS-SMACOF,65,20,74,MDS_SMACOF_completed_p65_rep20_seed74.csv,internal:T7|T8|T9,internal,3,0.05128,0.029127207490847906,-0.022152792509152093,0.022152792509152093
MDS-SMACOF,65,20,74,MDS_SMACOF_completed_p65_rep20_seed74.csv,internal:T7|T8,internal,2,0.02354,0.004390742075186558,-0.01914925792481344,0.01914925792481344
MDS-SMACOF,65,20,74,MDS_SMACOF_completed_p65_rep20_seed74.csv,terminal:T7,terminal,1,0.11573,0.06772502827038945,-0.048004971729610546,0.048004971729610546
MDS-SMACOF,65,20,74,MDS_SMACOF_completed_p65_rep20_seed74.csv,terminal:T8,terminal,1,0.11535,0.07927666356493852,-0.03607333643506147,0.03607333643506147
MDS-SMACOF,65,20,74,MDS_SMACOF_completed_p65_rep20_seed74.csv,terminal:T9,terminal,1,0.12153,0.07611574668812067,-0.04541425331187933,0.04541425331187933
MDS-SMACOF,65,20,74,MDS_SMACOF_completed_p65_rep20_seed74.csv,terminal:T10,terminal,1,0.18189,0.10832436234926347,-0.07356563765073652,0.07356563765073652
MDS-SMACOF,65,20,74,MDS_SMACOF_completed_p65_rep20_seed74.csv,internal:T11|T12|T13|T14|T15,internal,5,0.11651,0.013789062721303404,-0.1027209372786966,0.1027209372786966
MDS-SMACOF,65,20,74,MDS_SMACOF_completed_p65_rep20_seed74.csv,internal:T11|T12,internal,2,0.22637,0.025853878513775002,-0.200516121486225,0.200516121486225
MDS-SMACOF,65,20,74,MDS_SMACOF_completed_p65_rep20_seed74.csv,terminal:T11,terminal,1,0.16094,0.08748557432427653,-0.07345442567572347,0.07345442567572347
MDS-SMACOF,65,20,74,MDS_SMACOF_completed_p65_rep20_seed74.csv,terminal:T12,terminal,1,0.14942,0.08550352632724878,-0.06391647367275122,0.06391647367275122
MDS-SMACOF,65,20,74,MDS_SMACOF_completed_p65_rep20_seed74.csv,internal:T13|T14|T15,internal,3,0.18561,0.007592279755224441,-0.17801772024477555,0.17801772024477555
MDS-SMACOF,65,20,74,MDS_SMACOF_completed_p65_rep20_seed74.csv,terminal:T13,terminal,1,0.32149,0.11958950350736496,-0.20190049649263503,0.20190049649263503
MDS-SMACOF,65,20,74,MDS_SMACOF_completed_p65_rep20_seed74.csv,internal:T14|T15,internal,2,0.07113,0.0012476216010590823,-0.06988237839894092,0.06988237839894092
MDS-SMACOF,65,20,74,MDS_SMACOF_completed_p65_rep20_seed74.csv,terminal:T14,terminal,1,0.34439,0.1086351471926175,-0.23575485280738245,0.23575485280738245
MDS-SMACOF,65,20,74,MDS_SMACOF_completed_p65_rep20_seed74.csv,terminal:T15,terminal,1,0.24256,0.12384940826037817,-0.11871059173962183,0.11871059173962183
MDS-SMACOF,65,21,75,MDS_SMACOF_completed_p65_rep21_seed75.csv,terminal:T1,terminal,1,0.05696,0.08858908940560284,0.03162908940560284,0.03162908940560284
MDS-SMACOF,65,21,75,MDS_SMACOF_completed_p65_rep21_seed75.csv,internal:T2|T3,internal,2,0.03472,0.0,-0.03472,0.03472
MDS-SMACOF,65,21,75,MDS_SMACOF_completed_p65_rep21_seed75.csv,terminal:T2,terminal,1,0.02433,0.0853712080553203,0.06104120805532029,0.06104120805532029
MDS-SMACOF,65,21,75,MDS_SMACOF_completed_p65_rep21_seed75.csv,terminal:T3,terminal,1,0.02231,0.10240463761114287,0.08009463761114287,0.08009463761114287
MDS-SMACOF,65,21,75,MDS_SMACOF_completed_p65_rep21_seed75.csv,internal:T1|T2|T3,internal,3,0.01863,0.011252211657939786,-0.007377788342060215,0.007377788342060215
MDS-SMACOF,65,21,75,MDS_SMACOF_completed_p65_rep21_seed75.csv,terminal:T4,terminal,1,0.07771,0.11905726981565644,0.04134726981565644,0.04134726981565644
MDS-SMACOF,65,21,75,MDS_SMACOF_completed_p65_rep21_seed75.csv,internal:T1|T2|T3|T4,internal,4,0.04682,0.0,-0.04682,0.04682
MDS-SMACOF,65,21,75,MDS_SMACOF_completed_p65_rep21_seed75.csv,terminal:T5,terminal,1,0.12997,0.0989185517603382,-0.0310514482396618,0.0310514482396618
MDS-SMACOF,65,21,75,MDS_SMACOF_completed_p65_rep21_seed75.csv,internal:T1|T2|T3|T4|T5,internal,5,0.03057,0.0,-0.03057,0.03057
MDS-SMACOF,65,21,75,MDS_SMACOF_completed_p65_rep21_seed75.csv,terminal:T6,terminal,1,0.14605,0.10858361764427417,-0.037466382355725844,0.037466382355725844
MDS-SMACOF,65,21,75,MDS_SMACOF_completed_p65_rep21_seed75.csv,internal:T1|T2|T3|T4|T5|T6,internal,6,0.0721,0.007636763090272723,-0.06446323690972727,0.06446323690972727
MDS-SMACOF,65,21,75,MDS_SMACOF_completed_p65_rep21_seed75.csv,internal:T10|T7|T8|T9,internal,4,0.08603,0.01288125831141025,-0.07314874168858974,0.07314874168858974
MDS-SMACOF,65,21,75,MDS_SMACOF_completed_p65_rep21_seed75.csv,internal:T7|T8|T9,internal,3,0.05128,0.0,-0.05128,0.05128
MDS-SMACOF,65,21,75,MDS_SMACOF_completed_p65_rep21_seed75.csv,internal:T7|T8,internal,2,0.02354,0.0,-0.02354,0.02354
MDS-SMACOF,65,21,75,MDS_SMACOF_completed_p65_rep21_seed75.csv,terminal:T7,terminal,1,0.11573,0.10025009214148937,-0.015479907858510625,0.015479907858510625
MDS-SMACOF,65,21,75,MDS_SMACOF_completed_p65_rep21_seed75.csv,terminal:T8,terminal,1,0.11535,0.10508694018781245,-0.010263059812187544,0.010263059812187544
MDS-SMACOF,65,21,75,MDS_SMACOF_completed_p65_rep21_seed75.csv,terminal:T9,terminal,1,0.12153,0.10656058410641239,-0.014969415893587606,0.014969415893587606
MDS-SMACOF,65,21,75,MDS_SMACOF_completed_p65_rep21_seed75.csv,terminal:T10,terminal,1,0.18189,0.09920332555354103,-0.08268667444645897,0.08268667444645897
MDS-SMACOF,65,21,75,MDS_SMACOF_completed_p65_rep21_seed75.csv,internal:T11|T12|T13|T14|T15,internal,5,0.11651,0.009696409016463825,-0.10681359098353618,0.10681359098353618
MDS-SMACOF,65,21,75,MDS_SMACOF_completed_p65_rep21_seed75.csv,internal:T11|T12,internal,2,0.22637,0.002465087217000971,-0.223904912782999,0.223904912782999
MDS-SMACOF,65,21,75,MDS_SMACOF_completed_p65_rep21_seed75.csv,terminal:T11,terminal,1,0.16094,0.1156940268134155,-0.04524597318658451,0.04524597318658451
MDS-SMACOF,65,21,75,MDS_SMACOF_completed_p65_rep21_seed75.csv,terminal:T12,terminal,1,0.14942,0.1230054862842922,-0.0264145137157078,0.0264145137157078
MDS-SMACOF,65,21,75,MDS_SMACOF_completed_p65_rep21_seed75.csv,internal:T13|T14|T15,internal,3,0.18561,0.0048134594050378305,-0.18079654059496217,0.18079654059496217
MDS-SMACOF,65,21,75,MDS_SMACOF_completed_p65_rep21_seed75.csv,terminal:T13,terminal,1,0.32149,0.1194254300230636,-0.2020645699769364,0.2020645699769364
MDS-SMACOF,65,21,75,MDS_SMACOF_completed_p65_rep21_seed75.csv,internal:T14|T15,internal,2,0.07113,0.00771123263758647,-0.06341876736241353,0.06341876736241353
MDS-SMACOF,65,21,75,MDS_SMACOF_completed_p65_rep21_seed75.csv,terminal:T14,terminal,1,0.34439,0.12050679244004853,-0.22388320755995145,0.22388320755995145
MDS-SMACOF,65,21,75,MDS_SMACOF_completed_p65_rep21_seed75.csv,terminal:T15,terminal,1,0.24256,0.1184176385292774,-0.12414236147072259,0.12414236147072259
MDS-SMACOF,65,22,76,MDS_SMACOF_completed_p65_rep22_seed76.csv,terminal:T1,terminal,1,0.05696,0.041897178977610444,-0.015062821022389553,0.015062821022389553
MDS-SMACOF,65,22,76,MDS_SMACOF_completed_p65_rep22_seed76.csv,internal:T2|T3,internal,2,0.03472,0.023436051649813133,-0.011283948350186868,0.011283948350186868
MDS-SMACOF,65,22,76,MDS_SMACOF_completed_p65_rep22_seed76.csv,terminal:T2,terminal,1,0.02433,0.019157042280349326,-0.005172957719650675,0.005172957719650675
MDS-SMACOF,65,22,76,MDS_SMACOF_completed_p65_rep22_seed76.csv,terminal:T3,terminal,1,0.02231,0.021875106619819874,-0.00043489338018012566,0.00043489338018012566
MDS-SMACOF,65,22,76,MDS_SMACOF_completed_p65_rep22_seed76.csv,internal:T1|T2|T3,internal,3,0.01863,0.053316974800062415,0.034686974800062415,0.034686974800062415
MDS-SMACOF,65,22,76,MDS_SMACOF_completed_p65_rep22_seed76.csv,terminal:T4,terminal,1,0.07771,0.10977121232064077,0.03206121232064077,0.03206121232064077
MDS-SMACOF,65,22,76,MDS_SMACOF_completed_p65_rep22_seed76.csv,internal:T1|T2|T3|T4,internal,4,0.04682,0.0,-0.04682,0.04682
MDS-SMACOF,65,22,76,MDS_SMACOF_completed_p65_rep22_seed76.csv,terminal:T5,terminal,1,0.12997,0.09888755579825605,-0.031082444201743956,0.031082444201743956
MDS-SMACOF,65,22,76,MDS_SMACOF_completed_p65_rep22_seed76.csv,internal:T1|T2|T3|T4|T5,internal,5,0.03057,0.0,-0.03057,0.03057
MDS-SMACOF,65,22,76,MDS_SMACOF_completed_p65_rep22_seed76.csv,terminal:T6,terminal,1,0.14605,0.09722976544723017,-0.04882023455276985,0.04882023455276985
MDS-SMACOF,65,22,76,MDS_SMACOF_completed_p65_rep22_seed76.csv,internal:T1|T2|T3|T4|T5|T6,internal,6,0.0721,0.01350063085052806,-0.05859936914947193,0.05859936914947193
MDS-SMACOF,65,22,76,MDS_SMACOF_completed_p65_rep22_seed76.csv,internal:T10|T7|T8|T9,internal,4,0.08603,0.0029907001610570273,-0.08303929983894297,0.08303929983894297
MDS-SMACOF,65,22,76,MDS_SMACOF_completed_p65_rep22_seed76.csv,internal:T7|T8|T9,internal,3,0.05128,0.0,-0.05128,0.05128
MDS-SMACOF,65,22,76,MDS_SMACOF_completed_p65_rep22_seed76.csv,internal:T7|T8,internal,2,0.02354,0.0,-0.02354,0.02354
MDS-SMACOF,65,22,76,MDS_SMACOF_completed_p65_rep22_seed76.csv,terminal:T7,terminal,1,0.11573,0.10066847152217268,-0.015061528477827324,0.015061528477827324
MDS-SMACOF,65,22,76,MDS_SMACOF_completed_p65_rep22_seed76.csv,terminal:T8,terminal,1,0.11535,0.10134976831248806,-0.014000231687511938,0.014000231687511938
MDS-SMACOF,65,22,76,MDS_SMACOF_completed_p65_rep22_seed76.csv,terminal:T9,terminal,1,0.12153,0.10055604456658525,-0.02097395543341475,0.02097395543341475
MDS-SMACOF,65,22,76,MDS_SMACOF_completed_p65_rep22_seed76.csv,terminal:T10,terminal,1,0.18189,0.10091323088321139,-0.08097676911678861,0.08097676911678861
MDS-SMACOF,65,22,76,MDS_SMACOF_completed_p65_rep22_seed76.csv,internal:T11|T12|T13|T14|T15,internal,5,0.11651,0.0040268926520257865,-0.11248310734797422,0.11248310734797422
MDS-SMACOF,65,22,76,MDS_SMACOF_completed_p65_rep22_seed76.csv,internal:T11|T12,internal,2,0.22637,0.033237620626511005,-0.19313237937348898,0.19313237937348898
MDS-SMACOF,65,22,76,MDS_SMACOF_completed_p65_rep22_seed76.csv,terminal:T11,terminal,1,0.16094,0.08493046831438161,-0.07600953168561839,0.07600953168561839
MDS-SMACOF,65,22,76,MDS_SMACOF_completed_p65_rep22_seed76.csv,terminal:T12,terminal,1,0.14942,0.08805863233714373,-0.06136136766285627,0.06136136766285627
MDS-SMACOF,65,22,76,MDS_SMACOF_completed_p65_rep22_seed76.csv,internal:T13|T14|T15,internal,3,0.18561,0.016549733045072405,-0.1690602669549276,0.1690602669549276
MDS-SMACOF,65,22,76,MDS_SMACOF_completed_p65_rep22_seed76.csv,terminal:T13,terminal,1,0.32149,0.12056294284784161,-0.2009270571521584,0.2009270571521584
MDS-SMACOF,65,22,76,MDS_SMACOF_completed_p65_rep22_seed76.csv,internal:T14|T15,internal,2,0.07113,0.0035720041786322823,-0.06755799582136772,0.06755799582136772
MDS-SMACOF,65,22,76,MDS_SMACOF_completed_p65_rep22_seed76.csv,terminal:T14,terminal,1,0.34439,0.11604260883907498,-0.228347391160925,0.228347391160925
MDS-SMACOF,65,22,76,MDS_SMACOF_completed_p65_rep22_seed76.csv,terminal:T15,terminal,1,0.24256,0.11072538542635238,-0.13183461457364762,0.13183461457364762
MDS-SMACOF,65,23,77,MDS_SMACOF_completed_p65_rep23_seed77.csv,terminal:T1,terminal,1,0.05696,0.048817825294525954,-0.008142174705474042,0.008142174705474042
MDS-SMACOF,65,23,77,MDS_SMACOF_completed_p65_rep23_seed77.csv,internal:T2|T3,internal,2,0.03472,0.0,-0.03472,0.03472
MDS-SMACOF,65,23,77,MDS_SMACOF_completed_p65_rep23_seed77.csv,terminal:T2,terminal,1,0.02433,0.048069106379252824,0.023739106379252823,0.023739106379252823
MDS-SMACOF,65,23,77,MDS_SMACOF_completed_p65_rep23_seed77.csv,terminal:T3,terminal,1,0.02231,0.05651869705386528,0.034208697053865283,0.034208697053865283
MDS-SMACOF,65,23,77,MDS_SMACOF_completed_p65_rep23_seed77.csv,internal:T1|T2|T3,internal,3,0.01863,0.022331126141280726,0.0037011261412807257,0.0037011261412807257
MDS-SMACOF,65,23,77,MDS_SMACOF_completed_p65_rep23_seed77.csv,terminal:T4,terminal,1,0.07771,0.07821579939374312,0.0005057993937431227,0.0005057993937431227
MDS-SMACOF,65,23,77,MDS_SMACOF_completed_p65_rep23_seed77.csv,internal:T1|T2|T3|T4,internal,4,0.04682,0.009756609762054405,-0.037063390237945595,0.037063390237945595
MDS-SMACOF,65,23,77,MDS_SMACOF_completed_p65_rep23_seed77.csv,terminal:T5,terminal,1,0.12997,0.08878972284611282,-0.04118027715388718,0.04118027715388718
MDS-SMACOF,65,23,77,MDS_SMACOF_completed_p65_rep23_seed77.csv,internal:T1|T2|T3|T4|T5,internal,5,0.03057,0.0038240409411362183,-0.02674595905886378,0.02674595905886378
MDS-SMACOF,65,23,77,MDS_SMACOF_completed_p65_rep23_seed77.csv,terminal:T6,terminal,1,0.14605,0.09452008604233353,-0.051529913957666484,0.051529913957666484
MDS-SMACOF,65,23,77,MDS_SMACOF_completed_p65_rep23_seed77.csv,internal:T1|T2|T3|T4|T5|T6,internal,6,0.0721,0.0173415167638181,-0.0547584832361819,0.0547584832361819
MDS-SMACOF,65,23,77,MDS_SMACOF_completed_p65_rep23_seed77.csv,internal:T10|T7|T8|T9,internal,4,0.08603,0.001994110654643362,-0.08403588934535663,0.08403588934535663
MDS-SMACOF,65,23,77,MDS_SMACOF_completed_p65_rep23_seed77.csv,internal:T7|T8|T9,internal,3,0.05128,0.0018228860701274383,-0.04945711392987256,0.04945711392987256
MDS-SMACOF,65,23,77,MDS_SMACOF_completed_p65_rep23_seed77.csv,internal:T7|T8,internal,2,0.02354,0.0,-0.02354,0.02354
MDS-SMACOF,65,23,77,MDS_SMACOF_completed_p65_rep23_seed77.csv,terminal:T7,terminal,1,0.11573,0.10568911802657051,-0.010040881973429491,0.010040881973429491
MDS-SMACOF,65,23,77,MDS_SMACOF_completed_p65_rep23_seed77.csv,terminal:T8,terminal,1,0.11535,0.10045987026360115,-0.014890129736398847,0.014890129736398847
MDS-SMACOF,65,23,77,MDS_SMACOF_completed_p65_rep23_seed77.csv,terminal:T9,terminal,1,0.12153,0.09267749438394915,-0.02885250561605085,0.02885250561605085
MDS-SMACOF,65,23,77,MDS_SMACOF_completed_p65_rep23_seed77.csv,terminal:T10,terminal,1,0.18189,0.10834107785095037,-0.07354892214904962,0.07354892214904962
MDS-SMACOF,65,23,77,MDS_SMACOF_completed_p65_rep23_seed77.csv,internal:T11|T12|T13|T14|T15,internal,5,0.11651,0.011378678417354751,-0.10513132158264525,0.10513132158264525
MDS-SMACOF,65,23,77,MDS_SMACOF_completed_p65_rep23_seed77.csv,internal:T11|T12,internal,2,0.22637,0.0023878346842489562,-0.22398216531575102,0.22398216531575102
MDS-SMACOF,65,23,77,MDS_SMACOF_completed_p65_rep23_seed77.csv,terminal:T11,terminal,1,0.16094,0.11081033329371748,-0.05012966670628252,0.05012966670628252
MDS-SMACOF,65,23,77,MDS_SMACOF_completed_p65_rep23_seed77.csv,terminal:T12,terminal,1,0.14942,0.11944522487403884,-0.029974775125961153,0.029974775125961153
MDS-SMACOF,65,23,77,MDS_SMACOF_completed_p65_rep23_seed77.csv,internal:T13|T14|T15,internal,3,0.18561,0.003608434125689737,-0.18200156587431027,0.18200156587431027
MDS-SMACOF,65,23,77,MDS_SMACOF_completed_p65_rep23_seed77.csv,terminal:T13,terminal,1,0.32149,0.11015331315869689,-0.2113366868413031,0.2113366868413031
MDS-SMACOF,65,23,77,MDS_SMACOF_completed_p65_rep23_seed77.csv,internal:T14|T15,internal,2,0.07113,0.012265374426862275,-0.05886462557313772,0.05886462557313772
MDS-SMACOF,65,23,77,MDS_SMACOF_completed_p65_rep23_seed77.csv,terminal:T14,terminal,1,0.34439,0.12136323995013733,-0.22302676004986266,0.22302676004986266
MDS-SMACOF,65,23,77,MDS_SMACOF_completed_p65_rep23_seed77.csv,terminal:T15,terminal,1,0.24256,0.10564340368208638,-0.1369165963179136,0.1369165963179136
MDS-SMACOF,65,24,78,MDS_SMACOF_completed_p65_rep24_seed78.csv,terminal:T1,terminal,1,0.05696,0.10815360576048388,0.05119360576048389,0.05119360576048389
MDS-SMACOF,65,24,78,MDS_SMACOF_completed_p65_rep24_seed78.csv,internal:T2|T3,internal,2,0.03472,0.0,-0.03472,0.03472
MDS-SMACOF,65,24,78,MDS_SMACOF_completed_p65_rep24_seed78.csv,terminal:T2,terminal,1,0.02433,0.11592683667036684,0.09159683667036683,0.09159683667036683
MDS-SMACOF,65,24,78,MDS_SMACOF_completed_p65_rep24_seed78.csv,terminal:T3,terminal,1,0.02231,0.09627052044828567,0.07396052044828567,0.07396052044828567
MDS-SMACOF,65,24,78,MDS_SMACOF_completed_p65_rep24_seed78.csv,internal:T1|T2|T3,internal,3,0.01863,0.0,-0.01863,0.01863
MDS-SMACOF,65,24,78,MDS_SMACOF_completed_p65_rep24_seed78.csv,terminal:T4,terminal,1,0.07771,0.11042851082735648,0.03271851082735648,0.03271851082735648
MDS-SMACOF,65,24,78,MDS_SMACOF_completed_p65_rep24_seed78.csv,internal:T1|T2|T3|T4,internal,4,0.04682,0.0,-0.04682,0.04682
MDS-SMACOF,65,24,78,MDS_SMACOF_completed_p65_rep24_seed78.csv,terminal:T5,terminal,1,0.12997,0.1100972322098564,-0.019872767790143603,0.019872767790143603
MDS-SMACOF,65,24,78,MDS_SMACOF_completed_p65_rep24_seed78.csv,internal:T1|T2|T3|T4|T5,internal,5,0.03057,0.004460101329700093,-0.026109898670299905,0.026109898670299905
MDS-SMACOF,65,24,78,MDS_SMACOF_completed_p65_rep24_seed78.csv,terminal:T6,terminal,1,0.14605,0.1094773198420802,-0.03657268015791981,0.03657268015791981
MDS-SMACOF,65,24,78,MDS_SMACOF_completed_p65_rep24_seed78.csv,internal:T1|T2|T3|T4|T5|T6,internal,6,0.0721,0.000823107954843884,-0.07127689204515611,0.07127689204515611
MDS-SMACOF,65,24,78,MDS_SMACOF_completed_p65_rep24_seed78.csv,internal:T10|T7|T8|T9,internal,4,0.08603,0.0029790231593455154,-0.08305097684065448,0.08305097684065448
MDS-SMACOF,65,24,78,MDS_SMACOF_completed_p65_rep24_seed78.csv,internal:T7|T8|T9,internal,3,0.05128,0.004867188860441745,-0.04641281113955825,0.04641281113955825
MDS-SMACOF,65,24,78,MDS_SMACOF_completed_p65_rep24_seed78.csv,internal:T7|T8,internal,2,0.02354,0.0,-0.02354,0.02354
MDS-SMACOF,65,24,78,MDS_SMACOF_completed_p65_rep24_seed78.csv,terminal:T7,terminal,1,0.11573,0.11253745762752129,-0.003192542372478707,0.003192542372478707
MDS-SMACOF,65,24,78,MDS_SMACOF_completed_p65_rep24_seed78.csv,terminal:T8,terminal,1,0.11535,0.10277820866145608,-0.012571791338543914,0.012571791338543914
MDS-SMACOF,65,24,78,MDS_SMACOF_completed_p65_rep24_seed78.csv,terminal:T9,terminal,1,0.12153,0.09877481204389488,-0.022755187956105122,0.022755187956105122
MDS-SMACOF,65,24,78,MDS_SMACOF_completed_p65_rep24_seed78.csv,terminal:T10,terminal,1,0.18189,0.11172372609210673,-0.07016627390789326,0.07016627390789326
MDS-SMACOF,65,24,78,MDS_SMACOF_completed_p65_rep24_seed78.csv,internal:T11|T12|T13|T14|T15,internal,5,0.11651,0.006977752886743069,-0.10953224711325693,0.10953224711325693
MDS-SMACOF,65,24,78,MDS_SMACOF_completed_p65_rep24_seed78.csv,internal:T11|T12,internal,2,0.22637,0.0027792583959670132,-0.22359074160403297,0.22359074160403297
MDS-SMACOF,65,24,78,MDS_SMACOF_completed_p65_rep24_seed78.csv,terminal:T11,terminal,1,0.16094,0.11556370726491126,-0.04537629273508874,0.04537629273508874
MDS-SMACOF,65,24,78,MDS_SMACOF_completed_p65_rep24_seed78.csv,terminal:T12,terminal,1,0.14942,0.1218029129401884,-0.0276170870598116,0.0276170870598116
MDS-SMACOF,65,24,78,MDS_SMACOF_completed_p65_rep24_seed78.csv,internal:T13|T14|T15,internal,3,0.18561,0.01349476309178129,-0.1721152369082187,0.1721152369082187
MDS-SMACOF,65,24,78,MDS_SMACOF_completed_p65_rep24_seed78.csv,terminal:T13,terminal,1,0.32149,0.11508713107997277,-0.20640286892002724,0.20640286892002724
MDS-SMACOF,65,24,78,MDS_SMACOF_completed_p65_rep24_seed78.csv,internal:T14|T15,internal,2,0.07113,0.006078202906286197,-0.06505179709371381,0.06505179709371381
MDS-SMACOF,65,24,78,MDS_SMACOF_completed_p65_rep24_seed78.csv,terminal:T14,terminal,1,0.34439,0.12369966184007627,-0.2206903381599237,0.2206903381599237
MDS-SMACOF,65,24,78,MDS_SMACOF_completed_p65_rep24_seed78.csv,terminal:T15,terminal,1,0.24256,0.11479835044552154,-0.12776164955447844,0.12776164955447844
MDS-SMACOF,65,25,79,MDS_SMACOF_completed_p65_rep25_seed79.csv,terminal:T1,terminal,1,0.05696,0.050985940533664925,-0.005974059466335072,0.005974059466335072
MDS-SMACOF,65,25,79,MDS_SMACOF_completed_p65_rep25_seed79.csv,internal:T2|T3,internal,2,0.03472,0.033860673423240555,-0.0008593265767594463,0.0008593265767594463
MDS-SMACOF,65,25,79,MDS_SMACOF_completed_p65_rep25_seed79.csv,terminal:T2,terminal,1,0.02433,0.02671352505779753,0.002383525057797528,0.002383525057797528
MDS-SMACOF,65,25,79,MDS_SMACOF_completed_p65_rep25_seed79.csv,terminal:T3,terminal,1,0.02231,0.014318623842371772,-0.007991376157628228,0.007991376157628228
MDS-SMACOF,65,25,79,MDS_SMACOF_completed_p65_rep25_seed79.csv,internal:T1|T2|T3,internal,3,0.01863,0.05308369500590889,0.03445369500590889,0.03445369500590889
MDS-SMACOF,65,25,79,MDS_SMACOF_completed_p65_rep25_seed79.csv,terminal:T4,terminal,1,0.07771,0.11662289986387057,0.03891289986387057,0.03891289986387057
MDS-SMACOF,65,25,79,MDS_SMACOF_completed_p65_rep25_seed79.csv,internal:T1|T2|T3|T4,internal,4,0.04682,0.0,-0.04682,0.04682
MDS-SMACOF,65,25,79,MDS_SMACOF_completed_p65_rep25_seed79.csv,terminal:T5,terminal,1,0.12997,0.12020941062516975,-0.00976058937483025,0.00976058937483025
MDS-SMACOF,65,25,79,MDS_SMACOF_completed_p65_rep25_seed79.csv,internal:T1|T2|T3|T4|T5,internal,5,0.03057,0.0,-0.03057,0.03057
MDS-SMACOF,65,25,79,MDS_SMACOF_completed_p65_rep25_seed79.csv,terminal:T6,terminal,1,0.14605,0.10753356946446666,-0.03851643053553336,0.03851643053553336
MDS-SMACOF,65,25,79,MDS_SMACOF_completed_p65_rep25_seed79.csv,internal:T1|T2|T3|T4|T5|T6,internal,6,0.0721,0.0,-0.0721,0.0721
MDS-SMACOF,65,25,79,MDS_SMACOF_completed_p65_rep25_seed79.csv,internal:T10|T7|T8|T9,internal,4,0.08603,0.004423031237111393,-0.0816069687628886,0.0816069687628886
MDS-SMACOF,65,25,79,MDS_SMACOF_completed_p65_rep25_seed79.csv,internal:T7|T8|T9,internal,3,0.05128,0.0,-0.05128,0.05128
MDS-SMACOF,65,25,79,MDS_SMACOF_completed_p65_rep25_seed79.csv,internal:T7|T8,internal,2,0.02354,0.0,-0.02354,0.02354
MDS-SMACOF,65,25,79,MDS_SMACOF_completed_p65_rep25_seed79.csv,terminal:T7,terminal,1,0.11573,0.10695594997360992,-0.008774050026390076,0.008774050026390076
MDS-SMACOF,65,25,79,MDS_SMACOF_completed_p65_rep25_seed79.csv,terminal:T8,terminal,1,0.11535,0.10885464692557133,-0.006495353074428667,0.006495353074428667
MDS-SMACOF,65,25,79,MDS_SMACOF_completed_p65_rep25_seed79.csv,terminal:T9,terminal,1,0.12153,0.1101546223762804,-0.011375377623719596,0.011375377623719596
MDS-SMACOF,65,25,79,MDS_SMACOF_completed_p65_rep25_seed79.csv,terminal:T10,terminal,1,0.18189,0.1109089100251904,-0.07098108997480959,0.07098108997480959
MDS-SMACOF,65,25,79,MDS_SMACOF_completed_p65_rep25_seed79.csv,internal:T11|T12|T13|T14|T15,internal,5,0.11651,0.014707860839567644,-0.10180213916043236,0.10180213916043236
MDS-SMACOF,65,25,79,MDS_SMACOF_completed_p65_rep25_seed79.csv,internal:T11|T12,internal,2,0.22637,0.0,-0.22637,0.22637
MDS-SMACOF,65,25,79,MDS_SMACOF_completed_p65_rep25_seed79.csv,terminal:T11,terminal,1,0.16094,0.11606559613417956,-0.044874403865820436,0.044874403865820436
MDS-SMACOF,65,25,79,MDS_SMACOF_completed_p65_rep25_seed79.csv,terminal:T12,terminal,1,0.14942,0.11636018040866762,-0.033059819591332376,0.033059819591332376
MDS-SMACOF,65,25,79,MDS_SMACOF_completed_p65_rep25_seed79.csv,internal:T13|T14|T15,internal,3,0.18561,0.009366769379238363,-0.17624323062076164,0.17624323062076164
MDS-SMACOF,65,25,79,MDS_SMACOF_completed_p65_rep25_seed79.csv,terminal:T13,terminal,1,0.32149,0.1237249751276647,-0.1977650248723353,0.1977650248723353
MDS-SMACOF,65,25,79,MDS_SMACOF_completed_p65_rep25_seed79.csv,internal:T14|T15,internal,2,0.07113,0.006227699058580556,-0.06490230094141944,0.06490230094141944
MDS-SMACOF,65,25,79,MDS_SMACOF_completed_p65_rep25_seed79.csv,terminal:T14,terminal,1,0.34439,0.12651010216796227,-0.2178798978320377,0.2178798978320377
MDS-SMACOF,65,25,79,MDS_SMACOF_completed_p65_rep25_seed79.csv,terminal:T15,terminal,1,0.24256,0.10936168961418011,-0.1331983103858199,0.1331983103858199
MDS-SMACOF,65,26,80,MDS_SMACOF_completed_p65_rep26_seed80.csv,terminal:T1,terminal,1,0.05696,0.0617355466071991,0.004775546607199102,0.004775546607199102
MDS-SMACOF,65,26,80,MDS_SMACOF_completed_p65_rep26_seed80.csv,internal:T2|T3,internal,2,0.03472,0.0,-0.03472,0.03472
MDS-SMACOF,65,26,80,MDS_SMACOF_completed_p65_rep26_seed80.csv,terminal:T2,terminal,1,0.02433,0.07261614895243786,0.04828614895243785,0.04828614895243785
MDS-SMACOF,65,26,80,MDS_SMACOF_completed_p65_rep26_seed80.csv,terminal:T3,terminal,1,0.02231,0.0580737020335502,0.0357637020335502,0.0357637020335502
MDS-SMACOF,65,26,80,MDS_SMACOF_completed_p65_rep26_seed80.csv,internal:T1|T2|T3,internal,3,0.01863,0.0,-0.01863,0.01863
MDS-SMACOF,65,26,80,MDS_SMACOF_completed_p65_rep26_seed80.csv,terminal:T4,terminal,1,0.07771,0.06086162395677565,-0.016848376043224353,0.016848376043224353
MDS-SMACOF,65,26,80,MDS_SMACOF_completed_p65_rep26_seed80.csv,internal:T1|T2|T3|T4,internal,4,0.04682,0.015742244283324273,-0.031077755716675728,0.031077755716675728
MDS-SMACOF,65,26,80,MDS_SMACOF_completed_p65_rep26_seed80.csv,terminal:T5,terminal,1,0.12997,0.0800506555515515,-0.049919344448448505,0.049919344448448505
MDS-SMACOF,65,26,80,MDS_SMACOF_completed_p65_rep26_seed80.csv,internal:T1|T2|T3|T4|T5,internal,5,0.03057,0.01674559103582171,-0.013824408964178289,0.013824408964178289
MDS-SMACOF,65,26,80,MDS_SMACOF_completed_p65_rep26_seed80.csv,terminal:T6,terminal,1,0.14605,0.10105520271404038,-0.044994797285959634,0.044994797285959634
MDS-SMACOF,65,26,80,MDS_SMACOF_completed_p65_rep26_seed80.csv,internal:T1|T2|T3|T4|T5|T6,internal,6,0.0721,0.011380382676672024,-0.06071961732332797,0.06071961732332797
MDS-SMACOF,65,26,80,MDS_SMACOF_completed_p65_rep26_seed80.csv,internal:T10|T7|T8|T9,internal,4,0.08603,0.005164572701971696,-0.0808654272980283,0.0808654272980283
MDS-SMACOF,65,26,80,MDS_SMACOF_completed_p65_rep26_seed80.csv,internal:T7|T8|T9,internal,3,0.05128,0.0028646103435131733,-0.048415389656486826,0.048415389656486826
MDS-SMACOF,65,26,80,MDS_SMACOF_completed_p65_rep26_seed80.csv,internal:T7|T8,internal,2,0.02354,0.0,-0.02354,0.02354
MDS-SMACOF,65,26,80,MDS_SMACOF_completed_p65_rep26_seed80.csv,terminal:T7,terminal,1,0.11573,0.09852527871289227,-0.017204721287107733,0.017204721287107733
MDS-SMACOF,65,26,80,MDS_SMACOF_completed_p65_rep26_seed80.csv,terminal:T8,terminal,1,0.11535,0.09464166913530618,-0.020708330864693814,0.020708330864693814
MDS-SMACOF,65,26,80,MDS_SMACOF_completed_p65_rep26_seed80.csv,terminal:T9,terminal,1,0.12153,0.10158545997255154,-0.019944540027448457,0.019944540027448457
MDS-SMACOF,65,26,80,MDS_SMACOF_completed_p65_rep26_seed80.csv,terminal:T10,terminal,1,0.18189,0.107935467147915,-0.07395453285208499,0.07395453285208499
MDS-SMACOF,65,26,80,MDS_SMACOF_completed_p65_rep26_seed80.csv,internal:T11|T12|T13|T14|T15,internal,5,0.11651,0.013422265311417145,-0.10308773468858286,0.10308773468858286
MDS-SMACOF,65,26,80,MDS_SMACOF_completed_p65_rep26_seed80.csv,internal:T11|T12,internal,2,0.22637,0.004741509051764764,-0.22162849094823522,0.22162849094823522
MDS-SMACOF,65,26,80,MDS_SMACOF_completed_p65_rep26_seed80.csv,terminal:T11,terminal,1,0.16094,0.12028350601303714,-0.04065649398696286,0.04065649398696286
MDS-SMACOF,65,26,80,MDS_SMACOF_completed_p65_rep26_seed80.csv,terminal:T12,terminal,1,0.14942,0.10785776236454596,-0.04156223763545404,0.04156223763545404
MDS-SMACOF,65,26,80,MDS_SMACOF_completed_p65_rep26_seed80.csv,internal:T13|T14|T15,internal,3,0.18561,0.00816870212656399,-0.17744129787343602,0.17744129787343602
MDS-SMACOF,65,26,80,MDS_SMACOF_completed_p65_rep26_seed80.csv,terminal:T13,terminal,1,0.32149,0.11378099086557537,-0.20770900913442464,0.20770900913442464
MDS-SMACOF,65,26,80,MDS_SMACOF_completed_p65_rep26_seed80.csv,internal:T14|T15,internal,2,0.07113,0.006058017615843993,-0.06507198238415601,0.06507198238415601
MDS-SMACOF,65,26,80,MDS_SMACOF_completed_p65_rep26_seed80.csv,terminal:T14,terminal,1,0.34439,0.12236631731484703,-0.22202368268515293,0.22202368268515293
MDS-SMACOF,65,26,80,MDS_SMACOF_completed_p65_rep26_seed80.csv,terminal:T15,terminal,1,0.24256,0.11694758996920183,-0.12561241003079815,0.12561241003079815
MDS-SMACOF,65,27,81,MDS_SMACOF_completed_p65_rep27_seed81.csv,terminal:T1,terminal,1,0.05696,0.04876588109397363,-0.008194118906026365,0.008194118906026365
MDS-SMACOF,65,27,81,MDS_SMACOF_completed_p65_rep27_seed81.csv,internal:T2|T3,internal,2,0.03472,0.0,-0.03472,0.03472
MDS-SMACOF,65,27,81,MDS_SMACOF_completed_p65_rep27_seed81.csv,terminal:T2,terminal,1,0.02433,0.062329406040860076,0.03799940604086008,0.03799940604086008
MDS-SMACOF,65,27,81,MDS_SMACOF_completed_p65_rep27_seed81.csv,terminal:T3,terminal,1,0.02231,0.05201593400303068,0.02970593400303068,0.02970593400303068
MDS-SMACOF,65,27,81,MDS_SMACOF_completed_p65_rep27_seed81.csv,internal:T1|T2|T3,internal,3,0.01863,0.006857643807170619,-0.011772356192829382,0.011772356192829382
MDS-SMACOF,65,27,81,MDS_SMACOF_completed_p65_rep27_seed81.csv,terminal:T4,terminal,1,0.07771,0.06530111674910251,-0.012408883250897493,0.012408883250897493
MDS-SMACOF,65,27,81,MDS_SMACOF_completed_p65_rep27_seed81.csv,internal:T1|T2|T3|T4,internal,4,0.04682,0.03034218945959154,-0.01647781054040846,0.01647781054040846
MDS-SMACOF,65,27,81,MDS_SMACOF_completed_p65_rep27_seed81.csv,terminal:T5,terminal,1,0.12997,0.10960087844099307,-0.020369121559006928,0.020369121559006928
MDS-SMACOF,65,27,81,MDS_SMACOF_completed_p65_rep27_seed81.csv,internal:T1|T2|T3|T4|T5,internal,5,0.03057,0.0,-0.03057,0.03057
MDS-SMACOF,65,27,81,MDS_SMACOF_completed_p65_rep27_seed81.csv,terminal:T6,terminal,1,0.14605,0.10273131807385479,-0.04331868192614523,0.04331868192614523
MDS-SMACOF,65,27,81,MDS_SMACOF_completed_p65_rep27_seed81.csv,internal:T1|T2|T3|T4|T5|T6,internal,6,0.0721,0.010998131462990578,-0.06110186853700942,0.06110186853700942
MDS-SMACOF,65,27,81,MDS_SMACOF_completed_p65_rep27_seed81.csv,internal:T10|T7|T8|T9,internal,4,0.08603,0.013076754717513722,-0.07295324528248627,0.07295324528248627
MDS-SMACOF,65,27,81,MDS_SMACOF_completed_p65_rep27_seed81.csv,internal:T7|T8|T9,internal,3,0.05128,0.0,-0.05128,0.05128
MDS-SMACOF,65,27,81,MDS_SMACOF_completed_p65_rep27_seed81.csv,internal:T7|T8,internal,2,0.02354,0.019085996202301007,-0.004454003797698992,0.004454003797698992
MDS-SMACOF,65,27,81,MDS_SMACOF_completed_p65_rep27_seed81.csv,terminal:T7,terminal,1,0.11573,0.0691956978229923,-0.0465343021770077,0.0465343021770077
MDS-SMACOF,65,27,81,MDS_SMACOF_completed_p65_rep27_seed81.csv,terminal:T8,terminal,1,0.11535,0.07780599401233569,-0.0375440059876643,0.0375440059876643
MDS-SMACOF,65,27,81,MDS_SMACOF_completed_p65_rep27_seed81.csv,terminal:T9,terminal,1,0.12153,0.08617302511575742,-0.03535697488424258,0.03535697488424258
MDS-SMACOF,65,27,81,MDS_SMACOF_completed_p65_rep27_seed81.csv,terminal:T10,terminal,1,0.18189,0.10108805682959222,-0.08080194317040777,0.08080194317040777
MDS-SMACOF,65,27,81,MDS_SMACOF_completed_p65_rep27_seed81.csv,internal:T11|T12|T13|T14|T15,internal,5,0.11651,0.0034534649702514016,-0.1130565350297486,0.1130565350297486
MDS-SMACOF,65,27,81,MDS_SMACOF_completed_p65_rep27_seed81.csv,internal:T11|T12,internal,2,0.22637,0.044402011621563195,-0.1819679883784368,0.1819679883784368
MDS-SMACOF,65,27,81,MDS_SMACOF_completed_p65_rep27_seed81.csv,terminal:T11,terminal,1,0.16094,0.0881036511552639,-0.0728363488447361,0.0728363488447361
MDS-SMACOF,65,27,81,MDS_SMACOF_completed_p65_rep27_seed81.csv,terminal:T12,terminal,1,0.14942,0.0848854494962614,-0.0645345505037386,0.0645345505037386
MDS-SMACOF,65,27,81,MDS_SMACOF_completed_p65_rep27_seed81.csv,internal:T13|T14|T15,internal,3,0.18561,0.0028810034825422744,-0.18272899651745772,0.18272899651745772
MDS-SMACOF,65,27,81,MDS_SMACOF_completed_p65_rep27_seed81.csv,terminal:T13,terminal,1,0.32149,0.12046615999477298,-0.20102384000522702,0.20102384000522702
MDS-SMACOF,65,27,81,MDS_SMACOF_completed_p65_rep27_seed81.csv,internal:T14|T15,internal,2,0.07113,0.0,-0.07113,0.07113
MDS-SMACOF,65,27,81,MDS_SMACOF_completed_p65_rep27_seed81.csv,terminal:T14,terminal,1,0.34439,0.10809898059701693,-0.23629101940298303,0.23629101940298303
MDS-SMACOF,65,27,81,MDS_SMACOF_completed_p65_rep27_seed81.csv,terminal:T15,terminal,1,0.24256,0.12077729314264105,-0.12178270685735895,0.12178270685735895
MDS-SMACOF,65,28,82,MDS_SMACOF_completed_p65_rep28_seed82.csv,terminal:T1,terminal,1,0.05696,0.09802189205986434,0.04106189205986434,0.04106189205986434
MDS-SMACOF,65,28,82,MDS_SMACOF_completed_p65_rep28_seed82.csv,internal:T2|T3,internal,2,0.03472,0.0,-0.03472,0.03472
MDS-SMACOF,65,28,82,MDS_SMACOF_completed_p65_rep28_seed82.csv,terminal:T2,terminal,1,0.02433,0.10030217799824921,0.07597217799824921,0.07597217799824921
MDS-SMACOF,65,28,82,MDS_SMACOF_completed_p65_rep28_seed82.csv,terminal:T3,terminal,1,0.02231,0.10586605567114897,0.08355605567114897,0.08355605567114897
MDS-SMACOF,65,28,82,MDS_SMACOF_completed_p65_rep28_seed82.csv,internal:T1|T2|T3,internal,3,0.01863,0.0,-0.01863,0.01863
MDS-SMACOF,65,28,82,MDS_SMACOF_completed_p65_rep28_seed82.csv,terminal:T4,terminal,1,0.07771,0.08679157060451992,0.009081570604519917,0.009081570604519917
MDS-SMACOF,65,28,82,MDS_SMACOF_completed_p65_rep28_seed82.csv,internal:T1|T2|T3|T4,internal,4,0.04682,0.0,-0.04682,0.04682
MDS-SMACOF,65,28,82,MDS_SMACOF_completed_p65_rep28_seed82.csv,terminal:T5,terminal,1,0.12997,0.07782645861274533,-0.052143541387254674,0.052143541387254674
MDS-SMACOF,65,28,82,MDS_SMACOF_completed_p65_rep28_seed82.csv,internal:T1|T2|T3|T4|T5,internal,5,0.03057,0.013615906481310872,-0.01695409351868913,0.01695409351868913
MDS-SMACOF,65,28,82,MDS_SMACOF_completed_p65_rep28_seed82.csv,terminal:T6,terminal,1,0.14605,0.03743941734391233,-0.10861058265608768,0.10861058265608768
MDS-SMACOF,65,28,82,MDS_SMACOF_completed_p65_rep28_seed82.csv,internal:T1|T2|T3|T4|T5|T6,internal,6,0.0721,0.001841830571505142,-0.07025816942849486,0.07025816942849486
MDS-SMACOF,65,28,82,MDS_SMACOF_completed_p65_rep28_seed82.csv,internal:T10|T7|T8|T9,internal,4,0.08603,0.005847729527509418,-0.08018227047249057,0.08018227047249057
MDS-SMACOF,65,28,82,MDS_SMACOF_completed_p65_rep28_seed82.csv,internal:T7|T8|T9,internal,3,0.05128,0.0,-0.05128,0.05128
MDS-SMACOF,65,28,82,MDS_SMACOF_completed_p65_rep28_seed82.csv,internal:T7|T8,internal,2,0.02354,0.03256558192792841,0.009025581927928412,0.009025581927928412
MDS-SMACOF,65,28,82,MDS_SMACOF_completed_p65_rep28_seed82.csv,terminal:T7,terminal,1,0.11573,0.06830564030646455,-0.04742435969353545,0.04742435969353545
MDS-SMACOF,65,28,82,MDS_SMACOF_completed_p65_rep28_seed82.csv,terminal:T8,terminal,1,0.11535,0.0786960515288635,-0.0366539484711365,0.0366539484711365
MDS-SMACOF,65,28,82,MDS_SMACOF_completed_p65_rep28_seed82.csv,terminal:T9,terminal,1,0.12153,0.10882206340089523,-0.012707936599104769,0.012707936599104769
MDS-SMACOF,65,28,82,MDS_SMACOF_completed_p65_rep28_seed82.csv,terminal:T10,terminal,1,0.18189,0.10621727273023207,-0.07567272726976793,0.07567272726976793
MDS-SMACOF,65,28,82,MDS_SMACOF_completed_p65_rep28_seed82.csv,internal:T11|T12|T13|T14|T15,internal,5,0.11651,0.012045440873956285,-0.10446455912604372,0.10446455912604372
MDS-SMACOF,65,28,82,MDS_SMACOF_completed_p65_rep28_seed82.csv,internal:T11|T12,internal,2,0.22637,0.02893742517091988,-0.1974325748290801,0.1974325748290801
MDS-SMACOF,65,28,82,MDS_SMACOF_completed_p65_rep28_seed82.csv,terminal:T11,terminal,1,0.16094,0.08494356186484994,-0.07599643813515006,0.07599643813515006
MDS-SMACOF,65,28,82,MDS_SMACOF_completed_p65_rep28_seed82.csv,terminal:T12,terminal,1,0.14942,0.08804553878667534,-0.061374461213324655,0.061374461213324655
MDS-SMACOF,65,28,82,MDS_SMACOF_completed_p65_rep28_seed82.csv,internal:T13|T14|T15,internal,3,0.18561,0.01241814538450605,-0.17319185461549394,0.17319185461549394
MDS-SMACOF,65,28,82,MDS_SMACOF_completed_p65_rep28_seed82.csv,terminal:T13,terminal,1,0.32149,0.11685746411015058,-0.20463253588984942,0.20463253588984942
MDS-SMACOF,65,28,82,MDS_SMACOF_completed_p65_rep28_seed82.csv,internal:T14|T15,internal,2,0.07113,0.002398442643663315,-0.06873155735633668,0.06873155735633668
MDS-SMACOF,65,28,82,MDS_SMACOF_completed_p65_rep28_seed82.csv,terminal:T14,terminal,1,0.34439,0.11444138981366041,-0.22994861018633955,0.22994861018633955
MDS-SMACOF,65,28,82,MDS_SMACOF_completed_p65_rep28_seed82.csv,terminal:T15,terminal,1,0.24256,0.12143040196848191,-0.12112959803151808,0.12112959803151808
MDS-SMACOF,65,29,83,MDS_SMACOF_completed_p65_rep29_seed83.csv,terminal:T1,terminal,1,0.05696,0.07565279163459643,0.01869279163459643,0.01869279163459643
MDS-SMACOF,65,29,83,MDS_SMACOF_completed_p65_rep29_seed83.csv,internal:T2|T3,internal,2,0.03472,0.0,-0.03472,0.03472
MDS-SMACOF,65,29,83,MDS_SMACOF_completed_p65_rep29_seed83.csv,terminal:T2,terminal,1,0.02433,0.06634517054852775,0.04201517054852774,0.04201517054852774
MDS-SMACOF,65,29,83,MDS_SMACOF_completed_p65_rep29_seed83.csv,terminal:T3,terminal,1,0.02231,0.08563861697068689,0.0633286169706869,0.0633286169706869
MDS-SMACOF,65,29,83,MDS_SMACOF_completed_p65_rep29_seed83.csv,internal:T1|T2|T3,internal,3,0.01863,0.0,-0.01863,0.01863
MDS-SMACOF,65,29,83,MDS_SMACOF_completed_p65_rep29_seed83.csv,terminal:T4,terminal,1,0.07771,0.08070297439187099,0.0029929743918709895,0.0029929743918709895
MDS-SMACOF,65,29,83,MDS_SMACOF_completed_p65_rep29_seed83.csv,internal:T1|T2|T3|T4,internal,4,0.04682,0.006297230669972359,-0.040522769330027644,0.040522769330027644
MDS-SMACOF,65,29,83,MDS_SMACOF_completed_p65_rep29_seed83.csv,terminal:T5,terminal,1,0.12997,0.0948767365076606,-0.035093263492339405,0.035093263492339405
MDS-SMACOF,65,29,83,MDS_SMACOF_completed_p65_rep29_seed83.csv,internal:T1|T2|T3|T4|T5,internal,5,0.03057,0.017605308986674548,-0.012964691013325452,0.012964691013325452
MDS-SMACOF,65,29,83,MDS_SMACOF_completed_p65_rep29_seed83.csv,terminal:T6,terminal,1,0.14605,0.10201863224972005,-0.044031367750279965,0.044031367750279965
MDS-SMACOF,65,29,83,MDS_SMACOF_completed_p65_rep29_seed83.csv,internal:T1|T2|T3|T4|T5|T6,internal,6,0.0721,0.003554177016490422,-0.06854582298350957,0.06854582298350957
MDS-SMACOF,65,29,83,MDS_SMACOF_completed_p65_rep29_seed83.csv,internal:T10|T7|T8|T9,internal,4,0.08603,0.0,-0.08603,0.08603
MDS-SMACOF,65,29,83,MDS_SMACOF_completed_p65_rep29_seed83.csv,internal:T7|T8|T9,internal,3,0.05128,0.0,-0.05128,0.05128
MDS-SMACOF,65,29,83,MDS_SMACOF_completed_p65_rep29_seed83.csv,internal:T7|T8,internal,2,0.02354,0.0,-0.02354,0.02354
MDS-SMACOF,65,29,83,MDS_SMACOF_completed_p65_rep29_seed83.csv,terminal:T7,terminal,1,0.11573,0.10783483655615456,-0.007895163443845443,0.007895163443845443
MDS-SMACOF,65,29,83,MDS_SMACOF_completed_p65_rep29_seed83.csv,terminal:T8,terminal,1,0.11535,0.11389261473245584,-0.001457385267544159,0.001457385267544159
MDS-SMACOF,65,29,83,MDS_SMACOF_completed_p65_rep29_seed83.csv,terminal:T9,terminal,1,0.12153,0.10673080204022488,-0.01479919795977512,0.01479919795977512
MDS-SMACOF,65,29,83,MDS_SMACOF_completed_p65_rep29_seed83.csv,terminal:T10,terminal,1,0.18189,0.11228522057308117,-0.06960477942691883,0.06960477942691883
MDS-SMACOF,65,29,83,MDS_SMACOF_completed_p65_rep29_seed83.csv,internal:T11|T12|T13|T14|T15,internal,5,0.11651,0.005099713567966004,-0.111410286432034,0.111410286432034
MDS-SMACOF,65,29,83,MDS_SMACOF_completed_p65_rep29_seed83.csv,internal:T11|T12,internal,2,0.22637,0.010669638717053849,-0.21570036128294615,0.21570036128294615
MDS-SMACOF,65,29,83,MDS_SMACOF_completed_p65_rep29_seed83.csv,terminal:T11,terminal,1,0.16094,0.11577311252762304,-0.04516688747237696,0.04516688747237696
MDS-SMACOF,65,29,83,MDS_SMACOF_completed_p65_rep29_seed83.csv,terminal:T12,terminal,1,0.14942,0.11326459763857369,-0.03615540236142631,0.03615540236142631
MDS-SMACOF,65,29,83,MDS_SMACOF_completed_p65_rep29_seed83.csv,internal:T13|T14|T15,internal,3,0.18561,0.01098151609790106,-0.17462848390209892,0.17462848390209892
MDS-SMACOF,65,29,83,MDS_SMACOF_completed_p65_rep29_seed83.csv,terminal:T13,terminal,1,0.32149,0.11787384325408963,-0.20361615674591038,0.20361615674591038
MDS-SMACOF,65,29,83,MDS_SMACOF_completed_p65_rep29_seed83.csv,internal:T14|T15,internal,2,0.07113,0.0,-0.07113,0.07113
MDS-SMACOF,65,29,83,MDS_SMACOF_completed_p65_rep29_seed83.csv,terminal:T14,terminal,1,0.34439,0.11790662009822184,-0.22648337990177814,0.22648337990177814
MDS-SMACOF,65,29,83,MDS_SMACOF_completed_p65_rep29_seed83.csv,terminal:T15,terminal,1,0.24256,0.11617623970449742,-0.12638376029550258,0.12638376029550258
MDS-SMACOF,65,30,84,MDS_SMACOF_completed_p65_rep30_seed84.csv,terminal:T1,terminal,1,0.05696,0.04767136828805101,-0.009288631711948984,0.009288631711948984
MDS-SMACOF,65,30,84,MDS_SMACOF_completed_p65_rep30_seed84.csv,internal:T2|T3,internal,2,0.03472,0.03563879308033463,0.0009187930803346289,0.0009187930803346289
MDS-SMACOF,65,30,84,MDS_SMACOF_completed_p65_rep30_seed84.csv,terminal:T2,terminal,1,0.02433,0.018987981895447315,-0.005342018104552686,0.005342018104552686
MDS-SMACOF,65,30,84,MDS_SMACOF_completed_p65_rep30_seed84.csv,terminal:T3,terminal,1,0.02231,0.022044167004721896,-0.00026583299527810356,0.00026583299527810356
MDS-SMACOF,65,30,84,MDS_SMACOF_completed_p65_rep30_seed84.csv,internal:T1|T2|T3,internal,3,0.01863,0.02117086056932901,0.00254086056932901,0.00254086056932901
MDS-SMACOF,65,30,84,MDS_SMACOF_completed_p65_rep30_seed84.csv,terminal:T4,terminal,1,0.07771,0.07975775436256369,0.0020477543625636863,0.0020477543625636863
MDS-SMACOF,65,30,84,MDS_SMACOF_completed_p65_rep30_seed84.csv,internal:T1|T2|T3|T4,internal,4,0.04682,0.015049130054690546,-0.031770869945309456,0.031770869945309456
MDS-SMACOF,65,30,84,MDS_SMACOF_completed_p65_rep30_seed84.csv,terminal:T5,terminal,1,0.12997,0.033310505393187376,-0.09665949460681263,0.09665949460681263
MDS-SMACOF,65,30,84,MDS_SMACOF_completed_p65_rep30_seed84.csv,internal:T1|T2|T3|T4|T5,internal,5,0.03057,0.0,-0.03057,0.03057
MDS-SMACOF,65,30,84,MDS_SMACOF_completed_p65_rep30_seed84.csv,terminal:T6,terminal,1,0.14605,0.08570957027514563,-0.060340429724854386,0.060340429724854386
MDS-SMACOF,65,30,84,MDS_SMACOF_completed_p65_rep30_seed84.csv,internal:T1|T2|T3|T4|T5|T6,internal,6,0.0721,0.012321030948918853,-0.05977896905108114,0.05977896905108114
MDS-SMACOF,65,30,84,MDS_SMACOF_completed_p65_rep30_seed84.csv,internal:T10|T7|T8|T9,internal,4,0.08603,0.0,-0.08603,0.08603
MDS-SMACOF,65,30,84,MDS_SMACOF_completed_p65_rep30_seed84.csv,internal:T7|T8|T9,internal,3,0.05128,0.0,-0.05128,0.05128
MDS-SMACOF,65,30,84,MDS_SMACOF_completed_p65_rep30_seed84.csv,internal:T7|T8,internal,2,0.02354,0.0,-0.02354,0.02354
MDS-SMACOF,65,30,84,MDS_SMACOF_completed_p65_rep30_seed84.csv,terminal:T7,terminal,1,0.11573,0.10695117774484435,-0.008778822255155652,0.008778822255155652
MDS-SMACOF,65,30,84,MDS_SMACOF_completed_p65_rep30_seed84.csv,terminal:T8,terminal,1,0.11535,0.11296392204114852,-0.0023860779588514708,0.0023860779588514708
MDS-SMACOF,65,30,84,MDS_SMACOF_completed_p65_rep30_seed84.csv,terminal:T9,terminal,1,0.12153,0.11200846747842452,-0.009521532521575476,0.009521532521575476
MDS-SMACOF,65,30,84,MDS_SMACOF_completed_p65_rep30_seed84.csv,terminal:T10,terminal,1,0.18189,0.11743560326070912,-0.06445439673929088,0.06445439673929088
MDS-SMACOF,65,30,84,MDS_SMACOF_completed_p65_rep30_seed84.csv,internal:T11|T12|T13|T14|T15,internal,5,0.11651,0.00757329901886292,-0.10893670098113709,0.10893670098113709
MDS-SMACOF,65,30,84,MDS_SMACOF_completed_p65_rep30_seed84.csv,internal:T11|T12,internal,2,0.22637,0.010915078074112128,-0.21545492192588786,0.21545492192588786
MDS-SMACOF,65,30,84,MDS_SMACOF_completed_p65_rep30_seed84.csv,terminal:T11,terminal,1,0.16094,0.11679824005757145,-0.044141759942428554,0.044141759942428554
MDS-SMACOF,65,30,84,MDS_SMACOF_completed_p65_rep30_seed84.csv,terminal:T12,terminal,1,0.14942,0.120091244407671,-0.029328755592329003,0.029328755592329003
MDS-SMACOF,65,30,84,MDS_SMACOF_completed_p65_rep30_seed84.csv,internal:T13|T14|T15,internal,3,0.18561,0.014259607971948262,-0.17135039202805175,0.17135039202805175
MDS-SMACOF,65,30,84,MDS_SMACOF_completed_p65_rep30_seed84.csv,terminal:T13,terminal,1,0.32149,0.11908803486011021,-0.20240196513988978,0.20240196513988978
MDS-SMACOF,65,30,84,MDS_SMACOF_completed_p65_rep30_seed84.csv,internal:T14|T15,internal,2,0.07113,0.001968734774799389,-0.06916126522520061,0.06916126522520061
MDS-SMACOF,65,30,84,MDS_SMACOF_completed_p65_rep30_seed84.csv,terminal:T14,terminal,1,0.34439,0.12648337687490277,-0.2179066231250972,0.2179066231250972
MDS-SMACOF,65,30,84,MDS_SMACOF_completed_p65_rep30_seed84.csv,terminal:T15,terminal,1,0.24256,0.11009972120682945,-0.13246027879317054,0.13246027879317054
MDS-SMACOF,85,1,55,MDS_SMACOF_completed_p85_rep01_seed55.csv,terminal:T1,terminal,1,0.05696,0.11856863631933483,0.06160863631933483,0.06160863631933483
MDS-SMACOF,85,1,55,MDS_SMACOF_completed_p85_rep01_seed55.csv,internal:T2|T3,internal,2,0.03472,0.0,-0.03472,0.03472
MDS-SMACOF,85,1,55,MDS_SMACOF_completed_p85_rep01_seed55.csv,terminal:T2,terminal,1,0.02433,0.11394536836574463,0.08961536836574463,0.08961536836574463
MDS-SMACOF,85,1,55,MDS_SMACOF_completed_p85_rep01_seed55.csv,terminal:T3,terminal,1,0.02231,0.11042389463196678,0.08811389463196678,0.08811389463196678
MDS-SMACOF,85,1,55,MDS_SMACOF_completed_p85_rep01_seed55.csv,internal:T1|T2|T3,internal,3,0.01863,0.0,-0.01863,0.01863
MDS-SMACOF,85,1,55,MDS_SMACOF_completed_p85_rep01_seed55.csv,terminal:T4,terminal,1,0.07771,0.11458125402545852,0.036871254025458516,0.036871254025458516
MDS-SMACOF,85,1,55,MDS_SMACOF_completed_p85_rep01_seed55.csv,internal:T1|T2|T3|T4,internal,4,0.04682,0.0,-0.04682,0.04682
MDS-SMACOF,85,1,55,MDS_SMACOF_completed_p85_rep01_seed55.csv,terminal:T5,terminal,1,0.12997,0.1157178298032701,-0.014252170196729905,0.014252170196729905
MDS-SMACOF,85,1,55,MDS_SMACOF_completed_p85_rep01_seed55.csv,internal:T1|T2|T3|T4|T5,internal,5,0.03057,0.0,-0.03057,0.03057
MDS-SMACOF,85,1,55,MDS_SMACOF_completed_p85_rep01_seed55.csv,terminal:T6,terminal,1,0.14605,0.10740018951722025,-0.03864981048277977,0.03864981048277977
MDS-SMACOF,85,1,55,MDS_SMACOF_completed_p85_rep01_seed55.csv,internal:T1|T2|T3|T4|T5|T6,internal,6,0.0721,0.0,-0.0721,0.0721
MDS-SMACOF,85,1,55,MDS_SMACOF_completed_p85_rep01_seed55.csv,internal:T10|T7|T8|T9,internal,4,0.08603,0.0,-0.08603,0.08603
MDS-SMACOF,85,1,55,MDS_SMACOF_completed_p85_rep01_seed55.csv,internal:T7|T8|T9,internal,3,0.05128,0.013327301468523227,-0.03795269853147677,0.03795269853147677
MDS-SMACOF,85,1,55,MDS_SMACOF_completed_p85_rep01_seed55.csv,internal:T7|T8,internal,2,0.02354,0.0,-0.02354,0.02354
MDS-SMACOF,85,1,55,MDS_SMACOF_completed_p85_rep01_seed55.csv,terminal:T7,terminal,1,0.11573,0.1115296436304347,-0.004200356369565297,0.004200356369565297
MDS-SMACOF,85,1,55,MDS_SMACOF_completed_p85_rep01_seed55.csv,terminal:T8,terminal,1,0.11535,0.09915683176882079,-0.01619316823117921,0.01619316823117921
MDS-SMACOF,85,1,55,MDS_SMACOF_completed_p85_rep01_seed55.csv,terminal:T9,terminal,1,0.12153,0.10026331686656828,-0.02126668313343172,0.02126668313343172
MDS-SMACOF,85,1,55,MDS_SMACOF_completed_p85_rep01_seed55.csv,terminal:T10,terminal,1,0.18189,0.11582883306798863,-0.06606116693201136,0.06606116693201136
MDS-SMACOF,85,1,55,MDS_SMACOF_completed_p85_rep01_seed55.csv,internal:T11|T12|T13|T14|T15,internal,5,0.11651,0.002469933185394919,-0.11404006681460509,0.11404006681460509
MDS-SMACOF,85,1,55,MDS_SMACOF_completed_p85_rep01_seed55.csv,internal:T11|T12,internal,2,0.22637,0.0036173991779088832,-0.2227526008220911,0.2227526008220911
MDS-SMACOF,85,1,55,MDS_SMACOF_completed_p85_rep01_seed55.csv,terminal:T11,terminal,1,0.16094,0.11573996621121799,-0.04520003378878201,0.04520003378878201
MDS-SMACOF,85,1,55,MDS_SMACOF_completed_p85_rep01_seed55.csv,terminal:T12,terminal,1,0.14942,0.11737559490867047,-0.032044405091329525,0.032044405091329525
MDS-SMACOF,85,1,55,MDS_SMACOF_completed_p85_rep01_seed55.csv,internal:T13|T14|T15,internal,3,0.18561,0.002712294473302476,-0.1828977055266975,0.1828977055266975
MDS-SMACOF,85,1,55,MDS_SMACOF_completed_p85_rep01_seed55.csv,terminal:T13,terminal,1,0.32149,0.11915823880210798,-0.20233176119789203,0.20233176119789203
MDS-SMACOF,85,1,55,MDS_SMACOF_completed_p85_rep01_seed55.csv,internal:T14|T15,internal,2,0.07113,0.0,-0.07113,0.07113
MDS-SMACOF,85,1,55,MDS_SMACOF_completed_p85_rep01_seed55.csv,terminal:T14,terminal,1,0.34439,0.11310213091677457,-0.2312878690832254,0.2312878690832254
MDS-SMACOF,85,1,55,MDS_SMACOF_completed_p85_rep01_seed55.csv,terminal:T15,terminal,1,0.24256,0.118791087292077,-0.12376891270792299,0.12376891270792299
MDS-SMACOF,85,2,56,MDS_SMACOF_completed_p85_rep02_seed56.csv,terminal:T1,terminal,1,0.05696,0.1138074538013606,0.05684745380136061,0.05684745380136061
MDS-SMACOF,85,2,56,MDS_SMACOF_completed_p85_rep02_seed56.csv,internal:T2|T3,internal,2,0.03472,0.0,-0.03472,0.03472
MDS-SMACOF,85,2,56,MDS_SMACOF_completed_p85_rep02_seed56.csv,terminal:T2,terminal,1,0.02433,0.10492766903017267,0.08059766903017267,0.08059766903017267
MDS-SMACOF,85,2,56,MDS_SMACOF_completed_p85_rep02_seed56.csv,terminal:T3,terminal,1,0.02231,0.1075937021129504,0.0852837021129504,0.0852837021129504
MDS-SMACOF,85,2,56,MDS_SMACOF_completed_p85_rep02_seed56.csv,internal:T1|T2|T3,internal,3,0.01863,0.0,-0.01863,0.01863
MDS-SMACOF,85,2,56,MDS_SMACOF_completed_p85_rep02_seed56.csv,terminal:T4,terminal,1,0.07771,0.10968443712903138,0.03197443712903138,0.03197443712903138
MDS-SMACOF,85,2,56,MDS_SMACOF_completed_p85_rep02_seed56.csv,internal:T1|T2|T3|T4,internal,4,0.04682,0.0,-0.04682,0.04682
MDS-SMACOF,85,2,56,MDS_SMACOF_completed_p85_rep02_seed56.csv,terminal:T5,terminal,1,0.12997,0.1063172776290887,-0.023652722370911303,0.023652722370911303
MDS-SMACOF,85,2,56,MDS_SMACOF_completed_p85_rep02_seed56.csv,internal:T1|T2|T3|T4|T5,internal,5,0.03057,0.0,-0.03057,0.03057
MDS-SMACOF,85,2,56,MDS_SMACOF_completed_p85_rep02_seed56.csv,terminal:T6,terminal,1,0.14605,0.09700792718172607,-0.04904207281827394,0.04904207281827394
MDS-SMACOF,85,2,56,MDS_SMACOF_completed_p85_rep02_seed56.csv,internal:T1|T2|T3|T4|T5|T6,internal,6,0.0721,0.0012115233959570854,-0.07088847660404292,0.07088847660404292
MDS-SMACOF,85,2,56,MDS_SMACOF_completed_p85_rep02_seed56.csv,internal:T10|T7|T8|T9,internal,4,0.08603,0.012171575484773517,-0.07385842451522648,0.07385842451522648
MDS-SMACOF,85,2,56,MDS_SMACOF_completed_p85_rep02_seed56.csv,internal:T7|T8|T9,internal,3,0.05128,6.923530900694636e-05,-0.05121076469099305,0.05121076469099305
MDS-SMACOF,85,2,56,MDS_SMACOF_completed_p85_rep02_seed56.csv,internal:T7|T8,internal,2,0.02354,0.0,-0.02354,0.02354
MDS-SMACOF,85,2,56,MDS_SMACOF_completed_p85_rep02_seed56.csv,terminal:T7,terminal,1,0.11573,0.09757933902154162,-0.018150660978458383,0.018150660978458383
MDS-SMACOF,85,2,56,MDS_SMACOF_completed_p85_rep02_seed56.csv,terminal:T8,terminal,1,0.11535,0.10479863546641144,-0.010551364533588556,0.010551364533588556
MDS-SMACOF,85,2,56,MDS_SMACOF_completed_p85_rep02_seed56.csv,terminal:T9,terminal,1,0.12153,0.09856445663490758,-0.02296554336509242,0.02296554336509242
MDS-SMACOF,85,2,56,MDS_SMACOF_completed_p85_rep02_seed56.csv,terminal:T10,terminal,1,0.18189,0.11246850280567658,-0.06942149719432342,0.06942149719432342
MDS-SMACOF,85,2,56,MDS_SMACOF_completed_p85_rep02_seed56.csv,internal:T11|T12|T13|T14|T15,internal,5,0.11651,0.0053869110651467225,-0.11112308893485329,0.11112308893485329
MDS-SMACOF,85,2,56,MDS_SMACOF_completed_p85_rep02_seed56.csv,internal:T11|T12,internal,2,0.22637,0.0,-0.22637,0.22637
MDS-SMACOF,85,2,56,MDS_SMACOF_completed_p85_rep02_seed56.csv,terminal:T11,terminal,1,0.16094,0.10866543443233045,-0.052274565567669545,0.052274565567669545
MDS-SMACOF,85,2,56,MDS_SMACOF_completed_p85_rep02_seed56.csv,terminal:T12,terminal,1,0.14942,0.11473426827716823,-0.034685731722831764,0.034685731722831764
MDS-SMACOF,85,2,56,MDS_SMACOF_completed_p85_rep02_seed56.csv,internal:T13|T14|T15,internal,3,0.18561,0.0,-0.18561,0.18561
MDS-SMACOF,85,2,56,MDS_SMACOF_completed_p85_rep02_seed56.csv,terminal:T13,terminal,1,0.32149,0.11391152021107467,-0.20757847978892532,0.20757847978892532
MDS-SMACOF,85,2,56,MDS_SMACOF_completed_p85_rep02_seed56.csv,internal:T14|T15,internal,2,0.07113,0.004628864197329496,-0.0665011358026705,0.0665011358026705
MDS-SMACOF,85,2,56,MDS_SMACOF_completed_p85_rep02_seed56.csv,terminal:T14,terminal,1,0.34439,0.11647959259329348,-0.22791040740670648,0.22791040740670648
MDS-SMACOF,85,2,56,MDS_SMACOF_completed_p85_rep02_seed56.csv,terminal:T15,terminal,1,0.24256,0.10828973499453114,-0.13427026500546885,0.13427026500546885
MDS-SMACOF,85,3,57,MDS_SMACOF_completed_p85_rep03_seed57.csv,terminal:T1,terminal,1,0.05696,0.07086596087839435,0.013905960878394352,0.013905960878394352
MDS-SMACOF,85,3,57,MDS_SMACOF_completed_p85_rep03_seed57.csv,internal:T2|T3,internal,2,0.03472,0.0,-0.03472,0.03472
MDS-SMACOF,85,3,57,MDS_SMACOF_completed_p85_rep03_seed57.csv,terminal:T2,terminal,1,0.02433,0.09946184555080362,0.07513184555080361,0.07513184555080361
MDS-SMACOF,85,3,57,MDS_SMACOF_completed_p85_rep03_seed57.csv,terminal:T3,terminal,1,0.02231,0.07962613638766486,0.05731613638766486,0.05731613638766486
MDS-SMACOF,85,3,57,MDS_SMACOF_completed_p85_rep03_seed57.csv,internal:T1|T2|T3,internal,3,0.01863,0.0,-0.01863,0.01863
MDS-SMACOF,85,3,57,MDS_SMACOF_completed_p85_rep03_seed57.csv,terminal:T4,terminal,1,0.07771,0.0961601857527711,0.018450185752771103,0.018450185752771103
MDS-SMACOF,85,3,57,MDS_SMACOF_completed_p85_rep03_seed57.csv,internal:T1|T2|T3|T4,internal,4,0.04682,0.020086778649193938,-0.026733221350806063,0.026733221350806063
MDS-SMACOF,85,3,57,MDS_SMACOF_completed_p85_rep03_seed57.csv,terminal:T5,terminal,1,0.12997,0.11275218597306795,-0.017217814026932052,0.017217814026932052
MDS-SMACOF,85,3,57,MDS_SMACOF_completed_p85_rep03_seed57.csv,internal:T1|T2|T3|T4|T5,internal,5,0.03057,0.0,-0.03057,0.03057
MDS-SMACOF,85,3,57,MDS_SMACOF_completed_p85_rep03_seed57.csv,terminal:T6,terminal,1,0.14605,0.1115384650904988,-0.03451153490950121,0.03451153490950121
MDS-SMACOF,85,3,57,MDS_SMACOF_completed_p85_rep03_seed57.csv,internal:T1|T2|T3|T4|T5|T6,internal,6,0.0721,0.0,-0.0721,0.0721
MDS-SMACOF,85,3,57,MDS_SMACOF_completed_p85_rep03_seed57.csv,internal:T10|T7|T8|T9,internal,4,0.08603,0.0,-0.08603,0.08603
MDS-SMACOF,85,3,57,MDS_SMACOF_completed_p85_rep03_seed57.csv,internal:T7|T8|T9,internal,3,0.05128,0.0020087178163682826,-0.049271282183631714,0.049271282183631714
MDS-SMACOF,85,3,57,MDS_SMACOF_completed_p85_rep03_seed57.csv,internal:T7|T8,internal,2,0.02354,5.795607412766048e-05,-0.023482043925872338,0.023482043925872338
MDS-SMACOF,85,3,57,MDS_SMACOF_completed_p85_rep03_seed57.csv,terminal:T7,terminal,1,0.11573,0.09616829621843635,-0.019561703781563647,0.019561703781563647
MDS-SMACOF,85,3,57,MDS_SMACOF_completed_p85_rep03_seed57.csv,terminal:T8,terminal,1,0.11535,0.11498113891196945,-0.0003688610880305393,0.0003688610880305393
MDS-SMACOF,85,3,57,MDS_SMACOF_completed_p85_rep03_seed57.csv,terminal:T9,terminal,1,0.12153,0.11693267026738256,-0.004597329732617436,0.004597329732617436
MDS-SMACOF,85,3,57,MDS_SMACOF_completed_p85_rep03_seed57.csv,terminal:T10,terminal,1,0.18189,0.1113185953669554,-0.0705714046330446,0.0705714046330446
MDS-SMACOF,85,3,57,MDS_SMACOF_completed_p85_rep03_seed57.csv,internal:T11|T12|T13|T14|T15,internal,5,0.11651,0.003907541510846073,-0.11260245848915393,0.11260245848915393
MDS-SMACOF,85,3,57,MDS_SMACOF_completed_p85_rep03_seed57.csv,internal:T11|T12,internal,2,0.22637,0.0009489054141560673,-0.22542109458584392,0.22542109458584392
MDS-SMACOF,85,3,57,MDS_SMACOF_completed_p85_rep03_seed57.csv,terminal:T11,terminal,1,0.16094,0.11606391706342657,-0.04487608293657343,0.04487608293657343
MDS-SMACOF,85,3,57,MDS_SMACOF_completed_p85_rep03_seed57.csv,terminal:T12,terminal,1,0.14942,0.11493346546370571,-0.034486534536294286,0.034486534536294286
MDS-SMACOF,85,3,57,MDS_SMACOF_completed_p85_rep03_seed57.csv,internal:T13|T14|T15,internal,3,0.18561,0.0012203098041871107,-0.1843896901958129,0.1843896901958129
MDS-SMACOF,85,3,57,MDS_SMACOF_completed_p85_rep03_seed57.csv,terminal:T13,terminal,1,0.32149,0.09526025632388291,-0.2262297436761171,0.2262297436761171
MDS-SMACOF,85,3,57,MDS_SMACOF_completed_p85_rep03_seed57.csv,internal:T14|T15,internal,2,0.07113,0.009403404145595947,-0.06172659585440405,0.06172659585440405
MDS-SMACOF,85,3,57,MDS_SMACOF_completed_p85_rep03_seed57.csv,terminal:T14,terminal,1,0.34439,0.1240546981262756,-0.22033530187372435,0.22033530187372435
MDS-SMACOF,85,3,57,MDS_SMACOF_completed_p85_rep03_seed57.csv,terminal:T15,terminal,1,0.24256,0.11181709365586674,-0.13074290634413327,0.13074290634413327
MDS-SMACOF,85,4,58,MDS_SMACOF_completed_p85_rep04_seed58.csv,terminal:T1,terminal,1,0.05696,0.0850238584951071,0.028063858495107105,0.028063858495107105
MDS-SMACOF,85,4,58,MDS_SMACOF_completed_p85_rep04_seed58.csv,internal:T2|T3,internal,2,0.03472,0.0,-0.03472,0.03472
MDS-SMACOF,85,4,58,MDS_SMACOF_completed_p85_rep04_seed58.csv,terminal:T2,terminal,1,0.02433,0.08181784134017364,0.05748784134017364,0.05748784134017364
MDS-SMACOF,85,4,58,MDS_SMACOF_completed_p85_rep04_seed58.csv,terminal:T3,terminal,1,0.02231,0.09666184146251382,0.07435184146251382,0.07435184146251382
MDS-SMACOF,85,4,58,MDS_SMACOF_completed_p85_rep04_seed58.csv,internal:T1|T2|T3,internal,3,0.01863,0.02022998528736928,0.0015999852873692794,0.0015999852873692794
MDS-SMACOF,85,4,58,MDS_SMACOF_completed_p85_rep04_seed58.csv,terminal:T4,terminal,1,0.07771,0.03754292332396652,-0.04016707667603348,0.04016707667603348
MDS-SMACOF,85,4,58,MDS_SMACOF_completed_p85_rep04_seed58.csv,internal:T1|T2|T3|T4,internal,4,0.04682,0.0026951806782707843,-0.044124819321729215,0.044124819321729215
MDS-SMACOF,85,4,58,MDS_SMACOF_completed_p85_rep04_seed58.csv,terminal:T5,terminal,1,0.12997,0.10329525063333077,-0.026674749366669234,0.026674749366669234
MDS-SMACOF,85,4,58,MDS_SMACOF_completed_p85_rep04_seed58.csv,internal:T1|T2|T3|T4|T5,internal,5,0.03057,0.0,-0.03057,0.03057
MDS-SMACOF,85,4,58,MDS_SMACOF_completed_p85_rep04_seed58.csv,terminal:T6,terminal,1,0.14605,0.10374946571352912,-0.04230053428647089,0.04230053428647089
MDS-SMACOF,85,4,58,MDS_SMACOF_completed_p85_rep04_seed58.csv,internal:T1|T2|T3|T4|T5|T6,internal,6,0.0721,0.00034403750342778167,-0.07175596249657222,0.07175596249657222
MDS-SMACOF,85,4,58,MDS_SMACOF_completed_p85_rep04_seed58.csv,internal:T10|T7|T8|T9,internal,4,0.08603,0.0,-0.08603,0.08603
MDS-SMACOF,85,4,58,MDS_SMACOF_completed_p85_rep04_seed58.csv,internal:T7|T8|T9,internal,3,0.05128,0.010791447370954858,-0.04048855262904514,0.04048855262904514
MDS-SMACOF,85,4,58,MDS_SMACOF_completed_p85_rep04_seed58.csv,internal:T7|T8,internal,2,0.02354,0.0,-0.02354,0.02354
MDS-SMACOF,85,4,58,MDS_SMACOF_completed_p85_rep04_seed58.csv,terminal:T7,terminal,1,0.11573,0.1063323583604999,-0.009397641639500104,0.009397641639500104
MDS-SMACOF,85,4,58,MDS_SMACOF_completed_p85_rep04_seed58.csv,terminal:T8,terminal,1,0.11535,0.097731173718304,-0.01761882628169599,0.01761882628169599
MDS-SMACOF,85,4,58,MDS_SMACOF_completed_p85_rep04_seed58.csv,terminal:T9,terminal,1,0.12153,0.09412655575916891,-0.02740344424083109,0.02740344424083109
MDS-SMACOF,85,4,58,MDS_SMACOF_completed_p85_rep04_seed58.csv,terminal:T10,terminal,1,0.18189,0.1084502042982664,-0.07343979570173359,0.07343979570173359
MDS-SMACOF,85,4,58,MDS_SMACOF_completed_p85_rep04_seed58.csv,internal:T11|T12|T13|T14|T15,internal,5,0.11651,0.0007107865511281249,-0.11579921344887188,0.11579921344887188
MDS-SMACOF,85,4,58,MDS_SMACOF_completed_p85_rep04_seed58.csv,internal:T11|T12,internal,2,0.22637,0.0026477797861045285,-0.22372222021389546,0.22372222021389546
MDS-SMACOF,85,4,58,MDS_SMACOF_completed_p85_rep04_seed58.csv,terminal:T11,terminal,1,0.16094,0.11038907425279765,-0.05055092574720235,0.05055092574720235
MDS-SMACOF,85,4,58,MDS_SMACOF_completed_p85_rep04_seed58.csv,terminal:T12,terminal,1,0.14942,0.10996678243923985,-0.039453217560760145,0.039453217560760145
MDS-SMACOF,85,4,58,MDS_SMACOF_completed_p85_rep04_seed58.csv,internal:T13|T14|T15,internal,3,0.18561,0.0,-0.18561,0.18561
MDS-SMACOF,85,4,58,MDS_SMACOF_completed_p85_rep04_seed58.csv,terminal:T13,terminal,1,0.32149,0.11503946822000247,-0.20645053177999753,0.20645053177999753
MDS-SMACOF,85,4,58,MDS_SMACOF_completed_p85_rep04_seed58.csv,internal:T14|T15,internal,2,0.07113,0.0,-0.07113,0.07113
MDS-SMACOF,85,4,58,MDS_SMACOF_completed_p85_rep04_seed58.csv,terminal:T14,terminal,1,0.34439,0.11763875988195997,-0.22675124011804,0.22675124011804
MDS-SMACOF,85,4,58,MDS_SMACOF_completed_p85_rep04_seed58.csv,terminal:T15,terminal,1,0.24256,0.1181405132363564,-0.1244194867636436,0.1244194867636436
MDS-SMACOF,85,5,59,MDS_SMACOF_completed_p85_rep05_seed59.csv,terminal:T1,terminal,1,0.05696,0.09195143047205709,0.03499143047205709,0.03499143047205709
MDS-SMACOF,85,5,59,MDS_SMACOF_completed_p85_rep05_seed59.csv,internal:T2|T3,internal,2,0.03472,0.0,-0.03472,0.03472
MDS-SMACOF,85,5,59,MDS_SMACOF_completed_p85_rep05_seed59.csv,terminal:T2,terminal,1,0.02433,0.09609814178188164,0.07176814178188164,0.07176814178188164
MDS-SMACOF,85,5,59,MDS_SMACOF_completed_p85_rep05_seed59.csv,terminal:T3,terminal,1,0.02231,0.10226107444302086,0.07995107444302087,0.07995107444302087
MDS-SMACOF,85,5,59,MDS_SMACOF_completed_p85_rep05_seed59.csv,internal:T1|T2|T3,internal,3,0.01863,0.02444281014666933,0.005812810146669328,0.005812810146669328
MDS-SMACOF,85,5,59,MDS_SMACOF_completed_p85_rep05_seed59.csv,terminal:T4,terminal,1,0.07771,0.12300730227309688,0.045297302273096876,0.045297302273096876
MDS-SMACOF,85,5,59,MDS_SMACOF_completed_p85_rep05_seed59.csv,internal:T1|T2|T3|T4,internal,4,0.04682,0.0,-0.04682,0.04682
MDS-SMACOF,85,5,59,MDS_SMACOF_completed_p85_rep05_seed59.csv,terminal:T5,terminal,1,0.12997,0.12530783489524874,-0.004662165104751259,0.004662165104751259
MDS-SMACOF,85,5,59,MDS_SMACOF_completed_p85_rep05_seed59.csv,internal:T1|T2|T3|T4|T5,internal,5,0.03057,0.0,-0.03057,0.03057
MDS-SMACOF,85,5,59,MDS_SMACOF_completed_p85_rep05_seed59.csv,terminal:T6,terminal,1,0.14605,0.12485129124363296,-0.02119870875636705,0.02119870875636705
MDS-SMACOF,85,5,59,MDS_SMACOF_completed_p85_rep05_seed59.csv,internal:T1|T2|T3|T4|T5|T6,internal,6,0.0721,0.0,-0.0721,0.0721
MDS-SMACOF,85,5,59,MDS_SMACOF_completed_p85_rep05_seed59.csv,internal:T10|T7|T8|T9,internal,4,0.08603,0.0047073219996484564,-0.08132267800035153,0.08132267800035153
MDS-SMACOF,85,5,59,MDS_SMACOF_completed_p85_rep05_seed59.csv,internal:T7|T8|T9,internal,3,0.05128,0.0,-0.05128,0.05128
MDS-SMACOF,85,5,59,MDS_SMACOF_completed_p85_rep05_seed59.csv,internal:T7|T8,internal,2,0.02354,0.0,-0.02354,0.02354
MDS-SMACOF,85,5,59,MDS_SMACOF_completed_p85_rep05_seed59.csv,terminal:T7,terminal,1,0.11573,0.041368389115384374,-0.07436161088461563,0.07436161088461563
MDS-SMACOF,85,5,59,MDS_SMACOF_completed_p85_rep05_seed59.csv,terminal:T8,terminal,1,0.11535,0.11943413047744526,0.004084130477445269,0.004084130477445269
MDS-SMACOF,85,5,59,MDS_SMACOF_completed_p85_rep05_seed59.csv,terminal:T9,terminal,1,0.12153,0.11599561483148023,-0.00553438516851977,0.00553438516851977
MDS-SMACOF,85,5,59,MDS_SMACOF_completed_p85_rep05_seed59.csv,terminal:T10,terminal,1,0.18189,0.11601021695099573,-0.06587978304900427,0.06587978304900427
MDS-SMACOF,85,5,59,MDS_SMACOF_completed_p85_rep05_seed59.csv,internal:T11|T12|T13|T14|T15,internal,5,0.11651,0.00028526996476497754,-0.11622473003523502,0.11622473003523502
MDS-SMACOF,85,5,59,MDS_SMACOF_completed_p85_rep05_seed59.csv,internal:T11|T12,internal,2,0.22637,0.003974061584436676,-0.22239593841556332,0.22239593841556332
MDS-SMACOF,85,5,59,MDS_SMACOF_completed_p85_rep05_seed59.csv,terminal:T11,terminal,1,0.16094,0.12196823080858571,-0.03897176919141429,0.03897176919141429
MDS-SMACOF,85,5,59,MDS_SMACOF_completed_p85_rep05_seed59.csv,terminal:T12,terminal,1,0.14942,0.12519473128261674,-0.024225268717383258,0.024225268717383258
MDS-SMACOF,85,5,59,MDS_SMACOF_completed_p85_rep05_seed59.csv,internal:T13|T14|T15,internal,3,0.18561,0.005907357856690548,-0.17970264214330944,0.17970264214330944
MDS-SMACOF,85,5,59,MDS_SMACOF_completed_p85_rep05_seed59.csv,terminal:T13,terminal,1,0.32149,0.1246655015052532,-0.1968244984947468,0.1968244984947468
MDS-SMACOF,85,5,59,MDS_SMACOF_completed_p85_rep05_seed59.csv,internal:T14|T15,internal,2,0.07113,0.0,-0.07113,0.07113
MDS-SMACOF,85,5,59,MDS_SMACOF_completed_p85_rep05_seed59.csv,terminal:T14,terminal,1,0.34439,0.12595486077019546,-0.2184351392298045,0.2184351392298045
MDS-SMACOF,85,5,59,MDS_SMACOF_completed_p85_rep05_seed59.csv,terminal:T15,terminal,1,0.24256,0.12012408086135512,-0.12243591913864488,0.12243591913864488
MDS-SMACOF,85,6,60,MDS_SMACOF_completed_p85_rep06_seed60.csv,terminal:T1,terminal,1,0.05696,0.10609137555910964,0.04913137555910964,0.04913137555910964
MDS-SMACOF,85,6,60,MDS_SMACOF_completed_p85_rep06_seed60.csv,internal:T2|T3,internal,2,0.03472,0.0007388871078788784,-0.03398111289212112,0.03398111289212112
MDS-SMACOF,85,6,60,MDS_SMACOF_completed_p85_rep06_seed60.csv,terminal:T2,terminal,1,0.02433,0.11711641335129448,0.09278641335129448,0.09278641335129448
MDS-SMACOF,85,6,60,MDS_SMACOF_completed_p85_rep06_seed60.csv,terminal:T3,terminal,1,0.02231,0.11487695988584135,0.09256695988584135,0.09256695988584135
MDS-SMACOF,85,6,60,MDS_SMACOF_completed_p85_rep06_seed60.csv,internal:T1|T2|T3,internal,3,0.01863,0.0,-0.01863,0.01863
MDS-SMACOF,85,6,60,MDS_SMACOF_completed_p85_rep06_seed60.csv,terminal:T4,terminal,1,0.07771,0.0341710027509324,-0.0435389972490676,0.0435389972490676
MDS-SMACOF,85,6,60,MDS_SMACOF_completed_p85_rep06_seed60.csv,internal:T1|T2|T3|T4,internal,4,0.04682,0.0,-0.04682,0.04682
MDS-SMACOF,85,6,60,MDS_SMACOF_completed_p85_rep06_seed60.csv,terminal:T5,terminal,1,0.12997,0.11782216459066167,-0.012147835409338337,0.012147835409338337
MDS-SMACOF,85,6,60,MDS_SMACOF_completed_p85_rep06_seed60.csv,internal:T1|T2|T3|T4|T5,internal,5,0.03057,0.0,-0.03057,0.03057
MDS-SMACOF,85,6,60,MDS_SMACOF_completed_p85_rep06_seed60.csv,terminal:T6,terminal,1,0.14605,0.1060674108641376,-0.03998258913586242,0.03998258913586242
MDS-SMACOF,85,6,60,MDS_SMACOF_completed_p85_rep06_seed60.csv,internal:T1|T2|T3|T4|T5|T6,internal,6,0.0721,0.0,-0.0721,0.0721
MDS-SMACOF,85,6,60,MDS_SMACOF_completed_p85_rep06_seed60.csv,internal:T10|T7|T8|T9,internal,4,0.08603,0.0070023392701606055,-0.07902766072983938,0.07902766072983938
MDS-SMACOF,85,6,60,MDS_SMACOF_completed_p85_rep06_seed60.csv,internal:T7|T8|T9,internal,3,0.05128,0.0049030540233578135,-0.04637694597664219,0.04637694597664219
MDS-SMACOF,85,6,60,MDS_SMACOF_completed_p85_rep06_seed60.csv,internal:T7|T8,internal,2,0.02354,0.0,-0.02354,0.02354
MDS-SMACOF,85,6,60,MDS_SMACOF_completed_p85_rep06_seed60.csv,terminal:T7,terminal,1,0.11573,0.09958211184706452,-0.016147888152935483,0.016147888152935483
MDS-SMACOF,85,6,60,MDS_SMACOF_completed_p85_rep06_seed60.csv,terminal:T8,terminal,1,0.11535,0.027006090358521275,-0.08834390964147872,0.08834390964147872
MDS-SMACOF,85,6,60,MDS_SMACOF_completed_p85_rep06_seed60.csv,terminal:T9,terminal,1,0.12153,0.09843028855929625,-0.023099711440703746,0.023099711440703746
MDS-SMACOF,85,6,60,MDS_SMACOF_completed_p85_rep06_seed60.csv,terminal:T10,terminal,1,0.18189,0.11403836813266077,-0.06785163186733922,0.06785163186733922
MDS-SMACOF,85,6,60,MDS_SMACOF_completed_p85_rep06_seed60.csv,internal:T11|T12|T13|T14|T15,internal,5,0.11651,0.005663242808695623,-0.11084675719130438,0.11084675719130438
MDS-SMACOF,85,6,60,MDS_SMACOF_completed_p85_rep06_seed60.csv,internal:T11|T12,internal,2,0.22637,0.02831937838166796,-0.19805062161833203,0.19805062161833203
MDS-SMACOF,85,6,60,MDS_SMACOF_completed_p85_rep06_seed60.csv,terminal:T11,terminal,1,0.16094,0.08608075328976089,-0.07485924671023911,0.07485924671023911
MDS-SMACOF,85,6,60,MDS_SMACOF_completed_p85_rep06_seed60.csv,terminal:T12,terminal,1,0.14942,0.08690834736176442,-0.06251165263823558,0.06251165263823558
MDS-SMACOF,85,6,60,MDS_SMACOF_completed_p85_rep06_seed60.csv,internal:T13|T14|T15,internal,3,0.18561,0.008158854653183185,-0.1774511453468168,0.1774511453468168
MDS-SMACOF,85,6,60,MDS_SMACOF_completed_p85_rep06_seed60.csv,terminal:T13,terminal,1,0.32149,0.12181126387396764,-0.19967873612603237,0.19967873612603237
MDS-SMACOF,85,6,60,MDS_SMACOF_completed_p85_rep06_seed60.csv,internal:T14|T15,internal,2,0.07113,0.0,-0.07113,0.07113
MDS-SMACOF,85,6,60,MDS_SMACOF_completed_p85_rep06_seed60.csv,terminal:T14,terminal,1,0.34439,0.11154796692127139,-0.23284203307872858,0.23284203307872858
MDS-SMACOF,85,6,60,MDS_SMACOF_completed_p85_rep06_seed60.csv,terminal:T15,terminal,1,0.24256,0.11463082906046522,-0.12792917093953476,0.12792917093953476
MDS-SMACOF,85,7,61,MDS_SMACOF_completed_p85_rep07_seed61.csv,terminal:T1,terminal,1,0.05696,0.10924295132501238,0.052282951325012386,0.052282951325012386
MDS-SMACOF,85,7,61,MDS_SMACOF_completed_p85_rep07_seed61.csv,internal:T2|T3,internal,2,0.03472,0.0,-0.03472,0.03472
MDS-SMACOF,85,7,61,MDS_SMACOF_completed_p85_rep07_seed61.csv,terminal:T2,terminal,1,0.02433,0.11120167067730286,0.08687167067730285,0.08687167067730285
MDS-SMACOF,85,7,61,MDS_SMACOF_completed_p85_rep07_seed61.csv,terminal:T3,terminal,1,0.02231,0.11608078703783425,0.09377078703783426,0.09377078703783426
MDS-SMACOF,85,7,61,MDS_SMACOF_completed_p85_rep07_seed61.csv,internal:T1|T2|T3,internal,3,0.01863,0.0,-0.01863,0.01863
MDS-SMACOF,85,7,61,MDS_SMACOF_completed_p85_rep07_seed61.csv,terminal:T4,terminal,1,0.07771,0.11659095611546665,0.038880956115466644,0.038880956115466644
MDS-SMACOF,85,7,61,MDS_SMACOF_completed_p85_rep07_seed61.csv,internal:T1|T2|T3|T4,internal,4,0.04682,0.0,-0.04682,0.04682
MDS-SMACOF,85,7,61,MDS_SMACOF_completed_p85_rep07_seed61.csv,terminal:T5,terminal,1,0.12997,0.11141345006894027,-0.018556549931059735,0.018556549931059735
MDS-SMACOF,85,7,61,MDS_SMACOF_completed_p85_rep07_seed61.csv,internal:T1|T2|T3|T4|T5,internal,5,0.03057,0.0,-0.03057,0.03057
MDS-SMACOF,85,7,61,MDS_SMACOF_completed_p85_rep07_seed61.csv,terminal:T6,terminal,1,0.14605,0.10779652498626016,-0.03825347501373985,0.03825347501373985
MDS-SMACOF,85,7,61,MDS_SMACOF_completed_p85_rep07_seed61.csv,internal:T1|T2|T3|T4|T5|T6,internal,6,0.0721,0.0,-0.0721,0.0721
MDS-SMACOF,85,7,61,MDS_SMACOF_completed_p85_rep07_seed61.csv,internal:T10|T7|T8|T9,internal,4,0.08603,0.00753036081792656,-0.07849963918207344,0.07849963918207344
MDS-SMACOF,85,7,61,MDS_SMACOF_completed_p85_rep07_seed61.csv,internal:T7|T8|T9,internal,3,0.05128,0.0038716400801951712,-0.04740835991980483,0.04740835991980483
MDS-SMACOF,85,7,61,MDS_SMACOF_completed_p85_rep07_seed61.csv,internal:T7|T8,internal,2,0.02354,0.0,-0.02354,0.02354
MDS-SMACOF,85,7,61,MDS_SMACOF_completed_p85_rep07_seed61.csv,terminal:T7,terminal,1,0.11573,0.09462552021137445,-0.02110447978862555,0.02110447978862555
MDS-SMACOF,85,7,61,MDS_SMACOF_completed_p85_rep07_seed61.csv,terminal:T8,terminal,1,0.11535,0.10623592918823763,-0.009114070811762368,0.009114070811762368
MDS-SMACOF,85,7,61,MDS_SMACOF_completed_p85_rep07_seed61.csv,terminal:T9,terminal,1,0.12153,0.10415051082632412,-0.017379489173675877,0.017379489173675877
MDS-SMACOF,85,7,61,MDS_SMACOF_completed_p85_rep07_seed61.csv,terminal:T10,terminal,1,0.18189,0.11002812774692246,-0.07186187225307754,0.07186187225307754
MDS-SMACOF,85,7,61,MDS_SMACOF_completed_p85_rep07_seed61.csv,internal:T11|T12|T13|T14|T15,internal,5,0.11651,0.003437677248752377,-0.11307232275124762,0.11307232275124762
MDS-SMACOF,85,7,61,MDS_SMACOF_completed_p85_rep07_seed61.csv,internal:T11|T12,internal,2,0.22637,0.03195750361069007,-0.1944124963893099,0.1944124963893099
MDS-SMACOF,85,7,61,MDS_SMACOF_completed_p85_rep07_seed61.csv,terminal:T11,terminal,1,0.16094,0.0880079898361251,-0.0729320101638749,0.0729320101638749
MDS-SMACOF,85,7,61,MDS_SMACOF_completed_p85_rep07_seed61.csv,terminal:T12,terminal,1,0.14942,0.0849811108154002,-0.06443888918459979,0.06443888918459979
MDS-SMACOF,85,7,61,MDS_SMACOF_completed_p85_rep07_seed61.csv,internal:T13|T14|T15,internal,3,0.18561,0.0024482755187052695,-0.18316172448129472,0.18316172448129472
MDS-SMACOF,85,7,61,MDS_SMACOF_completed_p85_rep07_seed61.csv,terminal:T13,terminal,1,0.32149,0.11309819797227547,-0.20839180202772453,0.20839180202772453
MDS-SMACOF,85,7,61,MDS_SMACOF_completed_p85_rep07_seed61.csv,internal:T14|T15,internal,2,0.07113,0.001321230373174787,-0.06980876962682521,0.06980876962682521
MDS-SMACOF,85,7,61,MDS_SMACOF_completed_p85_rep07_seed61.csv,terminal:T14,terminal,1,0.34439,0.1130097763679892,-0.23138022363201077,0.23138022363201077
MDS-SMACOF,85,7,61,MDS_SMACOF_completed_p85_rep07_seed61.csv,terminal:T15,terminal,1,0.24256,0.11582908032291142,-0.12673091967708858,0.12673091967708858
MDS-SMACOF,85,8,62,MDS_SMACOF_completed_p85_rep08_seed62.csv,terminal:T1,terminal,1,0.05696,0.08101812734335541,0.024058127343355412,0.024058127343355412
MDS-SMACOF,85,8,62,MDS_SMACOF_completed_p85_rep08_seed62.csv,internal:T2|T3,internal,2,0.03472,0.0,-0.03472,0.03472
MDS-SMACOF,85,8,62,MDS_SMACOF_completed_p85_rep08_seed62.csv,terminal:T2,terminal,1,0.02433,0.0784611602242599,0.0541311602242599,0.0541311602242599
MDS-SMACOF,85,8,62,MDS_SMACOF_completed_p85_rep08_seed62.csv,terminal:T3,terminal,1,0.02231,0.09480609561472803,0.07249609561472803,0.07249609561472803
MDS-SMACOF,85,8,62,MDS_SMACOF_completed_p85_rep08_seed62.csv,internal:T1|T2|T3,internal,3,0.01863,0.014785317561694825,-0.0038446824383051754,0.0038446824383051754
MDS-SMACOF,85,8,62,MDS_SMACOF_completed_p85_rep08_seed62.csv,terminal:T4,terminal,1,0.07771,0.10563422830211197,0.02792422830211197,0.02792422830211197
MDS-SMACOF,85,8,62,MDS_SMACOF_completed_p85_rep08_seed62.csv,internal:T1|T2|T3|T4,internal,4,0.04682,0.0,-0.04682,0.04682
MDS-SMACOF,85,8,62,MDS_SMACOF_completed_p85_rep08_seed62.csv,terminal:T5,terminal,1,0.12997,0.09672384171872897,-0.03324615828127103,0.03324615828127103
MDS-SMACOF,85,8,62,MDS_SMACOF_completed_p85_rep08_seed62.csv,internal:T1|T2|T3|T4|T5,internal,5,0.03057,0.0,-0.03057,0.03057
MDS-SMACOF,85,8,62,MDS_SMACOF_completed_p85_rep08_seed62.csv,terminal:T6,terminal,1,0.14605,0.09411553616377563,-0.05193446383622438,0.05193446383622438
MDS-SMACOF,85,8,62,MDS_SMACOF_completed_p85_rep08_seed62.csv,internal:T1|T2|T3|T4|T5|T6,internal,6,0.0721,0.006460505017144871,-0.06563949498285512,0.06563949498285512
MDS-SMACOF,85,8,62,MDS_SMACOF_completed_p85_rep08_seed62.csv,internal:T10|T7|T8|T9,internal,4,0.08603,0.0,-0.08603,0.08603
MDS-SMACOF,85,8,62,MDS_SMACOF_completed_p85_rep08_seed62.csv,internal:T7|T8|T9,internal,3,0.05128,0.000368252853959287,-0.050911747146040714,0.050911747146040714
MDS-SMACOF,85,8,62,MDS_SMACOF_completed_p85_rep08_seed62.csv,internal:T7|T8,internal,2,0.02354,0.0,-0.02354,0.02354
MDS-SMACOF,85,8,62,MDS_SMACOF_completed_p85_rep08_seed62.csv,terminal:T7,terminal,1,0.11573,0.10177763009211775,-0.013952369907882248,0.013952369907882248
MDS-SMACOF,85,8,62,MDS_SMACOF_completed_p85_rep08_seed62.csv,terminal:T8,terminal,1,0.11535,0.1082462944832021,-0.007103705516797898,0.007103705516797898
MDS-SMACOF,85,8,62,MDS_SMACOF_completed_p85_rep08_seed62.csv,terminal:T9,terminal,1,0.12153,0.1065405644688707,-0.014989435531129303,0.014989435531129303
MDS-SMACOF,85,8,62,MDS_SMACOF_completed_p85_rep08_seed62.csv,terminal:T10,terminal,1,0.18189,0.10359352351368763,-0.07829647648631237,0.07829647648631237
MDS-SMACOF,85,8,62,MDS_SMACOF_completed_p85_rep08_seed62.csv,internal:T11|T12|T13|T14|T15,internal,5,0.11651,0.006624616657651586,-0.10988538334234842,0.10988538334234842
MDS-SMACOF,85,8,62,MDS_SMACOF_completed_p85_rep08_seed62.csv,internal:T11|T12,internal,2,0.22637,0.019205293536596217,-0.20716470646340376,0.20716470646340376
MDS-SMACOF,85,8,62,MDS_SMACOF_completed_p85_rep08_seed62.csv,terminal:T11,terminal,1,0.16094,0.08846364042860733,-0.07247635957139267,0.07247635957139267
MDS-SMACOF,85,8,62,MDS_SMACOF_completed_p85_rep08_seed62.csv,terminal:T12,terminal,1,0.14942,0.08452546022291797,-0.06489453977708202,0.06489453977708202
MDS-SMACOF,85,8,62,MDS_SMACOF_completed_p85_rep08_seed62.csv,internal:T13|T14|T15,internal,3,0.18561,0.0,-0.18561,0.18561
MDS-SMACOF,85,8,62,MDS_SMACOF_completed_p85_rep08_seed62.csv,terminal:T13,terminal,1,0.32149,0.10594214292217785,-0.21554785707782215,0.21554785707782215
MDS-SMACOF,85,8,62,MDS_SMACOF_completed_p85_rep08_seed62.csv,internal:T14|T15,internal,2,0.07113,0.0,-0.07113,0.07113
MDS-SMACOF,85,8,62,MDS_SMACOF_completed_p85_rep08_seed62.csv,terminal:T14,terminal,1,0.34439,0.1059364497844293,-0.2384535502155707,0.2384535502155707
MDS-SMACOF,85,8,62,MDS_SMACOF_completed_p85_rep08_seed62.csv,terminal:T15,terminal,1,0.24256,0.10499659581272518,-0.1375634041872748,0.1375634041872748
MDS-SMACOF,85,9,63,MDS_SMACOF_completed_p85_rep09_seed63.csv,terminal:T1,terminal,1,0.05696,0.09118468584394387,0.03422468584394388,0.03422468584394388
MDS-SMACOF,85,9,63,MDS_SMACOF_completed_p85_rep09_seed63.csv,internal:T2|T3,internal,2,0.03472,0.0,-0.03472,0.03472
MDS-SMACOF,85,9,63,MDS_SMACOF_completed_p85_rep09_seed63.csv,terminal:T2,terminal,1,0.02433,0.07835815824089745,0.05402815824089745,0.05402815824089745
MDS-SMACOF,85,9,63,MDS_SMACOF_completed_p85_rep09_seed63.csv,terminal:T3,terminal,1,0.02231,0.0942299976673344,0.07191999766733441,0.07191999766733441
MDS-SMACOF,85,9,63,MDS_SMACOF_completed_p85_rep09_seed63.csv,internal:T1|T2|T3,internal,3,0.01863,0.017512639258381767,-0.0011173607416182334,0.0011173607416182334
MDS-SMACOF,85,9,63,MDS_SMACOF_completed_p85_rep09_seed63.csv,terminal:T4,terminal,1,0.07771,0.03153992730785603,-0.046170072692143974,0.046170072692143974
MDS-SMACOF,85,9,63,MDS_SMACOF_completed_p85_rep09_seed63.csv,internal:T1|T2|T3|T4,internal,4,0.04682,0.0,-0.04682,0.04682
MDS-SMACOF,85,9,63,MDS_SMACOF_completed_p85_rep09_seed63.csv,terminal:T5,terminal,1,0.12997,0.1113411571958371,-0.018628842804162896,0.018628842804162896
MDS-SMACOF,85,9,63,MDS_SMACOF_completed_p85_rep09_seed63.csv,internal:T1|T2|T3|T4|T5,internal,5,0.03057,0.0,-0.03057,0.03057
MDS-SMACOF,85,9,63,MDS_SMACOF_completed_p85_rep09_seed63.csv,terminal:T6,terminal,1,0.14605,0.09480719557057439,-0.05124280442942562,0.05124280442942562
MDS-SMACOF,85,9,63,MDS_SMACOF_completed_p85_rep09_seed63.csv,internal:T1|T2|T3|T4|T5|T6,internal,6,0.0721,0.0043435898308848584,-0.06775641016911514,0.06775641016911514
MDS-SMACOF,85,9,63,MDS_SMACOF_completed_p85_rep09_seed63.csv,internal:T10|T7|T8|T9,internal,4,0.08603,0.0020188325525563513,-0.08401116744744365,0.08401116744744365
MDS-SMACOF,85,9,63,MDS_SMACOF_completed_p85_rep09_seed63.csv,internal:T7|T8|T9,internal,3,0.05128,0.0,-0.05128,0.05128
MDS-SMACOF,85,9,63,MDS_SMACOF_completed_p85_rep09_seed63.csv,internal:T7|T8,internal,2,0.02354,0.0,-0.02354,0.02354
MDS-SMACOF,85,9,63,MDS_SMACOF_completed_p85_rep09_seed63.csv,terminal:T7,terminal,1,0.11573,0.10886688865562921,-0.006863111344370787,0.006863111344370787
MDS-SMACOF,85,9,63,MDS_SMACOF_completed_p85_rep09_seed63.csv,terminal:T8,terminal,1,0.11535,0.10720742010713943,-0.00814257989286056,0.00814257989286056
MDS-SMACOF,85,9,63,MDS_SMACOF_completed_p85_rep09_seed63.csv,terminal:T9,terminal,1,0.12153,0.10381472975123511,-0.01771527024876489,0.01771527024876489
MDS-SMACOF,85,9,63,MDS_SMACOF_completed_p85_rep09_seed63.csv,terminal:T10,terminal,1,0.18189,0.10943552037437848,-0.07245447962562152,0.07245447962562152
MDS-SMACOF,85,9,63,MDS_SMACOF_completed_p85_rep09_seed63.csv,internal:T11|T12|T13|T14|T15,internal,5,0.11651,0.0008291848133170984,-0.1156808151866829,0.1156808151866829
MDS-SMACOF,85,9,63,MDS_SMACOF_completed_p85_rep09_seed63.csv,internal:T11|T12,internal,2,0.22637,0.0,-0.22637,0.22637
MDS-SMACOF,85,9,63,MDS_SMACOF_completed_p85_rep09_seed63.csv,terminal:T11,terminal,1,0.16094,0.032223376956015175,-0.12871662304398482,0.12871662304398482
MDS-SMACOF,85,9,63,MDS_SMACOF_completed_p85_rep09_seed63.csv,terminal:T12,terminal,1,0.14942,0.11218889137453852,-0.03723110862546147,0.03723110862546147
MDS-SMACOF,85,9,63,MDS_SMACOF_completed_p85_rep09_seed63.csv,internal:T13|T14|T15,internal,3,0.18561,0.007930815901266453,-0.17767918409873354,0.17767918409873354
MDS-SMACOF,85,9,63,MDS_SMACOF_completed_p85_rep09_seed63.csv,terminal:T13,terminal,1,0.32149,0.10797794665285972,-0.2135120533471403,0.2135120533471403
MDS-SMACOF,85,9,63,MDS_SMACOF_completed_p85_rep09_seed63.csv,internal:T14|T15,internal,2,0.07113,0.0,-0.07113,0.07113
MDS-SMACOF,85,9,63,MDS_SMACOF_completed_p85_rep09_seed63.csv,terminal:T14,terminal,1,0.34439,0.12195822484938654,-0.22243177515061344,0.22243177515061344
MDS-SMACOF,85,9,63,MDS_SMACOF_completed_p85_rep09_seed63.csv,terminal:T15,terminal,1,0.24256,0.11112401217297578,-0.1314359878270242,0.1314359878270242
MDS-SMACOF,85,10,64,MDS_SMACOF_completed_p85_rep10_seed64.csv,terminal:T1,terminal,1,0.05696,0.10953094783596214,0.05257094783596214,0.05257094783596214
MDS-SMACOF,85,10,64,MDS_SMACOF_completed_p85_rep10_seed64.csv,internal:T2|T3,internal,2,0.03472,0.0,-0.03472,0.03472
MDS-SMACOF,85,10,64,MDS_SMACOF_completed_p85_rep10_seed64.csv,terminal:T2,terminal,1,0.02433,0.11215824931597329,0.08782824931597329,0.08782824931597329
MDS-SMACOF,85,10,64,MDS_SMACOF_completed_p85_rep10_seed64.csv,terminal:T3,terminal,1,0.02231,0.11198080679792863,0.08967080679792863,0.08967080679792863
MDS-SMACOF,85,10,64,MDS_SMACOF_completed_p85_rep10_seed64.csv,internal:T1|T2|T3,internal,3,0.01863,0.0,-0.01863,0.01863
MDS-SMACOF,85,10,64,MDS_SMACOF_completed_p85_rep10_seed64.csv,terminal:T4,terminal,1,0.07771,0.11441599754493548,0.036705997544935476,0.036705997544935476
MDS-SMACOF,85,10,64,MDS_SMACOF_completed_p85_rep10_seed64.csv,internal:T1|T2|T3|T4,internal,4,0.04682,0.0,-0.04682,0.04682
MDS-SMACOF,85,10,64,MDS_SMACOF_completed_p85_rep10_seed64.csv,terminal:T5,terminal,1,0.12997,0.11105551978742788,-0.018914480212572124,0.018914480212572124
MDS-SMACOF,85,10,64,MDS_SMACOF_completed_p85_rep10_seed64.csv,internal:T1|T2|T3|T4|T5,internal,5,0.03057,0.0,-0.03057,0.03057
MDS-SMACOF,85,10,64,MDS_SMACOF_completed_p85_rep10_seed64.csv,terminal:T6,terminal,1,0.14605,0.10875310362493044,-0.03729689637506957,0.03729689637506957
MDS-SMACOF,85,10,64,MDS_SMACOF_completed_p85_rep10_seed64.csv,internal:T1|T2|T3|T4|T5|T6,internal,6,0.0721,0.0029569443316907877,-0.06914305566830921,0.06914305566830921
MDS-SMACOF,85,10,64,MDS_SMACOF_completed_p85_rep10_seed64.csv,internal:T10|T7|T8|T9,internal,4,0.08603,0.0,-0.08603,0.08603
MDS-SMACOF,85,10,64,MDS_SMACOF_completed_p85_rep10_seed64.csv,internal:T7|T8|T9,internal,3,0.05128,0.012538761594025822,-0.038741238405974175,0.038741238405974175
MDS-SMACOF,85,10,64,MDS_SMACOF_completed_p85_rep10_seed64.csv,internal:T7|T8,internal,2,0.02354,0.0,-0.02354,0.02354
MDS-SMACOF,85,10,64,MDS_SMACOF_completed_p85_rep10_seed64.csv,terminal:T7,terminal,1,0.11573,0.10005550241288946,-0.015674497587110536,0.015674497587110536
MDS-SMACOF,85,10,64,MDS_SMACOF_completed_p85_rep10_seed64.csv,terminal:T8,terminal,1,0.11535,0.11067562558899975,-0.004674374411000243,0.004674374411000243
MDS-SMACOF,85,10,64,MDS_SMACOF_completed_p85_rep10_seed64.csv,terminal:T9,terminal,1,0.12153,0.09831972078356777,-0.023210279216432234,0.023210279216432234
MDS-SMACOF,85,10,64,MDS_SMACOF_completed_p85_rep10_seed64.csv,terminal:T10,terminal,1,0.18189,0.11435894601447526,-0.06753105398552474,0.06753105398552474
MDS-SMACOF,85,10,64,MDS_SMACOF_completed_p85_rep10_seed64.csv,internal:T11|T12|T13|T14|T15,internal,5,0.11651,0.004118303575403748,-0.11239169642459626,0.11239169642459626
MDS-SMACOF,85,10,64,MDS_SMACOF_completed_p85_rep10_seed64.csv,internal:T11|T12,internal,2,0.22637,0.0018739171506646783,-0.2244960828493353,0.2244960828493353
MDS-SMACOF,85,10,64,MDS_SMACOF_completed_p85_rep10_seed64.csv,terminal:T11,terminal,1,0.16094,0.11824282355331464,-0.04269717644668536,0.04269717644668536
MDS-SMACOF,85,10,64,MDS_SMACOF_completed_p85_rep10_seed64.csv,terminal:T12,terminal,1,0.14942,0.11463492169710651,-0.034785078302893485,0.034785078302893485
MDS-SMACOF,85,10,64,MDS_SMACOF_completed_p85_rep10_seed64.csv,internal:T13|T14|T15,internal,3,0.18561,0.004374245990181017,-0.18123575400981898,0.18123575400981898
MDS-SMACOF,85,10,64,MDS_SMACOF_completed_p85_rep10_seed64.csv,terminal:T13,terminal,1,0.32149,0.11856551449141217,-0.20292448550858783,0.20292448550858783
MDS-SMACOF,85,10,64,MDS_SMACOF_completed_p85_rep10_seed64.csv,internal:T14|T15,internal,2,0.07113,0.0,-0.07113,0.07113
MDS-SMACOF,85,10,64,MDS_SMACOF_completed_p85_rep10_seed64.csv,terminal:T14,terminal,1,0.34439,0.11474401963189093,-0.22964598036810904,0.22964598036810904
MDS-SMACOF,85,10,64,MDS_SMACOF_completed_p85_rep10_seed64.csv,terminal:T15,terminal,1,0.24256,0.11600708375232895,-0.12655291624767107,0.12655291624767107
MDS-SMACOF,85,11,65,MDS_SMACOF_completed_p85_rep11_seed65.csv,terminal:T1,terminal,1,0.05696,0.07657654364407923,0.019616543644079235,0.019616543644079235
MDS-SMACOF,85,11,65,MDS_SMACOF_completed_p85_rep11_seed65.csv,internal:T2|T3,internal,2,0.03472,0.0,-0.03472,0.03472
MDS-SMACOF,85,11,65,MDS_SMACOF_completed_p85_rep11_seed65.csv,terminal:T2,terminal,1,0.02433,0.10746718882894629,0.08313718882894629,0.08313718882894629
MDS-SMACOF,85,11,65,MDS_SMACOF_completed_p85_rep11_seed65.csv,terminal:T3,terminal,1,0.02231,0.08453462868420991,0.062224628684209915,0.062224628684209915
MDS-SMACOF,85,11,65,MDS_SMACOF_completed_p85_rep11_seed65.csv,internal:T1|T2|T3,internal,3,0.01863,0.013533958580303576,-0.005096041419696424,0.005096041419696424
MDS-SMACOF,85,11,65,MDS_SMACOF_completed_p85_rep11_seed65.csv,terminal:T4,terminal,1,0.07771,0.0959940648554655,0.018284064855465493,0.018284064855465493
MDS-SMACOF,85,11,65,MDS_SMACOF_completed_p85_rep11_seed65.csv,internal:T1|T2|T3|T4,internal,4,0.04682,0.0,-0.04682,0.04682
MDS-SMACOF,85,11,65,MDS_SMACOF_completed_p85_rep11_seed65.csv,terminal:T5,terminal,1,0.12997,0.083071965689949,-0.046898034310051004,0.046898034310051004
MDS-SMACOF,85,11,65,MDS_SMACOF_completed_p85_rep11_seed65.csv,internal:T1|T2|T3|T4|T5,internal,5,0.03057,0.0016157027257283746,-0.028954297274271627,0.028954297274271627
MDS-SMACOF,85,11,65,MDS_SMACOF_completed_p85_rep11_seed65.csv,terminal:T6,terminal,1,0.14605,0.10262689778334055,-0.04342310221665946,0.04342310221665946
MDS-SMACOF,85,11,65,MDS_SMACOF_completed_p85_rep11_seed65.csv,internal:T1|T2|T3|T4|T5|T6,internal,6,0.0721,0.007265772255506197,-0.0648342277444938,0.0648342277444938
MDS-SMACOF,85,11,65,MDS_SMACOF_completed_p85_rep11_seed65.csv,internal:T10|T7|T8|T9,internal,4,0.08603,0.0001329353066027934,-0.0858970646933972,0.0858970646933972
MDS-SMACOF,85,11,65,MDS_SMACOF_completed_p85_rep11_seed65.csv,internal:T7|T8|T9,internal,3,0.05128,0.001221730810098287,-0.050058269189901715,0.050058269189901715
MDS-SMACOF,85,11,65,MDS_SMACOF_completed_p85_rep11_seed65.csv,internal:T7|T8,internal,2,0.02354,0.0024130111748193643,-0.021126988825180635,0.021126988825180635
MDS-SMACOF,85,11,65,MDS_SMACOF_completed_p85_rep11_seed65.csv,terminal:T7,terminal,1,0.11573,0.11214985217177205,-0.0035801478282279503,0.0035801478282279503
MDS-SMACOF,85,11,65,MDS_SMACOF_completed_p85_rep11_seed65.csv,terminal:T8,terminal,1,0.11535,0.11545634155957128,0.00010634155957128799,0.00010634155957128799
MDS-SMACOF,85,11,65,MDS_SMACOF_completed_p85_rep11_seed65.csv,terminal:T9,terminal,1,0.12153,0.11352864642286863,-0.008001353577131373,0.008001353577131373
MDS-SMACOF,85,11,65,MDS_SMACOF_completed_p85_rep11_seed65.csv,terminal:T10,terminal,1,0.18189,0.11284245201896538,-0.06904754798103462,0.06904754798103462
MDS-SMACOF,85,11,65,MDS_SMACOF_completed_p85_rep11_seed65.csv,internal:T11|T12|T13|T14|T15,internal,5,0.11651,0.007191027140672204,-0.1093189728593278,0.1093189728593278
MDS-SMACOF,85,11,65,MDS_SMACOF_completed_p85_rep11_seed65.csv,internal:T11|T12,internal,2,0.22637,0.0,-0.22637,0.22637
MDS-SMACOF,85,11,65,MDS_SMACOF_completed_p85_rep11_seed65.csv,terminal:T11,terminal,1,0.16094,0.11099032681126664,-0.04994967318873336,0.04994967318873336
MDS-SMACOF,85,11,65,MDS_SMACOF_completed_p85_rep11_seed65.csv,terminal:T12,terminal,1,0.14942,0.11327491514787069,-0.036145084852129306,0.036145084852129306
MDS-SMACOF,85,11,65,MDS_SMACOF_completed_p85_rep11_seed65.csv,internal:T13|T14|T15,internal,3,0.18561,0.0,-0.18561,0.18561
MDS-SMACOF,85,11,65,MDS_SMACOF_completed_p85_rep11_seed65.csv,terminal:T13,terminal,1,0.32149,0.1168733694748426,-0.20461663052515738,0.20461663052515738
MDS-SMACOF,85,11,65,MDS_SMACOF_completed_p85_rep11_seed65.csv,internal:T14|T15,internal,2,0.07113,0.006063359891260052,-0.06506664010873994,0.06506664010873994
MDS-SMACOF,85,11,65,MDS_SMACOF_completed_p85_rep11_seed65.csv,terminal:T14,terminal,1,0.34439,0.11423405282507289,-0.2301559471749271,0.2301559471749271
MDS-SMACOF,85,11,65,MDS_SMACOF_completed_p85_rep11_seed65.csv,terminal:T15,terminal,1,0.24256,0.11972198970438125,-0.12283801029561875,0.12283801029561875
MDS-SMACOF,85,12,66,MDS_SMACOF_completed_p85_rep12_seed66.csv,terminal:T1,terminal,1,0.05696,0.11642875654236666,0.05946875654236666,0.05946875654236666
MDS-SMACOF,85,12,66,MDS_SMACOF_completed_p85_rep12_seed66.csv,internal:T2|T3,internal,2,0.03472,0.0,-0.03472,0.03472
MDS-SMACOF,85,12,66,MDS_SMACOF_completed_p85_rep12_seed66.csv,terminal:T2,terminal,1,0.02433,0.119053255262387,0.094723255262387,0.094723255262387
MDS-SMACOF,85,12,66,MDS_SMACOF_completed_p85_rep12_seed66.csv,terminal:T3,terminal,1,0.02231,0.11951896545008804,0.09720896545008804,0.09720896545008804
MDS-SMACOF,85,12,66,MDS_SMACOF_completed_p85_rep12_seed66.csv,internal:T1|T2|T3,internal,3,0.01863,0.0,-0.01863,0.01863
MDS-SMACOF,85,12,66,MDS_SMACOF_completed_p85_rep12_seed66.csv,terminal:T4,terminal,1,0.07771,0.11137236169671422,0.033662361696714216,0.033662361696714216
MDS-SMACOF,85,12,66,MDS_SMACOF_completed_p85_rep12_seed66.csv,internal:T1|T2|T3|T4,internal,4,0.04682,0.0,-0.04682,0.04682
MDS-SMACOF,85,12,66,MDS_SMACOF_completed_p85_rep12_seed66.csv,terminal:T5,terminal,1,0.12997,0.11863593525764618,-0.011334064742353822,0.011334064742353822
MDS-SMACOF,85,12,66,MDS_SMACOF_completed_p85_rep12_seed66.csv,internal:T1|T2|T3|T4|T5,internal,5,0.03057,0.0,-0.03057,0.03057
MDS-SMACOF,85,12,66,MDS_SMACOF_completed_p85_rep12_seed66.csv,terminal:T6,terminal,1,0.14605,0.11219590659636745,-0.03385409340363256,0.03385409340363256
MDS-SMACOF,85,12,66,MDS_SMACOF_completed_p85_rep12_seed66.csv,internal:T1|T2|T3|T4|T5|T6,internal,6,0.0721,0.0,-0.0721,0.0721
MDS-SMACOF,85,12,66,MDS_SMACOF_completed_p85_rep12_seed66.csv,internal:T10|T7|T8|T9,internal,4,0.08603,0.0,-0.08603,0.08603
MDS-SMACOF,85,12,66,MDS_SMACOF_completed_p85_rep12_seed66.csv,internal:T7|T8|T9,internal,3,0.05128,0.0,-0.05128,0.05128
MDS-SMACOF,85,12,66,MDS_SMACOF_completed_p85_rep12_seed66.csv,internal:T7|T8,internal,2,0.02354,0.04185041770013344,0.01831041770013344,0.01831041770013344
MDS-SMACOF,85,12,66,MDS_SMACOF_completed_p85_rep12_seed66.csv,terminal:T7,terminal,1,0.11573,0.07303180785840771,-0.04269819214159229,0.04269819214159229
MDS-SMACOF,85,12,66,MDS_SMACOF_completed_p85_rep12_seed66.csv,terminal:T8,terminal,1,0.11535,0.07396988397692027,-0.04138011602307973,0.04138011602307973
MDS-SMACOF,85,12,66,MDS_SMACOF_completed_p85_rep12_seed66.csv,terminal:T9,terminal,1,0.12153,0.1215911291373288,6.112913732879421e-05,6.112913732879421e-05
MDS-SMACOF,85,12,66,MDS_SMACOF_completed_p85_rep12_seed66.csv,terminal:T10,terminal,1,0.18189,0.11981085979074274,-0.062079140209257255,0.062079140209257255
MDS-SMACOF,85,12,66,MDS_SMACOF_completed_p85_rep12_seed66.csv,internal:T11|T12|T13|T14|T15,internal,5,0.11651,0.0,-0.11651,0.11651
MDS-SMACOF,85,12,66,MDS_SMACOF_completed_p85_rep12_seed66.csv,internal:T11|T12,internal,2,0.22637,0.00604119512750004,-0.22032880487249995,0.22032880487249995
MDS-SMACOF,85,12,66,MDS_SMACOF_completed_p85_rep12_seed66.csv,terminal:T11,terminal,1,0.16094,0.11839776629274314,-0.04254223370725686,0.04254223370725686
MDS-SMACOF,85,12,66,MDS_SMACOF_completed_p85_rep12_seed66.csv,terminal:T12,terminal,1,0.14942,0.12021467419192006,-0.02920532580807994,0.02920532580807994
MDS-SMACOF,85,12,66,MDS_SMACOF_completed_p85_rep12_seed66.csv,internal:T13|T14|T15,internal,3,0.18561,0.003974362311174641,-0.18163563768882535,0.18163563768882535
MDS-SMACOF,85,12,66,MDS_SMACOF_completed_p85_rep12_seed66.csv,terminal:T13,terminal,1,0.32149,0.12540448561834744,-0.19608551438165256,0.19608551438165256
MDS-SMACOF,85,12,66,MDS_SMACOF_completed_p85_rep12_seed66.csv,internal:T14|T15,internal,2,0.07113,0.0011812338452262276,-0.06994876615477377,0.06994876615477377
MDS-SMACOF,85,12,66,MDS_SMACOF_completed_p85_rep12_seed66.csv,terminal:T14,terminal,1,0.34439,0.1189434395875856,-0.22544656041241437,0.22544656041241437
MDS-SMACOF,85,12,66,MDS_SMACOF_completed_p85_rep12_seed66.csv,terminal:T15,terminal,1,0.24256,0.11966900089707763,-0.12289099910292237,0.12289099910292237
MDS-SMACOF,85,13,67,MDS_SMACOF_completed_p85_rep13_seed67.csv,terminal:T1,terminal,1,0.05696,0.11720322062481073,0.06024322062481073,0.06024322062481073
MDS-SMACOF,85,13,67,MDS_SMACOF_completed_p85_rep13_seed67.csv,internal:T2|T3,internal,2,0.03472,0.0,-0.03472,0.03472
MDS-SMACOF,85,13,67,MDS_SMACOF_completed_p85_rep13_seed67.csv,terminal:T2,terminal,1,0.02433,0.11068009797981042,0.08635009797981041,0.08635009797981041
MDS-SMACOF,85,13,67,MDS_SMACOF_completed_p85_rep13_seed67.csv,terminal:T3,terminal,1,0.02231,0.11260365586167083,0.09029365586167083,0.09029365586167083
MDS-SMACOF,85,13,67,MDS_SMACOF_completed_p85_rep13_seed67.csv,internal:T1|T2|T3,internal,3,0.01863,0.0,-0.01863,0.01863
MDS-SMACOF,85,13,67,MDS_SMACOF_completed_p85_rep13_seed67.csv,terminal:T4,terminal,1,0.07771,0.11041392145721443,0.03270392145721443,0.03270392145721443
MDS-SMACOF,85,13,67,MDS_SMACOF_completed_p85_rep13_seed67.csv,internal:T1|T2|T3|T4,internal,4,0.04682,0.0,-0.04682,0.04682
MDS-SMACOF,85,13,67,MDS_SMACOF_completed_p85_rep13_seed67.csv,terminal:T5,terminal,1,0.12997,0.10131759082703365,-0.028652409172966353,0.028652409172966353
MDS-SMACOF,85,13,67,MDS_SMACOF_completed_p85_rep13_seed67.csv,internal:T1|T2|T3|T4|T5,internal,5,0.03057,0.007234556295471041,-0.02333544370452896,0.02333544370452896
MDS-SMACOF,85,13,67,MDS_SMACOF_completed_p85_rep13_seed67.csv,terminal:T6,terminal,1,0.14605,0.12013665871741429,-0.025913341282585725,0.025913341282585725
MDS-SMACOF,85,13,67,MDS_SMACOF_completed_p85_rep13_seed67.csv,internal:T1|T2|T3|T4|T5|T6,internal,6,0.0721,0.0,-0.0721,0.0721
MDS-SMACOF,85,13,67,MDS_SMACOF_completed_p85_rep13_seed67.csv,internal:T10|T7|T8|T9,internal,4,0.08603,0.0,-0.08603,0.08603
MDS-SMACOF,85,13,67,MDS_SMACOF_completed_p85_rep13_seed67.csv,internal:T7|T8|T9,internal,3,0.05128,0.01329486187393529,-0.03798513812606471,0.03798513812606471
MDS-SMACOF,85,13,67,MDS_SMACOF_completed_p85_rep13_seed67.csv,internal:T7|T8,internal,2,0.02354,0.0,-0.02354,0.02354
MDS-SMACOF,85,13,67,MDS_SMACOF_completed_p85_rep13_seed67.csv,terminal:T7,terminal,1,0.11573,0.10823050523612474,-0.007499494763875264,0.007499494763875264
MDS-SMACOF,85,13,67,MDS_SMACOF_completed_p85_rep13_seed67.csv,terminal:T8,terminal,1,0.11535,0.0979242673466609,-0.01742573265333909,0.01742573265333909
MDS-SMACOF,85,13,67,MDS_SMACOF_completed_p85_rep13_seed67.csv,terminal:T9,terminal,1,0.12153,0.10990173953399036,-0.011628260466009635,0.011628260466009635
MDS-SMACOF,85,13,67,MDS_SMACOF_completed_p85_rep13_seed67.csv,terminal:T10,terminal,1,0.18189,0.11743464037961837,-0.06445535962038162,0.06445535962038162
MDS-SMACOF,85,13,67,MDS_SMACOF_completed_p85_rep13_seed67.csv,internal:T11|T12|T13|T14|T15,internal,5,0.11651,0.0021494313108662527,-0.11436056868913375,0.11436056868913375
MDS-SMACOF,85,13,67,MDS_SMACOF_completed_p85_rep13_seed67.csv,internal:T11|T12,internal,2,0.22637,0.0005160184726708569,-0.22585398152732913,0.22585398152732913
MDS-SMACOF,85,13,67,MDS_SMACOF_completed_p85_rep13_seed67.csv,terminal:T11,terminal,1,0.16094,0.11885542163620637,-0.04208457836379363,0.04208457836379363
MDS-SMACOF,85,13,67,MDS_SMACOF_completed_p85_rep13_seed67.csv,terminal:T12,terminal,1,0.14942,0.11936685933463428,-0.030053140665365713,0.030053140665365713
MDS-SMACOF,85,13,67,MDS_SMACOF_completed_p85_rep13_seed67.csv,internal:T13|T14|T15,internal,3,0.18561,0.006107009823375771,-0.17950299017662422,0.17950299017662422
MDS-SMACOF,85,13,67,MDS_SMACOF_completed_p85_rep13_seed67.csv,terminal:T13,terminal,1,0.32149,0.12008290008996632,-0.2014070999100337,0.2014070999100337
MDS-SMACOF,85,13,67,MDS_SMACOF_completed_p85_rep13_seed67.csv,internal:T14|T15,internal,2,0.07113,0.0,-0.07113,0.07113
MDS-SMACOF,85,13,67,MDS_SMACOF_completed_p85_rep13_seed67.csv,terminal:T14,terminal,1,0.34439,0.1155755604722495,-0.2288144395277505,0.2288144395277505
MDS-SMACOF,85,13,67,MDS_SMACOF_completed_p85_rep13_seed67.csv,terminal:T15,terminal,1,0.24256,0.12257697909036419,-0.1199830209096358,0.1199830209096358
MDS-SMACOF,85,14,68,MDS_SMACOF_completed_p85_rep14_seed68.csv,terminal:T1,terminal,1,0.05696,0.10964516042583806,0.05268516042583807,0.05268516042583807
MDS-SMACOF,85,14,68,MDS_SMACOF_completed_p85_rep14_seed68.csv,internal:T2|T3,internal,2,0.03472,0.0,-0.03472,0.03472
MDS-SMACOF,85,14,68,MDS_SMACOF_completed_p85_rep14_seed68.csv,terminal:T2,terminal,1,0.02433,0.11649954909096112,0.09216954909096112,0.09216954909096112
MDS-SMACOF,85,14,68,MDS_SMACOF_completed_p85_rep14_seed68.csv,terminal:T3,terminal,1,0.02231,0.11133458096308693,0.08902458096308694,0.08902458096308694
MDS-SMACOF,85,14,68,MDS_SMACOF_completed_p85_rep14_seed68.csv,internal:T1|T2|T3,internal,3,0.01863,0.0,-0.01863,0.01863
MDS-SMACOF,85,14,68,MDS_SMACOF_completed_p85_rep14_seed68.csv,terminal:T4,terminal,1,0.07771,0.11093410381424582,0.033224103814245814,0.033224103814245814
MDS-SMACOF,85,14,68,MDS_SMACOF_completed_p85_rep14_seed68.csv,internal:T1|T2|T3|T4,internal,4,0.04682,0.0,-0.04682,0.04682
MDS-SMACOF,85,14,68,MDS_SMACOF_completed_p85_rep14_seed68.csv,terminal:T5,terminal,1,0.12997,0.11125151141891,-0.01871848858109,0.01871848858109
MDS-SMACOF,85,14,68,MDS_SMACOF_completed_p85_rep14_seed68.csv,internal:T1|T2|T3|T4|T5,internal,5,0.03057,0.0,-0.03057,0.03057
MDS-SMACOF,85,14,68,MDS_SMACOF_completed_p85_rep14_seed68.csv,terminal:T6,terminal,1,0.14605,0.10784420851122958,-0.03820579148877043,0.03820579148877043
MDS-SMACOF,85,14,68,MDS_SMACOF_completed_p85_rep14_seed68.csv,internal:T1|T2|T3|T4|T5|T6,internal,6,0.0721,0.0,-0.0721,0.0721
MDS-SMACOF,85,14,68,MDS_SMACOF_completed_p85_rep14_seed68.csv,internal:T10|T7|T8|T9,internal,4,0.08603,0.0036683602915073155,-0.08236163970849268,0.08236163970849268
MDS-SMACOF,85,14,68,MDS_SMACOF_completed_p85_rep14_seed68.csv,internal:T7|T8|T9,internal,3,0.05128,0.0,-0.05128,0.05128
MDS-SMACOF,85,14,68,MDS_SMACOF_completed_p85_rep14_seed68.csv,internal:T7|T8,internal,2,0.02354,0.038737808600582416,0.015197808600582417,0.015197808600582417
MDS-SMACOF,85,14,68,MDS_SMACOF_completed_p85_rep14_seed68.csv,terminal:T7,terminal,1,0.11573,0.07761635323557041,-0.03811364676442959,0.03811364676442959
MDS-SMACOF,85,14,68,MDS_SMACOF_completed_p85_rep14_seed68.csv,terminal:T8,terminal,1,0.11535,0.06938533859975762,-0.04596466140024237,0.04596466140024237
MDS-SMACOF,85,14,68,MDS_SMACOF_completed_p85_rep14_seed68.csv,terminal:T9,terminal,1,0.12153,0.1121683302273012,-0.009361669772698797,0.009361669772698797
MDS-SMACOF,85,14,68,MDS_SMACOF_completed_p85_rep14_seed68.csv,terminal:T10,terminal,1,0.18189,0.10555421392482557,-0.07633578607517442,0.07633578607517442
MDS-SMACOF,85,14,68,MDS_SMACOF_completed_p85_rep14_seed68.csv,internal:T11|T12|T13|T14|T15,internal,5,0.11651,0.006828166433872622,-0.10968183356612737,0.10968183356612737
MDS-SMACOF,85,14,68,MDS_SMACOF_completed_p85_rep14_seed68.csv,internal:T11|T12,internal,2,0.22637,0.0,-0.22637,0.22637
MDS-SMACOF,85,14,68,MDS_SMACOF_completed_p85_rep14_seed68.csv,terminal:T11,terminal,1,0.16094,0.11181779289000658,-0.04912220710999342,0.04912220710999342
MDS-SMACOF,85,14,68,MDS_SMACOF_completed_p85_rep14_seed68.csv,terminal:T12,terminal,1,0.14942,0.11274835312038169,-0.03667164687961831,0.03667164687961831
MDS-SMACOF,85,14,68,MDS_SMACOF_completed_p85_rep14_seed68.csv,internal:T13|T14|T15,internal,3,0.18561,0.0026848431152453572,-0.18292515688475464,0.18292515688475464
MDS-SMACOF,85,14,68,MDS_SMACOF_completed_p85_rep14_seed68.csv,terminal:T13,terminal,1,0.32149,0.11551378757736191,-0.20597621242263808,0.20597621242263808
MDS-SMACOF,85,14,68,MDS_SMACOF_completed_p85_rep14_seed68.csv,internal:T14|T15,internal,2,0.07113,0.0,-0.07113,0.07113
MDS-SMACOF,85,14,68,MDS_SMACOF_completed_p85_rep14_seed68.csv,terminal:T14,terminal,1,0.34439,0.11592656969605353,-0.22846343030394645,0.22846343030394645
MDS-SMACOF,85,14,68,MDS_SMACOF_completed_p85_rep14_seed68.csv,terminal:T15,terminal,1,0.24256,0.1114497587514691,-0.13111024124853088,0.13111024124853088
MDS-SMACOF,85,15,69,MDS_SMACOF_completed_p85_rep15_seed69.csv,terminal:T1,terminal,1,0.05696,0.11806939265893175,0.061109392658931755,0.061109392658931755
MDS-SMACOF,85,15,69,MDS_SMACOF_completed_p85_rep15_seed69.csv,internal:T2|T3,internal,2,0.03472,0.0,-0.03472,0.03472
MDS-SMACOF,85,15,69,MDS_SMACOF_completed_p85_rep15_seed69.csv,terminal:T2,terminal,1,0.02433,0.11545781861483517,0.09112781861483517,0.09112781861483517
MDS-SMACOF,85,15,69,MDS_SMACOF_completed_p85_rep15_seed69.csv,terminal:T3,terminal,1,0.02231,0.11046537687849307,0.08815537687849308,0.08815537687849308
MDS-SMACOF,85,15,69,MDS_SMACOF_completed_p85_rep15_seed69.csv,internal:T1|T2|T3,internal,3,0.01863,0.0,-0.01863,0.01863
MDS-SMACOF,85,15,69,MDS_SMACOF_completed_p85_rep15_seed69.csv,terminal:T4,terminal,1,0.07771,0.11117008093914443,0.03346008093914443,0.03346008093914443
MDS-SMACOF,85,15,69,MDS_SMACOF_completed_p85_rep15_seed69.csv,internal:T1|T2|T3|T4,internal,4,0.04682,0.0,-0.04682,0.04682
MDS-SMACOF,85,15,69,MDS_SMACOF_completed_p85_rep15_seed69.csv,terminal:T5,terminal,1,0.12997,0.11288096800731891,-0.017089031992681095,0.017089031992681095
MDS-SMACOF,85,15,69,MDS_SMACOF_completed_p85_rep15_seed69.csv,internal:T1|T2|T3|T4|T5,internal,5,0.03057,0.0,-0.03057,0.03057
MDS-SMACOF,85,15,69,MDS_SMACOF_completed_p85_rep15_seed69.csv,terminal:T6,terminal,1,0.14605,0.11003352870342648,-0.03601647129657354,0.03601647129657354
MDS-SMACOF,85,15,69,MDS_SMACOF_completed_p85_rep15_seed69.csv,internal:T1|T2|T3|T4|T5|T6,internal,6,0.0721,0.0005542321706725051,-0.07154576782932749,0.07154576782932749
MDS-SMACOF,85,15,69,MDS_SMACOF_completed_p85_rep15_seed69.csv,internal:T10|T7|T8|T9,internal,4,0.08603,0.0008592113238961821,-0.08517078867610381,0.08517078867610381
MDS-SMACOF,85,15,69,MDS_SMACOF_completed_p85_rep15_seed69.csv,internal:T7|T8|T9,internal,3,0.05128,0.0,-0.05128,0.05128
MDS-SMACOF,85,15,69,MDS_SMACOF_completed_p85_rep15_seed69.csv,internal:T7|T8,internal,2,0.02354,0.0,-0.02354,0.02354
MDS-SMACOF,85,15,69,MDS_SMACOF_completed_p85_rep15_seed69.csv,terminal:T7,terminal,1,0.11573,0.11525280048811089,-0.000477199511889112,0.000477199511889112
MDS-SMACOF,85,15,69,MDS_SMACOF_completed_p85_rep15_seed69.csv,terminal:T8,terminal,1,0.11535,0.1189760524355952,0.0036260524355952034,0.0036260524355952034
MDS-SMACOF,85,15,69,MDS_SMACOF_completed_p85_rep15_seed69.csv,terminal:T9,terminal,1,0.12153,0.11945545240849614,-0.002074547591503856,0.002074547591503856
MDS-SMACOF,85,15,69,MDS_SMACOF_completed_p85_rep15_seed69.csv,terminal:T10,terminal,1,0.18189,0.11930913436599451,-0.06258086563400549,0.06258086563400549
MDS-SMACOF,85,15,69,MDS_SMACOF_completed_p85_rep15_seed69.csv,internal:T11|T12|T13|T14|T15,internal,5,0.11651,0.0017698008338767185,-0.11474019916612328,0.11474019916612328
MDS-SMACOF,85,15,69,MDS_SMACOF_completed_p85_rep15_seed69.csv,internal:T11|T12,internal,2,0.22637,0.0053730391300032725,-0.2209969608699967,0.2209969608699967
MDS-SMACOF,85,15,69,MDS_SMACOF_completed_p85_rep15_seed69.csv,terminal:T11,terminal,1,0.16094,0.12249959453183604,-0.03844040546816396,0.03844040546816396
MDS-SMACOF,85,15,69,MDS_SMACOF_completed_p85_rep15_seed69.csv,terminal:T12,terminal,1,0.14942,0.11399712531726229,-0.03542287468273771,0.03542287468273771
MDS-SMACOF,85,15,69,MDS_SMACOF_completed_p85_rep15_seed69.csv,internal:T13|T14|T15,internal,3,0.18561,0.0,-0.18561,0.18561
MDS-SMACOF,85,15,69,MDS_SMACOF_completed_p85_rep15_seed69.csv,terminal:T13,terminal,1,0.32149,0.12498402099242756,-0.19650597900757244,0.19650597900757244
MDS-SMACOF,85,15,69,MDS_SMACOF_completed_p85_rep15_seed69.csv,internal:T14|T15,internal,2,0.07113,0.0019061447284639205,-0.06922385527153607,0.06922385527153607
MDS-SMACOF,85,15,69,MDS_SMACOF_completed_p85_rep15_seed69.csv,terminal:T14,terminal,1,0.34439,0.1206929196319936,-0.22369708036800637,0.22369708036800637
MDS-SMACOF,85,15,69,MDS_SMACOF_completed_p85_rep15_seed69.csv,terminal:T15,terminal,1,0.24256,0.11580380021710462,-0.12675619978289537,0.12675619978289537
MDS-SMACOF,85,16,70,MDS_SMACOF_completed_p85_rep16_seed70.csv,terminal:T1,terminal,1,0.05696,0.05506113702221696,-0.0018988629777830363,0.0018988629777830363
MDS-SMACOF,85,16,70,MDS_SMACOF_completed_p85_rep16_seed70.csv,internal:T2|T3,internal,2,0.03472,0.0,-0.03472,0.03472
MDS-SMACOF,85,16,70,MDS_SMACOF_completed_p85_rep16_seed70.csv,terminal:T2,terminal,1,0.02433,0.055295208712784295,0.030965208712784294,0.030965208712784294
MDS-SMACOF,85,16,70,MDS_SMACOF_completed_p85_rep16_seed70.csv,terminal:T3,terminal,1,0.02231,0.05432742631168989,0.032017426311689884,0.032017426311689884
MDS-SMACOF,85,16,70,MDS_SMACOF_completed_p85_rep16_seed70.csv,internal:T1|T2|T3,internal,3,0.01863,0.05022844759566971,0.03159844759566971,0.03159844759566971
MDS-SMACOF,85,16,70,MDS_SMACOF_completed_p85_rep16_seed70.csv,terminal:T4,terminal,1,0.07771,0.1146627012659439,0.036952701265943896,0.036952701265943896
MDS-SMACOF,85,16,70,MDS_SMACOF_completed_p85_rep16_seed70.csv,internal:T1|T2|T3|T4,internal,4,0.04682,0.0,-0.04682,0.04682
MDS-SMACOF,85,16,70,MDS_SMACOF_completed_p85_rep16_seed70.csv,terminal:T5,terminal,1,0.12997,0.11844876015074614,-0.011521239849253864,0.011521239849253864
MDS-SMACOF,85,16,70,MDS_SMACOF_completed_p85_rep16_seed70.csv,internal:T1|T2|T3|T4|T5,internal,5,0.03057,0.0,-0.03057,0.03057
MDS-SMACOF,85,16,70,MDS_SMACOF_completed_p85_rep16_seed70.csv,terminal:T6,terminal,1,0.14605,0.1217234938540197,-0.02432650614598031,0.02432650614598031
MDS-SMACOF,85,16,70,MDS_SMACOF_completed_p85_rep16_seed70.csv,internal:T1|T2|T3|T4|T5|T6,internal,6,0.0721,0.0,-0.0721,0.0721
MDS-SMACOF,85,16,70,MDS_SMACOF_completed_p85_rep16_seed70.csv,internal:T10|T7|T8|T9,internal,4,0.08603,0.0,-0.08603,0.08603
MDS-SMACOF,85,16,70,MDS_SMACOF_completed_p85_rep16_seed70.csv,internal:T7|T8|T9,internal,3,0.05128,0.003276379270975561,-0.048003620729024435,0.048003620729024435
MDS-SMACOF,85,16,70,MDS_SMACOF_completed_p85_rep16_seed70.csv,internal:T7|T8,internal,2,0.02354,0.001747647757216715,-0.021792352242783284,0.021792352242783284
MDS-SMACOF,85,16,70,MDS_SMACOF_completed_p85_rep16_seed70.csv,terminal:T7,terminal,1,0.11573,0.11304494526407559,-0.002685054735924411,0.002685054735924411
MDS-SMACOF,85,16,70,MDS_SMACOF_completed_p85_rep16_seed70.csv,terminal:T8,terminal,1,0.11535,0.11636000599246736,0.0010100059924673666,0.0010100059924673666
MDS-SMACOF,85,16,70,MDS_SMACOF_completed_p85_rep16_seed70.csv,terminal:T9,terminal,1,0.12153,0.11900951784667288,-0.0025204821533271193,0.0025204821533271193
MDS-SMACOF,85,16,70,MDS_SMACOF_completed_p85_rep16_seed70.csv,terminal:T10,terminal,1,0.18189,0.0401568630553838,-0.1417331369446162,0.1417331369446162
MDS-SMACOF,85,16,70,MDS_SMACOF_completed_p85_rep16_seed70.csv,internal:T11|T12|T13|T14|T15,internal,5,0.11651,0.008852617948671348,-0.10765738205132866,0.10765738205132866
MDS-SMACOF,85,16,70,MDS_SMACOF_completed_p85_rep16_seed70.csv,internal:T11|T12,internal,2,0.22637,0.0,-0.22637,0.22637
MDS-SMACOF,85,16,70,MDS_SMACOF_completed_p85_rep16_seed70.csv,terminal:T11,terminal,1,0.16094,0.11622687118496598,-0.04471312881503402,0.04471312881503402
MDS-SMACOF,85,16,70,MDS_SMACOF_completed_p85_rep16_seed70.csv,terminal:T12,terminal,1,0.14942,0.11676037252329943,-0.032659627476700565,0.032659627476700565
MDS-SMACOF,85,16,70,MDS_SMACOF_completed_p85_rep16_seed70.csv,internal:T13|T14|T15,internal,3,0.18561,0.0032641675751962844,-0.1823458324248037,0.1823458324248037
MDS-SMACOF,85,16,70,MDS_SMACOF_completed_p85_rep16_seed70.csv,terminal:T13,terminal,1,0.32149,0.11490672080801886,-0.20658327919198113,0.20658327919198113
MDS-SMACOF,85,16,70,MDS_SMACOF_completed_p85_rep16_seed70.csv,internal:T14|T15,internal,2,0.07113,0.004216334364757098,-0.0669136656352429,0.0669136656352429
MDS-SMACOF,85,16,70,MDS_SMACOF_completed_p85_rep16_seed70.csv,terminal:T14,terminal,1,0.34439,0.1300006646462638,-0.21438933535373617,0.21438933535373617
MDS-SMACOF,85,16,70,MDS_SMACOF_completed_p85_rep16_seed70.csv,terminal:T15,terminal,1,0.24256,0.11466155074675122,-0.12789844925324878,0.12789844925324878
MDS-SMACOF,85,17,71,MDS_SMACOF_completed_p85_rep17_seed71.csv,terminal:T1,terminal,1,0.05696,0.08825507134921749,0.031295071349217496,0.031295071349217496
MDS-SMACOF,85,17,71,MDS_SMACOF_completed_p85_rep17_seed71.csv,internal:T2|T3,internal,2,0.03472,0.0,-0.03472,0.03472
MDS-SMACOF,85,17,71,MDS_SMACOF_completed_p85_rep17_seed71.csv,terminal:T2,terminal,1,0.02433,0.07799827371467184,0.05366827371467184,0.05366827371467184
MDS-SMACOF,85,17,71,MDS_SMACOF_completed_p85_rep17_seed71.csv,terminal:T3,terminal,1,0.02231,0.0916876594283525,0.0693776594283525,0.0693776594283525
MDS-SMACOF,85,17,71,MDS_SMACOF_completed_p85_rep17_seed71.csv,internal:T1|T2|T3,internal,3,0.01863,0.01353599056558231,-0.005094009434417691,0.005094009434417691
MDS-SMACOF,85,17,71,MDS_SMACOF_completed_p85_rep17_seed71.csv,terminal:T4,terminal,1,0.07771,0.09370331839078011,0.01599331839078011,0.01599331839078011
MDS-SMACOF,85,17,71,MDS_SMACOF_completed_p85_rep17_seed71.csv,internal:T1|T2|T3|T4,internal,4,0.04682,0.0,-0.04682,0.04682
MDS-SMACOF,85,17,71,MDS_SMACOF_completed_p85_rep17_seed71.csv,terminal:T5,terminal,1,0.12997,0.09821929137755224,-0.03175070862244776,0.03175070862244776
MDS-SMACOF,85,17,71,MDS_SMACOF_completed_p85_rep17_seed71.csv,internal:T1|T2|T3|T4|T5,internal,5,0.03057,0.0057762751230609035,-0.024793724876939097,0.024793724876939097
MDS-SMACOF,85,17,71,MDS_SMACOF_completed_p85_rep17_seed71.csv,terminal:T6,terminal,1,0.14605,0.10073132394295532,-0.04531867605704469,0.04531867605704469
MDS-SMACOF,85,17,71,MDS_SMACOF_completed_p85_rep17_seed71.csv,internal:T1|T2|T3|T4|T5|T6,internal,6,0.0721,0.0023047886524476388,-0.06979521134755236,0.06979521134755236
MDS-SMACOF,85,17,71,MDS_SMACOF_completed_p85_rep17_seed71.csv,internal:T10|T7|T8|T9,internal,4,0.08603,0.0,-0.08603,0.08603
MDS-SMACOF,85,17,71,MDS_SMACOF_completed_p85_rep17_seed71.csv,internal:T7|T8|T9,internal,3,0.05128,0.0,-0.05128,0.05128
MDS-SMACOF,85,17,71,MDS_SMACOF_completed_p85_rep17_seed71.csv,internal:T7|T8,internal,2,0.02354,0.0,-0.02354,0.02354
MDS-SMACOF,85,17,71,MDS_SMACOF_completed_p85_rep17_seed71.csv,terminal:T7,terminal,1,0.11573,0.1155276869448335,-0.00020231305516650588,0.00020231305516650588
MDS-SMACOF,85,17,71,MDS_SMACOF_completed_p85_rep17_seed71.csv,terminal:T8,terminal,1,0.11535,0.03207657853344954,-0.08327342146655045,0.08327342146655045
MDS-SMACOF,85,17,71,MDS_SMACOF_completed_p85_rep17_seed71.csv,terminal:T9,terminal,1,0.12153,0.10442157451428527,-0.01710842548571473,0.01710842548571473
MDS-SMACOF,85,17,71,MDS_SMACOF_completed_p85_rep17_seed71.csv,terminal:T10,terminal,1,0.18189,0.107254434123591,-0.074635565876409,0.074635565876409
MDS-SMACOF,85,17,71,MDS_SMACOF_completed_p85_rep17_seed71.csv,internal:T11|T12|T13|T14|T15,internal,5,0.11651,0.0,-0.11651,0.11651
MDS-SMACOF,85,17,71,MDS_SMACOF_completed_p85_rep17_seed71.csv,internal:T11|T12,internal,2,0.22637,0.006917153900476724,-0.21945284609952326,0.21945284609952326
MDS-SMACOF,85,17,71,MDS_SMACOF_completed_p85_rep17_seed71.csv,terminal:T11,terminal,1,0.16094,0.11339088086462039,-0.04754911913537961,0.04754911913537961
MDS-SMACOF,85,17,71,MDS_SMACOF_completed_p85_rep17_seed71.csv,terminal:T12,terminal,1,0.14942,0.10327002164374023,-0.046149978356259766,0.046149978356259766
MDS-SMACOF,85,17,71,MDS_SMACOF_completed_p85_rep17_seed71.csv,internal:T13|T14|T15,internal,3,0.18561,0.0,-0.18561,0.18561
MDS-SMACOF,85,17,71,MDS_SMACOF_completed_p85_rep17_seed71.csv,terminal:T13,terminal,1,0.32149,0.03207657853344953,-0.28941342146655047,0.28941342146655047
MDS-SMACOF,85,17,71,MDS_SMACOF_completed_p85_rep17_seed71.csv,internal:T14|T15,internal,2,0.07113,0.00846863860843003,-0.06266136139156997,0.06266136139156997
MDS-SMACOF,85,17,71,MDS_SMACOF_completed_p85_rep17_seed71.csv,terminal:T14,terminal,1,0.34439,0.1089115073392053,-0.23547849266079468,0.23547849266079468
MDS-SMACOF,85,17,71,MDS_SMACOF_completed_p85_rep17_seed71.csv,terminal:T15,terminal,1,0.24256,0.11956464997343143,-0.12299535002656857,0.12299535002656857
MDS-SMACOF,85,18,72,MDS_SMACOF_completed_p85_rep18_seed72.csv,terminal:T1,terminal,1,0.05696,0.11313973441284594,0.05617973441284595,0.05617973441284595
MDS-SMACOF,85,18,72,MDS_SMACOF_completed_p85_rep18_seed72.csv,internal:T2|T3,internal,2,0.03472,0.0,-0.03472,0.03472
MDS-SMACOF,85,18,72,MDS_SMACOF_completed_p85_rep18_seed72.csv,terminal:T2,terminal,1,0.02433,0.11221638888576102,0.08788638888576102,0.08788638888576102
MDS-SMACOF,85,18,72,MDS_SMACOF_completed_p85_rep18_seed72.csv,terminal:T3,terminal,1,0.02231,0.11415211394783918,0.09184211394783919,0.09184211394783919
MDS-SMACOF,85,18,72,MDS_SMACOF_completed_p85_rep18_seed72.csv,internal:T1|T2|T3,internal,3,0.01863,0.0,-0.01863,0.01863
MDS-SMACOF,85,18,72,MDS_SMACOF_completed_p85_rep18_seed72.csv,terminal:T4,terminal,1,0.07771,0.121966446054687,0.044256446054686996,0.044256446054686996
MDS-SMACOF,85,18,72,MDS_SMACOF_completed_p85_rep18_seed72.csv,internal:T1|T2|T3|T4,internal,4,0.04682,0.0,-0.04682,0.04682
MDS-SMACOF,85,18,72,MDS_SMACOF_completed_p85_rep18_seed72.csv,terminal:T5,terminal,1,0.12997,0.10809491752702684,-0.021875082472973165,0.021875082472973165
MDS-SMACOF,85,18,72,MDS_SMACOF_completed_p85_rep18_seed72.csv,internal:T1|T2|T3|T4|T5,internal,5,0.03057,0.0,-0.03057,0.03057
MDS-SMACOF,85,18,72,MDS_SMACOF_completed_p85_rep18_seed72.csv,terminal:T6,terminal,1,0.14605,0.10959175050864378,-0.03645824949135623,0.03645824949135623
MDS-SMACOF,85,18,72,MDS_SMACOF_completed_p85_rep18_seed72.csv,internal:T1|T2|T3|T4|T5|T6,internal,6,0.0721,0.0027294718928782664,-0.06937052810712173,0.06937052810712173
MDS-SMACOF,85,18,72,MDS_SMACOF_completed_p85_rep18_seed72.csv,internal:T10|T7|T8|T9,internal,4,0.08603,0.0,-0.08603,0.08603
MDS-SMACOF,85,18,72,MDS_SMACOF_completed_p85_rep18_seed72.csv,internal:T7|T8|T9,internal,3,0.05128,0.0,-0.05128,0.05128
MDS-SMACOF,85,18,72,MDS_SMACOF_completed_p85_rep18_seed72.csv,internal:T7|T8,internal,2,0.02354,0.0,-0.02354,0.02354
MDS-SMACOF,85,18,72,MDS_SMACOF_completed_p85_rep18_seed72.csv,terminal:T7,terminal,1,0.11573,0.118140577930464,0.0024105779304639946,0.0024105779304639946
MDS-SMACOF,85,18,72,MDS_SMACOF_completed_p85_rep18_seed72.csv,terminal:T8,terminal,1,0.11535,0.113731221968007,-0.0016187780319929929,0.0016187780319929929
MDS-SMACOF,85,18,72,MDS_SMACOF_completed_p85_rep18_seed72.csv,terminal:T9,terminal,1,0.12153,0.11572120079035192,-0.00580879920964808,0.00580879920964808
MDS-SMACOF,85,18,72,MDS_SMACOF_completed_p85_rep18_seed72.csv,terminal:T10,terminal,1,0.18189,0.11747887128477555,-0.06441112871522445,0.06441112871522445
MDS-SMACOF,85,18,72,MDS_SMACOF_completed_p85_rep18_seed72.csv,internal:T11|T12|T13|T14|T15,internal,5,0.11651,0.0025984184875963495,-0.11391158151240366,0.11391158151240366
MDS-SMACOF,85,18,72,MDS_SMACOF_completed_p85_rep18_seed72.csv,internal:T11|T12,internal,2,0.22637,0.0011588070224576063,-0.22521119297754238,0.22521119297754238
MDS-SMACOF,85,18,72,MDS_SMACOF_completed_p85_rep18_seed72.csv,terminal:T11,terminal,1,0.16094,0.12142802797062302,-0.03951197202937698,0.03951197202937698
MDS-SMACOF,85,18,72,MDS_SMACOF_completed_p85_rep18_seed72.csv,terminal:T12,terminal,1,0.14942,0.11549895053977445,-0.03392104946022555,0.03392104946022555
MDS-SMACOF,85,18,72,MDS_SMACOF_completed_p85_rep18_seed72.csv,internal:T13|T14|T15,internal,3,0.18561,0.007171721672307105,-0.17843827832769288,0.17843827832769288
MDS-SMACOF,85,18,72,MDS_SMACOF_completed_p85_rep18_seed72.csv,terminal:T13,terminal,1,0.32149,0.11996288435945344,-0.20152711564054654,0.20152711564054654
MDS-SMACOF,85,18,72,MDS_SMACOF_completed_p85_rep18_seed72.csv,internal:T14|T15,internal,2,0.07113,0.0,-0.07113,0.07113
MDS-SMACOF,85,18,72,MDS_SMACOF_completed_p85_rep18_seed72.csv,terminal:T14,terminal,1,0.34439,0.12131776224745361,-0.22307223775254637,0.22307223775254637
MDS-SMACOF,85,18,72,MDS_SMACOF_completed_p85_rep18_seed72.csv,terminal:T15,terminal,1,0.24256,0.11410982115868927,-0.1284501788413107,0.1284501788413107
MDS-SMACOF,85,19,73,MDS_SMACOF_completed_p85_rep19_seed73.csv,terminal:T1,terminal,1,0.05696,0.10251954620327837,0.04555954620327837,0.04555954620327837
MDS-SMACOF,85,19,73,MDS_SMACOF_completed_p85_rep19_seed73.csv,internal:T2|T3,internal,2,0.03472,0.0,-0.03472,0.03472
MDS-SMACOF,85,19,73,MDS_SMACOF_completed_p85_rep19_seed73.csv,terminal:T2,terminal,1,0.02433,0.10602894344852763,0.08169894344852763,0.08169894344852763
MDS-SMACOF,85,19,73,MDS_SMACOF_completed_p85_rep19_seed73.csv,terminal:T3,terminal,1,0.02231,0.10119842747373346,0.07888842747373347,0.07888842747373347
MDS-SMACOF,85,19,73,MDS_SMACOF_completed_p85_rep19_seed73.csv,internal:T1|T2|T3,internal,3,0.01863,0.0,-0.01863,0.01863
MDS-SMACOF,85,19,73,MDS_SMACOF_completed_p85_rep19_seed73.csv,terminal:T4,terminal,1,0.07771,0.10979377233257405,0.03208377233257405,0.03208377233257405
MDS-SMACOF,85,19,73,MDS_SMACOF_completed_p85_rep19_seed73.csv,internal:T1|T2|T3|T4,internal,4,0.04682,0.0,-0.04682,0.04682
MDS-SMACOF,85,19,73,MDS_SMACOF_completed_p85_rep19_seed73.csv,terminal:T5,terminal,1,0.12997,0.09633584300517148,-0.033634156994828524,0.033634156994828524
MDS-SMACOF,85,19,73,MDS_SMACOF_completed_p85_rep19_seed73.csv,internal:T1|T2|T3|T4|T5,internal,5,0.03057,0.0,-0.03057,0.03057
MDS-SMACOF,85,19,73,MDS_SMACOF_completed_p85_rep19_seed73.csv,terminal:T6,terminal,1,0.14605,0.10668487028567114,-0.03936512971432887,0.03936512971432887
MDS-SMACOF,85,19,73,MDS_SMACOF_completed_p85_rep19_seed73.csv,internal:T1|T2|T3|T4|T5|T6,internal,6,0.0721,0.006526678183380993,-0.065573321816619,0.065573321816619
MDS-SMACOF,85,19,73,MDS_SMACOF_completed_p85_rep19_seed73.csv,internal:T10|T7|T8|T9,internal,4,0.08603,0.0009580543201494806,-0.08507194567985052,0.08507194567985052
MDS-SMACOF,85,19,73,MDS_SMACOF_completed_p85_rep19_seed73.csv,internal:T7|T8|T9,internal,3,0.05128,0.0,-0.05128,0.05128
MDS-SMACOF,85,19,73,MDS_SMACOF_completed_p85_rep19_seed73.csv,internal:T7|T8,internal,2,0.02354,0.0,-0.02354,0.02354
MDS-SMACOF,85,19,73,MDS_SMACOF_completed_p85_rep19_seed73.csv,terminal:T7,terminal,1,0.11573,0.10579707614415729,-0.009932923855842712,0.009932923855842712
MDS-SMACOF,85,19,73,MDS_SMACOF_completed_p85_rep19_seed73.csv,terminal:T8,terminal,1,0.11535,0.10864676734578704,-0.006703232654212951,0.006703232654212951
MDS-SMACOF,85,19,73,MDS_SMACOF_completed_p85_rep19_seed73.csv,terminal:T9,terminal,1,0.12153,0.11136570140539392,-0.010164298594606075,0.010164298594606075
MDS-SMACOF,85,19,73,MDS_SMACOF_completed_p85_rep19_seed73.csv,terminal:T10,terminal,1,0.18189,0.10515208316127136,-0.07673791683872863,0.07673791683872863
MDS-SMACOF,85,19,73,MDS_SMACOF_completed_p85_rep19_seed73.csv,internal:T11|T12|T13|T14|T15,internal,5,0.11651,0.002147987682563235,-0.11436201231743677,0.11436201231743677
MDS-SMACOF,85,19,73,MDS_SMACOF_completed_p85_rep19_seed73.csv,internal:T11|T12,internal,2,0.22637,0.028586309751075217,-0.19778369024892478,0.19778369024892478
MDS-SMACOF,85,19,73,MDS_SMACOF_completed_p85_rep19_seed73.csv,terminal:T11,terminal,1,0.16094,0.08928466066141169,-0.07165533933858831,0.07165533933858831
MDS-SMACOF,85,19,73,MDS_SMACOF_completed_p85_rep19_seed73.csv,terminal:T12,terminal,1,0.14942,0.08370443999011366,-0.06571556000988633,0.06571556000988633
MDS-SMACOF,85,19,73,MDS_SMACOF_completed_p85_rep19_seed73.csv,internal:T13|T14|T15,internal,3,0.18561,0.0035714535309825666,-0.18203854646901743,0.18203854646901743
MDS-SMACOF,85,19,73,MDS_SMACOF_completed_p85_rep19_seed73.csv,terminal:T13,terminal,1,0.32149,0.11294519606958327,-0.20854480393041674,0.20854480393041674
MDS-SMACOF,85,19,73,MDS_SMACOF_completed_p85_rep19_seed73.csv,internal:T14|T15,internal,2,0.07113,0.0,-0.07113,0.07113
MDS-SMACOF,85,19,73,MDS_SMACOF_completed_p85_rep19_seed73.csv,terminal:T14,terminal,1,0.34439,0.10528118293529756,-0.2391088170647024,0.2391088170647024
MDS-SMACOF,85,19,73,MDS_SMACOF_completed_p85_rep19_seed73.csv,terminal:T15,terminal,1,0.24256,0.11293398915868917,-0.1296260108413108,0.1296260108413108
MDS-SMACOF,85,20,74,MDS_SMACOF_completed_p85_rep20_seed74.csv,terminal:T1,terminal,1,0.05696,0.11145258745193483,0.05449258745193483,0.05449258745193483
MDS-SMACOF,85,20,74,MDS_SMACOF_completed_p85_rep20_seed74.csv,internal:T2|T3,internal,2,0.03472,0.0,-0.03472,0.03472
MDS-SMACOF,85,20,74,MDS_SMACOF_completed_p85_rep20_seed74.csv,terminal:T2,terminal,1,0.02433,0.09694108825157821,0.0726110882515782,0.0726110882515782
MDS-SMACOF,85,20,74,MDS_SMACOF_completed_p85_rep20_seed74.csv,terminal:T3,terminal,1,0.02231,0.10790229758444574,0.08559229758444574,0.08559229758444574
MDS-SMACOF,85,20,74,MDS_SMACOF_completed_p85_rep20_seed74.csv,internal:T1|T2|T3,internal,3,0.01863,0.0,-0.01863,0.01863
MDS-SMACOF,85,20,74,MDS_SMACOF_completed_p85_rep20_seed74.csv,terminal:T4,terminal,1,0.07771,0.08885116097617375,0.01114116097617375,0.01114116097617375
MDS-SMACOF,85,20,74,MDS_SMACOF_completed_p85_rep20_seed74.csv,internal:T1|T2|T3|T4,internal,4,0.04682,0.0,-0.04682,0.04682
MDS-SMACOF,85,20,74,MDS_SMACOF_completed_p85_rep20_seed74.csv,terminal:T5,terminal,1,0.12997,0.09931418276204317,-0.030655817237956837,0.030655817237956837
MDS-SMACOF,85,20,74,MDS_SMACOF_completed_p85_rep20_seed74.csv,internal:T1|T2|T3|T4|T5,internal,5,0.03057,0.0030765872481001784,-0.027493412751899822,0.027493412751899822
MDS-SMACOF,85,20,74,MDS_SMACOF_completed_p85_rep20_seed74.csv,terminal:T6,terminal,1,0.14605,0.09824619862485105,-0.04780380137514896,0.04780380137514896
MDS-SMACOF,85,20,74,MDS_SMACOF_completed_p85_rep20_seed74.csv,internal:T1|T2|T3|T4|T5|T6,internal,6,0.0721,0.0011910721172064323,-0.07090892788279357,0.07090892788279357
MDS-SMACOF,85,20,74,MDS_SMACOF_completed_p85_rep20_seed74.csv,internal:T10|T7|T8|T9,internal,4,0.08603,0.0012216287984050497,-0.08480837120159494,0.08480837120159494
MDS-SMACOF,85,20,74,MDS_SMACOF_completed_p85_rep20_seed74.csv,internal:T7|T8|T9,internal,3,0.05128,0.00982465753779622,-0.04145534246220378,0.04145534246220378
MDS-SMACOF,85,20,74,MDS_SMACOF_completed_p85_rep20_seed74.csv,internal:T7|T8,internal,2,0.02354,0.0,-0.02354,0.02354
MDS-SMACOF,85,20,74,MDS_SMACOF_completed_p85_rep20_seed74.csv,terminal:T7,terminal,1,0.11573,0.020051916313601887,-0.09567808368639812,0.09567808368639812
MDS-SMACOF,85,20,74,MDS_SMACOF_completed_p85_rep20_seed74.csv,terminal:T8,terminal,1,0.11535,0.11363073202146666,-0.0017192679785333342,0.0017192679785333342
MDS-SMACOF,85,20,74,MDS_SMACOF_completed_p85_rep20_seed74.csv,terminal:T9,terminal,1,0.12153,0.0980193764056091,-0.023510623594390906,0.023510623594390906
MDS-SMACOF,85,20,74,MDS_SMACOF_completed_p85_rep20_seed74.csv,terminal:T10,terminal,1,0.18189,0.11012540935347923,-0.07176459064652077,0.07176459064652077
MDS-SMACOF,85,20,74,MDS_SMACOF_completed_p85_rep20_seed74.csv,internal:T11|T12|T13|T14|T15,internal,5,0.11651,0.0014657156227907994,-0.1150442843772092,0.1150442843772092
MDS-SMACOF,85,20,74,MDS_SMACOF_completed_p85_rep20_seed74.csv,internal:T11|T12,internal,2,0.22637,0.0,-0.22637,0.22637
MDS-SMACOF,85,20,74,MDS_SMACOF_completed_p85_rep20_seed74.csv,terminal:T11,terminal,1,0.16094,0.026947665645528605,-0.1339923343544714,0.1339923343544714
MDS-SMACOF,85,20,74,MDS_SMACOF_completed_p85_rep20_seed74.csv,terminal:T12,terminal,1,0.14942,0.11996522601243052,-0.029454773987569474,0.029454773987569474
MDS-SMACOF,85,20,74,MDS_SMACOF_completed_p85_rep20_seed74.csv,internal:T13|T14|T15,internal,3,0.18561,0.00043279198105120113,-0.1851772080189488,0.1851772080189488
MDS-SMACOF,85,20,74,MDS_SMACOF_completed_p85_rep20_seed74.csv,terminal:T13,terminal,1,0.32149,0.12258173721454224,-0.19890826278545776,0.19890826278545776
MDS-SMACOF,85,20,74,MDS_SMACOF_completed_p85_rep20_seed74.csv,internal:T14|T15,internal,2,0.07113,0.0,-0.07113,0.07113
MDS-SMACOF,85,20,74,MDS_SMACOF_completed_p85_rep20_seed74.csv,terminal:T14,terminal,1,0.34439,0.026648040427877825,-0.31774195957212215,0.31774195957212215
MDS-SMACOF,85,20,74,MDS_SMACOF_completed_p85_rep20_seed74.csv,terminal:T15,terminal,1,0.24256,0.13339482222906296,-0.10916517777093704,0.10916517777093704
MDS-SMACOF,85,21,75,MDS_SMACOF_completed_p85_rep21_seed75.csv,terminal:T1,terminal,1,0.05696,0.11505583138783126,0.05809583138783127,0.05809583138783127
MDS-SMACOF,85,21,75,MDS_SMACOF_completed_p85_rep21_seed75.csv,internal:T2|T3,internal,2,0.03472,0.0,-0.03472,0.03472
MDS-SMACOF,85,21,75,MDS_SMACOF_completed_p85_rep21_seed75.csv,terminal:T2,terminal,1,0.02433,0.11442640590913623,0.09009640590913623,0.09009640590913623
MDS-SMACOF,85,21,75,MDS_SMACOF_completed_p85_rep21_seed75.csv,terminal:T3,terminal,1,0.02231,0.10664818856160707,0.08433818856160707,0.08433818856160707
MDS-SMACOF,85,21,75,MDS_SMACOF_completed_p85_rep21_seed75.csv,internal:T1|T2|T3,internal,3,0.01863,0.0,-0.01863,0.01863
MDS-SMACOF,85,21,75,MDS_SMACOF_completed_p85_rep21_seed75.csv,terminal:T4,terminal,1,0.07771,0.11794178864526857,0.040231788645268565,0.040231788645268565
MDS-SMACOF,85,21,75,MDS_SMACOF_completed_p85_rep21_seed75.csv,internal:T1|T2|T3|T4,internal,4,0.04682,0.0,-0.04682,0.04682
MDS-SMACOF,85,21,75,MDS_SMACOF_completed_p85_rep21_seed75.csv,terminal:T5,terminal,1,0.12997,0.10812188914263639,-0.021848110857363615,0.021848110857363615
MDS-SMACOF,85,21,75,MDS_SMACOF_completed_p85_rep21_seed75.csv,internal:T1|T2|T3|T4|T5,internal,5,0.03057,0.0009748197330139894,-0.029595180266986012,0.029595180266986012
MDS-SMACOF,85,21,75,MDS_SMACOF_completed_p85_rep21_seed75.csv,terminal:T6,terminal,1,0.14605,0.11972894775141822,-0.02632105224858179,0.02632105224858179
MDS-SMACOF,85,21,75,MDS_SMACOF_completed_p85_rep21_seed75.csv,internal:T1|T2|T3|T4|T5|T6,internal,6,0.0721,0.0009429173138244525,-0.07115708268617554,0.07115708268617554
MDS-SMACOF,85,21,75,MDS_SMACOF_completed_p85_rep21_seed75.csv,internal:T10|T7|T8|T9,internal,4,0.08603,0.005520176064014479,-0.08050982393598552,0.08050982393598552
MDS-SMACOF,85,21,75,MDS_SMACOF_completed_p85_rep21_seed75.csv,internal:T7|T8|T9,internal,3,0.05128,0.0057338012829690616,-0.04554619871703094,0.04554619871703094
MDS-SMACOF,85,21,75,MDS_SMACOF_completed_p85_rep21_seed75.csv,internal:T7|T8,internal,2,0.02354,0.0,-0.02354,0.02354
MDS-SMACOF,85,21,75,MDS_SMACOF_completed_p85_rep21_seed75.csv,terminal:T7,terminal,1,0.11573,0.10187477546460307,-0.013855224535396934,0.013855224535396934
MDS-SMACOF,85,21,75,MDS_SMACOF_completed_p85_rep21_seed75.csv,terminal:T8,terminal,1,0.11535,0.10211147153954861,-0.013238528460451385,0.013238528460451385
MDS-SMACOF,85,21,75,MDS_SMACOF_completed_p85_rep21_seed75.csv,terminal:T9,terminal,1,0.12153,0.10532944474461241,-0.01620055525538759,0.01620055525538759
MDS-SMACOF,85,21,75,MDS_SMACOF_completed_p85_rep21_seed75.csv,terminal:T10,terminal,1,0.18189,0.10959502370701577,-0.07229497629298423,0.07229497629298423
MDS-SMACOF,85,21,75,MDS_SMACOF_completed_p85_rep21_seed75.csv,internal:T11|T12|T13|T14|T15,internal,5,0.11651,0.006419541433450666,-0.11009045856654934,0.11009045856654934
MDS-SMACOF,85,21,75,MDS_SMACOF_completed_p85_rep21_seed75.csv,internal:T11|T12,internal,2,0.22637,0.0,-0.22637,0.22637
MDS-SMACOF,85,21,75,MDS_SMACOF_completed_p85_rep21_seed75.csv,terminal:T11,terminal,1,0.16094,0.11254987848138924,-0.04839012151861076,0.04839012151861076
MDS-SMACOF,85,21,75,MDS_SMACOF_completed_p85_rep21_seed75.csv,terminal:T12,terminal,1,0.14942,0.11744425737369303,-0.031975742626306966,0.031975742626306966
MDS-SMACOF,85,21,75,MDS_SMACOF_completed_p85_rep21_seed75.csv,internal:T13|T14|T15,internal,3,0.18561,0.0006145744611342435,-0.18499542553886575,0.18499542553886575
MDS-SMACOF,85,21,75,MDS_SMACOF_completed_p85_rep21_seed75.csv,terminal:T13,terminal,1,0.32149,0.119001841922726,-0.202488158077274,0.202488158077274
MDS-SMACOF,85,21,75,MDS_SMACOF_completed_p85_rep21_seed75.csv,internal:T14|T15,internal,2,0.07113,0.001011316759013395,-0.0701186832409866,0.0701186832409866
MDS-SMACOF,85,21,75,MDS_SMACOF_completed_p85_rep21_seed75.csv,terminal:T14,terminal,1,0.34439,0.11478405702526344,-0.22960594297473652,0.22960594297473652
MDS-SMACOF,85,21,75,MDS_SMACOF_completed_p85_rep21_seed75.csv,terminal:T15,terminal,1,0.24256,0.11835853118846461,-0.12420146881153539,0.12420146881153539
MDS-SMACOF,85,22,76,MDS_SMACOF_completed_p85_rep22_seed76.csv,terminal:T1,terminal,1,0.05696,0.049865874213384946,-0.007094125786615051,0.007094125786615051
MDS-SMACOF,85,22,76,MDS_SMACOF_completed_p85_rep22_seed76.csv,internal:T2|T3,internal,2,0.03472,0.0,-0.03472,0.03472
MDS-SMACOF,85,22,76,MDS_SMACOF_completed_p85_rep22_seed76.csv,terminal:T2,terminal,1,0.02433,0.0643222955085329,0.039992295508532893,0.039992295508532893
MDS-SMACOF,85,22,76,MDS_SMACOF_completed_p85_rep22_seed76.csv,terminal:T3,terminal,1,0.02231,0.04210330015092907,0.01979330015092907,0.01979330015092907
MDS-SMACOF,85,22,76,MDS_SMACOF_completed_p85_rep22_seed76.csv,internal:T1|T2|T3,internal,3,0.01863,0.03553478022126851,0.01690478022126851,0.01690478022126851
MDS-SMACOF,85,22,76,MDS_SMACOF_completed_p85_rep22_seed76.csv,terminal:T4,terminal,1,0.07771,0.10862390405338941,0.03091390405338941,0.03091390405338941
MDS-SMACOF,85,22,76,MDS_SMACOF_completed_p85_rep22_seed76.csv,internal:T1|T2|T3|T4,internal,4,0.04682,0.0,-0.04682,0.04682
MDS-SMACOF,85,22,76,MDS_SMACOF_completed_p85_rep22_seed76.csv,terminal:T5,terminal,1,0.12997,0.09239691353269013,-0.03757308646730988,0.03757308646730988
MDS-SMACOF,85,22,76,MDS_SMACOF_completed_p85_rep22_seed76.csv,internal:T1|T2|T3|T4|T5,internal,5,0.03057,0.0,-0.03057,0.03057
MDS-SMACOF,85,22,76,MDS_SMACOF_completed_p85_rep22_seed76.csv,terminal:T6,terminal,1,0.14605,0.09385225218161516,-0.05219774781838485,0.05219774781838485
MDS-SMACOF,85,22,76,MDS_SMACOF_completed_p85_rep22_seed76.csv,internal:T1|T2|T3|T4|T5|T6,internal,6,0.0721,0.004538233383404638,-0.06756176661659535,0.06756176661659535
MDS-SMACOF,85,22,76,MDS_SMACOF_completed_p85_rep22_seed76.csv,internal:T10|T7|T8|T9,internal,4,0.08603,0.0029622613794134073,-0.08306773862058658,0.08306773862058658
MDS-SMACOF,85,22,76,MDS_SMACOF_completed_p85_rep22_seed76.csv,internal:T7|T8|T9,internal,3,0.05128,0.0,-0.05128,0.05128
MDS-SMACOF,85,22,76,MDS_SMACOF_completed_p85_rep22_seed76.csv,internal:T7|T8,internal,2,0.02354,0.0,-0.02354,0.02354
MDS-SMACOF,85,22,76,MDS_SMACOF_completed_p85_rep22_seed76.csv,terminal:T7,terminal,1,0.11573,0.10590658669021225,-0.009823413309787754,0.009823413309787754
MDS-SMACOF,85,22,76,MDS_SMACOF_completed_p85_rep22_seed76.csv,terminal:T8,terminal,1,0.11535,0.10780893556321597,-0.007541064436784026,0.007541064436784026
MDS-SMACOF,85,22,76,MDS_SMACOF_completed_p85_rep22_seed76.csv,terminal:T9,terminal,1,0.12153,0.09303212777385506,-0.028497872226144944,0.028497872226144944
MDS-SMACOF,85,22,76,MDS_SMACOF_completed_p85_rep22_seed76.csv,terminal:T10,terminal,1,0.18189,0.1003341347176618,-0.0815558652823382,0.0815558652823382
MDS-SMACOF,85,22,76,MDS_SMACOF_completed_p85_rep22_seed76.csv,internal:T11|T12|T13|T14|T15,internal,5,0.11651,0.006376419440816798,-0.11013358055918321,0.11013358055918321
MDS-SMACOF,85,22,76,MDS_SMACOF_completed_p85_rep22_seed76.csv,internal:T11|T12,internal,2,0.22637,0.004553750132865265,-0.22181624986713472,0.22181624986713472
MDS-SMACOF,85,22,76,MDS_SMACOF_completed_p85_rep22_seed76.csv,terminal:T11,terminal,1,0.16094,0.09366588590283041,-0.06727411409716959,0.06727411409716959
MDS-SMACOF,85,22,76,MDS_SMACOF_completed_p85_rep22_seed76.csv,terminal:T12,terminal,1,0.14942,0.07932321474869491,-0.07009678525130508,0.07009678525130508
MDS-SMACOF,85,22,76,MDS_SMACOF_completed_p85_rep22_seed76.csv,internal:T13|T14|T15,internal,3,0.18561,0.004840669134024987,-0.18076933086597502,0.18076933086597502
MDS-SMACOF,85,22,76,MDS_SMACOF_completed_p85_rep22_seed76.csv,terminal:T13,terminal,1,0.32149,0.11208923873257158,-0.2094007612674284,0.2094007612674284
MDS-SMACOF,85,22,76,MDS_SMACOF_completed_p85_rep22_seed76.csv,internal:T14|T15,internal,2,0.07113,0.009366738267859574,-0.061763261732140425,0.061763261732140425
MDS-SMACOF,85,22,76,MDS_SMACOF_completed_p85_rep22_seed76.csv,terminal:T14,terminal,1,0.34439,0.1118279727865995,-0.23256202721340047,0.23256202721340047
MDS-SMACOF,85,22,76,MDS_SMACOF_completed_p85_rep22_seed76.csv,terminal:T15,terminal,1,0.24256,0.1054356224735796,-0.1371243775264204,0.1371243775264204
MDS-SMACOF,85,23,77,MDS_SMACOF_completed_p85_rep23_seed77.csv,terminal:T1,terminal,1,0.05696,0.11679096520597936,0.05983096520597936,0.05983096520597936
MDS-SMACOF,85,23,77,MDS_SMACOF_completed_p85_rep23_seed77.csv,internal:T2|T3,internal,2,0.03472,0.0,-0.03472,0.03472
MDS-SMACOF,85,23,77,MDS_SMACOF_completed_p85_rep23_seed77.csv,terminal:T2,terminal,1,0.02433,0.11727931220733685,0.09294931220733685,0.09294931220733685
MDS-SMACOF,85,23,77,MDS_SMACOF_completed_p85_rep23_seed77.csv,terminal:T3,terminal,1,0.02231,0.11990124013853704,0.09759124013853704,0.09759124013853704
MDS-SMACOF,85,23,77,MDS_SMACOF_completed_p85_rep23_seed77.csv,internal:T1|T2|T3,internal,3,0.01863,0.0,-0.01863,0.01863
MDS-SMACOF,85,23,77,MDS_SMACOF_completed_p85_rep23_seed77.csv,terminal:T4,terminal,1,0.07771,0.11289120814482952,0.035181208144829515,0.035181208144829515
MDS-SMACOF,85,23,77,MDS_SMACOF_completed_p85_rep23_seed77.csv,internal:T1|T2|T3|T4,internal,4,0.04682,0.0,-0.04682,0.04682
MDS-SMACOF,85,23,77,MDS_SMACOF_completed_p85_rep23_seed77.csv,terminal:T5,terminal,1,0.12997,0.11831771795270744,-0.011652282047292559,0.011652282047292559
MDS-SMACOF,85,23,77,MDS_SMACOF_completed_p85_rep23_seed77.csv,internal:T1|T2|T3|T4|T5,internal,5,0.03057,0.0,-0.03057,0.03057
MDS-SMACOF,85,23,77,MDS_SMACOF_completed_p85_rep23_seed77.csv,terminal:T6,terminal,1,0.14605,0.12207010367146119,-0.02397989632853882,0.02397989632853882
MDS-SMACOF,85,23,77,MDS_SMACOF_completed_p85_rep23_seed77.csv,internal:T1|T2|T3|T4|T5|T6,internal,6,0.0721,0.0,-0.0721,0.0721
MDS-SMACOF,85,23,77,MDS_SMACOF_completed_p85_rep23_seed77.csv,internal:T10|T7|T8|T9,internal,4,0.08603,0.0003565193671197637,-0.08567348063288023,0.08567348063288023
MDS-SMACOF,85,23,77,MDS_SMACOF_completed_p85_rep23_seed77.csv,internal:T7|T8|T9,internal,3,0.05128,0.0,-0.05128,0.05128
MDS-SMACOF,85,23,77,MDS_SMACOF_completed_p85_rep23_seed77.csv,internal:T7|T8,internal,2,0.02354,0.0,-0.02354,0.02354
MDS-SMACOF,85,23,77,MDS_SMACOF_completed_p85_rep23_seed77.csv,terminal:T7,terminal,1,0.11573,0.1198313229151161,0.0041013229151160985,0.0041013229151160985
MDS-SMACOF,85,23,77,MDS_SMACOF_completed_p85_rep23_seed77.csv,terminal:T8,terminal,1,0.11535,0.11688667784219826,0.0015366778421982696,0.0015366778421982696
MDS-SMACOF,85,23,77,MDS_SMACOF_completed_p85_rep23_seed77.csv,terminal:T9,terminal,1,0.12153,0.10964766965510091,-0.011882330344899092,0.011882330344899092
MDS-SMACOF,85,23,77,MDS_SMACOF_completed_p85_rep23_seed77.csv,terminal:T10,terminal,1,0.18189,0.11468204242625767,-0.06720795757374233,0.06720795757374233
MDS-SMACOF,85,23,77,MDS_SMACOF_completed_p85_rep23_seed77.csv,internal:T11|T12|T13|T14|T15,internal,5,0.11651,0.0020871369438218755,-0.11442286305617813,0.11442286305617813
MDS-SMACOF,85,23,77,MDS_SMACOF_completed_p85_rep23_seed77.csv,internal:T11|T12,internal,2,0.22637,0.0027485193021582833,-0.2236214806978417,0.2236214806978417
MDS-SMACOF,85,23,77,MDS_SMACOF_completed_p85_rep23_seed77.csv,terminal:T11,terminal,1,0.16094,0.11825541800538561,-0.04268458199461439,0.04268458199461439
MDS-SMACOF,85,23,77,MDS_SMACOF_completed_p85_rep23_seed77.csv,terminal:T12,terminal,1,0.14942,0.12082348813855007,-0.02859651186144993,0.02859651186144993
MDS-SMACOF,85,23,77,MDS_SMACOF_completed_p85_rep23_seed77.csv,internal:T13|T14|T15,internal,3,0.18561,0.0,-0.18561,0.18561
MDS-SMACOF,85,23,77,MDS_SMACOF_completed_p85_rep23_seed77.csv,terminal:T13,terminal,1,0.32149,0.042330845503818514,-0.2791591544961815,0.2791591544961815
MDS-SMACOF,85,23,77,MDS_SMACOF_completed_p85_rep23_seed77.csv,internal:T14|T15,internal,2,0.07113,0.007855866733022274,-0.06327413326697773,0.06327413326697773
MDS-SMACOF,85,23,77,MDS_SMACOF_completed_p85_rep23_seed77.csv,terminal:T14,terminal,1,0.34439,0.11890327726441183,-0.22548672273558815,0.22548672273558815
MDS-SMACOF,85,23,77,MDS_SMACOF_completed_p85_rep23_seed77.csv,terminal:T15,terminal,1,0.24256,0.12017562887952367,-0.12238437112047633,0.12238437112047633
MDS-SMACOF,85,24,78,MDS_SMACOF_completed_p85_rep24_seed78.csv,terminal:T1,terminal,1,0.05696,0.10127287561915908,0.04431287561915909,0.04431287561915909
MDS-SMACOF,85,24,78,MDS_SMACOF_completed_p85_rep24_seed78.csv,internal:T2|T3,internal,2,0.03472,0.0,-0.03472,0.03472
MDS-SMACOF,85,24,78,MDS_SMACOF_completed_p85_rep24_seed78.csv,terminal:T2,terminal,1,0.02433,0.10750425812090866,0.08317425812090866,0.08317425812090866
MDS-SMACOF,85,24,78,MDS_SMACOF_completed_p85_rep24_seed78.csv,terminal:T3,terminal,1,0.02231,0.10443096771661883,0.08212096771661884,0.08212096771661884
MDS-SMACOF,85,24,78,MDS_SMACOF_completed_p85_rep24_seed78.csv,internal:T1|T2|T3,internal,3,0.01863,0.0,-0.01863,0.01863
MDS-SMACOF,85,24,78,MDS_SMACOF_completed_p85_rep24_seed78.csv,terminal:T4,terminal,1,0.07771,0.10136931657762342,0.02365931657762342,0.02365931657762342
MDS-SMACOF,85,24,78,MDS_SMACOF_completed_p85_rep24_seed78.csv,internal:T1|T2|T3|T4,internal,4,0.04682,0.008919823122415753,-0.03790017687758425,0.03790017687758425
MDS-SMACOF,85,24,78,MDS_SMACOF_completed_p85_rep24_seed78.csv,terminal:T5,terminal,1,0.12997,0.11064841182321315,-0.01932158817678685,0.01932158817678685
MDS-SMACOF,85,24,78,MDS_SMACOF_completed_p85_rep24_seed78.csv,internal:T1|T2|T3|T4|T5,internal,5,0.03057,0.0,-0.03057,0.03057
MDS-SMACOF,85,24,78,MDS_SMACOF_completed_p85_rep24_seed78.csv,terminal:T6,terminal,1,0.14605,0.1059744754079002,-0.040075524592099815,0.040075524592099815
MDS-SMACOF,85,24,78,MDS_SMACOF_completed_p85_rep24_seed78.csv,internal:T1|T2|T3|T4|T5|T6,internal,6,0.0721,0.0,-0.0721,0.0721
MDS-SMACOF,85,24,78,MDS_SMACOF_completed_p85_rep24_seed78.csv,internal:T10|T7|T8|T9,internal,4,0.08603,0.002742758827069065,-0.08328724117293093,0.08328724117293093
MDS-SMACOF,85,24,78,MDS_SMACOF_completed_p85_rep24_seed78.csv,internal:T7|T8|T9,internal,3,0.05128,0.0,-0.05128,0.05128
MDS-SMACOF,85,24,78,MDS_SMACOF_completed_p85_rep24_seed78.csv,internal:T7|T8,internal,2,0.02354,0.0,-0.02354,0.02354
MDS-SMACOF,85,24,78,MDS_SMACOF_completed_p85_rep24_seed78.csv,terminal:T7,terminal,1,0.11573,0.11304107488987786,-0.0026889251101221423,0.0026889251101221423
MDS-SMACOF,85,24,78,MDS_SMACOF_completed_p85_rep24_seed78.csv,terminal:T8,terminal,1,0.11535,0.10660025619986413,-0.008749743800135865,0.008749743800135865
MDS-SMACOF,85,24,78,MDS_SMACOF_completed_p85_rep24_seed78.csv,terminal:T9,terminal,1,0.12153,0.11222073340408772,-0.009309266595912274,0.009309266595912274
MDS-SMACOF,85,24,78,MDS_SMACOF_completed_p85_rep24_seed78.csv,terminal:T10,terminal,1,0.18189,0.11053473961695051,-0.07135526038304948,0.07135526038304948
MDS-SMACOF,85,24,78,MDS_SMACOF_completed_p85_rep24_seed78.csv,internal:T11|T12|T13|T14|T15,internal,5,0.11651,0.006709334667066504,-0.10980066533293349,0.10980066533293349
MDS-SMACOF,85,24,78,MDS_SMACOF_completed_p85_rep24_seed78.csv,internal:T11|T12,internal,2,0.22637,0.0,-0.22637,0.22637
MDS-SMACOF,85,24,78,MDS_SMACOF_completed_p85_rep24_seed78.csv,terminal:T11,terminal,1,0.16094,0.11260723053473763,-0.04833276946526237,0.04833276946526237
MDS-SMACOF,85,24,78,MDS_SMACOF_completed_p85_rep24_seed78.csv,terminal:T12,terminal,1,0.14942,0.11141856669508929,-0.03800143330491071,0.03800143330491071
MDS-SMACOF,85,24,78,MDS_SMACOF_completed_p85_rep24_seed78.csv,internal:T13|T14|T15,internal,3,0.18561,0.0,-0.18561,0.18561
MDS-SMACOF,85,24,78,MDS_SMACOF_completed_p85_rep24_seed78.csv,terminal:T13,terminal,1,0.32149,0.117210212076981,-0.20427978792301899,0.20427978792301899
MDS-SMACOF,85,24,78,MDS_SMACOF_completed_p85_rep24_seed78.csv,internal:T14|T15,internal,2,0.07113,0.0023121429391971494,-0.06881785706080285,0.06881785706080285
MDS-SMACOF,85,24,78,MDS_SMACOF_completed_p85_rep24_seed78.csv,terminal:T14,terminal,1,0.34439,0.11574139583495295,-0.228648604165047,0.228648604165047
MDS-SMACOF,85,24,78,MDS_SMACOF_completed_p85_rep24_seed78.csv,terminal:T15,terminal,1,0.24256,0.11234546611586342,-0.13021453388413656,0.13021453388413656
MDS-SMACOF,85,25,79,MDS_SMACOF_completed_p85_rep25_seed79.csv,terminal:T1,terminal,1,0.05696,0.09144350735290774,0.03448350735290774,0.03448350735290774
MDS-SMACOF,85,25,79,MDS_SMACOF_completed_p85_rep25_seed79.csv,internal:T2|T3,internal,2,0.03472,0.0,-0.03472,0.03472
MDS-SMACOF,85,25,79,MDS_SMACOF_completed_p85_rep25_seed79.csv,terminal:T2,terminal,1,0.02433,0.10777464475168878,0.08344464475168878,0.08344464475168878
MDS-SMACOF,85,25,79,MDS_SMACOF_completed_p85_rep25_seed79.csv,terminal:T3,terminal,1,0.02231,0.08884580911927356,0.06653580911927356,0.06653580911927356
MDS-SMACOF,85,25,79,MDS_SMACOF_completed_p85_rep25_seed79.csv,internal:T1|T2|T3,internal,3,0.01863,0.025185184202685888,0.0065551842026858875,0.0065551842026858875
MDS-SMACOF,85,25,79,MDS_SMACOF_completed_p85_rep25_seed79.csv,terminal:T4,terminal,1,0.07771,0.11753596801297485,0.03982596801297485,0.03982596801297485
MDS-SMACOF,85,25,79,MDS_SMACOF_completed_p85_rep25_seed79.csv,internal:T1|T2|T3|T4,internal,4,0.04682,0.0,-0.04682,0.04682
MDS-SMACOF,85,25,79,MDS_SMACOF_completed_p85_rep25_seed79.csv,terminal:T5,terminal,1,0.12997,0.12372543847134336,-0.006244561528656642,0.006244561528656642
MDS-SMACOF,85,25,79,MDS_SMACOF_completed_p85_rep25_seed79.csv,internal:T1|T2|T3|T4|T5,internal,5,0.03057,0.0,-0.03057,0.03057
MDS-SMACOF,85,25,79,MDS_SMACOF_completed_p85_rep25_seed79.csv,terminal:T6,terminal,1,0.14605,0.11325570460496202,-0.03279429539503799,0.03279429539503799
MDS-SMACOF,85,25,79,MDS_SMACOF_completed_p85_rep25_seed79.csv,internal:T1|T2|T3|T4|T5|T6,internal,6,0.0721,9.754797578211426e-05,-0.07200245202421789,0.07200245202421789
MDS-SMACOF,85,25,79,MDS_SMACOF_completed_p85_rep25_seed79.csv,internal:T10|T7|T8|T9,internal,4,0.08603,0.0,-0.08603,0.08603
MDS-SMACOF,85,25,79,MDS_SMACOF_completed_p85_rep25_seed79.csv,internal:T7|T8|T9,internal,3,0.05128,0.0,-0.05128,0.05128
MDS-SMACOF,85,25,79,MDS_SMACOF_completed_p85_rep25_seed79.csv,internal:T7|T8,internal,2,0.02354,0.0,-0.02354,0.02354
MDS-SMACOF,85,25,79,MDS_SMACOF_completed_p85_rep25_seed79.csv,terminal:T7,terminal,1,0.11573,0.11937570254636254,0.003645702546362539,0.003645702546362539
MDS-SMACOF,85,25,79,MDS_SMACOF_completed_p85_rep25_seed79.csv,terminal:T8,terminal,1,0.11535,0.12131436570412062,0.005964365704120622,0.005964365704120622
MDS-SMACOF,85,25,79,MDS_SMACOF_completed_p85_rep25_seed79.csv,terminal:T9,terminal,1,0.12153,0.12364243210125811,0.0021124321012581104,0.0021124321012581104
MDS-SMACOF,85,25,79,MDS_SMACOF_completed_p85_rep25_seed79.csv,terminal:T10,terminal,1,0.18189,0.12632431716403103,-0.055565682835968966,0.055565682835968966
MDS-SMACOF,85,25,79,MDS_SMACOF_completed_p85_rep25_seed79.csv,internal:T11|T12|T13|T14|T15,internal,5,0.11651,0.0031418440518789373,-0.11336815594812107,0.11336815594812107
MDS-SMACOF,85,25,79,MDS_SMACOF_completed_p85_rep25_seed79.csv,internal:T11|T12,internal,2,0.22637,0.0,-0.22637,0.22637
MDS-SMACOF,85,25,79,MDS_SMACOF_completed_p85_rep25_seed79.csv,terminal:T11,terminal,1,0.16094,0.12428157864025695,-0.03665842135974305,0.03665842135974305
MDS-SMACOF,85,25,79,MDS_SMACOF_completed_p85_rep25_seed79.csv,terminal:T12,terminal,1,0.14942,0.12095969612493017,-0.02846030387506983,0.02846030387506983
MDS-SMACOF,85,25,79,MDS_SMACOF_completed_p85_rep25_seed79.csv,internal:T13|T14|T15,internal,3,0.18561,0.007392899484026083,-0.17821710051597392,0.17821710051597392
MDS-SMACOF,85,25,79,MDS_SMACOF_completed_p85_rep25_seed79.csv,terminal:T13,terminal,1,0.32149,0.12384383189084094,-0.19764616810915905,0.19764616810915905
MDS-SMACOF,85,25,79,MDS_SMACOF_completed_p85_rep25_seed79.csv,internal:T14|T15,internal,2,0.07113,0.003582612970206942,-0.06754738702979306,0.06754738702979306
MDS-SMACOF,85,25,79,MDS_SMACOF_completed_p85_rep25_seed79.csv,terminal:T14,terminal,1,0.34439,0.12475337717521524,-0.21963662282478474,0.21963662282478474
MDS-SMACOF,85,25,79,MDS_SMACOF_completed_p85_rep25_seed79.csv,terminal:T15,terminal,1,0.24256,0.11111841460692723,-0.13144158539307277,0.13144158539307277
MDS-SMACOF,85,26,80,MDS_SMACOF_completed_p85_rep26_seed80.csv,terminal:T1,terminal,1,0.05696,0.06113902306623026,0.004179023066230261,0.004179023066230261
MDS-SMACOF,85,26,80,MDS_SMACOF_completed_p85_rep26_seed80.csv,internal:T2|T3,internal,2,0.03472,0.0,-0.03472,0.03472
MDS-SMACOF,85,26,80,MDS_SMACOF_completed_p85_rep26_seed80.csv,terminal:T2,terminal,1,0.02433,0.05164900389034477,0.027319003890344768,0.027319003890344768
MDS-SMACOF,85,26,80,MDS_SMACOF_completed_p85_rep26_seed80.csv,terminal:T3,terminal,1,0.02231,0.07349508844374546,0.05118508844374546,0.05118508844374546
MDS-SMACOF,85,26,80,MDS_SMACOF_completed_p85_rep26_seed80.csv,internal:T1|T2|T3,internal,3,0.01863,0.0,-0.01863,0.01863
MDS-SMACOF,85,26,80,MDS_SMACOF_completed_p85_rep26_seed80.csv,terminal:T4,terminal,1,0.07771,0.06326743069449953,-0.014442569305500474,0.014442569305500474
MDS-SMACOF,85,26,80,MDS_SMACOF_completed_p85_rep26_seed80.csv,internal:T1|T2|T3|T4,internal,4,0.04682,0.0192086519556492,-0.0276113480443508,0.0276113480443508
MDS-SMACOF,85,26,80,MDS_SMACOF_completed_p85_rep26_seed80.csv,terminal:T5,terminal,1,0.12997,0.07294356286297252,-0.057026437137027486,0.057026437137027486
MDS-SMACOF,85,26,80,MDS_SMACOF_completed_p85_rep26_seed80.csv,internal:T1|T2|T3|T4|T5,internal,5,0.03057,0.0,-0.03057,0.03057
MDS-SMACOF,85,26,80,MDS_SMACOF_completed_p85_rep26_seed80.csv,terminal:T6,terminal,1,0.14605,0.1035857640356126,-0.042464235964387406,0.042464235964387406
MDS-SMACOF,85,26,80,MDS_SMACOF_completed_p85_rep26_seed80.csv,internal:T1|T2|T3|T4|T5|T6,internal,6,0.0721,0.01036123837255676,-0.06173876162744324,0.06173876162744324
MDS-SMACOF,85,26,80,MDS_SMACOF_completed_p85_rep26_seed80.csv,internal:T10|T7|T8|T9,internal,4,0.08603,0.0026832695814017157,-0.08334673041859827,0.08334673041859827
MDS-SMACOF,85,26,80,MDS_SMACOF_completed_p85_rep26_seed80.csv,internal:T7|T8|T9,internal,3,0.05128,0.0,-0.05128,0.05128
MDS-SMACOF,85,26,80,MDS_SMACOF_completed_p85_rep26_seed80.csv,internal:T7|T8,internal,2,0.02354,0.0,-0.02354,0.02354
MDS-SMACOF,85,26,80,MDS_SMACOF_completed_p85_rep26_seed80.csv,terminal:T7,terminal,1,0.11573,0.10114296586860116,-0.014587034131398835,0.014587034131398835
MDS-SMACOF,85,26,80,MDS_SMACOF_completed_p85_rep26_seed80.csv,terminal:T8,terminal,1,0.11535,0.09788614475422788,-0.01746385524577211,0.01746385524577211
MDS-SMACOF,85,26,80,MDS_SMACOF_completed_p85_rep26_seed80.csv,terminal:T9,terminal,1,0.12153,0.1083816867172154,-0.013148313282784596,0.013148313282784596
MDS-SMACOF,85,26,80,MDS_SMACOF_completed_p85_rep26_seed80.csv,terminal:T10,terminal,1,0.18189,0.10467823394528684,-0.07721176605471315,0.07721176605471315
MDS-SMACOF,85,26,80,MDS_SMACOF_completed_p85_rep26_seed80.csv,internal:T11|T12|T13|T14|T15,internal,5,0.11651,0.0026673538316453406,-0.11384264616835466,0.11384264616835466
MDS-SMACOF,85,26,80,MDS_SMACOF_completed_p85_rep26_seed80.csv,internal:T11|T12,internal,2,0.22637,0.010546303923704852,-0.21582369607629515,0.21582369607629515
MDS-SMACOF,85,26,80,MDS_SMACOF_completed_p85_rep26_seed80.csv,terminal:T11,terminal,1,0.16094,0.10793331204613306,-0.05300668795386694,0.05300668795386694
MDS-SMACOF,85,26,80,MDS_SMACOF_completed_p85_rep26_seed80.csv,terminal:T12,terminal,1,0.14942,0.1031965196686784,-0.04622348033132159,0.04622348033132159
MDS-SMACOF,85,26,80,MDS_SMACOF_completed_p85_rep26_seed80.csv,internal:T13|T14|T15,internal,3,0.18561,0.003014226624542923,-0.18259577337545707,0.18259577337545707
MDS-SMACOF,85,26,80,MDS_SMACOF_completed_p85_rep26_seed80.csv,terminal:T13,terminal,1,0.32149,0.024244064610539042,-0.297245935389461,0.297245935389461
MDS-SMACOF,85,26,80,MDS_SMACOF_completed_p85_rep26_seed80.csv,internal:T14|T15,internal,2,0.07113,0.0,-0.07113,0.07113
MDS-SMACOF,85,26,80,MDS_SMACOF_completed_p85_rep26_seed80.csv,terminal:T14,terminal,1,0.34439,0.14373982506096283,-0.20065017493903714,0.20065017493903714
MDS-SMACOF,85,26,80,MDS_SMACOF_completed_p85_rep26_seed80.csv,terminal:T15,terminal,1,0.24256,0.02424406461053904,-0.21831593538946095,0.21831593538946095
MDS-SMACOF,85,27,81,MDS_SMACOF_completed_p85_rep27_seed81.csv,terminal:T1,terminal,1,0.05696,0.09578132024686814,0.03882132024686814,0.03882132024686814
MDS-SMACOF,85,27,81,MDS_SMACOF_completed_p85_rep27_seed81.csv,internal:T2|T3,internal,2,0.03472,0.0,-0.03472,0.03472
MDS-SMACOF,85,27,81,MDS_SMACOF_completed_p85_rep27_seed81.csv,terminal:T2,terminal,1,0.02433,0.1164422436778384,0.09211224367783839,0.09211224367783839
MDS-SMACOF,85,27,81,MDS_SMACOF_completed_p85_rep27_seed81.csv,terminal:T3,terminal,1,0.02231,0.11120072331571883,0.08889072331571883,0.08889072331571883
MDS-SMACOF,85,27,81,MDS_SMACOF_completed_p85_rep27_seed81.csv,internal:T1|T2|T3,internal,3,0.01863,0.0,-0.01863,0.01863
MDS-SMACOF,85,27,81,MDS_SMACOF_completed_p85_rep27_seed81.csv,terminal:T4,terminal,1,0.07771,0.10133419716333701,0.02362419716333701,0.02362419716333701
MDS-SMACOF,85,27,81,MDS_SMACOF_completed_p85_rep27_seed81.csv,internal:T1|T2|T3|T4,internal,4,0.04682,0.004784836363765008,-0.042035163636234996,0.042035163636234996
MDS-SMACOF,85,27,81,MDS_SMACOF_completed_p85_rep27_seed81.csv,terminal:T5,terminal,1,0.12997,0.1156988302964633,-0.014271169703536701,0.014271169703536701
MDS-SMACOF,85,27,81,MDS_SMACOF_completed_p85_rep27_seed81.csv,internal:T1|T2|T3|T4|T5,internal,5,0.03057,0.0,-0.03057,0.03057
MDS-SMACOF,85,27,81,MDS_SMACOF_completed_p85_rep27_seed81.csv,terminal:T6,terminal,1,0.14605,0.11306664573486498,-0.03298335426513503,0.03298335426513503
MDS-SMACOF,85,27,81,MDS_SMACOF_completed_p85_rep27_seed81.csv,internal:T1|T2|T3|T4|T5|T6,internal,6,0.0721,0.004498480150008105,-0.0676015198499919,0.0676015198499919
MDS-SMACOF,85,27,81,MDS_SMACOF_completed_p85_rep27_seed81.csv,internal:T10|T7|T8|T9,internal,4,0.08603,0.0030775421306695858,-0.0829524578693304,0.0829524578693304
MDS-SMACOF,85,27,81,MDS_SMACOF_completed_p85_rep27_seed81.csv,internal:T7|T8|T9,internal,3,0.05128,0.0,-0.05128,0.05128
MDS-SMACOF,85,27,81,MDS_SMACOF_completed_p85_rep27_seed81.csv,internal:T7|T8,internal,2,0.02354,0.0,-0.02354,0.02354
MDS-SMACOF,85,27,81,MDS_SMACOF_completed_p85_rep27_seed81.csv,terminal:T7,terminal,1,0.11573,0.10971790292149869,-0.006012097078501311,0.006012097078501311
MDS-SMACOF,85,27,81,MDS_SMACOF_completed_p85_rep27_seed81.csv,terminal:T8,terminal,1,0.11535,0.11575029744099055,0.0004002974409905574,0.0004002974409905574
MDS-SMACOF,85,27,81,MDS_SMACOF_completed_p85_rep27_seed81.csv,terminal:T9,terminal,1,0.12153,0.11146205728348413,-0.01006794271651587,0.01006794271651587
MDS-SMACOF,85,27,81,MDS_SMACOF_completed_p85_rep27_seed81.csv,terminal:T10,terminal,1,0.18189,0.11567545168259262,-0.06621454831740738,0.06621454831740738
MDS-SMACOF,85,27,81,MDS_SMACOF_completed_p85_rep27_seed81.csv,internal:T11|T12|T13|T14|T15,internal,5,0.11651,0.0029776308455727886,-0.11353236915442722,0.11353236915442722
MDS-SMACOF,85,27,81,MDS_SMACOF_completed_p85_rep27_seed81.csv,internal:T11|T12,internal,2,0.22637,0.03254350007353403,-0.19382649992646594,0.19382649992646594
MDS-SMACOF,85,27,81,MDS_SMACOF_completed_p85_rep27_seed81.csv,terminal:T11,terminal,1,0.16094,0.0874764311353962,-0.0734635688646038,0.0734635688646038
MDS-SMACOF,85,27,81,MDS_SMACOF_completed_p85_rep27_seed81.csv,terminal:T12,terminal,1,0.14942,0.08551266951612911,-0.06390733048387089,0.06390733048387089
MDS-SMACOF,85,27,81,MDS_SMACOF_completed_p85_rep27_seed81.csv,internal:T13|T14|T15,internal,3,0.18561,0.0035894627522832,-0.1820205372477168,0.1820205372477168
MDS-SMACOF,85,27,81,MDS_SMACOF_completed_p85_rep27_seed81.csv,terminal:T13,terminal,1,0.32149,0.11679286987536903,-0.20469713012463098,0.20469713012463098
MDS-SMACOF,85,27,81,MDS_SMACOF_completed_p85_rep27_seed81.csv,internal:T14|T15,internal,2,0.07113,0.0,-0.07113,0.07113
MDS-SMACOF,85,27,81,MDS_SMACOF_completed_p85_rep27_seed81.csv,terminal:T14,terminal,1,0.34439,0.11484064206458833,-0.22954935793541165,0.22954935793541165
MDS-SMACOF,85,27,81,MDS_SMACOF_completed_p85_rep27_seed81.csv,terminal:T15,terminal,1,0.24256,0.12005909948315593,-0.12250090051684406,0.12250090051684406
MDS-SMACOF,85,28,82,MDS_SMACOF_completed_p85_rep28_seed82.csv,terminal:T1,terminal,1,0.05696,0.10168693886582451,0.04472693886582452,0.04472693886582452
MDS-SMACOF,85,28,82,MDS_SMACOF_completed_p85_rep28_seed82.csv,internal:T2|T3,internal,2,0.03472,0.0,-0.03472,0.03472
MDS-SMACOF,85,28,82,MDS_SMACOF_completed_p85_rep28_seed82.csv,terminal:T2,terminal,1,0.02433,0.10964632986538926,0.08531632986538926,0.08531632986538926
MDS-SMACOF,85,28,82,MDS_SMACOF_completed_p85_rep28_seed82.csv,terminal:T3,terminal,1,0.02231,0.11205778928245286,0.08974778928245286,0.08974778928245286
MDS-SMACOF,85,28,82,MDS_SMACOF_completed_p85_rep28_seed82.csv,internal:T1|T2|T3,internal,3,0.01863,0.0,-0.01863,0.01863
MDS-SMACOF,85,28,82,MDS_SMACOF_completed_p85_rep28_seed82.csv,terminal:T4,terminal,1,0.07771,0.09451668721428953,0.01680668721428953,0.01680668721428953
MDS-SMACOF,85,28,82,MDS_SMACOF_completed_p85_rep28_seed82.csv,internal:T1|T2|T3|T4,internal,4,0.04682,0.013356555504405664,-0.03346344449559434,0.03346344449559434
MDS-SMACOF,85,28,82,MDS_SMACOF_completed_p85_rep28_seed82.csv,terminal:T5,terminal,1,0.12997,0.11181278021516368,-0.018157219784836323,0.018157219784836323
MDS-SMACOF,85,28,82,MDS_SMACOF_completed_p85_rep28_seed82.csv,internal:T1|T2|T3|T4|T5,internal,5,0.03057,0.00020285557446832365,-0.030367144425531678,0.030367144425531678
MDS-SMACOF,85,28,82,MDS_SMACOF_completed_p85_rep28_seed82.csv,terminal:T6,terminal,1,0.14605,0.11281406695994146,-0.03323593304005855,0.03323593304005855
MDS-SMACOF,85,28,82,MDS_SMACOF_completed_p85_rep28_seed82.csv,internal:T1|T2|T3|T4|T5|T6,internal,6,0.0721,2.5385559583239245e-05,-0.07207461444041675,0.07207461444041675
MDS-SMACOF,85,28,82,MDS_SMACOF_completed_p85_rep28_seed82.csv,internal:T10|T7|T8|T9,internal,4,0.08603,0.004717182971827111,-0.08131281702817289,0.08131281702817289
MDS-SMACOF,85,28,82,MDS_SMACOF_completed_p85_rep28_seed82.csv,internal:T7|T8|T9,internal,3,0.05128,0.0,-0.05128,0.05128
MDS-SMACOF,85,28,82,MDS_SMACOF_completed_p85_rep28_seed82.csv,internal:T7|T8,internal,2,0.02354,0.03171463114647895,0.008174631146478949,0.008174631146478949
MDS-SMACOF,85,28,82,MDS_SMACOF_completed_p85_rep28_seed82.csv,terminal:T7,terminal,1,0.11573,0.07396311552704854,-0.04176688447295146,0.04176688447295146
MDS-SMACOF,85,28,82,MDS_SMACOF_completed_p85_rep28_seed82.csv,terminal:T8,terminal,1,0.11535,0.07303857630827956,-0.04231142369172043,0.04231142369172043
MDS-SMACOF,85,28,82,MDS_SMACOF_completed_p85_rep28_seed82.csv,terminal:T9,terminal,1,0.12153,0.11134529746055362,-0.01018470253944638,0.01018470253944638
MDS-SMACOF,85,28,82,MDS_SMACOF_completed_p85_rep28_seed82.csv,terminal:T10,terminal,1,0.18189,0.1040305186860641,-0.0778594813139359,0.0778594813139359
MDS-SMACOF,85,28,82,MDS_SMACOF_completed_p85_rep28_seed82.csv,internal:T11|T12|T13|T14|T15,internal,5,0.11651,0.0016921170956807395,-0.11481788290431927,0.11481788290431927
MDS-SMACOF,85,28,82,MDS_SMACOF_completed_p85_rep28_seed82.csv,internal:T11|T12,internal,2,0.22637,0.0,-0.22637,0.22637
MDS-SMACOF,85,28,82,MDS_SMACOF_completed_p85_rep28_seed82.csv,terminal:T11,terminal,1,0.16094,0.11216911089842967,-0.04877088910157033,0.04877088910157033
MDS-SMACOF,85,28,82,MDS_SMACOF_completed_p85_rep28_seed82.csv,terminal:T12,terminal,1,0.14942,0.11556939410326443,-0.03385060589673557,0.03385060589673557
MDS-SMACOF,85,28,82,MDS_SMACOF_completed_p85_rep28_seed82.csv,internal:T13|T14|T15,internal,3,0.18561,0.007601538334454143,-0.17800846166554585,0.17800846166554585
MDS-SMACOF,85,28,82,MDS_SMACOF_completed_p85_rep28_seed82.csv,terminal:T13,terminal,1,0.32149,0.11580912323859491,-0.2056808767614051,0.2056808767614051
MDS-SMACOF,85,28,82,MDS_SMACOF_completed_p85_rep28_seed82.csv,internal:T14|T15,internal,2,0.07113,0.0,-0.07113,0.07113
MDS-SMACOF,85,28,82,MDS_SMACOF_completed_p85_rep28_seed82.csv,terminal:T14,terminal,1,0.34439,0.11821164384758585,-0.2261783561524141,0.2261783561524141
MDS-SMACOF,85,28,82,MDS_SMACOF_completed_p85_rep28_seed82.csv,terminal:T15,terminal,1,0.24256,0.11356140083144872,-0.12899859916855128,0.12899859916855128
MDS-SMACOF,85,29,83,MDS_SMACOF_completed_p85_rep29_seed83.csv,terminal:T1,terminal,1,0.05696,0.07626039422155903,0.019300394221559034,0.019300394221559034
MDS-SMACOF,85,29,83,MDS_SMACOF_completed_p85_rep29_seed83.csv,internal:T2|T3,internal,2,0.03472,0.0,-0.03472,0.03472
MDS-SMACOF,85,29,83,MDS_SMACOF_completed_p85_rep29_seed83.csv,terminal:T2,terminal,1,0.02433,0.07102787295079709,0.04669787295079708,0.04669787295079708
MDS-SMACOF,85,29,83,MDS_SMACOF_completed_p85_rep29_seed83.csv,terminal:T3,terminal,1,0.02231,0.08681960069005769,0.06450960069005769,0.06450960069005769
MDS-SMACOF,85,29,83,MDS_SMACOF_completed_p85_rep29_seed83.csv,internal:T1|T2|T3,internal,3,0.01863,0.0,-0.01863,0.01863
MDS-SMACOF,85,29,83,MDS_SMACOF_completed_p85_rep29_seed83.csv,terminal:T4,terminal,1,0.07771,0.07388437957790275,-0.003825620422097248,0.003825620422097248
MDS-SMACOF,85,29,83,MDS_SMACOF_completed_p85_rep29_seed83.csv,internal:T1|T2|T3|T4,internal,4,0.04682,0.013905686411387948,-0.03291431358861205,0.03291431358861205
MDS-SMACOF,85,29,83,MDS_SMACOF_completed_p85_rep29_seed83.csv,terminal:T5,terminal,1,0.12997,0.10312679523173685,-0.026843204768263157,0.026843204768263157
MDS-SMACOF,85,29,83,MDS_SMACOF_completed_p85_rep29_seed83.csv,internal:T1|T2|T3|T4|T5,internal,5,0.03057,0.0046862392599837654,-0.025883760740016235,0.025883760740016235
MDS-SMACOF,85,29,83,MDS_SMACOF_completed_p85_rep29_seed83.csv,terminal:T6,terminal,1,0.14605,0.1076620931149109,-0.03838790688508911,0.03838790688508911
MDS-SMACOF,85,29,83,MDS_SMACOF_completed_p85_rep29_seed83.csv,internal:T1|T2|T3|T4|T5|T6,internal,6,0.0721,0.0,-0.0721,0.0721
MDS-SMACOF,85,29,83,MDS_SMACOF_completed_p85_rep29_seed83.csv,internal:T10|T7|T8|T9,internal,4,0.08603,0.003041051612396315,-0.08298894838760368,0.08298894838760368
MDS-SMACOF,85,29,83,MDS_SMACOF_completed_p85_rep29_seed83.csv,internal:T7|T8|T9,internal,3,0.05128,0.0,-0.05128,0.05128
MDS-SMACOF,85,29,83,MDS_SMACOF_completed_p85_rep29_seed83.csv,internal:T7|T8,internal,2,0.02354,0.0,-0.02354,0.02354
MDS-SMACOF,85,29,83,MDS_SMACOF_completed_p85_rep29_seed83.csv,terminal:T7,terminal,1,0.11573,0.1002340229926628,-0.015495977007337194,0.015495977007337194
MDS-SMACOF,85,29,83,MDS_SMACOF_completed_p85_rep29_seed83.csv,terminal:T8,terminal,1,0.11535,0.10198980765706792,-0.013360192342932078,0.013360192342932078
MDS-SMACOF,85,29,83,MDS_SMACOF_completed_p85_rep29_seed83.csv,terminal:T9,terminal,1,0.12153,0.09163702634014541,-0.02989297365985459,0.02989297365985459
MDS-SMACOF,85,29,83,MDS_SMACOF_completed_p85_rep29_seed83.csv,terminal:T10,terminal,1,0.18189,0.10932426911189513,-0.07256573088810486,0.07256573088810486
MDS-SMACOF,85,29,83,MDS_SMACOF_completed_p85_rep29_seed83.csv,internal:T11|T12|T13|T14|T15,internal,5,0.11651,0.0,-0.11651,0.11651
MDS-SMACOF,85,29,83,MDS_SMACOF_completed_p85_rep29_seed83.csv,internal:T11|T12,internal,2,0.22637,0.0051942152703611695,-0.2211757847296388,0.2211757847296388
MDS-SMACOF,85,29,83,MDS_SMACOF_completed_p85_rep29_seed83.csv,terminal:T11,terminal,1,0.16094,0.11604717287425459,-0.04489282712574541,0.04489282712574541
MDS-SMACOF,85,29,83,MDS_SMACOF_completed_p85_rep29_seed83.csv,terminal:T12,terminal,1,0.14942,0.10972477120131012,-0.03969522879868988,0.03969522879868988
MDS-SMACOF,85,29,83,MDS_SMACOF_completed_p85_rep29_seed83.csv,internal:T13|T14|T15,internal,3,0.18561,0.0,-0.18561,0.18561
MDS-SMACOF,85,29,83,MDS_SMACOF_completed_p85_rep29_seed83.csv,terminal:T13,terminal,1,0.32149,0.03628902057201446,-0.28520097942798556,0.28520097942798556
MDS-SMACOF,85,29,83,MDS_SMACOF_completed_p85_rep29_seed83.csv,internal:T14|T15,internal,2,0.07113,0.00334224041350555,-0.06778775958649445,0.06778775958649445
MDS-SMACOF,85,29,83,MDS_SMACOF_completed_p85_rep29_seed83.csv,terminal:T14,terminal,1,0.34439,0.1229890404772219,-0.22140095952277808,0.22140095952277808
MDS-SMACOF,85,29,83,MDS_SMACOF_completed_p85_rep29_seed83.csv,terminal:T15,terminal,1,0.24256,0.0932162830109247,-0.14934371698907528,0.14934371698907528
MDS-SMACOF,85,30,84,MDS_SMACOF_completed_p85_rep30_seed84.csv,terminal:T1,terminal,1,0.05696,0.12875345912753378,0.07179345912753378,0.07179345912753378
MDS-SMACOF,85,30,84,MDS_SMACOF_completed_p85_rep30_seed84.csv,internal:T2|T3,internal,2,0.03472,0.0,-0.03472,0.03472
MDS-SMACOF,85,30,84,MDS_SMACOF_completed_p85_rep30_seed84.csv,terminal:T2,terminal,1,0.02433,0.12730029544743496,0.10297029544743495,0.10297029544743495
MDS-SMACOF,85,30,84,MDS_SMACOF_completed_p85_rep30_seed84.csv,terminal:T3,terminal,1,0.02231,0.1279886940310259,0.1056786940310259,0.1056786940310259
MDS-SMACOF,85,30,84,MDS_SMACOF_completed_p85_rep30_seed84.csv,internal:T1|T2|T3,internal,3,0.01863,0.0,-0.01863,0.01863
MDS-SMACOF,85,30,84,MDS_SMACOF_completed_p85_rep30_seed84.csv,terminal:T4,terminal,1,0.07771,0.12433712259637612,0.04662712259637612,0.04662712259637612
MDS-SMACOF,85,30,84,MDS_SMACOF_completed_p85_rep30_seed84.csv,internal:T1|T2|T3|T4,internal,4,0.04682,0.0,-0.04682,0.04682
MDS-SMACOF,85,30,84,MDS_SMACOF_completed_p85_rep30_seed84.csv,terminal:T5,terminal,1,0.12997,0.12783044651686637,-0.0021395534831336327,0.0021395534831336327
MDS-SMACOF,85,30,84,MDS_SMACOF_completed_p85_rep30_seed84.csv,internal:T1|T2|T3|T4|T5,internal,5,0.03057,0.0,-0.03057,0.03057
MDS-SMACOF,85,30,84,MDS_SMACOF_completed_p85_rep30_seed84.csv,terminal:T6,terminal,1,0.14605,0.12436649348870427,-0.021683506511295747,0.021683506511295747
MDS-SMACOF,85,30,84,MDS_SMACOF_completed_p85_rep30_seed84.csv,internal:T1|T2|T3|T4|T5|T6,internal,6,0.0721,0.0,-0.0721,0.0721
MDS-SMACOF,85,30,84,MDS_SMACOF_completed_p85_rep30_seed84.csv,internal:T10|T7|T8|T9,internal,4,0.08603,0.005338337969420751,-0.08069166203057924,0.08069166203057924
MDS-SMACOF,85,30,84,MDS_SMACOF_completed_p85_rep30_seed84.csv,internal:T7|T8|T9,internal,3,0.05128,0.0,-0.05128,0.05128
MDS-SMACOF,85,30,84,MDS_SMACOF_completed_p85_rep30_seed84.csv,internal:T7|T8,internal,2,0.02354,0.0,-0.02354,0.02354
MDS-SMACOF,85,30,84,MDS_SMACOF_completed_p85_rep30_seed84.csv,terminal:T7,terminal,1,0.11573,0.1224836982534321,0.006753698253432097,0.006753698253432097
MDS-SMACOF,85,30,84,MDS_SMACOF_completed_p85_rep30_seed84.csv,terminal:T8,terminal,1,0.11535,0.12755604731060946,0.012206047310609466,0.012206047310609466
MDS-SMACOF,85,30,84,MDS_SMACOF_completed_p85_rep30_seed84.csv,terminal:T9,terminal,1,0.12153,0.11949177045420628,-0.0020382295457937183,0.0020382295457937183
MDS-SMACOF,85,30,84,MDS_SMACOF_completed_p85_rep30_seed84.csv,terminal:T10,terminal,1,0.18189,0.12137791141925756,-0.06051208858074243,0.06051208858074243
MDS-SMACOF,85,30,84,MDS_SMACOF_completed_p85_rep30_seed84.csv,internal:T11|T12|T13|T14|T15,internal,5,0.11651,0.0,-0.11651,0.11651
MDS-SMACOF,85,30,84,MDS_SMACOF_completed_p85_rep30_seed84.csv,internal:T11|T12,internal,2,0.22637,0.0008413880971855603,-0.22552861190281442,0.22552861190281442
MDS-SMACOF,85,30,84,MDS_SMACOF_completed_p85_rep30_seed84.csv,terminal:T11,terminal,1,0.16094,0.12718625945150075,-0.03375374054849925,0.03375374054849925
MDS-SMACOF,85,30,84,MDS_SMACOF_completed_p85_rep30_seed84.csv,terminal:T12,terminal,1,0.14942,0.12955268694590497,-0.01986731305409503,0.01986731305409503
MDS-SMACOF,85,30,84,MDS_SMACOF_completed_p85_rep30_seed84.csv,internal:T13|T14|T15,internal,3,0.18561,0.005393337377799952,-0.18021666262220004,0.18021666262220004
MDS-SMACOF,85,30,84,MDS_SMACOF_completed_p85_rep30_seed84.csv,terminal:T13,terminal,1,0.32149,0.12912077411902514,-0.19236922588097485,0.19236922588097485
MDS-SMACOF,85,30,84,MDS_SMACOF_completed_p85_rep30_seed84.csv,internal:T14|T15,internal,2,0.07113,0.0,-0.07113,0.07113
MDS-SMACOF,85,30,84,MDS_SMACOF_completed_p85_rep30_seed84.csv,terminal:T14,terminal,1,0.34439,0.12939089608497678,-0.2149991039150232,0.2149991039150232
MDS-SMACOF,85,30,84,MDS_SMACOF_completed_p85_rep30_seed84.csv,terminal:T15,terminal,1,0.24256,0.12659674939210647,-0.11596325060789353,0.11596325060789353
