method,pct_missing,frac_missing_requested,missingness_actual,replicate,mask_seed,n_pairs_total,n_missing,n_observed,optimized_variables,success,success_numerical,success_valid_matrix,objective_improved,error_message,masked_file,completed_file,run_log_file,epoch_log_file,runtime_seconds,Delta_total_completed,Delta_normalized_completed,Delta_per_triangle_completed,Delta_relative_to_original,Delta_original,Delta_normalized_original,RMSE_miss,MAE_miss,Pearson_miss,Spearman_miss,max_abs_error_observed,mean_abs_error_observed,Delta_init,Delta_final,Delta_reduction_percent,best_epoch,epochs_used,convergence_epoch,final_learning_rate,init_strategy,n_restarts,best_restart,best_restart_initial_Delta,best_restart_final_Delta,upper_bound,initial_global_mean,initial_global_median,observed_max_distance,optimizer_config_json
Hyb-Adam-UM,30,0.3,0.3047619047619048,1,55,105,32,73,32,True,True,True,True,,missing_p30_rep01_seed55.csv,HybAdamUM_completed_p30_rep01_seed55.csv,hyb_adam_um_outputs/logs/HybAdamUM_completed_p30_rep01_seed55.log,hyb_adam_um_outputs/logs/epoch_logs/HybAdamUM_completed_p30_rep01_seed55_epochs.csv,21.87851676599996,33.53860486345177,0.014762581814592153,0.07371121948011379,0.7174737751819507,46.74540871538672,0.02022617682793644,0.016366806777378614,0.007420888726506123,0.9547400368500739,0.940615835777126,0.0,0.0,148.00066801834572,33.53860486345177,77.33888278173553,4500,5000,4500,0.0025,two_way_mean,1,0,148.00066801834572,33.53860486345177,0.43036522601847826,0.229424936525369,0.2533063923585599,0.2869101506789855,"{""epochs"": 5000, ""print_every"": 500, ""lr_init"": 0.02, ""lr_milestones"": [700, 2000, 4000], ""lr_factor"": 0.5, ""lr_min"": 0.0001, ""sched_patience_blocks"": 7, ""weight_decay"": 0.0, ""clip_grad_norm"": 5.0, ""h_central_diff"": 1e-05, ""beta1"": 0.9, ""beta2"": 0.999, ""adam_eps"": 1e-08, ""seed_hyb"": 42, ""init_strategy"": ""two_way_mean"", ""n_restarts"": 1, ""restart_jitter_scale"": 0.03, ""max_distance_factor"": 1.5, ""normalize_objective_by_triplets"": true, ""convergence_rel_tol"": 1e-07, ""convergence_patience_checks"": 5, ""early_stop"": false}"
Hyb-Adam-UM,30,0.3,0.3047619047619048,2,56,105,32,73,32,True,True,True,True,,missing_p30_rep02_seed56.csv,HybAdamUM_completed_p30_rep02_seed56.csv,hyb_adam_um_outputs/logs/HybAdamUM_completed_p30_rep02_seed56.log,hyb_adam_um_outputs/logs/epoch_logs/HybAdamUM_completed_p30_rep02_seed56_epochs.csv,21.603721935000067,32.3715190283443,0.014445205926384213,0.07114619566669077,0.692506920314698,46.74540871538672,0.02022617682793644,0.028378264986576546,0.011515498591192153,0.9283946556031272,0.9578445747800585,0.0,0.0,97.01954910226752,32.3715190283443,66.63402445395644,5000,5000,5000,0.0025,two_way_mean,1,0,97.01954910226752,32.3715190283443,0.43581018375301617,0.23290696391420726,0.2531714389271475,0.2905401225020108,"{""epochs"": 5000, ""print_every"": 500, ""lr_init"": 0.02, ""lr_milestones"": [700, 2000, 4000], ""lr_factor"": 0.5, ""lr_min"": 0.0001, ""sched_patience_blocks"": 7, ""weight_decay"": 0.0, ""clip_grad_norm"": 5.0, ""h_central_diff"": 1e-05, ""beta1"": 0.9, ""beta2"": 0.999, ""adam_eps"": 1e-08, ""seed_hyb"": 42, ""init_strategy"": ""two_way_mean"", ""n_restarts"": 1, ""restart_jitter_scale"": 0.03, ""max_distance_factor"": 1.5, ""normalize_objective_by_triplets"": true, ""convergence_rel_tol"": 1e-07, ""convergence_patience_checks"": 5, ""early_stop"": false}"
Hyb-Adam-UM,30,0.3,0.3047619047619048,3,57,105,32,73,32,True,True,True,True,,missing_p30_rep03_seed57.csv,HybAdamUM_completed_p30_rep03_seed57.csv,hyb_adam_um_outputs/logs/HybAdamUM_completed_p30_rep03_seed57.log,hyb_adam_um_outputs/logs/epoch_logs/HybAdamUM_completed_p30_rep03_seed57_epochs.csv,21.71777569099993,31.95853595529631,0.014167434618498594,0.07023854056109079,0.6836721901369713,46.74540871538672,0.02022617682793644,0.023281956313129463,0.012427820686290336,0.9190944398697513,0.8929618768328444,0.0,0.0,124.60684668226774,31.95853595529631,74.35250405077124,4500,5000,4500,0.0025,two_way_mean,1,0,124.60684668226774,31.95853595529631,0.43581018375301617,0.23137539040439029,0.2533063923585599,0.2905401225020108,"{""epochs"": 5000, ""print_every"": 500, ""lr_init"": 0.02, ""lr_milestones"": [700, 2000, 4000], ""lr_factor"": 0.5, ""lr_min"": 0.0001, ""sched_patience_blocks"": 7, ""weight_decay"": 0.0, ""clip_grad_norm"": 5.0, ""h_central_diff"": 1e-05, ""beta1"": 0.9, ""beta2"": 0.999, ""adam_eps"": 1e-08, ""seed_hyb"": 42, ""init_strategy"": ""two_way_mean"", ""n_restarts"": 1, ""restart_jitter_scale"": 0.03, ""max_distance_factor"": 1.5, ""normalize_objective_by_triplets"": true, ""convergence_rel_tol"": 1e-07, ""convergence_patience_checks"": 5, ""early_stop"": false}"
Hyb-Adam-UM,30,0.3,0.3047619047619048,4,58,105,32,73,32,True,True,True,True,,missing_p30_rep04_seed58.csv,HybAdamUM_completed_p30_rep04_seed58.csv,hyb_adam_um_outputs/logs/HybAdamUM_completed_p30_rep04_seed58.log,hyb_adam_um_outputs/logs/epoch_logs/HybAdamUM_completed_p30_rep04_seed58_epochs.csv,21.502903608999986,33.37233564404104,0.014677442982810625,0.07334579262426602,0.7139168650172952,46.74540871538672,0.02022617682793644,0.015195407898629497,0.006822211158862648,0.9497746715046407,0.9354838709677417,0.0,0.0,122.18695842852355,33.37233564404104,72.68748148472567,4500,5000,4500,0.0025,two_way_mean,1,0,122.18695842852355,33.37233564404104,0.43036522601847826,0.22611890985299662,0.2498469824947974,0.2869101506789855,"{""epochs"": 5000, ""print_every"": 500, ""lr_init"": 0.02, ""lr_milestones"": [700, 2000, 4000], ""lr_factor"": 0.5, ""lr_min"": 0.0001, ""sched_patience_blocks"": 7, ""weight_decay"": 0.0, ""clip_grad_norm"": 5.0, ""h_central_diff"": 1e-05, ""beta1"": 0.9, ""beta2"": 0.999, ""adam_eps"": 1e-08, ""seed_hyb"": 42, ""init_strategy"": ""two_way_mean"", ""n_restarts"": 1, ""restart_jitter_scale"": 0.03, ""max_distance_factor"": 1.5, ""normalize_objective_by_triplets"": true, ""convergence_rel_tol"": 1e-07, ""convergence_patience_checks"": 5, ""early_stop"": false}"
Hyb-Adam-UM,30,0.3,0.3047619047619048,5,59,105,32,73,32,True,True,True,True,,missing_p30_rep05_seed59.csv,HybAdamUM_completed_p30_rep05_seed59.csv,hyb_adam_um_outputs/logs/HybAdamUM_completed_p30_rep05_seed59.log,hyb_adam_um_outputs/logs/epoch_logs/HybAdamUM_completed_p30_rep05_seed59_epochs.csv,21.503098818000012,36.0723528700797,0.015884542298370823,0.07927989641775758,0.7716769167579471,46.74540871538672,0.02022617682793644,0.01158021610388445,0.005941714992662056,0.9734522454214524,0.9615102639296188,0.0,0.0,129.27582841555537,36.0723528700797,72.0965989449121,4500,5000,4500,0.0025,two_way_mean,1,0,129.27582841555537,36.0723528700797,0.43581018375301617,0.23070245018173982,0.2553008419888145,0.2905401225020108,"{""epochs"": 5000, ""print_every"": 500, ""lr_init"": 0.02, ""lr_milestones"": [700, 2000, 4000], ""lr_factor"": 0.5, ""lr_min"": 0.0001, ""sched_patience_blocks"": 7, ""weight_decay"": 0.0, ""clip_grad_norm"": 5.0, ""h_central_diff"": 1e-05, ""beta1"": 0.9, ""beta2"": 0.999, ""adam_eps"": 1e-08, ""seed_hyb"": 42, ""init_strategy"": ""two_way_mean"", ""n_restarts"": 1, ""restart_jitter_scale"": 0.03, ""max_distance_factor"": 1.5, ""normalize_objective_by_triplets"": true, ""convergence_rel_tol"": 1e-07, ""convergence_patience_checks"": 5, ""early_stop"": false}"
Hyb-Adam-UM,30,0.3,0.3047619047619048,6,60,105,32,73,32,True,True,True,True,,missing_p30_rep06_seed60.csv,HybAdamUM_completed_p30_rep06_seed60.csv,hyb_adam_um_outputs/logs/HybAdamUM_completed_p30_rep06_seed60.log,hyb_adam_um_outputs/logs/epoch_logs/HybAdamUM_completed_p30_rep06_seed60_epochs.csv,21.700425389999964,32.13747116557738,0.014285087780140425,0.07063180475951072,0.6875000571981096,46.74540871538672,0.02022617682793644,0.004755745536723053,0.0036527618930544616,0.9956434399933742,0.9681085043988268,0.0,0.0,147.88573299516054,32.13747116557738,78.268714287247,4500,5000,4500,0.0025,two_way_mean,1,0,147.88573299516054,32.13747116557738,0.43581018375301617,0.2284074619793425,0.2531714389271475,0.2905401225020108,"{""epochs"": 5000, ""print_every"": 500, ""lr_init"": 0.02, ""lr_milestones"": [700, 2000, 4000], ""lr_factor"": 0.5, ""lr_min"": 0.0001, ""sched_patience_blocks"": 7, ""weight_decay"": 0.0, ""clip_grad_norm"": 5.0, ""h_central_diff"": 1e-05, ""beta1"": 0.9, ""beta2"": 0.999, ""adam_eps"": 1e-08, ""seed_hyb"": 42, ""init_strategy"": ""two_way_mean"", ""n_restarts"": 1, ""restart_jitter_scale"": 0.03, ""max_distance_factor"": 1.5, ""normalize_objective_by_triplets"": true, ""convergence_rel_tol"": 1e-07, ""convergence_patience_checks"": 5, ""early_stop"": false}"
Hyb-Adam-UM,30,0.3,0.3047619047619048,7,61,105,32,73,32,True,True,True,True,,missing_p30_rep07_seed61.csv,HybAdamUM_completed_p30_rep07_seed61.csv,hyb_adam_um_outputs/logs/HybAdamUM_completed_p30_rep07_seed61.log,hyb_adam_um_outputs/logs/epoch_logs/HybAdamUM_completed_p30_rep07_seed61_epochs.csv,21.474734685000044,32.39147397646265,0.014451795848391125,0.07119005269552231,0.6929338060488638,46.74540871538672,0.02022617682793644,0.015622959761654873,0.007673265789786425,0.9796626940315403,0.9893695014662756,0.0,0.0,87.57694222890107,32.39147397646265,63.01369612585856,5000,5000,5000,0.0025,two_way_mean,1,0,87.57694222890107,32.39147397646265,0.43581018375301617,0.23510260610257414,0.2576197836166924,0.2905401225020108,"{""epochs"": 5000, ""print_every"": 500, ""lr_init"": 0.02, ""lr_milestones"": [700, 2000, 4000], ""lr_factor"": 0.5, ""lr_min"": 0.0001, ""sched_patience_blocks"": 7, ""weight_decay"": 0.0, ""clip_grad_norm"": 5.0, ""h_central_diff"": 1e-05, ""beta1"": 0.9, ""beta2"": 0.999, ""adam_eps"": 1e-08, ""seed_hyb"": 42, ""init_strategy"": ""two_way_mean"", ""n_restarts"": 1, ""restart_jitter_scale"": 0.03, ""max_distance_factor"": 1.5, ""normalize_objective_by_triplets"": true, ""convergence_rel_tol"": 1e-07, ""convergence_patience_checks"": 5, ""early_stop"": false}"
Hyb-Adam-UM,30,0.3,0.3047619047619048,8,62,105,32,73,32,True,True,True,True,,missing_p30_rep08_seed62.csv,HybAdamUM_completed_p30_rep08_seed62.csv,hyb_adam_um_outputs/logs/HybAdamUM_completed_p30_rep08_seed62.log,hyb_adam_um_outputs/logs/epoch_logs/HybAdamUM_completed_p30_rep08_seed62_epochs.csv,21.926042354999936,36.4806487334859,0.015930797109759236,0.08017724996370527,0.7804113759193194,46.74540871538672,0.02022617682793644,0.009779287531439154,0.005412852927856617,0.9717930782879954,0.9039589442815249,0.0,0.0,146.8533954087281,36.4806487334859,75.15845743167766,5000,5000,5000,0.0025,two_way_mean,1,0,146.8533954087281,36.4806487334859,0.43581018375301617,0.22418956196903891,0.2480117459929034,0.2905401225020108,"{""epochs"": 5000, ""print_every"": 500, ""lr_init"": 0.02, ""lr_milestones"": [700, 2000, 4000], ""lr_factor"": 0.5, ""lr_min"": 0.0001, ""sched_patience_blocks"": 7, ""weight_decay"": 0.0, ""clip_grad_norm"": 5.0, ""h_central_diff"": 1e-05, ""beta1"": 0.9, ""beta2"": 0.999, ""adam_eps"": 1e-08, ""seed_hyb"": 42, ""init_strategy"": ""two_way_mean"", ""n_restarts"": 1, ""restart_jitter_scale"": 0.03, ""max_distance_factor"": 1.5, ""normalize_objective_by_triplets"": true, ""convergence_rel_tol"": 1e-07, ""convergence_patience_checks"": 5, ""early_stop"": false}"
Hyb-Adam-UM,30,0.3,0.3047619047619048,9,63,105,32,73,32,True,True,True,True,,missing_p30_rep09_seed63.csv,HybAdamUM_completed_p30_rep09_seed63.csv,hyb_adam_um_outputs/logs/HybAdamUM_completed_p30_rep09_seed63.log,hyb_adam_um_outputs/logs/epoch_logs/HybAdamUM_completed_p30_rep09_seed63_epochs.csv,21.83947251699999,33.56531573003354,0.014769913617267738,0.07376992468139239,0.7180451867347815,46.74540871538672,0.02022617682793644,0.01735098051827487,0.008248313815832355,0.9727725031237213,0.9732404692082111,0.0,0.0,135.39952772609956,33.56531573003354,75.21016779472599,4500,5000,4500,0.0025,two_way_mean,1,0,135.39952772609956,33.56531573003354,0.43581018375301617,0.22885818954982728,0.2500918329864087,0.2905401225020108,"{""epochs"": 5000, ""print_every"": 500, ""lr_init"": 0.02, ""lr_milestones"": [700, 2000, 4000], ""lr_factor"": 0.5, ""lr_min"": 0.0001, ""sched_patience_blocks"": 7, ""weight_decay"": 0.0, ""clip_grad_norm"": 5.0, ""h_central_diff"": 1e-05, ""beta1"": 0.9, ""beta2"": 0.999, ""adam_eps"": 1e-08, ""seed_hyb"": 42, ""init_strategy"": ""two_way_mean"", ""n_restarts"": 1, ""restart_jitter_scale"": 0.03, ""max_distance_factor"": 1.5, ""normalize_objective_by_triplets"": true, ""convergence_rel_tol"": 1e-07, ""convergence_patience_checks"": 5, ""early_stop"": false}"
Hyb-Adam-UM,30,0.3,0.3047619047619048,10,64,105,32,73,32,True,True,True,True,,missing_p30_rep10_seed64.csv,HybAdamUM_completed_p30_rep10_seed64.csv,hyb_adam_um_outputs/logs/HybAdamUM_completed_p30_rep10_seed64.log,hyb_adam_um_outputs/logs/epoch_logs/HybAdamUM_completed_p30_rep10_seed64_epochs.csv,21.68857567400005,27.912130422338915,0.012478096518301505,0.061345341587558055,0.5971095598347257,46.74540871538672,0.02022617682793644,0.03425607435153431,0.01883261167445196,0.9265898941152944,0.9490469208211144,0.0,0.0,82.12446666399697,27.912130422338915,66.01240585642003,4500,5000,4500,0.0025,two_way_mean,1,0,82.12446666399697,27.912130422338915,0.43581018375301617,0.23330745725579868,0.2533063923585599,0.2905401225020108,"{""epochs"": 5000, ""print_every"": 500, ""lr_init"": 0.02, ""lr_milestones"": [700, 2000, 4000], ""lr_factor"": 0.5, ""lr_min"": 0.0001, ""sched_patience_blocks"": 7, ""weight_decay"": 0.0, ""clip_grad_norm"": 5.0, ""h_central_diff"": 1e-05, ""beta1"": 0.9, ""beta2"": 0.999, ""adam_eps"": 1e-08, ""seed_hyb"": 42, ""init_strategy"": ""two_way_mean"", ""n_restarts"": 1, ""restart_jitter_scale"": 0.03, ""max_distance_factor"": 1.5, ""normalize_objective_by_triplets"": true, ""convergence_rel_tol"": 1e-07, ""convergence_patience_checks"": 5, ""early_stop"": false}"
Hyb-Adam-UM,30,0.3,0.3047619047619048,11,65,105,32,73,32,True,True,True,True,,missing_p30_rep11_seed65.csv,HybAdamUM_completed_p30_rep11_seed65.csv,hyb_adam_um_outputs/logs/HybAdamUM_completed_p30_rep11_seed65.log,hyb_adam_um_outputs/logs/epoch_logs/HybAdamUM_completed_p30_rep11_seed65_epochs.csv,21.740293485000052,33.349997840768054,0.014662573492912613,0.07329669855113859,0.7134390041131583,46.74540871538672,0.02022617682793644,0.01692965241244721,0.008204357018935628,0.9236122597820892,0.9431818181818182,0.0,0.0,137.84926867779615,33.349997840768054,75.80690985113667,5000,5000,5000,0.0025,two_way_mean,1,0,137.84926867779615,33.349997840768054,0.43581018375301617,0.2211657394252689,0.2358717917821424,0.2905401225020108,"{""epochs"": 5000, ""print_every"": 500, ""lr_init"": 0.02, ""lr_milestones"": [700, 2000, 4000], ""lr_factor"": 0.5, ""lr_min"": 0.0001, ""sched_patience_blocks"": 7, ""weight_decay"": 0.0, ""clip_grad_norm"": 5.0, ""h_central_diff"": 1e-05, ""beta1"": 0.9, ""beta2"": 0.999, ""adam_eps"": 1e-08, ""seed_hyb"": 42, ""init_strategy"": ""two_way_mean"", ""n_restarts"": 1, ""restart_jitter_scale"": 0.03, ""max_distance_factor"": 1.5, ""normalize_objective_by_triplets"": true, ""convergence_rel_tol"": 1e-07, ""convergence_patience_checks"": 5, ""early_stop"": false}"
Hyb-Adam-UM,30,0.3,0.3047619047619048,12,66,105,32,73,32,True,True,True,True,,missing_p30_rep12_seed66.csv,HybAdamUM_completed_p30_rep12_seed66.csv,hyb_adam_um_outputs/logs/HybAdamUM_completed_p30_rep12_seed66.log,hyb_adam_um_outputs/logs/epoch_logs/HybAdamUM_completed_p30_rep12_seed66_epochs.csv,21.759927981000033,35.1504696780682,0.015183635938151781,0.0772537795122378,0.751955553369631,46.74540871538672,0.02022617682793644,0.01901292667712352,0.009456225928903172,0.9701516209812977,0.966642228739003,0.0,0.0,134.123329417884,35.1504696780682,73.7924268427971,5000,5000,5000,0.0025,two_way_mean,1,0,134.123329417884,35.1504696780682,0.43581018375301617,0.2301013079320567,0.2528458302400396,0.2905401225020108,"{""epochs"": 5000, ""print_every"": 500, ""lr_init"": 0.02, ""lr_milestones"": [700, 2000, 4000], ""lr_factor"": 0.5, ""lr_min"": 0.0001, ""sched_patience_blocks"": 7, ""weight_decay"": 0.0, ""clip_grad_norm"": 5.0, ""h_central_diff"": 1e-05, ""beta1"": 0.9, ""beta2"": 0.999, ""adam_eps"": 1e-08, ""seed_hyb"": 42, ""init_strategy"": ""two_way_mean"", ""n_restarts"": 1, ""restart_jitter_scale"": 0.03, ""max_distance_factor"": 1.5, ""normalize_objective_by_triplets"": true, ""convergence_rel_tol"": 1e-07, ""convergence_patience_checks"": 5, ""early_stop"": false}"
Hyb-Adam-UM,30,0.3,0.3047619047619048,13,67,105,32,73,32,True,True,True,True,,missing_p30_rep13_seed67.csv,HybAdamUM_completed_p30_rep13_seed67.csv,hyb_adam_um_outputs/logs/HybAdamUM_completed_p30_rep13_seed67.log,hyb_adam_um_outputs/logs/epoch_logs/HybAdamUM_completed_p30_rep13_seed67_epochs.csv,20.81354047299999,28.950087637570533,0.012921578331824592,0.06362656623641876,0.6193140338944415,46.74540871538672,0.02022617682793644,0.031323369333591845,0.01646933608140179,0.9178956030919188,0.9435483870967741,0.0,0.0,84.02143834695556,28.950087637570533,65.54440365799866,4500,5000,4500,0.0025,two_way_mean,1,0,84.02143834695556,28.950087637570533,0.43036522601847826,0.2350269777329576,0.2531714389271475,0.2869101506789855,"{""epochs"": 5000, ""print_every"": 500, ""lr_init"": 0.02, ""lr_milestones"": [700, 2000, 4000], ""lr_factor"": 0.5, ""lr_min"": 0.0001, ""sched_patience_blocks"": 7, ""weight_decay"": 0.0, ""clip_grad_norm"": 5.0, ""h_central_diff"": 1e-05, ""beta1"": 0.9, ""beta2"": 0.999, ""adam_eps"": 1e-08, ""seed_hyb"": 42, ""init_strategy"": ""two_way_mean"", ""n_restarts"": 1, ""restart_jitter_scale"": 0.03, ""max_distance_factor"": 1.5, ""normalize_objective_by_triplets"": true, ""convergence_rel_tol"": 1e-07, ""convergence_patience_checks"": 5, ""early_stop"": false}"
Hyb-Adam-UM,30,0.3,0.3047619047619048,14,68,105,32,73,32,True,True,True,True,,missing_p30_rep14_seed68.csv,HybAdamUM_completed_p30_rep14_seed68.csv,hyb_adam_um_outputs/logs/HybAdamUM_completed_p30_rep14_seed68.log,hyb_adam_um_outputs/logs/epoch_logs/HybAdamUM_completed_p30_rep14_seed68_epochs.csv,21.809496227000068,36.64048614806817,0.016052379046206693,0.08052854098476521,0.7838306938582309,46.74540871538672,0.02022617682793644,0.005323760625816892,0.004162008868976352,0.9948671213601967,0.9754398826979471,0.0,0.0,151.7499238495228,36.64048614806817,75.85469223404597,4500,5000,4500,0.0025,two_way_mean,1,0,151.7499238495228,36.64048614806817,0.43581018375301617,0.22728165314963772,0.2528458302400396,0.2905401225020108,"{""epochs"": 5000, ""print_every"": 500, ""lr_init"": 0.02, ""lr_milestones"": [700, 2000, 4000], ""lr_factor"": 0.5, ""lr_min"": 0.0001, ""sched_patience_blocks"": 7, ""weight_decay"": 0.0, ""clip_grad_norm"": 5.0, ""h_central_diff"": 1e-05, ""beta1"": 0.9, ""beta2"": 0.999, ""adam_eps"": 1e-08, ""seed_hyb"": 42, ""init_strategy"": ""two_way_mean"", ""n_restarts"": 1, ""restart_jitter_scale"": 0.03, ""max_distance_factor"": 1.5, ""normalize_objective_by_triplets"": true, ""convergence_rel_tol"": 1e-07, ""convergence_patience_checks"": 5, ""early_stop"": false}"
Hyb-Adam-UM,30,0.3,0.3047619047619048,15,69,105,32,73,32,True,True,True,True,,missing_p30_rep15_seed69.csv,HybAdamUM_completed_p30_rep15_seed69.csv,hyb_adam_um_outputs/logs/HybAdamUM_completed_p30_rep15_seed69.log,hyb_adam_um_outputs/logs/epoch_logs/HybAdamUM_completed_p30_rep15_seed69_epochs.csv,21.59844194300001,36.65685982425025,0.015969491460121457,0.08056452708626428,0.7841809673210596,46.74540871538672,0.02022617682793644,0.015560482935962475,0.0059346968052827985,0.944757098342729,0.9446480938416421,0.0,0.0,179.91147642273688,36.65685982425025,79.62505752655942,5000,5000,5000,0.0025,two_way_mean,1,0,179.91147642273688,36.65685982425025,0.43581018375301617,0.22871212066816204,0.2531714389271475,0.2905401225020108,"{""epochs"": 5000, ""print_every"": 500, ""lr_init"": 0.02, ""lr_milestones"": [700, 2000, 4000], ""lr_factor"": 0.5, ""lr_min"": 0.0001, ""sched_patience_blocks"": 7, ""weight_decay"": 0.0, ""clip_grad_norm"": 5.0, ""h_central_diff"": 1e-05, ""beta1"": 0.9, ""beta2"": 0.999, ""adam_eps"": 1e-08, ""seed_hyb"": 42, ""init_strategy"": ""two_way_mean"", ""n_restarts"": 1, ""restart_jitter_scale"": 0.03, ""max_distance_factor"": 1.5, ""normalize_objective_by_triplets"": true, ""convergence_rel_tol"": 1e-07, ""convergence_patience_checks"": 5, ""early_stop"": false}"
Hyb-Adam-UM,30,0.3,0.3047619047619048,16,70,105,32,73,32,True,True,True,True,,missing_p30_rep16_seed70.csv,HybAdamUM_completed_p30_rep16_seed70.csv,hyb_adam_um_outputs/logs/HybAdamUM_completed_p30_rep16_seed70.log,hyb_adam_um_outputs/logs/epoch_logs/HybAdamUM_completed_p30_rep16_seed70_epochs.csv,21.536302523000018,32.17565506967392,0.014316102963050676,0.07071572542785477,0.6883169054222641,46.74540871538672,0.02022617682793644,0.020677135650583933,0.01087261704338524,0.9307151344285615,0.8526392961876832,0.0,0.0,110.42821662821979,32.17565506967392,70.86283193542812,5000,5000,5000,0.0025,two_way_mean,1,0,110.42821662821979,32.17565506967392,0.43581018375301617,0.22989627958854209,0.2531714389271475,0.2905401225020108,"{""epochs"": 5000, ""print_every"": 500, ""lr_init"": 0.02, ""lr_milestones"": [700, 2000, 4000], ""lr_factor"": 0.5, ""lr_min"": 0.0001, ""sched_patience_blocks"": 7, ""weight_decay"": 0.0, ""clip_grad_norm"": 5.0, ""h_central_diff"": 1e-05, ""beta1"": 0.9, ""beta2"": 0.999, ""adam_eps"": 1e-08, ""seed_hyb"": 42, ""init_strategy"": ""two_way_mean"", ""n_restarts"": 1, ""restart_jitter_scale"": 0.03, ""max_distance_factor"": 1.5, ""normalize_objective_by_triplets"": true, ""convergence_rel_tol"": 1e-07, ""convergence_patience_checks"": 5, ""early_stop"": false}"
Hyb-Adam-UM,30,0.3,0.3047619047619048,17,71,105,32,73,32,True,True,True,True,,missing_p30_rep17_seed71.csv,HybAdamUM_completed_p30_rep17_seed71.csv,hyb_adam_um_outputs/logs/HybAdamUM_completed_p30_rep17_seed71.log,hyb_adam_um_outputs/logs/epoch_logs/HybAdamUM_completed_p30_rep17_seed71_epochs.csv,21.56446332600001,36.55361211676483,0.016076079800639256,0.0803376090478348,0.7819722432918389,46.74540871538672,0.02022617682793644,0.005343984468164656,0.004214717503174738,0.9943790953706628,0.9230205278592373,0.0,0.0,142.21507919824978,36.55361211676483,74.29695056048973,4500,5000,4500,0.0025,two_way_mean,1,0,142.21507919824978,36.55361211676483,0.43581018375301617,0.223326666600621,0.2413251194367613,0.2905401225020108,"{""epochs"": 5000, ""print_every"": 500, ""lr_init"": 0.02, ""lr_milestones"": [700, 2000, 4000], ""lr_factor"": 0.5, ""lr_min"": 0.0001, ""sched_patience_blocks"": 7, ""weight_decay"": 0.0, ""clip_grad_norm"": 5.0, ""h_central_diff"": 1e-05, ""beta1"": 0.9, ""beta2"": 0.999, ""adam_eps"": 1e-08, ""seed_hyb"": 42, ""init_strategy"": ""two_way_mean"", ""n_restarts"": 1, ""restart_jitter_scale"": 0.03, ""max_distance_factor"": 1.5, ""normalize_objective_by_triplets"": true, ""convergence_rel_tol"": 1e-07, ""convergence_patience_checks"": 5, ""early_stop"": false}"
Hyb-Adam-UM,30,0.3,0.3047619047619048,18,72,105,32,73,32,True,True,True,True,,missing_p30_rep18_seed72.csv,HybAdamUM_completed_p30_rep18_seed72.csv,hyb_adam_um_outputs/logs/HybAdamUM_completed_p30_rep18_seed72.log,hyb_adam_um_outputs/logs/epoch_logs/HybAdamUM_completed_p30_rep18_seed72_epochs.csv,21.67545044999997,30.751990632547376,0.013667912734075752,0.06758679259900523,0.6578611991561226,46.74540871538672,0.02022617682793644,0.0056698684151702495,0.004548666327779953,0.9946849807445446,0.9699413489736071,0.0,0.0,127.60304716735655,30.751990632547376,75.90026937819526,4500,5000,4500,0.0025,two_way_mean,1,0,127.60304716735655,30.751990632547376,0.43036522601847826,0.2281095169176984,0.2531714389271475,0.2869101506789855,"{""epochs"": 5000, ""print_every"": 500, ""lr_init"": 0.02, ""lr_milestones"": [700, 2000, 4000], ""lr_factor"": 0.5, ""lr_min"": 0.0001, ""sched_patience_blocks"": 7, ""weight_decay"": 0.0, ""clip_grad_norm"": 5.0, ""h_central_diff"": 1e-05, ""beta1"": 0.9, ""beta2"": 0.999, ""adam_eps"": 1e-08, ""seed_hyb"": 42, ""init_strategy"": ""two_way_mean"", ""n_restarts"": 1, ""restart_jitter_scale"": 0.03, ""max_distance_factor"": 1.5, ""normalize_objective_by_triplets"": true, ""convergence_rel_tol"": 1e-07, ""convergence_patience_checks"": 5, ""early_stop"": false}"
Hyb-Adam-UM,30,0.3,0.3047619047619048,19,73,105,32,73,32,True,True,True,True,,missing_p30_rep19_seed73.csv,HybAdamUM_completed_p30_rep19_seed73.csv,hyb_adam_um_outputs/logs/HybAdamUM_completed_p30_rep19_seed73.log,hyb_adam_um_outputs/logs/epoch_logs/HybAdamUM_completed_p30_rep19_seed73_epochs.csv,21.735110266999982,30.813050881357782,0.013777532949983096,0.06772099094803909,0.6591674290188708,46.74540871538672,0.02022617682793644,0.009702808282670854,0.005312357226063968,0.9881911920370698,0.9853372434017593,0.0,0.0,138.62317029510587,30.813050881357782,77.77207748476545,5000,5000,5000,0.0025,two_way_mean,1,0,138.62317029510587,30.813050881357782,0.43581018375301617,0.23081705215137252,0.2533063923585599,0.2905401225020108,"{""epochs"": 5000, ""print_every"": 500, ""lr_init"": 0.02, ""lr_milestones"": [700, 2000, 4000], ""lr_factor"": 0.5, ""lr_min"": 0.0001, ""sched_patience_blocks"": 7, ""weight_decay"": 0.0, ""clip_grad_norm"": 5.0, ""h_central_diff"": 1e-05, ""beta1"": 0.9, ""beta2"": 0.999, ""adam_eps"": 1e-08, ""seed_hyb"": 42, ""init_strategy"": ""two_way_mean"", ""n_restarts"": 1, ""restart_jitter_scale"": 0.03, ""max_distance_factor"": 1.5, ""normalize_objective_by_triplets"": true, ""convergence_rel_tol"": 1e-07, ""convergence_patience_checks"": 5, ""early_stop"": false}"
Hyb-Adam-UM,30,0.3,0.3047619047619048,20,74,105,32,73,32,True,True,True,True,,missing_p30_rep20_seed74.csv,HybAdamUM_completed_p30_rep20_seed74.csv,hyb_adam_um_outputs/logs/HybAdamUM_completed_p30_rep20_seed74.log,hyb_adam_um_outputs/logs/epoch_logs/HybAdamUM_completed_p30_rep20_seed74_epochs.csv,21.88513031699995,32.0651237467648,0.014182545216082407,0.07047279944343912,0.6859523668302047,46.74540871538672,0.02022617682793644,0.010067993920725037,0.006010403945419585,0.9719816941009352,0.8907624633431085,0.0,0.0,252.67897881967235,32.0651237467648,87.30993615038768,4500,5000,4500,0.0025,two_way_mean,1,0,252.67897881967235,32.0651237467648,0.43036522601847826,0.22597424836250438,0.2533063923585599,0.2869101506789855,"{""epochs"": 5000, ""print_every"": 500, ""lr_init"": 0.02, ""lr_milestones"": [700, 2000, 4000], ""lr_factor"": 0.5, ""lr_min"": 0.0001, ""sched_patience_blocks"": 7, ""weight_decay"": 0.0, ""clip_grad_norm"": 5.0, ""h_central_diff"": 1e-05, ""beta1"": 0.9, ""beta2"": 0.999, ""adam_eps"": 1e-08, ""seed_hyb"": 42, ""init_strategy"": ""two_way_mean"", ""n_restarts"": 1, ""restart_jitter_scale"": 0.03, ""max_distance_factor"": 1.5, ""normalize_objective_by_triplets"": true, ""convergence_rel_tol"": 1e-07, ""convergence_patience_checks"": 5, ""early_stop"": false}"
Hyb-Adam-UM,30,0.3,0.3047619047619048,21,75,105,32,73,32,True,True,True,True,,missing_p30_rep21_seed75.csv,HybAdamUM_completed_p30_rep21_seed75.csv,hyb_adam_um_outputs/logs/HybAdamUM_completed_p30_rep21_seed75.log,hyb_adam_um_outputs/logs/epoch_logs/HybAdamUM_completed_p30_rep21_seed75_epochs.csv,21.81011628300007,30.282864508403136,0.013274880059908654,0.06655574617231459,0.647825430146153,46.74540871538672,0.02022617682793644,0.01359203957260162,0.007251785780658817,0.969450640648203,0.8995601173020527,0.0,0.0,121.57337055787828,30.282864508403136,75.09087362681437,4500,5000,4500,0.0025,two_way_mean,1,0,121.57337055787828,30.282864508403136,0.42966275386621955,0.2244328672545581,0.2413251194367613,0.286441835910813,"{""epochs"": 5000, ""print_every"": 500, ""lr_init"": 0.02, ""lr_milestones"": [700, 2000, 4000], ""lr_factor"": 0.5, ""lr_min"": 0.0001, ""sched_patience_blocks"": 7, ""weight_decay"": 0.0, ""clip_grad_norm"": 5.0, ""h_central_diff"": 1e-05, ""beta1"": 0.9, ""beta2"": 0.999, ""adam_eps"": 1e-08, ""seed_hyb"": 42, ""init_strategy"": ""two_way_mean"", ""n_restarts"": 1, ""restart_jitter_scale"": 0.03, ""max_distance_factor"": 1.5, ""normalize_objective_by_triplets"": true, ""convergence_rel_tol"": 1e-07, ""convergence_patience_checks"": 5, ""early_stop"": false}"
Hyb-Adam-UM,30,0.3,0.3047619047619048,22,76,105,32,73,32,True,True,True,True,,missing_p30_rep22_seed76.csv,HybAdamUM_completed_p30_rep22_seed76.csv,hyb_adam_um_outputs/logs/HybAdamUM_completed_p30_rep22_seed76.log,hyb_adam_um_outputs/logs/epoch_logs/HybAdamUM_completed_p30_rep22_seed76_epochs.csv,21.959785757999953,35.89064670528461,0.015703021463132603,0.07888054220941672,0.7677897721208894,46.74540871538672,0.02022617682793644,0.009159953075763762,0.005644821146534728,0.9786515122159832,0.9285190615835776,0.0,0.0,202.9645383717803,35.89064670528461,82.31678942873168,4500,5000,4500,0.0025,two_way_mean,1,0,202.9645383717803,35.89064670528461,0.43581018375301617,0.2246073080752491,0.2476423990946812,0.2905401225020108,"{""epochs"": 5000, ""print_every"": 500, ""lr_init"": 0.02, ""lr_milestones"": [700, 2000, 4000], ""lr_factor"": 0.5, ""lr_min"": 0.0001, ""sched_patience_blocks"": 7, ""weight_decay"": 0.0, ""clip_grad_norm"": 5.0, ""h_central_diff"": 1e-05, ""beta1"": 0.9, ""beta2"": 0.999, ""adam_eps"": 1e-08, ""seed_hyb"": 42, ""init_strategy"": ""two_way_mean"", ""n_restarts"": 1, ""restart_jitter_scale"": 0.03, ""max_distance_factor"": 1.5, ""normalize_objective_by_triplets"": true, ""convergence_rel_tol"": 1e-07, ""convergence_patience_checks"": 5, ""early_stop"": false}"
Hyb-Adam-UM,30,0.3,0.3047619047619048,23,77,105,32,73,32,True,True,True,True,,missing_p30_rep23_seed77.csv,HybAdamUM_completed_p30_rep23_seed77.csv,hyb_adam_um_outputs/logs/HybAdamUM_completed_p30_rep23_seed77.log,hyb_adam_um_outputs/logs/epoch_logs/HybAdamUM_completed_p30_rep23_seed77_epochs.csv,21.733285269999897,36.41642988998845,0.0157066466975918,0.08003610964832626,0.7790375758978361,46.74540871538672,0.02022617682793644,0.011326735606299581,0.006864371210151591,0.9686880700415429,0.8533724340175952,0.0,0.0,131.32706774741308,36.41642988998845,72.27043098226352,4500,5000,4500,0.0025,two_way_mean,1,0,131.32706774741308,36.41642988998845,0.4246469753961891,0.2234748869064251,0.2413251194367613,0.2830979835974594,"{""epochs"": 5000, ""print_every"": 500, ""lr_init"": 0.02, ""lr_milestones"": [700, 2000, 4000], ""lr_factor"": 0.5, ""lr_min"": 0.0001, ""sched_patience_blocks"": 7, ""weight_decay"": 0.0, ""clip_grad_norm"": 5.0, ""h_central_diff"": 1e-05, ""beta1"": 0.9, ""beta2"": 0.999, ""adam_eps"": 1e-08, ""seed_hyb"": 42, ""init_strategy"": ""two_way_mean"", ""n_restarts"": 1, ""restart_jitter_scale"": 0.03, ""max_distance_factor"": 1.5, ""normalize_objective_by_triplets"": true, ""convergence_rel_tol"": 1e-07, ""convergence_patience_checks"": 5, ""early_stop"": false}"
Hyb-Adam-UM,30,0.3,0.3047619047619048,24,78,105,32,73,32,True,True,True,True,,missing_p30_rep24_seed78.csv,HybAdamUM_completed_p30_rep24_seed78.csv,hyb_adam_um_outputs/logs/HybAdamUM_completed_p30_rep24_seed78.log,hyb_adam_um_outputs/logs/epoch_logs/HybAdamUM_completed_p30_rep24_seed78_epochs.csv,21.620816786999967,34.53473887901353,0.015262097768766041,0.07590052500882095,0.7387835474769541,46.74540871538672,0.02022617682793644,0.024311603936426895,0.010122436851422388,0.9425853236534029,0.9560117302052785,0.0,0.0,98.30031926574507,34.53473887901353,64.86813152086279,5000,5000,5000,0.0025,two_way_mean,1,0,98.30031926574507,34.53473887901353,0.43581018375301617,0.23266407329070737,0.2500918329864087,0.2905401225020108,"{""epochs"": 5000, ""print_every"": 500, ""lr_init"": 0.02, ""lr_milestones"": [700, 2000, 4000], ""lr_factor"": 0.5, ""lr_min"": 0.0001, ""sched_patience_blocks"": 7, ""weight_decay"": 0.0, ""clip_grad_norm"": 5.0, ""h_central_diff"": 1e-05, ""beta1"": 0.9, ""beta2"": 0.999, ""adam_eps"": 1e-08, ""seed_hyb"": 42, ""init_strategy"": ""two_way_mean"", ""n_restarts"": 1, ""restart_jitter_scale"": 0.03, ""max_distance_factor"": 1.5, ""normalize_objective_by_triplets"": true, ""convergence_rel_tol"": 1e-07, ""convergence_patience_checks"": 5, ""early_stop"": false}"
Hyb-Adam-UM,30,0.3,0.3047619047619048,25,79,105,32,73,32,True,True,True,True,,missing_p30_rep25_seed79.csv,HybAdamUM_completed_p30_rep25_seed79.csv,hyb_adam_um_outputs/logs/HybAdamUM_completed_p30_rep25_seed79.log,hyb_adam_um_outputs/logs/epoch_logs/HybAdamUM_completed_p30_rep25_seed79_epochs.csv,21.56295021799997,34.90309321858318,0.015321140918956921,0.07671009498589709,0.746663558577347,46.74540871538672,0.02022617682793644,0.015337674984201103,0.006279779207292821,0.9580587164767872,0.9538123167155425,0.0,0.0,104.49091657669143,34.90309321858318,66.59700731693175,5000,5000,5000,0.0025,two_way_mean,1,0,104.49091657669143,34.90309321858318,0.43581018375301617,0.23184105667231275,0.2531714389271475,0.2905401225020108,"{""epochs"": 5000, ""print_every"": 500, ""lr_init"": 0.02, ""lr_milestones"": [700, 2000, 4000], ""lr_factor"": 0.5, ""lr_min"": 0.0001, ""sched_patience_blocks"": 7, ""weight_decay"": 0.0, ""clip_grad_norm"": 5.0, ""h_central_diff"": 1e-05, ""beta1"": 0.9, ""beta2"": 0.999, ""adam_eps"": 1e-08, ""seed_hyb"": 42, ""init_strategy"": ""two_way_mean"", ""n_restarts"": 1, ""restart_jitter_scale"": 0.03, ""max_distance_factor"": 1.5, ""normalize_objective_by_triplets"": true, ""convergence_rel_tol"": 1e-07, ""convergence_patience_checks"": 5, ""early_stop"": false}"
Hyb-Adam-UM,30,0.3,0.3047619047619048,26,80,105,32,73,32,True,True,True,True,,missing_p30_rep26_seed80.csv,HybAdamUM_completed_p30_rep26_seed80.csv,hyb_adam_um_outputs/logs/HybAdamUM_completed_p30_rep26_seed80.log,hyb_adam_um_outputs/logs/epoch_logs/HybAdamUM_completed_p30_rep26_seed80_epochs.csv,21.68736005300002,36.17236351039139,0.01597629672983982,0.07949970002283822,0.7738163919077018,46.74540871538672,0.02022617682793644,0.020764921281382624,0.00863680872239911,0.9418349843897224,0.9505131964809382,0.0,0.0,177.8163539458734,36.17236351039139,79.65745967246515,5000,5000,5000,0.0025,two_way_mean,1,0,177.8163539458734,36.17236351039139,0.43581018375301617,0.23075605490942808,0.2531714389271475,0.2905401225020108,"{""epochs"": 5000, ""print_every"": 500, ""lr_init"": 0.02, ""lr_milestones"": [700, 2000, 4000], ""lr_factor"": 0.5, ""lr_min"": 0.0001, ""sched_patience_blocks"": 7, ""weight_decay"": 0.0, ""clip_grad_norm"": 5.0, ""h_central_diff"": 1e-05, ""beta1"": 0.9, ""beta2"": 0.999, ""adam_eps"": 1e-08, ""seed_hyb"": 42, ""init_strategy"": ""two_way_mean"", ""n_restarts"": 1, ""restart_jitter_scale"": 0.03, ""max_distance_factor"": 1.5, ""normalize_objective_by_triplets"": true, ""convergence_rel_tol"": 1e-07, ""convergence_patience_checks"": 5, ""early_stop"": false}"
Hyb-Adam-UM,30,0.3,0.3047619047619048,27,81,105,32,73,32,True,True,True,True,,missing_p30_rep27_seed81.csv,HybAdamUM_completed_p30_rep27_seed81.csv,hyb_adam_um_outputs/logs/HybAdamUM_completed_p30_rep27_seed81.log,hyb_adam_um_outputs/logs/epoch_logs/HybAdamUM_completed_p30_rep27_seed81_epochs.csv,21.309194022000156,36.803992398010955,0.016143368766401663,0.08088789538024385,0.7873284972668674,46.74540871538672,0.02022617682793644,0.004467632178175974,0.0036187510854239135,0.9957702959645366,0.972140762463343,0.0,0.0,331.23811294004724,36.803992398010955,88.88896206075407,5000,5000,5000,0.0025,two_way_mean,1,0,331.23811294004724,36.803992398010955,0.43581018375301617,0.2270610966731836,0.2498469824947974,0.2905401225020108,"{""epochs"": 5000, ""print_every"": 500, ""lr_init"": 0.02, ""lr_milestones"": [700, 2000, 4000], ""lr_factor"": 0.5, ""lr_min"": 0.0001, ""sched_patience_blocks"": 7, ""weight_decay"": 0.0, ""clip_grad_norm"": 5.0, ""h_central_diff"": 1e-05, ""beta1"": 0.9, ""beta2"": 0.999, ""adam_eps"": 1e-08, ""seed_hyb"": 42, ""init_strategy"": ""two_way_mean"", ""n_restarts"": 1, ""restart_jitter_scale"": 0.03, ""max_distance_factor"": 1.5, ""normalize_objective_by_triplets"": true, ""convergence_rel_tol"": 1e-07, ""convergence_patience_checks"": 5, ""early_stop"": false}"
Hyb-Adam-UM,30,0.3,0.3047619047619048,28,82,105,32,73,32,True,True,True,True,,missing_p30_rep28_seed82.csv,HybAdamUM_completed_p30_rep28_seed82.csv,hyb_adam_um_outputs/logs/HybAdamUM_completed_p30_rep28_seed82.log,hyb_adam_um_outputs/logs/epoch_logs/HybAdamUM_completed_p30_rep28_seed82_epochs.csv,21.818635735000043,34.5996011471976,0.0153154541304105,0.07604307944439034,0.7401711119451352,46.74540871538672,0.02022617682793644,0.011780204758397134,0.006255372009763826,0.9801053476412834,0.9545454545454545,0.0,0.0,107.09254469574017,34.5996011471976,67.69186758471538,5000,5000,5000,0.0025,two_way_mean,1,0,107.09254469574017,34.5996011471976,0.43036522601847826,0.22997950890715768,0.2533063923585599,0.2869101506789855,"{""epochs"": 5000, ""print_every"": 500, ""lr_init"": 0.02, ""lr_milestones"": [700, 2000, 4000], ""lr_factor"": 0.5, ""lr_min"": 0.0001, ""sched_patience_blocks"": 7, ""weight_decay"": 0.0, ""clip_grad_norm"": 5.0, ""h_central_diff"": 1e-05, ""beta1"": 0.9, ""beta2"": 0.999, ""adam_eps"": 1e-08, ""seed_hyb"": 42, ""init_strategy"": ""two_way_mean"", ""n_restarts"": 1, ""restart_jitter_scale"": 0.03, ""max_distance_factor"": 1.5, ""normalize_objective_by_triplets"": true, ""convergence_rel_tol"": 1e-07, ""convergence_patience_checks"": 5, ""early_stop"": false}"
Hyb-Adam-UM,30,0.3,0.3047619047619048,29,83,105,32,73,32,True,True,True,True,,missing_p30_rep29_seed83.csv,HybAdamUM_completed_p30_rep29_seed83.csv,hyb_adam_um_outputs/logs/HybAdamUM_completed_p30_rep29_seed83.log,hyb_adam_um_outputs/logs/epoch_logs/HybAdamUM_completed_p30_rep29_seed83_epochs.csv,21.605848873000014,37.55033510722683,0.01586313776985939,0.08252820902687215,0.8032946152178312,46.74540871538672,0.02022617682793644,0.01739767972771351,0.00872343627842409,0.969420902485288,0.9802052785923753,0.0,0.0,142.32054731396434,37.55033510722683,73.61566139540665,5000,5000,5000,0.0025,two_way_mean,1,0,142.32054731396434,37.55033510722683,0.43581018375301617,0.23099033306875605,0.2528458302400396,0.2905401225020108,"{""epochs"": 5000, ""print_every"": 500, ""lr_init"": 0.02, ""lr_milestones"": [700, 2000, 4000], ""lr_factor"": 0.5, ""lr_min"": 0.0001, ""sched_patience_blocks"": 7, ""weight_decay"": 0.0, ""clip_grad_norm"": 5.0, ""h_central_diff"": 1e-05, ""beta1"": 0.9, ""beta2"": 0.999, ""adam_eps"": 1e-08, ""seed_hyb"": 42, ""init_strategy"": ""two_way_mean"", ""n_restarts"": 1, ""restart_jitter_scale"": 0.03, ""max_distance_factor"": 1.5, ""normalize_objective_by_triplets"": true, ""convergence_rel_tol"": 1e-07, ""convergence_patience_checks"": 5, ""early_stop"": false}"
Hyb-Adam-UM,30,0.3,0.3047619047619048,30,84,105,32,73,32,True,True,True,True,,missing_p30_rep30_seed84.csv,HybAdamUM_completed_p30_rep30_seed84.csv,hyb_adam_um_outputs/logs/HybAdamUM_completed_p30_rep30_seed84.log,hyb_adam_um_outputs/logs/epoch_logs/HybAdamUM_completed_p30_rep30_seed84_epochs.csv,21.501433675999806,35.15537914331972,0.015286472980390809,0.07726456954575762,0.7520605789836206,46.74540871538672,0.02022617682793644,0.02295477083441801,0.012022051823649457,0.9096508634453317,0.8621700879765395,0.0,0.0,118.6767853458915,35.15537914331972,70.37720642596022,5000,5000,5000,0.0025,two_way_mean,1,0,118.6767853458915,35.15537914331972,0.43581018375301617,0.23101710896942004,0.2528458302400396,0.2905401225020108,"{""epochs"": 5000, ""print_every"": 500, ""lr_init"": 0.02, ""lr_milestones"": [700, 2000, 4000], ""lr_factor"": 0.5, ""lr_min"": 0.0001, ""sched_patience_blocks"": 7, ""weight_decay"": 0.0, ""clip_grad_norm"": 5.0, ""h_central_diff"": 1e-05, ""beta1"": 0.9, ""beta2"": 0.999, ""adam_eps"": 1e-08, ""seed_hyb"": 42, ""init_strategy"": ""two_way_mean"", ""n_restarts"": 1, ""restart_jitter_scale"": 0.03, ""max_distance_factor"": 1.5, ""normalize_objective_by_triplets"": true, ""convergence_rel_tol"": 1e-07, ""convergence_patience_checks"": 5, ""early_stop"": false}"
Hyb-Adam-UM,50,0.5,0.49523809523809526,1,55,105,52,53,52,True,True,True,True,,missing_p50_rep01_seed55.csv,HybAdamUM_completed_p50_rep01_seed55.csv,hyb_adam_um_outputs/logs/HybAdamUM_completed_p50_rep01_seed55.log,hyb_adam_um_outputs/logs/epoch_logs/HybAdamUM_completed_p50_rep01_seed55_epochs.csv,35.066856417000054,20.12312137857606,0.008992483216353675,0.044226640392474856,0.4304833764765507,46.74540871538672,0.02022617682793644,0.039830479826042375,0.02212130027597954,0.8562976683347335,0.8560573721506018,0.0,0.0,71.38078818446246,20.12312137857606,71.80877111279042,4500,5000,4500,0.0025,two_way_mean,1,0,71.38078818446246,20.12312137857606,0.43036522601847826,0.23857976695292124,0.2576197836166924,0.2869101506789855,"{""epochs"": 5000, ""print_every"": 500, ""lr_init"": 0.02, ""lr_milestones"": [700, 2000, 4000], ""lr_factor"": 0.5, ""lr_min"": 0.0001, ""sched_patience_blocks"": 7, ""weight_decay"": 0.0, ""clip_grad_norm"": 5.0, ""h_central_diff"": 1e-05, ""beta1"": 0.9, ""beta2"": 0.999, ""adam_eps"": 1e-08, ""seed_hyb"": 42, ""init_strategy"": ""two_way_mean"", ""n_restarts"": 1, ""restart_jitter_scale"": 0.03, ""max_distance_factor"": 1.5, ""normalize_objective_by_triplets"": true, ""convergence_rel_tol"": 1e-07, ""convergence_patience_checks"": 5, ""early_stop"": false}"
Hyb-Adam-UM,50,0.5,0.49523809523809526,2,56,105,52,53,52,True,True,True,True,,missing_p50_rep02_seed56.csv,HybAdamUM_completed_p50_rep02_seed56.csv,hyb_adam_um_outputs/logs/HybAdamUM_completed_p50_rep02_seed56.log,hyb_adam_um_outputs/logs/epoch_logs/HybAdamUM_completed_p50_rep02_seed56_epochs.csv,35.02622538200012,22.286238069876703,0.009902285506474713,0.04898074301071803,0.47675779680456537,46.74540871538672,0.02022617682793644,0.030048125418516168,0.015114781808856061,0.9433336676152103,0.92999231622983,0.0,0.0,103.57859859024656,22.286238069876703,78.48374242053582,5000,5000,5000,0.0025,two_way_mean,1,0,103.57859859024656,22.286238069876703,0.43581018375301617,0.22598197650005503,0.217486604968339,0.2905401225020108,"{""epochs"": 5000, ""print_every"": 500, ""lr_init"": 0.02, ""lr_milestones"": [700, 2000, 4000], ""lr_factor"": 0.5, ""lr_min"": 0.0001, ""sched_patience_blocks"": 7, ""weight_decay"": 0.0, ""clip_grad_norm"": 5.0, ""h_central_diff"": 1e-05, ""beta1"": 0.9, ""beta2"": 0.999, ""adam_eps"": 1e-08, ""seed_hyb"": 42, ""init_strategy"": ""two_way_mean"", ""n_restarts"": 1, ""restart_jitter_scale"": 0.03, ""max_distance_factor"": 1.5, ""normalize_objective_by_triplets"": true, ""convergence_rel_tol"": 1e-07, ""convergence_patience_checks"": 5, ""early_stop"": false}"
Hyb-Adam-UM,50,0.5,0.49523809523809526,3,57,105,52,53,52,True,True,True,True,,missing_p50_rep03_seed57.csv,HybAdamUM_completed_p50_rep03_seed57.csv,hyb_adam_um_outputs/logs/HybAdamUM_completed_p50_rep03_seed57.log,hyb_adam_um_outputs/logs/epoch_logs/HybAdamUM_completed_p50_rep03_seed57_epochs.csv,35.03091557800008,20.75755960435415,0.009351183833816187,0.04562101011945967,0.4440555805328019,46.74540871538672,0.02022617682793644,0.021866351679161587,0.0127382940281952,0.9190319882102038,0.872022539059165,0.0,0.0,162.9921642962882,20.75755960435415,87.26468864685978,4500,5000,4500,0.0025,two_way_mean,1,0,162.9921642962882,20.75755960435415,0.43036522601847826,0.2321900498996978,0.2585973962171456,0.2869101506789855,"{""epochs"": 5000, ""print_every"": 500, ""lr_init"": 0.02, ""lr_milestones"": [700, 2000, 4000], ""lr_factor"": 0.5, ""lr_min"": 0.0001, ""sched_patience_blocks"": 7, ""weight_decay"": 0.0, ""clip_grad_norm"": 5.0, ""h_central_diff"": 1e-05, ""beta1"": 0.9, ""beta2"": 0.999, ""adam_eps"": 1e-08, ""seed_hyb"": 42, ""init_strategy"": ""two_way_mean"", ""n_restarts"": 1, ""restart_jitter_scale"": 0.03, ""max_distance_factor"": 1.5, ""normalize_objective_by_triplets"": true, ""convergence_rel_tol"": 1e-07, ""convergence_patience_checks"": 5, ""early_stop"": false}"
Hyb-Adam-UM,50,0.5,0.49523809523809526,4,58,105,52,53,52,True,True,True,True,,missing_p50_rep04_seed58.csv,HybAdamUM_completed_p50_rep04_seed58.csv,hyb_adam_um_outputs/logs/HybAdamUM_completed_p50_rep04_seed58.log,hyb_adam_um_outputs/logs/epoch_logs/HybAdamUM_completed_p50_rep04_seed58_epochs.csv,35.65766845500002,22.82949914257727,0.010305354016958135,0.050174723390279716,0.48837949586828,46.74540871538672,0.02022617682793644,0.016000756648053872,0.008269226146526797,0.9646030324860765,0.9514214974814308,0.0,0.0,119.009170405712,22.82949914257727,80.81702522188027,5000,5000,5000,0.0025,two_way_mean,1,0,119.009170405712,22.82949914257727,0.42105747973470886,0.23163516501151815,0.2533063923585599,0.2807049864898059,"{""epochs"": 5000, ""print_every"": 500, ""lr_init"": 0.02, ""lr_milestones"": [700, 2000, 4000], ""lr_factor"": 0.5, ""lr_min"": 0.0001, ""sched_patience_blocks"": 7, ""weight_decay"": 0.0, ""clip_grad_norm"": 5.0, ""h_central_diff"": 1e-05, ""beta1"": 0.9, ""beta2"": 0.999, ""adam_eps"": 1e-08, ""seed_hyb"": 42, ""init_strategy"": ""two_way_mean"", ""n_restarts"": 1, ""restart_jitter_scale"": 0.03, ""max_distance_factor"": 1.5, ""normalize_objective_by_triplets"": true, ""convergence_rel_tol"": 1e-07, ""convergence_patience_checks"": 5, ""early_stop"": false}"
Hyb-Adam-UM,50,0.5,0.49523809523809526,5,59,105,52,53,52,True,True,True,True,,missing_p50_rep05_seed59.csv,HybAdamUM_completed_p50_rep05_seed59.csv,hyb_adam_um_outputs/logs/HybAdamUM_completed_p50_rep05_seed59.log,hyb_adam_um_outputs/logs/epoch_logs/HybAdamUM_completed_p50_rep05_seed59_epochs.csv,34.010571460000165,25.479070788677184,0.011200358789427082,0.05599795777731249,0.545060391787536,46.74540871538672,0.02022617682793644,0.019171635896941968,0.009704876536791406,0.9354265292855722,0.8936224707589856,0.0,0.0,183.7607463389841,25.479070788677184,86.13464992045915,4500,5000,4500,0.0025,two_way_mean,1,0,183.7607463389841,25.479070788677184,0.42080276219249024,0.23117873324374533,0.2553008419888145,0.2805351747949935,"{""epochs"": 5000, ""print_every"": 500, ""lr_init"": 0.02, ""lr_milestones"": [700, 2000, 4000], ""lr_factor"": 0.5, ""lr_min"": 0.0001, ""sched_patience_blocks"": 7, ""weight_decay"": 0.0, ""clip_grad_norm"": 5.0, ""h_central_diff"": 1e-05, ""beta1"": 0.9, ""beta2"": 0.999, ""adam_eps"": 1e-08, ""seed_hyb"": 42, ""init_strategy"": ""two_way_mean"", ""n_restarts"": 1, ""restart_jitter_scale"": 0.03, ""max_distance_factor"": 1.5, ""normalize_objective_by_triplets"": true, ""convergence_rel_tol"": 1e-07, ""convergence_patience_checks"": 5, ""early_stop"": false}"
Hyb-Adam-UM,50,0.5,0.49523809523809526,6,60,105,52,53,52,True,True,True,True,,missing_p50_rep06_seed60.csv,HybAdamUM_completed_p50_rep06_seed60.csv,hyb_adam_um_outputs/logs/HybAdamUM_completed_p50_rep06_seed60.log,hyb_adam_um_outputs/logs/epoch_logs/HybAdamUM_completed_p50_rep06_seed60_epochs.csv,34.880140926000195,26.470413993003795,0.011772054436355052,0.058176734050557795,0.566267676771661,46.74540871538672,0.02022617682793644,0.009126828750988827,0.005271040018464036,0.9839384429972913,0.9215401690429437,0.0,0.0,139.83145175876382,26.470413993003795,81.06977102785834,4500,5000,4500,0.0025,two_way_mean,1,0,139.83145175876382,26.470413993003795,0.43581018375301617,0.22557433057923118,0.2480117459929034,0.2905401225020108,"{""epochs"": 5000, ""print_every"": 500, ""lr_init"": 0.02, ""lr_milestones"": [700, 2000, 4000], ""lr_factor"": 0.5, ""lr_min"": 0.0001, ""sched_patience_blocks"": 7, ""weight_decay"": 0.0, ""clip_grad_norm"": 5.0, ""h_central_diff"": 1e-05, ""beta1"": 0.9, ""beta2"": 0.999, ""adam_eps"": 1e-08, ""seed_hyb"": 42, ""init_strategy"": ""two_way_mean"", ""n_restarts"": 1, ""restart_jitter_scale"": 0.03, ""max_distance_factor"": 1.5, ""normalize_objective_by_triplets"": true, ""convergence_rel_tol"": 1e-07, ""convergence_patience_checks"": 5, ""early_stop"": false}"
Hyb-Adam-UM,50,0.5,0.49523809523809526,7,61,105,52,53,52,True,True,True,True,,missing_p50_rep07_seed61.csv,HybAdamUM_completed_p50_rep07_seed61.csv,hyb_adam_um_outputs/logs/HybAdamUM_completed_p50_rep07_seed61.log,hyb_adam_um_outputs/logs/epoch_logs/HybAdamUM_completed_p50_rep07_seed61_epochs.csv,35.00970141100015,22.524626289603702,0.010188229918369927,0.04950467316396418,0.48185751090009177,46.74540871538672,0.02022617682793644,0.03480596237798801,0.01654805591793517,0.8555876569515246,0.8900367113463672,0.0,0.0,76.3798025623874,22.524626289603702,70.50970867435082,4500,5000,4500,0.0025,two_way_mean,1,0,76.3798025623874,22.524626289603702,0.43581018375301617,0.2359062489113214,0.2533063923585599,0.2905401225020108,"{""epochs"": 5000, ""print_every"": 500, ""lr_init"": 0.02, ""lr_milestones"": [700, 2000, 4000], ""lr_factor"": 0.5, ""lr_min"": 0.0001, ""sched_patience_blocks"": 7, ""weight_decay"": 0.0, ""clip_grad_norm"": 5.0, ""h_central_diff"": 1e-05, ""beta1"": 0.9, ""beta2"": 0.999, ""adam_eps"": 1e-08, ""seed_hyb"": 42, ""init_strategy"": ""two_way_mean"", ""n_restarts"": 1, ""restart_jitter_scale"": 0.03, ""max_distance_factor"": 1.5, ""normalize_objective_by_triplets"": true, ""convergence_rel_tol"": 1e-07, ""convergence_patience_checks"": 5, ""early_stop"": false}"
Hyb-Adam-UM,50,0.5,0.49523809523809526,8,62,105,52,53,52,True,True,True,True,,missing_p50_rep08_seed62.csv,HybAdamUM_completed_p50_rep08_seed62.csv,hyb_adam_um_outputs/logs/HybAdamUM_completed_p50_rep08_seed62.log,hyb_adam_um_outputs/logs/epoch_logs/HybAdamUM_completed_p50_rep08_seed62_epochs.csv,35.15135129999999,25.080398788799606,0.011013997569453557,0.05512175557977935,0.536531810888716,46.74540871538672,0.02022617682793644,0.011472666044181188,0.006517245056728623,0.9731752645516939,0.9159054042516861,0.0,0.0,140.78065935950778,25.080398788799606,82.18476962467373,4500,5000,4500,0.0025,two_way_mean,1,0,140.78065935950778,25.080398788799606,0.43581018375301617,0.22485945592785403,0.2528458302400396,0.2905401225020108,"{""epochs"": 5000, ""print_every"": 500, ""lr_init"": 0.02, ""lr_milestones"": [700, 2000, 4000], ""lr_factor"": 0.5, ""lr_min"": 0.0001, ""sched_patience_blocks"": 7, ""weight_decay"": 0.0, ""clip_grad_norm"": 5.0, ""h_central_diff"": 1e-05, ""beta1"": 0.9, ""beta2"": 0.999, ""adam_eps"": 1e-08, ""seed_hyb"": 42, ""init_strategy"": ""two_way_mean"", ""n_restarts"": 1, ""restart_jitter_scale"": 0.03, ""max_distance_factor"": 1.5, ""normalize_objective_by_triplets"": true, ""convergence_rel_tol"": 1e-07, ""convergence_patience_checks"": 5, ""early_stop"": false}"
Hyb-Adam-UM,50,0.5,0.49523809523809526,9,63,105,52,53,52,True,True,True,True,,missing_p50_rep09_seed63.csv,HybAdamUM_completed_p50_rep09_seed63.csv,hyb_adam_um_outputs/logs/HybAdamUM_completed_p50_rep09_seed63.log,hyb_adam_um_outputs/logs/epoch_logs/HybAdamUM_completed_p50_rep09_seed63_epochs.csv,34.90020900699983,23.415981465739936,0.01036878449701417,0.05146369552909876,0.5009258044637083,46.74540871538672,0.02022617682793644,0.019766373604809227,0.01046064507824607,0.9492196689662699,0.8915734653803465,0.0,0.0,120.21186038294073,23.415981465739936,80.52107222103777,4500,5000,4500,0.0025,two_way_mean,1,0,120.21186038294073,23.415981465739936,0.43581018375301617,0.2254791968845357,0.2183400760083364,0.2905401225020108,"{""epochs"": 5000, ""print_every"": 500, ""lr_init"": 0.02, ""lr_milestones"": [700, 2000, 4000], ""lr_factor"": 0.5, ""lr_min"": 0.0001, ""sched_patience_blocks"": 7, ""weight_decay"": 0.0, ""clip_grad_norm"": 5.0, ""h_central_diff"": 1e-05, ""beta1"": 0.9, ""beta2"": 0.999, ""adam_eps"": 1e-08, ""seed_hyb"": 42, ""init_strategy"": ""two_way_mean"", ""n_restarts"": 1, ""restart_jitter_scale"": 0.03, ""max_distance_factor"": 1.5, ""normalize_objective_by_triplets"": true, ""convergence_rel_tol"": 1e-07, ""convergence_patience_checks"": 5, ""early_stop"": false}"
Hyb-Adam-UM,50,0.5,0.49523809523809526,10,64,105,52,53,52,True,True,True,True,,missing_p50_rep10_seed64.csv,HybAdamUM_completed_p50_rep10_seed64.csv,hyb_adam_um_outputs/logs/HybAdamUM_completed_p50_rep10_seed64.log,hyb_adam_um_outputs/logs/epoch_logs/HybAdamUM_completed_p50_rep10_seed64_epochs.csv,34.783616131999906,21.784438126096042,0.009744102529366278,0.04787788599141987,0.46602305391599824,46.74540871538672,0.02022617682793644,0.03532206934259065,0.01761926676651138,0.85427761835711,0.9059165030308205,0.0,0.0,97.61625629449588,21.784438126096042,77.68359599821659,4500,5000,4500,0.0025,two_way_mean,1,0,97.61625629449588,21.784438126096042,0.43581018375301617,0.23096401096574068,0.2533063923585599,0.2905401225020108,"{""epochs"": 5000, ""print_every"": 500, ""lr_init"": 0.02, ""lr_milestones"": [700, 2000, 4000], ""lr_factor"": 0.5, ""lr_min"": 0.0001, ""sched_patience_blocks"": 7, ""weight_decay"": 0.0, ""clip_grad_norm"": 5.0, ""h_central_diff"": 1e-05, ""beta1"": 0.9, ""beta2"": 0.999, ""adam_eps"": 1e-08, ""seed_hyb"": 42, ""init_strategy"": ""two_way_mean"", ""n_restarts"": 1, ""restart_jitter_scale"": 0.03, ""max_distance_factor"": 1.5, ""normalize_objective_by_triplets"": true, ""convergence_rel_tol"": 1e-07, ""convergence_patience_checks"": 5, ""early_stop"": false}"
Hyb-Adam-UM,50,0.5,0.49523809523809526,11,65,105,52,53,52,True,True,True,True,,missing_p50_rep11_seed65.csv,HybAdamUM_completed_p50_rep11_seed65.csv,hyb_adam_um_outputs/logs/HybAdamUM_completed_p50_rep11_seed65.log,hyb_adam_um_outputs/logs/epoch_logs/HybAdamUM_completed_p50_rep11_seed65_epochs.csv,35.18726317799997,26.46892797579675,0.011719152077616873,0.05817346807867417,0.5662358871853063,46.74540871538672,0.02022617682793644,0.01901773095971112,0.009671251721532225,0.931767044180015,0.9204302911295141,0.0,0.0,183.12009983021647,26.46892797579675,85.54559111733886,4500,5000,4500,0.0025,two_way_mean,1,0,183.12009983021647,26.46892797579675,0.43581018375301617,0.22382932424135266,0.2358717917821424,0.2905401225020108,"{""epochs"": 5000, ""print_every"": 500, ""lr_init"": 0.02, ""lr_milestones"": [700, 2000, 4000], ""lr_factor"": 0.5, ""lr_min"": 0.0001, ""sched_patience_blocks"": 7, ""weight_decay"": 0.0, ""clip_grad_norm"": 5.0, ""h_central_diff"": 1e-05, ""beta1"": 0.9, ""beta2"": 0.999, ""adam_eps"": 1e-08, ""seed_hyb"": 42, ""init_strategy"": ""two_way_mean"", ""n_restarts"": 1, ""restart_jitter_scale"": 0.03, ""max_distance_factor"": 1.5, ""normalize_objective_by_triplets"": true, ""convergence_rel_tol"": 1e-07, ""convergence_patience_checks"": 5, ""early_stop"": false}"
Hyb-Adam-UM,50,0.5,0.49523809523809526,12,66,105,52,53,52,True,True,True,True,,missing_p50_rep12_seed66.csv,HybAdamUM_completed_p50_rep12_seed66.csv,hyb_adam_um_outputs/logs/HybAdamUM_completed_p50_rep12_seed66.log,hyb_adam_um_outputs/logs/epoch_logs/HybAdamUM_completed_p50_rep12_seed66_epochs.csv,35.27801659600004,23.997471398153436,0.01068557238201564,0.052741695380557,0.5133653134634895,46.74540871538672,0.02022617682793644,0.01869668831382373,0.009472079345937663,0.9601745547592859,0.939639716554256,0.0,0.0,95.50727990489898,23.997471398153436,74.87367306235835,5000,5000,5000,0.0025,two_way_mean,1,0,95.50727990489898,23.997471398153436,0.43581018375301617,0.2301442619724663,0.2531714389271475,0.2905401225020108,"{""epochs"": 5000, ""print_every"": 500, ""lr_init"": 0.02, ""lr_milestones"": [700, 2000, 4000], ""lr_factor"": 0.5, ""lr_min"": 0.0001, ""sched_patience_blocks"": 7, ""weight_decay"": 0.0, ""clip_grad_norm"": 5.0, ""h_central_diff"": 1e-05, ""beta1"": 0.9, ""beta2"": 0.999, ""adam_eps"": 1e-08, ""seed_hyb"": 42, ""init_strategy"": ""two_way_mean"", ""n_restarts"": 1, ""restart_jitter_scale"": 0.03, ""max_distance_factor"": 1.5, ""normalize_objective_by_triplets"": true, ""convergence_rel_tol"": 1e-07, ""convergence_patience_checks"": 5, ""early_stop"": false}"
Hyb-Adam-UM,50,0.5,0.49523809523809526,13,67,105,52,53,52,True,True,True,True,,missing_p50_rep13_seed67.csv,HybAdamUM_completed_p50_rep13_seed67.csv,hyb_adam_um_outputs/logs/HybAdamUM_completed_p50_rep13_seed67.log,hyb_adam_um_outputs/logs/epoch_logs/HybAdamUM_completed_p50_rep13_seed67_epochs.csv,34.99878952400013,19.897651045804498,0.009069163492461205,0.04373110119957033,0.4256600079582786,46.74540871538672,0.02022617682793644,0.039434921721948325,0.019463620410427443,0.8355915322701222,0.8852556987962094,0.0,0.0,70.99079648840024,19.897651045804498,71.97150612466261,5000,5000,5000,0.0025,two_way_mean,1,0,70.99079648840024,19.897651045804498,0.42966275386621955,0.23769706207056082,0.2533063923585599,0.286441835910813,"{""epochs"": 5000, ""print_every"": 500, ""lr_init"": 0.02, ""lr_milestones"": [700, 2000, 4000], ""lr_factor"": 0.5, ""lr_min"": 0.0001, ""sched_patience_blocks"": 7, ""weight_decay"": 0.0, ""clip_grad_norm"": 5.0, ""h_central_diff"": 1e-05, ""beta1"": 0.9, ""beta2"": 0.999, ""adam_eps"": 1e-08, ""seed_hyb"": 42, ""init_strategy"": ""two_way_mean"", ""n_restarts"": 1, ""restart_jitter_scale"": 0.03, ""max_distance_factor"": 1.5, ""normalize_objective_by_triplets"": true, ""convergence_rel_tol"": 1e-07, ""convergence_patience_checks"": 5, ""early_stop"": false}"
Hyb-Adam-UM,50,0.5,0.49523809523809526,14,68,105,52,53,52,True,True,True,True,,missing_p50_rep14_seed68.csv,HybAdamUM_completed_p50_rep14_seed68.csv,hyb_adam_um_outputs/logs/HybAdamUM_completed_p50_rep14_seed68.log,hyb_adam_um_outputs/logs/epoch_logs/HybAdamUM_completed_p50_rep14_seed68_epochs.csv,35.04673881000008,23.39062074544927,0.010470898546416536,0.051407957682306084,0.5003832758820228,46.74540871538672,0.02022617682793644,0.025637782676899926,0.012404073339567522,0.929404241532234,0.9086485102023393,0.0,0.0,91.33987108265296,23.39062074544927,74.39166437591835,5000,5000,5000,0.0025,two_way_mean,1,0,91.33987108265296,23.39062074544927,0.43581018375301617,0.23144578306653715,0.2533063923585599,0.2905401225020108,"{""epochs"": 5000, ""print_every"": 500, ""lr_init"": 0.02, ""lr_milestones"": [700, 2000, 4000], ""lr_factor"": 0.5, ""lr_min"": 0.0001, ""sched_patience_blocks"": 7, ""weight_decay"": 0.0, ""clip_grad_norm"": 5.0, ""h_central_diff"": 1e-05, ""beta1"": 0.9, ""beta2"": 0.999, ""adam_eps"": 1e-08, ""seed_hyb"": 42, ""init_strategy"": ""two_way_mean"", ""n_restarts"": 1, ""restart_jitter_scale"": 0.03, ""max_distance_factor"": 1.5, ""normalize_objective_by_triplets"": true, ""convergence_rel_tol"": 1e-07, ""convergence_patience_checks"": 5, ""early_stop"": false}"
Hyb-Adam-UM,50,0.5,0.49523809523809526,15,69,105,52,53,52,True,True,True,True,,missing_p50_rep15_seed69.csv,HybAdamUM_completed_p50_rep15_seed69.csv,hyb_adam_um_outputs/logs/HybAdamUM_completed_p50_rep15_seed69.log,hyb_adam_um_outputs/logs/epoch_logs/HybAdamUM_completed_p50_rep15_seed69_epochs.csv,34.63179643100011,31.856237396985417,0.01334490624833575,0.07001370856480311,0.6814837707579956,46.74540871538672,0.02022617682793644,0.021907610764634575,0.010944428732372984,0.9185019348865799,0.911636643046188,0.0,0.0,198.90068709578432,31.856237396985417,83.98384748583373,4500,5000,4500,0.0025,two_way_mean,1,0,198.90068709578432,31.856237396985417,0.43581018375301617,0.23185253499719236,0.2531714389271475,0.2905401225020108,"{""epochs"": 5000, ""print_every"": 500, ""lr_init"": 0.02, ""lr_milestones"": [700, 2000, 4000], ""lr_factor"": 0.5, ""lr_min"": 0.0001, ""sched_patience_blocks"": 7, ""weight_decay"": 0.0, ""clip_grad_norm"": 5.0, ""h_central_diff"": 1e-05, ""beta1"": 0.9, ""beta2"": 0.999, ""adam_eps"": 1e-08, ""seed_hyb"": 42, ""init_strategy"": ""two_way_mean"", ""n_restarts"": 1, ""restart_jitter_scale"": 0.03, ""max_distance_factor"": 1.5, ""normalize_objective_by_triplets"": true, ""convergence_rel_tol"": 1e-07, ""convergence_patience_checks"": 5, ""early_stop"": false}"
Hyb-Adam-UM,50,0.5,0.49523809523809526,16,70,105,52,53,52,True,True,True,True,,missing_p50_rep16_seed70.csv,HybAdamUM_completed_p50_rep16_seed70.csv,hyb_adam_um_outputs/logs/HybAdamUM_completed_p50_rep16_seed70.log,hyb_adam_um_outputs/logs/epoch_logs/HybAdamUM_completed_p50_rep16_seed70_epochs.csv,34.76657504600007,22.605274594424237,0.010018569276270633,0.049681922185547775,0.4835827777666533,46.74540871538672,0.02022617682793644,0.018218023649833315,0.01084492625909758,0.9341071961190951,0.8342013147784513,0.0,0.0,116.92998126973765,22.605274594424237,80.66768304505439,4500,5000,4500,0.0025,two_way_mean,1,0,116.92998126973765,22.605274594424237,0.43581018375301617,0.2272373949004465,0.2500918329864087,0.2905401225020108,"{""epochs"": 5000, ""print_every"": 500, ""lr_init"": 0.02, ""lr_milestones"": [700, 2000, 4000], ""lr_factor"": 0.5, ""lr_min"": 0.0001, ""sched_patience_blocks"": 7, ""weight_decay"": 0.0, ""clip_grad_norm"": 5.0, ""h_central_diff"": 1e-05, ""beta1"": 0.9, ""beta2"": 0.999, ""adam_eps"": 1e-08, ""seed_hyb"": 42, ""init_strategy"": ""two_way_mean"", ""n_restarts"": 1, ""restart_jitter_scale"": 0.03, ""max_distance_factor"": 1.5, ""normalize_objective_by_triplets"": true, ""convergence_rel_tol"": 1e-07, ""convergence_patience_checks"": 5, ""early_stop"": false}"
Hyb-Adam-UM,50,0.5,0.49523809523809526,17,71,105,52,53,52,True,True,True,True,,missing_p50_rep17_seed71.csv,HybAdamUM_completed_p50_rep17_seed71.csv,hyb_adam_um_outputs/logs/HybAdamUM_completed_p50_rep17_seed71.log,hyb_adam_um_outputs/logs/epoch_logs/HybAdamUM_completed_p50_rep17_seed71_epochs.csv,35.079159993000076,26.852951464608076,0.011947304024599004,0.05901747574639137,0.5744511001733772,46.74540871538672,0.02022617682793644,0.021608615308247894,0.01243626582640869,0.9208685463890768,0.918466660974985,0.0,0.0,131.84683791413008,26.852951464608076,79.63322299614268,5000,5000,5000,0.0025,two_way_mean,1,0,131.84683791413008,26.852951464608076,0.43581018375301617,0.22482946269765644,0.2413251194367613,0.2905401225020108,"{""epochs"": 5000, ""print_every"": 500, ""lr_init"": 0.02, ""lr_milestones"": [700, 2000, 4000], ""lr_factor"": 0.5, ""lr_min"": 0.0001, ""sched_patience_blocks"": 7, ""weight_decay"": 0.0, ""clip_grad_norm"": 5.0, ""h_central_diff"": 1e-05, ""beta1"": 0.9, ""beta2"": 0.999, ""adam_eps"": 1e-08, ""seed_hyb"": 42, ""init_strategy"": ""two_way_mean"", ""n_restarts"": 1, ""restart_jitter_scale"": 0.03, ""max_distance_factor"": 1.5, ""normalize_objective_by_triplets"": true, ""convergence_rel_tol"": 1e-07, ""convergence_patience_checks"": 5, ""early_stop"": false}"
Hyb-Adam-UM,50,0.5,0.49523809523809526,18,72,105,52,53,52,True,True,True,True,,missing_p50_rep18_seed72.csv,HybAdamUM_completed_p50_rep18_seed72.csv,hyb_adam_um_outputs/logs/HybAdamUM_completed_p50_rep18_seed72.log,hyb_adam_um_outputs/logs/epoch_logs/HybAdamUM_completed_p50_rep18_seed72_epochs.csv,35.192783898000016,24.019058088444396,0.010705780880512997,0.05278913865592175,0.5138271062017323,46.74540871538672,0.02022617682793644,0.015048082756742019,0.0080032386657848,0.958568278531921,0.9073678818406897,0.0,0.0,225.96844641235242,24.019058088444396,89.37061414113815,5000,5000,5000,0.0025,two_way_mean,1,0,225.96844641235242,24.019058088444396,0.43036522601847826,0.2247766167192279,0.2498469824947974,0.2869101506789855,"{""epochs"": 5000, ""print_every"": 500, ""lr_init"": 0.02, ""lr_milestones"": [700, 2000, 4000], ""lr_factor"": 0.5, ""lr_min"": 0.0001, ""sched_patience_blocks"": 7, ""weight_decay"": 0.0, ""clip_grad_norm"": 5.0, ""h_central_diff"": 1e-05, ""beta1"": 0.9, ""beta2"": 0.999, ""adam_eps"": 1e-08, ""seed_hyb"": 42, ""init_strategy"": ""two_way_mean"", ""n_restarts"": 1, ""restart_jitter_scale"": 0.03, ""max_distance_factor"": 1.5, ""normalize_objective_by_triplets"": true, ""convergence_rel_tol"": 1e-07, ""convergence_patience_checks"": 5, ""early_stop"": false}"
Hyb-Adam-UM,50,0.5,0.49523809523809526,19,73,105,52,53,52,True,True,True,True,,missing_p50_rep19_seed73.csv,HybAdamUM_completed_p50_rep19_seed73.csv,hyb_adam_um_outputs/logs/HybAdamUM_completed_p50_rep19_seed73.log,hyb_adam_um_outputs/logs/epoch_logs/HybAdamUM_completed_p50_rep19_seed73_epochs.csv,35.264102559000094,22.021339748059923,0.009910524591416553,0.048398548896834995,0.47109096600563843,46.74540871538672,0.02022617682793644,0.020930424807109584,0.009775616004612388,0.9492709657238927,0.9592760180995474,0.0,0.0,117.39024415876524,22.021339748059923,81.24091153752349,4500,5000,4500,0.0025,two_way_mean,1,0,117.39024415876524,22.021339748059923,0.43581018375301617,0.23107054036960836,0.2533063923585599,0.2905401225020108,"{""epochs"": 5000, ""print_every"": 500, ""lr_init"": 0.02, ""lr_milestones"": [700, 2000, 4000], ""lr_factor"": 0.5, ""lr_min"": 0.0001, ""sched_patience_blocks"": 7, ""weight_decay"": 0.0, ""clip_grad_norm"": 5.0, ""h_central_diff"": 1e-05, ""beta1"": 0.9, ""beta2"": 0.999, ""adam_eps"": 1e-08, ""seed_hyb"": 42, ""init_strategy"": ""two_way_mean"", ""n_restarts"": 1, ""restart_jitter_scale"": 0.03, ""max_distance_factor"": 1.5, ""normalize_objective_by_triplets"": true, ""convergence_rel_tol"": 1e-07, ""convergence_patience_checks"": 5, ""early_stop"": false}"
Hyb-Adam-UM,50,0.5,0.49523809523809526,20,74,105,52,53,52,True,True,True,True,,missing_p50_rep20_seed74.csv,HybAdamUM_completed_p50_rep20_seed74.csv,hyb_adam_um_outputs/logs/HybAdamUM_completed_p50_rep20_seed74.log,hyb_adam_um_outputs/logs/epoch_logs/HybAdamUM_completed_p50_rep20_seed74_epochs.csv,35.09433184900013,22.16246041021665,0.009825992242088563,0.04870870419827835,0.4741098862811237,46.74540871538672,0.02022617682793644,0.009150398679809718,0.005655129164366363,0.9837711907373626,0.9099291385639886,0.0,0.0,166.6451115000882,22.16246041021665,86.70080375552756,4500,5000,4500,0.0025,two_way_mean,1,0,166.6451115000882,22.16246041021665,0.43036522601847826,0.22546134715004146,0.2533063923585599,0.2869101506789855,"{""epochs"": 5000, ""print_every"": 500, ""lr_init"": 0.02, ""lr_milestones"": [700, 2000, 4000], ""lr_factor"": 0.5, ""lr_min"": 0.0001, ""sched_patience_blocks"": 7, ""weight_decay"": 0.0, ""clip_grad_norm"": 5.0, ""h_central_diff"": 1e-05, ""beta1"": 0.9, ""beta2"": 0.999, ""adam_eps"": 1e-08, ""seed_hyb"": 42, ""init_strategy"": ""two_way_mean"", ""n_restarts"": 1, ""restart_jitter_scale"": 0.03, ""max_distance_factor"": 1.5, ""normalize_objective_by_triplets"": true, ""convergence_rel_tol"": 1e-07, ""convergence_patience_checks"": 5, ""early_stop"": false}"
Hyb-Adam-UM,50,0.5,0.49523809523809526,21,75,105,52,53,52,True,True,True,True,,missing_p50_rep21_seed75.csv,HybAdamUM_completed_p50_rep21_seed75.csv,hyb_adam_um_outputs/logs/HybAdamUM_completed_p50_rep21_seed75.log,hyb_adam_um_outputs/logs/epoch_logs/HybAdamUM_completed_p50_rep21_seed75_epochs.csv,34.746771007999996,27.909236001209308,0.012205286552870821,0.06133898022243804,0.5970476410022852,46.74540871538672,0.02022617682793644,0.00926218156319381,0.004945832253499748,0.9870504650354572,0.9753265602322205,0.0,0.0,112.57360889393875,27.909236001209308,75.20801165084438,4500,5000,4500,0.0025,two_way_mean,1,0,112.57360889393875,27.909236001209308,0.42966275386621955,0.22993985277360612,0.2531714389271475,0.286441835910813,"{""epochs"": 5000, ""print_every"": 500, ""lr_init"": 0.02, ""lr_milestones"": [700, 2000, 4000], ""lr_factor"": 0.5, ""lr_min"": 0.0001, ""sched_patience_blocks"": 7, ""weight_decay"": 0.0, ""clip_grad_norm"": 5.0, ""h_central_diff"": 1e-05, ""beta1"": 0.9, ""beta2"": 0.999, ""adam_eps"": 1e-08, ""seed_hyb"": 42, ""init_strategy"": ""two_way_mean"", ""n_restarts"": 1, ""restart_jitter_scale"": 0.03, ""max_distance_factor"": 1.5, ""normalize_objective_by_triplets"": true, ""convergence_rel_tol"": 1e-07, ""convergence_patience_checks"": 5, ""early_stop"": false}"
Hyb-Adam-UM,50,0.5,0.49523809523809526,22,76,105,52,53,52,True,True,True,True,,missing_p50_rep22_seed76.csv,HybAdamUM_completed_p50_rep22_seed76.csv,hyb_adam_um_outputs/logs/HybAdamUM_completed_p50_rep22_seed76.log,hyb_adam_um_outputs/logs/epoch_logs/HybAdamUM_completed_p50_rep22_seed76_epochs.csv,34.85379719100001,27.690577139491502,0.012172329099520936,0.06085841129558572,0.5923699867100931,46.74540871538672,0.02022617682793644,0.009559799981953221,0.006307490304982331,0.9797781522493356,0.9071971313924698,0.0,0.0,127.50407137383696,27.690577139491502,78.28259377043435,5000,5000,5000,0.0025,two_way_mean,1,0,127.50407137383696,27.690577139491502,0.43036522601847826,0.22473120588752107,0.2480117459929034,0.2869101506789855,"{""epochs"": 5000, ""print_every"": 500, ""lr_init"": 0.02, ""lr_milestones"": [700, 2000, 4000], ""lr_factor"": 0.5, ""lr_min"": 0.0001, ""sched_patience_blocks"": 7, ""weight_decay"": 0.0, ""clip_grad_norm"": 5.0, ""h_central_diff"": 1e-05, ""beta1"": 0.9, ""beta2"": 0.999, ""adam_eps"": 1e-08, ""seed_hyb"": 42, ""init_strategy"": ""two_way_mean"", ""n_restarts"": 1, ""restart_jitter_scale"": 0.03, ""max_distance_factor"": 1.5, ""normalize_objective_by_triplets"": true, ""convergence_rel_tol"": 1e-07, ""convergence_patience_checks"": 5, ""early_stop"": false}"
Hyb-Adam-UM,50,0.5,0.49523809523809526,23,77,105,52,53,52,True,True,True,True,,missing_p50_rep23_seed77.csv,HybAdamUM_completed_p50_rep23_seed77.csv,hyb_adam_um_outputs/logs/HybAdamUM_completed_p50_rep23_seed77.log,hyb_adam_um_outputs/logs/epoch_logs/HybAdamUM_completed_p50_rep23_seed77_epochs.csv,35.194176621999986,24.260791077480985,0.01067232392073686,0.05332041995050766,0.5189983731920029,46.74540871538672,0.02022617682793644,0.017654926293463345,0.010302804521642915,0.9481415856472926,0.8745837957824639,0.0,0.0,132.11828014508365,24.260791077480985,81.63706714101987,4500,5000,4500,0.0025,two_way_mean,1,0,132.11828014508365,24.260791077480985,0.4246469753961891,0.22308052862356095,0.2183400760083364,0.2830979835974594,"{""epochs"": 5000, ""print_every"": 500, ""lr_init"": 0.02, ""lr_milestones"": [700, 2000, 4000], ""lr_factor"": 0.5, ""lr_min"": 0.0001, ""sched_patience_blocks"": 7, ""weight_decay"": 0.0, ""clip_grad_norm"": 5.0, ""h_central_diff"": 1e-05, ""beta1"": 0.9, ""beta2"": 0.999, ""adam_eps"": 1e-08, ""seed_hyb"": 42, ""init_strategy"": ""two_way_mean"", ""n_restarts"": 1, ""restart_jitter_scale"": 0.03, ""max_distance_factor"": 1.5, ""normalize_objective_by_triplets"": true, ""convergence_rel_tol"": 1e-07, ""convergence_patience_checks"": 5, ""early_stop"": false}"
Hyb-Adam-UM,50,0.5,0.49523809523809526,24,78,105,52,53,52,True,True,True,True,,missing_p50_rep24_seed78.csv,HybAdamUM_completed_p50_rep24_seed78.csv,hyb_adam_um_outputs/logs/HybAdamUM_completed_p50_rep24_seed78.log,hyb_adam_um_outputs/logs/epoch_logs/HybAdamUM_completed_p50_rep24_seed78_epochs.csv,35.23688287699997,24.12433236546855,0.010731294033978898,0.05302051069333747,0.5160791835696964,46.74540871538672,0.02022617682793644,0.0206621810561362,0.009481922631784788,0.9388931012323561,0.9173567830615555,0.0,0.0,104.27045292929066,24.12433236546855,76.86369274541458,4500,5000,4500,0.0025,two_way_mean,1,0,104.27045292929066,24.12433236546855,0.43581018375301617,0.2318335410444011,0.2576197836166924,0.2905401225020108,"{""epochs"": 5000, ""print_every"": 500, ""lr_init"": 0.02, ""lr_milestones"": [700, 2000, 4000], ""lr_factor"": 0.5, ""lr_min"": 0.0001, ""sched_patience_blocks"": 7, ""weight_decay"": 0.0, ""clip_grad_norm"": 5.0, ""h_central_diff"": 1e-05, ""beta1"": 0.9, ""beta2"": 0.999, ""adam_eps"": 1e-08, ""seed_hyb"": 42, ""init_strategy"": ""two_way_mean"", ""n_restarts"": 1, ""restart_jitter_scale"": 0.03, ""max_distance_factor"": 1.5, ""normalize_objective_by_triplets"": true, ""convergence_rel_tol"": 1e-07, ""convergence_patience_checks"": 5, ""early_stop"": false}"
Hyb-Adam-UM,50,0.5,0.49523809523809526,25,79,105,52,53,52,True,True,True,True,,missing_p50_rep25_seed79.csv,HybAdamUM_completed_p50_rep25_seed79.csv,hyb_adam_um_outputs/logs/HybAdamUM_completed_p50_rep25_seed79.log,hyb_adam_um_outputs/logs/epoch_logs/HybAdamUM_completed_p50_rep25_seed79_epochs.csv,35.12912608200031,26.367157083842677,0.011734282202856595,0.05794979578866522,0.5640587558958204,46.74540871538672,0.02022617682793644,0.02311650118974092,0.012009079558462853,0.9130073884128365,0.9374199607273969,0.0,0.0,133.99095910241388,26.367157083842677,80.32168941809772,4500,5000,4500,0.0025,two_way_mean,1,0,133.99095910241388,26.367157083842677,0.43581018375301617,0.23686486161747566,0.2595002762600528,0.2905401225020108,"{""epochs"": 5000, ""print_every"": 500, ""lr_init"": 0.02, ""lr_milestones"": [700, 2000, 4000], ""lr_factor"": 0.5, ""lr_min"": 0.0001, ""sched_patience_blocks"": 7, ""weight_decay"": 0.0, ""clip_grad_norm"": 5.0, ""h_central_diff"": 1e-05, ""beta1"": 0.9, ""beta2"": 0.999, ""adam_eps"": 1e-08, ""seed_hyb"": 42, ""init_strategy"": ""two_way_mean"", ""n_restarts"": 1, ""restart_jitter_scale"": 0.03, ""max_distance_factor"": 1.5, ""normalize_objective_by_triplets"": true, ""convergence_rel_tol"": 1e-07, ""convergence_patience_checks"": 5, ""early_stop"": false}"
Hyb-Adam-UM,50,0.5,0.49523809523809526,26,80,105,52,53,52,True,True,True,True,,missing_p50_rep26_seed80.csv,HybAdamUM_completed_p50_rep26_seed80.csv,hyb_adam_um_outputs/logs/HybAdamUM_completed_p50_rep26_seed80.log,hyb_adam_um_outputs/logs/epoch_logs/HybAdamUM_completed_p50_rep26_seed80_epochs.csv,35.13253318600027,29.128542283955245,0.0128582417135516,0.06401877425045109,0.6231316205043104,46.74540871538672,0.02022617682793644,0.017619309267059357,0.008444075393453411,0.9435886972720747,0.8993426107743532,0.0,0.0,147.58655033836357,29.128542283955245,80.26341681056043,5000,5000,5000,0.0025,two_way_mean,1,0,147.58655033836357,29.128542283955245,0.43581018375301617,0.22984874046218387,0.2533063923585599,0.2905401225020108,"{""epochs"": 5000, ""print_every"": 500, ""lr_init"": 0.02, ""lr_milestones"": [700, 2000, 4000], ""lr_factor"": 0.5, ""lr_min"": 0.0001, ""sched_patience_blocks"": 7, ""weight_decay"": 0.0, ""clip_grad_norm"": 5.0, ""h_central_diff"": 1e-05, ""beta1"": 0.9, ""beta2"": 0.999, ""adam_eps"": 1e-08, ""seed_hyb"": 42, ""init_strategy"": ""two_way_mean"", ""n_restarts"": 1, ""restart_jitter_scale"": 0.03, ""max_distance_factor"": 1.5, ""normalize_objective_by_triplets"": true, ""convergence_rel_tol"": 1e-07, ""convergence_patience_checks"": 5, ""early_stop"": false}"
Hyb-Adam-UM,50,0.5,0.49523809523809526,27,81,105,52,53,52,True,True,True,True,,missing_p50_rep27_seed81.csv,HybAdamUM_completed_p50_rep27_seed81.csv,hyb_adam_um_outputs/logs/HybAdamUM_completed_p50_rep27_seed81.log,hyb_adam_um_outputs/logs/epoch_logs/HybAdamUM_completed_p50_rep27_seed81_epochs.csv,34.94853029599972,23.930035199016626,0.010799203498578103,0.05259348395388269,0.5119226862410514,46.74540871538672,0.02022617682793644,0.005370667227466239,0.004325044203672959,0.9935423633335597,0.9545803807734995,0.0,0.0,305.72900772323254,23.930035199016626,92.17279532052784,4500,5000,4500,0.0025,two_way_mean,1,0,305.72900772323254,23.930035199016626,0.42966275386621955,0.22226834500637715,0.2498469824947974,0.286441835910813,"{""epochs"": 5000, ""print_every"": 500, ""lr_init"": 0.02, ""lr_milestones"": [700, 2000, 4000], ""lr_factor"": 0.5, ""lr_min"": 0.0001, ""sched_patience_blocks"": 7, ""weight_decay"": 0.0, ""clip_grad_norm"": 5.0, ""h_central_diff"": 1e-05, ""beta1"": 0.9, ""beta2"": 0.999, ""adam_eps"": 1e-08, ""seed_hyb"": 42, ""init_strategy"": ""two_way_mean"", ""n_restarts"": 1, ""restart_jitter_scale"": 0.03, ""max_distance_factor"": 1.5, ""normalize_objective_by_triplets"": true, ""convergence_rel_tol"": 1e-07, ""convergence_patience_checks"": 5, ""early_stop"": false}"
Hyb-Adam-UM,50,0.5,0.49523809523809526,28,82,105,52,53,52,True,True,True,True,,missing_p50_rep28_seed82.csv,HybAdamUM_completed_p50_rep28_seed82.csv,hyb_adam_um_outputs/logs/HybAdamUM_completed_p50_rep28_seed82.log,hyb_adam_um_outputs/logs/epoch_logs/HybAdamUM_completed_p50_rep28_seed82_epochs.csv,34.6403500790002,25.892652831734814,0.011541406515868335,0.05690692930051607,0.5539079354163821,46.74540871538672,0.02022617682793644,0.023389177291149026,0.011935094557871574,0.9247520602671901,0.9186374114232049,0.0,0.0,98.28833294100228,25.892652831734814,73.65643300993118,4500,5000,4500,0.0025,two_way_mean,1,0,98.28833294100228,25.892652831734814,0.43036522601847826,0.23415597751304343,0.2600515950418423,0.2869101506789855,"{""epochs"": 5000, ""print_every"": 500, ""lr_init"": 0.02, ""lr_milestones"": [700, 2000, 4000], ""lr_factor"": 0.5, ""lr_min"": 0.0001, ""sched_patience_blocks"": 7, ""weight_decay"": 0.0, ""clip_grad_norm"": 5.0, ""h_central_diff"": 1e-05, ""beta1"": 0.9, ""beta2"": 0.999, ""adam_eps"": 1e-08, ""seed_hyb"": 42, ""init_strategy"": ""two_way_mean"", ""n_restarts"": 1, ""restart_jitter_scale"": 0.03, ""max_distance_factor"": 1.5, ""normalize_objective_by_triplets"": true, ""convergence_rel_tol"": 1e-07, ""convergence_patience_checks"": 5, ""early_stop"": false}"
Hyb-Adam-UM,50,0.5,0.49523809523809526,29,83,105,52,53,52,True,True,True,True,,missing_p50_rep29_seed83.csv,HybAdamUM_completed_p50_rep29_seed83.csv,hyb_adam_um_outputs/logs/HybAdamUM_completed_p50_rep29_seed83.log,hyb_adam_um_outputs/logs/epoch_logs/HybAdamUM_completed_p50_rep29_seed83_epochs.csv,34.88973049000015,20.978141889861693,0.009350390953771244,0.046105806351344376,0.44877438162085265,46.74540871538672,0.02022617682793644,0.017919351045447982,0.008742953089915474,0.9411827435032032,0.9136856484248271,0.0,0.0,169.40935814060694,20.978141889861693,87.61689311611099,4500,5000,4500,0.0025,two_way_mean,1,0,169.40935814060694,20.978141889861693,0.43036522601847826,0.2236868126039222,0.2183400760083364,0.2869101506789855,"{""epochs"": 5000, ""print_every"": 500, ""lr_init"": 0.02, ""lr_milestones"": [700, 2000, 4000], ""lr_factor"": 0.5, ""lr_min"": 0.0001, ""sched_patience_blocks"": 7, ""weight_decay"": 0.0, ""clip_grad_norm"": 5.0, ""h_central_diff"": 1e-05, ""beta1"": 0.9, ""beta2"": 0.999, ""adam_eps"": 1e-08, ""seed_hyb"": 42, ""init_strategy"": ""two_way_mean"", ""n_restarts"": 1, ""restart_jitter_scale"": 0.03, ""max_distance_factor"": 1.5, ""normalize_objective_by_triplets"": true, ""convergence_rel_tol"": 1e-07, ""convergence_patience_checks"": 5, ""early_stop"": false}"
Hyb-Adam-UM,50,0.5,0.49523809523809526,30,84,105,52,53,52,True,True,True,True,,missing_p50_rep30_seed84.csv,HybAdamUM_completed_p50_rep30_seed84.csv,hyb_adam_um_outputs/logs/HybAdamUM_completed_p50_rep30_seed84.log,hyb_adam_um_outputs/logs/epoch_logs/HybAdamUM_completed_p50_rep30_seed84_epochs.csv,35.13949494600001,24.784764771440102,0.010793160092922173,0.054472010486681544,0.530207467482939,46.74540871538672,0.02022617682793644,0.0454455899951019,0.026340689337595372,0.6966988705230424,0.4877486553402202,0.0,0.0,97.30213517479363,24.784764771440102,74.52803607349755,4500,5000,4500,0.0025,two_way_mean,1,0,97.30213517479363,24.784764771440102,0.43581018375301617,0.23417918671857085,0.2533063923585599,0.2905401225020108,"{""epochs"": 5000, ""print_every"": 500, ""lr_init"": 0.02, ""lr_milestones"": [700, 2000, 4000], ""lr_factor"": 0.5, ""lr_min"": 0.0001, ""sched_patience_blocks"": 7, ""weight_decay"": 0.0, ""clip_grad_norm"": 5.0, ""h_central_diff"": 1e-05, ""beta1"": 0.9, ""beta2"": 0.999, ""adam_eps"": 1e-08, ""seed_hyb"": 42, ""init_strategy"": ""two_way_mean"", ""n_restarts"": 1, ""restart_jitter_scale"": 0.03, ""max_distance_factor"": 1.5, ""normalize_objective_by_triplets"": true, ""convergence_rel_tol"": 1e-07, ""convergence_patience_checks"": 5, ""early_stop"": false}"
Hyb-Adam-UM,65,0.65,0.6476190476190476,1,55,105,68,37,68,True,True,True,True,,missing_p65_rep01_seed55.csv,HybAdamUM_completed_p65_rep01_seed55.csv,hyb_adam_um_outputs/logs/HybAdamUM_completed_p65_rep01_seed55.log,hyb_adam_um_outputs/logs/epoch_logs/HybAdamUM_completed_p65_rep01_seed55_epochs.csv,45.47543350900014,13.350181709097486,0.005792540728024459,0.029341058701313157,0.28559343208187926,46.74540871538672,0.02022617682793644,0.050498761139400807,0.031678705519155324,0.736132545289312,0.7636752299881664,0.0,0.0,67.57008307127498,13.350181709097486,80.24246663273256,5000,5000,5000,0.0025,two_way_mean,1,0,67.57008307127498,13.350181709097486,0.4246469753961891,0.23648529687131764,0.2576197836166924,0.2830979835974594,"{""epochs"": 5000, ""print_every"": 500, ""lr_init"": 0.02, ""lr_milestones"": [700, 2000, 4000], ""lr_factor"": 0.5, ""lr_min"": 0.0001, ""sched_patience_blocks"": 7, ""weight_decay"": 0.0, ""clip_grad_norm"": 5.0, ""h_central_diff"": 1e-05, ""beta1"": 0.9, ""beta2"": 0.999, ""adam_eps"": 1e-08, ""seed_hyb"": 42, ""init_strategy"": ""two_way_mean"", ""n_restarts"": 1, ""restart_jitter_scale"": 0.03, ""max_distance_factor"": 1.5, ""normalize_objective_by_triplets"": true, ""convergence_rel_tol"": 1e-07, ""convergence_patience_checks"": 5, ""early_stop"": false}"
Hyb-Adam-UM,65,0.65,0.6476190476190476,2,56,105,68,37,68,True,True,True,True,,missing_p65_rep02_seed56.csv,HybAdamUM_completed_p65_rep02_seed56.csv,hyb_adam_um_outputs/logs/HybAdamUM_completed_p65_rep02_seed56.log,hyb_adam_um_outputs/logs/epoch_logs/HybAdamUM_completed_p65_rep02_seed56_epochs.csv,45.205463698999665,13.03890042140884,0.005882824907202026,0.028656924003096353,0.2789343548325197,46.74540871538672,0.02022617682793644,0.028833028142144213,0.015575149041100323,0.9331390173463345,0.9120509982059014,0.0,0.0,86.04344368446714,13.03890042140884,84.84614299117985,5000,5000,5000,0.0025,two_way_mean,1,0,86.04344368446714,13.03890042140884,0.43581018375301617,0.22164665113859144,0.2134250243427458,0.2905401225020108,"{""epochs"": 5000, ""print_every"": 500, ""lr_init"": 0.02, ""lr_milestones"": [700, 2000, 4000], ""lr_factor"": 0.5, ""lr_min"": 0.0001, ""sched_patience_blocks"": 7, ""weight_decay"": 0.0, ""clip_grad_norm"": 5.0, ""h_central_diff"": 1e-05, ""beta1"": 0.9, ""beta2"": 0.999, ""adam_eps"": 1e-08, ""seed_hyb"": 42, ""init_strategy"": ""two_way_mean"", ""n_restarts"": 1, ""restart_jitter_scale"": 0.03, ""max_distance_factor"": 1.5, ""normalize_objective_by_triplets"": true, ""convergence_rel_tol"": 1e-07, ""convergence_patience_checks"": 5, ""early_stop"": false}"
Hyb-Adam-UM,65,0.65,0.6476190476190476,3,57,105,68,37,68,True,True,True,True,,missing_p65_rep03_seed57.csv,HybAdamUM_completed_p65_rep03_seed57.csv,hyb_adam_um_outputs/logs/HybAdamUM_completed_p65_rep03_seed57.log,hyb_adam_um_outputs/logs/epoch_logs/HybAdamUM_completed_p65_rep03_seed57_epochs.csv,44.95946194499993,17.827492961756306,0.007346136787389596,0.039181303212651224,0.381374202337185,46.74540871538672,0.02022617682793644,0.022803059591999596,0.012825696916069622,0.9153759534635855,0.8815894949803411,0.0,0.0,243.96690262044402,17.827492961756306,92.69265922128308,5000,5000,5000,0.0025,two_way_mean,1,0,243.96690262044402,17.827492961756306,0.43036522601847826,0.2303206090813619,0.2576197836166924,0.2869101506789855,"{""epochs"": 5000, ""print_every"": 500, ""lr_init"": 0.02, ""lr_milestones"": [700, 2000, 4000], ""lr_factor"": 0.5, ""lr_min"": 0.0001, ""sched_patience_blocks"": 7, ""weight_decay"": 0.0, ""clip_grad_norm"": 5.0, ""h_central_diff"": 1e-05, ""beta1"": 0.9, ""beta2"": 0.999, ""adam_eps"": 1e-08, ""seed_hyb"": 42, ""init_strategy"": ""two_way_mean"", ""n_restarts"": 1, ""restart_jitter_scale"": 0.03, ""max_distance_factor"": 1.5, ""normalize_objective_by_triplets"": true, ""convergence_rel_tol"": 1e-07, ""convergence_patience_checks"": 5, ""early_stop"": false}"
Hyb-Adam-UM,65,0.65,0.6476190476190476,4,58,105,68,37,68,True,True,True,True,,missing_p65_rep04_seed58.csv,HybAdamUM_completed_p65_rep04_seed58.csv,hyb_adam_um_outputs/logs/HybAdamUM_completed_p65_rep04_seed58.log,hyb_adam_um_outputs/logs/epoch_logs/HybAdamUM_completed_p65_rep04_seed58_epochs.csv,45.72344573700002,13.847815243048643,0.006307734281795846,0.030434758775931083,0.2962390451511978,46.74540871538672,0.02022617682793644,0.015464204385133856,0.009138088307514817,0.9621652866732078,0.9194182539985494,0.0,0.0,138.39895417278666,13.847815243048643,89.99427753929405,4500,5000,4500,0.0025,two_way_mean,1,0,138.39895417278666,13.847815243048643,0.4191736481340441,0.2232496834154784,0.2500918329864087,0.2794490987560294,"{""epochs"": 5000, ""print_every"": 500, ""lr_init"": 0.02, ""lr_milestones"": [700, 2000, 4000], ""lr_factor"": 0.5, ""lr_min"": 0.0001, ""sched_patience_blocks"": 7, ""weight_decay"": 0.0, ""clip_grad_norm"": 5.0, ""h_central_diff"": 1e-05, ""beta1"": 0.9, ""beta2"": 0.999, ""adam_eps"": 1e-08, ""seed_hyb"": 42, ""init_strategy"": ""two_way_mean"", ""n_restarts"": 1, ""restart_jitter_scale"": 0.03, ""max_distance_factor"": 1.5, ""normalize_objective_by_triplets"": true, ""convergence_rel_tol"": 1e-07, ""convergence_patience_checks"": 5, ""early_stop"": false}"
Hyb-Adam-UM,65,0.65,0.6476190476190476,5,59,105,68,37,68,True,True,True,True,,missing_p65_rep05_seed59.csv,HybAdamUM_completed_p65_rep05_seed59.csv,hyb_adam_um_outputs/logs/HybAdamUM_completed_p65_rep05_seed59.log,hyb_adam_um_outputs/logs/epoch_logs/HybAdamUM_completed_p65_rep05_seed59_epochs.csv,45.697830392000014,17.95760174903392,0.007270709832759134,0.03946725659128334,0.384157551351626,46.74540871538672,0.02022617682793644,0.0320415301473649,0.01786197635545912,0.8451634752555728,0.8650990571439476,0.0,0.0,92.11590896769823,17.95760174903392,80.50542848648324,4500,5000,4500,0.0025,two_way_mean,1,0,92.11590896769823,17.95760174903392,0.42080276219249024,0.23173772389949845,0.2576197836166924,0.2805351747949935,"{""epochs"": 5000, ""print_every"": 500, ""lr_init"": 0.02, ""lr_milestones"": [700, 2000, 4000], ""lr_factor"": 0.5, ""lr_min"": 0.0001, ""sched_patience_blocks"": 7, ""weight_decay"": 0.0, ""clip_grad_norm"": 5.0, ""h_central_diff"": 1e-05, ""beta1"": 0.9, ""beta2"": 0.999, ""adam_eps"": 1e-08, ""seed_hyb"": 42, ""init_strategy"": ""two_way_mean"", ""n_restarts"": 1, ""restart_jitter_scale"": 0.03, ""max_distance_factor"": 1.5, ""normalize_objective_by_triplets"": true, ""convergence_rel_tol"": 1e-07, ""convergence_patience_checks"": 5, ""early_stop"": false}"
Hyb-Adam-UM,65,0.65,0.6476190476190476,6,60,105,68,37,68,True,True,True,True,,missing_p65_rep06_seed60.csv,HybAdamUM_completed_p65_rep06_seed60.csv,hyb_adam_um_outputs/logs/HybAdamUM_completed_p65_rep06_seed60.log,hyb_adam_um_outputs/logs/epoch_logs/HybAdamUM_completed_p65_rep06_seed60_epochs.csv,45.58663483600003,15.525109114659,0.007017299120252897,0.03412111893331648,0.3321205128226583,46.74540871538672,0.02022617682793644,0.03196449142237435,0.016951691719461173,0.8536770154185485,0.8479215177310377,0.0,0.0,208.4675899016321,15.525109114659,92.55274686967662,4500,5000,4500,0.0025,two_way_mean,1,0,208.4675899016321,15.525109114659,0.43036522601847826,0.22899599813797233,0.2480117459929034,0.2869101506789855,"{""epochs"": 5000, ""print_every"": 500, ""lr_init"": 0.02, ""lr_milestones"": [700, 2000, 4000], ""lr_factor"": 0.5, ""lr_min"": 0.0001, ""sched_patience_blocks"": 7, ""weight_decay"": 0.0, ""clip_grad_norm"": 5.0, ""h_central_diff"": 1e-05, ""beta1"": 0.9, ""beta2"": 0.999, ""adam_eps"": 1e-08, ""seed_hyb"": 42, ""init_strategy"": ""two_way_mean"", ""n_restarts"": 1, ""restart_jitter_scale"": 0.03, ""max_distance_factor"": 1.5, ""normalize_objective_by_triplets"": true, ""convergence_rel_tol"": 1e-07, ""convergence_patience_checks"": 5, ""early_stop"": false}"
Hyb-Adam-UM,65,0.65,0.6476190476190476,7,61,105,68,37,68,True,True,True,True,,missing_p65_rep07_seed61.csv,HybAdamUM_completed_p65_rep07_seed61.csv,hyb_adam_um_outputs/logs/HybAdamUM_completed_p65_rep07_seed61.log,hyb_adam_um_outputs/logs/epoch_logs/HybAdamUM_completed_p65_rep07_seed61_epochs.csv,45.82508722500006,12.997243104050451,0.005911744053952851,0.02856536945945154,0.2780432017010534,46.74540871538672,0.02022617682793644,0.0537892495425631,0.032036039883883996,0.6284799705298099,0.564492117418025,0.0,0.0,57.94235691806618,12.997243104050451,77.56866686933482,4500,5000,4500,0.0025,two_way_mean,1,0,57.94235691806618,12.997243104050451,0.43581018375301617,0.241172040016005,0.2576197836166924,0.2905401225020108,"{""epochs"": 5000, ""print_every"": 500, ""lr_init"": 0.02, ""lr_milestones"": [700, 2000, 4000], ""lr_factor"": 0.5, ""lr_min"": 0.0001, ""sched_patience_blocks"": 7, ""weight_decay"": 0.0, ""clip_grad_norm"": 5.0, ""h_central_diff"": 1e-05, ""beta1"": 0.9, ""beta2"": 0.999, ""adam_eps"": 1e-08, ""seed_hyb"": 42, ""init_strategy"": ""two_way_mean"", ""n_restarts"": 1, ""restart_jitter_scale"": 0.03, ""max_distance_factor"": 1.5, ""normalize_objective_by_triplets"": true, ""convergence_rel_tol"": 1e-07, ""convergence_patience_checks"": 5, ""early_stop"": false}"
Hyb-Adam-UM,65,0.65,0.6476190476190476,8,62,105,68,37,68,True,True,True,True,,missing_p65_rep08_seed62.csv,HybAdamUM_completed_p65_rep08_seed62.csv,hyb_adam_um_outputs/logs/HybAdamUM_completed_p65_rep08_seed62.log,hyb_adam_um_outputs/logs/epoch_logs/HybAdamUM_completed_p65_rep08_seed62_epochs.csv,46.12882799499994,14.9286618084507,0.00654236902290743,0.03281024573285868,0.31936102857384535,46.74540871538672,0.02022617682793644,0.012633555715550849,0.008253875458882284,0.9670370948301439,0.9034622284994462,0.0,0.0,141.5695911866469,14.9286618084507,89.45489516264225,4500,5000,4500,0.0025,two_way_mean,1,0,141.5695911866469,14.9286618084507,0.43036522601847826,0.21492030456666608,0.2147163775070751,0.2869101506789855,"{""epochs"": 5000, ""print_every"": 500, ""lr_init"": 0.02, ""lr_milestones"": [700, 2000, 4000], ""lr_factor"": 0.5, ""lr_min"": 0.0001, ""sched_patience_blocks"": 7, ""weight_decay"": 0.0, ""clip_grad_norm"": 5.0, ""h_central_diff"": 1e-05, ""beta1"": 0.9, ""beta2"": 0.999, ""adam_eps"": 1e-08, ""seed_hyb"": 42, ""init_strategy"": ""two_way_mean"", ""n_restarts"": 1, ""restart_jitter_scale"": 0.03, ""max_distance_factor"": 1.5, ""normalize_objective_by_triplets"": true, ""convergence_rel_tol"": 1e-07, ""convergence_patience_checks"": 5, ""early_stop"": false}"
Hyb-Adam-UM,65,0.65,0.6476190476190476,9,63,105,68,37,68,True,True,True,True,,missing_p65_rep09_seed63.csv,HybAdamUM_completed_p65_rep09_seed63.csv,hyb_adam_um_outputs/logs/HybAdamUM_completed_p65_rep09_seed63.log,hyb_adam_um_outputs/logs/epoch_logs/HybAdamUM_completed_p65_rep09_seed63_epochs.csv,45.87014866799973,18.247731231974637,0.008026390664184254,0.04010490380653766,0.3903641391409679,46.74540871538672,0.02022617682793644,0.018614854487792452,0.00971877867166996,0.9503060726688132,0.9050654655113178,0.0,0.0,135.25857414292057,18.247731231974637,86.5090022221488,4500,5000,4500,0.0025,two_way_mean,1,0,135.25857414292057,18.247731231974637,0.43581018375301617,0.22067434985889053,0.2170960897241588,0.2905401225020108,"{""epochs"": 5000, ""print_every"": 500, ""lr_init"": 0.02, ""lr_milestones"": [700, 2000, 4000], ""lr_factor"": 0.5, ""lr_min"": 0.0001, ""sched_patience_blocks"": 7, ""weight_decay"": 0.0, ""clip_grad_norm"": 5.0, ""h_central_diff"": 1e-05, ""beta1"": 0.9, ""beta2"": 0.999, ""adam_eps"": 1e-08, ""seed_hyb"": 42, ""init_strategy"": ""two_way_mean"", ""n_restarts"": 1, ""restart_jitter_scale"": 0.03, ""max_distance_factor"": 1.5, ""normalize_objective_by_triplets"": true, ""convergence_rel_tol"": 1e-07, ""convergence_patience_checks"": 5, ""early_stop"": false}"
Hyb-Adam-UM,65,0.65,0.6476190476190476,10,64,105,68,37,68,True,True,True,True,,missing_p65_rep10_seed64.csv,HybAdamUM_completed_p65_rep10_seed64.csv,hyb_adam_um_outputs/logs/HybAdamUM_completed_p65_rep10_seed64.log,hyb_adam_um_outputs/logs/epoch_logs/HybAdamUM_completed_p65_rep10_seed64_epochs.csv,45.992952624999816,11.146400567105633,0.005080631743306669,0.024497583663968425,0.2384490984980239,46.74540871538672,0.02022617682793644,0.039581011690431656,0.019555201227915403,0.8209509385217183,0.8510134748253617,0.0,0.0,72.8487170885805,11.146400567105633,84.69924933125156,4500,5000,4500,0.0025,two_way_mean,1,0,72.8487170885805,11.146400567105633,0.43581018375301617,0.22222111228387187,0.2152153987167736,0.2905401225020108,"{""epochs"": 5000, ""print_every"": 500, ""lr_init"": 0.02, ""lr_milestones"": [700, 2000, 4000], ""lr_factor"": 0.5, ""lr_min"": 0.0001, ""sched_patience_blocks"": 7, ""weight_decay"": 0.0, ""clip_grad_norm"": 5.0, ""h_central_diff"": 1e-05, ""beta1"": 0.9, ""beta2"": 0.999, ""adam_eps"": 1e-08, ""seed_hyb"": 42, ""init_strategy"": ""two_way_mean"", ""n_restarts"": 1, ""restart_jitter_scale"": 0.03, ""max_distance_factor"": 1.5, ""normalize_objective_by_triplets"": true, ""convergence_rel_tol"": 1e-07, ""convergence_patience_checks"": 5, ""early_stop"": false}"
Hyb-Adam-UM,65,0.65,0.6476190476190476,11,65,105,68,37,68,True,True,True,True,,missing_p65_rep11_seed65.csv,HybAdamUM_completed_p65_rep11_seed65.csv,hyb_adam_um_outputs/logs/HybAdamUM_completed_p65_rep11_seed65.log,hyb_adam_um_outputs/logs/epoch_logs/HybAdamUM_completed_p65_rep11_seed65_epochs.csv,45.716937674999826,15.220087486512268,0.006852104744795954,0.03345074172859839,0.3255953451852571,46.74540871538672,0.02022617682793644,0.035517470081557215,0.01784813978183167,0.7984243182750522,0.8060464938733443,0.0,0.0,95.46454721129726,15.220087486512268,84.05681697434257,4500,5000,4500,0.0025,two_way_mean,1,0,95.46454721129726,15.220087486512268,0.43581018375301617,0.22496171141270063,0.22497564539698,0.2905401225020108,"{""epochs"": 5000, ""print_every"": 500, ""lr_init"": 0.02, ""lr_milestones"": [700, 2000, 4000], ""lr_factor"": 0.5, ""lr_min"": 0.0001, ""sched_patience_blocks"": 7, ""weight_decay"": 0.0, ""clip_grad_norm"": 5.0, ""h_central_diff"": 1e-05, ""beta1"": 0.9, ""beta2"": 0.999, ""adam_eps"": 1e-08, ""seed_hyb"": 42, ""init_strategy"": ""two_way_mean"", ""n_restarts"": 1, ""restart_jitter_scale"": 0.03, ""max_distance_factor"": 1.5, ""normalize_objective_by_triplets"": true, ""convergence_rel_tol"": 1e-07, ""convergence_patience_checks"": 5, ""early_stop"": false}"
Hyb-Adam-UM,65,0.65,0.6476190476190476,12,66,105,68,37,68,True,True,True,True,,missing_p65_rep12_seed66.csv,HybAdamUM_completed_p65_rep12_seed66.csv,hyb_adam_um_outputs/logs/HybAdamUM_completed_p65_rep12_seed66.log,hyb_adam_um_outputs/logs/epoch_logs/HybAdamUM_completed_p65_rep12_seed66_epochs.csv,45.63276342800009,14.627491533093355,0.006543897908020705,0.032148333039765616,0.312918250905753,46.74540871538672,0.02022617682793644,0.022530991839202926,0.012049940831439601,0.9270181162960167,0.8968584189029276,0.0,0.0,117.28067585253976,14.627491533093355,87.52779055307893,5000,5000,5000,0.0025,two_way_mean,1,0,117.28067585253976,14.627491533093355,0.43581018375301617,0.22677399844599477,0.2498469824947974,0.2905401225020108,"{""epochs"": 5000, ""print_every"": 500, ""lr_init"": 0.02, ""lr_milestones"": [700, 2000, 4000], ""lr_factor"": 0.5, ""lr_min"": 0.0001, ""sched_patience_blocks"": 7, ""weight_decay"": 0.0, ""clip_grad_norm"": 5.0, ""h_central_diff"": 1e-05, ""beta1"": 0.9, ""beta2"": 0.999, ""adam_eps"": 1e-08, ""seed_hyb"": 42, ""init_strategy"": ""two_way_mean"", ""n_restarts"": 1, ""restart_jitter_scale"": 0.03, ""max_distance_factor"": 1.5, ""normalize_objective_by_triplets"": true, ""convergence_rel_tol"": 1e-07, ""convergence_patience_checks"": 5, ""early_stop"": false}"
Hyb-Adam-UM,65,0.65,0.6476190476190476,13,67,105,68,37,68,True,True,True,True,,missing_p65_rep13_seed67.csv,HybAdamUM_completed_p65_rep13_seed67.csv,hyb_adam_um_outputs/logs/HybAdamUM_completed_p65_rep13_seed67.log,hyb_adam_um_outputs/logs/epoch_logs/HybAdamUM_completed_p65_rep13_seed67_epochs.csv,46.955608529000074,14.02489218452795,0.006344309647880972,0.030823938867094395,0.3000271592429465,46.74540871538672,0.02022617682793644,0.04197975581879508,0.022201540018156538,0.7967951099471914,0.8589914875749131,0.0,0.0,71.84625713092197,14.02489218452795,80.47930018265104,5000,5000,5000,0.0025,two_way_mean,1,0,71.84625713092197,14.02489218452795,0.42966275386621955,0.23607837934150902,0.2498469824947974,0.286441835910813,"{""epochs"": 5000, ""print_every"": 500, ""lr_init"": 0.02, ""lr_milestones"": [700, 2000, 4000], ""lr_factor"": 0.5, ""lr_min"": 0.0001, ""sched_patience_blocks"": 7, ""weight_decay"": 0.0, ""clip_grad_norm"": 5.0, ""h_central_diff"": 1e-05, ""beta1"": 0.9, ""beta2"": 0.999, ""adam_eps"": 1e-08, ""seed_hyb"": 42, ""init_strategy"": ""two_way_mean"", ""n_restarts"": 1, ""restart_jitter_scale"": 0.03, ""max_distance_factor"": 1.5, ""normalize_objective_by_triplets"": true, ""convergence_rel_tol"": 1e-07, ""convergence_patience_checks"": 5, ""early_stop"": false}"
Hyb-Adam-UM,65,0.65,0.6476190476190476,14,68,105,68,37,68,True,True,True,True,,missing_p65_rep14_seed68.csv,HybAdamUM_completed_p65_rep14_seed68.csv,hyb_adam_um_outputs/logs/HybAdamUM_completed_p65_rep14_seed68.log,hyb_adam_um_outputs/logs/epoch_logs/HybAdamUM_completed_p65_rep14_seed68_epochs.csv,47.45871364100003,16.181275454686407,0.007178514098549734,0.03556324275755254,0.3461575350256843,46.74540871538672,0.02022617682793644,0.0250358513950224,0.012870987623769497,0.9212530774997082,0.8802916364469214,0.0,0.0,88.33472154902253,16.181275454686407,81.68186283837845,5000,5000,5000,0.0025,two_way_mean,1,0,88.33472154902253,16.181275454686407,0.43036522601847826,0.22949080305435177,0.2553008419888145,0.2869101506789855,"{""epochs"": 5000, ""print_every"": 500, ""lr_init"": 0.02, ""lr_milestones"": [700, 2000, 4000], ""lr_factor"": 0.5, ""lr_min"": 0.0001, ""sched_patience_blocks"": 7, ""weight_decay"": 0.0, ""clip_grad_norm"": 5.0, ""h_central_diff"": 1e-05, ""beta1"": 0.9, ""beta2"": 0.999, ""adam_eps"": 1e-08, ""seed_hyb"": 42, ""init_strategy"": ""two_way_mean"", ""n_restarts"": 1, ""restart_jitter_scale"": 0.03, ""max_distance_factor"": 1.5, ""normalize_objective_by_triplets"": true, ""convergence_rel_tol"": 1e-07, ""convergence_patience_checks"": 5, ""early_stop"": false}"
Hyb-Adam-UM,65,0.65,0.6476190476190476,15,69,105,68,37,68,True,True,True,True,,missing_p65_rep15_seed69.csv,HybAdamUM_completed_p65_rep15_seed69.csv,hyb_adam_um_outputs/logs/HybAdamUM_completed_p65_rep15_seed69.log,hyb_adam_um_outputs/logs/epoch_logs/HybAdamUM_completed_p65_rep15_seed69_epochs.csv,45.742605080999965,17.33189434110465,0.007766952654103377,0.03809207547495527,0.37077212110030566,46.74540871538672,0.02022617682793644,0.025155844937065113,0.013073808495889946,0.9161823019636646,0.9073939764095126,0.0,0.0,122.12234183904991,17.33189434110465,85.80776123344647,5000,5000,5000,0.0025,two_way_mean,1,0,122.12234183904991,17.33189434110465,0.43581018375301617,0.22968038283551614,0.2498469824947974,0.2905401225020108,"{""epochs"": 5000, ""print_every"": 500, ""lr_init"": 0.02, ""lr_milestones"": [700, 2000, 4000], ""lr_factor"": 0.5, ""lr_min"": 0.0001, ""sched_patience_blocks"": 7, ""weight_decay"": 0.0, ""clip_grad_norm"": 5.0, ""h_central_diff"": 1e-05, ""beta1"": 0.9, ""beta2"": 0.999, ""adam_eps"": 1e-08, ""seed_hyb"": 42, ""init_strategy"": ""two_way_mean"", ""n_restarts"": 1, ""restart_jitter_scale"": 0.03, ""max_distance_factor"": 1.5, ""normalize_objective_by_triplets"": true, ""convergence_rel_tol"": 1e-07, ""convergence_patience_checks"": 5, ""early_stop"": false}"
Hyb-Adam-UM,65,0.65,0.6476190476190476,16,70,105,68,37,68,True,True,True,True,,missing_p65_rep16_seed70.csv,HybAdamUM_completed_p65_rep16_seed70.csv,hyb_adam_um_outputs/logs/HybAdamUM_completed_p65_rep16_seed70.log,hyb_adam_um_outputs/logs/epoch_logs/HybAdamUM_completed_p65_rep16_seed70_epochs.csv,45.317851104000056,17.567265121100107,0.007767885570113955,0.03860937389252771,0.3758072846909918,46.74540871538672,0.02022617682793644,0.020112552237199533,0.011616261773274794,0.935778718694663,0.8579990075199451,0.0,0.0,99.24522832023354,17.567265121100107,82.29913375339719,5000,5000,5000,0.0025,two_way_mean,1,0,99.24522832023354,17.567265121100107,0.43581018375301617,0.22762387792071895,0.2500918329864087,0.2905401225020108,"{""epochs"": 5000, ""print_every"": 500, ""lr_init"": 0.02, ""lr_milestones"": [700, 2000, 4000], ""lr_factor"": 0.5, ""lr_min"": 0.0001, ""sched_patience_blocks"": 7, ""weight_decay"": 0.0, ""clip_grad_norm"": 5.0, ""h_central_diff"": 1e-05, ""beta1"": 0.9, ""beta2"": 0.999, ""adam_eps"": 1e-08, ""seed_hyb"": 42, ""init_strategy"": ""two_way_mean"", ""n_restarts"": 1, ""restart_jitter_scale"": 0.03, ""max_distance_factor"": 1.5, ""normalize_objective_by_triplets"": true, ""convergence_rel_tol"": 1e-07, ""convergence_patience_checks"": 5, ""early_stop"": false}"
Hyb-Adam-UM,65,0.65,0.6476190476190476,17,71,105,68,37,68,True,True,True,True,,missing_p65_rep17_seed71.csv,HybAdamUM_completed_p65_rep17_seed71.csv,hyb_adam_um_outputs/logs/HybAdamUM_completed_p65_rep17_seed71.log,hyb_adam_um_outputs/logs/epoch_logs/HybAdamUM_completed_p65_rep17_seed71_epochs.csv,45.65650103899998,18.70493078945101,0.00805572620418955,0.04110973799879342,0.40014476936842125,46.74540871538672,0.02022617682793644,0.02207303045943045,0.013118077985487316,0.9145411717462371,0.8652517463831736,0.0,0.0,196.02814922208296,18.70493078945101,90.45803836659196,4500,5000,4500,0.0025,two_way_mean,1,0,196.02814922208296,18.70493078945101,0.42966275386621955,0.2230354306262886,0.2476423990946812,0.286441835910813,"{""epochs"": 5000, ""print_every"": 500, ""lr_init"": 0.02, ""lr_milestones"": [700, 2000, 4000], ""lr_factor"": 0.5, ""lr_min"": 0.0001, ""sched_patience_blocks"": 7, ""weight_decay"": 0.0, ""clip_grad_norm"": 5.0, ""h_central_diff"": 1e-05, ""beta1"": 0.9, ""beta2"": 0.999, ""adam_eps"": 1e-08, ""seed_hyb"": 42, ""init_strategy"": ""two_way_mean"", ""n_restarts"": 1, ""restart_jitter_scale"": 0.03, ""max_distance_factor"": 1.5, ""normalize_objective_by_triplets"": true, ""convergence_rel_tol"": 1e-07, ""convergence_patience_checks"": 5, ""early_stop"": false}"
Hyb-Adam-UM,65,0.65,0.6476190476190476,18,72,105,68,37,68,True,True,True,True,,missing_p65_rep18_seed72.csv,HybAdamUM_completed_p65_rep18_seed72.csv,hyb_adam_um_outputs/logs/HybAdamUM_completed_p65_rep18_seed72.log,hyb_adam_um_outputs/logs/epoch_logs/HybAdamUM_completed_p65_rep18_seed72_epochs.csv,45.990593177999926,14.923127286589894,0.006727335594700616,0.03279808194854922,0.31924263145179854,46.74540871538672,0.02022617682793644,0.03468826916160778,0.017441439012463793,0.8066679860818265,0.8523113333587814,0.0,0.0,247.06082440750077,14.923127286589894,93.95973549332298,4500,5000,4500,0.0025,two_way_mean,1,0,247.06082440750077,14.923127286589894,0.43036522601847826,0.2276616310742123,0.2531714389271475,0.2869101506789855,"{""epochs"": 5000, ""print_every"": 500, ""lr_init"": 0.02, ""lr_milestones"": [700, 2000, 4000], ""lr_factor"": 0.5, ""lr_min"": 0.0001, ""sched_patience_blocks"": 7, ""weight_decay"": 0.0, ""clip_grad_norm"": 5.0, ""h_central_diff"": 1e-05, ""beta1"": 0.9, ""beta2"": 0.999, ""adam_eps"": 1e-08, ""seed_hyb"": 42, ""init_strategy"": ""two_way_mean"", ""n_restarts"": 1, ""restart_jitter_scale"": 0.03, ""max_distance_factor"": 1.5, ""normalize_objective_by_triplets"": true, ""convergence_rel_tol"": 1e-07, ""convergence_patience_checks"": 5, ""early_stop"": false}"
Hyb-Adam-UM,65,0.65,0.6476190476190476,19,73,105,68,37,68,True,True,True,True,,missing_p65_rep19_seed73.csv,HybAdamUM_completed_p65_rep19_seed73.csv,hyb_adam_um_outputs/logs/HybAdamUM_completed_p65_rep19_seed73.log,hyb_adam_um_outputs/logs/epoch_logs/HybAdamUM_completed_p65_rep19_seed73_epochs.csv,46.84716122300006,13.002162846953507,0.0059536028318842,0.028576182081216497,0.27814844717944914,46.74540871538672,0.02022617682793644,0.031246314225139092,0.014978596470033408,0.8771349832809734,0.9267473374813909,0.0,0.0,110.36197700032477,13.002162846953507,88.21862094141785,5000,5000,5000,0.0025,two_way_mean,1,0,110.36197700032477,13.002162846953507,0.43036522601847826,0.22839261864696195,0.2531714389271475,0.2869101506789855,"{""epochs"": 5000, ""print_every"": 500, ""lr_init"": 0.02, ""lr_milestones"": [700, 2000, 4000], ""lr_factor"": 0.5, ""lr_min"": 0.0001, ""sched_patience_blocks"": 7, ""weight_decay"": 0.0, ""clip_grad_norm"": 5.0, ""h_central_diff"": 1e-05, ""beta1"": 0.9, ""beta2"": 0.999, ""adam_eps"": 1e-08, ""seed_hyb"": 42, ""init_strategy"": ""two_way_mean"", ""n_restarts"": 1, ""restart_jitter_scale"": 0.03, ""max_distance_factor"": 1.5, ""normalize_objective_by_triplets"": true, ""convergence_rel_tol"": 1e-07, ""convergence_patience_checks"": 5, ""early_stop"": false}"
Hyb-Adam-UM,65,0.65,0.6476190476190476,20,74,105,68,37,68,True,True,True,True,,missing_p65_rep20_seed74.csv,HybAdamUM_completed_p65_rep20_seed74.csv,hyb_adam_um_outputs/logs/HybAdamUM_completed_p65_rep20_seed74.log,hyb_adam_um_outputs/logs/epoch_logs/HybAdamUM_completed_p65_rep20_seed74_epochs.csv,46.98830516399994,11.468415874027402,0.005208031700814991,0.02520530961324704,0.2453378029883918,46.74540871538672,0.02022617682793644,0.03504485524514422,0.016124561564526328,0.8275530016293536,0.8851013474825361,0.0,0.0,96.25316961472952,11.468415874027402,88.08515509678092,4500,5000,4500,0.0025,two_way_mean,1,0,96.25316961472952,11.468415874027402,0.42105747973470886,0.22816848143553697,0.2400263173634786,0.2807049864898059,"{""epochs"": 5000, ""print_every"": 500, ""lr_init"": 0.02, ""lr_milestones"": [700, 2000, 4000], ""lr_factor"": 0.5, ""lr_min"": 0.0001, ""sched_patience_blocks"": 7, ""weight_decay"": 0.0, ""clip_grad_norm"": 5.0, ""h_central_diff"": 1e-05, ""beta1"": 0.9, ""beta2"": 0.999, ""adam_eps"": 1e-08, ""seed_hyb"": 42, ""init_strategy"": ""two_way_mean"", ""n_restarts"": 1, ""restart_jitter_scale"": 0.03, ""max_distance_factor"": 1.5, ""normalize_objective_by_triplets"": true, ""convergence_rel_tol"": 1e-07, ""convergence_patience_checks"": 5, ""early_stop"": false}"
Hyb-Adam-UM,65,0.65,0.6476190476190476,21,75,105,68,37,68,True,True,True,True,,missing_p65_rep21_seed75.csv,HybAdamUM_completed_p65_rep21_seed75.csv,hyb_adam_um_outputs/logs/HybAdamUM_completed_p65_rep21_seed75.log,hyb_adam_um_outputs/logs/epoch_logs/HybAdamUM_completed_p65_rep21_seed75_epochs.csv,47.380177666000236,12.50245849189494,0.005559084586915939,0.02747793075141745,0.2674585341207987,46.74540871538672,0.02022617682793644,0.04864406345604444,0.0253237844925548,0.6381284987551875,0.8208955223880595,0.0,0.0,98.21937396774828,12.50245849189494,87.27088354686491,5000,5000,5000,0.0025,two_way_mean,1,0,98.21937396774828,12.50245849189494,0.4196467307096373,0.23814584408861844,0.2578636134876698,0.2797644871397582,"{""epochs"": 5000, ""print_every"": 500, ""lr_init"": 0.02, ""lr_milestones"": [700, 2000, 4000], ""lr_factor"": 0.5, ""lr_min"": 0.0001, ""sched_patience_blocks"": 7, ""weight_decay"": 0.0, ""clip_grad_norm"": 5.0, ""h_central_diff"": 1e-05, ""beta1"": 0.9, ""beta2"": 0.999, ""adam_eps"": 1e-08, ""seed_hyb"": 42, ""init_strategy"": ""two_way_mean"", ""n_restarts"": 1, ""restart_jitter_scale"": 0.03, ""max_distance_factor"": 1.5, ""normalize_objective_by_triplets"": true, ""convergence_rel_tol"": 1e-07, ""convergence_patience_checks"": 5, ""early_stop"": false}"
Hyb-Adam-UM,65,0.65,0.6476190476190476,22,76,105,68,37,68,True,True,True,True,,missing_p65_rep22_seed76.csv,HybAdamUM_completed_p65_rep22_seed76.csv,hyb_adam_um_outputs/logs/HybAdamUM_completed_p65_rep22_seed76.log,hyb_adam_um_outputs/logs/epoch_logs/HybAdamUM_completed_p65_rep22_seed76_epochs.csv,46.73833230299988,13.6188305112116,0.006080533534740055,0.029931495629036485,0.29134049493782316,46.74540871538672,0.02022617682793644,0.04102854399716442,0.019425867522585988,0.6293417420360224,0.7692483872199105,0.0,0.0,161.01569388722228,13.6188305112116,91.54192353401872,4500,5000,4500,0.0025,two_way_mean,1,0,161.01569388722228,13.6188305112116,0.43036522601847826,0.22457237938513802,0.2528458302400396,0.2869101506789855,"{""epochs"": 5000, ""print_every"": 500, ""lr_init"": 0.02, ""lr_milestones"": [700, 2000, 4000], ""lr_factor"": 0.5, ""lr_min"": 0.0001, ""sched_patience_blocks"": 7, ""weight_decay"": 0.0, ""clip_grad_norm"": 5.0, ""h_central_diff"": 1e-05, ""beta1"": 0.9, ""beta2"": 0.999, ""adam_eps"": 1e-08, ""seed_hyb"": 42, ""init_strategy"": ""two_way_mean"", ""n_restarts"": 1, ""restart_jitter_scale"": 0.03, ""max_distance_factor"": 1.5, ""normalize_objective_by_triplets"": true, ""convergence_rel_tol"": 1e-07, ""convergence_patience_checks"": 5, ""early_stop"": false}"
Hyb-Adam-UM,65,0.65,0.6476190476190476,23,77,105,68,37,68,True,True,True,True,,missing_p65_rep23_seed77.csv,HybAdamUM_completed_p65_rep23_seed77.csv,hyb_adam_um_outputs/logs/HybAdamUM_completed_p65_rep23_seed77.log,hyb_adam_um_outputs/logs/epoch_logs/HybAdamUM_completed_p65_rep23_seed77_epochs.csv,47.12935393999987,18.318024335450595,0.007999134987592462,0.04025939414384746,0.3918678826188342,46.74540871538672,0.02022617682793644,0.018605597036110328,0.010221471167982133,0.9383869582770751,0.8674275680421422,0.0,0.0,118.77248002176867,18.318024335450595,84.57721491367928,4500,5000,4500,0.0025,two_way_mean,1,0,118.77248002176867,18.318024335450595,0.4246469753961891,0.2206519171181852,0.2183400760083364,0.2830979835974594,"{""epochs"": 5000, ""print_every"": 500, ""lr_init"": 0.02, ""lr_milestones"": [700, 2000, 4000], ""lr_factor"": 0.5, ""lr_min"": 0.0001, ""sched_patience_blocks"": 7, ""weight_decay"": 0.0, ""clip_grad_norm"": 5.0, ""h_central_diff"": 1e-05, ""beta1"": 0.9, ""beta2"": 0.999, ""adam_eps"": 1e-08, ""seed_hyb"": 42, ""init_strategy"": ""two_way_mean"", ""n_restarts"": 1, ""restart_jitter_scale"": 0.03, ""max_distance_factor"": 1.5, ""normalize_objective_by_triplets"": true, ""convergence_rel_tol"": 1e-07, ""convergence_patience_checks"": 5, ""early_stop"": false}"
Hyb-Adam-UM,65,0.65,0.6476190476190476,24,78,105,68,37,68,True,True,True,True,,missing_p65_rep24_seed78.csv,HybAdamUM_completed_p65_rep24_seed78.csv,hyb_adam_um_outputs/logs/HybAdamUM_completed_p65_rep24_seed78.log,hyb_adam_um_outputs/logs/epoch_logs/HybAdamUM_completed_p65_rep24_seed78_epochs.csv,47.36083986599988,12.116937221363447,0.0054793855749875895,0.026630631255743838,0.259211279874317,46.74540871538672,0.02022617682793644,0.04202934650069982,0.02272337281024566,0.7682184042180802,0.7899377791350154,0.0,0.0,58.68067446560917,12.116937221363447,79.35106006924855,5000,5000,5000,0.0025,two_way_mean,1,0,58.68067446560917,12.116937221363447,0.43581018375301617,0.23777784289129375,0.2576197836166924,0.2905401225020108,"{""epochs"": 5000, ""print_every"": 500, ""lr_init"": 0.02, ""lr_milestones"": [700, 2000, 4000], ""lr_factor"": 0.5, ""lr_min"": 0.0001, ""sched_patience_blocks"": 7, ""weight_decay"": 0.0, ""clip_grad_norm"": 5.0, ""h_central_diff"": 1e-05, ""beta1"": 0.9, ""beta2"": 0.999, ""adam_eps"": 1e-08, ""seed_hyb"": 42, ""init_strategy"": ""two_way_mean"", ""n_restarts"": 1, ""restart_jitter_scale"": 0.03, ""max_distance_factor"": 1.5, ""normalize_objective_by_triplets"": true, ""convergence_rel_tol"": 1e-07, ""convergence_patience_checks"": 5, ""early_stop"": false}"
Hyb-Adam-UM,65,0.65,0.6476190476190476,25,79,105,68,37,68,True,True,True,True,,missing_p65_rep25_seed79.csv,HybAdamUM_completed_p65_rep25_seed79.csv,hyb_adam_um_outputs/logs/HybAdamUM_completed_p65_rep25_seed79.log,hyb_adam_um_outputs/logs/epoch_logs/HybAdamUM_completed_p65_rep25_seed79_epochs.csv,47.19953829999986,15.05545676071752,0.006487001216530227,0.033088915957620924,0.32207348645476414,46.74540871538672,0.02022617682793644,0.048769973392049276,0.028419495717211057,0.6091233066065596,0.5370843989769821,0.0,0.0,161.07441041870774,15.05545676071752,90.65310453623182,5000,5000,5000,0.0025,two_way_mean,1,0,161.07441041870774,15.05545676071752,0.43581018375301617,0.23824261925314438,0.2595002762600528,0.2905401225020108,"{""epochs"": 5000, ""print_every"": 500, ""lr_init"": 0.02, ""lr_milestones"": [700, 2000, 4000], ""lr_factor"": 0.5, ""lr_min"": 0.0001, ""sched_patience_blocks"": 7, ""weight_decay"": 0.0, ""clip_grad_norm"": 5.0, ""h_central_diff"": 1e-05, ""beta1"": 0.9, ""beta2"": 0.999, ""adam_eps"": 1e-08, ""seed_hyb"": 42, ""init_strategy"": ""two_way_mean"", ""n_restarts"": 1, ""restart_jitter_scale"": 0.03, ""max_distance_factor"": 1.5, ""normalize_objective_by_triplets"": true, ""convergence_rel_tol"": 1e-07, ""convergence_patience_checks"": 5, ""early_stop"": false}"
Hyb-Adam-UM,65,0.65,0.6476190476190476,26,80,105,68,37,68,True,True,True,True,,missing_p65_rep26_seed80.csv,HybAdamUM_completed_p65_rep26_seed80.csv,hyb_adam_um_outputs/logs/HybAdamUM_completed_p65_rep26_seed80.log,hyb_adam_um_outputs/logs/epoch_logs/HybAdamUM_completed_p65_rep26_seed80_epochs.csv,47.14537598200013,18.964293473338227,0.008280898082825734,0.04167976587546863,0.40569317916982806,46.74540871538672,0.02022617682793644,0.02064707439128896,0.011117261395220483,0.9219168069386652,0.8606710692063976,0.0,0.0,125.71134999153341,18.964293473338227,84.91441427157098,5000,5000,5000,0.0025,two_way_mean,1,0,125.71134999153341,18.964293473338227,0.43036522601847826,0.2242136228527617,0.2533063923585599,0.2869101506789855,"{""epochs"": 5000, ""print_every"": 500, ""lr_init"": 0.02, ""lr_milestones"": [700, 2000, 4000], ""lr_factor"": 0.5, ""lr_min"": 0.0001, ""sched_patience_blocks"": 7, ""weight_decay"": 0.0, ""clip_grad_norm"": 5.0, ""h_central_diff"": 1e-05, ""beta1"": 0.9, ""beta2"": 0.999, ""adam_eps"": 1e-08, ""seed_hyb"": 42, ""init_strategy"": ""two_way_mean"", ""n_restarts"": 1, ""restart_jitter_scale"": 0.03, ""max_distance_factor"": 1.5, ""normalize_objective_by_triplets"": true, ""convergence_rel_tol"": 1e-07, ""convergence_patience_checks"": 5, ""early_stop"": false}"
Hyb-Adam-UM,65,0.65,0.6476190476190476,27,81,105,68,37,68,True,True,True,True,,missing_p65_rep27_seed81.csv,HybAdamUM_completed_p65_rep27_seed81.csv,hyb_adam_um_outputs/logs/HybAdamUM_completed_p65_rep27_seed81.log,hyb_adam_um_outputs/logs/epoch_logs/HybAdamUM_completed_p65_rep27_seed81_epochs.csv,46.60103378099984,14.033544951981307,0.006205673947355725,0.030842955938420454,0.3002122633567224,46.74540871538672,0.02022617682793644,0.01968338243335201,0.010254383224782693,0.931121122305778,0.8847196243844715,0.0,0.0,160.87499203412153,14.033544951981307,91.27673930264763,5000,5000,5000,0.0025,two_way_mean,1,0,160.87499203412153,14.033544951981307,0.41874691052891744,0.21895595908324253,0.2476423990946812,0.2791646070192783,"{""epochs"": 5000, ""print_every"": 500, ""lr_init"": 0.02, ""lr_milestones"": [700, 2000, 4000], ""lr_factor"": 0.5, ""lr_min"": 0.0001, ""sched_patience_blocks"": 7, ""weight_decay"": 0.0, ""clip_grad_norm"": 5.0, ""h_central_diff"": 1e-05, ""beta1"": 0.9, ""beta2"": 0.999, ""adam_eps"": 1e-08, ""seed_hyb"": 42, ""init_strategy"": ""two_way_mean"", ""n_restarts"": 1, ""restart_jitter_scale"": 0.03, ""max_distance_factor"": 1.5, ""normalize_objective_by_triplets"": true, ""convergence_rel_tol"": 1e-07, ""convergence_patience_checks"": 5, ""early_stop"": false}"
Hyb-Adam-UM,65,0.65,0.6476190476190476,28,82,105,68,37,68,True,True,True,True,,missing_p65_rep28_seed82.csv,HybAdamUM_completed_p65_rep28_seed82.csv,hyb_adam_um_outputs/logs/HybAdamUM_completed_p65_rep28_seed82.log,hyb_adam_um_outputs/logs/epoch_logs/HybAdamUM_completed_p65_rep28_seed82_epochs.csv,46.928825856,15.188813637454473,0.006854527623822894,0.03338200799440544,0.32492632014264367,46.74540871538672,0.02022617682793644,0.044185535861619545,0.025975134796699027,0.7062990547245893,0.46841241363514907,0.0,0.0,90.24373792000301,15.188813637454473,83.16912177228446,5000,5000,5000,0.0025,two_way_mean,1,0,90.24373792000301,15.188813637454473,0.42966275386621955,0.23262685186191326,0.2600515950418423,0.286441835910813,"{""epochs"": 5000, ""print_every"": 500, ""lr_init"": 0.02, ""lr_milestones"": [700, 2000, 4000], ""lr_factor"": 0.5, ""lr_min"": 0.0001, ""sched_patience_blocks"": 7, ""weight_decay"": 0.0, ""clip_grad_norm"": 5.0, ""h_central_diff"": 1e-05, ""beta1"": 0.9, ""beta2"": 0.999, ""adam_eps"": 1e-08, ""seed_hyb"": 42, ""init_strategy"": ""two_way_mean"", ""n_restarts"": 1, ""restart_jitter_scale"": 0.03, ""max_distance_factor"": 1.5, ""normalize_objective_by_triplets"": true, ""convergence_rel_tol"": 1e-07, ""convergence_patience_checks"": 5, ""early_stop"": false}"
Hyb-Adam-UM,65,0.65,0.6476190476190476,29,83,105,68,37,68,True,True,True,True,,missing_p65_rep29_seed83.csv,HybAdamUM_completed_p65_rep29_seed83.csv,hyb_adam_um_outputs/logs/HybAdamUM_completed_p65_rep29_seed83.log,hyb_adam_um_outputs/logs/epoch_logs/HybAdamUM_completed_p65_rep29_seed83_epochs.csv,46.61786378399984,11.94995911867554,0.005426876087574074,0.026263646414671517,0.25563920494168424,46.74540871538672,0.02022617682793644,0.025011510297297996,0.013079986535053281,0.9220971186016929,0.883040042752987,0.0,0.0,116.40773772523369,11.94995911867554,89.7343945065903,4500,5000,4500,0.0025,two_way_mean,1,0,116.40773772523369,11.94995911867554,0.43036522601847826,0.22645003163385347,0.2358717917821424,0.2869101506789855,"{""epochs"": 5000, ""print_every"": 500, ""lr_init"": 0.02, ""lr_milestones"": [700, 2000, 4000], ""lr_factor"": 0.5, ""lr_min"": 0.0001, ""sched_patience_blocks"": 7, ""weight_decay"": 0.0, ""clip_grad_norm"": 5.0, ""h_central_diff"": 1e-05, ""beta1"": 0.9, ""beta2"": 0.999, ""adam_eps"": 1e-08, ""seed_hyb"": 42, ""init_strategy"": ""two_way_mean"", ""n_restarts"": 1, ""restart_jitter_scale"": 0.03, ""max_distance_factor"": 1.5, ""normalize_objective_by_triplets"": true, ""convergence_rel_tol"": 1e-07, ""convergence_patience_checks"": 5, ""early_stop"": false}"
Hyb-Adam-UM,65,0.65,0.6476190476190476,30,84,105,68,37,68,True,True,True,True,,missing_p65_rep30_seed84.csv,HybAdamUM_completed_p65_rep30_seed84.csv,hyb_adam_um_outputs/logs/HybAdamUM_completed_p65_rep30_seed84.log,hyb_adam_um_outputs/logs/epoch_logs/HybAdamUM_completed_p65_rep30_seed84_epochs.csv,46.93621641500022,20.14901705017427,0.00870626745395757,0.04428355395642696,0.4310373489908543,46.74540871538672,0.02022617682793644,0.04591335372134138,0.02572576691893404,0.6436228570403578,0.40401572699164023,0.0,0.0,117.9745053712484,20.14901705017427,82.92087177075396,5000,5000,5000,0.0025,two_way_mean,1,0,117.9745053712484,20.14901705017427,0.43581018375301617,0.23174504117885641,0.2528458302400396,0.2905401225020108,"{""epochs"": 5000, ""print_every"": 500, ""lr_init"": 0.02, ""lr_milestones"": [700, 2000, 4000], ""lr_factor"": 0.5, ""lr_min"": 0.0001, ""sched_patience_blocks"": 7, ""weight_decay"": 0.0, ""clip_grad_norm"": 5.0, ""h_central_diff"": 1e-05, ""beta1"": 0.9, ""beta2"": 0.999, ""adam_eps"": 1e-08, ""seed_hyb"": 42, ""init_strategy"": ""two_way_mean"", ""n_restarts"": 1, ""restart_jitter_scale"": 0.03, ""max_distance_factor"": 1.5, ""normalize_objective_by_triplets"": true, ""convergence_rel_tol"": 1e-07, ""convergence_patience_checks"": 5, ""early_stop"": false}"
Hyb-Adam-UM,85,0.85,0.8476190476190476,1,55,105,89,16,89,True,True,True,True,,missing_p85_rep01_seed55.csv,HybAdamUM_completed_p85_rep01_seed55.csv,hyb_adam_um_outputs/logs/HybAdamUM_completed_p85_rep01_seed55.log,hyb_adam_um_outputs/logs/epoch_logs/HybAdamUM_completed_p85_rep01_seed55_epochs.csv,61.29837066300024,1.5592302811892509,0.0007243751962700194,0.0034268797388774747,0.03335579523291267,46.74540871538672,0.02022617682793644,0.06460109309120157,0.041235562653379174,0.3387116312465317,0.22645556690500512,0.0,0.0,57.58001989555375,1.5592302811892509,97.29206366371947,4500,5000,4500,0.0025,two_way_mean,1,0,57.58001989555375,1.5592302811892509,0.4173316014102801,0.23311556111988846,0.23859845560945186,0.2782210676068534,"{""epochs"": 5000, ""print_every"": 500, ""lr_init"": 0.02, ""lr_milestones"": [700, 2000, 4000], ""lr_factor"": 0.5, ""lr_min"": 0.0001, ""sched_patience_blocks"": 7, ""weight_decay"": 0.0, ""clip_grad_norm"": 5.0, ""h_central_diff"": 1e-05, ""beta1"": 0.9, ""beta2"": 0.999, ""adam_eps"": 1e-08, ""seed_hyb"": 42, ""init_strategy"": ""two_way_mean"", ""n_restarts"": 1, ""restart_jitter_scale"": 0.03, ""max_distance_factor"": 1.5, ""normalize_objective_by_triplets"": true, ""convergence_rel_tol"": 1e-07, ""convergence_patience_checks"": 5, ""early_stop"": false}"
Hyb-Adam-UM,85,0.85,0.8476190476190476,2,56,105,89,16,89,True,True,True,True,,missing_p85_rep02_seed56.csv,HybAdamUM_completed_p85_rep02_seed56.csv,hyb_adam_um_outputs/logs/HybAdamUM_completed_p85_rep02_seed56.log,hyb_adam_um_outputs/logs/epoch_logs/HybAdamUM_completed_p85_rep02_seed56_epochs.csv,61.357571229000314,4.9527036083233575,0.002244153791047744,0.01088506287543595,0.10595058946811872,46.74540871538672,0.02022617682793644,0.046921660364649585,0.028190902028387508,0.6642941080814284,0.7212121212121213,0.0,0.0,76.91933424451172,4.9527036083233575,93.56117202915502,5000,5000,5000,0.0025,two_way_mean,1,0,76.91933424451172,4.9527036083233575,0.43581018375301617,0.22476932758782459,0.2280207484719182,0.2905401225020108,"{""epochs"": 5000, ""print_every"": 500, ""lr_init"": 0.02, ""lr_milestones"": [700, 2000, 4000], ""lr_factor"": 0.5, ""lr_min"": 0.0001, ""sched_patience_blocks"": 7, ""weight_decay"": 0.0, ""clip_grad_norm"": 5.0, ""h_central_diff"": 1e-05, ""beta1"": 0.9, ""beta2"": 0.999, ""adam_eps"": 1e-08, ""seed_hyb"": 42, ""init_strategy"": ""two_way_mean"", ""n_restarts"": 1, ""restart_jitter_scale"": 0.03, ""max_distance_factor"": 1.5, ""normalize_objective_by_triplets"": true, ""convergence_rel_tol"": 1e-07, ""convergence_patience_checks"": 5, ""early_stop"": false}"
Hyb-Adam-UM,85,0.85,0.8476190476190476,3,57,105,89,16,89,True,True,True,True,,missing_p85_rep03_seed57.csv,HybAdamUM_completed_p85_rep03_seed57.csv,hyb_adam_um_outputs/logs/HybAdamUM_completed_p85_rep03_seed57.log,hyb_adam_um_outputs/logs/epoch_logs/HybAdamUM_completed_p85_rep03_seed57_epochs.csv,60.03246563599987,2.098645440242645,0.0009879311738567112,0.004612407560972846,0.04489522068403382,46.74540871538672,0.02022617682793644,0.06157755762866127,0.042700028251528514,0.4642985447151169,0.19906367041198506,0.0,0.0,169.93393850033507,2.098645440242645,98.76502277369478,5000,5000,5000,0.0025,two_way_mean,1,0,169.93393850033507,2.098645440242645,0.43036522601847826,0.23157781936294633,0.2513464063674185,0.2869101506789855,"{""epochs"": 5000, ""print_every"": 500, ""lr_init"": 0.02, ""lr_milestones"": [700, 2000, 4000], ""lr_factor"": 0.5, ""lr_min"": 0.0001, ""sched_patience_blocks"": 7, ""weight_decay"": 0.0, ""clip_grad_norm"": 5.0, ""h_central_diff"": 1e-05, ""beta1"": 0.9, ""beta2"": 0.999, ""adam_eps"": 1e-08, ""seed_hyb"": 42, ""init_strategy"": ""two_way_mean"", ""n_restarts"": 1, ""restart_jitter_scale"": 0.03, ""max_distance_factor"": 1.5, ""normalize_objective_by_triplets"": true, ""convergence_rel_tol"": 1e-07, ""convergence_patience_checks"": 5, ""early_stop"": false}"
Hyb-Adam-UM,85,0.85,0.8476190476190476,4,58,105,89,16,89,True,True,True,True,,missing_p85_rep04_seed58.csv,HybAdamUM_completed_p85_rep04_seed58.csv,hyb_adam_um_outputs/logs/HybAdamUM_completed_p85_rep04_seed58.log,hyb_adam_um_outputs/logs/epoch_logs/HybAdamUM_completed_p85_rep04_seed58_epochs.csv,60.10261099399986,2.086954630802417,0.000980626030402572,0.004586713474291027,0.044645125332179944,46.74540871538672,0.02022617682793644,0.05381485780459109,0.032527304031864226,0.4926177003041269,0.4907388491658155,0.0,0.0,76.30863498121838,2.086954630802417,97.26511340254473,5000,5000,5000,0.0025,two_way_mean,1,0,76.30863498121838,2.086954630802417,0.4191736481340441,0.22035585669203747,0.21736995597047337,0.2794490987560294,"{""epochs"": 5000, ""print_every"": 500, ""lr_init"": 0.02, ""lr_milestones"": [700, 2000, 4000], ""lr_factor"": 0.5, ""lr_min"": 0.0001, ""sched_patience_blocks"": 7, ""weight_decay"": 0.0, ""clip_grad_norm"": 5.0, ""h_central_diff"": 1e-05, ""beta1"": 0.9, ""beta2"": 0.999, ""adam_eps"": 1e-08, ""seed_hyb"": 42, ""init_strategy"": ""two_way_mean"", ""n_restarts"": 1, ""restart_jitter_scale"": 0.03, ""max_distance_factor"": 1.5, ""normalize_objective_by_triplets"": true, ""convergence_rel_tol"": 1e-07, ""convergence_patience_checks"": 5, ""early_stop"": false}"
Hyb-Adam-UM,85,0.85,0.8476190476190476,5,59,105,89,16,89,True,True,True,True,,missing_p85_rep05_seed59.csv,HybAdamUM_completed_p85_rep05_seed59.csv,hyb_adam_um_outputs/logs/HybAdamUM_completed_p85_rep05_seed59.log,hyb_adam_um_outputs/logs/epoch_logs/HybAdamUM_completed_p85_rep05_seed59_epochs.csv,60.873712651999995,2.5052239907236356,0.0011702151797620926,0.005505986792799199,0.05359294227112011,46.74540871538672,0.02022617682793644,0.06995143155765171,0.04905804976733048,0.25604605799872254,0.29262853251617305,0.0,0.0,62.41277524717706,2.5052239907236356,95.98603974778874,5000,5000,5000,0.0025,two_way_mean,1,0,62.41277524717706,2.5052239907236356,0.42080276219249024,0.24716296209120248,0.2637808181265269,0.2805351747949935,"{""epochs"": 5000, ""print_every"": 500, ""lr_init"": 0.02, ""lr_milestones"": [700, 2000, 4000], ""lr_factor"": 0.5, ""lr_min"": 0.0001, ""sched_patience_blocks"": 7, ""weight_decay"": 0.0, ""clip_grad_norm"": 5.0, ""h_central_diff"": 1e-05, ""beta1"": 0.9, ""beta2"": 0.999, ""adam_eps"": 1e-08, ""seed_hyb"": 42, ""init_strategy"": ""two_way_mean"", ""n_restarts"": 1, ""restart_jitter_scale"": 0.03, ""max_distance_factor"": 1.5, ""normalize_objective_by_triplets"": true, ""convergence_rel_tol"": 1e-07, ""convergence_patience_checks"": 5, ""early_stop"": false}"
Hyb-Adam-UM,85,0.85,0.8476190476190476,6,60,105,89,16,89,True,True,True,True,,missing_p85_rep06_seed60.csv,HybAdamUM_completed_p85_rep06_seed60.csv,hyb_adam_um_outputs/logs/HybAdamUM_completed_p85_rep06_seed60.log,hyb_adam_um_outputs/logs/epoch_logs/HybAdamUM_completed_p85_rep06_seed60_epochs.csv,61.367530522999914,1.5264431662595843,0.0007119665386280957,0.00335482014562546,0.032654397687556,46.74540871538672,0.02022617682793644,0.0628394864951984,0.03813847587032584,0.36212577349777514,0.5078821927136534,0.0,0.0,54.61755456537351,1.5264431662595843,97.20521510271476,4500,5000,4500,0.0025,two_way_mean,1,0,54.61755456537351,1.5264431662595843,0.4246469753961891,0.23199337323713615,0.24516460273274496,0.2830979835974594,"{""epochs"": 5000, ""print_every"": 500, ""lr_init"": 0.02, ""lr_milestones"": [700, 2000, 4000], ""lr_factor"": 0.5, ""lr_min"": 0.0001, ""sched_patience_blocks"": 7, ""weight_decay"": 0.0, ""clip_grad_norm"": 5.0, ""h_central_diff"": 1e-05, ""beta1"": 0.9, ""beta2"": 0.999, ""adam_eps"": 1e-08, ""seed_hyb"": 42, ""init_strategy"": ""two_way_mean"", ""n_restarts"": 1, ""restart_jitter_scale"": 0.03, ""max_distance_factor"": 1.5, ""normalize_objective_by_triplets"": true, ""convergence_rel_tol"": 1e-07, ""convergence_patience_checks"": 5, ""early_stop"": false}"
Hyb-Adam-UM,85,0.85,0.8476190476190476,7,61,105,89,16,89,True,True,True,True,,missing_p85_rep07_seed61.csv,HybAdamUM_completed_p85_rep07_seed61.csv,hyb_adam_um_outputs/logs/HybAdamUM_completed_p85_rep07_seed61.log,hyb_adam_um_outputs/logs/epoch_logs/HybAdamUM_completed_p85_rep07_seed61_epochs.csv,61.35864792800021,1.7572109160818075,0.000823798324170432,0.0038620020133666097,0.03759109106908726,46.74540871538672,0.02022617682793644,0.059070610666201874,0.03619193018567571,0.43708756134664434,0.6415900578821927,0.0,0.0,61.12428898003489,1.7572109160818075,97.1251838746856,5000,5000,5000,0.0025,two_way_mean,1,0,61.12428898003489,1.7572109160818075,0.4246469753961891,0.22883885669090062,0.2478270725437923,0.2830979835974594,"{""epochs"": 5000, ""print_every"": 500, ""lr_init"": 0.02, ""lr_milestones"": [700, 2000, 4000], ""lr_factor"": 0.5, ""lr_min"": 0.0001, ""sched_patience_blocks"": 7, ""weight_decay"": 0.0, ""clip_grad_norm"": 5.0, ""h_central_diff"": 1e-05, ""beta1"": 0.9, ""beta2"": 0.999, ""adam_eps"": 1e-08, ""seed_hyb"": 42, ""init_strategy"": ""two_way_mean"", ""n_restarts"": 1, ""restart_jitter_scale"": 0.03, ""max_distance_factor"": 1.5, ""normalize_objective_by_triplets"": true, ""convergence_rel_tol"": 1e-07, ""convergence_patience_checks"": 5, ""early_stop"": false}"
Hyb-Adam-UM,85,0.85,0.8476190476190476,8,62,105,89,16,89,True,True,True,True,,missing_p85_rep08_seed62.csv,HybAdamUM_completed_p85_rep08_seed62.csv,hyb_adam_um_outputs/logs/HybAdamUM_completed_p85_rep08_seed62.log,hyb_adam_um_outputs/logs/epoch_logs/HybAdamUM_completed_p85_rep08_seed62_epochs.csv,61.21462867000082,2.220561611727666,0.0010273540921619776,0.004880355190610254,0.0475033093677229,46.74540871538672,0.02022617682793644,0.05044739585556463,0.029523583620634845,0.5776309045527863,0.6722505958461016,0.0,0.0,92.90388837147256,2.220561611727666,97.60982920020653,4500,5000,4500,0.0025,two_way_mean,1,0,92.90388837147256,2.220561611727666,0.42080276219249024,0.211097090301609,0.21047864861077964,0.2805351747949935,"{""epochs"": 5000, ""print_every"": 500, ""lr_init"": 0.02, ""lr_milestones"": [700, 2000, 4000], ""lr_factor"": 0.5, ""lr_min"": 0.0001, ""sched_patience_blocks"": 7, ""weight_decay"": 0.0, ""clip_grad_norm"": 5.0, ""h_central_diff"": 1e-05, ""beta1"": 0.9, ""beta2"": 0.999, ""adam_eps"": 1e-08, ""seed_hyb"": 42, ""init_strategy"": ""two_way_mean"", ""n_restarts"": 1, ""restart_jitter_scale"": 0.03, ""max_distance_factor"": 1.5, ""normalize_objective_by_triplets"": true, ""convergence_rel_tol"": 1e-07, ""convergence_patience_checks"": 5, ""early_stop"": false}"
Hyb-Adam-UM,85,0.85,0.8476190476190476,9,63,105,89,16,89,True,True,True,True,,missing_p85_rep09_seed63.csv,HybAdamUM_completed_p85_rep09_seed63.csv,hyb_adam_um_outputs/logs/HybAdamUM_completed_p85_rep09_seed63.log,hyb_adam_um_outputs/logs/epoch_logs/HybAdamUM_completed_p85_rep09_seed63_epochs.csv,59.44058159799988,5.0607710903865435,0.0023059307301129474,0.011122573825025371,0.10826242040580852,46.74540871538672,0.02022617682793644,0.043947630132785,0.023345667717031393,0.6642586981106955,0.8071331290432415,0.0,0.0,79.56317861819372,5.0607710903865435,93.63930504250959,4500,5000,4500,0.0025,two_way_mean,1,0,79.56317861819372,5.0607710903865435,0.4246469753961891,0.2202258183973655,0.21615574422046618,0.2830979835974594,"{""epochs"": 5000, ""print_every"": 500, ""lr_init"": 0.02, ""lr_milestones"": [700, 2000, 4000], ""lr_factor"": 0.5, ""lr_min"": 0.0001, ""sched_patience_blocks"": 7, ""weight_decay"": 0.0, ""clip_grad_norm"": 5.0, ""h_central_diff"": 1e-05, ""beta1"": 0.9, ""beta2"": 0.999, ""adam_eps"": 1e-08, ""seed_hyb"": 42, ""init_strategy"": ""two_way_mean"", ""n_restarts"": 1, ""restart_jitter_scale"": 0.03, ""max_distance_factor"": 1.5, ""normalize_objective_by_triplets"": true, ""convergence_rel_tol"": 1e-07, ""convergence_patience_checks"": 5, ""early_stop"": false}"
Hyb-Adam-UM,85,0.85,0.8476190476190476,10,64,105,89,16,89,True,True,True,True,,missing_p85_rep10_seed64.csv,HybAdamUM_completed_p85_rep10_seed64.csv,hyb_adam_um_outputs/logs/HybAdamUM_completed_p85_rep10_seed64.log,hyb_adam_um_outputs/logs/epoch_logs/HybAdamUM_completed_p85_rep10_seed64_epochs.csv,60.712495916999615,1.5408875820427694,0.000720536407104696,0.003386566114379713,0.03296339949500903,46.74540871538672,0.02022617682793644,0.06139005982477757,0.0403543471997109,0.4687046094422947,0.5603506979911476,0.0,0.0,65.53798148968599,1.5408875820427694,97.64886322859171,5000,5000,5000,0.0025,two_way_mean,1,0,65.53798148968599,1.5408875820427694,0.43581018375301617,0.2328777452504212,0.25883568932926737,0.2905401225020108,"{""epochs"": 5000, ""print_every"": 500, ""lr_init"": 0.02, ""lr_milestones"": [700, 2000, 4000], ""lr_factor"": 0.5, ""lr_min"": 0.0001, ""sched_patience_blocks"": 7, ""weight_decay"": 0.0, ""clip_grad_norm"": 5.0, ""h_central_diff"": 1e-05, ""beta1"": 0.9, ""beta2"": 0.999, ""adam_eps"": 1e-08, ""seed_hyb"": 42, ""init_strategy"": ""two_way_mean"", ""n_restarts"": 1, ""restart_jitter_scale"": 0.03, ""max_distance_factor"": 1.5, ""normalize_objective_by_triplets"": true, ""convergence_rel_tol"": 1e-07, ""convergence_patience_checks"": 5, ""early_stop"": false}"
Hyb-Adam-UM,85,0.85,0.8476190476190476,11,65,105,89,16,89,True,True,True,True,,missing_p85_rep11_seed65.csv,HybAdamUM_completed_p85_rep11_seed65.csv,hyb_adam_um_outputs/logs/HybAdamUM_completed_p85_rep11_seed65.log,hyb_adam_um_outputs/logs/epoch_logs/HybAdamUM_completed_p85_rep11_seed65_epochs.csv,60.36431443699985,3.41422234293538,0.0015773075901009438,0.007503785369088748,0.07303866704264272,46.74540871538672,0.02022617682793644,0.05939255861680148,0.03680365953532283,0.45235703504255925,0.2077970718420157,0.0,0.0,121.33397582246144,3.41422234293538,97.18609538689218,5000,5000,5000,0.0025,two_way_mean,1,0,121.33397582246144,3.41422234293538,0.43581018375301617,0.22931509931298982,0.2532389156428537,0.2905401225020108,"{""epochs"": 5000, ""print_every"": 500, ""lr_init"": 0.02, ""lr_milestones"": [700, 2000, 4000], ""lr_factor"": 0.5, ""lr_min"": 0.0001, ""sched_patience_blocks"": 7, ""weight_decay"": 0.0, ""clip_grad_norm"": 5.0, ""h_central_diff"": 1e-05, ""beta1"": 0.9, ""beta2"": 0.999, ""adam_eps"": 1e-08, ""seed_hyb"": 42, ""init_strategy"": ""two_way_mean"", ""n_restarts"": 1, ""restart_jitter_scale"": 0.03, ""max_distance_factor"": 1.5, ""normalize_objective_by_triplets"": true, ""convergence_rel_tol"": 1e-07, ""convergence_patience_checks"": 5, ""early_stop"": false}"
Hyb-Adam-UM,85,0.85,0.8476190476190476,12,66,105,89,16,89,True,True,True,True,,missing_p85_rep12_seed66.csv,HybAdamUM_completed_p85_rep12_seed66.csv,hyb_adam_um_outputs/logs/HybAdamUM_completed_p85_rep12_seed66.log,hyb_adam_um_outputs/logs/epoch_logs/HybAdamUM_completed_p85_rep12_seed66_epochs.csv,60.786241757000425,1.3718728651642205,0.0006509128987655613,0.003015105198163122,0.029347756343665356,46.74540871538672,0.02022617682793644,0.05878727974662858,0.03566108955762325,0.45358425259096563,0.6117126319373511,0.0,0.0,55.530997883434864,1.3718728651642205,97.52953680385157,4500,5000,4500,0.0025,two_way_mean,1,0,55.530997883434864,1.3718728651642205,0.41554494138080755,0.23861244048466324,0.2558844175721465,0.2770299609205384,"{""epochs"": 5000, ""print_every"": 500, ""lr_init"": 0.02, ""lr_milestones"": [700, 2000, 4000], ""lr_factor"": 0.5, ""lr_min"": 0.0001, ""sched_patience_blocks"": 7, ""weight_decay"": 0.0, ""clip_grad_norm"": 5.0, ""h_central_diff"": 1e-05, ""beta1"": 0.9, ""beta2"": 0.999, ""adam_eps"": 1e-08, ""seed_hyb"": 42, ""init_strategy"": ""two_way_mean"", ""n_restarts"": 1, ""restart_jitter_scale"": 0.03, ""max_distance_factor"": 1.5, ""normalize_objective_by_triplets"": true, ""convergence_rel_tol"": 1e-07, ""convergence_patience_checks"": 5, ""early_stop"": false}"
Hyb-Adam-UM,85,0.85,0.8476190476190476,13,67,105,89,16,89,True,True,True,True,,missing_p85_rep13_seed67.csv,HybAdamUM_completed_p85_rep13_seed67.csv,hyb_adam_um_outputs/logs/HybAdamUM_completed_p85_rep13_seed67.log,hyb_adam_um_outputs/logs/epoch_logs/HybAdamUM_completed_p85_rep13_seed67_epochs.csv,61.57778042499922,2.9253164790461472,0.0013547564007674034,0.006429266986914609,0.0625797604393017,46.74540871538672,0.02022617682793644,0.06264912387504726,0.04180612750864068,0.4221014173021281,0.23837248893428672,0.0,0.0,74.09328845264972,2.9253164790461472,96.05184688095521,5000,5000,5000,0.0025,two_way_mean,1,0,74.09328845264972,2.9253164790461472,0.4196467307096373,0.23822228097084075,0.26283108322410464,0.2797644871397582,"{""epochs"": 5000, ""print_every"": 500, ""lr_init"": 0.02, ""lr_milestones"": [700, 2000, 4000], ""lr_factor"": 0.5, ""lr_min"": 0.0001, ""sched_patience_blocks"": 7, ""weight_decay"": 0.0, ""clip_grad_norm"": 5.0, ""h_central_diff"": 1e-05, ""beta1"": 0.9, ""beta2"": 0.999, ""adam_eps"": 1e-08, ""seed_hyb"": 42, ""init_strategy"": ""two_way_mean"", ""n_restarts"": 1, ""restart_jitter_scale"": 0.03, ""max_distance_factor"": 1.5, ""normalize_objective_by_triplets"": true, ""convergence_rel_tol"": 1e-07, ""convergence_patience_checks"": 5, ""early_stop"": false}"
Hyb-Adam-UM,85,0.85,0.8476190476190476,14,68,105,89,16,89,True,True,True,True,,missing_p85_rep14_seed68.csv,HybAdamUM_completed_p85_rep14_seed68.csv,hyb_adam_um_outputs/logs/HybAdamUM_completed_p85_rep14_seed68.log,hyb_adam_um_outputs/logs/epoch_logs/HybAdamUM_completed_p85_rep14_seed68_epochs.csv,60.772518167999806,1.258632886660548,0.0005949199213205343,0.002766226124528677,0.026925272903780523,46.74540871538672,0.02022617682793644,0.05196434241945438,0.028367774565942656,0.5584344767625041,0.6871467483827035,0.0,0.0,64.35323852541744,1.258632886660548,98.04418096819879,4500,5000,4500,0.0025,two_way_mean,1,0,64.35323852541744,1.258632886660548,0.4191736481340441,0.22859341068325634,0.21652822675770575,0.2794490987560294,"{""epochs"": 5000, ""print_every"": 500, ""lr_init"": 0.02, ""lr_milestones"": [700, 2000, 4000], ""lr_factor"": 0.5, ""lr_min"": 0.0001, ""sched_patience_blocks"": 7, ""weight_decay"": 0.0, ""clip_grad_norm"": 5.0, ""h_central_diff"": 1e-05, ""beta1"": 0.9, ""beta2"": 0.999, ""adam_eps"": 1e-08, ""seed_hyb"": 42, ""init_strategy"": ""two_way_mean"", ""n_restarts"": 1, ""restart_jitter_scale"": 0.03, ""max_distance_factor"": 1.5, ""normalize_objective_by_triplets"": true, ""convergence_rel_tol"": 1e-07, ""convergence_patience_checks"": 5, ""early_stop"": false}"
Hyb-Adam-UM,85,0.85,0.8476190476190476,15,69,105,89,16,89,True,True,True,True,,missing_p85_rep15_seed69.csv,HybAdamUM_completed_p85_rep15_seed69.csv,hyb_adam_um_outputs/logs/HybAdamUM_completed_p85_rep15_seed69.log,hyb_adam_um_outputs/logs/epoch_logs/HybAdamUM_completed_p85_rep15_seed69_epochs.csv,60.58101790100045,2.1578921161584947,0.0010115382680749502,0.004742620035513175,0.04616265373348213,46.74540871538672,0.02022617682793644,0.05864597680874657,0.03656165897350729,0.5511805040727636,0.7332652366360233,0.0,0.0,65.78493115081056,2.1578921161584947,96.71977749553075,4500,5000,4500,0.0025,two_way_mean,1,0,65.78493115081056,2.1578921161584947,0.43036522601847826,0.23649671984909829,0.24558605096577935,0.2869101506789855,"{""epochs"": 5000, ""print_every"": 500, ""lr_init"": 0.02, ""lr_milestones"": [700, 2000, 4000], ""lr_factor"": 0.5, ""lr_min"": 0.0001, ""sched_patience_blocks"": 7, ""weight_decay"": 0.0, ""clip_grad_norm"": 5.0, ""h_central_diff"": 1e-05, ""beta1"": 0.9, ""beta2"": 0.999, ""adam_eps"": 1e-08, ""seed_hyb"": 42, ""init_strategy"": ""two_way_mean"", ""n_restarts"": 1, ""restart_jitter_scale"": 0.03, ""max_distance_factor"": 1.5, ""normalize_objective_by_triplets"": true, ""convergence_rel_tol"": 1e-07, ""convergence_patience_checks"": 5, ""early_stop"": false}"
Hyb-Adam-UM,85,0.85,0.8476190476190476,16,70,105,89,16,89,True,True,True,True,,missing_p85_rep16_seed70.csv,HybAdamUM_completed_p85_rep16_seed70.csv,hyb_adam_um_outputs/logs/HybAdamUM_completed_p85_rep16_seed70.log,hyb_adam_um_outputs/logs/epoch_logs/HybAdamUM_completed_p85_rep16_seed70_epochs.csv,60.006902598000124,5.815828963267101,0.002218899356106679,0.012782041677510113,0.12441497727995611,46.74540871538672,0.02022617682793644,0.06410709027808667,0.045907652643232016,0.44531724527997946,-0.01453864487572353,0.0,0.0,96.59767188323025,5.815828963267101,93.97932802117899,4500,5000,4500,0.0025,two_way_mean,1,0,96.59767188323025,5.815828963267101,0.43581018375301617,0.23844373029822832,0.26809639470748203,0.2905401225020108,"{""epochs"": 5000, ""print_every"": 500, ""lr_init"": 0.02, ""lr_milestones"": [700, 2000, 4000], ""lr_factor"": 0.5, ""lr_min"": 0.0001, ""sched_patience_blocks"": 7, ""weight_decay"": 0.0, ""clip_grad_norm"": 5.0, ""h_central_diff"": 1e-05, ""beta1"": 0.9, ""beta2"": 0.999, ""adam_eps"": 1e-08, ""seed_hyb"": 42, ""init_strategy"": ""two_way_mean"", ""n_restarts"": 1, ""restart_jitter_scale"": 0.03, ""max_distance_factor"": 1.5, ""normalize_objective_by_triplets"": true, ""convergence_rel_tol"": 1e-07, ""convergence_patience_checks"": 5, ""early_stop"": false}"
Hyb-Adam-UM,85,0.85,0.8476190476190476,17,71,105,89,16,89,True,True,True,True,,missing_p85_rep17_seed71.csv,HybAdamUM_completed_p85_rep17_seed71.csv,hyb_adam_um_outputs/logs/HybAdamUM_completed_p85_rep17_seed71.log,hyb_adam_um_outputs/logs/epoch_logs/HybAdamUM_completed_p85_rep17_seed71_epochs.csv,60.36079709899968,3.8404423026160326,0.0017692689713741919,0.00844053253322205,0.08215656699033017,46.74540871538672,0.02022617682793644,0.039820021825618376,0.025857071174284364,0.7338779194254269,0.7413517194416073,0.0,0.0,97.73464420310205,3.8404423026160326,96.07054148103796,5000,5000,5000,0.0025,two_way_mean,1,0,97.73464420310205,3.8404423026160326,0.4127656882591093,0.2160105583100737,0.2198254378220964,0.2751771255060729,"{""epochs"": 5000, ""print_every"": 500, ""lr_init"": 0.02, ""lr_milestones"": [700, 2000, 4000], ""lr_factor"": 0.5, ""lr_min"": 0.0001, ""sched_patience_blocks"": 7, ""weight_decay"": 0.0, ""clip_grad_norm"": 5.0, ""h_central_diff"": 1e-05, ""beta1"": 0.9, ""beta2"": 0.999, ""adam_eps"": 1e-08, ""seed_hyb"": 42, ""init_strategy"": ""two_way_mean"", ""n_restarts"": 1, ""restart_jitter_scale"": 0.03, ""max_distance_factor"": 1.5, ""normalize_objective_by_triplets"": true, ""convergence_rel_tol"": 1e-07, ""convergence_patience_checks"": 5, ""early_stop"": false}"
Hyb-Adam-UM,85,0.85,0.8476190476190476,18,72,105,89,16,89,True,True,True,True,,missing_p85_rep18_seed72.csv,HybAdamUM_completed_p85_rep18_seed72.csv,hyb_adam_um_outputs/logs/HybAdamUM_completed_p85_rep18_seed72.log,hyb_adam_um_outputs/logs/epoch_logs/HybAdamUM_completed_p85_rep18_seed72_epochs.csv,59.07714679699984,2.8986900135526317,0.0013540263534964744,0.006370747282533257,0.06201015443466427,46.74540871538672,0.02022617682793644,0.05559993206451751,0.03615129192604058,0.5133926263758951,0.4277664283282262,0.0,0.0,53.7373558675815,2.8986900135526317,94.60581942160398,5000,5000,5000,0.0025,two_way_mean,1,0,53.7373558675815,2.8986900135526317,0.43036522601847826,0.23692697851039757,0.25047439572662056,0.2869101506789855,"{""epochs"": 5000, ""print_every"": 500, ""lr_init"": 0.02, ""lr_milestones"": [700, 2000, 4000], ""lr_factor"": 0.5, ""lr_min"": 0.0001, ""sched_patience_blocks"": 7, ""weight_decay"": 0.0, ""clip_grad_norm"": 5.0, ""h_central_diff"": 1e-05, ""beta1"": 0.9, ""beta2"": 0.999, ""adam_eps"": 1e-08, ""seed_hyb"": 42, ""init_strategy"": ""two_way_mean"", ""n_restarts"": 1, ""restart_jitter_scale"": 0.03, ""max_distance_factor"": 1.5, ""normalize_objective_by_triplets"": true, ""convergence_rel_tol"": 1e-07, ""convergence_patience_checks"": 5, ""early_stop"": false}"
Hyb-Adam-UM,85,0.85,0.8476190476190476,19,73,105,89,16,89,True,True,True,True,,missing_p85_rep19_seed73.csv,HybAdamUM_completed_p85_rep19_seed73.csv,hyb_adam_um_outputs/logs/HybAdamUM_completed_p85_rep19_seed73.log,hyb_adam_um_outputs/logs/epoch_logs/HybAdamUM_completed_p85_rep19_seed73_epochs.csv,60.04597310099962,2.015244428705508,0.0009192355463423067,0.0044291086345176,0.04311106660710766,46.74540871538672,0.02022617682793644,0.05696704852123252,0.03531698524412808,0.40718908960461925,0.1493871297242084,0.0,0.0,79.37612232506608,2.015244428705508,97.4611452793668,5000,5000,5000,0.0025,two_way_mean,1,0,79.37612232506608,2.015244428705508,0.4123841877702285,0.22077357877571335,0.2140501272949793,0.274922791846819,"{""epochs"": 5000, ""print_every"": 500, ""lr_init"": 0.02, ""lr_milestones"": [700, 2000, 4000], ""lr_factor"": 0.5, ""lr_min"": 0.0001, ""sched_patience_blocks"": 7, ""weight_decay"": 0.0, ""clip_grad_norm"": 5.0, ""h_central_diff"": 1e-05, ""beta1"": 0.9, ""beta2"": 0.999, ""adam_eps"": 1e-08, ""seed_hyb"": 42, ""init_strategy"": ""two_way_mean"", ""n_restarts"": 1, ""restart_jitter_scale"": 0.03, ""max_distance_factor"": 1.5, ""normalize_objective_by_triplets"": true, ""convergence_rel_tol"": 1e-07, ""convergence_patience_checks"": 5, ""early_stop"": false}"
Hyb-Adam-UM,85,0.85,0.8476190476190476,20,74,105,89,16,89,True,True,True,True,,missing_p85_rep20_seed74.csv,HybAdamUM_completed_p85_rep20_seed74.csv,hyb_adam_um_outputs/logs/HybAdamUM_completed_p85_rep20_seed74.log,hyb_adam_um_outputs/logs/epoch_logs/HybAdamUM_completed_p85_rep20_seed74_epochs.csv,60.6493975809999,3.8848970884638296,0.0017779880082269862,0.008538235359261164,0.08310756489727891,46.74540871538672,0.02022617682793644,0.0465669748452652,0.027710591506696337,0.6817808553327661,0.4992849846782432,0.0,0.0,76.39905415620478,3.8848970884638296,94.91499321376308,5000,5000,5000,0.0025,two_way_mean,1,0,76.39905415620478,3.8848970884638296,0.42105747973470886,0.221600755188877,0.22103586756056942,0.2807049864898059,"{""epochs"": 5000, ""print_every"": 500, ""lr_init"": 0.02, ""lr_milestones"": [700, 2000, 4000], ""lr_factor"": 0.5, ""lr_min"": 0.0001, ""sched_patience_blocks"": 7, ""weight_decay"": 0.0, ""clip_grad_norm"": 5.0, ""h_central_diff"": 1e-05, ""beta1"": 0.9, ""beta2"": 0.999, ""adam_eps"": 1e-08, ""seed_hyb"": 42, ""init_strategy"": ""two_way_mean"", ""n_restarts"": 1, ""restart_jitter_scale"": 0.03, ""max_distance_factor"": 1.5, ""normalize_objective_by_triplets"": true, ""convergence_rel_tol"": 1e-07, ""convergence_patience_checks"": 5, ""early_stop"": false}"
Hyb-Adam-UM,85,0.85,0.8476190476190476,21,75,105,89,16,89,True,True,True,True,,missing_p85_rep21_seed75.csv,HybAdamUM_completed_p85_rep21_seed75.csv,hyb_adam_um_outputs/logs/HybAdamUM_completed_p85_rep21_seed75.log,hyb_adam_um_outputs/logs/epoch_logs/HybAdamUM_completed_p85_rep21_seed75_epochs.csv,60.896379534000516,1.972802128262932,0.0009278742423366852,0.004335828853325125,0.042203120744424345,46.74540871538672,0.02022617682793644,0.06415648077155811,0.03831030854293956,0.27421266638247915,0.13094994892747705,0.0,0.0,50.819651856336016,1.972802128262932,96.11803297307128,4500,5000,4500,0.0025,two_way_mean,1,0,50.819651856336016,1.972802128262932,0.4182638456751711,0.23314258821372813,0.24067571840011995,0.2788425637834474,"{""epochs"": 5000, ""print_every"": 500, ""lr_init"": 0.02, ""lr_milestones"": [700, 2000, 4000], ""lr_factor"": 0.5, ""lr_min"": 0.0001, ""sched_patience_blocks"": 7, ""weight_decay"": 0.0, ""clip_grad_norm"": 5.0, ""h_central_diff"": 1e-05, ""beta1"": 0.9, ""beta2"": 0.999, ""adam_eps"": 1e-08, ""seed_hyb"": 42, ""init_strategy"": ""two_way_mean"", ""n_restarts"": 1, ""restart_jitter_scale"": 0.03, ""max_distance_factor"": 1.5, ""normalize_objective_by_triplets"": true, ""convergence_rel_tol"": 1e-07, ""convergence_patience_checks"": 5, ""early_stop"": false}"
Hyb-Adam-UM,85,0.85,0.8476190476190476,22,76,105,89,16,89,True,True,True,True,,missing_p85_rep22_seed76.csv,HybAdamUM_completed_p85_rep22_seed76.csv,hyb_adam_um_outputs/logs/HybAdamUM_completed_p85_rep22_seed76.log,hyb_adam_um_outputs/logs/epoch_logs/HybAdamUM_completed_p85_rep22_seed76_epochs.csv,60.90350930299974,2.350342889182403,0.0010953958315243078,0.005165588767433853,0.050279652136376855,46.74540871538672,0.02022617682793644,0.05553001084271012,0.035161648043313086,0.49791492917463587,0.34812734082397007,0.0,0.0,169.52127960723016,2.350342889182403,98.61354108780444,4500,5000,4500,0.0025,two_way_mean,1,0,169.52127960723016,2.350342889182403,0.41760253148849036,0.2140894501163947,0.2200955220568768,0.2784016876589936,"{""epochs"": 5000, ""print_every"": 500, ""lr_init"": 0.02, ""lr_milestones"": [700, 2000, 4000], ""lr_factor"": 0.5, ""lr_min"": 0.0001, ""sched_patience_blocks"": 7, ""weight_decay"": 0.0, ""clip_grad_norm"": 5.0, ""h_central_diff"": 1e-05, ""beta1"": 0.9, ""beta2"": 0.999, ""adam_eps"": 1e-08, ""seed_hyb"": 42, ""init_strategy"": ""two_way_mean"", ""n_restarts"": 1, ""restart_jitter_scale"": 0.03, ""max_distance_factor"": 1.5, ""normalize_objective_by_triplets"": true, ""convergence_rel_tol"": 1e-07, ""convergence_patience_checks"": 5, ""early_stop"": false}"
Hyb-Adam-UM,85,0.85,0.8476190476190476,23,77,105,89,16,89,True,True,True,True,,missing_p85_rep23_seed77.csv,HybAdamUM_completed_p85_rep23_seed77.csv,hyb_adam_um_outputs/logs/HybAdamUM_completed_p85_rep23_seed77.log,hyb_adam_um_outputs/logs/epoch_logs/HybAdamUM_completed_p85_rep23_seed77_epochs.csv,60.616697844000555,1.6724738957836691,0.0007886356359285805,0.003675766803920152,0.03577835645777887,46.74540871538672,0.02022617682793644,0.05435029723940138,0.032835428396792946,0.5894023663183381,0.6739870616275112,0.0,0.0,38.69678513462053,1.6724738957836691,95.67800299181089,4500,5000,4500,0.0025,two_way_mean,1,0,38.69678513462053,1.6724738957836691,0.4246469753961891,0.23907890614393565,0.2331759110006199,0.2830979835974594,"{""epochs"": 5000, ""print_every"": 500, ""lr_init"": 0.02, ""lr_milestones"": [700, 2000, 4000], ""lr_factor"": 0.5, ""lr_min"": 0.0001, ""sched_patience_blocks"": 7, ""weight_decay"": 0.0, ""clip_grad_norm"": 5.0, ""h_central_diff"": 1e-05, ""beta1"": 0.9, ""beta2"": 0.999, ""adam_eps"": 1e-08, ""seed_hyb"": 42, ""init_strategy"": ""two_way_mean"", ""n_restarts"": 1, ""restart_jitter_scale"": 0.03, ""max_distance_factor"": 1.5, ""normalize_objective_by_triplets"": true, ""convergence_rel_tol"": 1e-07, ""convergence_patience_checks"": 5, ""early_stop"": false}"
Hyb-Adam-UM,85,0.85,0.8476190476190476,24,78,105,89,16,89,True,True,True,True,,missing_p85_rep24_seed78.csv,HybAdamUM_completed_p85_rep24_seed78.csv,hyb_adam_um_outputs/logs/HybAdamUM_completed_p85_rep24_seed78.log,hyb_adam_um_outputs/logs/epoch_logs/HybAdamUM_completed_p85_rep24_seed78_epochs.csv,60.523260001999915,3.560179144657877,0.0016191680952037178,0.00782456954869863,0.07616104431419825,46.74540871538672,0.02022617682793644,0.05028199444613363,0.029713640561416843,0.6348361300633303,0.7254681647940076,0.0,0.0,57.96066322765024,3.560179144657877,93.8575941916422,5000,5000,5000,0.0025,two_way_mean,1,0,57.96066322765024,3.560179144657877,0.42966275386621955,0.22764003537687783,0.2325009813802293,0.286441835910813,"{""epochs"": 5000, ""print_every"": 500, ""lr_init"": 0.02, ""lr_milestones"": [700, 2000, 4000], ""lr_factor"": 0.5, ""lr_min"": 0.0001, ""sched_patience_blocks"": 7, ""weight_decay"": 0.0, ""clip_grad_norm"": 5.0, ""h_central_diff"": 1e-05, ""beta1"": 0.9, ""beta2"": 0.999, ""adam_eps"": 1e-08, ""seed_hyb"": 42, ""init_strategy"": ""two_way_mean"", ""n_restarts"": 1, ""restart_jitter_scale"": 0.03, ""max_distance_factor"": 1.5, ""normalize_objective_by_triplets"": true, ""convergence_rel_tol"": 1e-07, ""convergence_patience_checks"": 5, ""early_stop"": false}"
Hyb-Adam-UM,85,0.85,0.8476190476190476,25,79,105,89,16,89,True,True,True,True,,missing_p85_rep25_seed79.csv,HybAdamUM_completed_p85_rep25_seed79.csv,hyb_adam_um_outputs/logs/HybAdamUM_completed_p85_rep25_seed79.log,hyb_adam_um_outputs/logs/epoch_logs/HybAdamUM_completed_p85_rep25_seed79_epochs.csv,60.507891670999925,1.8208299526318683,0.0008568354282817289,0.004001824071718392,0.03895205973528099,46.74540871538672,0.02022617682793644,0.07616614548664953,0.05428676478380591,0.01639825231225531,0.023340143003064355,0.0,0.0,130.57087643562224,1.8208299526318683,98.6054853866822,4500,5000,4500,0.0025,two_way_mean,1,0,130.57087643562224,1.8208299526318683,0.43036522601847826,0.2453623407521191,0.2702076801707849,0.2869101506789855,"{""epochs"": 5000, ""print_every"": 500, ""lr_init"": 0.02, ""lr_milestones"": [700, 2000, 4000], ""lr_factor"": 0.5, ""lr_min"": 0.0001, ""sched_patience_blocks"": 7, ""weight_decay"": 0.0, ""clip_grad_norm"": 5.0, ""h_central_diff"": 1e-05, ""beta1"": 0.9, ""beta2"": 0.999, ""adam_eps"": 1e-08, ""seed_hyb"": 42, ""init_strategy"": ""two_way_mean"", ""n_restarts"": 1, ""restart_jitter_scale"": 0.03, ""max_distance_factor"": 1.5, ""normalize_objective_by_triplets"": true, ""convergence_rel_tol"": 1e-07, ""convergence_patience_checks"": 5, ""early_stop"": false}"
Hyb-Adam-UM,85,0.85,0.8476190476190476,26,80,105,89,16,89,True,True,True,True,,missing_p85_rep26_seed80.csv,HybAdamUM_completed_p85_rep26_seed80.csv,hyb_adam_um_outputs/logs/HybAdamUM_completed_p85_rep26_seed80.log,hyb_adam_um_outputs/logs/epoch_logs/HybAdamUM_completed_p85_rep26_seed80_epochs.csv,61.18831010899976,4.048768380633738,0.0018739708607616189,0.008898392045348874,0.08661317746273219,46.74540871538672,0.02022617682793644,0.028167218104516663,0.017382583559508495,0.8394749974976911,0.6225059584610148,0.0,0.0,139.34546129097126,4.048768380633738,97.09443828085698,5000,5000,5000,0.0025,two_way_mean,1,0,139.34546129097126,4.048768380633738,0.42966275386621955,0.2083515001148611,0.2133190144306394,0.286441835910813,"{""epochs"": 5000, ""print_every"": 500, ""lr_init"": 0.02, ""lr_milestones"": [700, 2000, 4000], ""lr_factor"": 0.5, ""lr_min"": 0.0001, ""sched_patience_blocks"": 7, ""weight_decay"": 0.0, ""clip_grad_norm"": 5.0, ""h_central_diff"": 1e-05, ""beta1"": 0.9, ""beta2"": 0.999, ""adam_eps"": 1e-08, ""seed_hyb"": 42, ""init_strategy"": ""two_way_mean"", ""n_restarts"": 1, ""restart_jitter_scale"": 0.03, ""max_distance_factor"": 1.5, ""normalize_objective_by_triplets"": true, ""convergence_rel_tol"": 1e-07, ""convergence_patience_checks"": 5, ""early_stop"": false}"
Hyb-Adam-UM,85,0.85,0.8476190476190476,27,81,105,89,16,89,True,True,True,True,,missing_p85_rep27_seed81.csv,HybAdamUM_completed_p85_rep27_seed81.csv,hyb_adam_um_outputs/logs/HybAdamUM_completed_p85_rep27_seed81.log,hyb_adam_um_outputs/logs/epoch_logs/HybAdamUM_completed_p85_rep27_seed81_epochs.csv,60.72463278600026,1.6668774054928508,0.0007831893114464181,0.003663466825259013,0.035658633677625354,46.74540871538672,0.02022617682793644,0.0688883931789627,0.04594082548294213,0.09858386912658731,-0.18304392236976508,0.0,0.0,115.28687532254959,1.6668774054928508,98.5541481622871,5000,5000,5000,0.0025,two_way_mean,1,0,115.28687532254959,1.6668774054928508,0.41874691052891744,0.2337567155320421,0.25602232204696224,0.2791646070192783,"{""epochs"": 5000, ""print_every"": 500, ""lr_init"": 0.02, ""lr_milestones"": [700, 2000, 4000], ""lr_factor"": 0.5, ""lr_min"": 0.0001, ""sched_patience_blocks"": 7, ""weight_decay"": 0.0, ""clip_grad_norm"": 5.0, ""h_central_diff"": 1e-05, ""beta1"": 0.9, ""beta2"": 0.999, ""adam_eps"": 1e-08, ""seed_hyb"": 42, ""init_strategy"": ""two_way_mean"", ""n_restarts"": 1, ""restart_jitter_scale"": 0.03, ""max_distance_factor"": 1.5, ""normalize_objective_by_triplets"": true, ""convergence_rel_tol"": 1e-07, ""convergence_patience_checks"": 5, ""early_stop"": false}"
Hyb-Adam-UM,85,0.85,0.8476190476190476,28,82,105,89,16,89,True,True,True,True,,missing_p85_rep28_seed82.csv,HybAdamUM_completed_p85_rep28_seed82.csv,hyb_adam_um_outputs/logs/HybAdamUM_completed_p85_rep28_seed82.log,hyb_adam_um_outputs/logs/epoch_logs/HybAdamUM_completed_p85_rep28_seed82_epochs.csv,60.2494969899999,2.639114267497331,0.0012114528281430125,0.005800251137356772,0.05645718670609548,46.74540871538672,0.02022617682793644,0.06615004121818242,0.044484214446258726,0.2836042041644565,-0.020616275110657136,0.0,0.0,81.74962787540349,2.639114267497331,96.7717109715537,4500,5000,4500,0.0025,two_way_mean,1,0,81.74962787540349,2.639114267497331,0.42966275386621955,0.2296462720265583,0.2502190615771597,0.286441835910813,"{""epochs"": 5000, ""print_every"": 500, ""lr_init"": 0.02, ""lr_milestones"": [700, 2000, 4000], ""lr_factor"": 0.5, ""lr_min"": 0.0001, ""sched_patience_blocks"": 7, ""weight_decay"": 0.0, ""clip_grad_norm"": 5.0, ""h_central_diff"": 1e-05, ""beta1"": 0.9, ""beta2"": 0.999, ""adam_eps"": 1e-08, ""seed_hyb"": 42, ""init_strategy"": ""two_way_mean"", ""n_restarts"": 1, ""restart_jitter_scale"": 0.03, ""max_distance_factor"": 1.5, ""normalize_objective_by_triplets"": true, ""convergence_rel_tol"": 1e-07, ""convergence_patience_checks"": 5, ""early_stop"": false}"
Hyb-Adam-UM,85,0.85,0.8476190476190476,29,83,105,89,16,89,True,True,True,True,,missing_p85_rep29_seed83.csv,HybAdamUM_completed_p85_rep29_seed83.csv,hyb_adam_um_outputs/logs/HybAdamUM_completed_p85_rep29_seed83.log,hyb_adam_um_outputs/logs/epoch_logs/HybAdamUM_completed_p85_rep29_seed83_epochs.csv,60.17997250999997,3.4768508316765785,0.0015805839318168864,0.007641430399289184,0.07437844543933013,46.74540871538672,0.02022617682793644,0.048658261351067406,0.030568483049607863,0.5794072890607441,0.6249063670411986,0.0,0.0,99.03643029198524,3.4768508316765785,96.48932133213414,4500,5000,4500,0.0025,two_way_mean,1,0,99.03643029198524,3.4768508316765785,0.41760253148849036,0.20853948145411585,0.2158825501755411,0.2784016876589936,"{""epochs"": 5000, ""print_every"": 500, ""lr_init"": 0.02, ""lr_milestones"": [700, 2000, 4000], ""lr_factor"": 0.5, ""lr_min"": 0.0001, ""sched_patience_blocks"": 7, ""weight_decay"": 0.0, ""clip_grad_norm"": 5.0, ""h_central_diff"": 1e-05, ""beta1"": 0.9, ""beta2"": 0.999, ""adam_eps"": 1e-08, ""seed_hyb"": 42, ""init_strategy"": ""two_way_mean"", ""n_restarts"": 1, ""restart_jitter_scale"": 0.03, ""max_distance_factor"": 1.5, ""normalize_objective_by_triplets"": true, ""convergence_rel_tol"": 1e-07, ""convergence_patience_checks"": 5, ""early_stop"": false}"
Hyb-Adam-UM,85,0.85,0.8476190476190476,30,84,105,89,16,89,True,True,True,True,,missing_p85_rep30_seed84.csv,HybAdamUM_completed_p85_rep30_seed84.csv,hyb_adam_um_outputs/logs/HybAdamUM_completed_p85_rep30_seed84.log,hyb_adam_um_outputs/logs/epoch_logs/HybAdamUM_completed_p85_rep30_seed84_epochs.csv,60.3949199409999,0.8880127726921428,0.000419576328503446,0.0019516764234992151,0.018996791280591466,46.74540871538672,0.02022617682793644,0.07668307999018487,0.054462869933956964,0.1306807881037404,0.08963227783452504,0.0,0.0,28.07307671301155,0.8880127726921428,96.83678144091503,5000,5000,5000,0.0025,two_way_mean,1,0,28.07307671301155,0.8880127726921428,0.43581018375301617,0.25673894639740563,0.2681307374110312,0.2905401225020108,"{""epochs"": 5000, ""print_every"": 500, ""lr_init"": 0.02, ""lr_milestones"": [700, 2000, 4000], ""lr_factor"": 0.5, ""lr_min"": 0.0001, ""sched_patience_blocks"": 7, ""weight_decay"": 0.0, ""clip_grad_norm"": 5.0, ""h_central_diff"": 1e-05, ""beta1"": 0.9, ""beta2"": 0.999, ""adam_eps"": 1e-08, ""seed_hyb"": 42, ""init_strategy"": ""two_way_mean"", ""n_restarts"": 1, ""restart_jitter_scale"": 0.03, ""max_distance_factor"": 1.5, ""normalize_objective_by_triplets"": true, ""convergence_rel_tol"": 1e-07, ""convergence_patience_checks"": 5, ""early_stop"": false}"
