method,pct_missing,frac_missing_requested,missingness_actual,replicate,mask_seed,n_pairs_total,n_missing,n_observed,optimized_variables,success,success_numerical,success_valid_matrix,objective_improved,error_message,masked_file,completed_file,run_log_file,epoch_log_file,runtime_seconds,Delta_total_completed,Delta_normalized_completed,Delta_per_triangle_completed,Delta_relative_to_original,Delta_original,Delta_normalized_original,RMSE_miss,MAE_miss,Pearson_miss,Spearman_miss,max_abs_error_observed,mean_abs_error_observed,Delta_init,Delta_final,Delta_reduction_percent,best_epoch,epochs_used,convergence_epoch,final_learning_rate,init_strategy,n_restarts,best_restart,best_restart_initial_Delta,best_restart_final_Delta,upper_bound,initial_global_mean,initial_global_median,observed_max_distance,optimizer_config_json
Hyb-Adam-UM,30,0.3,0.3047619047619048,1,55,105,32,73,32,True,True,True,True,,missing_p30_rep01_seed55.csv,HybAdamUM_completed_p30_rep01_seed55.csv,hyb_adam_um_outputs/logs/HybAdamUM_completed_p30_rep01_seed55.log,hyb_adam_um_outputs/logs/epoch_logs/HybAdamUM_completed_p30_rep01_seed55_epochs.csv,21.123725356999785,36.01283652978172,0.015537126839108153,0.07914909127424555,0.6153520432157553,58.523957020737264,0.022445654481427994,0.019687312440971737,0.006893833221629539,0.8902836356623505,0.7606304985337242,0.0,0.0,287.00395360600623,36.01283652978172,87.4521461891708,5000,5000,5000,0.0025,two_way_mean,1,0,287.00395360600623,36.01283652978172,0.23388963332927265,0.12301973142091559,0.1244787834191807,0.1559264222195151,"{""epochs"": 5000, ""print_every"": 500, ""lr_init"": 0.02, ""lr_milestones"": [700, 2000, 4000], ""lr_factor"": 0.5, ""lr_min"": 0.0001, ""sched_patience_blocks"": 7, ""weight_decay"": 0.0, ""clip_grad_norm"": 5.0, ""h_central_diff"": 1e-05, ""beta1"": 0.9, ""beta2"": 0.999, ""adam_eps"": 1e-08, ""seed_hyb"": 42, ""init_strategy"": ""two_way_mean"", ""n_restarts"": 1, ""restart_jitter_scale"": 0.03, ""max_distance_factor"": 1.5, ""normalize_objective_by_triplets"": true, ""convergence_rel_tol"": 1e-07, ""convergence_patience_checks"": 5, ""early_stop"": false}"
Hyb-Adam-UM,30,0.3,0.3047619047619048,2,56,105,32,73,32,True,True,True,True,,missing_p30_rep02_seed56.csv,HybAdamUM_completed_p30_rep02_seed56.csv,hyb_adam_um_outputs/logs/HybAdamUM_completed_p30_rep02_seed56.log,hyb_adam_um_outputs/logs/epoch_logs/HybAdamUM_completed_p30_rep02_seed56_epochs.csv,21.27725438599009,47.63655880431208,0.01792456374043679,0.10469573363585073,0.813966813409979,58.523957020737264,0.022445654481427994,0.026305709748714035,0.010959730284972338,0.6248573128636252,0.6748533724340176,0.0,0.0,412.9181304266672,47.63655880431208,88.46343735134872,5000,5000,5000,0.0025,two_way_mean,1,0,412.9181304266672,47.63655880431208,0.23388963332927265,0.11819787928263278,0.1244787834191807,0.1559264222195151,"{""epochs"": 5000, ""print_every"": 500, ""lr_init"": 0.02, ""lr_milestones"": [700, 2000, 4000], ""lr_factor"": 0.5, ""lr_min"": 0.0001, ""sched_patience_blocks"": 7, ""weight_decay"": 0.0, ""clip_grad_norm"": 5.0, ""h_central_diff"": 1e-05, ""beta1"": 0.9, ""beta2"": 0.999, ""adam_eps"": 1e-08, ""seed_hyb"": 42, ""init_strategy"": ""two_way_mean"", ""n_restarts"": 1, ""restart_jitter_scale"": 0.03, ""max_distance_factor"": 1.5, ""normalize_objective_by_triplets"": true, ""convergence_rel_tol"": 1e-07, ""convergence_patience_checks"": 5, ""early_stop"": false}"
Hyb-Adam-UM,30,0.3,0.3047619047619048,3,57,105,32,73,32,True,True,True,True,,missing_p30_rep03_seed57.csv,HybAdamUM_completed_p30_rep03_seed57.csv,hyb_adam_um_outputs/logs/HybAdamUM_completed_p30_rep03_seed57.log,hyb_adam_um_outputs/logs/epoch_logs/HybAdamUM_completed_p30_rep03_seed57_epochs.csv,21.38086345998454,30.726670522340655,0.01352981939303228,0.06753114400514429,0.5250272210994384,58.523957020737264,0.022445654481427994,0.004764353802043404,0.00240030470399768,0.9951389756530451,0.9244868035190615,0.0,0.0,270.3699447271516,30.726670522340655,88.6353231483074,4500,5000,4500,0.0025,two_way_mean,1,0,270.3699447271516,30.726670522340655,0.23388963332927265,0.11949106526353737,0.1241590214067278,0.1559264222195151,"{""epochs"": 5000, ""print_every"": 500, ""lr_init"": 0.02, ""lr_milestones"": [700, 2000, 4000], ""lr_factor"": 0.5, ""lr_min"": 0.0001, ""sched_patience_blocks"": 7, ""weight_decay"": 0.0, ""clip_grad_norm"": 5.0, ""h_central_diff"": 1e-05, ""beta1"": 0.9, ""beta2"": 0.999, ""adam_eps"": 1e-08, ""seed_hyb"": 42, ""init_strategy"": ""two_way_mean"", ""n_restarts"": 1, ""restart_jitter_scale"": 0.03, ""max_distance_factor"": 1.5, ""normalize_objective_by_triplets"": true, ""convergence_rel_tol"": 1e-07, ""convergence_patience_checks"": 5, ""early_stop"": false}"
Hyb-Adam-UM,30,0.3,0.3047619047619048,4,58,105,32,73,32,True,True,True,True,,missing_p30_rep04_seed58.csv,HybAdamUM_completed_p30_rep04_seed58.csv,hyb_adam_um_outputs/logs/HybAdamUM_completed_p30_rep04_seed58.log,hyb_adam_um_outputs/logs/epoch_logs/HybAdamUM_completed_p30_rep04_seed58_epochs.csv,21.419592353020562,34.64675987060251,0.015102142698645543,0.07614672499033519,0.5920098645811979,58.523957020737264,0.022445654481427994,0.004879102195802129,0.00228464454122869,0.994364837014086,0.9450146627565982,0.0,0.0,313.0795039856525,34.64675987060251,88.93355859149749,4500,5000,4500,0.0025,two_way_mean,1,0,313.0795039856525,34.64675987060251,0.23388963332927265,0.12073653795899733,0.1247028707259096,0.1559264222195151,"{""epochs"": 5000, ""print_every"": 500, ""lr_init"": 0.02, ""lr_milestones"": [700, 2000, 4000], ""lr_factor"": 0.5, ""lr_min"": 0.0001, ""sched_patience_blocks"": 7, ""weight_decay"": 0.0, ""clip_grad_norm"": 5.0, ""h_central_diff"": 1e-05, ""beta1"": 0.9, ""beta2"": 0.999, ""adam_eps"": 1e-08, ""seed_hyb"": 42, ""init_strategy"": ""two_way_mean"", ""n_restarts"": 1, ""restart_jitter_scale"": 0.03, ""max_distance_factor"": 1.5, ""normalize_objective_by_triplets"": true, ""convergence_rel_tol"": 1e-07, ""convergence_patience_checks"": 5, ""early_stop"": false}"
Hyb-Adam-UM,30,0.3,0.3047619047619048,5,59,105,32,73,32,True,True,True,True,,missing_p30_rep05_seed59.csv,HybAdamUM_completed_p30_rep05_seed59.csv,hyb_adam_um_outputs/logs/HybAdamUM_completed_p30_rep05_seed59.log,hyb_adam_um_outputs/logs/epoch_logs/HybAdamUM_completed_p30_rep05_seed59_epochs.csv,21.586186764005106,60.032344176092565,0.020636358687518914,0.1319392179694342,1.0257738408703434,58.523957020737264,0.022445654481427994,0.021533985634134018,0.008017505820615427,0.7789649859188915,0.9079912023460409,0.0,0.0,438.6539635036499,60.032344176092565,86.3144188424521,5000,5000,5000,0.0025,two_way_mean,1,0,438.6539635036499,60.032344176092565,0.23388963332927265,0.11612684359200375,0.1233794162826421,0.1559264222195151,"{""epochs"": 5000, ""print_every"": 500, ""lr_init"": 0.02, ""lr_milestones"": [700, 2000, 4000], ""lr_factor"": 0.5, ""lr_min"": 0.0001, ""sched_patience_blocks"": 7, ""weight_decay"": 0.0, ""clip_grad_norm"": 5.0, ""h_central_diff"": 1e-05, ""beta1"": 0.9, ""beta2"": 0.999, ""adam_eps"": 1e-08, ""seed_hyb"": 42, ""init_strategy"": ""two_way_mean"", ""n_restarts"": 1, ""restart_jitter_scale"": 0.03, ""max_distance_factor"": 1.5, ""normalize_objective_by_triplets"": true, ""convergence_rel_tol"": 1e-07, ""convergence_patience_checks"": 5, ""early_stop"": false}"
Hyb-Adam-UM,30,0.3,0.3047619047619048,6,60,105,32,73,32,True,True,True,True,,missing_p30_rep06_seed60.csv,HybAdamUM_completed_p30_rep06_seed60.csv,hyb_adam_um_outputs/logs/HybAdamUM_completed_p30_rep06_seed60.log,hyb_adam_um_outputs/logs/epoch_logs/HybAdamUM_completed_p30_rep06_seed60_epochs.csv,21.69736080497387,44.03112297079171,0.017374285391040797,0.09677169883690485,0.7523606606981446,58.523957020737264,0.022445654481427994,0.0019662154343292717,0.0014529368462527733,0.9979093620582293,0.8801319648093842,0.0,0.0,475.24507879518694,44.03112297079171,90.73507019106503,5000,5000,5000,0.0025,two_way_mean,1,0,475.24507879518694,44.03112297079171,0.23357819329771726,0.11559605165759906,0.1233794162826421,0.1557187955318115,"{""epochs"": 5000, ""print_every"": 500, ""lr_init"": 0.02, ""lr_milestones"": [700, 2000, 4000], ""lr_factor"": 0.5, ""lr_min"": 0.0001, ""sched_patience_blocks"": 7, ""weight_decay"": 0.0, ""clip_grad_norm"": 5.0, ""h_central_diff"": 1e-05, ""beta1"": 0.9, ""beta2"": 0.999, ""adam_eps"": 1e-08, ""seed_hyb"": 42, ""init_strategy"": ""two_way_mean"", ""n_restarts"": 1, ""restart_jitter_scale"": 0.03, ""max_distance_factor"": 1.5, ""normalize_objective_by_triplets"": true, ""convergence_rel_tol"": 1e-07, ""convergence_patience_checks"": 5, ""early_stop"": false}"
Hyb-Adam-UM,30,0.3,0.3047619047619048,7,61,105,32,73,32,True,True,True,True,,missing_p30_rep07_seed61.csv,HybAdamUM_completed_p30_rep07_seed61.csv,hyb_adam_um_outputs/logs/HybAdamUM_completed_p30_rep07_seed61.log,hyb_adam_um_outputs/logs/epoch_logs/HybAdamUM_completed_p30_rep07_seed61_epochs.csv,21.215188614005456,46.27523249163387,0.017914680240288822,0.1017038076739206,0.7907058040391356,58.523957020737264,0.022445654481427994,0.01061683457357089,0.0035892690128806436,0.9658976444498996,0.9578445747800585,0.0,0.0,165.97253940303517,46.27523249163387,72.11874165565268,4500,5000,4500,0.0025,two_way_mean,1,0,165.97253940303517,46.27523249163387,0.23388963332927265,0.12180902463716863,0.1247028707259096,0.1559264222195151,"{""epochs"": 5000, ""print_every"": 500, ""lr_init"": 0.02, ""lr_milestones"": [700, 2000, 4000], ""lr_factor"": 0.5, ""lr_min"": 0.0001, ""sched_patience_blocks"": 7, ""weight_decay"": 0.0, ""clip_grad_norm"": 5.0, ""h_central_diff"": 1e-05, ""beta1"": 0.9, ""beta2"": 0.999, ""adam_eps"": 1e-08, ""seed_hyb"": 42, ""init_strategy"": ""two_way_mean"", ""n_restarts"": 1, ""restart_jitter_scale"": 0.03, ""max_distance_factor"": 1.5, ""normalize_objective_by_triplets"": true, ""convergence_rel_tol"": 1e-07, ""convergence_patience_checks"": 5, ""early_stop"": false}"
Hyb-Adam-UM,30,0.3,0.3047619047619048,8,62,105,32,73,32,True,True,True,True,,missing_p30_rep08_seed62.csv,HybAdamUM_completed_p30_rep08_seed62.csv,hyb_adam_um_outputs/logs/HybAdamUM_completed_p30_rep08_seed62.log,hyb_adam_um_outputs/logs/epoch_logs/HybAdamUM_completed_p30_rep08_seed62_epochs.csv,21.419266342010815,40.497718058257696,0.016342580390395246,0.08900597375441252,0.6919853017441697,58.523957020737264,0.022445654481427994,0.010330726393970764,0.003217333996667811,0.9646880862704652,0.9582111436950146,0.0,0.0,300.8707616057652,40.497718058257696,86.53982931338393,4500,5000,4500,0.0025,two_way_mean,1,0,300.8707616057652,40.497718058257696,0.23357819329771726,0.12251027418788243,0.1244840980820587,0.1557187955318115,"{""epochs"": 5000, ""print_every"": 500, ""lr_init"": 0.02, ""lr_milestones"": [700, 2000, 4000], ""lr_factor"": 0.5, ""lr_min"": 0.0001, ""sched_patience_blocks"": 7, ""weight_decay"": 0.0, ""clip_grad_norm"": 5.0, ""h_central_diff"": 1e-05, ""beta1"": 0.9, ""beta2"": 0.999, ""adam_eps"": 1e-08, ""seed_hyb"": 42, ""init_strategy"": ""two_way_mean"", ""n_restarts"": 1, ""restart_jitter_scale"": 0.03, ""max_distance_factor"": 1.5, ""normalize_objective_by_triplets"": true, ""convergence_rel_tol"": 1e-07, ""convergence_patience_checks"": 5, ""early_stop"": false}"
Hyb-Adam-UM,30,0.3,0.3047619047619048,9,63,105,32,73,32,True,True,True,True,,missing_p30_rep09_seed63.csv,HybAdamUM_completed_p30_rep09_seed63.csv,hyb_adam_um_outputs/logs/HybAdamUM_completed_p30_rep09_seed63.log,hyb_adam_um_outputs/logs/epoch_logs/HybAdamUM_completed_p30_rep09_seed63_epochs.csv,21.686020701017696,54.04941104726497,0.018743213617132683,0.11878991438959334,0.9235433453023897,58.523957020737264,0.022445654481427994,0.027538098426567875,0.013519638879619116,0.8286046533153506,0.9508797653958944,0.0,0.0,289.2378769502054,54.04941104726497,81.31316284811135,5000,5000,5000,0.0025,two_way_mean,1,0,289.2378769502054,54.04941104726497,0.23388963332927265,0.12362500763852606,0.1242610762386495,0.1559264222195151,"{""epochs"": 5000, ""print_every"": 500, ""lr_init"": 0.02, ""lr_milestones"": [700, 2000, 4000], ""lr_factor"": 0.5, ""lr_min"": 0.0001, ""sched_patience_blocks"": 7, ""weight_decay"": 0.0, ""clip_grad_norm"": 5.0, ""h_central_diff"": 1e-05, ""beta1"": 0.9, ""beta2"": 0.999, ""adam_eps"": 1e-08, ""seed_hyb"": 42, ""init_strategy"": ""two_way_mean"", ""n_restarts"": 1, ""restart_jitter_scale"": 0.03, ""max_distance_factor"": 1.5, ""normalize_objective_by_triplets"": true, ""convergence_rel_tol"": 1e-07, ""convergence_patience_checks"": 5, ""early_stop"": false}"
Hyb-Adam-UM,30,0.3,0.3047619047619048,10,64,105,32,73,32,True,True,True,True,,missing_p30_rep10_seed64.csv,HybAdamUM_completed_p30_rep10_seed64.csv,hyb_adam_um_outputs/logs/HybAdamUM_completed_p30_rep10_seed64.log,hyb_adam_um_outputs/logs/epoch_logs/HybAdamUM_completed_p30_rep10_seed64_epochs.csv,21.361386906006373,31.91102974645584,0.013908925716364609,0.07013413131089195,0.5452643903615155,58.523957020737264,0.022445654481427994,0.024192896227189446,0.009658176982541638,0.8266665724040472,0.5872434017595308,0.0,0.0,310.5260089687638,31.91102974645584,89.7235565380078,5000,5000,5000,0.0025,two_way_mean,1,0,310.5260089687638,31.91102974645584,0.23388963332927265,0.12104956984994562,0.1244787834191807,0.1559264222195151,"{""epochs"": 5000, ""print_every"": 500, ""lr_init"": 0.02, ""lr_milestones"": [700, 2000, 4000], ""lr_factor"": 0.5, ""lr_min"": 0.0001, ""sched_patience_blocks"": 7, ""weight_decay"": 0.0, ""clip_grad_norm"": 5.0, ""h_central_diff"": 1e-05, ""beta1"": 0.9, ""beta2"": 0.999, ""adam_eps"": 1e-08, ""seed_hyb"": 42, ""init_strategy"": ""two_way_mean"", ""n_restarts"": 1, ""restart_jitter_scale"": 0.03, ""max_distance_factor"": 1.5, ""normalize_objective_by_triplets"": true, ""convergence_rel_tol"": 1e-07, ""convergence_patience_checks"": 5, ""early_stop"": false}"
Hyb-Adam-UM,30,0.3,0.3047619047619048,11,65,105,32,73,32,True,True,True,True,,missing_p30_rep11_seed65.csv,HybAdamUM_completed_p30_rep11_seed65.csv,hyb_adam_um_outputs/logs/HybAdamUM_completed_p30_rep11_seed65.log,hyb_adam_um_outputs/logs/epoch_logs/HybAdamUM_completed_p30_rep11_seed65_epochs.csv,21.51713326200843,48.016496699351464,0.018123694801094884,0.10553076197659662,0.8204588196648663,58.523957020737264,0.022445654481427994,0.014416964021802947,0.004053118301647627,0.9301080205900267,0.9512463343108503,0.0,0.0,285.4869154458012,48.016496699351464,83.1808415372132,4500,5000,4500,0.0025,two_way_mean,1,0,285.4869154458012,48.016496699351464,0.23388963332927265,0.12277949972566779,0.1256247714250883,0.1559264222195151,"{""epochs"": 5000, ""print_every"": 500, ""lr_init"": 0.02, ""lr_milestones"": [700, 2000, 4000], ""lr_factor"": 0.5, ""lr_min"": 0.0001, ""sched_patience_blocks"": 7, ""weight_decay"": 0.0, ""clip_grad_norm"": 5.0, ""h_central_diff"": 1e-05, ""beta1"": 0.9, ""beta2"": 0.999, ""adam_eps"": 1e-08, ""seed_hyb"": 42, ""init_strategy"": ""two_way_mean"", ""n_restarts"": 1, ""restart_jitter_scale"": 0.03, ""max_distance_factor"": 1.5, ""normalize_objective_by_triplets"": true, ""convergence_rel_tol"": 1e-07, ""convergence_patience_checks"": 5, ""early_stop"": false}"
Hyb-Adam-UM,30,0.3,0.3047619047619048,12,66,105,32,73,32,True,True,True,True,,missing_p30_rep12_seed66.csv,HybAdamUM_completed_p30_rep12_seed66.csv,hyb_adam_um_outputs/logs/HybAdamUM_completed_p30_rep12_seed66.log,hyb_adam_um_outputs/logs/epoch_logs/HybAdamUM_completed_p30_rep12_seed66_epochs.csv,21.262566907011205,36.454082341751246,0.015017203111727844,0.08011886228956318,0.6228916190481477,58.523957020737264,0.022445654481427994,0.022766270260381374,0.008766657798942167,0.8434787953442079,0.7305718475073313,0.0,0.0,204.3571981241608,36.454082341751246,82.16158634177255,4500,5000,4500,0.0025,two_way_mean,1,0,204.3571981241608,36.454082341751246,0.23357819329771726,0.1230042721632123,0.1254113345521023,0.1557187955318115,"{""epochs"": 5000, ""print_every"": 500, ""lr_init"": 0.02, ""lr_milestones"": [700, 2000, 4000], ""lr_factor"": 0.5, ""lr_min"": 0.0001, ""sched_patience_blocks"": 7, ""weight_decay"": 0.0, ""clip_grad_norm"": 5.0, ""h_central_diff"": 1e-05, ""beta1"": 0.9, ""beta2"": 0.999, ""adam_eps"": 1e-08, ""seed_hyb"": 42, ""init_strategy"": ""two_way_mean"", ""n_restarts"": 1, ""restart_jitter_scale"": 0.03, ""max_distance_factor"": 1.5, ""normalize_objective_by_triplets"": true, ""convergence_rel_tol"": 1e-07, ""convergence_patience_checks"": 5, ""early_stop"": false}"
Hyb-Adam-UM,30,0.3,0.3047619047619048,13,67,105,32,73,32,True,True,True,True,,missing_p30_rep13_seed67.csv,HybAdamUM_completed_p30_rep13_seed67.csv,hyb_adam_um_outputs/logs/HybAdamUM_completed_p30_rep13_seed67.log,hyb_adam_um_outputs/logs/epoch_logs/HybAdamUM_completed_p30_rep13_seed67_epochs.csv,21.36075783200795,32.6947960585582,0.014124253699064313,0.07185669463419384,0.5586566206890827,58.523957020737264,0.022445654481427994,0.024092609128034372,0.009286184697749434,0.8070263076216811,0.6118035190615836,0.0,0.0,185.89568666552094,32.6947960585582,82.41228903961316,4500,5000,4500,0.0025,two_way_mean,1,0,185.89568666552094,32.6947960585582,0.23388963332927265,0.12154213182465458,0.1247028707259096,0.1559264222195151,"{""epochs"": 5000, ""print_every"": 500, ""lr_init"": 0.02, ""lr_milestones"": [700, 2000, 4000], ""lr_factor"": 0.5, ""lr_min"": 0.0001, ""sched_patience_blocks"": 7, ""weight_decay"": 0.0, ""clip_grad_norm"": 5.0, ""h_central_diff"": 1e-05, ""beta1"": 0.9, ""beta2"": 0.999, ""adam_eps"": 1e-08, ""seed_hyb"": 42, ""init_strategy"": ""two_way_mean"", ""n_restarts"": 1, ""restart_jitter_scale"": 0.03, ""max_distance_factor"": 1.5, ""normalize_objective_by_triplets"": true, ""convergence_rel_tol"": 1e-07, ""convergence_patience_checks"": 5, ""early_stop"": false}"
Hyb-Adam-UM,30,0.3,0.3047619047619048,14,68,105,32,73,32,True,True,True,True,,missing_p30_rep14_seed68.csv,HybAdamUM_completed_p30_rep14_seed68.csv,hyb_adam_um_outputs/logs/HybAdamUM_completed_p30_rep14_seed68.log,hyb_adam_um_outputs/logs/epoch_logs/HybAdamUM_completed_p30_rep14_seed68_epochs.csv,21.732014945999254,56.004930660631075,0.019820023219416373,0.12308775969369468,0.9569573472413425,58.523957020737264,0.022445654481427994,0.027911513873416848,0.012031663394848801,0.7605371714524957,0.7434017595307918,0.0,0.0,200.72921456675888,56.004930660631075,72.0992627896699,4500,5000,4500,0.0025,two_way_mean,1,0,200.72921456675888,56.004930660631075,0.23388963332927265,0.12208139511286847,0.1244840980820587,0.1559264222195151,"{""epochs"": 5000, ""print_every"": 500, ""lr_init"": 0.02, ""lr_milestones"": [700, 2000, 4000], ""lr_factor"": 0.5, ""lr_min"": 0.0001, ""sched_patience_blocks"": 7, ""weight_decay"": 0.0, ""clip_grad_norm"": 5.0, ""h_central_diff"": 1e-05, ""beta1"": 0.9, ""beta2"": 0.999, ""adam_eps"": 1e-08, ""seed_hyb"": 42, ""init_strategy"": ""two_way_mean"", ""n_restarts"": 1, ""restart_jitter_scale"": 0.03, ""max_distance_factor"": 1.5, ""normalize_objective_by_triplets"": true, ""convergence_rel_tol"": 1e-07, ""convergence_patience_checks"": 5, ""early_stop"": false}"
Hyb-Adam-UM,30,0.3,0.3047619047619048,15,69,105,32,73,32,True,True,True,True,,missing_p30_rep15_seed69.csv,HybAdamUM_completed_p30_rep15_seed69.csv,hyb_adam_um_outputs/logs/HybAdamUM_completed_p30_rep15_seed69.log,hyb_adam_um_outputs/logs/epoch_logs/HybAdamUM_completed_p30_rep15_seed69_epochs.csv,21.483998584997607,33.70283951897253,0.014606361512184089,0.0740721747669726,0.5758810790430717,58.523957020737264,0.022445654481427994,0.012476858534778892,0.004595341884956349,0.9441903219395392,0.9567448680351905,0.0,0.0,372.11708057502415,33.70283951897253,90.9429474543624,5000,5000,5000,0.0025,two_way_mean,1,0,372.11708057502415,33.70283951897253,0.23388963332927265,0.11977802496343004,0.1244840980820587,0.1559264222195151,"{""epochs"": 5000, ""print_every"": 500, ""lr_init"": 0.02, ""lr_milestones"": [700, 2000, 4000], ""lr_factor"": 0.5, ""lr_min"": 0.0001, ""sched_patience_blocks"": 7, ""weight_decay"": 0.0, ""clip_grad_norm"": 5.0, ""h_central_diff"": 1e-05, ""beta1"": 0.9, ""beta2"": 0.999, ""adam_eps"": 1e-08, ""seed_hyb"": 42, ""init_strategy"": ""two_way_mean"", ""n_restarts"": 1, ""restart_jitter_scale"": 0.03, ""max_distance_factor"": 1.5, ""normalize_objective_by_triplets"": true, ""convergence_rel_tol"": 1e-07, ""convergence_patience_checks"": 5, ""early_stop"": false}"
Hyb-Adam-UM,30,0.3,0.3047619047619048,16,70,105,32,73,32,True,True,True,True,,missing_p30_rep16_seed70.csv,HybAdamUM_completed_p30_rep16_seed70.csv,hyb_adam_um_outputs/logs/HybAdamUM_completed_p30_rep16_seed70.log,hyb_adam_um_outputs/logs/epoch_logs/HybAdamUM_completed_p30_rep16_seed70_epochs.csv,21.415914564975537,31.253186798887143,0.013726583774420759,0.0686883226349168,0.5340238150303636,58.523957020737264,0.022445654481427994,0.011717767098250466,0.004586567286575772,0.9666925488938548,0.9435483870967741,0.0,0.0,350.04357812147725,31.253186798887143,91.07162971918851,5000,5000,5000,0.0025,two_way_mean,1,0,350.04357812147725,31.253186798887143,0.23388963332927265,0.12276681812292231,0.1242610762386495,0.1559264222195151,"{""epochs"": 5000, ""print_every"": 500, ""lr_init"": 0.02, ""lr_milestones"": [700, 2000, 4000], ""lr_factor"": 0.5, ""lr_min"": 0.0001, ""sched_patience_blocks"": 7, ""weight_decay"": 0.0, ""clip_grad_norm"": 5.0, ""h_central_diff"": 1e-05, ""beta1"": 0.9, ""beta2"": 0.999, ""adam_eps"": 1e-08, ""seed_hyb"": 42, ""init_strategy"": ""two_way_mean"", ""n_restarts"": 1, ""restart_jitter_scale"": 0.03, ""max_distance_factor"": 1.5, ""normalize_objective_by_triplets"": true, ""convergence_rel_tol"": 1e-07, ""convergence_patience_checks"": 5, ""early_stop"": false}"
Hyb-Adam-UM,30,0.3,0.3047619047619048,17,71,105,32,73,32,True,True,True,True,,missing_p30_rep17_seed71.csv,HybAdamUM_completed_p30_rep17_seed71.csv,hyb_adam_um_outputs/logs/HybAdamUM_completed_p30_rep17_seed71.log,hyb_adam_um_outputs/logs/epoch_logs/HybAdamUM_completed_p30_rep17_seed71_epochs.csv,21.774084108998068,38.847398638837056,0.015210145604420387,0.08537889810733419,0.6637862614975256,58.523957020737264,0.022445654481427994,0.02068772541931459,0.009493683331272314,0.8883877247458692,0.7917888563049852,0.0,0.0,168.07221555168195,38.847398638837056,76.88648387758562,5000,5000,5000,0.0025,two_way_mean,1,0,168.07221555168195,38.847398638837056,0.23357819329771726,0.12502195741669803,0.1260626669905271,0.1557187955318115,"{""epochs"": 5000, ""print_every"": 500, ""lr_init"": 0.02, ""lr_milestones"": [700, 2000, 4000], ""lr_factor"": 0.5, ""lr_min"": 0.0001, ""sched_patience_blocks"": 7, ""weight_decay"": 0.0, ""clip_grad_norm"": 5.0, ""h_central_diff"": 1e-05, ""beta1"": 0.9, ""beta2"": 0.999, ""adam_eps"": 1e-08, ""seed_hyb"": 42, ""init_strategy"": ""two_way_mean"", ""n_restarts"": 1, ""restart_jitter_scale"": 0.03, ""max_distance_factor"": 1.5, ""normalize_objective_by_triplets"": true, ""convergence_rel_tol"": 1e-07, ""convergence_patience_checks"": 5, ""early_stop"": false}"
Hyb-Adam-UM,30,0.3,0.3047619047619048,18,72,105,32,73,32,True,True,True,True,,missing_p30_rep18_seed72.csv,HybAdamUM_completed_p30_rep18_seed72.csv,hyb_adam_um_outputs/logs/HybAdamUM_completed_p30_rep18_seed72.log,hyb_adam_um_outputs/logs/epoch_logs/HybAdamUM_completed_p30_rep18_seed72_epochs.csv,21.511628531006863,48.970258351573094,0.01849736333291798,0.10762694143202878,0.8367557636989766,58.523957020737264,0.022445654481427994,0.012051742673820788,0.0036964013553899833,0.9352835639519039,0.9079912023460409,0.0,0.0,345.41789899062917,48.970258351573094,85.82289496442638,5000,5000,5000,0.0025,two_way_mean,1,0,345.41789899062917,48.970258351573094,0.23388963332927265,0.1193351402301,0.1244787834191807,0.1559264222195151,"{""epochs"": 5000, ""print_every"": 500, ""lr_init"": 0.02, ""lr_milestones"": [700, 2000, 4000], ""lr_factor"": 0.5, ""lr_min"": 0.0001, ""sched_patience_blocks"": 7, ""weight_decay"": 0.0, ""clip_grad_norm"": 5.0, ""h_central_diff"": 1e-05, ""beta1"": 0.9, ""beta2"": 0.999, ""adam_eps"": 1e-08, ""seed_hyb"": 42, ""init_strategy"": ""two_way_mean"", ""n_restarts"": 1, ""restart_jitter_scale"": 0.03, ""max_distance_factor"": 1.5, ""normalize_objective_by_triplets"": true, ""convergence_rel_tol"": 1e-07, ""convergence_patience_checks"": 5, ""early_stop"": false}"
Hyb-Adam-UM,30,0.3,0.3047619047619048,19,73,105,32,73,32,True,True,True,True,,missing_p30_rep19_seed73.csv,HybAdamUM_completed_p30_rep19_seed73.csv,hyb_adam_um_outputs/logs/HybAdamUM_completed_p30_rep19_seed73.log,hyb_adam_um_outputs/logs/epoch_logs/HybAdamUM_completed_p30_rep19_seed73_epochs.csv,21.48960775701562,43.69876098627904,0.017143080617847768,0.09604123293687701,0.74668158495836,58.523957020737264,0.022445654481427994,0.019573925605131656,0.00630074647354838,0.7927719268049964,0.7364369501466275,0.0,0.0,441.36416780930693,43.69876098627904,90.09915979288122,4500,5000,4500,0.0025,two_way_mean,1,0,441.36416780930693,43.69876098627904,0.2325998419548963,0.11819848039590355,0.1244840980820587,0.1550665613032642,"{""epochs"": 5000, ""print_every"": 500, ""lr_init"": 0.02, ""lr_milestones"": [700, 2000, 4000], ""lr_factor"": 0.5, ""lr_min"": 0.0001, ""sched_patience_blocks"": 7, ""weight_decay"": 0.0, ""clip_grad_norm"": 5.0, ""h_central_diff"": 1e-05, ""beta1"": 0.9, ""beta2"": 0.999, ""adam_eps"": 1e-08, ""seed_hyb"": 42, ""init_strategy"": ""two_way_mean"", ""n_restarts"": 1, ""restart_jitter_scale"": 0.03, ""max_distance_factor"": 1.5, ""normalize_objective_by_triplets"": true, ""convergence_rel_tol"": 1e-07, ""convergence_patience_checks"": 5, ""early_stop"": false}"
Hyb-Adam-UM,30,0.3,0.3047619047619048,20,74,105,32,73,32,True,True,True,True,,missing_p30_rep20_seed74.csv,HybAdamUM_completed_p30_rep20_seed74.csv,hyb_adam_um_outputs/logs/HybAdamUM_completed_p30_rep20_seed74.log,hyb_adam_um_outputs/logs/epoch_logs/HybAdamUM_completed_p30_rep20_seed74_epochs.csv,21.39797969997744,39.935969234365565,0.016444133719588486,0.08777136095464959,0.6823866885866028,58.523957020737264,0.022445654481427994,0.011862145077025078,0.0036812465966202376,0.9405944815697438,0.8651026392961876,0.0,0.0,364.8576055722001,39.935969234365565,89.05436843731552,4500,5000,4500,0.0025,two_way_mean,1,0,364.8576055722001,39.935969234365565,0.23388963332927265,0.11794319879225777,0.1242610762386495,0.1559264222195151,"{""epochs"": 5000, ""print_every"": 500, ""lr_init"": 0.02, ""lr_milestones"": [700, 2000, 4000], ""lr_factor"": 0.5, ""lr_min"": 0.0001, ""sched_patience_blocks"": 7, ""weight_decay"": 0.0, ""clip_grad_norm"": 5.0, ""h_central_diff"": 1e-05, ""beta1"": 0.9, ""beta2"": 0.999, ""adam_eps"": 1e-08, ""seed_hyb"": 42, ""init_strategy"": ""two_way_mean"", ""n_restarts"": 1, ""restart_jitter_scale"": 0.03, ""max_distance_factor"": 1.5, ""normalize_objective_by_triplets"": true, ""convergence_rel_tol"": 1e-07, ""convergence_patience_checks"": 5, ""early_stop"": false}"
Hyb-Adam-UM,30,0.3,0.3047619047619048,21,75,105,32,73,32,True,True,True,True,,missing_p30_rep21_seed75.csv,HybAdamUM_completed_p30_rep21_seed75.csv,hyb_adam_um_outputs/logs/HybAdamUM_completed_p30_rep21_seed75.log,hyb_adam_um_outputs/logs/epoch_logs/HybAdamUM_completed_p30_rep21_seed75_epochs.csv,21.425866609992227,39.26320247834246,0.016185847467689838,0.08629275269965375,0.6708911098480578,58.523957020737264,0.022445654481427994,0.00236583845073762,0.0018572967223006213,0.9985699768230252,0.9662756598240468,0.0,0.0,482.1314834970273,39.26320247834246,91.8563288600122,4500,5000,4500,0.0025,two_way_mean,1,0,482.1314834970273,39.26320247834246,0.23388963332927265,0.1206300347714519,0.1242610762386495,0.1559264222195151,"{""epochs"": 5000, ""print_every"": 500, ""lr_init"": 0.02, ""lr_milestones"": [700, 2000, 4000], ""lr_factor"": 0.5, ""lr_min"": 0.0001, ""sched_patience_blocks"": 7, ""weight_decay"": 0.0, ""clip_grad_norm"": 5.0, ""h_central_diff"": 1e-05, ""beta1"": 0.9, ""beta2"": 0.999, ""adam_eps"": 1e-08, ""seed_hyb"": 42, ""init_strategy"": ""two_way_mean"", ""n_restarts"": 1, ""restart_jitter_scale"": 0.03, ""max_distance_factor"": 1.5, ""normalize_objective_by_triplets"": true, ""convergence_rel_tol"": 1e-07, ""convergence_patience_checks"": 5, ""early_stop"": false}"
Hyb-Adam-UM,30,0.3,0.3047619047619048,22,76,105,32,73,32,True,True,True,True,,missing_p30_rep22_seed76.csv,HybAdamUM_completed_p30_rep22_seed76.csv,hyb_adam_um_outputs/logs/HybAdamUM_completed_p30_rep22_seed76.log,hyb_adam_um_outputs/logs/epoch_logs/HybAdamUM_completed_p30_rep22_seed76_epochs.csv,21.593259329994908,38.052418246948974,0.015544647660026218,0.08363168845483292,0.6502024159689946,58.523957020737264,0.022445654481427994,0.0023171843702157174,0.0018872682899559719,0.9983869459423423,0.9534457478005866,0.0,0.0,386.24342326438887,38.052418246948974,90.14807348036018,5000,5000,5000,0.0025,two_way_mean,1,0,386.24342326438887,38.052418246948974,0.23388963332927265,0.12048188702043622,0.1254113345521023,0.1559264222195151,"{""epochs"": 5000, ""print_every"": 500, ""lr_init"": 0.02, ""lr_milestones"": [700, 2000, 4000], ""lr_factor"": 0.5, ""lr_min"": 0.0001, ""sched_patience_blocks"": 7, ""weight_decay"": 0.0, ""clip_grad_norm"": 5.0, ""h_central_diff"": 1e-05, ""beta1"": 0.9, ""beta2"": 0.999, ""adam_eps"": 1e-08, ""seed_hyb"": 42, ""init_strategy"": ""two_way_mean"", ""n_restarts"": 1, ""restart_jitter_scale"": 0.03, ""max_distance_factor"": 1.5, ""normalize_objective_by_triplets"": true, ""convergence_rel_tol"": 1e-07, ""convergence_patience_checks"": 5, ""early_stop"": false}"
Hyb-Adam-UM,30,0.3,0.3047619047619048,23,77,105,32,73,32,True,True,True,True,,missing_p30_rep23_seed77.csv,HybAdamUM_completed_p30_rep23_seed77.csv,hyb_adam_um_outputs/logs/HybAdamUM_completed_p30_rep23_seed77.log,hyb_adam_um_outputs/logs/epoch_logs/HybAdamUM_completed_p30_rep23_seed77_epochs.csv,21.827561001991853,41.503096631937176,0.016847457011230017,0.09121559699326852,0.7091642251263196,58.523957020737264,0.022445654481427994,0.010427031669343044,0.0033550072894559108,0.9702690375197833,0.9303519061583577,0.0,0.0,185.06156975309523,41.503096631937176,77.57335751160566,4500,5000,4500,0.0025,two_way_mean,1,0,185.06156975309523,41.503096631937176,0.23388963332927265,0.12468033054406386,0.1260626669905271,0.1559264222195151,"{""epochs"": 5000, ""print_every"": 500, ""lr_init"": 0.02, ""lr_milestones"": [700, 2000, 4000], ""lr_factor"": 0.5, ""lr_min"": 0.0001, ""sched_patience_blocks"": 7, ""weight_decay"": 0.0, ""clip_grad_norm"": 5.0, ""h_central_diff"": 1e-05, ""beta1"": 0.9, ""beta2"": 0.999, ""adam_eps"": 1e-08, ""seed_hyb"": 42, ""init_strategy"": ""two_way_mean"", ""n_restarts"": 1, ""restart_jitter_scale"": 0.03, ""max_distance_factor"": 1.5, ""normalize_objective_by_triplets"": true, ""convergence_rel_tol"": 1e-07, ""convergence_patience_checks"": 5, ""early_stop"": false}"
Hyb-Adam-UM,30,0.3,0.3047619047619048,24,78,105,32,73,32,True,True,True,True,,missing_p30_rep24_seed78.csv,HybAdamUM_completed_p30_rep24_seed78.csv,hyb_adam_um_outputs/logs/HybAdamUM_completed_p30_rep24_seed78.log,hyb_adam_um_outputs/logs/epoch_logs/HybAdamUM_completed_p30_rep24_seed78_epochs.csv,21.81539023699588,39.15036414164646,0.015860633877992626,0.08604475635526695,0.6689630389786186,58.523957020737264,0.022445654481427994,0.025653207489016824,0.010384980809759964,0.8060261419142765,0.6092375366568915,0.0,0.0,222.23370468621007,39.15036414164646,82.383246413083,5000,5000,5000,0.0025,two_way_mean,1,0,222.23370468621007,39.15036414164646,0.23388963332927265,0.12170895941011753,0.1244840980820587,0.1559264222195151,"{""epochs"": 5000, ""print_every"": 500, ""lr_init"": 0.02, ""lr_milestones"": [700, 2000, 4000], ""lr_factor"": 0.5, ""lr_min"": 0.0001, ""sched_patience_blocks"": 7, ""weight_decay"": 0.0, ""clip_grad_norm"": 5.0, ""h_central_diff"": 1e-05, ""beta1"": 0.9, ""beta2"": 0.999, ""adam_eps"": 1e-08, ""seed_hyb"": 42, ""init_strategy"": ""two_way_mean"", ""n_restarts"": 1, ""restart_jitter_scale"": 0.03, ""max_distance_factor"": 1.5, ""normalize_objective_by_triplets"": true, ""convergence_rel_tol"": 1e-07, ""convergence_patience_checks"": 5, ""early_stop"": false}"
Hyb-Adam-UM,30,0.3,0.3047619047619048,25,79,105,32,73,32,True,True,True,True,,missing_p30_rep25_seed79.csv,HybAdamUM_completed_p30_rep25_seed79.csv,hyb_adam_um_outputs/logs/HybAdamUM_completed_p30_rep25_seed79.log,hyb_adam_um_outputs/logs/epoch_logs/HybAdamUM_completed_p30_rep25_seed79_epochs.csv,21.641910111997277,27.67086517339196,0.01230364544114791,0.060815088293169145,0.47281261524382434,58.523957020737264,0.022445654481427994,0.012858985872477907,0.005269382730152651,0.9572849045463627,0.9296187683284455,0.0,0.0,114.89167078902125,27.67086517339196,75.91569085612417,5000,5000,5000,0.0025,two_way_mean,1,0,114.89167078902125,27.67086517339196,0.23388963332927265,0.12459692410064459,0.1256247714250883,0.1559264222195151,"{""epochs"": 5000, ""print_every"": 500, ""lr_init"": 0.02, ""lr_milestones"": [700, 2000, 4000], ""lr_factor"": 0.5, ""lr_min"": 0.0001, ""sched_patience_blocks"": 7, ""weight_decay"": 0.0, ""clip_grad_norm"": 5.0, ""h_central_diff"": 1e-05, ""beta1"": 0.9, ""beta2"": 0.999, ""adam_eps"": 1e-08, ""seed_hyb"": 42, ""init_strategy"": ""two_way_mean"", ""n_restarts"": 1, ""restart_jitter_scale"": 0.03, ""max_distance_factor"": 1.5, ""normalize_objective_by_triplets"": true, ""convergence_rel_tol"": 1e-07, ""convergence_patience_checks"": 5, ""early_stop"": false}"
Hyb-Adam-UM,30,0.3,0.3047619047619048,26,80,105,32,73,32,True,True,True,True,,missing_p30_rep26_seed80.csv,HybAdamUM_completed_p30_rep26_seed80.csv,hyb_adam_um_outputs/logs/HybAdamUM_completed_p30_rep26_seed80.log,hyb_adam_um_outputs/logs/epoch_logs/HybAdamUM_completed_p30_rep26_seed80_epochs.csv,21.35128968700883,34.50750496001284,0.014876597561950339,0.07584067024178645,0.5896304131961808,58.523957020737264,0.022445654481427994,0.01240217418371444,0.005199113843910564,0.9717685491332234,0.8984604105571847,0.0,0.0,232.81500990776343,34.50750496001284,85.17814423834443,5000,5000,5000,0.0025,two_way_mean,1,0,232.81500990776343,34.50750496001284,0.23388963332927265,0.12298681645500929,0.1241590214067278,0.1559264222195151,"{""epochs"": 5000, ""print_every"": 500, ""lr_init"": 0.02, ""lr_milestones"": [700, 2000, 4000], ""lr_factor"": 0.5, ""lr_min"": 0.0001, ""sched_patience_blocks"": 7, ""weight_decay"": 0.0, ""clip_grad_norm"": 5.0, ""h_central_diff"": 1e-05, ""beta1"": 0.9, ""beta2"": 0.999, ""adam_eps"": 1e-08, ""seed_hyb"": 42, ""init_strategy"": ""two_way_mean"", ""n_restarts"": 1, ""restart_jitter_scale"": 0.03, ""max_distance_factor"": 1.5, ""normalize_objective_by_triplets"": true, ""convergence_rel_tol"": 1e-07, ""convergence_patience_checks"": 5, ""early_stop"": false}"
Hyb-Adam-UM,30,0.3,0.3047619047619048,27,81,105,32,73,32,True,True,True,True,,missing_p30_rep27_seed81.csv,HybAdamUM_completed_p30_rep27_seed81.csv,hyb_adam_um_outputs/logs/HybAdamUM_completed_p30_rep27_seed81.log,hyb_adam_um_outputs/logs/epoch_logs/HybAdamUM_completed_p30_rep27_seed81_epochs.csv,21.347531260020332,43.94656609658597,0.01724907252061171,0.09658585955293619,0.7509158357322631,58.523957020737264,0.022445654481427994,0.0017040977333987286,0.0015053409242186415,0.9986008084486867,0.8823313782991202,0.0,0.0,385.42763543788124,43.94656609658597,88.5979722116556,4500,5000,4500,0.0025,two_way_mean,1,0,385.42763543788124,43.94656609658597,0.23388963332927265,0.11553325620488947,0.1240295861605232,0.1559264222195151,"{""epochs"": 5000, ""print_every"": 500, ""lr_init"": 0.02, ""lr_milestones"": [700, 2000, 4000], ""lr_factor"": 0.5, ""lr_min"": 0.0001, ""sched_patience_blocks"": 7, ""weight_decay"": 0.0, ""clip_grad_norm"": 5.0, ""h_central_diff"": 1e-05, ""beta1"": 0.9, ""beta2"": 0.999, ""adam_eps"": 1e-08, ""seed_hyb"": 42, ""init_strategy"": ""two_way_mean"", ""n_restarts"": 1, ""restart_jitter_scale"": 0.03, ""max_distance_factor"": 1.5, ""normalize_objective_by_triplets"": true, ""convergence_rel_tol"": 1e-07, ""convergence_patience_checks"": 5, ""early_stop"": false}"
Hyb-Adam-UM,30,0.3,0.3047619047619048,28,82,105,32,73,32,True,True,True,True,,missing_p30_rep28_seed82.csv,HybAdamUM_completed_p30_rep28_seed82.csv,hyb_adam_um_outputs/logs/HybAdamUM_completed_p30_rep28_seed82.log,hyb_adam_um_outputs/logs/epoch_logs/HybAdamUM_completed_p30_rep28_seed82_epochs.csv,21.285499210993294,41.041731230833186,0.016775095906413236,0.09020160710073227,0.7012808654802775,58.523957020737264,0.022445654481427994,0.019589585839264786,0.006342618440868543,0.8507466127322325,0.8189149560117301,0.0,0.0,263.3590317499514,41.041731230833186,84.41605326457889,4500,5000,4500,0.0025,two_way_mean,1,0,263.3590317499514,41.041731230833186,0.23388963332927265,0.11990823116615626,0.1247028707259096,0.1559264222195151,"{""epochs"": 5000, ""print_every"": 500, ""lr_init"": 0.02, ""lr_milestones"": [700, 2000, 4000], ""lr_factor"": 0.5, ""lr_min"": 0.0001, ""sched_patience_blocks"": 7, ""weight_decay"": 0.0, ""clip_grad_norm"": 5.0, ""h_central_diff"": 1e-05, ""beta1"": 0.9, ""beta2"": 0.999, ""adam_eps"": 1e-08, ""seed_hyb"": 42, ""init_strategy"": ""two_way_mean"", ""n_restarts"": 1, ""restart_jitter_scale"": 0.03, ""max_distance_factor"": 1.5, ""normalize_objective_by_triplets"": true, ""convergence_rel_tol"": 1e-07, ""convergence_patience_checks"": 5, ""early_stop"": false}"
Hyb-Adam-UM,30,0.3,0.3047619047619048,29,83,105,32,73,32,True,True,True,True,,missing_p30_rep29_seed83.csv,HybAdamUM_completed_p30_rep29_seed83.csv,hyb_adam_um_outputs/logs/HybAdamUM_completed_p30_rep29_seed83.log,hyb_adam_um_outputs/logs/epoch_logs/HybAdamUM_completed_p30_rep29_seed83_epochs.csv,21.438550707011018,51.31343527661314,0.019166854803975862,0.11277678082772119,0.876793673716062,58.523957020737264,0.022445654481427994,0.01646340175608677,0.005394457041380041,0.8937496191584041,0.9424486803519062,0.0,0.0,446.0199668251875,51.31343527661314,88.49526050551795,5000,5000,5000,0.0025,two_way_mean,1,0,446.0199668251875,51.31343527661314,0.23388963332927265,0.11801987032791549,0.1231648135634867,0.1559264222195151,"{""epochs"": 5000, ""print_every"": 500, ""lr_init"": 0.02, ""lr_milestones"": [700, 2000, 4000], ""lr_factor"": 0.5, ""lr_min"": 0.0001, ""sched_patience_blocks"": 7, ""weight_decay"": 0.0, ""clip_grad_norm"": 5.0, ""h_central_diff"": 1e-05, ""beta1"": 0.9, ""beta2"": 0.999, ""adam_eps"": 1e-08, ""seed_hyb"": 42, ""init_strategy"": ""two_way_mean"", ""n_restarts"": 1, ""restart_jitter_scale"": 0.03, ""max_distance_factor"": 1.5, ""normalize_objective_by_triplets"": true, ""convergence_rel_tol"": 1e-07, ""convergence_patience_checks"": 5, ""early_stop"": false}"
Hyb-Adam-UM,30,0.3,0.3047619047619048,30,84,105,32,73,32,True,True,True,True,,missing_p30_rep30_seed84.csv,HybAdamUM_completed_p30_rep30_seed84.csv,hyb_adam_um_outputs/logs/HybAdamUM_completed_p30_rep30_seed84.log,hyb_adam_um_outputs/logs/epoch_logs/HybAdamUM_completed_p30_rep30_seed84_epochs.csv,21.4024547880108,39.701247872405304,0.01537768454109126,0.08725548982946221,0.678376000076988,58.523957020737264,0.022445654481427994,0.019347534341054597,0.006877707243735947,0.8343266793800251,0.9167888563049852,0.0,0.0,321.91038080283215,39.701247872405304,87.66698738531143,5000,5000,5000,0.0025,two_way_mean,1,0,321.91038080283215,39.701247872405304,0.23388963332927265,0.11875972154948432,0.1244840980820587,0.1559264222195151,"{""epochs"": 5000, ""print_every"": 500, ""lr_init"": 0.02, ""lr_milestones"": [700, 2000, 4000], ""lr_factor"": 0.5, ""lr_min"": 0.0001, ""sched_patience_blocks"": 7, ""weight_decay"": 0.0, ""clip_grad_norm"": 5.0, ""h_central_diff"": 1e-05, ""beta1"": 0.9, ""beta2"": 0.999, ""adam_eps"": 1e-08, ""seed_hyb"": 42, ""init_strategy"": ""two_way_mean"", ""n_restarts"": 1, ""restart_jitter_scale"": 0.03, ""max_distance_factor"": 1.5, ""normalize_objective_by_triplets"": true, ""convergence_rel_tol"": 1e-07, ""convergence_patience_checks"": 5, ""early_stop"": false}"
Hyb-Adam-UM,50,0.5,0.49523809523809526,1,55,105,52,53,52,True,True,True,True,,missing_p50_rep01_seed55.csv,HybAdamUM_completed_p50_rep01_seed55.csv,hyb_adam_um_outputs/logs/HybAdamUM_completed_p50_rep01_seed55.log,hyb_adam_um_outputs/logs/epoch_logs/HybAdamUM_completed_p50_rep01_seed55_epochs.csv,34.6187948549923,29.22819236820515,0.012677510921257325,0.0642377854246267,0.49942269552703844,58.523957020737264,0.022445654481427994,0.01875577559594917,0.00610176221571533,0.8798632654806522,0.7746094083496968,0.0,0.0,326.3766172306846,29.22819236820515,91.04464265356776,4500,5000,4500,0.0025,two_way_mean,1,0,326.3766172306846,29.22819236820515,0.23388963332927265,0.11899061308824704,0.1231648135634867,0.1559264222195151,"{""epochs"": 5000, ""print_every"": 500, ""lr_init"": 0.02, ""lr_milestones"": [700, 2000, 4000], ""lr_factor"": 0.5, ""lr_min"": 0.0001, ""sched_patience_blocks"": 7, ""weight_decay"": 0.0, ""clip_grad_norm"": 5.0, ""h_central_diff"": 1e-05, ""beta1"": 0.9, ""beta2"": 0.999, ""adam_eps"": 1e-08, ""seed_hyb"": 42, ""init_strategy"": ""two_way_mean"", ""n_restarts"": 1, ""restart_jitter_scale"": 0.03, ""max_distance_factor"": 1.5, ""normalize_objective_by_triplets"": true, ""convergence_rel_tol"": 1e-07, ""convergence_patience_checks"": 5, ""early_stop"": false}"
Hyb-Adam-UM,50,0.5,0.49523809523809526,2,56,105,52,53,52,True,True,True,True,,missing_p50_rep02_seed56.csv,HybAdamUM_completed_p50_rep02_seed56.csv,hyb_adam_um_outputs/logs/HybAdamUM_completed_p50_rep02_seed56.log,hyb_adam_um_outputs/logs/epoch_logs/HybAdamUM_completed_p50_rep02_seed56_epochs.csv,34.59101135499077,28.42712725962114,0.012177133862448893,0.06247720276839811,0.4857348803251347,58.523957020737264,0.022445654481427994,0.018566545222333173,0.006705377999478,0.8864645354363534,0.7548023563561853,0.0,0.0,319.2219084645149,28.42712725962114,91.09486958575052,4500,5000,4500,0.0025,two_way_mean,1,0,319.2219084645149,28.42712725962114,0.23388963332927265,0.12265998289748507,0.1244840980820587,0.1559264222195151,"{""epochs"": 5000, ""print_every"": 500, ""lr_init"": 0.02, ""lr_milestones"": [700, 2000, 4000], ""lr_factor"": 0.5, ""lr_min"": 0.0001, ""sched_patience_blocks"": 7, ""weight_decay"": 0.0, ""clip_grad_norm"": 5.0, ""h_central_diff"": 1e-05, ""beta1"": 0.9, ""beta2"": 0.999, ""adam_eps"": 1e-08, ""seed_hyb"": 42, ""init_strategy"": ""two_way_mean"", ""n_restarts"": 1, ""restart_jitter_scale"": 0.03, ""max_distance_factor"": 1.5, ""normalize_objective_by_triplets"": true, ""convergence_rel_tol"": 1e-07, ""convergence_patience_checks"": 5, ""early_stop"": false}"
Hyb-Adam-UM,50,0.5,0.49523809523809526,3,57,105,52,53,52,True,True,True,True,,missing_p50_rep03_seed57.csv,HybAdamUM_completed_p50_rep03_seed57.csv,hyb_adam_um_outputs/logs/HybAdamUM_completed_p50_rep03_seed57.log,hyb_adam_um_outputs/logs/epoch_logs/HybAdamUM_completed_p50_rep03_seed57_epochs.csv,34.15051028400194,20.837466893334742,0.009297259734255317,0.04579663053480163,0.35605020497761686,58.523957020737264,0.022445654481427994,0.0071764886733739625,0.003981701022094082,0.9955212163902429,0.9427132246222145,0.0,0.0,312.9348820564668,20.837466893334742,93.34127702338571,4500,5000,4500,0.0025,two_way_mean,1,0,312.9348820564668,20.837466893334742,0.23388963332927265,0.12047078444934654,0.1240295861605232,0.1559264222195151,"{""epochs"": 5000, ""print_every"": 500, ""lr_init"": 0.02, ""lr_milestones"": [700, 2000, 4000], ""lr_factor"": 0.5, ""lr_min"": 0.0001, ""sched_patience_blocks"": 7, ""weight_decay"": 0.0, ""clip_grad_norm"": 5.0, ""h_central_diff"": 1e-05, ""beta1"": 0.9, ""beta2"": 0.999, ""adam_eps"": 1e-08, ""seed_hyb"": 42, ""init_strategy"": ""two_way_mean"", ""n_restarts"": 1, ""restart_jitter_scale"": 0.03, ""max_distance_factor"": 1.5, ""normalize_objective_by_triplets"": true, ""convergence_rel_tol"": 1e-07, ""convergence_patience_checks"": 5, ""early_stop"": false}"
Hyb-Adam-UM,50,0.5,0.49523809523809526,4,58,105,52,53,52,True,True,True,True,,missing_p50_rep04_seed58.csv,HybAdamUM_completed_p50_rep04_seed58.csv,hyb_adam_um_outputs/logs/HybAdamUM_completed_p50_rep04_seed58.log,hyb_adam_um_outputs/logs/epoch_logs/HybAdamUM_completed_p50_rep04_seed58_epochs.csv,34.10113316701609,23.63958876838706,0.010425902678458235,0.051955140150301234,0.4039301163455276,58.523957020737264,0.022445654481427994,0.018927313156497358,0.006818908313060561,0.868352776898664,0.7226158968667293,0.0,0.0,305.6745853243475,23.63958876838706,92.26641994351498,5000,5000,5000,0.0025,two_way_mean,1,0,305.6745853243475,23.63958876838706,0.23388963332927265,0.11861477645295795,0.1240295861605232,0.1559264222195151,"{""epochs"": 5000, ""print_every"": 500, ""lr_init"": 0.02, ""lr_milestones"": [700, 2000, 4000], ""lr_factor"": 0.5, ""lr_min"": 0.0001, ""sched_patience_blocks"": 7, ""weight_decay"": 0.0, ""clip_grad_norm"": 5.0, ""h_central_diff"": 1e-05, ""beta1"": 0.9, ""beta2"": 0.999, ""adam_eps"": 1e-08, ""seed_hyb"": 42, ""init_strategy"": ""two_way_mean"", ""n_restarts"": 1, ""restart_jitter_scale"": 0.03, ""max_distance_factor"": 1.5, ""normalize_objective_by_triplets"": true, ""convergence_rel_tol"": 1e-07, ""convergence_patience_checks"": 5, ""early_stop"": false}"
Hyb-Adam-UM,50,0.5,0.49523809523809526,5,59,105,52,53,52,True,True,True,True,,missing_p50_rep05_seed59.csv,HybAdamUM_completed_p50_rep05_seed59.csv,hyb_adam_um_outputs/logs/HybAdamUM_completed_p50_rep05_seed59.log,hyb_adam_um_outputs/logs/epoch_logs/HybAdamUM_completed_p50_rep05_seed59_epochs.csv,34.406496146984864,26.54322615813342,0.011545076905203016,0.05833676078710642,0.453544625301535,58.523957020737264,0.022445654481427994,0.003778907830906658,0.0020217979467598754,0.994896356682373,0.9411764705882353,0.0,0.0,427.6227084584374,26.54322615813342,93.79283989528511,5000,5000,5000,0.0025,two_way_mean,1,0,427.6227084584374,26.54322615813342,0.23388963332927265,0.1152604101989678,0.1231648135634867,0.1559264222195151,"{""epochs"": 5000, ""print_every"": 500, ""lr_init"": 0.02, ""lr_milestones"": [700, 2000, 4000], ""lr_factor"": 0.5, ""lr_min"": 0.0001, ""sched_patience_blocks"": 7, ""weight_decay"": 0.0, ""clip_grad_norm"": 5.0, ""h_central_diff"": 1e-05, ""beta1"": 0.9, ""beta2"": 0.999, ""adam_eps"": 1e-08, ""seed_hyb"": 42, ""init_strategy"": ""two_way_mean"", ""n_restarts"": 1, ""restart_jitter_scale"": 0.03, ""max_distance_factor"": 1.5, ""normalize_objective_by_triplets"": true, ""convergence_rel_tol"": 1e-07, ""convergence_patience_checks"": 5, ""early_stop"": false}"
Hyb-Adam-UM,50,0.5,0.49523809523809526,6,60,105,52,53,52,True,True,True,True,,missing_p50_rep06_seed60.csv,HybAdamUM_completed_p50_rep06_seed60.csv,hyb_adam_um_outputs/logs/HybAdamUM_completed_p50_rep06_seed60.log,hyb_adam_um_outputs/logs/epoch_logs/HybAdamUM_completed_p50_rep06_seed60_epochs.csv,34.63999136901111,30.432272079387502,0.01270860261623454,0.06688411446019231,0.5199968291379237,58.523957020737264,0.022445654481427994,0.0017897731164096653,0.0014099696034385483,0.9986710768551794,0.9367369589345171,0.0,0.0,368.7281264235288,30.432272079387502,91.74669088182537,4500,5000,4500,0.0025,two_way_mean,1,0,368.7281264235288,30.432272079387502,0.23357819329771726,0.11524320783739453,0.1230955993930197,0.1557187955318115,"{""epochs"": 5000, ""print_every"": 500, ""lr_init"": 0.02, ""lr_milestones"": [700, 2000, 4000], ""lr_factor"": 0.5, ""lr_min"": 0.0001, ""sched_patience_blocks"": 7, ""weight_decay"": 0.0, ""clip_grad_norm"": 5.0, ""h_central_diff"": 1e-05, ""beta1"": 0.9, ""beta2"": 0.999, ""adam_eps"": 1e-08, ""seed_hyb"": 42, ""init_strategy"": ""two_way_mean"", ""n_restarts"": 1, ""restart_jitter_scale"": 0.03, ""max_distance_factor"": 1.5, ""normalize_objective_by_triplets"": true, ""convergence_rel_tol"": 1e-07, ""convergence_patience_checks"": 5, ""early_stop"": false}"
Hyb-Adam-UM,50,0.5,0.49523809523809526,7,61,105,52,53,52,True,True,True,True,,missing_p50_rep07_seed61.csv,HybAdamUM_completed_p50_rep07_seed61.csv,hyb_adam_um_outputs/logs/HybAdamUM_completed_p50_rep07_seed61.log,hyb_adam_um_outputs/logs/epoch_logs/HybAdamUM_completed_p50_rep07_seed61_epochs.csv,34.82479405601043,28.98890784874871,0.011964786888644179,0.0637118853818653,0.4953340362559018,58.523957020737264,0.022445654481427994,0.009186533472346574,0.003184072957131111,0.9674094278389439,0.9370784598309571,0.0,0.0,424.0930962631863,28.98890784874871,93.16449428104846,4500,5000,4500,0.0025,two_way_mean,1,0,424.0930962631863,28.98890784874871,0.2325998419548963,0.11789886464111832,0.1244787834191807,0.1550665613032642,"{""epochs"": 5000, ""print_every"": 500, ""lr_init"": 0.02, ""lr_milestones"": [700, 2000, 4000], ""lr_factor"": 0.5, ""lr_min"": 0.0001, ""sched_patience_blocks"": 7, ""weight_decay"": 0.0, ""clip_grad_norm"": 5.0, ""h_central_diff"": 1e-05, ""beta1"": 0.9, ""beta2"": 0.999, ""adam_eps"": 1e-08, ""seed_hyb"": 42, ""init_strategy"": ""two_way_mean"", ""n_restarts"": 1, ""restart_jitter_scale"": 0.03, ""max_distance_factor"": 1.5, ""normalize_objective_by_triplets"": true, ""convergence_rel_tol"": 1e-07, ""convergence_patience_checks"": 5, ""early_stop"": false}"
Hyb-Adam-UM,50,0.5,0.49523809523809526,8,62,105,52,53,52,True,True,True,True,,missing_p50_rep08_seed62.csv,HybAdamUM_completed_p50_rep08_seed62.csv,hyb_adam_um_outputs/logs/HybAdamUM_completed_p50_rep08_seed62.log,hyb_adam_um_outputs/logs/epoch_logs/HybAdamUM_completed_p50_rep08_seed62_epochs.csv,34.75310605298728,33.432399305830415,0.013235096639309175,0.07347780067215476,0.57126006182364,58.523957020737264,0.022445654481427994,0.012908996677955758,0.004439842442059246,0.9379142249556318,0.9482626141893622,0.0,0.0,259.82887354678786,33.432399305830415,87.13291604221568,5000,5000,5000,0.0025,two_way_mean,1,0,259.82887354678786,33.432399305830415,0.232323845360199,0.12175146624721553,0.1244787834191807,0.154882563573466,"{""epochs"": 5000, ""print_every"": 500, ""lr_init"": 0.02, ""lr_milestones"": [700, 2000, 4000], ""lr_factor"": 0.5, ""lr_min"": 0.0001, ""sched_patience_blocks"": 7, ""weight_decay"": 0.0, ""clip_grad_norm"": 5.0, ""h_central_diff"": 1e-05, ""beta1"": 0.9, ""beta2"": 0.999, ""adam_eps"": 1e-08, ""seed_hyb"": 42, ""init_strategy"": ""two_way_mean"", ""n_restarts"": 1, ""restart_jitter_scale"": 0.03, ""max_distance_factor"": 1.5, ""normalize_objective_by_triplets"": true, ""convergence_rel_tol"": 1e-07, ""convergence_patience_checks"": 5, ""early_stop"": false}"
Hyb-Adam-UM,50,0.5,0.49523809523809526,9,63,105,52,53,52,True,True,True,True,,missing_p50_rep09_seed63.csv,HybAdamUM_completed_p50_rep09_seed63.csv,hyb_adam_um_outputs/logs/HybAdamUM_completed_p50_rep09_seed63.log,hyb_adam_um_outputs/logs/epoch_logs/HybAdamUM_completed_p50_rep09_seed63_epochs.csv,34.67444618800073,34.370348707058824,0.012656521239483194,0.07553922792760182,0.5872868216152934,58.523957020737264,0.022445654481427994,0.021664538473484846,0.008460000867120369,0.8604173730947955,0.9224792965081533,0.0,0.0,298.84457797557457,34.370348707058824,88.49892176733151,5000,5000,5000,0.0025,two_way_mean,1,0,298.84457797557457,34.370348707058824,0.23388963332927265,0.12289348969843732,0.1244787834191807,0.1559264222195151,"{""epochs"": 5000, ""print_every"": 500, ""lr_init"": 0.02, ""lr_milestones"": [700, 2000, 4000], ""lr_factor"": 0.5, ""lr_min"": 0.0001, ""sched_patience_blocks"": 7, ""weight_decay"": 0.0, ""clip_grad_norm"": 5.0, ""h_central_diff"": 1e-05, ""beta1"": 0.9, ""beta2"": 0.999, ""adam_eps"": 1e-08, ""seed_hyb"": 42, ""init_strategy"": ""two_way_mean"", ""n_restarts"": 1, ""restart_jitter_scale"": 0.03, ""max_distance_factor"": 1.5, ""normalize_objective_by_triplets"": true, ""convergence_rel_tol"": 1e-07, ""convergence_patience_checks"": 5, ""early_stop"": false}"
Hyb-Adam-UM,50,0.5,0.49523809523809526,10,64,105,52,53,52,True,True,True,True,,missing_p50_rep10_seed64.csv,HybAdamUM_completed_p50_rep10_seed64.csv,hyb_adam_um_outputs/logs/HybAdamUM_completed_p50_rep10_seed64.log,hyb_adam_um_outputs/logs/epoch_logs/HybAdamUM_completed_p50_rep10_seed64_epochs.csv,34.821945944975596,24.041412597509606,0.010548019565501117,0.05283826944507606,0.4107960879848028,58.523957020737264,0.022445654481427994,0.020425108614044764,0.007720881149903823,0.8532090149977516,0.7897208230171604,0.0,0.0,321.79738078408,24.041412597509606,92.52902166607721,5000,5000,5000,0.0025,two_way_mean,1,0,321.79738078408,24.041412597509606,0.23357819329771726,0.118534658255406,0.1242610762386495,0.1557187955318115,"{""epochs"": 5000, ""print_every"": 500, ""lr_init"": 0.02, ""lr_milestones"": [700, 2000, 4000], ""lr_factor"": 0.5, ""lr_min"": 0.0001, ""sched_patience_blocks"": 7, ""weight_decay"": 0.0, ""clip_grad_norm"": 5.0, ""h_central_diff"": 1e-05, ""beta1"": 0.9, ""beta2"": 0.999, ""adam_eps"": 1e-08, ""seed_hyb"": 42, ""init_strategy"": ""two_way_mean"", ""n_restarts"": 1, ""restart_jitter_scale"": 0.03, ""max_distance_factor"": 1.5, ""normalize_objective_by_triplets"": true, ""convergence_rel_tol"": 1e-07, ""convergence_patience_checks"": 5, ""early_stop"": false}"
Hyb-Adam-UM,50,0.5,0.49523809523809526,11,65,105,52,53,52,True,True,True,True,,missing_p50_rep11_seed65.csv,HybAdamUM_completed_p50_rep11_seed65.csv,hyb_adam_um_outputs/logs/HybAdamUM_completed_p50_rep11_seed65.log,hyb_adam_um_outputs/logs/epoch_logs/HybAdamUM_completed_p50_rep11_seed65_epochs.csv,34.46916706999764,19.371919103669946,0.007690889988060734,0.042575646381692187,0.3310083611879788,58.523957020737264,0.022445654481427994,0.03580283482271717,0.017011794058365528,0.6745498361129558,0.8853410740203194,0.0,0.0,160.6939686593584,19.371919103669946,87.94483746634272,4500,5000,4500,0.0025,two_way_mean,1,0,160.6939686593584,19.371919103669946,0.23388963332927265,0.12776632710663188,0.138080684596577,0.1559264222195151,"{""epochs"": 5000, ""print_every"": 500, ""lr_init"": 0.02, ""lr_milestones"": [700, 2000, 4000], ""lr_factor"": 0.5, ""lr_min"": 0.0001, ""sched_patience_blocks"": 7, ""weight_decay"": 0.0, ""clip_grad_norm"": 5.0, ""h_central_diff"": 1e-05, ""beta1"": 0.9, ""beta2"": 0.999, ""adam_eps"": 1e-08, ""seed_hyb"": 42, ""init_strategy"": ""two_way_mean"", ""n_restarts"": 1, ""restart_jitter_scale"": 0.03, ""max_distance_factor"": 1.5, ""normalize_objective_by_triplets"": true, ""convergence_rel_tol"": 1e-07, ""convergence_patience_checks"": 5, ""early_stop"": false}"
Hyb-Adam-UM,50,0.5,0.49523809523809526,12,66,105,52,53,52,True,True,True,True,,missing_p50_rep12_seed66.csv,HybAdamUM_completed_p50_rep12_seed66.csv,hyb_adam_um_outputs/logs/HybAdamUM_completed_p50_rep12_seed66.log,hyb_adam_um_outputs/logs/epoch_logs/HybAdamUM_completed_p50_rep12_seed66_epochs.csv,35.39624794400879,30.12299477298685,0.012352197327998308,0.06620438411645461,0.5147122017452294,58.523957020737264,0.022445654481427994,0.01794402401191308,0.0060242841486110015,0.8854855549055332,0.7881840689831812,0.0,0.0,258.4136907029306,30.12299477298685,88.3431118950985,4500,5000,4500,0.0025,two_way_mean,1,0,258.4136907029306,30.12299477298685,0.23357819329771726,0.12038384437976622,0.1244840980820587,0.1557187955318115,"{""epochs"": 5000, ""print_every"": 500, ""lr_init"": 0.02, ""lr_milestones"": [700, 2000, 4000], ""lr_factor"": 0.5, ""lr_min"": 0.0001, ""sched_patience_blocks"": 7, ""weight_decay"": 0.0, ""clip_grad_norm"": 5.0, ""h_central_diff"": 1e-05, ""beta1"": 0.9, ""beta2"": 0.999, ""adam_eps"": 1e-08, ""seed_hyb"": 42, ""init_strategy"": ""two_way_mean"", ""n_restarts"": 1, ""restart_jitter_scale"": 0.03, ""max_distance_factor"": 1.5, ""normalize_objective_by_triplets"": true, ""convergence_rel_tol"": 1e-07, ""convergence_patience_checks"": 5, ""early_stop"": false}"
Hyb-Adam-UM,50,0.5,0.49523809523809526,13,67,105,52,53,52,True,True,True,True,,missing_p50_rep13_seed67.csv,HybAdamUM_completed_p50_rep13_seed67.csv,hyb_adam_um_outputs/logs/HybAdamUM_completed_p50_rep13_seed67.log,hyb_adam_um_outputs/logs/epoch_logs/HybAdamUM_completed_p50_rep13_seed67_epochs.csv,34.43057266200776,27.591132549937615,0.01194725007064283,0.06063985175810465,0.4714502223450309,58.523957020737264,0.022445654481427994,0.019161520907422527,0.00684799394123851,0.873036385342531,0.7083582344403654,0.0,0.0,249.38749027115506,27.591132549937615,88.93644082951467,4500,5000,4500,0.0025,two_way_mean,1,0,249.38749027115506,27.591132549937615,0.23357819329771726,0.1206708793386394,0.1242610762386495,0.1557187955318115,"{""epochs"": 5000, ""print_every"": 500, ""lr_init"": 0.02, ""lr_milestones"": [700, 2000, 4000], ""lr_factor"": 0.5, ""lr_min"": 0.0001, ""sched_patience_blocks"": 7, ""weight_decay"": 0.0, ""clip_grad_norm"": 5.0, ""h_central_diff"": 1e-05, ""beta1"": 0.9, ""beta2"": 0.999, ""adam_eps"": 1e-08, ""seed_hyb"": 42, ""init_strategy"": ""two_way_mean"", ""n_restarts"": 1, ""restart_jitter_scale"": 0.03, ""max_distance_factor"": 1.5, ""normalize_objective_by_triplets"": true, ""convergence_rel_tol"": 1e-07, ""convergence_patience_checks"": 5, ""early_stop"": false}"
Hyb-Adam-UM,50,0.5,0.49523809523809526,14,68,105,52,53,52,True,True,True,True,,missing_p50_rep14_seed68.csv,HybAdamUM_completed_p50_rep14_seed68.csv,hyb_adam_um_outputs/logs/HybAdamUM_completed_p50_rep14_seed68.log,hyb_adam_um_outputs/logs/epoch_logs/HybAdamUM_completed_p50_rep14_seed68_epochs.csv,34.59302511799615,32.4253027848996,0.01276241983498148,0.07126440172505406,0.5540517838431547,58.523957020737264,0.022445654481427994,0.029591741376425035,0.013522246986503197,0.7510658974298088,0.764962008025271,0.0,0.0,137.6803295969974,32.4253027848996,76.4488486628327,4500,5000,4500,0.0025,two_way_mean,1,0,137.6803295969974,32.4253027848996,0.23212653135856637,0.12576841286678142,0.1244840980820587,0.1547510209057109,"{""epochs"": 5000, ""print_every"": 500, ""lr_init"": 0.02, ""lr_milestones"": [700, 2000, 4000], ""lr_factor"": 0.5, ""lr_min"": 0.0001, ""sched_patience_blocks"": 7, ""weight_decay"": 0.0, ""clip_grad_norm"": 5.0, ""h_central_diff"": 1e-05, ""beta1"": 0.9, ""beta2"": 0.999, ""adam_eps"": 1e-08, ""seed_hyb"": 42, ""init_strategy"": ""two_way_mean"", ""n_restarts"": 1, ""restart_jitter_scale"": 0.03, ""max_distance_factor"": 1.5, ""normalize_objective_by_triplets"": true, ""convergence_rel_tol"": 1e-07, ""convergence_patience_checks"": 5, ""early_stop"": false}"
Hyb-Adam-UM,50,0.5,0.49523809523809526,15,69,105,52,53,52,True,True,True,True,,missing_p50_rep15_seed69.csv,HybAdamUM_completed_p50_rep15_seed69.csv,hyb_adam_um_outputs/logs/HybAdamUM_completed_p50_rep15_seed69.log,hyb_adam_um_outputs/logs/epoch_logs/HybAdamUM_completed_p50_rep15_seed69_epochs.csv,34.65939924601116,18.875647025692103,0.008447844667593253,0.041484938518004624,0.32252855047042944,58.523957020737264,0.022445654481427994,0.01874851783840446,0.007374205450448757,0.8803310870341904,0.7944164603432082,0.0,0.0,423.8790624169249,18.875647025692103,95.5469263053323,5000,5000,5000,0.0025,two_way_mean,1,0,423.8790624169249,18.875647025692103,0.23388963332927265,0.12248231992962504,0.1247028707259096,0.1559264222195151,"{""epochs"": 5000, ""print_every"": 500, ""lr_init"": 0.02, ""lr_milestones"": [700, 2000, 4000], ""lr_factor"": 0.5, ""lr_min"": 0.0001, ""sched_patience_blocks"": 7, ""weight_decay"": 0.0, ""clip_grad_norm"": 5.0, ""h_central_diff"": 1e-05, ""beta1"": 0.9, ""beta2"": 0.999, ""adam_eps"": 1e-08, ""seed_hyb"": 42, ""init_strategy"": ""two_way_mean"", ""n_restarts"": 1, ""restart_jitter_scale"": 0.03, ""max_distance_factor"": 1.5, ""normalize_objective_by_triplets"": true, ""convergence_rel_tol"": 1e-07, ""convergence_patience_checks"": 5, ""early_stop"": false}"
Hyb-Adam-UM,50,0.5,0.49523809523809526,16,70,105,52,53,52,True,True,True,True,,missing_p50_rep16_seed70.csv,HybAdamUM_completed_p50_rep16_seed70.csv,hyb_adam_um_outputs/logs/HybAdamUM_completed_p50_rep16_seed70.log,hyb_adam_um_outputs/logs/epoch_logs/HybAdamUM_completed_p50_rep16_seed70_epochs.csv,34.27885969099589,24.676328497149292,0.01088339677626661,0.054233689004723716,0.4216449083988892,58.523957020737264,0.022445654481427994,0.01061848138514273,0.004130902124815931,0.9705034257826383,0.9493724921027916,0.0,0.0,280.6331574088572,24.676328497149292,91.20690914609277,5000,5000,5000,0.0025,two_way_mean,1,0,280.6331574088572,24.676328497149292,0.23388963332927265,0.12369046119766486,0.1244787834191807,0.1559264222195151,"{""epochs"": 5000, ""print_every"": 500, ""lr_init"": 0.02, ""lr_milestones"": [700, 2000, 4000], ""lr_factor"": 0.5, ""lr_min"": 0.0001, ""sched_patience_blocks"": 7, ""weight_decay"": 0.0, ""clip_grad_norm"": 5.0, ""h_central_diff"": 1e-05, ""beta1"": 0.9, ""beta2"": 0.999, ""adam_eps"": 1e-08, ""seed_hyb"": 42, ""init_strategy"": ""two_way_mean"", ""n_restarts"": 1, ""restart_jitter_scale"": 0.03, ""max_distance_factor"": 1.5, ""normalize_objective_by_triplets"": true, ""convergence_rel_tol"": 1e-07, ""convergence_patience_checks"": 5, ""early_stop"": false}"
Hyb-Adam-UM,50,0.5,0.49523809523809526,17,71,105,52,53,52,True,True,True,True,,missing_p50_rep17_seed71.csv,HybAdamUM_completed_p50_rep17_seed71.csv,hyb_adam_um_outputs/logs/HybAdamUM_completed_p50_rep17_seed71.log,hyb_adam_um_outputs/logs/epoch_logs/HybAdamUM_completed_p50_rep17_seed71_epochs.csv,34.2266629759979,25.712750054707456,0.01137186452699692,0.05651153858177463,0.4393542638546544,58.523957020737264,0.022445654481427994,0.016906896065721273,0.007210632237460999,0.9158876044459061,0.8193460257833177,0.0,0.0,173.57114614150748,25.712750054707456,85.18604582253286,5000,5000,5000,0.0025,two_way_mean,1,0,173.57114614150748,25.712750054707456,0.2325998419548963,0.12621688685151922,0.1403957382039573,0.1550665613032642,"{""epochs"": 5000, ""print_every"": 500, ""lr_init"": 0.02, ""lr_milestones"": [700, 2000, 4000], ""lr_factor"": 0.5, ""lr_min"": 0.0001, ""sched_patience_blocks"": 7, ""weight_decay"": 0.0, ""clip_grad_norm"": 5.0, ""h_central_diff"": 1e-05, ""beta1"": 0.9, ""beta2"": 0.999, ""adam_eps"": 1e-08, ""seed_hyb"": 42, ""init_strategy"": ""two_way_mean"", ""n_restarts"": 1, ""restart_jitter_scale"": 0.03, ""max_distance_factor"": 1.5, ""normalize_objective_by_triplets"": true, ""convergence_rel_tol"": 1e-07, ""convergence_patience_checks"": 5, ""early_stop"": false}"
Hyb-Adam-UM,50,0.5,0.49523809523809526,18,72,105,52,53,52,True,True,True,True,,missing_p50_rep18_seed72.csv,HybAdamUM_completed_p50_rep18_seed72.csv,hyb_adam_um_outputs/logs/HybAdamUM_completed_p50_rep18_seed72.log,hyb_adam_um_outputs/logs/epoch_logs/HybAdamUM_completed_p50_rep18_seed72_epochs.csv,34.306979229004355,24.92704593033216,0.009282434855701481,0.05478471633040035,0.425928922090821,58.523957020737264,0.022445654481427994,0.03912524619674399,0.021493376564213504,0.6156725591072573,0.706821480406386,0.0,0.0,143.94081894433634,24.92704593033216,82.68243427184352,5000,5000,5000,0.0025,two_way_mean,1,0,143.94081894433634,24.92704593033216,0.23388963332927265,0.13021816619198637,0.1373119844735565,0.1559264222195151,"{""epochs"": 5000, ""print_every"": 500, ""lr_init"": 0.02, ""lr_milestones"": [700, 2000, 4000], ""lr_factor"": 0.5, ""lr_min"": 0.0001, ""sched_patience_blocks"": 7, ""weight_decay"": 0.0, ""clip_grad_norm"": 5.0, ""h_central_diff"": 1e-05, ""beta1"": 0.9, ""beta2"": 0.999, ""adam_eps"": 1e-08, ""seed_hyb"": 42, ""init_strategy"": ""two_way_mean"", ""n_restarts"": 1, ""restart_jitter_scale"": 0.03, ""max_distance_factor"": 1.5, ""normalize_objective_by_triplets"": true, ""convergence_rel_tol"": 1e-07, ""convergence_patience_checks"": 5, ""early_stop"": false}"
Hyb-Adam-UM,50,0.5,0.49523809523809526,19,73,105,52,53,52,True,True,True,True,,missing_p50_rep19_seed73.csv,HybAdamUM_completed_p50_rep19_seed73.csv,hyb_adam_um_outputs/logs/HybAdamUM_completed_p50_rep19_seed73.log,hyb_adam_um_outputs/logs/epoch_logs/HybAdamUM_completed_p50_rep19_seed73_epochs.csv,34.57304809000925,33.92300139923596,0.013410472044437832,0.07455604703128782,0.5796429894037368,58.523957020737264,0.022445654481427994,0.01856036635718325,0.006884529396328272,0.8800456528103642,0.7903184495859301,0.0,0.0,463.67227637244895,33.92300139923596,92.68384090922292,5000,5000,5000,0.0025,two_way_mean,1,0,463.67227637244895,33.92300139923596,0.2325998419548963,0.12074388271866557,0.1247028707259096,0.1550665613032642,"{""epochs"": 5000, ""print_every"": 500, ""lr_init"": 0.02, ""lr_milestones"": [700, 2000, 4000], ""lr_factor"": 0.5, ""lr_min"": 0.0001, ""sched_patience_blocks"": 7, ""weight_decay"": 0.0, ""clip_grad_norm"": 5.0, ""h_central_diff"": 1e-05, ""beta1"": 0.9, ""beta2"": 0.999, ""adam_eps"": 1e-08, ""seed_hyb"": 42, ""init_strategy"": ""two_way_mean"", ""n_restarts"": 1, ""restart_jitter_scale"": 0.03, ""max_distance_factor"": 1.5, ""normalize_objective_by_triplets"": true, ""convergence_rel_tol"": 1e-07, ""convergence_patience_checks"": 5, ""early_stop"": false}"
Hyb-Adam-UM,50,0.5,0.49523809523809526,20,74,105,52,53,52,True,True,True,True,,missing_p50_rep20_seed74.csv,HybAdamUM_completed_p50_rep20_seed74.csv,hyb_adam_um_outputs/logs/HybAdamUM_completed_p50_rep20_seed74.log,hyb_adam_um_outputs/logs/epoch_logs/HybAdamUM_completed_p50_rep20_seed74_epochs.csv,34.4127829039935,31.9356184372105,0.013437302894317913,0.07018817238947363,0.5456845378020918,58.523957020737264,0.022445654481427994,0.009322145661444776,0.002783093302760977,0.9693417653549591,0.9385298386408263,0.0,0.0,348.5003517332924,31.9356184372105,90.83627368570036,5000,5000,5000,0.0025,two_way_mean,1,0,348.5003517332924,31.9356184372105,0.23388963332927265,0.11787731586725808,0.1233794162826421,0.1559264222195151,"{""epochs"": 5000, ""print_every"": 500, ""lr_init"": 0.02, ""lr_milestones"": [700, 2000, 4000], ""lr_factor"": 0.5, ""lr_min"": 0.0001, ""sched_patience_blocks"": 7, ""weight_decay"": 0.0, ""clip_grad_norm"": 5.0, ""h_central_diff"": 1e-05, ""beta1"": 0.9, ""beta2"": 0.999, ""adam_eps"": 1e-08, ""seed_hyb"": 42, ""init_strategy"": ""two_way_mean"", ""n_restarts"": 1, ""restart_jitter_scale"": 0.03, ""max_distance_factor"": 1.5, ""normalize_objective_by_triplets"": true, ""convergence_rel_tol"": 1e-07, ""convergence_patience_checks"": 5, ""early_stop"": false}"
Hyb-Adam-UM,50,0.5,0.49523809523809526,21,75,105,52,53,52,True,True,True,True,,missing_p50_rep21_seed75.csv,HybAdamUM_completed_p50_rep21_seed75.csv,hyb_adam_um_outputs/logs/HybAdamUM_completed_p50_rep21_seed75.log,hyb_adam_um_outputs/logs/epoch_logs/HybAdamUM_completed_p50_rep21_seed75_epochs.csv,34.695925570995314,30.547877539617595,0.012861297307554758,0.06713819239476394,0.5219721819013933,58.523957020737264,0.022445654481427994,0.015435510837451085,0.004462898923627867,0.9123707471774273,0.797404593187057,0.0,0.0,1204.7979780172668,30.547877539617595,97.46448134068999,5000,5000,5000,0.0025,two_way_mean,1,0,1204.7979780172668,30.547877539617595,0.2325998419548963,0.11694962709054785,0.1228304405874499,0.1550665613032642,"{""epochs"": 5000, ""print_every"": 500, ""lr_init"": 0.02, ""lr_milestones"": [700, 2000, 4000], ""lr_factor"": 0.5, ""lr_min"": 0.0001, ""sched_patience_blocks"": 7, ""weight_decay"": 0.0, ""clip_grad_norm"": 5.0, ""h_central_diff"": 1e-05, ""beta1"": 0.9, ""beta2"": 0.999, ""adam_eps"": 1e-08, ""seed_hyb"": 42, ""init_strategy"": ""two_way_mean"", ""n_restarts"": 1, ""restart_jitter_scale"": 0.03, ""max_distance_factor"": 1.5, ""normalize_objective_by_triplets"": true, ""convergence_rel_tol"": 1e-07, ""convergence_patience_checks"": 5, ""early_stop"": false}"
Hyb-Adam-UM,50,0.5,0.49523809523809526,22,76,105,52,53,52,True,True,True,True,,missing_p50_rep22_seed76.csv,HybAdamUM_completed_p50_rep22_seed76.csv,hyb_adam_um_outputs/logs/HybAdamUM_completed_p50_rep22_seed76.log,hyb_adam_um_outputs/logs/epoch_logs/HybAdamUM_completed_p50_rep22_seed76_epochs.csv,34.47468890401069,28.49403826735995,0.012067056331728016,0.06262425992826363,0.48687819002504273,58.523957020737264,0.022445654481427994,0.002024108483781018,0.0016029147662005893,0.9985873142070886,0.9693502945445232,0.0,0.0,409.3825116086351,28.49403826735995,93.03975195340051,5000,5000,5000,0.0025,two_way_mean,1,0,409.3825116086351,28.49403826735995,0.23212653135856637,0.11904268040521988,0.1244840980820587,0.1547510209057109,"{""epochs"": 5000, ""print_every"": 500, ""lr_init"": 0.02, ""lr_milestones"": [700, 2000, 4000], ""lr_factor"": 0.5, ""lr_min"": 0.0001, ""sched_patience_blocks"": 7, ""weight_decay"": 0.0, ""clip_grad_norm"": 5.0, ""h_central_diff"": 1e-05, ""beta1"": 0.9, ""beta2"": 0.999, ""adam_eps"": 1e-08, ""seed_hyb"": 42, ""init_strategy"": ""two_way_mean"", ""n_restarts"": 1, ""restart_jitter_scale"": 0.03, ""max_distance_factor"": 1.5, ""normalize_objective_by_triplets"": true, ""convergence_rel_tol"": 1e-07, ""convergence_patience_checks"": 5, ""early_stop"": false}"
Hyb-Adam-UM,50,0.5,0.49523809523809526,23,77,105,52,53,52,True,True,True,True,,missing_p50_rep23_seed77.csv,HybAdamUM_completed_p50_rep23_seed77.csv,hyb_adam_um_outputs/logs/HybAdamUM_completed_p50_rep23_seed77.log,hyb_adam_um_outputs/logs/epoch_logs/HybAdamUM_completed_p50_rep23_seed77_epochs.csv,34.237689869012684,27.751974333934577,0.011986830623774718,0.0609933501844716,0.47419852905880916,58.523957020737264,0.022445654481427994,0.01695943415456555,0.005519188546280866,0.9046654611284722,0.8073934944079227,0.0,0.0,363.1259857971621,27.751974333934577,92.35748048352659,5000,5000,5000,0.0025,two_way_mean,1,0,363.1259857971621,27.751974333934577,0.23388963332927265,0.12277528241632552,0.1254113345521023,0.1559264222195151,"{""epochs"": 5000, ""print_every"": 500, ""lr_init"": 0.02, ""lr_milestones"": [700, 2000, 4000], ""lr_factor"": 0.5, ""lr_min"": 0.0001, ""sched_patience_blocks"": 7, ""weight_decay"": 0.0, ""clip_grad_norm"": 5.0, ""h_central_diff"": 1e-05, ""beta1"": 0.9, ""beta2"": 0.999, ""adam_eps"": 1e-08, ""seed_hyb"": 42, ""init_strategy"": ""two_way_mean"", ""n_restarts"": 1, ""restart_jitter_scale"": 0.03, ""max_distance_factor"": 1.5, ""normalize_objective_by_triplets"": true, ""convergence_rel_tol"": 1e-07, ""convergence_patience_checks"": 5, ""early_stop"": false}"
Hyb-Adam-UM,50,0.5,0.49523809523809526,24,78,105,52,53,52,True,True,True,True,,missing_p50_rep24_seed78.csv,HybAdamUM_completed_p50_rep24_seed78.csv,hyb_adam_um_outputs/logs/HybAdamUM_completed_p50_rep24_seed78.log,hyb_adam_um_outputs/logs/epoch_logs/HybAdamUM_completed_p50_rep24_seed78_epochs.csv,34.096033542009536,34.88260800410859,0.013622479006030523,0.0766650725365024,0.5960398062582877,58.523957020737264,0.022445654481427994,0.023047625638766993,0.008532162451054407,0.8047052992582548,0.7326901733117049,0.0,0.0,285.9827950049865,34.88260800410859,87.80255014868976,4500,5000,4500,0.0025,two_way_mean,1,0,285.9827950049865,34.88260800410859,0.23388963332927265,0.12018454017993348,0.1247028707259096,0.1559264222195151,"{""epochs"": 5000, ""print_every"": 500, ""lr_init"": 0.02, ""lr_milestones"": [700, 2000, 4000], ""lr_factor"": 0.5, ""lr_min"": 0.0001, ""sched_patience_blocks"": 7, ""weight_decay"": 0.0, ""clip_grad_norm"": 5.0, ""h_central_diff"": 1e-05, ""beta1"": 0.9, ""beta2"": 0.999, ""adam_eps"": 1e-08, ""seed_hyb"": 42, ""init_strategy"": ""two_way_mean"", ""n_restarts"": 1, ""restart_jitter_scale"": 0.03, ""max_distance_factor"": 1.5, ""normalize_objective_by_triplets"": true, ""convergence_rel_tol"": 1e-07, ""convergence_patience_checks"": 5, ""early_stop"": false}"
Hyb-Adam-UM,50,0.5,0.49523809523809526,25,79,105,52,53,52,True,True,True,True,,missing_p50_rep25_seed79.csv,HybAdamUM_completed_p50_rep25_seed79.csv,hyb_adam_um_outputs/logs/HybAdamUM_completed_p50_rep25_seed79.log,hyb_adam_um_outputs/logs/epoch_logs/HybAdamUM_completed_p50_rep25_seed79_epochs.csv,34.58221835299628,29.117060008886085,0.010879925580657826,0.06399353848106831,0.4975237747264561,58.523957020737264,0.022445654481427994,0.03173441062016694,0.015038947260069721,0.6862143012045456,0.781268675830274,0.0,0.0,226.60608153956017,29.117060008886085,87.15080380408814,4500,5000,4500,0.0025,two_way_mean,1,0,226.60608153956017,29.117060008886085,0.23388963332927265,0.12431602746097366,0.1254113345521023,0.1559264222195151,"{""epochs"": 5000, ""print_every"": 500, ""lr_init"": 0.02, ""lr_milestones"": [700, 2000, 4000], ""lr_factor"": 0.5, ""lr_min"": 0.0001, ""sched_patience_blocks"": 7, ""weight_decay"": 0.0, ""clip_grad_norm"": 5.0, ""h_central_diff"": 1e-05, ""beta1"": 0.9, ""beta2"": 0.999, ""adam_eps"": 1e-08, ""seed_hyb"": 42, ""init_strategy"": ""two_way_mean"", ""n_restarts"": 1, ""restart_jitter_scale"": 0.03, ""max_distance_factor"": 1.5, ""normalize_objective_by_triplets"": true, ""convergence_rel_tol"": 1e-07, ""convergence_patience_checks"": 5, ""early_stop"": false}"
Hyb-Adam-UM,50,0.5,0.49523809523809526,26,80,105,52,53,52,True,True,True,True,,missing_p50_rep26_seed80.csv,HybAdamUM_completed_p50_rep26_seed80.csv,hyb_adam_um_outputs/logs/HybAdamUM_completed_p50_rep26_seed80.log,hyb_adam_um_outputs/logs/epoch_logs/HybAdamUM_completed_p50_rep26_seed80_epochs.csv,34.73709891902399,18.905920785287037,0.008459714045816673,0.0415514742533781,0.3230458387936405,58.523957020737264,0.022445654481427994,0.027772921984080677,0.011612074043578502,0.8056771641232134,0.9051481260138308,0.0,0.0,142.03477468323177,18.905920785287037,86.68923098061632,5000,5000,5000,0.0025,two_way_mean,1,0,142.03477468323177,18.905920785287037,0.23357819329771726,0.12718686593309286,0.1256247714250883,0.1557187955318115,"{""epochs"": 5000, ""print_every"": 500, ""lr_init"": 0.02, ""lr_milestones"": [700, 2000, 4000], ""lr_factor"": 0.5, ""lr_min"": 0.0001, ""sched_patience_blocks"": 7, ""weight_decay"": 0.0, ""clip_grad_norm"": 5.0, ""h_central_diff"": 1e-05, ""beta1"": 0.9, ""beta2"": 0.999, ""adam_eps"": 1e-08, ""seed_hyb"": 42, ""init_strategy"": ""two_way_mean"", ""n_restarts"": 1, ""restart_jitter_scale"": 0.03, ""max_distance_factor"": 1.5, ""normalize_objective_by_triplets"": true, ""convergence_rel_tol"": 1e-07, ""convergence_patience_checks"": 5, ""early_stop"": false}"
Hyb-Adam-UM,50,0.5,0.49523809523809526,27,81,105,52,53,52,True,True,True,True,,missing_p50_rep27_seed81.csv,HybAdamUM_completed_p50_rep27_seed81.csv,hyb_adam_um_outputs/logs/HybAdamUM_completed_p50_rep27_seed81.log,hyb_adam_um_outputs/logs/epoch_logs/HybAdamUM_completed_p50_rep27_seed81_epochs.csv,34.79613224597415,32.01761354668608,0.013247884294799837,0.07036838142128808,0.5470855898438484,58.523957020737264,0.022445654481427994,0.0028053144185308885,0.002014456276047193,0.9969233837375823,0.9039528728762912,0.0,0.0,332.0761179160937,32.01761354668608,90.35835104685967,4500,5000,4500,0.0025,two_way_mean,1,0,332.0761179160937,32.01761354668608,0.23388963332927265,0.11351581393780706,0.1233794162826421,0.1559264222195151,"{""epochs"": 5000, ""print_every"": 500, ""lr_init"": 0.02, ""lr_milestones"": [700, 2000, 4000], ""lr_factor"": 0.5, ""lr_min"": 0.0001, ""sched_patience_blocks"": 7, ""weight_decay"": 0.0, ""clip_grad_norm"": 5.0, ""h_central_diff"": 1e-05, ""beta1"": 0.9, ""beta2"": 0.999, ""adam_eps"": 1e-08, ""seed_hyb"": 42, ""init_strategy"": ""two_way_mean"", ""n_restarts"": 1, ""restart_jitter_scale"": 0.03, ""max_distance_factor"": 1.5, ""normalize_objective_by_triplets"": true, ""convergence_rel_tol"": 1e-07, ""convergence_patience_checks"": 5, ""early_stop"": false}"
Hyb-Adam-UM,50,0.5,0.49523809523809526,28,82,105,52,53,52,True,True,True,True,,missing_p50_rep28_seed82.csv,HybAdamUM_completed_p50_rep28_seed82.csv,hyb_adam_um_outputs/logs/HybAdamUM_completed_p50_rep28_seed82.log,hyb_adam_um_outputs/logs/epoch_logs/HybAdamUM_completed_p50_rep28_seed82_epochs.csv,34.623410406988114,41.2565845602592,0.014764556533288526,0.09067381222034988,0.7049520685287979,58.523957020737264,0.022445654481427994,0.03232500460836807,0.015454195892137578,0.6247585243464138,0.7329462989840348,0.0,0.0,268.3231606511547,41.2565845602592,84.62429241659962,5000,5000,5000,0.0025,two_way_mean,1,0,268.3231606511547,41.2565845602592,0.23388963332927265,0.12332589462367263,0.1373119844735565,0.1559264222195151,"{""epochs"": 5000, ""print_every"": 500, ""lr_init"": 0.02, ""lr_milestones"": [700, 2000, 4000], ""lr_factor"": 0.5, ""lr_min"": 0.0001, ""sched_patience_blocks"": 7, ""weight_decay"": 0.0, ""clip_grad_norm"": 5.0, ""h_central_diff"": 1e-05, ""beta1"": 0.9, ""beta2"": 0.999, ""adam_eps"": 1e-08, ""seed_hyb"": 42, ""init_strategy"": ""two_way_mean"", ""n_restarts"": 1, ""restart_jitter_scale"": 0.03, ""max_distance_factor"": 1.5, ""normalize_objective_by_triplets"": true, ""convergence_rel_tol"": 1e-07, ""convergence_patience_checks"": 5, ""early_stop"": false}"
Hyb-Adam-UM,50,0.5,0.49523809523809526,29,83,105,52,53,52,True,True,True,True,,missing_p50_rep29_seed83.csv,HybAdamUM_completed_p50_rep29_seed83.csv,hyb_adam_um_outputs/logs/HybAdamUM_completed_p50_rep29_seed83.log,hyb_adam_um_outputs/logs/epoch_logs/HybAdamUM_completed_p50_rep29_seed83_epochs.csv,34.61791986098979,22.821511641903278,0.010197663727029413,0.05015716844374347,0.3899516164605334,58.523957020737264,0.022445654481427994,0.010564531143267738,0.003983707342757258,0.9637911019286932,0.9395543413301459,0.0,0.0,367.503384215834,22.821511641903278,93.7901220445632,4500,5000,4500,0.0025,two_way_mean,1,0,367.503384215834,22.821511641903278,0.23388963332927265,0.11853512529115304,0.1241590214067278,0.1559264222195151,"{""epochs"": 5000, ""print_every"": 500, ""lr_init"": 0.02, ""lr_milestones"": [700, 2000, 4000], ""lr_factor"": 0.5, ""lr_min"": 0.0001, ""sched_patience_blocks"": 7, ""weight_decay"": 0.0, ""clip_grad_norm"": 5.0, ""h_central_diff"": 1e-05, ""beta1"": 0.9, ""beta2"": 0.999, ""adam_eps"": 1e-08, ""seed_hyb"": 42, ""init_strategy"": ""two_way_mean"", ""n_restarts"": 1, ""restart_jitter_scale"": 0.03, ""max_distance_factor"": 1.5, ""normalize_objective_by_triplets"": true, ""convergence_rel_tol"": 1e-07, ""convergence_patience_checks"": 5, ""early_stop"": false}"
Hyb-Adam-UM,50,0.5,0.49523809523809526,30,84,105,52,53,52,True,True,True,True,,missing_p50_rep30_seed84.csv,HybAdamUM_completed_p50_rep30_seed84.csv,hyb_adam_um_outputs/logs/HybAdamUM_completed_p50_rep30_seed84.log,hyb_adam_um_outputs/logs/epoch_logs/HybAdamUM_completed_p50_rep30_seed84_epochs.csv,34.5593920040119,19.39219885280707,0.008759560483333557,0.04262021725891664,0.3313548816587312,58.523957020737264,0.022445654481427994,0.016141996609993454,0.006033871208752274,0.9138339222831122,0.8050029881328438,0.0,0.0,272.52436511348026,19.39219885280707,92.88423299519216,4500,5000,4500,0.0025,two_way_mean,1,0,272.52436511348026,19.39219885280707,0.23357819329771726,0.12320003695397427,0.1256247714250883,0.1557187955318115,"{""epochs"": 5000, ""print_every"": 500, ""lr_init"": 0.02, ""lr_milestones"": [700, 2000, 4000], ""lr_factor"": 0.5, ""lr_min"": 0.0001, ""sched_patience_blocks"": 7, ""weight_decay"": 0.0, ""clip_grad_norm"": 5.0, ""h_central_diff"": 1e-05, ""beta1"": 0.9, ""beta2"": 0.999, ""adam_eps"": 1e-08, ""seed_hyb"": 42, ""init_strategy"": ""two_way_mean"", ""n_restarts"": 1, ""restart_jitter_scale"": 0.03, ""max_distance_factor"": 1.5, ""normalize_objective_by_triplets"": true, ""convergence_rel_tol"": 1e-07, ""convergence_patience_checks"": 5, ""early_stop"": false}"
Hyb-Adam-UM,65,0.65,0.6476190476190476,1,55,105,68,37,68,True,True,True,True,,missing_p65_rep01_seed55.csv,HybAdamUM_completed_p65_rep01_seed55.csv,hyb_adam_um_outputs/logs/HybAdamUM_completed_p65_rep01_seed55.log,hyb_adam_um_outputs/logs/epoch_logs/HybAdamUM_completed_p65_rep01_seed55_epochs.csv,44.46968061401276,18.62017608421339,0.008249999551640184,0.04092346392134811,0.31816331348913324,58.523957020737264,0.022445654481427994,0.016728885804163977,0.005881430032006528,0.9068092909096779,0.8068481123792801,0.0,0.0,447.899438732207,18.62017608421339,95.84277753575259,4500,5000,4500,0.0025,two_way_mean,1,0,447.899438732207,18.62017608421339,0.23388963332927265,0.11873638961731445,0.1221583964800782,0.1559264222195151,"{""epochs"": 5000, ""print_every"": 500, ""lr_init"": 0.02, ""lr_milestones"": [700, 2000, 4000], ""lr_factor"": 0.5, ""lr_min"": 0.0001, ""sched_patience_blocks"": 7, ""weight_decay"": 0.0, ""clip_grad_norm"": 5.0, ""h_central_diff"": 1e-05, ""beta1"": 0.9, ""beta2"": 0.999, ""adam_eps"": 1e-08, ""seed_hyb"": 42, ""init_strategy"": ""two_way_mean"", ""n_restarts"": 1, ""restart_jitter_scale"": 0.03, ""max_distance_factor"": 1.5, ""normalize_objective_by_triplets"": true, ""convergence_rel_tol"": 1e-07, ""convergence_patience_checks"": 5, ""early_stop"": false}"
Hyb-Adam-UM,65,0.65,0.6476190476190476,2,56,105,68,37,68,True,True,True,True,,missing_p65_rep02_seed56.csv,HybAdamUM_completed_p65_rep02_seed56.csv,hyb_adam_um_outputs/logs/HybAdamUM_completed_p65_rep02_seed56.log,hyb_adam_um_outputs/logs/epoch_logs/HybAdamUM_completed_p65_rep02_seed56_epochs.csv,44.005240291007794,20.752274290958667,0.007983539664747904,0.045609394046063005,0.35459451731203595,58.523957020737264,0.022445654481427994,0.03137050007084003,0.014605910153794765,0.6723485642866984,0.7434439057907394,0.0,0.0,239.82517672208144,20.752274290958667,91.34691587655654,4500,5000,4500,0.0025,two_way_mean,1,0,239.82517672208144,20.752274290958667,0.23357819329771726,0.12451406584640105,0.1256247714250883,0.1557187955318115,"{""epochs"": 5000, ""print_every"": 500, ""lr_init"": 0.02, ""lr_milestones"": [700, 2000, 4000], ""lr_factor"": 0.5, ""lr_min"": 0.0001, ""sched_patience_blocks"": 7, ""weight_decay"": 0.0, ""clip_grad_norm"": 5.0, ""h_central_diff"": 1e-05, ""beta1"": 0.9, ""beta2"": 0.999, ""adam_eps"": 1e-08, ""seed_hyb"": 42, ""init_strategy"": ""two_way_mean"", ""n_restarts"": 1, ""restart_jitter_scale"": 0.03, ""max_distance_factor"": 1.5, ""normalize_objective_by_triplets"": true, ""convergence_rel_tol"": 1e-07, ""convergence_patience_checks"": 5, ""early_stop"": false}"
Hyb-Adam-UM,65,0.65,0.6476190476190476,3,57,105,68,37,68,True,True,True,True,,missing_p65_rep03_seed57.csv,HybAdamUM_completed_p65_rep03_seed57.csv,hyb_adam_um_outputs/logs/HybAdamUM_completed_p65_rep03_seed57.log,hyb_adam_um_outputs/logs/epoch_logs/HybAdamUM_completed_p65_rep03_seed57_epochs.csv,44.09447126399027,14.300597491055296,0.006417136073390792,0.031429884595725925,0.24435458945450408,58.523957020737264,0.022445654481427994,0.009084332819436531,0.0057288104837344925,0.9771047444835579,0.9021643699660266,0.0,0.0,223.16849247987074,14.300597491055296,93.59201770279235,5000,5000,5000,0.0025,two_way_mean,1,0,223.16849247987074,14.300597491055296,0.232323845360199,0.1172884510152092,0.1231648135634867,0.154882563573466,"{""epochs"": 5000, ""print_every"": 500, ""lr_init"": 0.02, ""lr_milestones"": [700, 2000, 4000], ""lr_factor"": 0.5, ""lr_min"": 0.0001, ""sched_patience_blocks"": 7, ""weight_decay"": 0.0, ""clip_grad_norm"": 5.0, ""h_central_diff"": 1e-05, ""beta1"": 0.9, ""beta2"": 0.999, ""adam_eps"": 1e-08, ""seed_hyb"": 42, ""init_strategy"": ""two_way_mean"", ""n_restarts"": 1, ""restart_jitter_scale"": 0.03, ""max_distance_factor"": 1.5, ""normalize_objective_by_triplets"": true, ""convergence_rel_tol"": 1e-07, ""convergence_patience_checks"": 5, ""early_stop"": false}"
Hyb-Adam-UM,65,0.65,0.6476190476190476,4,58,105,68,37,68,True,True,True,True,,missing_p65_rep04_seed58.csv,HybAdamUM_completed_p65_rep04_seed58.csv,hyb_adam_um_outputs/logs/HybAdamUM_completed_p65_rep04_seed58.log,hyb_adam_um_outputs/logs/epoch_logs/HybAdamUM_completed_p65_rep04_seed58_epochs.csv,44.32289388298523,14.906939010629355,0.006680350199405454,0.032762503320064515,0.2547151588766846,58.523957020737264,0.022445654481427994,0.017095210221226145,0.006350533050203868,0.89766513378244,0.8101309310226361,0.0,0.0,295.9244180876337,14.906939010629355,94.96258568084272,5000,5000,5000,0.0025,two_way_mean,1,0,295.9244180876337,14.906939010629355,0.23388963332927265,0.11967359822654977,0.1247028707259096,0.1559264222195151,"{""epochs"": 5000, ""print_every"": 500, ""lr_init"": 0.02, ""lr_milestones"": [700, 2000, 4000], ""lr_factor"": 0.5, ""lr_min"": 0.0001, ""sched_patience_blocks"": 7, ""weight_decay"": 0.0, ""clip_grad_norm"": 5.0, ""h_central_diff"": 1e-05, ""beta1"": 0.9, ""beta2"": 0.999, ""adam_eps"": 1e-08, ""seed_hyb"": 42, ""init_strategy"": ""two_way_mean"", ""n_restarts"": 1, ""restart_jitter_scale"": 0.03, ""max_distance_factor"": 1.5, ""normalize_objective_by_triplets"": true, ""convergence_rel_tol"": 1e-07, ""convergence_patience_checks"": 5, ""early_stop"": false}"
Hyb-Adam-UM,65,0.65,0.6476190476190476,5,59,105,68,37,68,True,True,True,True,,missing_p65_rep05_seed59.csv,HybAdamUM_completed_p65_rep05_seed59.csv,hyb_adam_um_outputs/logs/HybAdamUM_completed_p65_rep05_seed59.log,hyb_adam_um_outputs/logs/epoch_logs/HybAdamUM_completed_p65_rep05_seed59_epochs.csv,44.364284653012874,17.76614408195881,0.00782315617745108,0.039046470509799584,0.3035704519375474,58.523957020737264,0.022445654481427994,0.0036904343561934235,0.0021657204285041205,0.9954160854687041,0.9327022178111998,0.0,0.0,480.3278409246078,17.76614408195881,96.30124623886887,5000,5000,5000,0.0025,two_way_mean,1,0,480.3278409246078,17.76614408195881,0.23388963332927265,0.11091007067996113,0.1221392581800522,0.1559264222195151,"{""epochs"": 5000, ""print_every"": 500, ""lr_init"": 0.02, ""lr_milestones"": [700, 2000, 4000], ""lr_factor"": 0.5, ""lr_min"": 0.0001, ""sched_patience_blocks"": 7, ""weight_decay"": 0.0, ""clip_grad_norm"": 5.0, ""h_central_diff"": 1e-05, ""beta1"": 0.9, ""beta2"": 0.999, ""adam_eps"": 1e-08, ""seed_hyb"": 42, ""init_strategy"": ""two_way_mean"", ""n_restarts"": 1, ""restart_jitter_scale"": 0.03, ""max_distance_factor"": 1.5, ""normalize_objective_by_triplets"": true, ""convergence_rel_tol"": 1e-07, ""convergence_patience_checks"": 5, ""early_stop"": false}"
Hyb-Adam-UM,65,0.65,0.6476190476190476,6,60,105,68,37,68,True,True,True,True,,missing_p65_rep06_seed60.csv,HybAdamUM_completed_p65_rep06_seed60.csv,hyb_adam_um_outputs/logs/HybAdamUM_completed_p65_rep06_seed60.log,hyb_adam_um_outputs/logs/epoch_logs/HybAdamUM_completed_p65_rep06_seed60_epochs.csv,44.09955837999587,30.501928787679272,0.010896788894807679,0.06703720612676763,0.5211870546769638,58.523957020737264,0.022445654481427994,0.027606410757318976,0.012292185075635908,0.7213619643480378,0.7792495323892048,0.0,0.0,320.30652498167694,30.501928787679272,90.47726898806569,5000,5000,5000,0.0025,two_way_mean,1,0,320.30652498167694,30.501928787679272,0.23357819329771726,0.11530764454817655,0.1231648135634867,0.1557187955318115,"{""epochs"": 5000, ""print_every"": 500, ""lr_init"": 0.02, ""lr_milestones"": [700, 2000, 4000], ""lr_factor"": 0.5, ""lr_min"": 0.0001, ""sched_patience_blocks"": 7, ""weight_decay"": 0.0, ""clip_grad_norm"": 5.0, ""h_central_diff"": 1e-05, ""beta1"": 0.9, ""beta2"": 0.999, ""adam_eps"": 1e-08, ""seed_hyb"": 42, ""init_strategy"": ""two_way_mean"", ""n_restarts"": 1, ""restart_jitter_scale"": 0.03, ""max_distance_factor"": 1.5, ""normalize_objective_by_triplets"": true, ""convergence_rel_tol"": 1e-07, ""convergence_patience_checks"": 5, ""early_stop"": false}"
Hyb-Adam-UM,65,0.65,0.6476190476190476,7,61,105,68,37,68,True,True,True,True,,missing_p65_rep07_seed61.csv,HybAdamUM_completed_p65_rep07_seed61.csv,hyb_adam_um_outputs/logs/HybAdamUM_completed_p65_rep07_seed61.log,hyb_adam_um_outputs/logs/epoch_logs/HybAdamUM_completed_p65_rep07_seed61_epochs.csv,44.10586768199573,20.55500407176349,0.008318461072932362,0.04517583312475493,0.3512237572124536,58.523957020737264,0.022445654481427994,0.01538528065271244,0.005164566039623218,0.9010943894692379,0.8708630759247242,0.0,0.0,631.5165586669849,20.55500407176349,96.74513616631822,5000,5000,5000,0.0025,two_way_mean,1,0,631.5165586669849,20.55500407176349,0.2325998419548963,0.11370591235145344,0.1241590214067278,0.1550665613032642,"{""epochs"": 5000, ""print_every"": 500, ""lr_init"": 0.02, ""lr_milestones"": [700, 2000, 4000], ""lr_factor"": 0.5, ""lr_min"": 0.0001, ""sched_patience_blocks"": 7, ""weight_decay"": 0.0, ""clip_grad_norm"": 5.0, ""h_central_diff"": 1e-05, ""beta1"": 0.9, ""beta2"": 0.999, ""adam_eps"": 1e-08, ""seed_hyb"": 42, ""init_strategy"": ""two_way_mean"", ""n_restarts"": 1, ""restart_jitter_scale"": 0.03, ""max_distance_factor"": 1.5, ""normalize_objective_by_triplets"": true, ""convergence_rel_tol"": 1e-07, ""convergence_patience_checks"": 5, ""early_stop"": false}"
Hyb-Adam-UM,65,0.65,0.6476190476190476,8,62,105,68,37,68,True,True,True,True,,missing_p65_rep08_seed62.csv,HybAdamUM_completed_p65_rep08_seed62.csv,hyb_adam_um_outputs/logs/HybAdamUM_completed_p65_rep08_seed62.log,hyb_adam_um_outputs/logs/epoch_logs/HybAdamUM_completed_p65_rep08_seed62_epochs.csv,44.12185508501716,16.531753067680818,0.0065169632399485825,0.036333523225672126,0.2824783884969191,58.523957020737264,0.022445654481427994,0.03545056910802483,0.018059248773060674,0.6018699240576462,0.7343207237469938,0.0,0.0,199.8053490711372,16.531753067680818,91.72607082616443,4500,5000,4500,0.0025,two_way_mean,1,0,199.8053490711372,16.531753067680818,0.232323845360199,0.1303943574414331,0.1501973883996356,0.154882563573466,"{""epochs"": 5000, ""print_every"": 500, ""lr_init"": 0.02, ""lr_milestones"": [700, 2000, 4000], ""lr_factor"": 0.5, ""lr_min"": 0.0001, ""sched_patience_blocks"": 7, ""weight_decay"": 0.0, ""clip_grad_norm"": 5.0, ""h_central_diff"": 1e-05, ""beta1"": 0.9, ""beta2"": 0.999, ""adam_eps"": 1e-08, ""seed_hyb"": 42, ""init_strategy"": ""two_way_mean"", ""n_restarts"": 1, ""restart_jitter_scale"": 0.03, ""max_distance_factor"": 1.5, ""normalize_objective_by_triplets"": true, ""convergence_rel_tol"": 1e-07, ""convergence_patience_checks"": 5, ""early_stop"": false}"
Hyb-Adam-UM,65,0.65,0.6476190476190476,9,63,105,68,37,68,True,True,True,True,,missing_p65_rep09_seed63.csv,HybAdamUM_completed_p65_rep09_seed63.csv,hyb_adam_um_outputs/logs/HybAdamUM_completed_p65_rep09_seed63.log,hyb_adam_um_outputs/logs/epoch_logs/HybAdamUM_completed_p65_rep09_seed63_epochs.csv,44.41349523499957,20.13812776848548,0.007950102818426284,0.04425962146919885,0.344100583652431,58.523957020737264,0.022445654481427994,0.023857598862052912,0.01011082440171238,0.8487131306776726,0.933961904034813,0.0,0.0,168.08340450251558,20.13812776848548,88.01896723350575,5000,5000,5000,0.0025,two_way_mean,1,0,168.08340450251558,20.13812776848548,0.2325998419548963,0.12086679222297296,0.1231648135634867,0.1550665613032642,"{""epochs"": 5000, ""print_every"": 500, ""lr_init"": 0.02, ""lr_milestones"": [700, 2000, 4000], ""lr_factor"": 0.5, ""lr_min"": 0.0001, ""sched_patience_blocks"": 7, ""weight_decay"": 0.0, ""clip_grad_norm"": 5.0, ""h_central_diff"": 1e-05, ""beta1"": 0.9, ""beta2"": 0.999, ""adam_eps"": 1e-08, ""seed_hyb"": 42, ""init_strategy"": ""two_way_mean"", ""n_restarts"": 1, ""restart_jitter_scale"": 0.03, ""max_distance_factor"": 1.5, ""normalize_objective_by_triplets"": true, ""convergence_rel_tol"": 1e-07, ""convergence_patience_checks"": 5, ""early_stop"": false}"
Hyb-Adam-UM,65,0.65,0.6476190476190476,10,64,105,68,37,68,True,True,True,True,,missing_p65_rep10_seed64.csv,HybAdamUM_completed_p65_rep10_seed64.csv,hyb_adam_um_outputs/logs/HybAdamUM_completed_p65_rep10_seed64.log,hyb_adam_um_outputs/logs/epoch_logs/HybAdamUM_completed_p65_rep10_seed64_epochs.csv,44.57482308198814,18.624112435631,0.007249680599615932,0.04093211524314506,0.31823057400291255,58.523957020737264,0.022445654481427994,0.03316437310241656,0.014950837413280245,0.64675240111364,0.7983738596022445,0.0,0.0,217.549243312802,18.624112435631,91.43912791787908,4500,5000,4500,0.0025,two_way_mean,1,0,217.549243312802,18.624112435631,0.23357819329771726,0.12243293798505608,0.1240295861605232,0.1557187955318115,"{""epochs"": 5000, ""print_every"": 500, ""lr_init"": 0.02, ""lr_milestones"": [700, 2000, 4000], ""lr_factor"": 0.5, ""lr_min"": 0.0001, ""sched_patience_blocks"": 7, ""weight_decay"": 0.0, ""clip_grad_norm"": 5.0, ""h_central_diff"": 1e-05, ""beta1"": 0.9, ""beta2"": 0.999, ""adam_eps"": 1e-08, ""seed_hyb"": 42, ""init_strategy"": ""two_way_mean"", ""n_restarts"": 1, ""restart_jitter_scale"": 0.03, ""max_distance_factor"": 1.5, ""normalize_objective_by_triplets"": true, ""convergence_rel_tol"": 1e-07, ""convergence_patience_checks"": 5, ""early_stop"": false}"
Hyb-Adam-UM,65,0.65,0.6476190476190476,11,65,105,68,37,68,True,True,True,True,,missing_p65_rep11_seed65.csv,HybAdamUM_completed_p65_rep11_seed65.csv,hyb_adam_um_outputs/logs/HybAdamUM_completed_p65_rep11_seed65.log,hyb_adam_um_outputs/logs/epoch_logs/HybAdamUM_completed_p65_rep11_seed65_epochs.csv,44.22480096601066,7.33150720473151,0.003381159372278279,0.01611320264776156,0.12527360721923977,58.523957020737264,0.022445654481427994,0.039078262170166383,0.020388215839419528,0.6220577067113687,0.7561552849562926,0.0,0.0,66.95712101462122,7.33150720473151,89.05044438345766,4500,5000,4500,0.0025,two_way_mean,1,0,66.95712101462122,7.33150720473151,0.23388963332927265,0.1329770675641711,0.1388138506876227,0.1559264222195151,"{""epochs"": 5000, ""print_every"": 500, ""lr_init"": 0.02, ""lr_milestones"": [700, 2000, 4000], ""lr_factor"": 0.5, ""lr_min"": 0.0001, ""sched_patience_blocks"": 7, ""weight_decay"": 0.0, ""clip_grad_norm"": 5.0, ""h_central_diff"": 1e-05, ""beta1"": 0.9, ""beta2"": 0.999, ""adam_eps"": 1e-08, ""seed_hyb"": 42, ""init_strategy"": ""two_way_mean"", ""n_restarts"": 1, ""restart_jitter_scale"": 0.03, ""max_distance_factor"": 1.5, ""normalize_objective_by_triplets"": true, ""convergence_rel_tol"": 1e-07, ""convergence_patience_checks"": 5, ""early_stop"": false}"
Hyb-Adam-UM,65,0.65,0.6476190476190476,12,66,105,68,37,68,True,True,True,True,,missing_p65_rep12_seed66.csv,HybAdamUM_completed_p65_rep12_seed66.csv,hyb_adam_um_outputs/logs/HybAdamUM_completed_p65_rep12_seed66.log,hyb_adam_um_outputs/logs/epoch_logs/HybAdamUM_completed_p65_rep12_seed66_epochs.csv,44.43833991099382,13.915717426604987,0.006153803604309398,0.030583994344186783,0.23777813625408342,58.523957020737264,0.022445654481427994,0.01667090162426684,0.006108612661182392,0.9008952907630783,0.8150933312974766,0.0,0.0,374.5225358069796,13.915717426604987,96.28441119127292,5000,5000,5000,0.0025,two_way_mean,1,0,374.5225358069796,13.915717426604987,0.23357819329771726,0.11501944930108184,0.1230955993930197,0.1557187955318115,"{""epochs"": 5000, ""print_every"": 500, ""lr_init"": 0.02, ""lr_milestones"": [700, 2000, 4000], ""lr_factor"": 0.5, ""lr_min"": 0.0001, ""sched_patience_blocks"": 7, ""weight_decay"": 0.0, ""clip_grad_norm"": 5.0, ""h_central_diff"": 1e-05, ""beta1"": 0.9, ""beta2"": 0.999, ""adam_eps"": 1e-08, ""seed_hyb"": 42, ""init_strategy"": ""two_way_mean"", ""n_restarts"": 1, ""restart_jitter_scale"": 0.03, ""max_distance_factor"": 1.5, ""normalize_objective_by_triplets"": true, ""convergence_rel_tol"": 1e-07, ""convergence_patience_checks"": 5, ""early_stop"": false}"
Hyb-Adam-UM,65,0.65,0.6476190476190476,13,67,105,68,37,68,True,True,True,True,,missing_p65_rep13_seed67.csv,HybAdamUM_completed_p65_rep13_seed67.csv,hyb_adam_um_outputs/logs/HybAdamUM_completed_p65_rep13_seed67.log,hyb_adam_um_outputs/logs/epoch_logs/HybAdamUM_completed_p65_rep13_seed67_epochs.csv,44.44370125900605,16.140237011550553,0.00713104505224205,0.03547304837703418,0.27578854597667507,58.523957020737264,0.022445654481427994,0.02822607832380886,0.01135615701108899,0.7284028290908356,0.7825705233423672,0.0,0.0,181.37320776482156,16.140237011550553,91.10109083339427,4500,5000,4500,0.0025,two_way_mean,1,0,181.37320776482156,16.140237011550553,0.23357819329771726,0.12286525151875048,0.1376624969340201,0.1557187955318115,"{""epochs"": 5000, ""print_every"": 500, ""lr_init"": 0.02, ""lr_milestones"": [700, 2000, 4000], ""lr_factor"": 0.5, ""lr_min"": 0.0001, ""sched_patience_blocks"": 7, ""weight_decay"": 0.0, ""clip_grad_norm"": 5.0, ""h_central_diff"": 1e-05, ""beta1"": 0.9, ""beta2"": 0.999, ""adam_eps"": 1e-08, ""seed_hyb"": 42, ""init_strategy"": ""two_way_mean"", ""n_restarts"": 1, ""restart_jitter_scale"": 0.03, ""max_distance_factor"": 1.5, ""normalize_objective_by_triplets"": true, ""convergence_rel_tol"": 1e-07, ""convergence_patience_checks"": 5, ""early_stop"": false}"
Hyb-Adam-UM,65,0.65,0.6476190476190476,14,68,105,68,37,68,True,True,True,True,,missing_p65_rep14_seed68.csv,HybAdamUM_completed_p65_rep14_seed68.csv,hyb_adam_um_outputs/logs/HybAdamUM_completed_p65_rep14_seed68.log,hyb_adam_um_outputs/logs/epoch_logs/HybAdamUM_completed_p65_rep14_seed68_epochs.csv,43.92310994397849,27.488776678934908,0.009227725617057267,0.06041489379985694,0.4697012655722269,58.523957020737264,0.022445654481427994,0.03311253948390775,0.01695216018963392,0.7135647982505544,0.7894033667977249,0.0,0.0,146.05342004496663,27.488776678934908,81.17895721272961,4500,5000,4500,0.0025,two_way_mean,1,0,146.05342004496663,27.488776678934908,0.23108477666362798,0.12497291543341033,0.1256247714250883,0.154056517775752,"{""epochs"": 5000, ""print_every"": 500, ""lr_init"": 0.02, ""lr_milestones"": [700, 2000, 4000], ""lr_factor"": 0.5, ""lr_min"": 0.0001, ""sched_patience_blocks"": 7, ""weight_decay"": 0.0, ""clip_grad_norm"": 5.0, ""h_central_diff"": 1e-05, ""beta1"": 0.9, ""beta2"": 0.999, ""adam_eps"": 1e-08, ""seed_hyb"": 42, ""init_strategy"": ""two_way_mean"", ""n_restarts"": 1, ""restart_jitter_scale"": 0.03, ""max_distance_factor"": 1.5, ""normalize_objective_by_triplets"": true, ""convergence_rel_tol"": 1e-07, ""convergence_patience_checks"": 5, ""early_stop"": false}"
Hyb-Adam-UM,65,0.65,0.6476190476190476,15,69,105,68,37,68,True,True,True,True,,missing_p65_rep15_seed69.csv,HybAdamUM_completed_p65_rep15_seed69.csv,hyb_adam_um_outputs/logs/HybAdamUM_completed_p65_rep15_seed69.log,hyb_adam_um_outputs/logs/epoch_logs/HybAdamUM_completed_p65_rep15_seed69_epochs.csv,44.46084229100961,17.195985900071918,0.006303860205860905,0.03779337560455367,0.2938281479151987,58.523957020737264,0.022445654481427994,0.030340742762491556,0.013218919537102782,0.6590887779546277,0.8021529182730847,0.0,0.0,262.2577446527729,17.195985900071918,93.44309701021822,4500,5000,4500,0.0025,two_way_mean,1,0,262.2577446527729,17.195985900071918,0.2325998419548963,0.11887679147318382,0.1240295861605232,0.1550665613032642,"{""epochs"": 5000, ""print_every"": 500, ""lr_init"": 0.02, ""lr_milestones"": [700, 2000, 4000], ""lr_factor"": 0.5, ""lr_min"": 0.0001, ""sched_patience_blocks"": 7, ""weight_decay"": 0.0, ""clip_grad_norm"": 5.0, ""h_central_diff"": 1e-05, ""beta1"": 0.9, ""beta2"": 0.999, ""adam_eps"": 1e-08, ""seed_hyb"": 42, ""init_strategy"": ""two_way_mean"", ""n_restarts"": 1, ""restart_jitter_scale"": 0.03, ""max_distance_factor"": 1.5, ""normalize_objective_by_triplets"": true, ""convergence_rel_tol"": 1e-07, ""convergence_patience_checks"": 5, ""early_stop"": false}"
Hyb-Adam-UM,65,0.65,0.6476190476190476,16,70,105,68,37,68,True,True,True,True,,missing_p65_rep16_seed70.csv,HybAdamUM_completed_p65_rep16_seed70.csv,hyb_adam_um_outputs/logs/HybAdamUM_completed_p65_rep16_seed70.log,hyb_adam_um_outputs/logs/epoch_logs/HybAdamUM_completed_p65_rep16_seed70_epochs.csv,43.998943301994586,11.692984080037771,0.004975849737158918,0.02569886610997312,0.19979824802165208,58.523957020737264,0.022445654481427994,0.035737341396150736,0.017520207835480698,0.609811621477926,0.7877619574760467,0.0,0.0,166.63059158176895,11.692984080037771,92.9826906517944,4500,5000,4500,0.0025,two_way_mean,1,0,166.63059158176895,11.692984080037771,0.232323845360199,0.12690997794097136,0.1376624969340201,0.154882563573466,"{""epochs"": 5000, ""print_every"": 500, ""lr_init"": 0.02, ""lr_milestones"": [700, 2000, 4000], ""lr_factor"": 0.5, ""lr_min"": 0.0001, ""sched_patience_blocks"": 7, ""weight_decay"": 0.0, ""clip_grad_norm"": 5.0, ""h_central_diff"": 1e-05, ""beta1"": 0.9, ""beta2"": 0.999, ""adam_eps"": 1e-08, ""seed_hyb"": 42, ""init_strategy"": ""two_way_mean"", ""n_restarts"": 1, ""restart_jitter_scale"": 0.03, ""max_distance_factor"": 1.5, ""normalize_objective_by_triplets"": true, ""convergence_rel_tol"": 1e-07, ""convergence_patience_checks"": 5, ""early_stop"": false}"
Hyb-Adam-UM,65,0.65,0.6476190476190476,17,71,105,68,37,68,True,True,True,True,,missing_p65_rep17_seed71.csv,HybAdamUM_completed_p65_rep17_seed71.csv,hyb_adam_um_outputs/logs/HybAdamUM_completed_p65_rep17_seed71.log,hyb_adam_um_outputs/logs/epoch_logs/HybAdamUM_completed_p65_rep17_seed71_epochs.csv,44.39308061500196,15.382068481792304,0.006182030350284039,0.03380674391602704,0.26283370545743945,58.523957020737264,0.022445654481427994,0.0349818292918057,0.017196236967513184,0.630979924568977,0.7529869832423559,0.0,0.0,149.4069750732607,15.382068481792304,89.70458475968086,4500,5000,4500,0.0025,two_way_mean,1,0,149.4069750732607,15.382068481792304,0.2325998419548963,0.1261499601587956,0.1403957382039573,0.1550665613032642,"{""epochs"": 5000, ""print_every"": 500, ""lr_init"": 0.02, ""lr_milestones"": [700, 2000, 4000], ""lr_factor"": 0.5, ""lr_min"": 0.0001, ""sched_patience_blocks"": 7, ""weight_decay"": 0.0, ""clip_grad_norm"": 5.0, ""h_central_diff"": 1e-05, ""beta1"": 0.9, ""beta2"": 0.999, ""adam_eps"": 1e-08, ""seed_hyb"": 42, ""init_strategy"": ""two_way_mean"", ""n_restarts"": 1, ""restart_jitter_scale"": 0.03, ""max_distance_factor"": 1.5, ""normalize_objective_by_triplets"": true, ""convergence_rel_tol"": 1e-07, ""convergence_patience_checks"": 5, ""early_stop"": false}"
Hyb-Adam-UM,65,0.65,0.6476190476190476,18,72,105,68,37,68,True,True,True,True,,missing_p65_rep18_seed72.csv,HybAdamUM_completed_p65_rep18_seed72.csv,hyb_adam_um_outputs/logs/HybAdamUM_completed_p65_rep18_seed72.log,hyb_adam_um_outputs/logs/epoch_logs/HybAdamUM_completed_p65_rep18_seed72_epochs.csv,44.7060374400171,22.29621521849024,0.008370600950812157,0.049002670809868656,0.3809758661839944,58.523957020737264,0.022445654481427994,0.03355448117096081,0.016408829607546718,0.6708335620548377,0.8199412146428979,0.0,0.0,172.51013411599587,22.29621521849024,87.07541714419035,5000,5000,5000,0.0025,two_way_mean,1,0,172.51013411599587,22.29621521849024,0.23388963332927265,0.12592380009109097,0.1254113345521023,0.1559264222195151,"{""epochs"": 5000, ""print_every"": 500, ""lr_init"": 0.02, ""lr_milestones"": [700, 2000, 4000], ""lr_factor"": 0.5, ""lr_min"": 0.0001, ""sched_patience_blocks"": 7, ""weight_decay"": 0.0, ""clip_grad_norm"": 5.0, ""h_central_diff"": 1e-05, ""beta1"": 0.9, ""beta2"": 0.999, ""adam_eps"": 1e-08, ""seed_hyb"": 42, ""init_strategy"": ""two_way_mean"", ""n_restarts"": 1, ""restart_jitter_scale"": 0.03, ""max_distance_factor"": 1.5, ""normalize_objective_by_triplets"": true, ""convergence_rel_tol"": 1e-07, ""convergence_patience_checks"": 5, ""early_stop"": false}"
Hyb-Adam-UM,65,0.65,0.6476190476190476,19,73,105,68,37,68,True,True,True,True,,missing_p65_rep19_seed73.csv,HybAdamUM_completed_p65_rep19_seed73.csv,hyb_adam_um_outputs/logs/HybAdamUM_completed_p65_rep19_seed73.log,hyb_adam_um_outputs/logs/epoch_logs/HybAdamUM_completed_p65_rep19_seed73_epochs.csv,45.075598202995025,16.74244449369007,0.006667963766119462,0.036796581304813336,0.28607847702023265,58.523957020737264,0.022445654481427994,0.028267890929208735,0.012017643694283254,0.692072765673027,0.7437111119593847,0.0,0.0,345.0175127974669,16.74244449369007,95.14736386627474,4500,5000,4500,0.0025,two_way_mean,1,0,345.0175127974669,16.74244449369007,0.2325998419548963,0.11792158221773225,0.1228304405874499,0.1550665613032642,"{""epochs"": 5000, ""print_every"": 500, ""lr_init"": 0.02, ""lr_milestones"": [700, 2000, 4000], ""lr_factor"": 0.5, ""lr_min"": 0.0001, ""sched_patience_blocks"": 7, ""weight_decay"": 0.0, ""clip_grad_norm"": 5.0, ""h_central_diff"": 1e-05, ""beta1"": 0.9, ""beta2"": 0.999, ""adam_eps"": 1e-08, ""seed_hyb"": 42, ""init_strategy"": ""two_way_mean"", ""n_restarts"": 1, ""restart_jitter_scale"": 0.03, ""max_distance_factor"": 1.5, ""normalize_objective_by_triplets"": true, ""convergence_rel_tol"": 1e-07, ""convergence_patience_checks"": 5, ""early_stop"": false}"
Hyb-Adam-UM,65,0.65,0.6476190476190476,20,74,105,68,37,68,True,True,True,True,,missing_p65_rep20_seed74.csv,HybAdamUM_completed_p65_rep20_seed74.csv,hyb_adam_um_outputs/logs/HybAdamUM_completed_p65_rep20_seed74.log,hyb_adam_um_outputs/logs/epoch_logs/HybAdamUM_completed_p65_rep20_seed74_epochs.csv,46.043690135004,17.23743120234797,0.0074750539187079836,0.03788446418098455,0.2945363246070339,58.523957020737264,0.022445654481427994,0.02629883730024096,0.011280909058265802,0.7961665204377075,0.8289880520670304,0.0,0.0,615.3114610607154,17.23743120234797,97.19858440916525,4500,5000,4500,0.0025,two_way_mean,1,0,615.3114610607154,17.23743120234797,0.23357819329771726,0.12150205084322874,0.1230955993930197,0.1557187955318115,"{""epochs"": 5000, ""print_every"": 500, ""lr_init"": 0.02, ""lr_milestones"": [700, 2000, 4000], ""lr_factor"": 0.5, ""lr_min"": 0.0001, ""sched_patience_blocks"": 7, ""weight_decay"": 0.0, ""clip_grad_norm"": 5.0, ""h_central_diff"": 1e-05, ""beta1"": 0.9, ""beta2"": 0.999, ""adam_eps"": 1e-08, ""seed_hyb"": 42, ""init_strategy"": ""two_way_mean"", ""n_restarts"": 1, ""restart_jitter_scale"": 0.03, ""max_distance_factor"": 1.5, ""normalize_objective_by_triplets"": true, ""convergence_rel_tol"": 1e-07, ""convergence_patience_checks"": 5, ""early_stop"": false}"
Hyb-Adam-UM,65,0.65,0.6476190476190476,21,75,105,68,37,68,True,True,True,True,,missing_p65_rep21_seed75.csv,HybAdamUM_completed_p65_rep21_seed75.csv,hyb_adam_um_outputs/logs/HybAdamUM_completed_p65_rep21_seed75.log,hyb_adam_um_outputs/logs/epoch_logs/HybAdamUM_completed_p65_rep21_seed75_epochs.csv,45.04328612200334,17.943143080962155,0.007913834176425683,0.039435479298817924,0.3065948373006326,58.523957020737264,0.022445654481427994,0.019278043849554033,0.007519960629279911,0.8897207896905346,0.7597434820781005,0.0,0.0,233.45372304683917,17.943143080962155,92.31404714956628,5000,5000,5000,0.0025,two_way_mean,1,0,233.45372304683917,17.943143080962155,0.2325998419548963,0.12065257824375383,0.1229081100962422,0.1550665613032642,"{""epochs"": 5000, ""print_every"": 500, ""lr_init"": 0.02, ""lr_milestones"": [700, 2000, 4000], ""lr_factor"": 0.5, ""lr_min"": 0.0001, ""sched_patience_blocks"": 7, ""weight_decay"": 0.0, ""clip_grad_norm"": 5.0, ""h_central_diff"": 1e-05, ""beta1"": 0.9, ""beta2"": 0.999, ""adam_eps"": 1e-08, ""seed_hyb"": 42, ""init_strategy"": ""two_way_mean"", ""n_restarts"": 1, ""restart_jitter_scale"": 0.03, ""max_distance_factor"": 1.5, ""normalize_objective_by_triplets"": true, ""convergence_rel_tol"": 1e-07, ""convergence_patience_checks"": 5, ""early_stop"": false}"
Hyb-Adam-UM,65,0.65,0.6476190476190476,22,76,105,68,37,68,True,True,True,True,,missing_p65_rep22_seed76.csv,HybAdamUM_completed_p65_rep22_seed76.csv,hyb_adam_um_outputs/logs/HybAdamUM_completed_p65_rep22_seed76.log,hyb_adam_um_outputs/logs/epoch_logs/HybAdamUM_completed_p65_rep22_seed76_epochs.csv,45.40014274200075,23.606045170040655,0.009944432336614885,0.05188141795613331,0.40335695622351947,58.523957020737264,0.022445654481427994,0.013136965219507699,0.00370069212049212,0.9212164049628807,0.8479215177310377,0.0,0.0,659.8151253395865,23.606045170040655,96.42232433548847,4500,5000,4500,0.0025,two_way_mean,1,0,659.8151253395865,23.606045170040655,0.23144638708888604,0.11191837630548726,0.1212047607481175,0.1542975913925907,"{""epochs"": 5000, ""print_every"": 500, ""lr_init"": 0.02, ""lr_milestones"": [700, 2000, 4000], ""lr_factor"": 0.5, ""lr_min"": 0.0001, ""sched_patience_blocks"": 7, ""weight_decay"": 0.0, ""clip_grad_norm"": 5.0, ""h_central_diff"": 1e-05, ""beta1"": 0.9, ""beta2"": 0.999, ""adam_eps"": 1e-08, ""seed_hyb"": 42, ""init_strategy"": ""two_way_mean"", ""n_restarts"": 1, ""restart_jitter_scale"": 0.03, ""max_distance_factor"": 1.5, ""normalize_objective_by_triplets"": true, ""convergence_rel_tol"": 1e-07, ""convergence_patience_checks"": 5, ""early_stop"": false}"
Hyb-Adam-UM,65,0.65,0.6476190476190476,23,77,105,68,37,68,True,True,True,True,,missing_p65_rep23_seed77.csv,HybAdamUM_completed_p65_rep23_seed77.csv,hyb_adam_um_outputs/logs/HybAdamUM_completed_p65_rep23_seed77.log,hyb_adam_um_outputs/logs/epoch_logs/HybAdamUM_completed_p65_rep23_seed77_epochs.csv,45.49579881099635,9.79529335887625,0.004495676057471011,0.021528117272255495,0.16737236949657053,58.523957020737264,0.022445654481427994,0.03709126049719218,0.018239613730344835,0.6204652731398712,0.7198152460205367,0.0,0.0,157.8687772318809,9.79529335887625,93.79529408498,4500,5000,4500,0.0025,two_way_mean,1,0,157.8687772318809,9.79529335887625,0.23388963332927265,0.1258284380932781,0.1376624969340201,0.1559264222195151,"{""epochs"": 5000, ""print_every"": 500, ""lr_init"": 0.02, ""lr_milestones"": [700, 2000, 4000], ""lr_factor"": 0.5, ""lr_min"": 0.0001, ""sched_patience_blocks"": 7, ""weight_decay"": 0.0, ""clip_grad_norm"": 5.0, ""h_central_diff"": 1e-05, ""beta1"": 0.9, ""beta2"": 0.999, ""adam_eps"": 1e-08, ""seed_hyb"": 42, ""init_strategy"": ""two_way_mean"", ""n_restarts"": 1, ""restart_jitter_scale"": 0.03, ""max_distance_factor"": 1.5, ""normalize_objective_by_triplets"": true, ""convergence_rel_tol"": 1e-07, ""convergence_patience_checks"": 5, ""early_stop"": false}"
Hyb-Adam-UM,65,0.65,0.6476190476190476,24,78,105,68,37,68,True,True,True,True,,missing_p65_rep24_seed78.csv,HybAdamUM_completed_p65_rep24_seed78.csv,hyb_adam_um_outputs/logs/HybAdamUM_completed_p65_rep24_seed78.log,hyb_adam_um_outputs/logs/epoch_logs/HybAdamUM_completed_p65_rep24_seed78_epochs.csv,46.907975014997646,14.442600755308831,0.006405561798465481,0.031741979681997434,0.24678100201241124,58.523957020737264,0.022445654481427994,0.03056001233882814,0.013120234070691614,0.6664934845856846,0.6483185097530251,0.0,0.0,178.02054830611942,14.442600755308831,91.88711590165775,5000,5000,5000,0.0025,two_way_mean,1,0,178.02054830611942,14.442600755308831,0.23388963332927265,0.12307717927997575,0.1254113345521023,0.1559264222195151,"{""epochs"": 5000, ""print_every"": 500, ""lr_init"": 0.02, ""lr_milestones"": [700, 2000, 4000], ""lr_factor"": 0.5, ""lr_min"": 0.0001, ""sched_patience_blocks"": 7, ""weight_decay"": 0.0, ""clip_grad_norm"": 5.0, ""h_central_diff"": 1e-05, ""beta1"": 0.9, ""beta2"": 0.999, ""adam_eps"": 1e-08, ""seed_hyb"": 42, ""init_strategy"": ""two_way_mean"", ""n_restarts"": 1, ""restart_jitter_scale"": 0.03, ""max_distance_factor"": 1.5, ""normalize_objective_by_triplets"": true, ""convergence_rel_tol"": 1e-07, ""convergence_patience_checks"": 5, ""early_stop"": false}"
Hyb-Adam-UM,65,0.65,0.6476190476190476,25,79,105,68,37,68,True,True,True,True,,missing_p65_rep25_seed79.csv,HybAdamUM_completed_p65_rep25_seed79.csv,hyb_adam_um_outputs/logs/HybAdamUM_completed_p65_rep25_seed79.log,hyb_adam_um_outputs/logs/epoch_logs/HybAdamUM_completed_p65_rep25_seed79_epochs.csv,46.46269268702599,14.906645553552611,0.0067504018097183215,0.03276185835945629,0.25471014456986596,58.523957020737264,0.022445654481427994,0.027409673328831426,0.010821685879361592,0.7398094679221104,0.7933732870175974,0.0,0.0,292.93984308536415,14.906645553552611,94.91136289398204,5000,5000,5000,0.0025,two_way_mean,1,0,292.93984308536415,14.906645553552611,0.23388963332927265,0.12275376798243426,0.1254113345521023,0.1559264222195151,"{""epochs"": 5000, ""print_every"": 500, ""lr_init"": 0.02, ""lr_milestones"": [700, 2000, 4000], ""lr_factor"": 0.5, ""lr_min"": 0.0001, ""sched_patience_blocks"": 7, ""weight_decay"": 0.0, ""clip_grad_norm"": 5.0, ""h_central_diff"": 1e-05, ""beta1"": 0.9, ""beta2"": 0.999, ""adam_eps"": 1e-08, ""seed_hyb"": 42, ""init_strategy"": ""two_way_mean"", ""n_restarts"": 1, ""restart_jitter_scale"": 0.03, ""max_distance_factor"": 1.5, ""normalize_objective_by_triplets"": true, ""convergence_rel_tol"": 1e-07, ""convergence_patience_checks"": 5, ""early_stop"": false}"
Hyb-Adam-UM,65,0.65,0.6476190476190476,26,80,105,68,37,68,True,True,True,True,,missing_p65_rep26_seed80.csv,HybAdamUM_completed_p65_rep26_seed80.csv,hyb_adam_um_outputs/logs/HybAdamUM_completed_p65_rep26_seed80.log,hyb_adam_um_outputs/logs/epoch_logs/HybAdamUM_completed_p65_rep26_seed80_epochs.csv,45.38072261598427,8.734150085242188,0.004063779929470966,0.019195934253279534,0.14924059359395925,58.523957020737264,0.022445654481427994,0.03614102338200064,0.01755739293785276,0.6785250478985565,0.8804061533763408,0.0,0.0,97.35668996156431,8.734150085242188,91.02871093019866,4500,5000,4500,0.0025,two_way_mean,1,0,97.35668996156431,8.734150085242188,0.2325998419548963,0.1301500604660282,0.1419554530557747,0.1550665613032642,"{""epochs"": 5000, ""print_every"": 500, ""lr_init"": 0.02, ""lr_milestones"": [700, 2000, 4000], ""lr_factor"": 0.5, ""lr_min"": 0.0001, ""sched_patience_blocks"": 7, ""weight_decay"": 0.0, ""clip_grad_norm"": 5.0, ""h_central_diff"": 1e-05, ""beta1"": 0.9, ""beta2"": 0.999, ""adam_eps"": 1e-08, ""seed_hyb"": 42, ""init_strategy"": ""two_way_mean"", ""n_restarts"": 1, ""restart_jitter_scale"": 0.03, ""max_distance_factor"": 1.5, ""normalize_objective_by_triplets"": true, ""convergence_rel_tol"": 1e-07, ""convergence_patience_checks"": 5, ""early_stop"": false}"
Hyb-Adam-UM,65,0.65,0.6476190476190476,27,81,105,68,37,68,True,True,True,True,,missing_p65_rep27_seed81.csv,HybAdamUM_completed_p65_rep27_seed81.csv,hyb_adam_um_outputs/logs/HybAdamUM_completed_p65_rep27_seed81.log,hyb_adam_um_outputs/logs/epoch_logs/HybAdamUM_completed_p65_rep27_seed81_epochs.csv,46.03255710401572,18.349885661937712,0.008009393045002295,0.04032941903722574,0.31354485574917035,58.523957020737264,0.022445654481427994,0.013676301469574718,0.004721109381787078,0.9101656982793171,0.8001679581631483,0.0,0.0,511.86925708047215,18.349885661937712,96.4151225321483,4500,5000,4500,0.0025,two_way_mean,1,0,511.86925708047215,18.349885661937712,0.23388963332927265,0.10825171676999581,0.1225570776255707,0.1559264222195151,"{""epochs"": 5000, ""print_every"": 500, ""lr_init"": 0.02, ""lr_milestones"": [700, 2000, 4000], ""lr_factor"": 0.5, ""lr_min"": 0.0001, ""sched_patience_blocks"": 7, ""weight_decay"": 0.0, ""clip_grad_norm"": 5.0, ""h_central_diff"": 1e-05, ""beta1"": 0.9, ""beta2"": 0.999, ""adam_eps"": 1e-08, ""seed_hyb"": 42, ""init_strategy"": ""two_way_mean"", ""n_restarts"": 1, ""restart_jitter_scale"": 0.03, ""max_distance_factor"": 1.5, ""normalize_objective_by_triplets"": true, ""convergence_rel_tol"": 1e-07, ""convergence_patience_checks"": 5, ""early_stop"": false}"
Hyb-Adam-UM,65,0.65,0.6476190476190476,28,82,105,68,37,68,True,True,True,True,,missing_p65_rep28_seed82.csv,HybAdamUM_completed_p65_rep28_seed82.csv,hyb_adam_um_outputs/logs/HybAdamUM_completed_p65_rep28_seed82.log,hyb_adam_um_outputs/logs/epoch_logs/HybAdamUM_completed_p65_rep28_seed82_epochs.csv,45.0534825049981,23.863359318377388,0.00903807323402304,0.05244694355687338,0.40775368811650403,58.523957020737264,0.022445654481427994,0.031489978868063255,0.01503514477413588,0.687925469013001,0.8068099400694735,0.0,0.0,264.74508164201933,23.863359318377388,90.98628795278444,4500,5000,4500,0.0025,two_way_mean,1,0,264.74508164201933,23.863359318377388,0.23388963332927265,0.1283248506108537,0.1388138506876227,0.1559264222195151,"{""epochs"": 5000, ""print_every"": 500, ""lr_init"": 0.02, ""lr_milestones"": [700, 2000, 4000], ""lr_factor"": 0.5, ""lr_min"": 0.0001, ""sched_patience_blocks"": 7, ""weight_decay"": 0.0, ""clip_grad_norm"": 5.0, ""h_central_diff"": 1e-05, ""beta1"": 0.9, ""beta2"": 0.999, ""adam_eps"": 1e-08, ""seed_hyb"": 42, ""init_strategy"": ""two_way_mean"", ""n_restarts"": 1, ""restart_jitter_scale"": 0.03, ""max_distance_factor"": 1.5, ""normalize_objective_by_triplets"": true, ""convergence_rel_tol"": 1e-07, ""convergence_patience_checks"": 5, ""early_stop"": false}"
Hyb-Adam-UM,65,0.65,0.6476190476190476,29,83,105,68,37,68,True,True,True,True,,missing_p65_rep29_seed83.csv,HybAdamUM_completed_p65_rep29_seed83.csv,hyb_adam_um_outputs/logs/HybAdamUM_completed_p65_rep29_seed83.log,hyb_adam_um_outputs/logs/epoch_logs/HybAdamUM_completed_p65_rep29_seed83_epochs.csv,45.53061769102351,15.161450288645316,0.006851729207500574,0.03332186876625344,0.2590639980695946,58.523957020737264,0.022445654481427994,0.01609834079681296,0.005590520954227016,0.8901903766461267,0.8110470664579912,0.0,0.0,413.65699015387423,15.161450288645316,96.33477720683373,5000,5000,5000,0.0025,two_way_mean,1,0,413.65699015387423,15.161450288645316,0.23228394311413636,0.11338523374607563,0.1240295861605232,0.1548559620760909,"{""epochs"": 5000, ""print_every"": 500, ""lr_init"": 0.02, ""lr_milestones"": [700, 2000, 4000], ""lr_factor"": 0.5, ""lr_min"": 0.0001, ""sched_patience_blocks"": 7, ""weight_decay"": 0.0, ""clip_grad_norm"": 5.0, ""h_central_diff"": 1e-05, ""beta1"": 0.9, ""beta2"": 0.999, ""adam_eps"": 1e-08, ""seed_hyb"": 42, ""init_strategy"": ""two_way_mean"", ""n_restarts"": 1, ""restart_jitter_scale"": 0.03, ""max_distance_factor"": 1.5, ""normalize_objective_by_triplets"": true, ""convergence_rel_tol"": 1e-07, ""convergence_patience_checks"": 5, ""early_stop"": false}"
Hyb-Adam-UM,65,0.65,0.6476190476190476,30,84,105,68,37,68,True,True,True,True,,missing_p65_rep30_seed84.csv,HybAdamUM_completed_p65_rep30_seed84.csv,hyb_adam_um_outputs/logs/HybAdamUM_completed_p65_rep30_seed84.log,hyb_adam_um_outputs/logs/epoch_logs/HybAdamUM_completed_p65_rep30_seed84_epochs.csv,45.45130916501512,17.494227993750542,0.006425659014067626,0.038448852733517676,0.29892421641195027,58.523957020737264,0.022445654481427994,0.035446000530319086,0.01679218597239059,0.5870613344495879,0.7200824521891819,0.0,0.0,189.17357229297232,17.494227993750542,90.75228755174253,4500,5000,4500,0.0025,two_way_mean,1,0,189.17357229297232,17.494227993750542,0.23357819329771726,0.12454785609418637,0.1376624969340201,0.1557187955318115,"{""epochs"": 5000, ""print_every"": 500, ""lr_init"": 0.02, ""lr_milestones"": [700, 2000, 4000], ""lr_factor"": 0.5, ""lr_min"": 0.0001, ""sched_patience_blocks"": 7, ""weight_decay"": 0.0, ""clip_grad_norm"": 5.0, ""h_central_diff"": 1e-05, ""beta1"": 0.9, ""beta2"": 0.999, ""adam_eps"": 1e-08, ""seed_hyb"": 42, ""init_strategy"": ""two_way_mean"", ""n_restarts"": 1, ""restart_jitter_scale"": 0.03, ""max_distance_factor"": 1.5, ""normalize_objective_by_triplets"": true, ""convergence_rel_tol"": 1e-07, ""convergence_patience_checks"": 5, ""early_stop"": false}"
Hyb-Adam-UM,85,0.85,0.8476190476190476,1,55,105,89,16,89,True,True,True,True,,missing_p85_rep01_seed55.csv,HybAdamUM_completed_p85_rep01_seed55.csv,hyb_adam_um_outputs/logs/HybAdamUM_completed_p85_rep01_seed55.log,hyb_adam_um_outputs/logs/epoch_logs/HybAdamUM_completed_p85_rep01_seed55_epochs.csv,59.54996992598171,3.7741991664991783,0.0017474800541491732,0.008294943223075116,0.06448981508823534,58.523957020737264,0.022445654481427994,0.04771694834431271,0.029263523085862605,0.04774298299882214,0.11722846441947568,0.0,0.0,156.43192632880238,3.7741991664991783,97.58732168357612,4500,5000,4500,0.0025,two_way_mean,1,0,156.43192632880238,3.7741991664991783,0.23388963332927265,0.11924591938909773,0.1243662284432164,0.1559264222195151,"{""epochs"": 5000, ""print_every"": 500, ""lr_init"": 0.02, ""lr_milestones"": [700, 2000, 4000], ""lr_factor"": 0.5, ""lr_min"": 0.0001, ""sched_patience_blocks"": 7, ""weight_decay"": 0.0, ""clip_grad_norm"": 5.0, ""h_central_diff"": 1e-05, ""beta1"": 0.9, ""beta2"": 0.999, ""adam_eps"": 1e-08, ""seed_hyb"": 42, ""init_strategy"": ""two_way_mean"", ""n_restarts"": 1, ""restart_jitter_scale"": 0.03, ""max_distance_factor"": 1.5, ""normalize_objective_by_triplets"": true, ""convergence_rel_tol"": 1e-07, ""convergence_patience_checks"": 5, ""early_stop"": false}"
Hyb-Adam-UM,85,0.85,0.8476190476190476,2,56,105,89,16,89,True,True,True,True,,missing_p85_rep02_seed56.csv,HybAdamUM_completed_p85_rep02_seed56.csv,hyb_adam_um_outputs/logs/HybAdamUM_completed_p85_rep02_seed56.log,hyb_adam_um_outputs/logs/epoch_logs/HybAdamUM_completed_p85_rep02_seed56_epochs.csv,59.19038023799658,2.3600290320800035,0.0011031307681412439,0.0051868769935824255,0.04032586230018171,58.523957020737264,0.022445654481427994,0.047329150115163476,0.029718733228539927,0.25658098255910894,0.038559754851889685,0.0,0.0,66.60334838316946,2.3600290320800035,96.45659101325846,5000,5000,5000,0.0025,two_way_mean,1,0,66.60334838316946,2.3600290320800035,0.22972232371209345,0.1302185178254612,0.13221931105635548,0.1531482158080623,"{""epochs"": 5000, ""print_every"": 500, ""lr_init"": 0.02, ""lr_milestones"": [700, 2000, 4000], ""lr_factor"": 0.5, ""lr_min"": 0.0001, ""sched_patience_blocks"": 7, ""weight_decay"": 0.0, ""clip_grad_norm"": 5.0, ""h_central_diff"": 1e-05, ""beta1"": 0.9, ""beta2"": 0.999, ""adam_eps"": 1e-08, ""seed_hyb"": 42, ""init_strategy"": ""two_way_mean"", ""n_restarts"": 1, ""restart_jitter_scale"": 0.03, ""max_distance_factor"": 1.5, ""normalize_objective_by_triplets"": true, ""convergence_rel_tol"": 1e-07, ""convergence_patience_checks"": 5, ""early_stop"": false}"
Hyb-Adam-UM,85,0.85,0.8476190476190476,3,57,105,89,16,89,True,True,True,True,,missing_p85_rep03_seed57.csv,HybAdamUM_completed_p85_rep03_seed57.csv,hyb_adam_um_outputs/logs/HybAdamUM_completed_p85_rep03_seed57.log,hyb_adam_um_outputs/logs/epoch_logs/HybAdamUM_completed_p85_rep03_seed57_epochs.csv,60.11582879698835,2.7122917970396165,0.0012757725571615188,0.005961080872614542,0.04634498306528638,58.523957020737264,0.022445654481427994,0.046806835884567244,0.029048989658831792,0.20165031000136002,0.10812053115423904,0.0,0.0,181.55986521597396,2.7122917970396165,98.50611709046312,4500,5000,4500,0.0025,two_way_mean,1,0,181.55986521597396,2.7122917970396165,0.23006806028196403,0.12470114249399461,0.13795746474355286,0.1533787068546427,"{""epochs"": 5000, ""print_every"": 500, ""lr_init"": 0.02, ""lr_milestones"": [700, 2000, 4000], ""lr_factor"": 0.5, ""lr_min"": 0.0001, ""sched_patience_blocks"": 7, ""weight_decay"": 0.0, ""clip_grad_norm"": 5.0, ""h_central_diff"": 1e-05, ""beta1"": 0.9, ""beta2"": 0.999, ""adam_eps"": 1e-08, ""seed_hyb"": 42, ""init_strategy"": ""two_way_mean"", ""n_restarts"": 1, ""restart_jitter_scale"": 0.03, ""max_distance_factor"": 1.5, ""normalize_objective_by_triplets"": true, ""convergence_rel_tol"": 1e-07, ""convergence_patience_checks"": 5, ""early_stop"": false}"
Hyb-Adam-UM,85,0.85,0.8476190476190476,4,58,105,89,16,89,True,True,True,True,,missing_p85_rep04_seed58.csv,HybAdamUM_completed_p85_rep04_seed58.csv,hyb_adam_um_outputs/logs/HybAdamUM_completed_p85_rep04_seed58.log,hyb_adam_um_outputs/logs/epoch_logs/HybAdamUM_completed_p85_rep04_seed58_epochs.csv,59.177339264017064,4.411441308697272,0.002061127377328662,0.009695475403730268,0.0753783840544844,58.523957020737264,0.022445654481427994,0.03611755276103232,0.02070833391851367,0.48023771664622555,0.3554477357848145,0.0,0.0,182.18285001857893,4.411441308697272,97.57856389432517,4500,5000,4500,0.0025,two_way_mean,1,0,182.18285001857893,4.411441308697272,0.23064958828911242,0.11209005267518451,0.1206759550676425,0.1537663921927416,"{""epochs"": 5000, ""print_every"": 500, ""lr_init"": 0.02, ""lr_milestones"": [700, 2000, 4000], ""lr_factor"": 0.5, ""lr_min"": 0.0001, ""sched_patience_blocks"": 7, ""weight_decay"": 0.0, ""clip_grad_norm"": 5.0, ""h_central_diff"": 1e-05, ""beta1"": 0.9, ""beta2"": 0.999, ""adam_eps"": 1e-08, ""seed_hyb"": 42, ""init_strategy"": ""two_way_mean"", ""n_restarts"": 1, ""restart_jitter_scale"": 0.03, ""max_distance_factor"": 1.5, ""normalize_objective_by_triplets"": true, ""convergence_rel_tol"": 1e-07, ""convergence_patience_checks"": 5, ""early_stop"": false}"
Hyb-Adam-UM,85,0.85,0.8476190476190476,5,59,105,89,16,89,True,True,True,True,,missing_p85_rep05_seed59.csv,HybAdamUM_completed_p85_rep05_seed59.csv,hyb_adam_um_outputs/logs/HybAdamUM_completed_p85_rep05_seed59.log,hyb_adam_um_outputs/logs/epoch_logs/HybAdamUM_completed_p85_rep05_seed59_epochs.csv,59.32917916600127,7.230113589262336,0.0029549133456904034,0.015890359536840298,0.12354109252558626,58.523957020737264,0.022445654481427994,0.03015995734184523,0.013899813656361653,0.6393589194755146,0.7772216547497447,0.0,0.0,285.8278962254962,7.230113589262336,97.4704660795046,4500,5000,4500,0.0025,two_way_mean,1,0,285.8278962254962,7.230113589262336,0.22820919175911242,0.11340612260593529,0.12388201480257025,0.1521394611727416,"{""epochs"": 5000, ""print_every"": 500, ""lr_init"": 0.02, ""lr_milestones"": [700, 2000, 4000], ""lr_factor"": 0.5, ""lr_min"": 0.0001, ""sched_patience_blocks"": 7, ""weight_decay"": 0.0, ""clip_grad_norm"": 5.0, ""h_central_diff"": 1e-05, ""beta1"": 0.9, ""beta2"": 0.999, ""adam_eps"": 1e-08, ""seed_hyb"": 42, ""init_strategy"": ""two_way_mean"", ""n_restarts"": 1, ""restart_jitter_scale"": 0.03, ""max_distance_factor"": 1.5, ""normalize_objective_by_triplets"": true, ""convergence_rel_tol"": 1e-07, ""convergence_patience_checks"": 5, ""early_stop"": false}"
Hyb-Adam-UM,85,0.85,0.8476190476190476,6,60,105,89,16,89,True,True,True,True,,missing_p85_rep06_seed60.csv,HybAdamUM_completed_p85_rep06_seed60.csv,hyb_adam_um_outputs/logs/HybAdamUM_completed_p85_rep06_seed60.log,hyb_adam_um_outputs/logs/epoch_logs/HybAdamUM_completed_p85_rep06_seed60_epochs.csv,59.884499267005594,16.433013430344374,0.005980280174390398,0.0361165130337239,0.2807912223796066,58.523957020737264,0.022445654481427994,0.03056506713445713,0.01777180829141184,0.5594325472664886,0.5634150493701057,0.0,0.0,1413.0604424288208,16.433013430344374,98.83706224186004,5000,5000,5000,0.0025,two_way_mean,1,0,1413.0604424288208,16.433013430344374,0.2314139941690962,0.10977022436662802,0.12359719986200496,0.1542759961127308,"{""epochs"": 5000, ""print_every"": 500, ""lr_init"": 0.02, ""lr_milestones"": [700, 2000, 4000], ""lr_factor"": 0.5, ""lr_min"": 0.0001, ""sched_patience_blocks"": 7, ""weight_decay"": 0.0, ""clip_grad_norm"": 5.0, ""h_central_diff"": 1e-05, ""beta1"": 0.9, ""beta2"": 0.999, ""adam_eps"": 1e-08, ""seed_hyb"": 42, ""init_strategy"": ""two_way_mean"", ""n_restarts"": 1, ""restart_jitter_scale"": 0.03, ""max_distance_factor"": 1.5, ""normalize_objective_by_triplets"": true, ""convergence_rel_tol"": 1e-07, ""convergence_patience_checks"": 5, ""early_stop"": false}"
Hyb-Adam-UM,85,0.85,0.8476190476190476,7,61,105,89,16,89,True,True,True,True,,missing_p85_rep07_seed61.csv,HybAdamUM_completed_p85_rep07_seed61.csv,hyb_adam_um_outputs/logs/HybAdamUM_completed_p85_rep07_seed61.log,hyb_adam_um_outputs/logs/epoch_logs/HybAdamUM_completed_p85_rep07_seed61_epochs.csv,59.50269107101485,11.213020586925348,0.004268777557754193,0.02464400128994582,0.19159710241315617,58.523957020737264,0.022445654481427994,0.035132072204719526,0.017351743807421122,0.6020344510264084,0.6595335376234255,0.0,0.0,787.376142880762,11.213020586925348,98.57590038912019,5000,5000,5000,0.0025,two_way_mean,1,0,787.376142880762,11.213020586925348,0.23228394311413636,0.12485050989535458,0.13127973400787885,0.1548559620760909,"{""epochs"": 5000, ""print_every"": 500, ""lr_init"": 0.02, ""lr_milestones"": [700, 2000, 4000], ""lr_factor"": 0.5, ""lr_min"": 0.0001, ""sched_patience_blocks"": 7, ""weight_decay"": 0.0, ""clip_grad_norm"": 5.0, ""h_central_diff"": 1e-05, ""beta1"": 0.9, ""beta2"": 0.999, ""adam_eps"": 1e-08, ""seed_hyb"": 42, ""init_strategy"": ""two_way_mean"", ""n_restarts"": 1, ""restart_jitter_scale"": 0.03, ""max_distance_factor"": 1.5, ""normalize_objective_by_triplets"": true, ""convergence_rel_tol"": 1e-07, ""convergence_patience_checks"": 5, ""early_stop"": false}"
Hyb-Adam-UM,85,0.85,0.8476190476190476,8,62,105,89,16,89,True,True,True,True,,missing_p85_rep08_seed62.csv,HybAdamUM_completed_p85_rep08_seed62.csv,hyb_adam_um_outputs/logs/HybAdamUM_completed_p85_rep08_seed62.log,hyb_adam_um_outputs/logs/epoch_logs/HybAdamUM_completed_p85_rep08_seed62_epochs.csv,59.513448443991365,8.86137679824264,0.0037302028943049584,0.019475553402731077,0.15141451893115698,58.523957020737264,0.022445654481427994,0.03393054251414256,0.01741511811116338,0.5723777337607654,0.6478038815117467,0.0,0.0,92.70988362306564,8.86137679824264,90.44182081570645,5000,5000,5000,0.0025,two_way_mean,1,0,92.70988362306564,8.86137679824264,0.23228394311413636,0.13826937892049024,0.1517622009323129,0.1548559620760909,"{""epochs"": 5000, ""print_every"": 500, ""lr_init"": 0.02, ""lr_milestones"": [700, 2000, 4000], ""lr_factor"": 0.5, ""lr_min"": 0.0001, ""sched_patience_blocks"": 7, ""weight_decay"": 0.0, ""clip_grad_norm"": 5.0, ""h_central_diff"": 1e-05, ""beta1"": 0.9, ""beta2"": 0.999, ""adam_eps"": 1e-08, ""seed_hyb"": 42, ""init_strategy"": ""two_way_mean"", ""n_restarts"": 1, ""restart_jitter_scale"": 0.03, ""max_distance_factor"": 1.5, ""normalize_objective_by_triplets"": true, ""convergence_rel_tol"": 1e-07, ""convergence_patience_checks"": 5, ""early_stop"": false}"
Hyb-Adam-UM,85,0.85,0.8476190476190476,9,63,105,89,16,89,True,True,True,True,,missing_p85_rep09_seed63.csv,HybAdamUM_completed_p85_rep09_seed63.csv,hyb_adam_um_outputs/logs/HybAdamUM_completed_p85_rep09_seed63.log,hyb_adam_um_outputs/logs/epoch_logs/HybAdamUM_completed_p85_rep09_seed63_epochs.csv,59.91620352101745,6.221005877664459,0.0027861716241614903,0.01367254039047134,0.10629844929077711,58.523957020737264,0.022445654481427994,0.03567421001712241,0.01874629871087193,0.4304071341590489,0.4131256384065373,0.0,0.0,179.30818182859605,6.221005877664459,96.53055102437477,4500,5000,4500,0.0025,two_way_mean,1,0,179.30818182859605,6.221005877664459,0.2314139941690962,0.11695933400176872,0.12431890241295425,0.1542759961127308,"{""epochs"": 5000, ""print_every"": 500, ""lr_init"": 0.02, ""lr_milestones"": [700, 2000, 4000], ""lr_factor"": 0.5, ""lr_min"": 0.0001, ""sched_patience_blocks"": 7, ""weight_decay"": 0.0, ""clip_grad_norm"": 5.0, ""h_central_diff"": 1e-05, ""beta1"": 0.9, ""beta2"": 0.999, ""adam_eps"": 1e-08, ""seed_hyb"": 42, ""init_strategy"": ""two_way_mean"", ""n_restarts"": 1, ""restart_jitter_scale"": 0.03, ""max_distance_factor"": 1.5, ""normalize_objective_by_triplets"": true, ""convergence_rel_tol"": 1e-07, ""convergence_patience_checks"": 5, ""early_stop"": false}"
Hyb-Adam-UM,85,0.85,0.8476190476190476,10,64,105,89,16,89,True,True,True,True,,missing_p85_rep10_seed64.csv,HybAdamUM_completed_p85_rep10_seed64.csv,hyb_adam_um_outputs/logs/HybAdamUM_completed_p85_rep10_seed64.log,hyb_adam_um_outputs/logs/epoch_logs/HybAdamUM_completed_p85_rep10_seed64_epochs.csv,59.08977484202478,4.316074624843323,0.001973273705659081,0.009485878296358953,0.07374885165939778,58.523957020737264,0.022445654481427994,0.04964706028201352,0.03182284284053424,0.03821457467426926,0.009005788219271367,0.0,0.0,129.4817291657289,4.316074624843323,96.66665354822455,4500,5000,4500,0.0025,two_way_mean,1,0,129.4817291657289,4.316074624843323,0.23357819329771726,0.13004261182337326,0.14213285808284876,0.1557187955318115,"{""epochs"": 5000, ""print_every"": 500, ""lr_init"": 0.02, ""lr_milestones"": [700, 2000, 4000], ""lr_factor"": 0.5, ""lr_min"": 0.0001, ""sched_patience_blocks"": 7, ""weight_decay"": 0.0, ""clip_grad_norm"": 5.0, ""h_central_diff"": 1e-05, ""beta1"": 0.9, ""beta2"": 0.999, ""adam_eps"": 1e-08, ""seed_hyb"": 42, ""init_strategy"": ""two_way_mean"", ""n_restarts"": 1, ""restart_jitter_scale"": 0.03, ""max_distance_factor"": 1.5, ""normalize_objective_by_triplets"": true, ""convergence_rel_tol"": 1e-07, ""convergence_patience_checks"": 5, ""early_stop"": false}"
Hyb-Adam-UM,85,0.85,0.8476190476190476,11,65,105,89,16,89,True,True,True,True,,missing_p85_rep11_seed65.csv,HybAdamUM_completed_p85_rep11_seed65.csv,hyb_adam_um_outputs/logs/HybAdamUM_completed_p85_rep11_seed65.log,hyb_adam_um_outputs/logs/epoch_logs/HybAdamUM_completed_p85_rep11_seed65_epochs.csv,59.10553212501691,2.0429278524451764,0.0009569390772166021,0.004489951324055333,0.034907548232278436,58.523957020737264,0.022445654481427994,0.047888999908747176,0.029124591763499505,0.13304653893578605,0.20071501532175692,0.0,0.0,93.9810033828243,2.0429278524451764,97.82623319723086,4500,5000,4500,0.0025,two_way_mean,1,0,93.9810033828243,2.0429278524451764,0.23064958828911242,0.12958039782794376,0.13165259633892462,0.1537663921927416,"{""epochs"": 5000, ""print_every"": 500, ""lr_init"": 0.02, ""lr_milestones"": [700, 2000, 4000], ""lr_factor"": 0.5, ""lr_min"": 0.0001, ""sched_patience_blocks"": 7, ""weight_decay"": 0.0, ""clip_grad_norm"": 5.0, ""h_central_diff"": 1e-05, ""beta1"": 0.9, ""beta2"": 0.999, ""adam_eps"": 1e-08, ""seed_hyb"": 42, ""init_strategy"": ""two_way_mean"", ""n_restarts"": 1, ""restart_jitter_scale"": 0.03, ""max_distance_factor"": 1.5, ""normalize_objective_by_triplets"": true, ""convergence_rel_tol"": 1e-07, ""convergence_patience_checks"": 5, ""early_stop"": false}"
Hyb-Adam-UM,85,0.85,0.8476190476190476,12,66,105,89,16,89,True,True,True,True,,missing_p85_rep12_seed66.csv,HybAdamUM_completed_p85_rep12_seed66.csv,hyb_adam_um_outputs/logs/HybAdamUM_completed_p85_rep12_seed66.log,hyb_adam_um_outputs/logs/epoch_logs/HybAdamUM_completed_p85_rep12_seed66_epochs.csv,59.195969917986076,4.440006375233027,0.0020829823973524276,0.009758255769742917,0.07586647590592284,58.523957020737264,0.022445654481427994,0.02883882881666938,0.01277016343814971,0.6813714518557803,0.6759448416751789,0.0,0.0,216.43002523688614,4.440006375233027,97.94852568613187,5000,5000,5000,0.0025,two_way_mean,1,0,216.43002523688614,4.440006375233027,0.232323845360199,0.11364504257166255,0.12393175718235039,0.154882563573466,"{""epochs"": 5000, ""print_every"": 500, ""lr_init"": 0.02, ""lr_milestones"": [700, 2000, 4000], ""lr_factor"": 0.5, ""lr_min"": 0.0001, ""sched_patience_blocks"": 7, ""weight_decay"": 0.0, ""clip_grad_norm"": 5.0, ""h_central_diff"": 1e-05, ""beta1"": 0.9, ""beta2"": 0.999, ""adam_eps"": 1e-08, ""seed_hyb"": 42, ""init_strategy"": ""two_way_mean"", ""n_restarts"": 1, ""restart_jitter_scale"": 0.03, ""max_distance_factor"": 1.5, ""normalize_objective_by_triplets"": true, ""convergence_rel_tol"": 1e-07, ""convergence_patience_checks"": 5, ""early_stop"": false}"
Hyb-Adam-UM,85,0.85,0.8476190476190476,13,67,105,89,16,89,True,True,True,True,,missing_p85_rep13_seed67.csv,HybAdamUM_completed_p85_rep13_seed67.csv,hyb_adam_um_outputs/logs/HybAdamUM_completed_p85_rep13_seed67.log,hyb_adam_um_outputs/logs/epoch_logs/HybAdamUM_completed_p85_rep13_seed67_epochs.csv,59.61320431501372,3.686009288175451,0.0016810799642806244,0.00810111931467132,0.06298291290982524,58.523957020737264,0.022445654481427994,0.04683618488553278,0.029556740207113626,0.18048056153008352,0.1008682328907048,0.0,0.0,163.56398873194647,3.686009288175451,97.7464420397474,5000,5000,5000,0.0025,two_way_mean,1,0,163.56398873194647,3.686009288175451,0.23144638708888604,0.1265201315404615,0.14038184287730965,0.1542975913925907,"{""epochs"": 5000, ""print_every"": 500, ""lr_init"": 0.02, ""lr_milestones"": [700, 2000, 4000], ""lr_factor"": 0.5, ""lr_min"": 0.0001, ""sched_patience_blocks"": 7, ""weight_decay"": 0.0, ""clip_grad_norm"": 5.0, ""h_central_diff"": 1e-05, ""beta1"": 0.9, ""beta2"": 0.999, ""adam_eps"": 1e-08, ""seed_hyb"": 42, ""init_strategy"": ""two_way_mean"", ""n_restarts"": 1, ""restart_jitter_scale"": 0.03, ""max_distance_factor"": 1.5, ""normalize_objective_by_triplets"": true, ""convergence_rel_tol"": 1e-07, ""convergence_patience_checks"": 5, ""early_stop"": false}"
Hyb-Adam-UM,85,0.85,0.8476190476190476,14,68,105,89,16,89,True,True,True,True,,missing_p85_rep14_seed68.csv,HybAdamUM_completed_p85_rep14_seed68.csv,hyb_adam_um_outputs/logs/HybAdamUM_completed_p85_rep14_seed68.log,hyb_adam_um_outputs/logs/epoch_logs/HybAdamUM_completed_p85_rep14_seed68_epochs.csv,59.22955193099915,2.257300388968675,0.0010679704227811288,0.00496109975597511,0.038570535963055735,58.523957020737264,0.022445654481427994,0.04317307160218612,0.02480182457054829,0.4527172667250713,0.5979570990806946,0.0,0.0,36.18144962937336,2.257300388968675,93.76116653121571,4500,5000,4500,0.0025,two_way_mean,1,0,36.18144962937336,2.257300388968675,0.23108477666362798,0.1377502820504839,0.14152168089347336,0.154056517775752,"{""epochs"": 5000, ""print_every"": 500, ""lr_init"": 0.02, ""lr_milestones"": [700, 2000, 4000], ""lr_factor"": 0.5, ""lr_min"": 0.0001, ""sched_patience_blocks"": 7, ""weight_decay"": 0.0, ""clip_grad_norm"": 5.0, ""h_central_diff"": 1e-05, ""beta1"": 0.9, ""beta2"": 0.999, ""adam_eps"": 1e-08, ""seed_hyb"": 42, ""init_strategy"": ""two_way_mean"", ""n_restarts"": 1, ""restart_jitter_scale"": 0.03, ""max_distance_factor"": 1.5, ""normalize_objective_by_triplets"": true, ""convergence_rel_tol"": 1e-07, ""convergence_patience_checks"": 5, ""early_stop"": false}"
Hyb-Adam-UM,85,0.85,0.8476190476190476,15,69,105,89,16,89,True,True,True,True,,missing_p85_rep15_seed69.csv,HybAdamUM_completed_p85_rep15_seed69.csv,hyb_adam_um_outputs/logs/HybAdamUM_completed_p85_rep15_seed69.log,hyb_adam_um_outputs/logs/epoch_logs/HybAdamUM_completed_p85_rep15_seed69_epochs.csv,59.98013935200288,11.17527854465099,0.00395791237160764,0.024561051746485693,0.1909522033975106,58.523957020737264,0.022445654481427994,0.032027606995240404,0.014535152228075242,0.6185475546987454,0.7695948246510047,0.0,0.0,266.855502060773,11.17527854465099,95.81223603847376,5000,5000,5000,0.0025,two_way_mean,1,0,266.855502060773,11.17527854465099,0.2325998419548963,0.1141358874023861,0.12425684212129096,0.1550665613032642,"{""epochs"": 5000, ""print_every"": 500, ""lr_init"": 0.02, ""lr_milestones"": [700, 2000, 4000], ""lr_factor"": 0.5, ""lr_min"": 0.0001, ""sched_patience_blocks"": 7, ""weight_decay"": 0.0, ""clip_grad_norm"": 5.0, ""h_central_diff"": 1e-05, ""beta1"": 0.9, ""beta2"": 0.999, ""adam_eps"": 1e-08, ""seed_hyb"": 42, ""init_strategy"": ""two_way_mean"", ""n_restarts"": 1, ""restart_jitter_scale"": 0.03, ""max_distance_factor"": 1.5, ""normalize_objective_by_triplets"": true, ""convergence_rel_tol"": 1e-07, ""convergence_patience_checks"": 5, ""early_stop"": false}"
Hyb-Adam-UM,85,0.85,0.8476190476190476,16,70,105,89,16,89,True,True,True,True,,missing_p85_rep16_seed70.csv,HybAdamUM_completed_p85_rep16_seed70.csv,hyb_adam_um_outputs/logs/HybAdamUM_completed_p85_rep16_seed70.log,hyb_adam_um_outputs/logs/epoch_logs/HybAdamUM_completed_p85_rep16_seed70_epochs.csv,59.265891785005806,3.4393036662316985,0.0016009500345781776,0.0075589091565531836,0.05876744911512088,58.523957020737264,0.022445654481427994,0.035743398881467485,0.017820057903499463,0.6184091879327063,0.7457439564181139,0.0,0.0,164.0313984804543,3.4393036662316985,97.9032650467578,4500,5000,4500,0.0025,two_way_mean,1,0,164.0313984804543,3.4393036662316985,0.23006806028196403,0.12811236333798837,0.12303646182986444,0.1533787068546427,"{""epochs"": 5000, ""print_every"": 500, ""lr_init"": 0.02, ""lr_milestones"": [700, 2000, 4000], ""lr_factor"": 0.5, ""lr_min"": 0.0001, ""sched_patience_blocks"": 7, ""weight_decay"": 0.0, ""clip_grad_norm"": 5.0, ""h_central_diff"": 1e-05, ""beta1"": 0.9, ""beta2"": 0.999, ""adam_eps"": 1e-08, ""seed_hyb"": 42, ""init_strategy"": ""two_way_mean"", ""n_restarts"": 1, ""restart_jitter_scale"": 0.03, ""max_distance_factor"": 1.5, ""normalize_objective_by_triplets"": true, ""convergence_rel_tol"": 1e-07, ""convergence_patience_checks"": 5, ""early_stop"": false}"
Hyb-Adam-UM,85,0.85,0.8476190476190476,17,71,105,89,16,89,True,True,True,True,,missing_p85_rep17_seed71.csv,HybAdamUM_completed_p85_rep17_seed71.csv,hyb_adam_um_outputs/logs/HybAdamUM_completed_p85_rep17_seed71.log,hyb_adam_um_outputs/logs/epoch_logs/HybAdamUM_completed_p85_rep17_seed71_epochs.csv,61.38546322498587,3.178304680152599,0.0014891558652235365,0.006985285011324394,0.05430775432745268,58.523957020737264,0.022445654481427994,0.04744990111869755,0.030804531905430144,0.22354280322485648,0.009686755192373171,0.0,0.0,112.51321949046557,3.178304680152599,97.17517222016572,4500,5000,4500,0.0025,two_way_mean,1,0,112.51321949046557,3.178304680152599,0.2325998419548963,0.1270254272602256,0.1455816410318032,0.1550665613032642,"{""epochs"": 5000, ""print_every"": 500, ""lr_init"": 0.02, ""lr_milestones"": [700, 2000, 4000], ""lr_factor"": 0.5, ""lr_min"": 0.0001, ""sched_patience_blocks"": 7, ""weight_decay"": 0.0, ""clip_grad_norm"": 5.0, ""h_central_diff"": 1e-05, ""beta1"": 0.9, ""beta2"": 0.999, ""adam_eps"": 1e-08, ""seed_hyb"": 42, ""init_strategy"": ""two_way_mean"", ""n_restarts"": 1, ""restart_jitter_scale"": 0.03, ""max_distance_factor"": 1.5, ""normalize_objective_by_triplets"": true, ""convergence_rel_tol"": 1e-07, ""convergence_patience_checks"": 5, ""early_stop"": false}"
Hyb-Adam-UM,85,0.85,0.8476190476190476,18,72,105,89,16,89,True,True,True,True,,missing_p85_rep18_seed72.csv,HybAdamUM_completed_p85_rep18_seed72.csv,hyb_adam_um_outputs/logs/HybAdamUM_completed_p85_rep18_seed72.log,hyb_adam_um_outputs/logs/epoch_logs/HybAdamUM_completed_p85_rep18_seed72_epochs.csv,60.86927193499287,3.031559813930695,0.0014124936614993532,0.006662768821825703,0.051800321923831945,58.523957020737264,0.022445654481427994,0.04815000448100029,0.030775711730138967,0.1540790695056883,0.179230507320395,0.0,0.0,45.61773251372031,3.031559813930695,93.35442678344675,5000,5000,5000,0.0025,two_way_mean,1,0,45.61773251372031,3.031559813930695,0.23388963332927265,0.13446812913824185,0.14585620366404767,0.1559264222195151,"{""epochs"": 5000, ""print_every"": 500, ""lr_init"": 0.02, ""lr_milestones"": [700, 2000, 4000], ""lr_factor"": 0.5, ""lr_min"": 0.0001, ""sched_patience_blocks"": 7, ""weight_decay"": 0.0, ""clip_grad_norm"": 5.0, ""h_central_diff"": 1e-05, ""beta1"": 0.9, ""beta2"": 0.999, ""adam_eps"": 1e-08, ""seed_hyb"": 42, ""init_strategy"": ""two_way_mean"", ""n_restarts"": 1, ""restart_jitter_scale"": 0.03, ""max_distance_factor"": 1.5, ""normalize_objective_by_triplets"": true, ""convergence_rel_tol"": 1e-07, ""convergence_patience_checks"": 5, ""early_stop"": false}"
Hyb-Adam-UM,85,0.85,0.8476190476190476,19,73,105,89,16,89,True,True,True,True,,missing_p85_rep19_seed73.csv,HybAdamUM_completed_p85_rep19_seed73.csv,hyb_adam_um_outputs/logs/HybAdamUM_completed_p85_rep19_seed73.log,hyb_adam_um_outputs/logs/epoch_logs/HybAdamUM_completed_p85_rep19_seed73_epochs.csv,61.23387692600954,9.205168535438816,0.00358445393429992,0.020231139638327067,0.1572888950789345,58.523957020737264,0.022445654481427994,0.048191992809034405,0.030584099017183796,0.0671709448489075,0.1532686414708887,0.0,0.0,182.9595614869151,9.205168535438816,94.96874147454865,5000,5000,5000,0.0025,two_way_mean,1,0,182.9595614869151,9.205168535438816,0.2325998419548963,0.12911638554876637,0.15146882435703374,0.1550665613032642,"{""epochs"": 5000, ""print_every"": 500, ""lr_init"": 0.02, ""lr_milestones"": [700, 2000, 4000], ""lr_factor"": 0.5, ""lr_min"": 0.0001, ""sched_patience_blocks"": 7, ""weight_decay"": 0.0, ""clip_grad_norm"": 5.0, ""h_central_diff"": 1e-05, ""beta1"": 0.9, ""beta2"": 0.999, ""adam_eps"": 1e-08, ""seed_hyb"": 42, ""init_strategy"": ""two_way_mean"", ""n_restarts"": 1, ""restart_jitter_scale"": 0.03, ""max_distance_factor"": 1.5, ""normalize_objective_by_triplets"": true, ""convergence_rel_tol"": 1e-07, ""convergence_patience_checks"": 5, ""early_stop"": false}"
Hyb-Adam-UM,85,0.85,0.8476190476190476,20,74,105,89,16,89,True,True,True,True,,missing_p85_rep20_seed74.csv,HybAdamUM_completed_p85_rep20_seed74.csv,hyb_adam_um_outputs/logs/HybAdamUM_completed_p85_rep20_seed74.log,hyb_adam_um_outputs/logs/epoch_logs/HybAdamUM_completed_p85_rep20_seed74_epochs.csv,60.90861446899362,2.1237867054128188,0.0010011949337431951,0.004667663088819382,0.03628918503682655,58.523957020737264,0.022445654481427994,0.0502761517919782,0.03284730419433948,0.16555209781964766,0.02517875383043923,0.0,0.0,78.61346547823136,2.1237867054128188,97.29844411196842,5000,5000,5000,0.0025,two_way_mean,1,0,78.61346547823136,2.1237867054128188,0.23357819329771726,0.12757825336633727,0.1328627255391849,0.1557187955318115,"{""epochs"": 5000, ""print_every"": 500, ""lr_init"": 0.02, ""lr_milestones"": [700, 2000, 4000], ""lr_factor"": 0.5, ""lr_min"": 0.0001, ""sched_patience_blocks"": 7, ""weight_decay"": 0.0, ""clip_grad_norm"": 5.0, ""h_central_diff"": 1e-05, ""beta1"": 0.9, ""beta2"": 0.999, ""adam_eps"": 1e-08, ""seed_hyb"": 42, ""init_strategy"": ""two_way_mean"", ""n_restarts"": 1, ""restart_jitter_scale"": 0.03, ""max_distance_factor"": 1.5, ""normalize_objective_by_triplets"": true, ""convergence_rel_tol"": 1e-07, ""convergence_patience_checks"": 5, ""early_stop"": false}"
Hyb-Adam-UM,85,0.85,0.8476190476190476,21,75,105,89,16,89,True,True,True,True,,missing_p85_rep21_seed75.csv,HybAdamUM_completed_p85_rep21_seed75.csv,hyb_adam_um_outputs/logs/HybAdamUM_completed_p85_rep21_seed75.log,hyb_adam_um_outputs/logs/epoch_logs/HybAdamUM_completed_p85_rep21_seed75_epochs.csv,61.4722362869943,5.0969352492205156,0.0019609768259867136,0.011202055492792342,0.0870914324438875,58.523957020737264,0.022445654481427994,0.04258449767809681,0.024839013495639103,0.14137068998786323,0.25709908069458637,0.0,0.0,157.4614897983745,5.0969352492205156,96.76305917354966,4500,5000,4500,0.0025,two_way_mean,1,0,157.4614897983745,5.0969352492205156,0.2325998419548963,0.118975228696852,0.1228263385092952,0.1550665613032642,"{""epochs"": 5000, ""print_every"": 500, ""lr_init"": 0.02, ""lr_milestones"": [700, 2000, 4000], ""lr_factor"": 0.5, ""lr_min"": 0.0001, ""sched_patience_blocks"": 7, ""weight_decay"": 0.0, ""clip_grad_norm"": 5.0, ""h_central_diff"": 1e-05, ""beta1"": 0.9, ""beta2"": 0.999, ""adam_eps"": 1e-08, ""seed_hyb"": 42, ""init_strategy"": ""two_way_mean"", ""n_restarts"": 1, ""restart_jitter_scale"": 0.03, ""max_distance_factor"": 1.5, ""normalize_objective_by_triplets"": true, ""convergence_rel_tol"": 1e-07, ""convergence_patience_checks"": 5, ""early_stop"": false}"
Hyb-Adam-UM,85,0.85,0.8476190476190476,22,76,105,89,16,89,True,True,True,True,,missing_p85_rep22_seed76.csv,HybAdamUM_completed_p85_rep22_seed76.csv,hyb_adam_um_outputs/logs/HybAdamUM_completed_p85_rep22_seed76.log,hyb_adam_um_outputs/logs/epoch_logs/HybAdamUM_completed_p85_rep22_seed76_epochs.csv,62.1485152389796,8.878299059240124,0.003753340559153556,0.01951274518514313,0.15170366993629986,58.523957020737264,0.022445654481427994,0.033370929952519716,0.015917372199291673,0.5500632417284492,0.6255532856656454,0.0,0.0,275.4598795783462,8.878299059240124,96.77691754137467,4500,5000,4500,0.0025,two_way_mean,1,0,275.4598795783462,8.878299059240124,0.23144638708888604,0.11349528954335428,0.12407858298241631,0.1542975913925907,"{""epochs"": 5000, ""print_every"": 500, ""lr_init"": 0.02, ""lr_milestones"": [700, 2000, 4000], ""lr_factor"": 0.5, ""lr_min"": 0.0001, ""sched_patience_blocks"": 7, ""weight_decay"": 0.0, ""clip_grad_norm"": 5.0, ""h_central_diff"": 1e-05, ""beta1"": 0.9, ""beta2"": 0.999, ""adam_eps"": 1e-08, ""seed_hyb"": 42, ""init_strategy"": ""two_way_mean"", ""n_restarts"": 1, ""restart_jitter_scale"": 0.03, ""max_distance_factor"": 1.5, ""normalize_objective_by_triplets"": true, ""convergence_rel_tol"": 1e-07, ""convergence_patience_checks"": 5, ""early_stop"": false}"
Hyb-Adam-UM,85,0.85,0.8476190476190476,23,77,105,89,16,89,True,True,True,True,,missing_p85_rep23_seed77.csv,HybAdamUM_completed_p85_rep23_seed77.csv,hyb_adam_um_outputs/logs/HybAdamUM_completed_p85_rep23_seed77.log,hyb_adam_um_outputs/logs/epoch_logs/HybAdamUM_completed_p85_rep23_seed77_epochs.csv,61.68556374698528,3.3353025767877873,0.0015531179681282628,0.007330335333599533,0.05699038046258497,58.523957020737264,0.022445654481427994,0.036658445933662444,0.020009006104578425,0.6023009843928001,0.6099761661559416,0.0,0.0,135.06208967349104,3.3353025767877873,97.53054126080028,5000,5000,5000,0.0025,two_way_mean,1,0,135.06208967349104,3.3353025767877873,0.23357819329771726,0.1194057341021347,0.1240943037836255,0.1557187955318115,"{""epochs"": 5000, ""print_every"": 500, ""lr_init"": 0.02, ""lr_milestones"": [700, 2000, 4000], ""lr_factor"": 0.5, ""lr_min"": 0.0001, ""sched_patience_blocks"": 7, ""weight_decay"": 0.0, ""clip_grad_norm"": 5.0, ""h_central_diff"": 1e-05, ""beta1"": 0.9, ""beta2"": 0.999, ""adam_eps"": 1e-08, ""seed_hyb"": 42, ""init_strategy"": ""two_way_mean"", ""n_restarts"": 1, ""restart_jitter_scale"": 0.03, ""max_distance_factor"": 1.5, ""normalize_objective_by_triplets"": true, ""convergence_rel_tol"": 1e-07, ""convergence_patience_checks"": 5, ""early_stop"": false}"
Hyb-Adam-UM,85,0.85,0.8476190476190476,24,78,105,89,16,89,True,True,True,True,,missing_p85_rep24_seed78.csv,HybAdamUM_completed_p85_rep24_seed78.csv,hyb_adam_um_outputs/logs/HybAdamUM_completed_p85_rep24_seed78.log,hyb_adam_um_outputs/logs/epoch_logs/HybAdamUM_completed_p85_rep24_seed78_epochs.csv,61.8166373159911,1.7319172521700916,0.0008189811268729775,0.0038064115432309706,0.029593304013199373,58.523957020737264,0.022445654481427994,0.049193361608603034,0.030766708239376325,0.1175042486690915,0.07737487231869256,0.0,0.0,65.85391620787375,1.7319172521700916,97.37006187042371,5000,5000,5000,0.0025,two_way_mean,1,0,65.85391620787375,1.7319172521700916,0.23388963332927265,0.13202325830518974,0.131327424667683,0.1559264222195151,"{""epochs"": 5000, ""print_every"": 500, ""lr_init"": 0.02, ""lr_milestones"": [700, 2000, 4000], ""lr_factor"": 0.5, ""lr_min"": 0.0001, ""sched_patience_blocks"": 7, ""weight_decay"": 0.0, ""clip_grad_norm"": 5.0, ""h_central_diff"": 1e-05, ""beta1"": 0.9, ""beta2"": 0.999, ""adam_eps"": 1e-08, ""seed_hyb"": 42, ""init_strategy"": ""two_way_mean"", ""n_restarts"": 1, ""restart_jitter_scale"": 0.03, ""max_distance_factor"": 1.5, ""normalize_objective_by_triplets"": true, ""convergence_rel_tol"": 1e-07, ""convergence_patience_checks"": 5, ""early_stop"": false}"
Hyb-Adam-UM,85,0.85,0.8476190476190476,25,79,105,89,16,89,True,True,True,True,,missing_p85_rep25_seed79.csv,HybAdamUM_completed_p85_rep25_seed79.csv,hyb_adam_um_outputs/logs/HybAdamUM_completed_p85_rep25_seed79.log,hyb_adam_um_outputs/logs/epoch_logs/HybAdamUM_completed_p85_rep25_seed79_epochs.csv,62.118120760977035,4.733995291783542,0.002214131493071379,0.010404385256667125,0.0808898702817738,58.523957020737264,0.022445654481427994,0.03219150153733283,0.01576277836755716,0.5804687221523711,0.6000170241743276,0.0,0.0,279.21423313309174,4.733995291783542,98.30452937922868,5000,5000,5000,0.0025,two_way_mean,1,0,279.21423313309174,4.733995291783542,0.232323845360199,0.11838455811781469,0.1244814407506197,0.154882563573466,"{""epochs"": 5000, ""print_every"": 500, ""lr_init"": 0.02, ""lr_milestones"": [700, 2000, 4000], ""lr_factor"": 0.5, ""lr_min"": 0.0001, ""sched_patience_blocks"": 7, ""weight_decay"": 0.0, ""clip_grad_norm"": 5.0, ""h_central_diff"": 1e-05, ""beta1"": 0.9, ""beta2"": 0.999, ""adam_eps"": 1e-08, ""seed_hyb"": 42, ""init_strategy"": ""two_way_mean"", ""n_restarts"": 1, ""restart_jitter_scale"": 0.03, ""max_distance_factor"": 1.5, ""normalize_objective_by_triplets"": true, ""convergence_rel_tol"": 1e-07, ""convergence_patience_checks"": 5, ""early_stop"": false}"
Hyb-Adam-UM,85,0.85,0.8476190476190476,26,80,105,89,16,89,True,True,True,True,,missing_p85_rep26_seed80.csv,HybAdamUM_completed_p85_rep26_seed80.csv,hyb_adam_um_outputs/logs/HybAdamUM_completed_p85_rep26_seed80.log,hyb_adam_um_outputs/logs/epoch_logs/HybAdamUM_completed_p85_rep26_seed80_epochs.csv,61.85759676399175,2.990835359561418,0.0014006859424810169,0.0065732645265086116,0.051104462374300004,58.523957020737264,0.022445654481427994,0.046620912974587654,0.027794811331085946,0.2503253680322019,0.03757235274089207,0.0,0.0,78.09955464710782,2.990835359561418,96.17048346424576,4500,5000,4500,0.0025,two_way_mean,1,0,78.09955464710782,2.990835359561418,0.2325998419548963,0.1294572229637456,0.1337901122404315,0.1550665613032642,"{""epochs"": 5000, ""print_every"": 500, ""lr_init"": 0.02, ""lr_milestones"": [700, 2000, 4000], ""lr_factor"": 0.5, ""lr_min"": 0.0001, ""sched_patience_blocks"": 7, ""weight_decay"": 0.0, ""clip_grad_norm"": 5.0, ""h_central_diff"": 1e-05, ""beta1"": 0.9, ""beta2"": 0.999, ""adam_eps"": 1e-08, ""seed_hyb"": 42, ""init_strategy"": ""two_way_mean"", ""n_restarts"": 1, ""restart_jitter_scale"": 0.03, ""max_distance_factor"": 1.5, ""normalize_objective_by_triplets"": true, ""convergence_rel_tol"": 1e-07, ""convergence_patience_checks"": 5, ""early_stop"": false}"
Hyb-Adam-UM,85,0.85,0.8476190476190476,27,81,105,89,16,89,True,True,True,True,,missing_p85_rep27_seed81.csv,HybAdamUM_completed_p85_rep27_seed81.csv,hyb_adam_um_outputs/logs/HybAdamUM_completed_p85_rep27_seed81.log,hyb_adam_um_outputs/logs/epoch_logs/HybAdamUM_completed_p85_rep27_seed81_epochs.csv,62.36417167901527,18.017544531867316,0.006610727027910467,0.03959899897113696,0.3078661363496493,58.523957020737264,0.022445654481427994,0.030850758361740033,0.018831262999814906,0.507327677424672,0.45878447395301336,0.0,0.0,315.9747850555824,18.017544531867316,94.29779039846554,5000,5000,5000,0.0025,two_way_mean,1,0,315.9747850555824,18.017544531867316,0.22909455274184728,0.10545085439649769,0.1211522332504827,0.1527297018278982,"{""epochs"": 5000, ""print_every"": 500, ""lr_init"": 0.02, ""lr_milestones"": [700, 2000, 4000], ""lr_factor"": 0.5, ""lr_min"": 0.0001, ""sched_patience_blocks"": 7, ""weight_decay"": 0.0, ""clip_grad_norm"": 5.0, ""h_central_diff"": 1e-05, ""beta1"": 0.9, ""beta2"": 0.999, ""adam_eps"": 1e-08, ""seed_hyb"": 42, ""init_strategy"": ""two_way_mean"", ""n_restarts"": 1, ""restart_jitter_scale"": 0.03, ""max_distance_factor"": 1.5, ""normalize_objective_by_triplets"": true, ""convergence_rel_tol"": 1e-07, ""convergence_patience_checks"": 5, ""early_stop"": false}"
Hyb-Adam-UM,85,0.85,0.8476190476190476,28,82,105,89,16,89,True,True,True,True,,missing_p85_rep28_seed82.csv,HybAdamUM_completed_p85_rep28_seed82.csv,hyb_adam_um_outputs/logs/HybAdamUM_completed_p85_rep28_seed82.log,hyb_adam_um_outputs/logs/epoch_logs/HybAdamUM_completed_p85_rep28_seed82_epochs.csv,61.77521672000876,4.0441083229272765,0.001884758100058496,0.008888150160279728,0.06910175813119224,58.523957020737264,0.022445654481427994,0.045362646476811035,0.02686967775737825,0.21254946645880038,0.2155430711610487,0.0,0.0,288.87952598672433,4.0441083229272765,98.600070977992,4500,5000,4500,0.0025,two_way_mean,1,0,288.87952598672433,4.0441083229272765,0.23388963332927265,0.12799179291847812,0.1382381738108214,0.1559264222195151,"{""epochs"": 5000, ""print_every"": 500, ""lr_init"": 0.02, ""lr_milestones"": [700, 2000, 4000], ""lr_factor"": 0.5, ""lr_min"": 0.0001, ""sched_patience_blocks"": 7, ""weight_decay"": 0.0, ""clip_grad_norm"": 5.0, ""h_central_diff"": 1e-05, ""beta1"": 0.9, ""beta2"": 0.999, ""adam_eps"": 1e-08, ""seed_hyb"": 42, ""init_strategy"": ""two_way_mean"", ""n_restarts"": 1, ""restart_jitter_scale"": 0.03, ""max_distance_factor"": 1.5, ""normalize_objective_by_triplets"": true, ""convergence_rel_tol"": 1e-07, ""convergence_patience_checks"": 5, ""early_stop"": false}"
Hyb-Adam-UM,85,0.85,0.8476190476190476,29,83,105,89,16,89,True,True,True,True,,missing_p85_rep29_seed83.csv,HybAdamUM_completed_p85_rep29_seed83.csv,hyb_adam_um_outputs/logs/HybAdamUM_completed_p85_rep29_seed83.log,hyb_adam_um_outputs/logs/epoch_logs/HybAdamUM_completed_p85_rep29_seed83_epochs.csv,62.006860914989375,4.1266629801755945,0.0019149039139223383,0.00906958896741889,0.07051237117670223,58.523957020737264,0.022445654481427994,0.04867094552854289,0.03137712137006777,0.11227428349380958,-0.038117126319373515,0.0,0.0,148.55014412376164,4.1266629801755945,97.22204040627688,5000,5000,5000,0.0025,two_way_mean,1,0,148.55014412376164,4.1266629801755945,0.23108477666362798,0.12506923983062443,0.13998638002197145,0.154056517775752,"{""epochs"": 5000, ""print_every"": 500, ""lr_init"": 0.02, ""lr_milestones"": [700, 2000, 4000], ""lr_factor"": 0.5, ""lr_min"": 0.0001, ""sched_patience_blocks"": 7, ""weight_decay"": 0.0, ""clip_grad_norm"": 5.0, ""h_central_diff"": 1e-05, ""beta1"": 0.9, ""beta2"": 0.999, ""adam_eps"": 1e-08, ""seed_hyb"": 42, ""init_strategy"": ""two_way_mean"", ""n_restarts"": 1, ""restart_jitter_scale"": 0.03, ""max_distance_factor"": 1.5, ""normalize_objective_by_triplets"": true, ""convergence_rel_tol"": 1e-07, ""convergence_patience_checks"": 5, ""early_stop"": false}"
Hyb-Adam-UM,85,0.85,0.8476190476190476,30,84,105,89,16,89,True,True,True,True,,missing_p85_rep30_seed84.csv,HybAdamUM_completed_p85_rep30_seed84.csv,hyb_adam_um_outputs/logs/HybAdamUM_completed_p85_rep30_seed84.log,hyb_adam_um_outputs/logs/epoch_logs/HybAdamUM_completed_p85_rep30_seed84_epochs.csv,61.45466386101907,5.9374210681164605,0.002361224355826578,0.01304927707278343,0.10145283009507725,58.523957020737264,0.022445654481427994,0.0406124363361287,0.02086848378022416,0.2996964360245639,0.5146578140960164,0.0,0.0,162.1353899340897,5.9374210681164605,96.33798575959874,4500,5000,4500,0.0025,two_way_mean,1,0,162.1353899340897,5.9374210681164605,0.23357819329771726,0.11802051432761221,0.1248362053953759,0.1557187955318115,"{""epochs"": 5000, ""print_every"": 500, ""lr_init"": 0.02, ""lr_milestones"": [700, 2000, 4000], ""lr_factor"": 0.5, ""lr_min"": 0.0001, ""sched_patience_blocks"": 7, ""weight_decay"": 0.0, ""clip_grad_norm"": 5.0, ""h_central_diff"": 1e-05, ""beta1"": 0.9, ""beta2"": 0.999, ""adam_eps"": 1e-08, ""seed_hyb"": 42, ""init_strategy"": ""two_way_mean"", ""n_restarts"": 1, ""restart_jitter_scale"": 0.03, ""max_distance_factor"": 1.5, ""normalize_objective_by_triplets"": true, ""convergence_rel_tol"": 1e-07, ""convergence_patience_checks"": 5, ""early_stop"": false}"
