pct_missing,RF,RF_norm,n_splits,pat_MAE,pat_RMSE,pat_Pearson,pat_Spearman
30,10.8000 ± 2.2804,0.450000 ± 0.095015,12.0000 ± 0.0000,0.004121 ± 0.003491,0.009905 ± 0.006403,0.950684 ± 0.045099,0.914758 ± 0.071847
50,13.6000 ± 3.2863,0.566667 ± 0.136931,12.0000 ± 0.0000,0.011165 ± 0.008662,0.021920 ± 0.007754,0.836230 ± 0.080689,0.786508 ± 0.111762
65,16.8000 ± 1.0954,0.700000 ± 0.045644,12.0000 ± 0.0000,0.013006 ± 0.004221,0.023814 ± 0.003996,0.799843 ± 0.071463,0.774671 ± 0.068104
