pct_missing,mat_MAE,mat_RMSE,mat_Pearson,mat_Spearman
30,0.003012 ± 0.002478,0.010265 ± 0.006765,0.946224 ± 0.048916,0.911630 ± 0.077848
50,0.009339 ± 0.006241,0.022496 ± 0.007706,0.829234 ± 0.077179,0.799009 ± 0.117232
65,0.012260 ± 0.004039,0.024802 ± 0.004209,0.781208 ± 0.075401,0.761880 ± 0.072216
