pct_missing,mat_MAE,mat_RMSE,mat_Pearson,mat_Spearman
30,0.001465 ± 0.001024,0.005861 ± 0.005349,0.977425 ± 0.029522,0.968649 ± 0.032211
50,0.002949 ± 0.001121,0.009331 ± 0.004968,0.957734 ± 0.033893,0.938124 ± 0.040131
65,0.006330 ± 0.003784,0.013988 ± 0.008425,0.902139 ± 0.105141,0.890527 ± 0.081784
85,0.027085 ± 0.003086,0.041905 ± 0.003687,0.322123 ± 0.059477,0.274738 ± 0.113710
90,0.037279 ± 0.005020,0.052066 ± 0.004050,0.138279 ± 0.112909,0.203475 ± 0.160462
