pct_missing,RF,RF_norm,n_splits,pat_MAE,pat_RMSE,pat_Pearson,pat_Spearman
30,10.4000 ± 5.8992,0.433333 ± 0.245798,12.0000 ± 0.0000,0.001976 ± 0.001141,0.005870 ± 0.005349,0.977606 ± 0.029089,0.967485 ± 0.035101
50,9.2000 ± 3.0332,0.383333 ± 0.126381,12.0000 ± 0.0000,0.003519 ± 0.001047,0.009352 ± 0.004880,0.958415 ± 0.033111,0.938159 ± 0.038238
65,10.0000 ± 2.8284,0.416667 ± 0.117851,12.0000 ± 0.0000,0.007013 ± 0.003824,0.013865 ± 0.008314,0.906085 ± 0.102426,0.884215 ± 0.084956
85,20.8000 ± 2.2804,0.866667 ± 0.095015,12.0000 ± 0.0000,0.027595 ± 0.003108,0.042004 ± 0.003684,0.321324 ± 0.060891,0.271632 ± 0.115135
90,23.2000 ± 1.0954,0.966667 ± 0.045644,12.0000 ± 0.0000,0.037550 ± 0.005034,0.052219 ± 0.004056,0.136619 ± 0.111544,0.202675 ± 0.154765
