pct_missing,RF,RF_mean,RF_std,RF_norm,RF_norm_mean,RF_norm_std,pat_MAE,pat_MAE_mean,pat_MAE_std,pat_RMSE,pat_RMSE_mean,pat_RMSE_std,pat_Pearson,pat_Pearson_mean,pat_Pearson_std,pat_Spearman,pat_Spearman_mean,pat_Spearman_std
30,8.800000 ± 5.403702,8.8,5.403702434442518,0.366667 ± 0.225154,0.3666666666666667,0.2251542681017716,0.002977 ± 0.001169,0.0029770014221912723,0.001169417419879439,0.007451 ± 0.004714,0.007450588558007902,0.00471370302478794,0.971838 ± 0.027608,0.9718378661301117,0.027607945467076074,0.954118 ± 0.039790,0.9541177690234294,0.0397900985083268
50,11.200000 ± 1.788854,11.2,1.7888543819998317,0.466667 ± 0.074536,0.4666666666666667,0.07453559924999299,0.004414 ± 0.001189,0.004414345156380911,0.0011890217697989544,0.010704 ± 0.004567,0.010703878450025375,0.0045670498191175395,0.950744 ± 0.035310,0.95074355147364,0.03530979670937755,0.922123 ± 0.041882,0.922123159859009,0.04188176804528017
65,12.800000 ± 1.095445,12.8,1.0954451150103324,0.533333 ± 0.045644,0.5333333333333334,0.04564354645876387,0.007083 ± 0.002294,0.0070833558613658965,0.002294068854238876,0.014090 ± 0.005405,0.014089962977617767,0.0054050634254670365,0.920758 ± 0.069039,0.9207578528427189,0.06903901116115915,0.898227 ± 0.043084,0.8982272444536594,0.043083923894869765
85,21.200000 ± 2.280351,21.2,2.280350850198276,0.883333 ± 0.095015,0.8833333333333332,0.09501461875826149,0.022622 ± 0.003132,0.022622281694697034,0.003132326948166934,0.038409 ± 0.004301,0.03840936994658638,0.0043008516940764695,0.397489 ± 0.136961,0.3974892682824104,0.13696111004556705,0.366944 ± 0.165284,0.36694381090607503,0.16528390679505808
90,22.000000 ± 1.414214,22.0,1.4142135623730951,0.916667 ± 0.058926,0.9166666666666666,0.058925565098878946,0.043134 ± 0.009742,0.04313382466156158,0.009742424638622408,0.051968 ± 0.008900,0.05196760779017227,0.008900088916457815,0.206648 ± 0.137223,0.20664832649888823,0.13722253473107127,0.238808 ± 0.157016,0.2388077959776073,0.15701571441460177
