pct_missing,mat_MAE,mat_MAE_mean,mat_MAE_std,mat_RMSE,mat_RMSE_mean,mat_RMSE_std,mat_Pearson,mat_Pearson_mean,mat_Pearson_std,mat_Spearman,mat_Spearman_mean,mat_Spearman_std
30,0.002088 ± 0.000967,0.0020882153641459044,0.0009667065822237148,0.007498 ± 0.004572,0.007497989880519762,0.004571560594134663,0.971466 ± 0.028777,0.971465999584726,0.028777140265857336,0.959634 ± 0.037952,0.959633886994992,0.03795166043202855
50,0.003809 ± 0.001151,0.00380893587615163,0.00115061072997679,0.010981 ± 0.004344,0.010981102748833507,0.004343673796443605,0.947744 ± 0.034633,0.9477440076652048,0.034633047409942164,0.916034 ± 0.043713,0.916034102949878,0.0437134710929827
65,0.006382 ± 0.002203,0.006381618672116976,0.002202706814304698,0.019100 ± 0.010976,0.019099928417462456,0.01097585763533656,0.868406 ± 0.106926,0.8684062698235167,0.10692629916565818,0.896837 ± 0.051882,0.896837335114707,0.05188217378426921
85,0.022078 ± 0.003189,0.022077723561661582,0.0031890317643492295,0.038451 ± 0.004286,0.03845069918365321,0.00428642522561097,0.388472 ± 0.136882,0.388471987897424,0.1368815614483919,0.371993 ± 0.174981,0.3719932304722421,0.17498052496772845
90,0.042705 ± 0.009820,0.04270541918901891,0.009819928752415148,0.052576 ± 0.008726,0.052576049805669614,0.008726055372602166,0.198797 ± 0.081455,0.19879722607690695,0.0814546632060648,0.273950 ± 0.143750,0.2739495396587933,0.1437497236570212
