% Missing,Hyb-Adam-UM Δ_total,Δ_normalized,Δ̄ (per triangle),Δ_relative (to original)
Original,105.4741,0.037533,0.231811,1.0000
30%,79.7109 ± 11.3257,0.029792 ± 0.002963,0.175189 ± 0.024892,0.7557 ± 0.1074
50%,54.5795 ± 7.1320,0.021628 ± 0.002627,0.119955 ± 0.015675,0.5175 ± 0.0676
65%,46.5589 ± 26.4776,0.017669 ± 0.007561,0.102327 ± 0.058192,0.4414 ± 0.2510
85%,10.3928 ± 3.1870,0.004444 ± 0.001173,0.022841 ± 0.007004,0.0985 ± 0.0302
90%,341.7649 ± 159.1810,0.069814 ± 0.033886,0.751132 ± 0.349848,3.2403 ± 1.5092
