,mean,mean,mean,mean,mean,std,std,std,std,std
,RMSE_mean,Δ_total_mean,Δ_normalized_mean,Δ_per_triangle_mean,Δ_relative_mean,RMSE_std,Δ_total_std,Δ_normalized_std,Δ_per_triangle_std,Δ_relative_std
0,0.007497945232960382,79.71093790735029,0.02979197311156468,0.175188874521649,0.7557394060693574,0.004571579729431121,11.32568899525896,0.0029630772153299498,0.024891624165404313,0.10737885789967597
1,0.010981049230057525,54.57952416415842,0.021627816321505726,0.11995499816298553,0.5174684711816153,0.004343681297662683,7.131957961146583,0.0026274206850898023,0.01567463288164084,0.06761809376692242
2,0.01918170150210774,46.55886884318115,0.017669084039169815,0.10232718427072782,0.4414246377041091,0.011137214860610721,26.477557991673486,0.0075611083278158565,0.05819243514653513,0.25103372857125944
3,0.03845068632497312,10.392752590218333,0.004444199052966148,0.022841214483996335,0.09853368779936446,0.004286429909830354,3.1869690479722057,0.001172921874361422,0.007004327577960891,0.03021565369454581
4,0.052576058202650565,341.7648955937683,0.06981395048292414,0.7511316386676227,3.240272991287604,0.008726050550674179,159.18103437863965,0.0338862108402887,0.34984842720580145,1.5091953944720309
