method,pct_missing,replicate,mask_seed,file,path,success,error_message,n_taxa,n_pairs,n_edges,n_terminal_edges,n_internal_edges,nnls_rnorm,branch_fit_solver,tree_length_ref,tree_length_hat,tree_length_abs_error,tree_length_rel_error,missingness_actual,n_pairs_total,n_missing,n_observed,optimized_variables,masked_file,runtime_seconds,RMSE_miss,MAE_miss,Pearson_miss,Spearman_miss,Delta_total_completed,Delta_normalized_completed,Delta_per_triangle_completed,Delta_relative_to_original,max_abs_error_observed,mean_abs_error_observed,__metadata_scope,__metadata_source,edge_BL_MAE,edge_BL_RMSE,edge_BL_Bias,edge_BL_MaxAE,edge_BL_Pearson,edge_BL_Spearman,edge_BL_rel_RMSE,edge_BL_rel_MAE,terminal_BL_MAE,terminal_BL_RMSE,terminal_BL_Bias,terminal_BL_MaxAE,terminal_BL_Pearson,terminal_BL_Spearman,terminal_BL_rel_RMSE,terminal_BL_rel_MAE,internal_BL_MAE,internal_BL_RMSE,internal_BL_Bias,internal_BL_MaxAE,internal_BL_Pearson,internal_BL_Spearman,internal_BL_rel_RMSE,internal_BL_rel_MAE,fit_pat_MAE,fit_pat_RMSE,fit_pat_Bias,fit_pat_MaxAE,fit_pat_Pearson,fit_pat_Spearman,fit_pat_rel_RMSE,fit_pat_rel_MAE,input_vs_ML_pat_MAE,input_vs_ML_pat_RMSE,input_vs_ML_pat_Bias,input_vs_ML_pat_MaxAE,input_vs_ML_pat_Pearson,input_vs_ML_pat_Spearman,input_vs_ML_pat_rel_RMSE,input_vs_ML_pat_rel_MAE
LRMC-SoftImpute,30,1,55,LRMC_SoftImpute_completed_p30_rep01_seed55.csv,lrmc_softimpute_outputs/completed_matrices/LRMC_SoftImpute_completed_p30_rep01_seed55.csv,True,,15,105,27,15,12,0.44113191676932073,scipy.optimize.nnls,3.17394,1.1389831469691158,2.0349568530308844,0.6411453439670833,0.3047619047619048,105,32,73,32,missing_p30_rep01_seed55.csv,0.0487230430001091,0.1027833555775469,0.0865709647540538,0.5533302041281422,0.4369501466275659,817.755956050042,0.1208594508399779,1.7972658374726196,17.49382406792112,0.0,0.0,method_specific,lrmc_softimpute_outputs/tables/lrmc_softimpute_all_masks_detailed.csv,0.07564263156187467,0.0996708000337992,-0.07536877233447718,0.27084177979644125,0.7472044136562008,0.7205755896219374,0.6818295616513832,0.6434750033619464,0.0878668175490779,0.11557623577993818,-0.0873738709397624,0.27084177979644125,0.6773043638953867,0.6178571428571428,0.6656751401066622,0.596211153940808,0.06036239907787066,0.07519821146327045,-0.06036239907787066,0.16360962462242393,0.7677049326772678,0.5801630249353875,0.7374056029967531,0.7519373710793492,0.4310308375699498,0.47953936388849494,-0.4310308375699498,0.7940309783416708,0.8460349439593344,0.703421107194692,0.7025600770522609,0.6806763404603803,0.43103083756994975,0.4818489924769708,-0.43103083756994975,0.9098344019808045,0.656534051626655,0.641644204851752,0.7059438510680662,0.6806763404603802
LRMC-SoftImpute,30,2,56,LRMC_SoftImpute_completed_p30_rep02_seed56.csv,lrmc_softimpute_outputs/completed_matrices/LRMC_SoftImpute_completed_p30_rep02_seed56.csv,True,,15,105,27,15,12,0.4742124572472903,scipy.optimize.nnls,3.17394,1.2209822022286043,1.9529577977713957,0.6153102446080883,0.3047619047619048,105,32,73,32,missing_p30_rep02_seed56.csv,0.0715647389999958,0.1066848428006969,0.094624865027751,0.4294702080378499,0.376099706744868,712.1610980852499,0.1316104425591606,1.5651892265609888,15.234888680111911,0.0,0.0,method_specific,lrmc_softimpute_outputs/tables/lrmc_softimpute_all_masks_detailed.csv,0.07644299966847672,0.09804883608949787,-0.07233177028782947,0.22866689358314235,0.7100386453775683,0.592305611204851,0.6707340054324876,0.6502835564153296,0.08255919340001856,0.10268096300624963,-0.07606294605413076,0.22866689358314235,0.9010844424164198,0.8571428571428571,0.5914032757185266,0.5601968221729907,0.06879775750404939,0.09193104414055808,-0.06766780057995282,0.1999065320985365,0.15945600890721756,0.07091428421782556,0.9014904173844706,0.8570170454460065,0.43202550861731026,0.481671105905707,-0.43109747328218345,0.7596433178239511,0.8812766173912745,0.8177897574123988,0.7056832342915825,0.6822471075365744,0.4324595464277244,0.4844688159645751,-0.4310974732821834,0.9077915341610217,0.6081941835776298,0.642877876840141,0.7097820831923065,0.6829325324358222
LRMC-SoftImpute,30,3,57,LRMC_SoftImpute_completed_p30_rep03_seed57.csv,lrmc_softimpute_outputs/completed_matrices/LRMC_SoftImpute_completed_p30_rep03_seed57.csv,True,,15,105,27,15,12,0.48379144084196113,scipy.optimize.nnls,3.17394,1.0362326843246876,2.1377073156753124,0.6735185024528858,0.3047619047619048,105,32,73,32,missing_p30_rep03_seed57.csv,0.0354855819998647,0.1164595630513572,0.1028309834643979,0.396701065716823,0.4043255131964809,802.6240029023627,0.1407912913015734,1.7640087975876102,17.170114134399917,0.0,0.0,method_specific,lrmc_softimpute_outputs/tables/lrmc_softimpute_all_masks_detailed.csv,0.0799130757365299,0.1039460200328475,-0.07917434502501157,0.24568721941767546,0.7069833124189386,0.6227460653627012,0.7110755532249017,0.6798027199273797,0.09759175541031105,0.1220489600840288,-0.09721846801072394,0.24568721941767546,0.6689772295419231,0.4642857142857142,0.7029555691578497,0.6621987085829224,0.05781472614430345,0.07543744500918949,-0.0566191912928711,0.17211491114324728,0.6375676879156823,0.5659258954891203,0.7397515651380421,0.7202008841719086,0.4348324687613458,0.48328321457324974,-0.4348324687613458,0.7563840296358937,0.8164609093498627,0.7723304996889901,0.7080450908459671,0.6866798097753095,0.4351348093568916,0.48593254503031685,-0.43483246876134574,0.8543674567630537,0.6190487654087625,0.6623470868753887,0.7119265528284849,0.68715726074218
LRMC-SoftImpute,30,4,58,LRMC_SoftImpute_completed_p30_rep04_seed58.csv,lrmc_softimpute_outputs/completed_matrices/LRMC_SoftImpute_completed_p30_rep04_seed58.csv,True,,15,105,27,15,12,0.5251775904428028,scipy.optimize.nnls,3.17394,1.1580700317400792,2.0158699682599206,0.6351317190179778,0.3047619047619048,105,32,73,32,missing_p30_rep04_seed58.csv,0.0410456600000088,0.1177671111263504,0.0985031717491945,0.3195997009861446,0.3372434017595307,1298.832433416516,0.1489051663235674,2.8545767767395955,27.785240713683013,0.0,0.0,method_specific,lrmc_softimpute_outputs/tables/lrmc_softimpute_all_masks_detailed.csv,0.07483251005583488,0.09741546344283708,-0.07466185067629336,0.2449359405056107,0.7506404262826374,0.5545711156445459,0.6664012199638423,0.6365834803139133,0.08650589316980514,0.1107951531928123,-0.08650589316980514,0.2449359405056107,0.7230587152486807,0.5071428571428571,0.6381379236575434,0.586976743076443,0.060240781163372066,0.07750826214822332,-0.05985679755940362,0.16742956631881864,0.6449665889958331,0.16728627099363932,0.7600583268467446,0.7504223707430264,0.4338444056590265,0.4837906138582124,-0.4338444056590265,0.7758175590271841,0.8509098343830328,0.8205992121086461,0.7087884677355076,0.6851194778500526,0.4338444056590265,0.4871142948731744,-0.4338444056590265,0.9237182430931951,0.5756250986147781,0.6230769230769231,0.7136579023759385,0.6851194778500526
LRMC-SoftImpute,30,5,59,LRMC_SoftImpute_completed_p30_rep05_seed59.csv,lrmc_softimpute_outputs/completed_matrices/LRMC_SoftImpute_completed_p30_rep05_seed59.csv,True,,15,105,27,15,12,0.4120930301714686,scipy.optimize.nnls,3.17394,1.1214091251248473,2.0525308748751527,0.6466823175218034,0.3047619047619048,105,32,73,32,missing_p30_rep05_seed59.csv,0.0543499020000126,0.0957211830458719,0.0785031352010544,0.4619601365089203,0.3966275659824046,646.4647647065544,0.1222870558530849,1.420801680673746,13.82948149288005,0.0,0.0,method_specific,lrmc_softimpute_outputs/tables/lrmc_softimpute_all_masks_detailed.csv,0.07711554740429342,0.10784832603696222,-0.07601966203241306,0.29546313559717224,0.494012537265143,0.4692413426674526,0.7377705089322184,0.6560047700699833,0.09003353228917654,0.1207633772901103,-0.09003353228917654,0.29546313559717224,0.523199898541419,0.6428571428571428,0.6955511014427924,0.6109131715111294,0.06096806629818955,0.08911002523314433,-0.05850232421145871,0.2098020904507168,-0.07070199121840207,-0.09457107322567676,0.8738270580038723,0.7594821974009142,0.42847810278227705,0.47635880938388775,-0.42847810278227705,0.778515947463002,0.8793353675449169,0.823698942566867,0.6979003331686591,0.67664510644651,0.428478102782277,0.47842082131409247,-0.428478102782277,0.934426731495657,0.6990981608785657,0.7271200497615592,0.7009213307543842,0.6766451064465099
LRMC-SoftImpute,30,6,60,LRMC_SoftImpute_completed_p30_rep06_seed60.csv,lrmc_softimpute_outputs/completed_matrices/LRMC_SoftImpute_completed_p30_rep06_seed60.csv,True,,15,105,27,15,12,0.5330966757915581,scipy.optimize.nnls,3.17394,1.2953883476395942,1.8785516523604058,0.5918674115958101,0.3047619047619048,105,32,73,32,missing_p30_rep06_seed60.csv,0.017356872999926,0.1255582963159299,0.1093976850770228,0.098451664049332,0.0520527859237536,753.5454658539486,0.1434208489147746,1.6561438809976892,16.120202744230397,0.0,0.0,method_specific,lrmc_softimpute_outputs/tables/lrmc_softimpute_all_masks_detailed.csv,0.07077382037059647,0.09411896578133576,-0.06957598712445948,0.2575917650039584,0.7228025002754059,0.6809584889730531,0.6438504874046167,0.6020571119826161,0.07174611473519449,0.09710357751356052,-0.0695900148921479,0.2575917650039584,0.8102768931813126,0.9107142857142855,0.5592796575350804,0.4868258012548085,0.06955845241484895,0.090249506436426,-0.06955845241484895,0.18561,0.48606857284052396,0.17402730811488895,0.885000991631533,0.8664930593248149,0.4362502518717662,0.48840973039539204,-0.4362502518717662,0.7952776907117994,0.7518186471904726,0.6867820858386896,0.715555809719614,0.6889187480021154,0.4362502518717662,0.4918121402386691,-0.4362502518717662,0.8912765437275796,0.5041455872424464,0.5463300850093302,0.7205405878247372,0.6889187480021154
LRMC-SoftImpute,30,7,61,LRMC_SoftImpute_completed_p30_rep07_seed61.csv,lrmc_softimpute_outputs/completed_matrices/LRMC_SoftImpute_completed_p30_rep07_seed61.csv,True,,15,105,27,15,12,0.453284520467244,scipy.optimize.nnls,3.17394,1.2448236735108154,1.9291163264891846,0.6077986119741345,0.3047619047619048,105,32,73,32,missing_p30_rep07_seed61.csv,0.0444745730001159,0.0968023652324937,0.078145287211114,0.3787375402614472,0.2862903225806451,673.1032763760234,0.1164543213748727,1.4793478601670844,14.399345195038686,0.0,0.0,method_specific,lrmc_softimpute_outputs/tables/lrmc_softimpute_all_masks_detailed.csv,0.07239979610926968,0.09634364960593847,-0.07144875283293274,0.2297580855937512,0.7380436322120171,0.7104869199327036,0.659069139170504,0.6158889251057933,0.07657147396831857,0.10154169717415361,-0.07631506676823546,0.2297580855937512,0.8873479003279092,0.9178571428571428,0.584841538028408,0.5195677745822587,0.06718519878545857,0.08942218411765764,-0.06536586041380436,0.20011488647233255,0.241898694801147,0.3381318243488455,0.876888137595875,0.8369293222591926,0.42675956783531394,0.47648297998774763,-0.42675956783531394,0.744830574592843,0.9016024178522688,0.8460916442048517,0.6980822521425427,0.6739312261931921,0.4267731482100533,0.4786281667139237,-0.4267595678353139,0.917703318061766,0.6643742833533467,0.7052456976985279,0.7012251068592291,0.6739526720828454
LRMC-SoftImpute,30,8,62,LRMC_SoftImpute_completed_p30_rep08_seed62.csv,lrmc_softimpute_outputs/completed_matrices/LRMC_SoftImpute_completed_p30_rep08_seed62.csv,True,,15,105,27,15,12,0.49843629753504165,scipy.optimize.nnls,3.17394,1.1573545756774029,2.016585424322597,0.6353571347670709,0.3047619047619048,105,32,73,32,missing_p30_rep08_seed62.csv,0.0426271640001232,0.1116979606171426,0.0988907994321762,0.2715281422355312,0.1411290322580645,6219.552343744484,0.1375403727273323,13.669345810427435,133.05161971334428,0.0,0.0,method_specific,lrmc_softimpute_outputs/tables/lrmc_softimpute_all_masks_detailed.csv,0.07784901625203917,0.10137962404229868,-0.07468834904898507,0.21966157092550093,0.661878785004046,0.4954968764796848,0.6935193115506462,0.6622442260424135,0.08417508090308531,0.10619981776354091,-0.08417508090308531,0.21707518624160352,0.8674631664996695,0.8821428571428571,0.6116705401588992,0.5711612588023685,0.06994143543823152,0.0950111139203908,-0.06282993423135975,0.21966157092550093,-0.32528987664178005,-0.2381789992350377,0.9316940707569844,0.871263897664073,0.4336313003092244,0.48406845412110505,-0.4336313003092244,0.7630246490405371,0.871186562205598,0.8488907319095998,0.7091955239465415,0.6847829456184991,0.4336313003092244,0.48734803778803326,-0.4336313003092244,0.8379654228559231,0.5807274571717076,0.5789653742483931,0.7140003527619548,0.6847829456184991
LRMC-SoftImpute,30,9,63,LRMC_SoftImpute_completed_p30_rep09_seed63.csv,lrmc_softimpute_outputs/completed_matrices/LRMC_SoftImpute_completed_p30_rep09_seed63.csv,True,,15,105,27,15,12,0.4190023874440211,scipy.optimize.nnls,3.17394,1.198202884175819,1.975737115824181,0.622487229066769,0.3047619047619048,105,32,73,32,missing_p30_rep09_seed63.csv,0.0654677910001737,0.0998893029074643,0.0836053175795874,0.3204537368176977,0.2914222873900293,541.9806892210482,0.1156742274189821,1.1911663499363698,11.594308491790978,0.0,0.0,method_specific,lrmc_softimpute_outputs/tables/lrmc_softimpute_all_masks_detailed.csv,0.07869229951082257,0.10301605980993706,-0.07317544873422892,0.23351126651972423,0.581432280231357,0.5168425941486122,0.7047138668440837,0.6694178487281454,0.08526939368779043,0.10877137900902037,-0.08062995785044255,0.23351126651972423,0.8119481072873148,0.8749999999999999,0.6264817544264826,0.5785866044145137,0.07047093178961275,0.09533455925222102,-0.06385731233896189,0.22637,-0.21007017361595454,-0.16677617027676858,0.9348658270436515,0.8778598597288028,0.42890688347734746,0.4799852191341094,-0.4282441069291549,0.7977155216546097,0.8398296121780113,0.8124300228073813,0.703213287443944,0.6773222294013919,0.4293159912763342,0.48250261366991215,-0.4282441069291549,0.8542057217220538,0.6099747729768917,0.6400165871863985,0.7069014536972898,0.6779682852637474
LRMC-SoftImpute,30,10,64,LRMC_SoftImpute_completed_p30_rep10_seed64.csv,lrmc_softimpute_outputs/completed_matrices/LRMC_SoftImpute_completed_p30_rep10_seed64.csv,True,,15,105,27,15,12,0.4632573786378382,scipy.optimize.nnls,3.17394,1.2147997579156806,1.9591402420843194,0.6172581214781374,0.3047619047619048,105,32,73,32,missing_p30_rep10_seed64.csv,0.0492827540001599,0.1004148947884377,0.0856814200020464,0.5387378246997423,0.4666422287390029,669.3185170210713,0.1216995574498458,1.4710297077386183,14.318379824129302,0.0,0.0,method_specific,lrmc_softimpute_outputs/tables/lrmc_softimpute_all_masks_detailed.csv,0.07314440428979532,0.09802706074499964,-0.07256074970682665,0.25472251821795533,0.7382566751241443,0.772144310226811,0.6705850443166042,0.622223140898843,0.07988523529787536,0.10894607251614034,-0.07883465704853174,0.25472251821795533,0.765096310544239,0.8321428571428571,0.6274879225547579,0.542052957513528,0.06471836552969527,0.08236732993316301,-0.06471836552969527,0.18593831313132073,0.7348902566129006,0.5633942521631989,0.8077071171601374,0.8061998591900252,0.4292420159927823,0.47805974824377384,-0.4291783619014678,0.7369788586911271,0.9136832632470958,0.9283329877669501,0.7003923324213849,0.6778514647931367,0.4302105549410434,0.48052227580325724,-0.4291783619014678,0.8177714318385217,0.6646287200232441,0.6957391664938835,0.7040001145602799,0.6793809645166657
LRMC-SoftImpute,30,11,65,LRMC_SoftImpute_completed_p30_rep11_seed65.csv,lrmc_softimpute_outputs/completed_matrices/LRMC_SoftImpute_completed_p30_rep11_seed65.csv,True,,15,105,27,15,12,0.45104406769366595,scipy.optimize.nnls,3.17394,1.23323401642797,1.94070598357203,0.6114501167545795,0.3047619047619048,105,32,73,32,missing_p30_rep11_seed65.csv,0.0448440390000541,0.102208406356674,0.0877312236932385,0.1704156109102199,0.1070381231671554,595.5719598017457,0.1176225913179287,1.308949362201639,12.740758422456732,0.0,0.0,method_specific,lrmc_softimpute_outputs/tables/lrmc_softimpute_all_masks_detailed.csv,0.07187799939155666,0.09820839667507555,-0.07187799939155666,0.24250806153454568,0.6919227665855637,0.6255346310698215,0.6718255299721159,0.6114501167545795,0.075290048578958,0.1019683558580353,-0.075290048578958,0.24250806153454568,0.8749973487257641,0.8714285714285712,0.5872989296994038,0.510872795847505,0.067612937907305,0.0932955982555532,-0.067612937907305,0.2130786072157428,-0.04136045539831542,0.1126788504326398,0.9148714517257082,0.8422576895160021,0.4303179297860895,0.48342865878790736,-0.4303179297860895,0.7939351937599761,0.8563235137539972,0.7940804478540328,0.7082581772083214,0.6795505289891187,0.4303179297860895,0.48622328286778077,-0.4303179297860895,0.9027407015844118,0.5619968390154946,0.5503835786854655,0.7123525049251687,0.6795505289891187
LRMC-SoftImpute,30,12,66,LRMC_SoftImpute_completed_p30_rep12_seed66.csv,lrmc_softimpute_outputs/completed_matrices/LRMC_SoftImpute_completed_p30_rep12_seed66.csv,True,,15,105,27,15,12,0.4734735197496337,scipy.optimize.nnls,3.17394,1.2423451332202093,1.9315948667797906,0.6085795152963794,0.3047619047619048,105,32,73,32,missing_p30_rep12_seed66.csv,0.0363261790000706,0.1015913157766177,0.0875305178022298,0.5045238954120266,0.3680351906158357,678.5896934065922,0.1302274469606289,1.491405919574928,14.51671323569426,0.0,0.0,method_specific,lrmc_softimpute_outputs/tables/lrmc_softimpute_all_masks_detailed.csv,0.0722801857426883,0.09458217289879498,-0.07154055062147373,0.2155685402984122,0.7628356132747075,0.7259960395987003,0.6470192018700761,0.6148714263825353,0.07492670957239207,0.09659374414130545,-0.07492670957239207,0.2155685402984122,0.9329664715254,0.9714285714285713,0.5563432113079065,0.5084073967990488,0.06897203095555855,0.09200588274145576,-0.06730785193282578,0.20427783733411803,0.1295886507108646,0.5043790572036093,0.9022242965891554,0.8591879783939776,0.4300360277183855,0.4793708204040928,-0.4300360277183855,0.7404827401690152,0.8983510240667165,0.896620360771304,0.7023131485781768,0.6791053541870216,0.4300360277183855,0.48172035305061445,-0.4300360277183855,0.8848619256392489,0.6500789263769857,0.6615073605639643,0.705755384943909,0.6791053541870216
LRMC-SoftImpute,30,13,67,LRMC_SoftImpute_completed_p30_rep13_seed67.csv,lrmc_softimpute_outputs/completed_matrices/LRMC_SoftImpute_completed_p30_rep13_seed67.csv,True,,15,105,27,15,12,0.45636242875463845,scipy.optimize.nnls,3.17394,1.202407183192853,1.971532816807147,0.6211625981610072,0.3047619047619048,105,32,73,32,missing_p30_rep13_seed67.csv,0.0465381840001555,0.1040540003545375,0.0876410736988229,0.5580031338834353,0.4076246334310849,2541.477785086613,0.1365291717710071,5.585665461728821,54.36850067052811,0.0,0.0,method_specific,lrmc_softimpute_outputs/tables/lrmc_softimpute_all_masks_detailed.csv,0.0737804068732882,0.09632348160469648,-0.07301973395582026,0.23015243984101896,0.7588436047083621,0.7079028896158718,0.6589311735934088,0.6276334730898446,0.07958124272685135,0.10142850310280621,-0.07864825514140888,0.23015243984101896,0.8822840725247411,0.8464285714285712,0.5841895832489938,0.5399902475324999,0.06652936205633427,0.08953380893225873,-0.06598408247383448,0.190784473125227,0.2720222130749461,0.47132395947782424,0.8779827482537432,0.8287595319014763,0.430847453422787,0.4800724109012211,-0.430847453422787,0.7763677826384638,0.8453444899292845,0.7594132282811528,0.7033410297300488,0.6803867434308662,0.4313183312785667,0.48248091947672245,-0.430847453422787,0.9229394668202082,0.6383009244412489,0.6414161310387725,0.706869670124998,0.6811303454837564
LRMC-SoftImpute,30,14,68,LRMC_SoftImpute_completed_p30_rep14_seed68.csv,lrmc_softimpute_outputs/completed_matrices/LRMC_SoftImpute_completed_p30_rep14_seed68.csv,True,,15,105,27,15,12,0.4600594708781432,scipy.optimize.nnls,3.17394,1.2257120329038578,1.9482279670961422,0.6138200366409391,0.3047619047619048,105,32,73,32,missing_p30_rep14_seed68.csv,0.0398875179998867,0.0995154452576343,0.0830157002112532,0.4781300311616706,0.4263196480938416,680.9096393267649,0.1260607735237105,1.496504701817066,14.566342621422768,0.0,0.0,method_specific,lrmc_softimpute_outputs/tables/lrmc_softimpute_all_masks_detailed.csv,0.0721565913739312,0.09659439711189624,-0.0721565913739312,0.2326228575276894,0.7351744298063393,0.682839370430463,0.6607844566156774,0.6138200366409392,0.0765169399195328,0.10048422402144305,-0.0765169399195328,0.2326228575276894,0.9060391238526367,0.9214285714285713,0.578750895048566,0.5191977394647643,0.0667061556919292,0.09149986556648404,-0.0667061556919292,0.20147604546758932,0.14947714825095743,0.257530821633156,0.8972622118164478,0.8309618589064272,0.42920022347705195,0.47906227168738574,-0.42920022347705195,0.7680885500407748,0.8759745202364578,0.8136947957702675,0.7018611022468261,0.6777854667851373,0.42920022347705195,0.48165030439981765,-0.42920022347705195,0.8753706188592033,0.634435001817941,0.6450756790379432,0.7056527585711705,0.6777854667851373
LRMC-SoftImpute,30,15,69,LRMC_SoftImpute_completed_p30_rep15_seed69.csv,lrmc_softimpute_outputs/completed_matrices/LRMC_SoftImpute_completed_p30_rep15_seed69.csv,True,,15,105,27,15,12,0.45432847197093273,scipy.optimize.nnls,3.17394,1.1898106973831246,1.9841293026168754,0.6251313202571175,0.3047619047619048,105,32,73,32,missing_p30_rep15_seed69.csv,0.1308315819999279,0.100626020464257,0.0868135026053775,0.3938615527825104,0.3339442815249266,616.9200997380701,0.1210352589138313,1.3558683510726817,13.19744797813704,0.0,0.0,method_specific,lrmc_softimpute_outputs/tables/lrmc_softimpute_all_masks_detailed.csv,0.07409245292736975,0.09423291043964141,-0.07348627046729168,0.2219916619270147,0.8384180695829635,0.7135004385640152,0.6446299617983078,0.6302879793061569,0.08313523244210203,0.10272904244031515,-0.08204410401396152,0.2219916619270147,0.9185237210714677,0.825,0.5916801949640085,0.5641054751955462,0.06278897853395436,0.08238976254033165,-0.06278897853395436,0.17992463751414683,0.5827729458632664,0.2605698416254795,0.8079270948683048,0.7821653905881308,0.4305992351190826,0.48006399987494897,-0.4305992351190826,0.7804054135342701,0.8755031093600424,0.8088534107402031,0.7033287069642638,0.6799947614382242,0.4305992351190826,0.48216397344995043,-0.4305992351190826,0.8449838425669594,0.6542329921860851,0.6568422143893842,0.7064053211231044,0.6799947614382242
LRMC-SoftImpute,30,16,70,LRMC_SoftImpute_completed_p30_rep16_seed70.csv,lrmc_softimpute_outputs/completed_matrices/LRMC_SoftImpute_completed_p30_rep16_seed70.csv,True,,15,105,27,15,12,0.4885406136088107,scipy.optimize.nnls,3.17394,1.162877017635431,2.011062982364569,0.6336172020783535,0.3047619047619048,105,32,73,32,missing_p30_rep16_seed70.csv,0.0515737650000573,0.1120879074257028,0.1019817612254367,0.2844025116707631,0.4259530791788856,1142.4774080444445,0.1404499758921714,2.5109393583394386,24.440419699836458,0.0,0.0,method_specific,lrmc_softimpute_outputs/tables/lrmc_softimpute_all_masks_detailed.csv,0.07912064868603529,0.10596833564902748,-0.07448381416165069,0.2582640672307376,0.5261690525498586,0.5885057318719684,0.7249098413978987,0.6730617196679688,0.09013815045676282,0.11855582380286957,-0.08450290685870106,0.2582640672307376,0.4828301044154332,0.7142857142857142,0.6828364333538443,0.6116230472089144,0.06534877147262587,0.08772995020820892,-0.061959948290337734,0.22637,0.19384838384046832,0.046270670700368326,0.8602938231550578,0.8140528569946439,0.43271289687877085,0.4796552524729208,-0.43190786207904774,0.715844063311163,0.91287498683473,0.9241239892183287,0.7027298622647687,0.6833326190255533,0.43284792799135613,0.4829837762838872,-0.43190786207904774,0.7619669905329705,0.6450732687218446,0.6999792660170019,0.7076063919538865,0.6835458577907447
LRMC-SoftImpute,30,17,71,LRMC_SoftImpute_completed_p30_rep17_seed71.csv,lrmc_softimpute_outputs/completed_matrices/LRMC_SoftImpute_completed_p30_rep17_seed71.csv,True,,15,105,27,15,12,0.4429454038254268,scipy.optimize.nnls,3.17394,1.160174878692184,2.013765121307816,0.6344685536928285,0.3047619047619048,105,32,73,32,missing_p30_rep17_seed71.csv,0.1168906909999805,0.106607219416577,0.0913785003521305,0.5573047704581994,0.4171554252199413,998.4666091564994,0.1380908559196492,2.1944321080362625,21.359672245797352,0.0,0.0,method_specific,lrmc_softimpute_outputs/tables/lrmc_softimpute_all_masks_detailed.csv,0.07487827529555169,0.10141448696635201,-0.07458389338177095,0.24771745057799993,0.6629560614479345,0.6387047697831785,0.6937578023846428,0.6369727950055438,0.08201224441302195,0.10885366300594294,-0.08148235696821662,0.24771745057799993,0.7443486555491314,0.7571428571428571,0.6269556789388215,0.5564855566943945,0.06596081389871387,0.09126675702409184,-0.06596081389871387,0.2046573409786591,0.10239308629044913,0.15227389460052784,0.8949763124323864,0.8216770995677055,0.4325741684330192,0.48352940731296346,-0.4325741684330192,0.7794902787497944,0.7976311154773308,0.6794007878913539,0.7084057811317039,0.6831135414966591,0.4325741684330193,0.486028373073829,-0.4325741684330193,0.8901186885554132,0.5937408609763605,0.6005805515239476,0.71206694788821,0.6831135414966594
LRMC-SoftImpute,30,18,72,LRMC_SoftImpute_completed_p30_rep18_seed72.csv,lrmc_softimpute_outputs/completed_matrices/LRMC_SoftImpute_completed_p30_rep18_seed72.csv,True,,15,105,27,15,12,0.41371872317930675,scipy.optimize.nnls,3.17394,1.2065998174485792,1.9673401825514207,0.6198416424227997,0.3047619047619048,105,32,73,32,missing_p30_rep18_seed72.csv,0.2094138599998132,0.0963143101931236,0.083929433481545,0.3981955079344345,0.3980938416422287,520.3105971745381,0.1111027297440054,1.1435397740099738,11.130731583554914,0.0,0.0,method_specific,lrmc_softimpute_outputs/tables/lrmc_softimpute_all_masks_detailed.csv,0.07288982430908528,0.0976971086148574,-0.07286445120560817,0.23828958522989335,0.7321135330717818,0.6120459611468471,0.6683279026443738,0.620057485757545,0.07939890041490728,0.10203760638358389,-0.07939890041490728,0.23828958522989335,0.9061517686550578,0.9428571428571427,0.5876977863760029,0.5387529827350617,0.06475347917680778,0.09198391123298849,-0.06469638969398427,0.2098553430042766,-0.07748380222265917,-0.17796411807833973,0.9020088404880755,0.8066372716173332,0.42848096149286147,0.4792459295126362,-0.42848096149286147,0.7805312903305237,0.855559279965939,0.7981339415301679,0.7021301743305294,0.6766496208721366,0.42848096149286147,0.4816261732545031,-0.42848096149286147,0.836529674951085,0.6375585936037705,0.6269541778975741,0.7056174046866133,0.6766496208721366
LRMC-SoftImpute,30,19,73,LRMC_SoftImpute_completed_p30_rep19_seed73.csv,lrmc_softimpute_outputs/completed_matrices/LRMC_SoftImpute_completed_p30_rep19_seed73.csv,True,,15,105,27,15,12,0.5092449987861865,scipy.optimize.nnls,3.17394,1.2558352246762952,1.9181047753237048,0.604329248607001,0.3047619047619048,105,32,73,32,missing_p30_rep19_seed73.csv,0.03213305700001,0.1078163152093704,0.0902803905184059,0.4422739262737622,0.4035923753665689,857.1013081279397,0.1349830206231223,1.8837391387427245,18.335518539295947,0.0,0.0,method_specific,lrmc_softimpute_outputs/tables/lrmc_softimpute_all_masks_detailed.csv,0.07424545816927051,0.09503576280562998,-0.07104091760458167,0.22288213740875265,0.7533977101342598,0.6441764691140696,0.6501221267712701,0.6315895607888945,0.07915570082544919,0.09865658427843897,-0.07338752780900924,0.22288213740875265,0.9047417206610561,0.8999999999999999,0.5682243855652046,0.5371027772090933,0.06810765484904718,0.09030581072249448,-0.06810765484904718,0.19812118609828602,0.4135504547806527,0.4378290427114664,0.8855531204017753,0.8484204027660526,0.43194725375696713,0.47967001310235585,-0.4311232290403329,0.7528795865265375,0.9093597365998233,0.8491084387310802,0.7027514876614185,0.6821235288333384,0.43194725375696713,0.48230395702755224,-0.4311232290403329,0.8567418885298341,0.643440873508517,0.6830914368650217,0.7066104072546546,0.6821235288333384
LRMC-SoftImpute,30,20,74,LRMC_SoftImpute_completed_p30_rep20_seed74.csv,lrmc_softimpute_outputs/completed_matrices/LRMC_SoftImpute_completed_p30_rep20_seed74.csv,True,,15,105,27,15,12,0.47830093462903805,scipy.optimize.nnls,3.17394,1.1394746396790263,2.034465360320974,0.6409904914147634,0.3047619047619048,105,32,73,32,missing_p30_rep20_seed74.csv,0.0274441530000331,0.1125105279459959,0.0992684326150225,0.4084229303787127,0.3203812316715542,634.0403001391608,0.1295880547234142,1.3934951651410126,13.56369144186047,0.0,0.0,method_specific,lrmc_softimpute_outputs/tables/lrmc_softimpute_all_masks_detailed.csv,0.07640658565460241,0.10492676999085845,-0.07535056890077681,0.309416062454426,0.5865328163842645,0.6267203897857326,0.7177846828168529,0.6499737905172326,0.08745359510242606,0.11855840253319526,-0.08555276494553997,0.309416062454426,0.49370085024434746,0.5035714285714286,0.682851285859286,0.5934072759966122,0.06259782384482283,0.0848619017732852,-0.06259782384482283,0.20666869057574183,0.4490053268077234,0.4093174715801814,0.8321692847594627,0.7797841672336776,0.4349914021894767,0.48363782768832586,-0.4349914021894767,0.7741465507394717,0.864151387071797,0.8445262284884927,0.7085646248742717,0.6869307946580777,0.43499140218947663,0.4866174460348974,-0.43499140218947663,0.8851557995822723,0.6233692512305783,0.6550590918515447,0.7129299826588319,0.6869307946580776
LRMC-SoftImpute,30,21,75,LRMC_SoftImpute_completed_p30_rep21_seed75.csv,lrmc_softimpute_outputs/completed_matrices/LRMC_SoftImpute_completed_p30_rep21_seed75.csv,True,,15,105,27,15,12,0.45950122135157606,scipy.optimize.nnls,3.17394,1.2185646978496047,1.9553753021503952,0.6160719176009614,0.3047619047619048,105,32,73,32,missing_p30_rep21_seed75.csv,0.0325214849999611,0.1115505529639346,0.1037354547577631,0.5626946227620628,0.4886363636363636,667.8982176644381,0.1362544637905426,1.4679081706910728,14.2879961052644,0.0,0.0,method_specific,lrmc_softimpute_outputs/tables/lrmc_softimpute_all_masks_detailed.csv,0.07322671931309749,0.10231291494395059,-0.07242130748705167,0.27110052503884086,0.5824462618500232,0.5772756116806459,0.6999037824904877,0.6229233764512349,0.08007649615489268,0.11033901535181166,-0.07862675486801018,0.27110052503884086,0.6298251449101395,0.6464285714285712,0.635510743258675,0.5433507381711956,0.06466449826085355,0.09129334797086258,-0.06466449826085355,0.20966325352611304,0.03892870060811975,0.28873955423363945,0.8952370674790314,0.8055288319754207,0.43624596415488653,0.48705246457309326,-0.4360388582567604,0.7635976042276785,0.8319931171606699,0.7901617250673854,0.7135673164852685,0.6889119769148052,0.4362459641548865,0.4892533982713561,-0.4360388582567604,0.8880213540084234,0.5995024736793843,0.5892286958324694,0.716791844574266,0.6889119769148051
LRMC-SoftImpute,30,22,76,LRMC_SoftImpute_completed_p30_rep22_seed76.csv,lrmc_softimpute_outputs/completed_matrices/LRMC_SoftImpute_completed_p30_rep22_seed76.csv,True,,15,105,27,15,12,0.49599278913299305,scipy.optimize.nnls,3.17394,1.1463306285370136,2.0276093714629866,0.63883040368217,0.3047619047619048,105,32,73,32,missing_p30_rep22_seed76.csv,0.0310754760000691,0.1209384730397505,0.1016331080697071,-0.0262372401527099,0.0410557184750733,697.9362358720543,0.1287721984245781,1.5339257931253942,14.930583666975652,0.0,0.0,method_specific,lrmc_softimpute_outputs/tables/lrmc_softimpute_all_masks_detailed.csv,0.07967523875246994,0.1135062714895588,-0.07509664338751801,0.3280568535776611,0.2517929655848705,0.21523431787934552,0.7764754703299716,0.6777794937259962,0.0893910540198201,0.12804540922637117,-0.0893910540198201,0.3280568535776611,0.16244868544389457,0.25,0.7374928345051273,0.606553702020375,0.06753046966828226,0.09216144650477305,-0.05722863009714039,0.2058323379344961,-0.060364339449691815,-0.3047290137271806,0.9037497795555882,0.8412303786106103,0.43416108920734664,0.48600625700219857,-0.43416108920734664,0.7595876503691086,0.7947311279481127,0.8036077130416752,0.7120345462332911,0.6856195789564371,0.4345132104789076,0.4891172968727826,-0.43416108920734664,0.8877206768353222,0.5408603147854296,0.6115695625129588,0.7165924461176025,0.6861756426939545
LRMC-SoftImpute,30,23,77,LRMC_SoftImpute_completed_p30_rep23_seed77.csv,lrmc_softimpute_outputs/completed_matrices/LRMC_SoftImpute_completed_p30_rep23_seed77.csv,True,,15,105,27,15,12,0.40980689329518016,scipy.optimize.nnls,3.17394,1.1212916481414403,2.0526483518585596,0.6467193305035885,0.3047619047619048,105,32,73,32,missing_p30_rep23_seed77.csv,0.0967846799999279,0.1014008697162263,0.0875511949610631,0.5071867850197742,0.3793988269794721,664.5223569671267,0.1238151521662833,1.4604886966310475,14.215778088777144,0.0,0.0,method_specific,lrmc_softimpute_outputs/tables/lrmc_softimpute_all_masks_detailed.csv,0.08000473864093946,0.11433135095382428,-0.07602401303179851,0.32852559299045325,0.24272175210399155,0.37545787545787546,0.7821196867831044,0.680582475820389,0.09053828422457162,0.1286803274021593,-0.08977425867651627,0.32852559299045325,0.138571197061909,0.3428571428571428,0.7411497216045546,0.6143381132838034,0.06683780666139928,0.09334316659068338,-0.05883620597590131,0.21796574191668078,-0.07283423154960969,0.18881118881118883,0.9153379143737908,0.8326018415014806,0.4311894281536908,0.48156835019983274,-0.4311894281536908,0.7627375541484185,0.8276953552260681,0.8091229525191789,0.705532689702185,0.6809267839292998,0.4311894281536908,0.48322691096114384,-0.4311894281536908,0.8386378471360462,0.6513959095142156,0.6446195314119842,0.7079626019555063,0.6809267839292998
LRMC-SoftImpute,30,24,78,LRMC_SoftImpute_completed_p30_rep24_seed78.csv,lrmc_softimpute_outputs/completed_matrices/LRMC_SoftImpute_completed_p30_rep24_seed78.csv,True,,15,105,27,15,12,0.41168722108598416,scipy.optimize.nnls,3.17394,1.2796896848154773,1.8942503151845227,0.5968135236282106,0.3047619047619048,105,32,73,32,missing_p30_rep24_seed78.csv,0.0433341640000435,0.0945347297365193,0.0838047449534986,0.5196916951161805,0.4175219941348973,566.7941881895663,0.1165694644453102,1.2457015125045412,12.125130654874352,0.0,0.0,method_specific,lrmc_softimpute_outputs/tables/lrmc_softimpute_all_masks_detailed.csv,0.0746499892176266,0.09764185692302994,-0.07015741908090825,0.23004794988370622,0.6647838008552298,0.6111288093569168,0.6679499360101495,0.6350308162334254,0.07902701354003167,0.10201629549605058,-0.07094038729393863,0.23004794988370622,0.8291335159640748,0.8142857142857142,0.5875750437728302,0.5362295830150116,0.06917870881462027,0.09188140083377797,-0.06917870881462027,0.20340862712407898,0.294972819432952,0.28474258892534354,0.9010036072348857,0.8617625746389461,0.4291804415432077,0.478115334617996,-0.4280252092223373,0.7651458209256148,0.9070491693812069,0.8438005390835578,0.7004737705061334,0.6777542275020915,0.42947489504073355,0.4801569425411836,-0.4280252092223373,0.8842789741527581,0.6785444969335215,0.6820132697491187,0.7034648747362309,0.678219223302071
LRMC-SoftImpute,30,25,79,LRMC_SoftImpute_completed_p30_rep25_seed79.csv,lrmc_softimpute_outputs/completed_matrices/LRMC_SoftImpute_completed_p30_rep25_seed79.csv,True,,15,105,27,15,12,0.48851252513233956,scipy.optimize.nnls,3.17394,1.1834752791992136,1.9904647208007864,0.627127393964847,0.3047619047619048,105,32,73,32,missing_p30_rep25_seed79.csv,0.0368394260001423,0.112030149670347,0.0975282769835009,0.311336499990563,0.2067448680351906,701.0766607771405,0.1347811749750793,1.5408278258838253,14.997765129099708,0.0,0.0,method_specific,lrmc_softimpute_outputs/tables/lrmc_softimpute_all_masks_detailed.csv,0.07397856058137127,0.09610090539839158,-0.0737209155852143,0.21058590346340225,0.7995307887988199,0.7012829653009327,0.657408570813784,0.6293191225092548,0.08091488460957777,0.10294248075415005,-0.08089664396165072,0.21058590346340225,0.8962775886748595,0.807142857142857,0.5929095184361511,0.5490395358534294,0.06530815554611315,0.08679384259039163,-0.06475125511466881,0.1861595908828699,0.46215350422492923,0.4225456891223993,0.8511142032019479,0.8135469024025057,0.434461069044632,0.48335761154425844,-0.434461069044632,0.7562956154934469,0.8650825043600036,0.8189197594857973,0.7081540878243601,0.6860933018552591,0.434461069044632,0.48579797403464253,-0.434461069044632,0.814770989820387,0.6317698236819486,0.6643479162347087,0.7117293965234773,0.6860933018552591
LRMC-SoftImpute,30,26,80,LRMC_SoftImpute_completed_p30_rep26_seed80.csv,lrmc_softimpute_outputs/completed_matrices/LRMC_SoftImpute_completed_p30_rep26_seed80.csv,True,,15,105,27,15,12,0.47183959157899263,scipy.optimize.nnls,3.17394,1.1511277396585033,2.022812260341497,0.6373189979462425,0.3047619047619048,105,32,73,32,missing_p30_rep26_seed80.csv,0.0434752610001396,0.1075336235816724,0.0878796473069248,0.4485355004021357,0.3929618768328445,948.154346489502,0.13116099859826,2.083855706570334,20.28336841084047,0.0,0.0,method_specific,lrmc_softimpute_outputs/tables/lrmc_softimpute_all_masks_detailed.csv,0.0771297275040479,0.09834839620220673,-0.07491897260524061,0.21223041156010536,0.7667897425496649,0.5882000146086582,0.6727832409183797,0.6561253970173643,0.08721378362865986,0.10957757046075313,-0.08547685131308319,0.21223041156010536,0.7950312676764012,0.5464285714285714,0.6311251104240496,0.5917800601773693,0.06452465734828297,0.08218187692476593,-0.061721624220437414,0.18561,0.5397130801782221,0.27406474184064317,0.8058885355100751,0.8037868268567705,0.4310309865987681,0.4789480956787748,-0.4307828534108286,0.7535556994056887,0.8781214008125122,0.8564068007464234,0.7016938260825571,0.6806765758040769,0.4312727854820622,0.4817658498908696,-0.4307828534108286,0.8404885010856751,0.6493237260300097,0.6972838482272444,0.7058220411269096,0.681058420360573
LRMC-SoftImpute,30,27,81,LRMC_SoftImpute_completed_p30_rep27_seed81.csv,lrmc_softimpute_outputs/completed_matrices/LRMC_SoftImpute_completed_p30_rep27_seed81.csv,True,,15,105,27,15,12,0.4610899002325246,scipy.optimize.nnls,3.17394,1.2924984219857272,1.8814415780142728,0.5927779283837353,0.3047619047619048,105,32,73,32,missing_p30_rep27_seed81.csv,0.0378314390000014,0.1053743914032248,0.0904887218469095,0.2475768477360393,0.1979472140762463,1033.443529161032,0.1330306816376733,2.271304459694576,22.107915142067498,0.0,0.0,method_specific,lrmc_softimpute_outputs/tables/lrmc_softimpute_all_masks_detailed.csv,0.07088553871152573,0.09315913005369952,-0.06968302140793604,0.21960316987295744,0.7476984276717952,0.72791280394138,0.6372844282056374,0.6030074750030544,0.07078864802628736,0.0932156573331902,-0.06862411687982589,0.21960316987295744,0.9198704075997747,0.9749999999999999,0.5368867166910875,0.4803290104605069,0.0710066520680737,0.09308842268371138,-0.0710066520680737,0.20400074971477153,0.3438318408233991,0.5089773777040516,0.9128398551689891,0.8845333535589627,0.43156716549058444,0.48273486856507397,-0.43156716549058444,0.7571019158473836,0.8414083505447391,0.7901306240928883,0.707241724026127,0.6815233001080065,0.43156716549058444,0.4849123638629088,-0.43156716549058444,0.9105560039585003,0.6084968986303123,0.6200912295251918,0.7104319131522557,0.6815233001080065
LRMC-SoftImpute,30,28,82,LRMC_SoftImpute_completed_p30_rep28_seed82.csv,lrmc_softimpute_outputs/completed_matrices/LRMC_SoftImpute_completed_p30_rep28_seed82.csv,True,,15,105,27,15,12,0.5014868005268894,scipy.optimize.nnls,3.17394,1.1763643459050521,1.9975756540949479,0.6293678059745766,0.3047619047619048,105,32,73,32,missing_p30_rep28_seed82.csv,0.0424772989999837,0.1129517406339436,0.1014089359378523,0.4049555286556401,0.4505131964809383,1011.2941538020904,0.1481507585204904,2.222624513850748,21.6340851774222,0.0,0.0,method_specific,lrmc_softimpute_outputs/tables/lrmc_softimpute_all_masks_detailed.csv,0.0774380899528339,0.10305147217799247,-0.07398428348499807,0.2617648591964493,0.6210567835379757,0.68830696187564,0.7049561163231696,0.6587485676246291,0.08619561657216314,0.11468001091587186,-0.07997876493005866,0.2617648591964493,0.6144381005531441,0.7928571428571427,0.6605132259127239,0.5848713934862221,0.06649118167867235,0.08634079097411253,-0.06649118167867235,0.20878002178621874,0.5951558463881145,0.48582623515406503,0.8466715071086488,0.8282839170610377,0.4353513646812891,0.4830379928599652,-0.4344632430181313,0.7722513718310359,0.9147619677149775,0.869966825627203,0.7076858231846367,0.6874992411131184,0.43552543794591775,0.4859871407638867,-0.4344632430181313,0.9291110140368771,0.6321484669205135,0.6606054323035455,0.7120065395525622,0.6877741345602032
LRMC-SoftImpute,30,29,83,LRMC_SoftImpute_completed_p30_rep29_seed83.csv,lrmc_softimpute_outputs/completed_matrices/LRMC_SoftImpute_completed_p30_rep29_seed83.csv,True,,15,105,27,15,12,0.4631143561455523,scipy.optimize.nnls,3.17394,1.2589590247905587,1.9149809752094413,0.6033450459710774,0.3047619047619048,105,32,73,32,missing_p30_rep29_seed83.csv,0.1038614609999513,0.1009841986297399,0.0830950061268162,0.3899787490716035,0.3255131964809384,703.392644992392,0.1255045858727549,1.5459179010821802,15.047309764153654,0.0,0.0,method_specific,lrmc_softimpute_outputs/tables/lrmc_softimpute_all_masks_detailed.csv,0.07199999137896865,0.09477198497788944,-0.07092522130405338,0.22152723249829953,0.7503650551503291,0.6970353603470586,0.6483176712978447,0.6124878753952985,0.07590200884786108,0.0979527168718912,-0.07396742271301361,0.22152723249829953,0.9229565707284092,0.932142857142857,0.5641703771325166,0.5150251886194959,0.0671224695428531,0.09063924166292338,-0.0671224695428531,0.18894463326318012,0.2507886563529716,0.345250389071979,0.8888227971520639,0.8361479010020005,0.4286409240657433,0.4793776287779339,-0.4286409240657433,0.7660128360486371,0.846458274536793,0.7616732324279494,0.7023231233414822,0.6769022309622492,0.4286409240657433,0.48172772017436144,-0.4286409240657433,0.9244872320077675,0.6175282115935852,0.6429608127721336,0.7057661783165018,0.6769022309622492
LRMC-SoftImpute,30,30,84,LRMC_SoftImpute_completed_p30_rep30_seed84.csv,lrmc_softimpute_outputs/completed_matrices/LRMC_SoftImpute_completed_p30_rep30_seed84.csv,True,,15,105,27,15,12,0.41533662292773027,scipy.optimize.nnls,3.17394,1.10398322161309,2.06995677838691,0.6521726240530413,0.3047619047619048,105,32,73,32,missing_p30_rep30_seed84.csv,0.0709156810000877,0.0962426076896795,0.0875526699819417,0.688042761210018,0.7140762463343108,795.8130384726426,0.1317735057939838,1.749039644994819,17.024410746262074,0.0,0.0,method_specific,lrmc_softimpute_outputs/tables/lrmc_softimpute_all_masks_detailed.csv,0.07691312932934238,0.10231545509814166,-0.07666506586618185,0.2581629140514386,0.7826437078503418,0.7873607174621733,0.6999211592168513,0.6542828446323007,0.0922845335876503,0.12005198149990454,-0.09183801935396135,0.2581629140514386,0.7697918348423778,0.8321428571428571,0.6914537323848644,0.6261871067590481,0.057698874006457485,0.07442056143498163,-0.057698874006457485,0.15595944220370822,0.778198522921657,0.3607711311942483,0.729779843329439,0.7187577083986357,0.4313952997766267,0.47733998662829313,-0.4313952997766267,0.7290182581810031,0.9322527593060509,0.9063653327804271,0.6993378292583265,0.6812518927862314,0.43139529977662683,0.47933534652657417,-0.43139529977662683,0.8009370069584715,0.743447599708787,0.7557744142649803,0.7022611767652255,0.6812518927862317
LRMC-SoftImpute,50,1,55,LRMC_SoftImpute_completed_p50_rep01_seed55.csv,lrmc_softimpute_outputs/completed_matrices/LRMC_SoftImpute_completed_p50_rep01_seed55.csv,True,,15,105,27,15,12,0.5086740137261805,scipy.optimize.nnls,3.17394,1.1320976006817025,2.0418423993182975,0.6433147442353345,0.4952380952380952,105,52,53,52,missing_p50_rep01_seed55.csv,0.0785284799999317,0.1018848892250742,0.0860650856065469,0.377911559230679,0.295312900196363,973.624191872446,0.1701750399349042,2.1398333887306507,20.828231448363997,0.0,0.0,method_specific,lrmc_softimpute_outputs/tables/lrmc_softimpute_all_masks_detailed.csv,0.07786545728336687,0.10166724880150792,-0.07562379256734433,0.2585052747021819,0.6903894102834688,0.6878334408630484,0.6954868994843761,0.6623840862306488,0.0888583877564487,0.1161578658664164,-0.08482339126760818,0.2585052747021819,0.6374690328565105,0.5857142857142856,0.6690251080883486,0.6029393504777962,0.06412429419201454,0.07994187935088765,-0.06412429419201454,0.17244986014061336,0.6960482118824703,0.6706277378583748,0.783922763591633,0.7987994833482207,0.44486678766299764,0.4956745395087692,-0.44429035959316326,0.7966742485839993,0.7703893751695912,0.6439249429815467,0.726199283925938,0.702525830230587,0.446401072560293,0.4986533225951399,-0.44429035959316326,0.8972435242030472,0.5225743761509637,0.4798362015343147,0.7305634179934996,0.7049487460363387
LRMC-SoftImpute,50,2,56,LRMC_SoftImpute_completed_p50_rep02_seed56.csv,lrmc_softimpute_outputs/completed_matrices/LRMC_SoftImpute_completed_p50_rep02_seed56.csv,True,,15,105,27,15,12,0.5810271256884291,scipy.optimize.nnls,3.17394,1.1201103773643646,2.0538296226356354,0.6470915085463604,0.4952380952380952,105,52,53,52,missing_p50_rep02_seed56.csv,0.0552767059998586,0.1270256905526387,0.1143851089487134,0.232866984005343,0.1328438487151028,1455.565507288717,0.2014990662089542,3.199045070964213,31.13814912072002,0.0,0.0,method_specific,lrmc_softimpute_outputs/tables/lrmc_softimpute_all_masks_detailed.csv,0.07974538398692468,0.10463323478746692,-0.07606776380131981,0.2504420594173632,0.5890786056674986,0.5501391602596709,0.7157766626244814,0.678376203597726,0.08511005973750131,0.1094698978912874,-0.07850386685144159,0.2504420594173632,0.7423994428838151,0.7535714285714286,0.6305049573944839,0.5775054604626372,0.07303953929870395,0.0982531572993435,-0.07302263498866761,0.22637,-0.1511062626140293,0.07488827099757084,0.9634860629636868,0.9098571296721173,0.4585260884747175,0.5128909179061184,-0.4577018841234377,0.8236747600087964,0.6426064922397781,0.5271096827700601,0.7514225315761873,0.7240963585533086,0.4604520181338305,0.517921328261602,-0.4577018841234377,0.9218337936546511,0.31021689344411013,0.29236989425668675,0.7587924489450039,0.727137752899337
LRMC-SoftImpute,50,3,57,LRMC_SoftImpute_completed_p50_rep03_seed57.csv,lrmc_softimpute_outputs/completed_matrices/LRMC_SoftImpute_completed_p50_rep03_seed57.csv,True,,15,105,27,15,12,0.6756549411426797,scipy.optimize.nnls,3.17394,1.0638975503692836,2.1100424496307166,0.664802248823455,0.4952380952380952,105,52,53,52,missing_p50_rep03_seed57.csv,0.0241908899999998,0.1332661884763995,0.1129075378922419,0.0068536640013617,0.016050542132673,1305.2525210962683,0.192557680678393,2.868686859552238,27.922582280612968,0.0,0.0,method_specific,lrmc_softimpute_outputs/tables/lrmc_softimpute_all_masks_detailed.csv,0.08119901516824661,0.10608198687446614,-0.0781497203566932,0.2671151985412019,0.5808569292866488,0.6551967601417041,0.7256873084714619,0.690741919993024,0.09484059046798582,0.12572438115918927,-0.09227155479325266,0.2671151985412019,0.36682757332825155,0.3,0.7241245960140014,0.6435309649375007,0.06414704604357264,0.07457779723852828,-0.06049742731099387,0.12618240475985976,0.7518835213778491,0.5747789352392176,0.731321722587879,0.7990829042809393,0.45681069256221524,0.5079689911182594,-0.45638144532495867,0.795378235416784,0.6888464956522381,0.6777731702260005,0.744211550531203,0.7213874354081675,0.456696265890566,0.513315130719971,-0.4563991038237522,0.9235158435588602,0.39235841351663026,0.4515032137673647,0.7520440342298385,0.7212067348147985
LRMC-SoftImpute,50,4,58,LRMC_SoftImpute_completed_p50_rep04_seed58.csv,lrmc_softimpute_outputs/completed_matrices/LRMC_SoftImpute_completed_p50_rep04_seed58.csv,True,,15,105,27,15,12,0.6059754337763492,scipy.optimize.nnls,3.17394,1.100148764463613,2.073791235536387,0.6533807304285484,0.4952380952380952,105,52,53,52,missing_p50_rep04_seed58.csv,0.0544430070001453,0.1115807983376987,0.095832063584516,0.4234657241302999,0.4709297361905575,1127.409817904443,0.1812108272249277,2.47782377561416,24.118086650365395,0.0,0.0,method_specific,lrmc_softimpute_outputs/tables/lrmc_softimpute_all_masks_detailed.csv,0.07952157273125995,0.10086503260468384,-0.07680708279764395,0.2603326173252133,0.7366114331548173,0.6570759520396456,0.6899990864273452,0.6764722911409853,0.09303236197854255,0.1168335783593468,-0.08814628009803373,0.2603326173252133,0.6427742541345911,0.5642857142857142,0.6729169549318442,0.6312614185450022,0.06263308617215675,0.07634357874085951,-0.06263308617215675,0.1478054127092215,0.7921127364784152,0.3625568919060187,0.7486372564037739,0.7802234317778087,0.4494883173057178,0.4970826463076459,-0.44879030560850225,0.7916986715746284,0.8762488632486738,0.8595168981961434,0.7282622628920332,0.7098240688027296,0.44977325767819193,0.5014643902610441,-0.4487903056085023,0.8553078072397802,0.5314647769194003,0.5406282396848434,0.7346818367609231,0.7102740416424423
LRMC-SoftImpute,50,5,59,LRMC_SoftImpute_completed_p50_rep05_seed59.csv,lrmc_softimpute_outputs/completed_matrices/LRMC_SoftImpute_completed_p50_rep05_seed59.csv,True,,15,105,27,15,12,0.48469816323796555,scipy.optimize.nnls,3.17394,1.0143378341397387,2.159602165860261,0.680416821319956,0.4952380952380952,105,52,53,52,missing_p50_rep05_seed59.csv,0.0379264419998435,0.1041973671179623,0.0888971346030443,0.5185543782803328,0.409288824383164,1029.9142968964763,0.1852618322649541,2.263547905266981,22.03241612812061,0.0,0.0,method_specific,lrmc_softimpute_outputs/tables/lrmc_softimpute_all_masks_detailed.csv,0.08073126562365841,0.10391368453174255,-0.07998526540223189,0.2704887321037351,0.7398667660434713,0.6102116575669865,0.7108543520251852,0.686762878894616,0.09438696549399987,0.1164299759421907,-0.09438696549399987,0.2704887321037351,0.7986089302289079,0.807142857142857,0.6705923585840334,0.6404529398452017,0.06366164078573162,0.08573620589804384,-0.061983140287521936,0.18561,0.336990460295303,0.19576052988617368,0.8407428498453172,0.7930361871347535,0.44834342308205444,0.4979724397559579,-0.44834342308205444,0.8421708344772612,0.734989630339832,0.5700704955421936,0.7295658750679713,0.7080160719207178,0.4483434230820545,0.5005334272964059,-0.4483434230820545,0.9157621936864933,0.554501506445009,0.5055152394775035,0.7333179082465561,0.7080160719207179
LRMC-SoftImpute,50,6,60,LRMC_SoftImpute_completed_p50_rep06_seed60.csv,lrmc_softimpute_outputs/completed_matrices/LRMC_SoftImpute_completed_p50_rep06_seed60.csv,True,,15,105,27,15,12,0.5767051465399241,scipy.optimize.nnls,3.17394,1.2061350096999979,1.967804990300002,0.6199880874559702,0.4952380952380952,105,52,53,52,missing_p50_rep06_seed60.csv,0.0628523200000472,0.1114124199891219,0.0962398095045606,0.2201741170236928,0.1459062580039272,1000.5928029227724,0.1828490141166721,2.1991050613687304,21.40515679336476,0.0,0.0,method_specific,lrmc_softimpute_outputs/tables/lrmc_softimpute_all_masks_detailed.csv,0.0740472747905853,0.09860617150791849,-0.07288166630740749,0.26487932599940195,0.6851618907248131,0.6662615431678792,0.6745466342455969,0.6299036589682865,0.07662297216978987,0.10434414944315064,-0.07452487690006979,0.26487932599940195,0.7321410579313177,0.8321428571428571,0.6009825967349648,0.5199172102734733,0.07082765306657961,0.09092591203827508,-0.07082765306657961,0.19631526259908977,0.5294026024089501,0.15952503243864818,0.8916339323756826,0.8823035542026505,0.4491231097379014,0.5025625072327666,-0.4491231097379014,0.8124492426188458,0.7605048696167117,0.7043126684636118,0.7362906580639542,0.7092473394156371,0.4491231097379014,0.5062368550911822,-0.4491231097379014,0.8971168268285582,0.42861954674847424,0.411611030478955,0.7416738451574866,0.7092473394156371
LRMC-SoftImpute,50,7,61,LRMC_SoftImpute_completed_p50_rep07_seed61.csv,lrmc_softimpute_outputs/completed_matrices/LRMC_SoftImpute_completed_p50_rep07_seed61.csv,True,,15,105,27,15,12,0.5452008272663454,scipy.optimize.nnls,3.17394,1.2426501586569931,1.9312898413430069,0.6084834122078574,0.4952380952380952,105,52,53,52,missing_p50_rep07_seed61.csv,0.0394298549999803,0.1078948027757376,0.0932241010013612,0.1758861840829161,0.2142918125160078,1033.410388259082,0.1718784942092396,2.271231622547433,22.107206176142057,0.0,0.0,method_specific,lrmc_softimpute_outputs/tables/lrmc_softimpute_all_masks_detailed.csv,0.07599092291254451,0.09729016942562188,-0.07152925338307432,0.22568013044779822,0.6883642439122397,0.590034318188519,0.66554410669891,0.6464378402360165,0.07884148795512044,0.09975313854926723,-0.07081048280207411,0.22568013044779822,0.8257598917894041,0.7857142857142856,0.5745401209146238,0.5349707184498567,0.0724277166093246,0.09412086690746291,-0.0724277166093246,0.20270117184962944,0.43873588459199736,0.1281341650164046,0.9229641671780304,0.9022356243700316,0.44797392689380355,0.49957240901378436,-0.44682664044336834,0.7968188419849556,0.7806052869325062,0.7750051834957495,0.7319099465034107,0.7074325700194372,0.4491002871618476,0.5028328104806757,-0.44682664044336834,0.8653028137004976,0.47186782311942027,0.4996682562720299,0.7366866719993663,0.7092112984037322
LRMC-SoftImpute,50,8,62,LRMC_SoftImpute_completed_p50_rep08_seed62.csv,lrmc_softimpute_outputs/completed_matrices/LRMC_SoftImpute_completed_p50_rep08_seed62.csv,True,,15,105,27,15,12,0.5166773364615186,scipy.optimize.nnls,3.17394,1.0470294646691531,2.126910535330847,0.6701168060299965,0.4952380952380952,105,52,53,52,missing_p50_rep08_seed62.csv,0.0827229179999449,0.1081481678024217,0.0932387459049948,0.4165811705042589,0.3892256467173226,1307.1351253482137,0.1931019373792501,2.872824451314755,27.96285584551872,0.0,0.0,method_specific,lrmc_softimpute_outputs/tables/lrmc_softimpute_all_masks_detailed.csv,0.07995152896141755,0.10598851584375038,-0.07877446427151284,0.23679356155414188,0.6462057070191499,0.5358261491469617,0.7250478903883482,0.6801298329389572,0.09011442337104661,0.11422305100367648,-0.08799570692921814,0.23679356155414188,0.8695787894821656,0.7607142857142856,0.6578813106965805,0.611462049535969,0.06724791094938122,0.09469366730925823,-0.06724791094938122,0.22637,-0.07376915499774717,-0.15227389460052784,0.9285811388780683,0.8377105307663936,0.45018338080190023,0.4990304590998384,-0.44988070702449623,0.8237688636277678,0.8134462474740906,0.7825523533070702,0.7311159504272328,0.7109217008877943,0.45018338080190023,0.5026627357854326,-0.44988070702449623,0.8533282654649224,0.5431555044444814,0.5479058677171885,0.7364375001899329,0.7109217008877943
LRMC-SoftImpute,50,9,63,LRMC_SoftImpute_completed_p50_rep09_seed63.csv,lrmc_softimpute_outputs/completed_matrices/LRMC_SoftImpute_completed_p50_rep09_seed63.csv,True,,15,105,27,15,12,0.6594046674992432,scipy.optimize.nnls,3.17394,1.1550570281724524,2.018882971827548,0.6360810134493872,0.4952380952380952,105,52,53,52,missing_p50_rep09_seed63.csv,0.0813213650001216,0.1260536410902166,0.1065143054826148,0.1003939269803868,-0.0020490053786391,1340.1071887957337,0.1969321386886877,2.945290524825788,28.66820989747008,0.0,0.0,method_specific,lrmc_softimpute_outputs/tables/lrmc_softimpute_all_masks_detailed.csv,0.07821038902324691,0.10128900660908217,-0.07477344340102027,0.2360656544500874,0.6589999002125831,0.5367577792732044,0.6928994144017617,0.6653183436447023,0.0818476263785272,0.1037987686100177,-0.08049171739992113,0.2360656544500874,0.8869313476179943,0.95,0.5978414106593211,0.5553685581385885,0.07366384232914655,0.09806151629705745,-0.06762560090239421,0.21945146605827417,-0.3992909344403902,-0.35083909034082117,0.961606800862903,0.9176341031960206,0.450466369423848,0.5059924778905749,-0.450466369423848,0.7983341403892436,0.6665580373790972,0.5855587808417997,0.7413158147687062,0.7113685915573001,0.45046636942384793,0.5118562682084363,-0.45046636942384793,0.8543457303001648,0.29947708500142406,0.31065726726104087,0.7499066944498433,0.7113685915573
LRMC-SoftImpute,50,10,64,LRMC_SoftImpute_completed_p50_rep10_seed64.csv,lrmc_softimpute_outputs/completed_matrices/LRMC_SoftImpute_completed_p50_rep10_seed64.csv,True,,15,105,27,15,12,0.5612668851348682,scipy.optimize.nnls,3.17394,1.1583773041543035,2.0155626958456967,0.6350349079836722,0.4952380952380952,105,52,53,52,missing_p50_rep10_seed64.csv,0.1347189110001636,0.1070210588755332,0.0934900548488443,0.3762298761891977,0.2870315034576965,1150.3596602274429,0.1815928448125342,2.5282629895108637,24.609040584744964,0.0,0.0,method_specific,lrmc_softimpute_outputs/tables/lrmc_softimpute_all_masks_detailed.csv,0.07497140319191477,0.10141376830898506,-0.07465047021650727,0.24170487764689402,0.6485219285870085,0.6367231672805659,0.6937528861821309,0.6377650132585049,0.07865993273179987,0.10663414957349537,-0.07808225337606638,0.24170487764689402,0.7418113963052513,0.7964285714285713,0.6141721261163682,0.5337387943604304,0.07036074126705841,0.09448354664615369,-0.07036074126705841,0.22637,0.09907292287452371,-0.007797996951841568,0.92652066228875,0.8764872109753878,0.44565351791809454,0.4965521116805228,-0.44565351791809454,0.7610837337186651,0.8245147640002974,0.8291416131038772,0.7274849910420477,0.7037682208539305,0.4465542918852289,0.5008596488230994,-0.4456535179180946,0.9040103453598212,0.48884291514970635,0.5008604602944225,0.7337958465310619,0.7051907073075395
LRMC-SoftImpute,50,11,65,LRMC_SoftImpute_completed_p50_rep11_seed65.csv,lrmc_softimpute_outputs/completed_matrices/LRMC_SoftImpute_completed_p50_rep11_seed65.csv,True,,15,105,27,15,12,0.5553062338774736,scipy.optimize.nnls,3.17394,0.9876906056307306,2.1862493943692693,0.6888124521475735,0.4952380952380952,105,52,53,52,missing_p50_rep11_seed65.csv,0.0351084390001688,0.1147415266469962,0.0974921329794021,0.2570919583160371,0.0992060104157773,1065.686440280956,0.1887968349680937,2.3421680006174856,22.797670820881592,0.0,0.0,method_specific,lrmc_softimpute_outputs/tables/lrmc_softimpute_all_masks_detailed.csv,0.08350204528560712,0.10827425626023278,-0.08097219979145442,0.2613220316247827,0.6219914425053967,0.5236936720502243,0.7406842190391721,0.7103332837770696,0.09733106643773384,0.11986487057984159,-0.0971831255344232,0.2613220316247827,0.8098730882384262,0.8535714285714284,0.6903760446829951,0.6604298306663746,0.0662157688454487,0.09174951651473177,-0.06070854261274345,0.19631410466996788,-0.07918036122824586,-0.021355694169400762,0.8997103286592434,0.8248530858658006,0.4504668107053757,0.5044403555358293,-0.4504668107053757,0.8372060561257026,0.6696092755029276,0.5291208791208791,0.7390418425293842,0.7113692884213507,0.4504668107053757,0.5087482404545738,-0.4504668107053757,0.8932348268829002,0.3886855688906221,0.32889280530789966,0.7453532075358014,0.7113692884213507
LRMC-SoftImpute,50,12,66,LRMC_SoftImpute_completed_p50_rep12_seed66.csv,lrmc_softimpute_outputs/completed_matrices/LRMC_SoftImpute_completed_p50_rep12_seed66.csv,True,,15,105,27,15,12,0.5982498795229679,scipy.optimize.nnls,3.17394,1.1901725632875282,1.9837674367124718,0.6250173086802119,0.4952380952380952,105,52,53,52,missing_p50_rep12_seed66.csv,0.0582115090001025,0.114700347237697,0.0987360224744875,0.1829421915735169,0.1055237769999146,1015.4868187593864,0.1825232292691676,2.2318391621085416,21.723776658842837,0.0,0.0,method_specific,lrmc_softimpute_outputs/tables/lrmc_softimpute_all_masks_detailed.csv,0.07405608169012333,0.0987800087701391,-0.07347286802638783,0.23894201231039736,0.6931259054114738,0.605024268979655,0.6757358228972217,0.6299785772992967,0.07650420273199934,0.10175113674832853,-0.0764719925752481,0.23894201231039736,0.8355389489646465,0.8499999999999999,0.5860478302816722,0.5191113126031901,0.07099593038777832,0.09493542811534263,-0.06972396234031251,0.20756806318890345,-0.032836447336494615,-0.010677847084700381,0.9309518837338648,0.8843997930607383,0.4494522548102429,0.5027060424230135,-0.4494463788831179,0.7907858848074347,0.768101766740425,0.7408977814638192,0.7365009475665758,0.7097671195422403,0.4494524138009534,0.5072438235956059,-0.4494524138009534,0.9350416745273423,0.40489792698654903,0.40223927016379846,0.7431491273206036,0.7097673706175823
LRMC-SoftImpute,50,13,67,LRMC_SoftImpute_completed_p50_rep13_seed67.csv,lrmc_softimpute_outputs/completed_matrices/LRMC_SoftImpute_completed_p50_rep13_seed67.csv,True,,15,105,27,15,12,0.6034911090715909,scipy.optimize.nnls,3.17394,1.0939546471206352,2.0799853528793646,0.6553322850713512,0.4952380952380952,105,52,53,52,missing_p50_rep13_seed67.csv,0.1054635440000311,0.1142856129972299,0.0983636496532285,0.2744684199863104,0.2918125160078544,1253.5567888592946,0.1924104937294514,2.755069865624823,26.8166826070915,0.0,0.0,method_specific,lrmc_softimpute_outputs/tables/lrmc_softimpute_all_masks_detailed.csv,0.0839211818097649,0.11606684022578309,-0.07703649455108758,0.33552541425403953,0.1968007123133946,0.3409593440666267,0.7939918488320604,0.7138987847481845,0.09585734916290632,0.1336825834004463,-0.09001119507286501,0.33552541425403953,-0.18178578409232563,0.06071428571428571,0.7699608127431284,0.6504300753376163,0.06900097261833814,0.08928666904539938,-0.06081811889886581,0.1873387358042924,0.18392302867679122,0.5299909662595385,0.8755592552776758,0.8595485061092043,0.44999343408295167,0.49911854777603315,-0.44883806886792516,0.7705742619430356,0.862941284193796,0.8568836823553805,0.7312450067504364,0.7106217403599924,0.45109571777822616,0.5030525186344289,-0.4488380688679252,0.878782328074943,0.49997411930969354,0.5088534107402032,0.7370085604386765,0.7123624474427583
LRMC-SoftImpute,50,14,68,LRMC_SoftImpute_completed_p50_rep14_seed68.csv,lrmc_softimpute_outputs/completed_matrices/LRMC_SoftImpute_completed_p50_rep14_seed68.csv,True,,15,105,27,15,12,0.46355601321745743,scipy.optimize.nnls,3.17394,1.0159393774874577,2.1580006225125423,0.6799122297562469,0.4952380952380952,105,52,53,52,missing_p50_rep14_seed68.csv,0.0732219919998442,0.1013845153080167,0.088824187814061,0.5602086829304539,0.595321437718774,1228.3574011952685,0.1956004950013226,2.6996865960335565,26.277605329631918,0.0,0.0,method_specific,lrmc_softimpute_outputs/tables/lrmc_softimpute_all_masks_detailed.csv,0.08079381400826892,0.11482696047132815,-0.07992594898194601,0.3146655440930094,0.3181572090994619,0.4674416956011635,0.7855100600915892,0.6872949640583189,0.09454545329545166,0.1331624261184297,-0.09298329624807042,0.3146655440930094,0.006275252587772518,0.12857142857142856,0.7669649047240856,0.6415283423421264,0.0636042648992905,0.08661108331360422,-0.0636042648992905,0.2231056958393883,0.3552310118944501,0.16372698863207252,0.8493220367118113,0.7923214528983255,0.4470333394811503,0.4963915837289655,-0.4470333394811503,0.8154058066076232,0.7764481265102368,0.7566245075679038,0.7272498059070869,0.7059472108708031,0.4470333394811503,0.49894841058006106,-0.4470333394811503,0.8243095996492299,0.5794052830176679,0.5639228695832469,0.7309957433728851,0.7059472108708031
LRMC-SoftImpute,50,15,69,LRMC_SoftImpute_completed_p50_rep15_seed69.csv,lrmc_softimpute_outputs/completed_matrices/LRMC_SoftImpute_completed_p50_rep15_seed69.csv,True,,15,105,27,15,12,0.5967395594861788,scipy.optimize.nnls,3.17394,1.0658097961720587,2.1081302038279413,0.6641997655368221,0.4952380952380952,105,52,53,52,missing_p50_rep15_seed69.csv,0.161375659999976,0.1109585665119838,0.0895635940011278,0.3568579014080171,0.2575770511397592,1156.7375954233585,0.1833968479315474,2.542280429501887,24.745480405706807,0.0,0.0,method_specific,lrmc_softimpute_outputs/tables/lrmc_softimpute_all_masks_detailed.csv,0.07830867253551048,0.10105062886694868,-0.07807889643807188,0.23169832820440428,0.8047883933379896,0.6841785027326174,0.6912687162296671,0.6661544195727654,0.08948012170510718,0.11128590052697983,-0.08917463042715393,0.23169832820440428,0.9072824157565211,0.7642857142857141,0.6409644415677732,0.6071580615374838,0.06434436107351463,0.08657122511139019,-0.06420922895171936,0.18561,0.4249918790832447,0.2183152727132396,0.8489311808514648,0.8015408673035425,0.44773175597119735,0.4959645458421426,-0.44773175597119735,0.7781414028005993,0.8589369741385179,0.8092369894256687,0.7266241643158778,0.7070501379449832,0.44773175597119735,0.5002288312951764,-0.44773175597119735,0.8921666867194042,0.5375842692388081,0.5502073398299814,0.732871652931125,0.7070501379449832
LRMC-SoftImpute,50,16,70,LRMC_SoftImpute_completed_p50_rep16_seed70.csv,lrmc_softimpute_outputs/completed_matrices/LRMC_SoftImpute_completed_p50_rep16_seed70.csv,True,,15,105,27,15,12,0.516319379673149,scipy.optimize.nnls,3.17394,1.0455084297238884,2.1284315702761116,0.6705960321480909,0.4952380952380952,105,52,53,52,missing_p50_rep16_seed70.csv,0.1120134140001027,0.1136619779373194,0.1020073938920334,0.159047035721923,0.2110475539998292,1020.186849612605,0.1766766256488442,2.242168900247484,21.82432195264559,0.0,0.0,method_specific,lrmc_softimpute_outputs/tables/lrmc_softimpute_all_masks_detailed.csv,0.08593277415472285,0.11712924806345196,-0.07883079889911523,0.2961620483634045,0.17478451159076308,0.18832183419902987,0.8012595849193309,0.7310109523738687,0.09955436211132042,0.13368239292769538,-0.09412434767778036,0.2961620483634045,-0.031505321514621314,0.010714285714285713,0.7699597156925599,0.6755157722774984,0.06890578920897586,0.09235588215269946,-0.05971386292578384,0.22637,-0.09441200732091158,-0.028474258892534354,0.9056564463953078,0.8583628017021626,0.45073974122702626,0.5002675031638494,-0.44997468432904925,0.749902939336452,0.7598419344645405,0.7395086046029442,0.7329283100339212,0.7118002955152385,0.45198077836837036,0.5037508135262854,-0.44997468432904925,0.85440638172457,0.5135746042707783,0.5337238233464648,0.7380316132889154,0.7137601196069624
LRMC-SoftImpute,50,17,71,LRMC_SoftImpute_completed_p50_rep17_seed71.csv,lrmc_softimpute_outputs/completed_matrices/LRMC_SoftImpute_completed_p50_rep17_seed71.csv,True,,15,105,27,15,12,0.5448257409265519,scipy.optimize.nnls,3.17394,1.0260700875839341,2.147869912416066,0.6767203893003856,0.4952380952380952,105,52,53,52,missing_p50_rep17_seed71.csv,0.0418289529998219,0.1167017751612303,0.1006436133086217,0.3940366280332492,0.2900196363015452,1202.4126632021798,0.1887445010606029,2.6426651938509447,25.72258316368926,0.0,0.0,method_specific,lrmc_softimpute_outputs/tables/lrmc_softimpute_all_masks_detailed.csv,0.07979790516616363,0.1067023633614829,-0.07955073749689133,0.2711744966766469,0.616714664031831,0.5947607639974101,0.729931189608746,0.6788229895607409,0.08990740397835269,0.11765080468811162,-0.08958992384420283,0.2711744966766469,0.6217189229433642,0.6321428571428571,0.677623867622228,0.6100573409730666,0.06716103165092728,0.09118660798540047,-0.06700175456275197,0.19808996981601965,0.1931395853342005,0.17541954517041058,0.8941903582314054,0.8366282710769403,0.4533491993739235,0.5041508891676018,-0.4533491993739235,0.8227353825143296,0.7141372610005827,0.6389798880364917,0.7386177532276907,0.7159211060633383,0.45334919937392354,0.5078976049499676,-0.45334919937392354,0.950351316679798,0.4746044908705288,0.4702363674061787,0.7441069645979672,0.7159211060633384
LRMC-SoftImpute,50,18,72,LRMC_SoftImpute_completed_p50_rep18_seed72.csv,lrmc_softimpute_outputs/completed_matrices/LRMC_SoftImpute_completed_p50_rep18_seed72.csv,True,,15,105,27,15,12,0.5453007955120684,scipy.optimize.nnls,3.17394,0.9719656292222838,2.201974370777716,0.6937668546909255,0.4952380952380952,105,52,53,52,missing_p50_rep18_seed72.csv,0.0306758920000902,0.1219918144705948,0.1021463645702229,0.2103300781895949,0.123196448390677,1086.6564584059065,0.1863113584424521,2.388255952540453,23.246271415062463,0.0,0.0,method_specific,lrmc_softimpute_outputs/tables/lrmc_softimpute_all_masks_detailed.csv,0.08252872435159987,0.11268708277942516,-0.08155460632510059,0.29333463132369836,0.46455311810742683,0.46417853834673944,0.7708715514394763,0.7020534595780628,0.0955572740921934,0.12537510012628356,-0.09550070709264334,0.29333463132369836,0.5293883770102504,0.6892857142857142,0.7221128701696089,0.6483939471476009,0.066243037175858,0.09446008279910494,-0.06412198036567218,0.22637,-0.18879086279282412,-0.1305204810861667,0.9262905720785585,0.8251927687974753,0.4551595177212277,0.5101835592991758,-0.4551595177212277,0.8673011020844233,0.5712703288061936,0.4631453452208169,0.7474560541298353,0.7187799290530306,0.4551595177212277,0.5138745263023824,-0.4551595177212277,0.8852075431304951,0.359327031005415,0.3298465685258138,0.752863589480308,0.7187799290530306
LRMC-SoftImpute,50,19,73,LRMC_SoftImpute_completed_p50_rep19_seed73.csv,lrmc_softimpute_outputs/completed_matrices/LRMC_SoftImpute_completed_p50_rep19_seed73.csv,True,,15,105,27,15,12,0.6110979736530349,scipy.optimize.nnls,3.17394,1.1645315200029323,2.0094084799970675,0.6330959249377958,0.4952380952380952,105,52,53,52,missing_p50_rep19_seed73.csv,0.0771340599999348,0.1151258225813118,0.0992245943384374,0.3387436444625802,0.2419533851276359,1256.6713399673954,0.1951882387655185,2.7619150328953745,26.883310564653364,0.0,0.0,method_specific,lrmc_softimpute_outputs/tables/lrmc_softimpute_all_masks_detailed.csv,0.07712801904842885,0.09983700910440829,-0.07442253629618768,0.23899317844795345,0.6982493869476286,0.6883634642137206,0.6829665672509917,0.6561108635662863,0.082474614225737,0.10657980126620123,-0.0776047452717029,0.23899317844795345,0.7620573080734586,0.8107142857142855,0.6138591005464623,0.559622918980587,0.07044477507679366,0.09070637421442412,-0.07044477507679366,0.20606556287322456,0.5530422198152911,0.5337232970078449,0.8894811096126508,0.877534024272066,0.45194649356406275,0.5024955175586854,-0.4512507979992008,0.7854217756571111,0.8029071350858834,0.7591540534936762,0.7361925133147879,0.7137059776451922,0.4519464935640628,0.506267281616273,-0.4512507979992008,0.9106429988535842,0.4691947332733322,0.46463819199668255,0.7417184222316998,0.7137059776451923
LRMC-SoftImpute,50,20,74,LRMC_SoftImpute_completed_p50_rep20_seed74.csv,lrmc_softimpute_outputs/completed_matrices/LRMC_SoftImpute_completed_p50_rep20_seed74.csv,True,,15,105,27,15,12,0.58128008943182,scipy.optimize.nnls,3.17394,1.1225846035327005,2.0513553964672995,0.6463119644565744,0.4952380952380952,105,52,53,52,missing_p50_rep20_seed74.csv,0.0432010590000118,0.1254854221581843,0.1105283094661072,0.2524223668628463,0.2678220780329548,1627.3929137595192,0.2046245215396277,3.5766877225483937,34.81396266461237,0.0,0.0,method_specific,lrmc_softimpute_outputs/tables/lrmc_softimpute_all_masks_detailed.csv,0.07841130844660389,0.10704133233727842,-0.07597612579508517,0.28497099008573396,0.5024105997459916,0.5320394744007824,0.7322500138591955,0.667027520387375,0.08533538987147148,0.11496503400270701,-0.08095206109873777,0.28497099008573396,0.4878332523325771,0.5285714285714286,0.6621548504385812,0.5790344146564881,0.0697562066655194,0.09622347198142367,-0.0697562066655194,0.22637,-0.05165062115434294,0.07091428421782556,0.9435826464245132,0.8689564937416125,0.45794086144919866,0.5098419748165267,-0.4577396240054748,0.8152380668378719,0.6571406743472649,0.6262595894671366,0.7469556079964798,0.7231721782967068,0.4579031693303856,0.5134895641241152,-0.4579031693303856,0.9158876011201973,0.42950184031864,0.4411465892597968,0.7522995918651121,0.7231126555636176
LRMC-SoftImpute,50,21,75,LRMC_SoftImpute_completed_p50_rep21_seed75.csv,lrmc_softimpute_outputs/completed_matrices/LRMC_SoftImpute_completed_p50_rep21_seed75.csv,True,,15,105,27,15,12,0.5673753960459138,scipy.optimize.nnls,3.17394,1.16396171934556,2.00997828065444,0.63327544964758,0.4952380952380952,105,52,53,52,missing_p50_rep21_seed75.csv,0.0192715159998897,0.1228445866224953,0.1122693237605918,0.1812770903579435,0.3121318193460258,1156.3509188823489,0.1977432970223808,2.5414305909502173,24.737208437365197,0.0,0.0,method_specific,lrmc_softimpute_outputs/tables/lrmc_softimpute_all_masks_detailed.csv,0.07922629413490444,0.1095110105774408,-0.07444364002423852,0.29524210919674015,0.38663591518062945,0.42044491572572323,0.7491446272398331,0.6739604219495076,0.08446986442400546,0.1188854924515812,-0.07835899250429451,0.29524210919674015,0.23525903872640605,0.15714285714285714,0.6847351993279995,0.5731614817314892,0.07267183127352816,0.0965209191858898,-0.0695494494241685,0.22025275738408295,0.02201576639146726,0.4180210438103401,0.9464994609457759,0.9052765727360226,0.45832093543700564,0.5086534886058838,-0.4574549894952108,0.7858288458856229,0.7385708046046868,0.728021978021978,0.7452143891798343,0.7237723844735622,0.4597640274745386,0.5122941067261072,-0.45745498949521085,0.91264056546363,0.45941300218983294,0.4591851544681733,0.7505481597514964,0.726051290114266
LRMC-SoftImpute,50,22,76,LRMC_SoftImpute_completed_p50_rep22_seed76.csv,lrmc_softimpute_outputs/completed_matrices/LRMC_SoftImpute_completed_p50_rep22_seed76.csv,True,,15,105,27,15,12,0.5674096044228737,scipy.optimize.nnls,3.17394,1.0517046654143154,2.1222353345856844,0.6686438100864176,0.4952380952380952,105,52,53,52,missing_p50_rep22_seed76.csv,0.0588446920000933,0.1130225585592952,0.0959666741915872,0.368934637258809,0.4078374455732946,1465.247905254316,0.1904600888691461,3.220325066493002,31.345279579767904,0.0,0.0,method_specific,lrmc_softimpute_outputs/tables/lrmc_softimpute_all_masks_detailed.csv,0.08210318945872873,0.11584419341852871,-0.0786013086883587,0.3294463012283993,0.24117281927621126,0.3381232932209855,0.7924687630843604,0.6984335291107191,0.0952523920315144,0.13231922436951093,-0.09259180363521144,0.3294463012283993,0.04853057556109286,0.1464285714285714,0.7621083834975385,0.6463252016270095,0.06566668624274664,0.0911550994875774,-0.06111319000479274,0.22637,0.027550209861195607,0.04225456891223992,0.8938813808982398,0.8180131369060424,0.44876439760580794,0.4967886546419357,-0.44876439760580794,0.7838356031302804,0.8192470290488826,0.8295562927638399,0.7278315437001003,0.7086808675067391,0.44877613345411366,0.5002767190611374,-0.44877613345411366,0.8821769726674338,0.5592511896487746,0.5787787684014098,0.7329418119943364,0.7086994005525926
LRMC-SoftImpute,50,23,77,LRMC_SoftImpute_completed_p50_rep23_seed77.csv,lrmc_softimpute_outputs/completed_matrices/LRMC_SoftImpute_completed_p50_rep23_seed77.csv,True,,15,105,27,15,12,0.5960594546692299,scipy.optimize.nnls,3.17394,1.0476693623366917,2.1262706376633083,0.6699151961484175,0.4952380952380952,105,52,53,52,missing_p50_rep23_seed77.csv,0.0821092930000304,0.1169873872159036,0.0987258678818268,0.3696169544238213,0.2988986596089814,1124.239748481296,0.1907888759748828,2.4708565900687827,24.0502710186218,0.0,0.0,method_specific,lrmc_softimpute_outputs/tables/lrmc_softimpute_all_masks_detailed.csv,0.08036912920387976,0.10795260312739056,-0.07875076435790031,0.2630186333383829,0.5754083440881474,0.5302383396177784,0.7384838492769626,0.6836822651041776,0.09072019867054999,0.11867683538410652,-0.09056762009347247,0.2630186333383829,0.6673670351861729,0.782142857142857,0.6835334140155767,0.6155724748412217,0.067430292370542,0.09282096262952606,-0.06397969468843513,0.21172783795985917,-0.17664189064196742,-0.07042428152039987,0.9102170994053045,0.8399824650906811,0.45275024763489763,0.5050315713243906,-0.45275024763489763,0.7813432198468107,0.778331674672876,0.7047273481235745,0.7399080166982741,0.7149752519798324,0.45275024763489763,0.5090363571487995,-0.45275024763489763,0.9300932268001991,0.43548062700385864,0.4246734397677794,0.74577531946683,0.7149752519798324
LRMC-SoftImpute,50,24,78,LRMC_SoftImpute_completed_p50_rep24_seed78.csv,lrmc_softimpute_outputs/completed_matrices/LRMC_SoftImpute_completed_p50_rep24_seed78.csv,True,,15,105,27,15,12,0.6112490124636665,scipy.optimize.nnls,3.17394,1.1741119951299246,1.9998280048700754,0.6300774447122741,0.4952380952380952,105,52,53,52,missing_p50_rep24_seed78.csv,0.1252308099999481,0.1136116719652662,0.0985358232651607,0.2826019247570662,0.3009476649876205,1466.4944628453309,0.1836797934974064,3.223064753506222,31.371946532208188,0.0,0.0,method_specific,lrmc_softimpute_outputs/tables/lrmc_softimpute_all_masks_detailed.csv,0.07857823820692562,0.10567444009498357,-0.07406770388407688,0.27700049185422826,0.5094211260571142,0.5166448136831671,0.7228993561131704,0.6684475546440676,0.08698026192552923,0.11573914277766974,-0.08006569220813906,0.27700049185422826,0.479734784799186,0.5178571428571428,0.6666134224257523,0.5901955229427531,0.06807570855867108,0.09155058676756984,-0.06657021847899915,0.19327213609968652,0.1856021893206595,0.3821018506402369,0.8977595919687625,0.8480224462572307,0.44752984373523336,0.49553251203439447,-0.4465420480613204,0.7613491250133089,0.878450753154204,0.8391353929089779,0.7259912033368261,0.7067312816825287,0.44912552748547946,0.500121107253782,-0.4465420480613204,0.8704668376285625,0.5158216775974168,0.5424735641716774,0.7327138293685113,0.7092511574802165
LRMC-SoftImpute,50,25,79,LRMC_SoftImpute_completed_p50_rep25_seed79.csv,lrmc_softimpute_outputs/completed_matrices/LRMC_SoftImpute_completed_p50_rep25_seed79.csv,True,,15,105,27,15,12,0.5637247555421884,scipy.optimize.nnls,3.17394,1.0711185743210978,2.1028214256789024,0.6625271510107004,0.4952380952380952,105,52,53,52,missing_p50_rep25_seed79.csv,0.0442729619999227,0.1114048427553573,0.0996927091148408,0.3620804247949735,0.4003244258516178,919.85358710839,0.1793918723780534,2.0216562354030545,19.677945115615405,0.0,0.0,method_specific,lrmc_softimpute_outputs/tables/lrmc_softimpute_all_masks_detailed.csv,0.07855541378933377,0.10232423076646081,-0.07788227502514451,0.22922212866961583,0.715161995746662,0.627943258838973,0.6999811919454058,0.6682533924119586,0.08763818633587069,0.11005569186214846,-0.08642653656033002,0.22922212866961583,0.7990208687426146,0.8142857142857142,0.6338789077658132,0.5946598006170459,0.06720194810616263,0.09174823875864113,-0.06720194810616263,0.22637,0.13211694883874386,0.14948985918580535,0.8996977987801124,0.8371379693701421,0.4504913833270122,0.4973140052058495,-0.4504913833270122,0.7460216976273266,0.8461906199100938,0.8263736263736263,0.7286012205201007,0.7114080930745522,0.4504913833270121,0.5010023623851726,-0.4504913833270121,0.8653931161472304,0.5787627738455392,0.5888036491810076,0.734004932288597,0.7114080930745521
LRMC-SoftImpute,50,26,80,LRMC_SoftImpute_completed_p50_rep26_seed80.csv,lrmc_softimpute_outputs/completed_matrices/LRMC_SoftImpute_completed_p50_rep26_seed80.csv,True,,15,105,27,15,12,0.5450681384471853,scipy.optimize.nnls,3.17394,1.0345300224890175,2.1394099775109825,0.6740549529956403,0.4952380952380952,105,52,53,52,missing_p50_rep26_seed80.csv,0.0963843500001075,0.1080503670315371,0.0936748539710269,0.4932226397984063,0.4848458977204814,1400.4750170287095,0.2011185787833292,3.077967070392768,29.95962717013808,0.0,0.0,method_specific,lrmc_softimpute_outputs/tables/lrmc_softimpute_all_masks_detailed.csv,0.08059358058331909,0.10813972900277853,-0.07923740657448083,0.25636671150553436,0.5957376762124442,0.613036184825143,0.7397639428805671,0.6855916229511634,0.09274919280423356,0.1207936168936257,-0.09030807958832472,0.25636671150553436,0.6762399627454436,0.6678571428571428,0.6957252700525506,0.6293400035571324,0.06539906530717597,0.08985031926477688,-0.06539906530717597,0.21418400887572947,0.22000338590533366,0.5499132776456018,0.8810864988358863,0.8146793697627053,0.449972474787783,0.4964276450163365,-0.4496237443283675,0.8082446787702918,0.8579659216547944,0.8211901306240927,0.7273026383182335,0.7105886418085884,0.449972474787783,0.4994206952300796,-0.4496237443283675,0.9074050627940216,0.6060874970220366,0.6099315778561061,0.7316876747659975,0.7105886418085884
LRMC-SoftImpute,50,27,81,LRMC_SoftImpute_completed_p50_rep27_seed81.csv,lrmc_softimpute_outputs/completed_matrices/LRMC_SoftImpute_completed_p50_rep27_seed81.csv,True,,15,105,27,15,12,0.544398950375345,scipy.optimize.nnls,3.17394,1.2270429493739985,1.9468970506260015,0.6134007103555837,0.4952380952380952,105,52,53,52,missing_p50_rep27_seed81.csv,0.2092560500000218,0.1214335962913058,0.1051497099026721,0.3206264992231365,0.3176812089131733,908.0781988972124,0.1795538529126864,1.9957762613125547,19.426040414495493,0.0,0.0,method_specific,lrmc_softimpute_outputs/tables/lrmc_softimpute_all_masks_detailed.csv,0.07684649331063405,0.09823375375241647,-0.07210729817133338,0.2462833969334811,0.6624874902287679,0.6775394189409034,0.6719989930618296,0.6537159868766012,0.07849609511023999,0.10125660009354351,-0.06996554385949881,0.2462833969334811,0.7122266019858066,0.7714285714285712,0.5831994873265623,0.5326270912154453,0.07478449106112663,0.09431905702732427,-0.07478449106112663,0.19946064321230894,0.5948209572736491,0.5232000667841014,0.9249076509657498,0.9315940795107696,0.45601270007661115,0.5071716988419648,-0.4548797252461231,0.8183614850809502,0.6734115352133856,0.6470868753887621,0.7430434593060643,0.720127259667893,0.4559610874883123,0.5111727755816974,-0.4559610874883123,0.8875706910936328,0.4473942845664568,0.4327700601285506,0.7489053279955598,0.7200457539734907
LRMC-SoftImpute,50,28,82,LRMC_SoftImpute_completed_p50_rep28_seed82.csv,lrmc_softimpute_outputs/completed_matrices/LRMC_SoftImpute_completed_p50_rep28_seed82.csv,True,,15,105,27,15,12,0.5886862389056513,scipy.optimize.nnls,3.17394,1.073635666144689,2.100304333855311,0.6617341014182092,0.4952380952380952,105,52,53,52,missing_p50_rep28_seed82.csv,0.076029698999946,0.1149162168569782,0.0975885787696671,0.2759864703126674,0.2213779561171348,1027.4707438835126,0.1848082260416619,2.258177459084643,21.98014248071619,0.0,0.0,method_specific,lrmc_softimpute_outputs/tables/lrmc_softimpute_all_masks_detailed.csv,0.07910460208302585,0.10726679417177686,-0.07778904940204853,0.2768958751071596,0.5590940067732708,0.5878942973453481,0.7337923566891222,0.6729252147935052,0.08843355979096751,0.1202106118524599,-0.08720057742106062,0.2768958751071596,0.5092845212589001,0.5857142857142856,0.6923673828550486,0.600056724492345,0.06744340494809882,0.08846260534443243,-0.06602463937828344,0.21819642194519098,0.35242927734634466,-0.007118564723133589,0.8674783557656431,0.8401458091135624,0.449084106044968,0.4979525107200977,-0.44890796570640984,0.7791235579348805,0.8266583039370867,0.8155504872486006,0.7295366775796651,0.7091857454676959,0.44988827127613773,0.502545031811402,-0.44890796570640984,0.9045818542894023,0.5073129821781583,0.52600041467966,0.7362650552994994,0.7104556690995271
LRMC-SoftImpute,50,29,83,LRMC_SoftImpute_completed_p50_rep29_seed83.csv,lrmc_softimpute_outputs/completed_matrices/LRMC_SoftImpute_completed_p50_rep29_seed83.csv,True,,15,105,27,15,12,0.6493229951089944,scipy.optimize.nnls,3.17394,1.185968935441469,1.987971064558531,0.6263417281229421,0.4952380952380952,105,52,53,52,missing_p50_rep29_seed83.csv,0.1438695389999793,0.1252995045787964,0.1039682530361125,0.152263685071409,0.125501579441646,967.016514684211,0.1829192607709165,2.1253110212839803,20.68687687751263,0.0,0.0,method_specific,lrmc_softimpute_outputs/tables/lrmc_softimpute_all_masks_detailed.csv,0.07535541827147713,0.10040849027363054,-0.07362855794661224,0.22925436651705464,0.6469369736048343,0.6537207463687714,0.6868759645365626,0.64103174393022,0.07671899431353683,0.10284836526733708,-0.07361064572878008,0.22925436651705464,0.7939469583505764,0.8571428571428571,0.5923674490440511,0.5205687585453254,0.07365094821890249,0.09727262343595175,-0.07365094821890249,0.22637,0.01248428464857555,0.14145562299541156,0.953870792191638,0.917473480631188,0.4523224029977163,0.5061803040751006,-0.45230330558084625,0.7910722858373129,0.7118521127761955,0.6744246319718017,0.7415909938021912,0.7142996072311549,0.45265967372551164,0.5118709585765184,-0.45265967372551164,0.9655599491094045,0.3499231884776205,0.38773584905660374,0.749928216908496,0.7148322192503654
LRMC-SoftImpute,50,30,84,LRMC_SoftImpute_completed_p50_rep30_seed84.csv,lrmc_softimpute_outputs/completed_matrices/LRMC_SoftImpute_completed_p50_rep30_seed84.csv,True,,15,105,27,15,12,0.5249925907958244,scipy.optimize.nnls,3.17394,1.0852521032792342,2.088687896720766,0.6580741591588896,0.4952380952380952,105,52,53,52,missing_p50_rep30_seed84.csv,0.1448244190000878,0.1018755391804804,0.0887793702936222,0.537439566669999,0.5635618543498676,987.5131263530992,0.1776165829279784,2.1703585194573605,21.125350135788825,0.0,0.0,method_specific,lrmc_softimpute_outputs/tables/lrmc_softimpute_all_masks_detailed.csv,0.07789998887585863,0.10141411316254764,-0.077358810989658,0.26127758450591115,0.7655083828558876,0.7495419846901085,0.6937552452617542,0.6626778387897008,0.09011572838743977,0.11550770294160485,-0.08914160819227863,0.26127758450591115,0.7340828159329876,0.8107142857142855,0.6652804170353354,0.611470904589007,0.06263031448638219,0.08039473543504577,-0.06263031448638219,0.17024797216090568,0.7174379529600711,0.4859275424907591,0.7883635422659034,0.7801889047519347,0.4458019262105202,0.49186347993483703,-0.4458019262105202,0.785890762998267,0.8652411117371871,0.8233049968899026,0.7206158042169915,0.7040025846269539,0.44580192621052034,0.4948588600829493,-0.44580192621052034,0.8681254526191151,0.6323061509690941,0.6321376736471076,0.7250042541882182,0.7040025846269541
LRMC-SoftImpute,65,1,55,LRMC_SoftImpute_completed_p65_rep01_seed55.csv,lrmc_softimpute_outputs/completed_matrices/LRMC_SoftImpute_completed_p65_rep01_seed55.csv,True,,15,105,27,15,12,0.6340083737023382,scipy.optimize.nnls,3.17394,1.0597697205675252,2.114170279432475,0.6661027868934116,0.6476190476190476,105,68,37,68,missing_p65_rep01_seed55.csv,0.2121017360000223,0.1186379795311016,0.1059263108317914,0.2559811407746828,0.2507920754284841,1526.3962196526645,0.2245507708037251,3.354716966269592,32.65339338342838,0.0,0.0,method_specific,lrmc_softimpute_outputs/tables/lrmc_softimpute_all_masks_detailed.csv,0.08303745838102887,0.10576208565541993,-0.07830260294194352,0.26728568150552817,0.6132766044374568,0.5794160590439165,0.7234989232284413,0.7063811465521653,0.09523762757062032,0.12129304936840946,-0.08671488778026665,0.26728568150552817,0.4134158935274937,0.3285714285714285,0.6986018110679416,0.646225018912846,0.06778724689403957,0.08232640787472506,-0.06778724689403957,0.18561,0.7355676214886033,0.5934405889807508,0.80730582895672,0.844429065128022,0.4664842296978806,0.5177295675064748,-0.46512660022935537,0.8264942047489148,0.671319790163044,0.5967862326352893,0.7585115054791634,0.7366637156249948,0.46885537834451413,0.5218281394982875,-0.46512660022935526,0.8736623382193561,0.3797871091405575,0.3228488492639436,0.7645162118103036,0.7404081919890929
LRMC-SoftImpute,65,2,56,LRMC_SoftImpute_completed_p65_rep02_seed56.csv,lrmc_softimpute_outputs/completed_matrices/LRMC_SoftImpute_completed_p65_rep02_seed56.csv,True,,15,105,27,15,12,0.6330143547812458,scipy.optimize.nnls,3.17394,1.0133042967026864,2.160635703297314,0.6807424536372186,0.6476190476190476,105,68,37,68,missing_p65_rep02_seed56.csv,0.035710058999939,0.1417436385402601,0.1248829759649448,0.1161682010846815,0.1420391647898614,1435.584961924202,0.2317552503332752,3.155131784448796,30.710715798098576,0.0,0.0,method_specific,lrmc_softimpute_outputs/tables/lrmc_softimpute_all_masks_detailed.csv,0.08375994411131542,0.10878243517360357,-0.08002354456656716,0.2454325906785224,0.5430226942694812,0.38439526285052394,0.7441605772667231,0.7125271715928834,0.09004546245238171,0.11496367257936854,-0.08535789761544953,0.2454325906785224,0.6049890990324965,0.6107142857142855,0.6621470091581877,0.6109941223930399,0.07590304618498259,0.10052280059271644,-0.07335560325546421,0.22637,-0.3941830958026751,-0.3744413549878542,0.985742545515199,0.945527975646252,0.4804659613381005,0.5370089441439104,-0.479933429283813,0.8894825906785224,0.41307327008637373,0.4694484760522496,0.7867571957309148,0.7587434210581809,0.4834600657996645,0.5438744464734626,-0.4806915234023139,0.9252649392351614,0.15199697833470202,0.14805100559817544,0.7968156564306588,0.7634716583215362
LRMC-SoftImpute,65,3,57,LRMC_SoftImpute_completed_p65_rep03_seed57.csv,lrmc_softimpute_outputs/completed_matrices/LRMC_SoftImpute_completed_p65_rep03_seed57.csv,True,,15,105,27,15,12,0.7743466882935474,scipy.optimize.nnls,3.17394,0.8819037796825777,2.2920362203174225,0.7221422649191297,0.6476190476190476,105,68,37,68,missing_p65_rep03_seed57.csv,0.0607799889999114,0.1466408385934593,0.1212838555806454,0.1884586183552189,0.1963965339542695,1868.9139005065235,0.2402471657199872,4.107503078036316,39.98069440114558,0.0,0.0,method_specific,lrmc_softimpute_outputs/tables/lrmc_softimpute_all_masks_detailed.csv,0.08914193931903497,0.11262702013702482,-0.08489023038212674,0.2666367474374992,0.5519643514008702,0.5560669336381366,0.7704606739796228,0.7583106049937757,0.10748783899737294,0.13256901090919668,-0.10526079459868837,0.2666367474374992,0.5016003182522738,0.42499999999999993,0.7635470589196959,0.7293475547516292,0.06620956472111257,0.08107234071694645,-0.05942702511142473,0.1648396447814503,0.4808242641325954,0.32035538148960857,0.7950082472631468,0.8247758007841202,0.4766226893314876,0.5257749484524394,-0.475544577254854,0.8030066416512727,0.663405647710716,0.6636118598382749,0.7702985742433994,0.7526741932980429,0.4787147091033587,0.5350957230653544,-0.4787147091033587,0.9646693794981046,0.34671512881049493,0.391955214596724,0.7839541875743604,0.7559778742377086
LRMC-SoftImpute,65,4,58,LRMC_SoftImpute_completed_p65_rep04_seed58.csv,lrmc_softimpute_outputs/completed_matrices/LRMC_SoftImpute_completed_p65_rep04_seed58.csv,True,,15,105,27,15,12,0.695048138213452,scipy.optimize.nnls,3.17394,0.8808596936024518,2.293080306397548,0.722471220753243,0.6476190476190476,105,68,37,68,missing_p65_rep04_seed58.csv,0.0597460209999098,0.1290540027676514,0.1094485072404191,0.3712429855352864,0.282131541779593,1694.4891970963572,0.2463290606321662,3.724152081530456,36.24931824670514,0.0,0.0,method_specific,lrmc_softimpute_outputs/tables/lrmc_softimpute_all_masks_detailed.csv,0.08664548446271957,0.10899194255049091,-0.08492890023694624,0.2553169710419246,0.7065432532319172,0.5929193994029908,0.7455937785944678,0.737073820076444,0.10250295102542634,0.1253022336393449,-0.10250295102542634,0.2553169710419246,0.7430391134468874,0.6392857142857141,0.7216931869313147,0.6955231157549635,0.0668236512593361,0.08427624679190561,-0.06296133675134612,0.18561,0.4567651994730401,0.2985864598645287,0.8264262590107292,0.8324255069624868,0.473810702023137,0.5236396257750745,-0.473810702023137,0.8180717670684308,0.7331304559967733,0.6485589881816297,0.767170171076293,0.7482335522495739,0.473810702023137,0.5292620303079637,-0.473810702023137,0.9447969786684252,0.3827815284597382,0.34427742069251505,0.7754074030103207,0.7482335522495739
LRMC-SoftImpute,65,5,59,LRMC_SoftImpute_completed_p65_rep05_seed59.csv,lrmc_softimpute_outputs/completed_matrices/LRMC_SoftImpute_completed_p65_rep05_seed59.csv,True,,15,105,27,15,12,0.5857233499298466,scipy.optimize.nnls,3.17394,1.011711335717107,2.162228664282893,0.6812443411919863,0.6476190476190476,105,68,37,68,missing_p65_rep05_seed59.csv,0.2273653419999846,0.1262508415995966,0.1125782237823578,0.1458506991896579,0.2026949650723365,1197.3029376353882,0.2236603212955954,2.631435027770084,25.61327348585753,0.0,0.0,method_specific,lrmc_softimpute_outputs/tables/lrmc_softimpute_all_masks_detailed.csv,0.08107014041363352,0.10969341199843363,-0.08008254312158863,0.2862072371559604,0.5092336311139568,0.4391654557689854,0.7503924017222088,0.6896456111861299,0.08929397252746941,0.11910945991229592,-0.08827583270258543,0.2862072371559604,0.4961253581744906,0.5071428571428571,0.6860251666797177,0.6058949656487251,0.07079035027133868,0.09664171526795351,-0.06984093114534264,0.22637,-0.1594880850294642,-0.1343639069390379,0.9476840065087689,0.881838871449548,0.4739595764239103,0.5263362887398063,-0.4739595764239103,0.8443751578214052,0.5941597102259943,0.5374455732946299,0.7711209786281972,0.7484686520927263,0.47395957642391023,0.5309271591731393,-0.47395957642391023,0.8964222931468409,0.3470570113343595,0.3270578478125648,0.7778469380139408,0.7484686520927263
LRMC-SoftImpute,65,6,60,LRMC_SoftImpute_completed_p65_rep06_seed60.csv,lrmc_softimpute_outputs/completed_matrices/LRMC_SoftImpute_completed_p65_rep06_seed60.csv,True,,15,105,27,15,12,0.661122289968172,scipy.optimize.nnls,3.17394,1.0616833631616467,2.112256636838353,0.6654998635255717,0.6476190476190476,105,68,37,68,missing_p65_rep06_seed60.csv,0.1800373399998989,0.133058512646589,0.1152034321852573,0.1268962519516586,0.0883307248921632,1397.1310647671048,0.2295810959441929,3.070617724762868,29.88809175407263,0.0,0.0,method_specific,lrmc_softimpute_outputs/tables/lrmc_softimpute_all_masks_detailed.csv,0.07827566924717397,0.10632902111297256,-0.07823172729030939,0.28536675718978877,0.5794668852343988,0.6244868024303012,0.7273772241388048,0.6658736679564508,0.08300056283844039,0.11617224849740125,-0.0829214673160841,0.28536675718978877,0.4857067335421803,0.6749999999999999,0.6691079465700774,0.5631916886030706,0.07236955225809097,0.09256455851576907,-0.07236955225809097,0.20972752663109456,0.5085937314182183,0.2829112459908231,0.9077027599491304,0.9015110681889439,0.4739808726880979,0.5281097169374859,-0.4739808726880979,0.8983330517692334,0.5642117041793545,0.5145967240306862,0.773719180037786,0.7485022827796962,0.47467422766662165,0.5338737560700125,-0.47467422766662165,0.9479724640817243,0.28413126731520283,0.24443292556500104,0.7821639169708353,0.7495972168036336
LRMC-SoftImpute,65,7,61,LRMC_SoftImpute_completed_p65_rep07_seed61.csv,lrmc_softimpute_outputs/completed_matrices/LRMC_SoftImpute_completed_p65_rep07_seed61.csv,True,,15,105,27,15,12,0.6735330340140927,scipy.optimize.nnls,3.17394,1.0010042242352755,2.1729357757647243,0.684617786021388,0.6476190476190476,105,68,37,68,missing_p65_rep07_seed61.csv,0.0376794230000996,0.1308871443367193,0.115827032007785,0.2606011619987632,0.2886590067564988,1427.3202902807147,0.2386851928620321,3.1369676709466257,30.533914014338222,0.0,0.0,method_specific,lrmc_softimpute_outputs/tables/lrmc_softimpute_all_masks_detailed.csv,0.08406379269409975,0.10697918823786073,-0.0804791028061009,0.2531464821821391,0.6234627398519923,0.5860110785228085,0.7318248975357508,0.7151119437483674,0.09232862865921646,0.11612869434845635,-0.08644794470038905,0.2531464821821391,0.6076177269879443,0.682142857142857,0.6688570912449713,0.626486309282081,0.0737327477377039,0.09430211051309881,-0.07301805043824072,0.21701329914943387,0.3568162415730388,0.39108319298731437,0.9247414707561683,0.9184924612559267,0.4768138123901173,0.5237189823229553,-0.47597371468171334,0.8135407175526059,0.778947100652943,0.7674580136844288,0.7672864341958453,0.7529760114808417,0.47891884509968685,0.5290925410229516,-0.4759737146817133,0.8579271355218823,0.4360929172579213,0.4478229317851959,0.7751590888694917,0.7563002422235359
LRMC-SoftImpute,65,8,62,LRMC_SoftImpute_completed_p65_rep08_seed62.csv,lrmc_softimpute_outputs/completed_matrices/LRMC_SoftImpute_completed_p65_rep08_seed62.csv,True,,15,105,27,15,12,0.7025459362596636,scipy.optimize.nnls,3.17394,0.8100778435829094,2.3638621564170905,0.7447721621760621,0.6476190476190476,105,68,37,68,missing_p65_rep08_seed62.csv,0.0309932300001491,0.1506285432311509,0.1267342678795123,0.1631401177451906,0.0518761690269878,2301.6575246733228,0.2738413841231247,5.058587966314995,49.23815168003246,0.0,0.0,method_specific,lrmc_softimpute_outputs/tables/lrmc_softimpute_all_masks_detailed.csv,0.09129701990814869,0.12334287860757441,-0.08755045023767002,0.32732917570146214,0.19403648530520592,0.1139204893103527,0.843765885548261,0.776643395124046,0.10847281487972298,0.14015256349301225,-0.10847281487972298,0.32732917570146214,0.27468158237934975,0.2071428571428571,0.8072254361801355,0.7360310061818779,0.06982727619368083,0.09837109085055348,-0.06139749443510383,0.22637,-0.30637622187626984,-0.2649954831297692,0.9646425380945617,0.8698418103457557,0.48486596352895883,0.5395570298677557,-0.48486596352895883,0.8544710504839528,0.4358697533044838,0.35201119635081896,0.7904903268089648,0.7656918273628808,0.4853196782709864,0.5459505379813904,-0.4853196782709864,0.94845850044812,0.22416001755220177,0.18725896744764667,0.7998572816226971,0.7664083257274928
LRMC-SoftImpute,65,9,63,LRMC_SoftImpute_completed_p65_rep09_seed63.csv,lrmc_softimpute_outputs/completed_matrices/LRMC_SoftImpute_completed_p65_rep09_seed63.csv,True,,15,105,27,15,12,0.7144542816448851,scipy.optimize.nnls,3.17394,1.1315960436002164,2.0423439563997836,0.64347276772711,0.6476190476190476,105,68,37,68,missing_p65_rep09_seed63.csv,0.0841048610000143,0.1324826848033684,0.1139295784904154,0.00380064217427,-0.0396610298889185,1815.30936671954,0.2352401445098864,3.9896909158671208,38.83396073766732,0.0,0.0,method_specific,lrmc_softimpute_outputs/tables/lrmc_softimpute_all_masks_detailed.csv,0.08046592633329547,0.1048942459396296,-0.07564236875554754,0.24683959603279843,0.5592602022715436,0.5243449944708604,0.7175621917805115,0.6845056967047196,0.08196061599759563,0.10801904748153253,-0.07523809002260644,0.24683959603279843,0.6679368148500465,0.6892857142857142,0.6221486110982929,0.5561352374499281,0.07859756425292026,0.10085218439268387,-0.07614771717172389,0.22637,-0.27855573490562824,-0.11014738248086345,0.9889725353634414,0.9790937196074401,0.47034335174913156,0.5271422536392487,-0.4693829908955617,0.8229365160945685,0.5094617677402019,0.46268919759485794,0.772301775877587,0.7427579734976909,0.47201228460060785,0.5336058894817423,-0.4693829908955617,0.9118589937517759,0.1631074169743363,0.133589052456977,0.7817714729191753,0.7453935229916007
LRMC-SoftImpute,65,10,64,LRMC_SoftImpute_completed_p65_rep10_seed64.csv,lrmc_softimpute_outputs/completed_matrices/LRMC_SoftImpute_completed_p65_rep10_seed64.csv,True,,15,105,27,15,12,0.7141517856810966,scipy.optimize.nnls,3.17394,0.9985597137084612,2.1753802862915386,0.6853879677282931,0.6476190476190476,105,68,37,68,missing_p65_rep10_seed64.csv,0.1184524000000237,0.1412808425627763,0.1234122685934082,0.0492526035682067,0.0376378974691758,1758.6297243641145,0.2442608194819519,3.865120273327724,37.62144289018151,0.0,0.0,method_specific,lrmc_softimpute_outputs/tables/lrmc_softimpute_all_masks_detailed.csv,0.08563124230031137,0.11503912363055974,-0.08056964023301996,0.31844663291319103,0.33117293087263044,0.34422461364587653,0.7869614291365692,0.7284458881101744,0.09325248793189385,0.1263558731793153,-0.08947998830111373,0.31844663291319103,0.24314727580516746,0.2678571428571428,0.7277617497605037,0.6327550603124031,0.07610468526083326,0.09909208628423466,-0.06943170514790273,0.22637,-0.35606194554669346,-0.35830375183743435,0.9717127338104699,0.9480398035211917,0.47716751505645566,0.5361575907161568,-0.476695615841739,0.8665876747841322,0.3316240737149473,0.23814016172506736,0.785509900983407,0.7535345725292615,0.47892365068793386,0.5419253869976437,-0.47681583250521764,0.925494303082326,0.11737851071508851,0.11273066556085423,0.7939601424131919,0.7563078311242284
LRMC-SoftImpute,65,11,65,LRMC_SoftImpute_completed_p65_rep11_seed65.csv,lrmc_softimpute_outputs/completed_matrices/LRMC_SoftImpute_completed_p65_rep11_seed65.csv,True,,15,105,27,15,12,0.6048580569651201,scipy.optimize.nnls,3.17394,0.9970341377763066,2.1769058622236934,0.6858686245561332,0.6476190476190476,105,68,37,68,missing_p65_rep11_seed65.csv,0.0844314559999475,0.1225734614103632,0.1069511477996837,0.0884439613667105,0.0585181509333129,1551.5136875531066,0.2238120048435424,3.4099201924244102,33.19071819437125,0.0,0.0,method_specific,lrmc_softimpute_outputs/tables/lrmc_softimpute_all_masks_detailed.csv,0.08540936136741141,0.10954471249026689,-0.08062614304532198,0.2710758961787764,0.5691988432040936,0.44825684705780117,0.7493751758101389,0.7265583964788584,0.10101997661625978,0.1233829858641695,-0.09241018363649879,0.2710758961787764,0.5245891629112656,0.39642857142857135,0.710639050040476,0.6854605471037201,0.06589609230635096,0.08927988338280335,-0.06589609230635096,0.18561,0.2872950729699188,-0.03625568919060187,0.8754927139927038,0.8208708595116956,0.4692532233204809,0.5250902505847759,-0.46786438277480574,0.8351466395466436,0.5041780146640525,0.41473149492017414,0.7692954420234237,0.7410364617988316,0.47081867959638773,0.5290376103973885,-0.4678643827748058,0.9208500979998027,0.24690112380724538,0.22565830396019074,0.7750786115042653,0.7435086028990889
LRMC-SoftImpute,65,12,66,LRMC_SoftImpute_completed_p65_rep12_seed66.csv,lrmc_softimpute_outputs/completed_matrices/LRMC_SoftImpute_completed_p65_rep12_seed66.csv,True,,15,105,27,15,12,0.7206137936432658,scipy.optimize.nnls,3.17394,1.1164932394180196,2.05744676058198,0.6482311450695288,0.6476190476190476,105,68,37,68,missing_p65_rep12_seed66.csv,0.1258477730000322,0.1361273699859851,0.1206240878938153,0.0468797694559444,0.0308432263236248,1747.2636170181554,0.2490715857681449,3.84013981762232,37.37829371984988,0.0,0.0,method_specific,lrmc_softimpute_outputs/tables/lrmc_softimpute_all_masks_detailed.csv,0.07629976026447578,0.09925432889612826,-0.07620173187340668,0.23767022964448148,0.7350576832411382,0.684820686728846,0.6789805594045634,0.6490650507384659,0.07853558646451249,0.10465615045787785,-0.07835913536058811,0.23767022964448148,0.8088607591062589,0.8642857142857141,0.6027796038600922,0.5328950556934844,0.0735049775144299,0.09205738305301395,-0.0735049775144299,0.18561,0.5656287348481324,0.19275791934151107,0.9027293168224841,0.9156551163936415,0.47494568899395023,0.5283970942565193,-0.47494568899395023,0.8199005665489892,0.6455671095203402,0.5745905038357868,0.7741402087303337,0.7500259037716107,0.47655374585896326,0.5361625172127603,-0.4749456889939503,0.9105260142296144,0.23096205572629816,0.19818577648766328,0.7855171186595648,0.7525653189751729
LRMC-SoftImpute,65,13,67,LRMC_SoftImpute_completed_p65_rep13_seed67.csv,lrmc_softimpute_outputs/completed_matrices/LRMC_SoftImpute_completed_p65_rep13_seed67.csv,True,,15,105,27,15,12,0.6136979692318425,scipy.optimize.nnls,3.17394,0.9234047753931046,2.2505352246068955,0.709066719788936,0.6476190476190476,105,68,37,68,missing_p65_rep13_seed67.csv,0.0524993950000407,0.1277648274882914,0.1125650173662154,0.2803767885158769,0.231629575905638,1279.892218004347,0.2204707268205394,2.8129499296798826,27.38006262384133,0.0,0.0,method_specific,lrmc_softimpute_outputs/tables/lrmc_softimpute_all_masks_detailed.csv,0.08610231382877025,0.11710686913769498,-0.08335315646692205,0.3237735506440782,0.3235499940995207,0.3854823043690853,0.8011064948153693,0.7324531885847864,0.09889853418226315,0.13087996501135193,-0.09680741683827009,0.3237735506440782,0.28148928166320913,0.35357142857142854,0.7538187972480214,0.6710657200589638,0.07010703838690414,0.09718325857141684,-0.066535331002737,0.22637,-0.20032405017783275,-0.10077293020427841,0.9529944661389728,0.8733268217322042,0.4754306541654813,0.5282325736360932,-0.4754306541654813,0.8611221317890853,0.6251281851936803,0.5071117561683599,0.7738991740448266,0.750791752266511,0.47574027382998524,0.532668519481757,-0.4756357225653106,0.9233719423962754,0.34104419345037684,0.2719676549865229,0.7803981576316126,0.7512806982114398
LRMC-SoftImpute,65,14,68,LRMC_SoftImpute_completed_p65_rep14_seed68.csv,lrmc_softimpute_outputs/completed_matrices/LRMC_SoftImpute_completed_p65_rep14_seed68.csv,True,,15,105,27,15,12,0.5941771075905596,scipy.optimize.nnls,3.17394,0.979210349301643,2.194729650698357,0.6914842910383804,0.6476190476190476,105,68,37,68,missing_p65_rep14_seed68.csv,0.0893084809999891,0.1187787524063141,0.1018372418614966,0.3023281115032156,0.3266022827041264,1315.3079847447689,0.2239632507290351,2.890786779658833,28.13769353805697,0.0,0.0,method_specific,lrmc_softimpute_outputs/tables/lrmc_softimpute_all_masks_detailed.csv,0.08547517569671408,0.11584293119174022,-0.08128628335919841,0.31954747456300975,0.31666501914230644,0.45137145224047853,0.7924601284236814,0.7271182643059667,0.10031027485320587,0.13634664286501172,-0.09395119978147726,0.31954747456300975,-0.15582491325663736,0.03214285714285714,0.7853047815560917,0.6806449395864926,0.06693130175109939,0.08340297845558794,-0.06545513783134985,0.19523037547451857,0.5987880224158574,0.2573338994107717,0.817862851030809,0.833766514427539,0.4689416978565781,0.5194808888754131,-0.4680765298697546,0.7954437693609391,0.7018895434396362,0.7142753472942152,0.7610773187753387,0.7405445062489108,0.46909785338479815,0.5237249185376802,-0.46807652986975473,0.8955439374354357,0.40332796155847445,0.3892597968069666,0.767295131182555,0.7407911043208509
LRMC-SoftImpute,65,15,69,LRMC_SoftImpute_completed_p65_rep15_seed69.csv,lrmc_softimpute_outputs/completed_matrices/LRMC_SoftImpute_completed_p65_rep15_seed69.csv,True,,15,105,27,15,12,0.6464476269492003,scipy.optimize.nnls,3.17394,0.9650838994257777,2.208856100574222,0.6959350525133501,0.6476190476190476,105,68,37,68,missing_p65_rep15_seed69.csv,0.0784334449999732,0.1303486216251256,0.1125131717207066,0.3218568844861887,0.3033935183417948,1951.8644153590783,0.2513823384464738,4.2898119018880845,41.75521123888692,0.0,0.0,method_specific,lrmc_softimpute_outputs/tables/lrmc_softimpute_all_masks_detailed.csv,0.08373214950045904,0.10677486544247963,-0.08180948520645269,0.25333814454121434,0.6498884904850896,0.5216861083336207,0.7304271629739448,0.7122907290346995,0.09750169173390179,0.1225444558202254,-0.09585064995965112,0.25333814454121434,0.5812057114629259,0.4392857142857142,0.7058094360569497,0.6615875908716189,0.06652022170865556,0.08294897339774737,-0.06425802926495464,0.18561,0.5660256805910144,0.10563642228059983,0.8134108053381528,0.8286456701413528,0.4756127863751305,0.524867213174954,-0.4756127863751305,0.8096816486086824,0.6789583603795504,0.6587704748082107,0.7689686759816136,0.7510793722582566,0.4756127863751305,0.5297445197108444,-0.4756127863751305,0.8549826381613344,0.41096967419889496,0.40778561061579927,0.7761142851092501,0.7510793722582566
LRMC-SoftImpute,65,16,70,LRMC_SoftImpute_completed_p65_rep16_seed70.csv,lrmc_softimpute_outputs/completed_matrices/LRMC_SoftImpute_completed_p65_rep16_seed70.csv,True,,15,105,27,15,12,0.6982701947629676,scipy.optimize.nnls,3.17394,1.0120659645392542,2.1618740354607455,0.6811326097723163,0.6476190476190476,105,68,37,68,missing_p65_rep16_seed70.csv,0.0607751360000747,0.1349137707457798,0.1146365476746166,0.0790040599243671,0.0924151620414551,2021.2275554324135,0.2449973953584499,4.442258363587722,43.23906049765923,0.0,0.0,method_specific,lrmc_softimpute_outputs/tables/lrmc_softimpute_all_masks_detailed.csv,0.08657160767992912,0.11579934302613258,-0.08006940872076837,0.2745829185916313,0.2810659391020001,0.2844908298377704,0.7921619498213288,0.7364453667549123,0.09922432102566339,0.12857699039285775,-0.09054076169178803,0.2745829185916313,0.14304818405872072,0.2607142857142857,0.7405545397518077,0.673276312808996,0.07075571599776127,0.09750022860887314,-0.06698021750699379,0.22637,-0.19557633326223164,-0.1866165374153304,0.9561027246607401,0.8814074306019196,0.4740029017095005,0.5254336627969429,-0.47284455142363135,0.7783347894491024,0.6045470406183567,0.5972009122952519,0.7697985659135761,0.748537070624011,0.47553409782786477,0.5308460086292682,-0.47284455142363135,0.881427082772013,0.32089874513173494,0.3446402653949824,0.7777280465596657,0.7509551086842372
LRMC-SoftImpute,65,17,71,LRMC_SoftImpute_completed_p65_rep17_seed71.csv,lrmc_softimpute_outputs/completed_matrices/LRMC_SoftImpute_completed_p65_rep17_seed71.csv,True,,15,105,27,15,12,0.6114222855204587,scipy.optimize.nnls,3.17394,0.8823845290755111,2.291555470924489,0.721990797218753,0.6476190476190476,105,68,37,68,missing_p65_rep17_seed71.csv,0.176535129000058,0.135174886510279,0.1161064953533349,0.0679269137389656,0.0355765927396266,1351.575240379677,0.226767960435098,2.970495033801489,28.91353990739186,0.0,0.0,method_specific,lrmc_softimpute_outputs/tables/lrmc_softimpute_all_masks_detailed.csv,0.08691383736032829,0.11886831125171346,-0.08487242484905515,0.31243453794587933,0.2949458730187232,0.40703482937374663,0.8131561954706087,0.7393566383513437,0.10125969181335884,0.13655397669453812,-0.09864444598854635,0.31243453794587933,0.07497709969706735,0.09999999999999999,0.7864989455214385,0.6870871096476491,0.06898151929404009,0.09210338759112736,-0.06765739842469111,0.20700743755041892,0.17127362234792157,0.2651318963626133,0.9031804446286911,0.8593061750926296,0.47530668533943143,0.530249382194752,-0.47530668533943143,0.8920230142725143,0.4633684382061586,0.42364710760937174,0.7768539454005738,0.7505959828702363,0.4762600176076826,0.5347449265959825,-0.4753066853394315,0.9655667662232419,0.27605235706619335,0.2749429815467551,0.7834402452098523,0.7521014684713465
LRMC-SoftImpute,65,18,72,LRMC_SoftImpute_completed_p65_rep18_seed72.csv,lrmc_softimpute_outputs/completed_matrices/LRMC_SoftImpute_completed_p65_rep18_seed72.csv,True,,15,105,27,15,12,0.5789023845607323,scipy.optimize.nnls,3.17394,0.9479141579050945,2.2260258420949057,0.7013446511575221,0.6476190476190476,105,68,37,68,missing_p65_rep18_seed72.csv,0.111892834000173,0.1215149352951963,0.1042909110219404,0.2445538477476604,0.1846012902240714,1365.5444193943206,0.2256251907992954,3.001196526141364,29.212375224025752,0.0,0.0,method_specific,lrmc_softimpute_outputs/tables/lrmc_softimpute_all_masks_detailed.csv,0.0836100254003611,0.11002246171019917,-0.08244540155907057,0.2605979514140841,0.5933978919594506,0.5778056276561144,0.7526433701167489,0.7112518465408135,0.09492915330800124,0.12015018598965362,-0.09283283039367829,0.2605979514140841,0.6798397809974391,0.7035714285714285,0.6920193528779672,0.6441318988795134,0.06946111551581095,0.09586988938166195,-0.06946111551581095,0.22637,-0.08569784220628576,0.21711622405557449,0.940115359302747,0.865280528791076,0.4713384902700956,0.5256365431843539,-0.4713384902700956,0.8517307000008543,0.5639490678886883,0.5029856935517313,0.7700958004501866,0.7443294788000024,0.4713384902700956,0.5290226853640366,-0.4713384902700956,0.9074172080054358,0.3375211204491454,0.31285506945884306,0.7750567452439093,0.7443294788000024
LRMC-SoftImpute,65,19,73,LRMC_SoftImpute_completed_p65_rep19_seed73.csv,lrmc_softimpute_outputs/completed_matrices/LRMC_SoftImpute_completed_p65_rep19_seed73.csv,True,,15,105,27,15,12,0.6683468850092354,scipy.optimize.nnls,3.17394,1.0319246339304877,2.1420153660695123,0.6748758218710852,0.6476190476190476,105,68,37,68,missing_p65_rep19_seed73.csv,0.0604505519997928,0.1344739352305828,0.1180306693667161,0.2287510920703015,0.1831507424514257,1392.7335593743828,0.228741826259754,3.0609528777458963,29.794018228702544,0.0,0.0,method_specific,lrmc_softimpute_outputs/tables/lrmc_softimpute_all_masks_detailed.csv,0.08310915372933317,0.10520663006024178,-0.07933390244701898,0.26719465364807216,0.6441872454538115,0.5451913094647555,0.719699153939455,0.7069910428968398,0.09040477781516634,0.11178705700766708,-0.08360932550700077,0.26719465364807216,0.6872765242781603,0.7249999999999999,0.6438509122011657,0.6134322194250034,0.07398962362204171,0.09635116048278308,-0.07398962362204171,0.20689572854054938,0.19744841305563876,0.22466481299271251,0.944834780145628,0.921692376768123,0.48007450271130137,0.5309786325367687,-0.4791037238101349,0.8604757041384974,0.6702165423806815,0.6079618494712835,0.7779223502387567,0.7581252364590615,0.48012569004440375,0.5376848251039704,-0.4791037238101349,0.9696092909999094,0.2871219473592215,0.26219158200290277,0.7877474105394082,0.7582060705979146
LRMC-SoftImpute,65,20,74,LRMC_SoftImpute_completed_p65_rep20_seed74.csv,lrmc_softimpute_outputs/completed_matrices/LRMC_SoftImpute_completed_p65_rep20_seed74.csv,True,,15,105,27,15,12,0.6372175049430993,scipy.optimize.nnls,3.17394,0.9805989823361447,2.1933410176638555,0.6910467802365059,0.6476190476190476,105,68,37,68,missing_p65_rep20_seed74.csv,0.0305902159998368,0.1450046299354886,0.1281035795930483,0.1297708267458369,0.169675917089743,1577.2624005053476,0.2396239233054,3.4665107703414235,33.74154689947498,0.0,0.0,method_specific,lrmc_softimpute_outputs/tables/lrmc_softimpute_all_masks_detailed.csv,0.0851476364906171,0.11463162561553297,-0.08123485250606872,0.31908516884198646,0.3704614074147347,0.45219313283548696,0.7841738103669267,0.7243319612994139,0.09522888536605005,0.12677747561327332,-0.08818587419386295,0.31908516884198646,0.20903514084929078,0.2627346893629261,0.730190019355896,0.6461656995927635,0.07254607539632592,0.09734095323522224,-0.07254607539632592,0.22637,-0.04645374261329083,0.28072789026629646,0.9545408450539765,0.9037100255949911,0.48375702475201887,0.5400003662925114,-0.4831758326798016,0.8946216254433186,0.3586402461873438,0.2723823346464856,0.7911398469447275,0.7639406106918472,0.4856473575760268,0.5450486480270464,-0.48393004986075727,0.9762067872360687,0.20911635536750992,0.1749118805722579,0.7985359471848347,0.7669257911400768
LRMC-SoftImpute,65,21,75,LRMC_SoftImpute_completed_p65_rep21_seed75.csv,lrmc_softimpute_outputs/completed_matrices/LRMC_SoftImpute_completed_p65_rep21_seed75.csv,True,,15,105,27,15,12,0.7160984459691652,scipy.optimize.nnls,3.17394,1.1095356742429192,2.0644043257570805,0.6504232360274865,0.6476190476190476,105,68,37,68,missing_p65_rep21_seed75.csv,0.0332155599999168,0.1375012700516069,0.1193956147107189,0.0369843780384464,0.0735198686872542,1682.6233981985474,0.2398818363010776,3.69807340263417,35.995479437207166,0.0,0.0,method_specific,lrmc_softimpute_outputs/tables/lrmc_softimpute_all_masks_detailed.csv,0.08177063624536257,0.10425240143070291,-0.07645941947248448,0.25479468754850093,0.5934939035517225,0.5257091469597754,0.7131714518644937,0.6956045730621214,0.08516415106386506,0.10969139038949076,-0.07917816925108183,0.25479468754850093,0.6220990189021848,0.6071428571428571,0.6317806699038861,0.577872491533172,0.07752874272223444,0.09702585120564197,-0.07306098224923778,0.20224738284447016,0.05248081795668563,0.17057883949446692,0.9514509045140791,0.9657793572856227,0.4761063103951534,0.5278345937730793,-0.4752617106466206,0.8229025647029579,0.6113051330160892,0.5985278872071325,0.7733161045738303,0.7518587367366135,0.47786869673489607,0.5341333626768953,-0.4752617106466205,0.9576881163734728,0.2925185497364564,0.29053493676135184,0.7825442595484621,0.754641866340464
LRMC-SoftImpute,65,22,76,LRMC_SoftImpute_completed_p65_rep22_seed76.csv,lrmc_softimpute_outputs/completed_matrices/LRMC_SoftImpute_completed_p65_rep22_seed76.csv,True,,15,105,27,15,12,0.6971890158558569,scipy.optimize.nnls,3.17394,0.9105489080957997,2.2633910919042,0.7131171641254088,0.6476190476190476,105,68,37,68,missing_p65_rep22_seed76.csv,0.0694498590000876,0.1342939249733844,0.1160161422561564,0.0901098111114073,0.0985227316104897,2883.528931462153,0.2648165086848114,6.337426222993743,61.68582136095455,0.0,0.0,method_specific,lrmc_softimpute_outputs/tables/lrmc_softimpute_all_masks_detailed.csv,0.08948743753342508,0.12244065452514721,-0.08382929970015557,0.3385498529176993,0.13963257163989315,0.048860026599790905,0.8375939369893647,0.7612496812801998,0.10437877778588775,0.13882375636164576,-0.1037086790003264,0.3385498529176993,0.1832217777314905,0.20911536500314523,0.7995720127286975,0.7082513431864745,0.07087326221784675,0.09819018315637532,-0.05898007557494205,0.22637,-0.31363871672569443,-0.4553443512934062,0.9628685285175206,0.882871709640885,0.47421865009860037,0.5269018844336095,-0.47421865009860037,0.843259062586129,0.6147156495398979,0.6212004976155918,0.7719496174932043,0.7488777766968773,0.47486999478756764,0.5329392298586074,-0.47424080967937793,0.9429969296680286,0.29916135388674037,0.28759071117561685,0.7807947680405615,0.7499063688082076
LRMC-SoftImpute,65,23,77,LRMC_SoftImpute_completed_p65_rep23_seed77.csv,lrmc_softimpute_outputs/completed_matrices/LRMC_SoftImpute_completed_p65_rep23_seed77.csv,True,,15,105,27,15,12,0.6793503523493404,scipy.optimize.nnls,3.17394,1.005585000952199,2.168354999047801,0.6831745398614343,0.6476190476190476,105,68,37,68,missing_p65_rep23_seed77.csv,0.0719745940000393,0.1282180636383366,0.1101221403158024,0.1847022691257699,0.1142497232507539,2061.5773832423506,0.2307607004449395,4.530939303829342,44.10224319129253,0.0,0.0,method_specific,lrmc_softimpute_outputs/tables/lrmc_softimpute_all_masks_detailed.csv,0.08157798678199096,0.10601213307349965,-0.08030944440917782,0.2465233946464983,0.6678927930704031,0.6244074387064736,0.7252094515015518,0.6939657470253868,0.08941571634072282,0.1169808879825264,-0.08845349871546872,0.2465233946464983,0.6863019852261909,0.6499999999999999,0.6737654023084819,0.6067210456344311,0.07178082483357615,0.09044958604554063,-0.0701293765263142,0.18561,0.4382844787220215,0.28852588721813804,0.8869630040509187,0.8941772617360079,0.4727081433249818,0.52772815685069,-0.4725706836642312,0.8372303162624408,0.6358559124336917,0.5183910429193448,0.7731601667342571,0.7464924108870807,0.4728310437906264,0.5324681508774716,-0.47257068366423116,0.9560081406265899,0.2699004923204171,0.22745179348952935,0.7801046030401311,0.7466864931473374
LRMC-SoftImpute,65,24,78,LRMC_SoftImpute_completed_p65_rep24_seed78.csv,lrmc_softimpute_outputs/completed_matrices/LRMC_SoftImpute_completed_p65_rep24_seed78.csv,True,,15,105,27,15,12,0.5973806148372689,scipy.optimize.nnls,3.17394,1.0743189509077773,2.0996210490922227,0.6615188217459129,0.6476190476190476,105,68,37,68,missing_p65_rep24_seed78.csv,0.1058768230000168,0.1180833039249185,0.1040631776295788,0.154921139586645,0.2359430469137687,1328.5647265712191,0.2124915806952903,2.919922475980701,28.421288059759945,0.0,0.0,method_specific,lrmc_softimpute_outputs/tables/lrmc_softimpute_all_masks_detailed.csv,0.08324478398458093,0.10880421423105703,-0.07776374255897121,0.2695925085284366,0.5023795446809434,0.46356616560485714,0.7443095637822486,0.7081448192416004,0.09580576591599135,0.12207809111324282,-0.08609009943046507,0.2695925085284366,0.36656725096870957,0.3321428571428571,0.7031233528014563,0.650080062579387,0.0675435565703179,0.08948451215248608,-0.06735579646960387,0.18283230772455195,0.35005711711663334,0.36980802974413907,0.8774993362030217,0.8413934027922628,0.468065816848092,0.5189137850675487,-0.46665526854252737,0.7839968250760326,0.7299119483142258,0.7336927223719676,0.760246470413446,0.739161330319095,0.46951045426396765,0.5225346166669682,-0.46665526854252737,0.8798798766013645,0.40544730414123553,0.3957702674683807,0.7655512522917339,0.741442676394179
LRMC-SoftImpute,65,25,79,LRMC_SoftImpute_completed_p65_rep25_seed79.csv,lrmc_softimpute_outputs/completed_matrices/LRMC_SoftImpute_completed_p65_rep25_seed79.csv,True,,15,105,27,15,12,0.6516956219227282,scipy.optimize.nnls,3.17394,0.9501713326438297,2.22376866735617,0.700633492553788,0.6476190476190476,105,68,37,68,missing_p65_rep25_seed79.csv,0.1272225360000902,0.1212293822698702,0.1030135052031436,0.2252600559624262,0.2081536053746612,1420.1821781278377,0.2274962970373936,3.121279512368873,30.38121212662261,0.0,0.0,method_specific,lrmc_softimpute_outputs/tables/lrmc_softimpute_all_masks_detailed.csv,0.08334591829312751,0.10755359054604721,-0.08236180249467297,0.22637,0.6699504141226735,0.518651027428082,0.7357542777942568,0.7090051462581028,0.09590375019233889,0.11664362873897807,-0.09413234175512071,0.22634934715863034,0.7886169102945042,0.7321428571428571,0.6718229173963693,0.6507449246979745,0.06764862841911332,0.09497538224079205,-0.06764862841911332,0.22637,-0.14497398392087985,0.08211127646274538,0.9313436802326902,0.8427022879751687,0.4678870045283494,0.5170068530040832,-0.4678870045283494,0.8119876154631679,0.7548836930949501,0.7270060128550694,0.7574526761218198,0.7388789530392749,0.4684061509004982,0.5218545393160718,-0.4678870045283494,0.8851536790548542,0.43804772760233035,0.43715529753265603,0.7645548894651812,0.7396987798868149
LRMC-SoftImpute,65,26,80,LRMC_SoftImpute_completed_p65_rep26_seed80.csv,lrmc_softimpute_outputs/completed_matrices/LRMC_SoftImpute_completed_p65_rep26_seed80.csv,True,,15,105,27,15,12,0.7166370249399331,scipy.optimize.nnls,3.17394,1.0562950720887185,2.1176449279112814,0.6671975298560406,0.6476190476190476,105,68,37,68,missing_p65_rep26_seed80.csv,0.0990491029999702,0.1364357717757127,0.1210922833876951,0.0338110818327194,0.0047715387258082,1915.0124441723071,0.2477252028535897,4.208818558620456,40.966856356567945,0.0,0.0,method_specific,lrmc_softimpute_outputs/tables/lrmc_softimpute_all_masks_detailed.csv,0.08364650771198957,0.107669208147931,-0.07843129362634375,0.26280359722701707,0.5555212740451875,0.5241629435863644,0.7365451964864403,0.7115621934326795,0.09428705519783628,0.12067289477322991,-0.08489966984367384,0.26280359722701707,0.3801353211140634,0.3142857142857143,0.6950299565751205,0.6397750089194231,0.07034582335468118,0.08877526088960165,-0.07034582335468118,0.17852185263207665,0.5934407775429301,0.4701319234847503,0.870544305690907,0.8763013778079477,0.47686717054300454,0.5281799814033374,-0.47552611549240986,0.7883210474319675,0.6524600114673973,0.6549346879535559,0.7738221225952904,0.7530602737402332,0.4774160573557721,0.533809904467057,-0.47552611549240986,0.8991374784737411,0.3060679982799108,0.2984242172921418,0.7820703697243099,0.7539270661700925
LRMC-SoftImpute,65,27,81,LRMC_SoftImpute_completed_p65_rep27_seed81.csv,lrmc_softimpute_outputs/completed_matrices/LRMC_SoftImpute_completed_p65_rep27_seed81.csv,True,,15,105,27,15,12,0.6143952941464144,scipy.optimize.nnls,3.17394,1.049960878199846,2.1239791218001542,0.6691932178302533,0.6476190476190476,105,68,37,68,missing_p65_rep27_seed81.csv,0.223464955000054,0.1391268626306964,0.1256007221739646,0.2445581285173091,0.2411726533572546,1753.3158756667958,0.2293986409834334,3.853441484981969,37.50776651332763,0.0,0.0,method_specific,lrmc_softimpute_outputs/tables/lrmc_softimpute_all_masks_detailed.csv,0.08235787678585886,0.10472610848152178,-0.07866589340000571,0.2765201835348883,0.6347145340466791,0.6415749760579742,0.7164119944376592,0.7006000974240816,0.08730708833534624,0.11201966925883765,-0.08066151824081057,0.2765201835348883,0.6012932492330627,0.682142857142857,0.645190670256475,0.5924131695626105,0.07617136234899961,0.09482350535976608,-0.07617136234899961,0.18977841010125396,0.668138384511734,0.47304991679126607,0.9298543514194787,0.9488704032845038,0.4848824495179444,0.5374517671845734,-0.4842387252370177,0.8697707719462384,0.5383726958297149,0.47077545096413015,0.787405963721609,0.765717861747601,0.4858235379581636,0.5427586604962639,-0.4846043362759325,0.9451958023211102,0.28227166581282137,0.21871241965581587,0.7951809487483571,0.7672040121101815
LRMC-SoftImpute,65,28,82,LRMC_SoftImpute_completed_p65_rep28_seed82.csv,lrmc_softimpute_outputs/completed_matrices/LRMC_SoftImpute_completed_p65_rep28_seed82.csv,True,,15,105,27,15,12,0.7075603328053798,scipy.optimize.nnls,3.17394,0.9707270032230287,2.2032129967769714,0.694157103403647,0.6476190476190476,105,68,37,68,missing_p65_rep28_seed82.csv,0.1267520030000923,0.1479256761297953,0.1242121358792069,0.2819420735886681,0.2320208100075485,15828207491029.27,0.3726838666899386,34787269211.05334,338604537343.99066,0.0,0.0,method_specific,lrmc_softimpute_outputs/tables/lrmc_softimpute_all_masks_detailed.csv,0.08394957061970869,0.10773335693825398,-0.08160048136211005,0.24057480035846904,0.6168672013547535,0.4544503843840016,0.7369840265306614,0.7141402820255376,0.09040517227211714,0.1139689439045153,-0.0903932957515376,0.24057480035846904,0.746673175688363,0.7642857142857141,0.6564177504958634,0.6134348959716267,0.07588006855419813,0.09939024713360252,-0.07060946337532562,0.22637,-0.30838074205369936,-0.3471067595925146,0.9746365464469648,0.9452417421706174,0.47656710675714004,0.5280538656365493,-0.47656710675714004,0.8184911760892959,0.6253069848814089,0.604478540327597,0.7736373538161151,0.7525864182712871,0.48249421438115525,0.5368118883202658,-0.48249421438115525,0.9431646547881039,0.38338336282374996,0.4077100181892386,0.7864684946042321,0.7619464026978648
LRMC-SoftImpute,65,29,83,LRMC_SoftImpute_completed_p65_rep29_seed83.csv,lrmc_softimpute_outputs/completed_matrices/LRMC_SoftImpute_completed_p65_rep29_seed83.csv,True,,15,105,27,15,12,0.6089139219913025,scipy.optimize.nnls,3.17394,0.948793287699894,2.225146712300106,0.7010676674102554,0.6476190476190476,105,68,37,68,missing_p65_rep29_seed83.csv,0.137378611000031,0.1293931392174969,0.1133415432488074,0.3448853019920436,0.2485780814597091,1580.5394211264525,0.2393449491066034,3.4737130134647307,33.81165048207615,0.0,0.0,method_specific,lrmc_softimpute_outputs/tables/lrmc_softimpute_all_masks_detailed.csv,0.08417857913034317,0.10915738561957249,-0.08241284119630021,0.26403456799984454,0.6046067160216796,0.584056879962204,0.7467255441188932,0.7160884063716597,0.09407668888086891,0.12085765135684287,-0.09407668888086891,0.26403456799984454,0.615444323195572,0.6863273518051947,0.6960940841948879,0.6383475901498821,0.07180594194218602,0.09247317727352018,-0.06783303159058936,0.19351792300930065,0.14052396326276528,0.0935759634220988,0.9068066609764036,0.8944901467920319,0.4770746284702597,0.5289119373651032,-0.4770746284702597,0.8552987247553798,0.6120844161444328,0.5382230976570599,0.7748944913633663,0.7533878876611296,0.4772029734194693,0.5343862329699771,-0.4772029734194693,0.921452121123865,0.33088418135427267,0.30584698320547377,0.782914732935988,0.7535905677543616
LRMC-SoftImpute,65,30,84,LRMC_SoftImpute_completed_p65_rep30_seed84.csv,lrmc_softimpute_outputs/completed_matrices/LRMC_SoftImpute_completed_p65_rep30_seed84.csv,True,,15,105,27,15,12,0.7394416586353124,scipy.optimize.nnls,3.17394,0.7733991148657001,2.4005408851343,0.7563283758150122,0.6476190476190476,105,68,37,68,missing_p65_rep30_seed84.csv,0.0791694980000556,0.1530662108282013,0.1318047867844855,0.2925436924072082,0.2953805783807266,15257078346416.969,0.3928389237483634,33532040321.795536,326386671241.0399,0.0,0.0,method_specific,lrmc_softimpute_outputs/tables/lrmc_softimpute_all_masks_detailed.csv,0.09048963341058022,0.12134034912817136,-0.08890892167164074,0.3338050491822172,0.31233806621619675,0.2826459707754156,0.8300669506879776,0.7697751381833513,0.1176458672569329,0.14817630095561268,-0.11655991192993201,0.3338050491822172,0.12796117791017345,0.03753352705184659,0.8534391108473525,0.7982737992581271,0.05654434110263936,0.07538276015521904,-0.054345183848776644,0.14425212876672594,0.566790677076686,0.4423194081253428,0.7392153167761171,0.70437563529048,0.48235449428507077,0.5287695851645468,-0.4820965966293458,0.8305659908087095,0.7712036012149358,0.7654053493676134,0.7746859350267592,0.7617257591721539,0.48933355666044165,0.5389011815041693,-0.4879335395726254,0.95028,0.44381504595925786,0.4557950278602285,0.7895294612126152,0.7727469720957914
LRMC-SoftImpute,85,1,55,LRMC_SoftImpute_completed_p85_rep01_seed55.csv,lrmc_softimpute_outputs/completed_matrices/LRMC_SoftImpute_completed_p85_rep01_seed55.csv,True,,15,105,27,15,12,0.7522476994532695,scipy.optimize.nnls,3.17394,0.7251875460821915,2.4487524539178085,0.7715181931346555,0.8476190476190476,105,89,16,89,missing_p85_rep01_seed55.csv,0.2108306929999344,0.1770722661858299,0.1590119462271293,0.0756605101061003,0.0809727834685037,10217625299602.402,0.3942013468493753,22456319339.7855,218580296555.18164,0.0,0.0,method_specific,lrmc_softimpute_outputs/tables/lrmc_softimpute_all_masks_detailed.csv,0.09324982487447346,0.11935352962071784,-0.09069453533028919,0.3162934961465615,0.46176161053327963,0.45562965720139575,0.8164754848485535,0.7932554716254193,0.1046292366486639,0.13220879498424712,-0.10002971546913225,0.3162934961465615,0.33752169958287825,0.3857142857142856,0.7614723522579734,0.7099508057567112,0.07902556015673538,0.10100935345350284,-0.07902556015673538,0.22637,0.027587379010010637,0.21835657337057343,0.990513760132095,0.98442528560985,0.5325920620989388,0.5857629730257604,-0.5322607239168958,0.9221834961465616,0.3304293034083666,0.26455525606469,0.8581853971826006,0.8410600453359008,0.5379881955584964,0.5958214077564994,-0.5359283304904183,0.986277810817676,0.10714665744894847,0.05469372381001977,0.8729217362855075,0.8495815246727276
LRMC-SoftImpute,85,2,56,LRMC_SoftImpute_completed_p85_rep02_seed56.csv,lrmc_softimpute_outputs/completed_matrices/LRMC_SoftImpute_completed_p85_rep02_seed56.csv,True,,15,105,27,15,12,0.7259607895786936,scipy.optimize.nnls,3.17394,0.5556514608212888,2.618288539178711,0.8249332183906158,0.8476190476190476,105,89,16,89,missing_p85_rep02_seed56.csv,0.0596768569998857,0.1777188860374564,0.1592000350852978,0.1202454493985241,0.0848655090228124,10257405399628.297,0.4162070505412502,22543748131.0512,219431291361.28333,0.0,0.0,method_specific,lrmc_softimpute_outputs/tables/lrmc_softimpute_all_masks_detailed.csv,0.10098023751032294,0.12839224070274968,-0.09697364959921152,0.3095810895546873,0.25384253364116405,0.13339193857548426,0.8783076404333928,0.8590163685446855,0.11991462147486338,0.14695656074066857,-0.11991462147486338,0.3095810895546873,0.3877225494176132,0.4000661320993194,0.8464138713333866,0.8136681950950412,0.0773122575546474,0.10047381938896607,-0.06829743475464671,0.22637,-0.4005911457059515,-0.6448712224790822,0.9852622280530652,0.9630825909164951,0.5298860642977019,0.583070232826708,-0.5298860642977019,0.9217316194076584,0.3398898714765774,0.2743561234959885,0.8542403367679818,0.836786781058514,0.5355494724194285,0.5959039379923512,-0.5355494724194285,0.98844,0.10291891306798054,0.08752850922662243,0.8730426490889717,0.8457303358551123
LRMC-SoftImpute,85,3,57,LRMC_SoftImpute_completed_p85_rep03_seed57.csv,lrmc_softimpute_outputs/completed_matrices/LRMC_SoftImpute_completed_p85_rep03_seed57.csv,True,,15,105,27,15,12,0.9385298134087422,scipy.optimize.nnls,3.17394,0.5556060885768594,2.6183339114231403,0.8249475136338873,0.8476190476190476,105,89,16,89,missing_p85_rep03_seed57.csv,0.0603885059999811,0.2043031034548472,0.1826047103047294,-0.0419857528127714,-0.0061208183028842,18932255403628.547,0.4021932157195576,41609352535.44736,405007805555.81714,0.0,0.0,method_specific,lrmc_softimpute_outputs/tables/lrmc_softimpute_all_masks_detailed.csv,0.09812994660859858,0.12432191365384815,-0.0969753300527089,0.32149,0.47925015682379485,0.42173904644730936,0.8504632837452837,0.8347695792712407,0.11351476784876925,0.1398228636145359,-0.1114364580481678,0.32149,0.4106122470573648,0.41803498269073935,0.8053264903344189,0.7702426537826497,0.0788989200583853,0.10167506821260107,-0.0788989200583853,0.22637,-0.23830621228241908,-0.30569920271880274,0.9970418647745365,0.9828477236825357,0.5534932211918706,0.6047066844516524,-0.5534932211918706,0.9044465990881086,0.37842077319077505,0.36775382644436483,0.8859393134640702,0.8740667892685741,0.5584821553977919,0.6176586802964232,-0.5574308543621398,0.9942199999999943,0.08493133144690997,0.09036508105721706,0.904914930241171,0.8819452266843959
LRMC-SoftImpute,85,4,58,LRMC_SoftImpute_completed_p85_rep04_seed58.csv,lrmc_softimpute_outputs/completed_matrices/LRMC_SoftImpute_completed_p85_rep04_seed58.csv,True,,15,105,27,15,12,0.8741504101192782,scipy.optimize.nnls,3.17394,0.570926068993421,2.603013931006579,0.8201207114837014,0.8476190476190476,105,89,16,89,missing_p85_rep04_seed58.csv,0.2318899550000424,0.1921966088271475,0.1730489234833691,0.2231163469708662,0.1259700825885156,8945078869118.582,0.4704975611110921,19659513998.062817,191357378509.22284,0.0,0.0,method_specific,lrmc_softimpute_outputs/tables/lrmc_softimpute_all_masks_detailed.csv,0.10079856709103881,0.12451322776891054,-0.09640792337061405,0.2944346416392449,0.43937561843748046,0.366758757403304,0.8517720283241019,0.857470938788398,0.11859229630121765,0.14375456297375663,-0.11686378091323898,0.2944346416392449,0.4290676733180581,0.39279220242478624,0.8279715825901474,0.8046956951268484,0.07855640557831521,0.0951380879643039,-0.07083810144233284,0.18561,0.14465236920634716,0.010751134472528776,0.9329391983949258,0.9785810039756491,0.5441723965884575,0.5956505331629766,-0.5441723965884575,0.9356046416392448,0.40754028959720273,0.3758333626683925,0.8726713925668642,0.85934750649778,0.5495619872424696,0.6065598704786833,-0.5495619872424696,0.98844,0.17145960815084973,0.10086126085383137,0.8886543658997775,0.867858653550819
LRMC-SoftImpute,85,5,59,LRMC_SoftImpute_completed_p85_rep05_seed59.csv,lrmc_softimpute_outputs/completed_matrices/LRMC_SoftImpute_completed_p85_rep05_seed59.csv,True,,15,105,27,15,12,0.8525354960297113,scipy.optimize.nnls,3.17394,0.7182530051148365,2.4556869948851636,0.7737030299517835,0.8476190476190476,105,89,16,89,missing_p85_rep05_seed59.csv,0.1704458079998403,0.1743976409375166,0.1571668581764899,0.0374067517006614,0.1682564543341113,10853185632320.758,0.4177401294341252,23853155235.8698,232176505256.4044,0.0,0.0,method_specific,lrmc_softimpute_outputs/tables/lrmc_softimpute_all_masks_detailed.csv,0.09521769863304604,0.12228317507630333,-0.09095137018093197,0.29774472055562407,0.3393884366823984,0.43613918799432344,0.8365166491223273,0.8099957349830945,0.11075342394042416,0.1404764138633225,-0.10307403272661883,0.29774472055562407,-0.015922320639835345,0.11071428571428568,0.8090906910846156,0.7515058418217261,0.07579804199882341,0.09475027691408,-0.07579804199882341,0.22637,0.5050068492750692,0.3930418320670321,0.9291362616524896,0.9442199333401302,0.5273105893741786,0.5759377043851321,-0.5262135334864921,0.893841224541505,0.599631837632179,0.6481961434791622,0.843790663375463,0.8327196362208623,0.5331929601211085,0.5871804608243621,-0.5301455334728876,0.99422,0.21191227643769533,0.19742190281581393,0.8602621199962002,0.8420089729556189
LRMC-SoftImpute,85,6,60,LRMC_SoftImpute_completed_p85_rep06_seed60.csv,lrmc_softimpute_outputs/completed_matrices/LRMC_SoftImpute_completed_p85_rep06_seed60.csv,True,,15,105,27,15,12,0.8142631989653244,scipy.optimize.nnls,3.17394,0.6650324630576814,2.508907536942319,0.7904710035294678,0.8476190476190476,105,89,16,89,missing_p85_rep06_seed60.csv,0.223662731000104,0.1943361207649945,0.1778627548096614,0.0025221975042494,-0.0060104614705102,17477465870368.809,0.4980075383524073,38412012901.90947,373886256440.32336,0.0,0.0,method_specific,lrmc_softimpute_outputs/tables/lrmc_softimpute_all_masks_detailed.csv,0.09571855193161029,0.1200027761280805,-0.09292250136823403,0.3049906612042472,0.5191571405987226,0.43782904212021506,0.8209168604707885,0.8142563823366157,0.10807272681023188,0.13267176288822666,-0.10303983579615457,0.3049906612042472,0.444333486070709,0.4128687975703124,0.7641388712206887,0.7333162501881718,0.08027583333333334,0.1019767291673285,-0.08027583333333334,0.22637,,,1.0,1.0,0.5452870369752726,0.597574053972679,-0.5445680525446901,0.9544406612042472,0.3117594744988435,0.29456207073250984,0.8754894905793361,0.8611077270511494,0.5539624606850692,0.6105699829963237,-0.5509016950500013,0.99384,0.0893856381521519,0.058455905851558757,0.8945294726616841,0.8748078040480051
LRMC-SoftImpute,85,7,61,LRMC_SoftImpute_completed_p85_rep07_seed61.csv,lrmc_softimpute_outputs/completed_matrices/LRMC_SoftImpute_completed_p85_rep07_seed61.csv,True,,15,105,27,15,12,0.6587457602121232,scipy.optimize.nnls,3.17394,0.6342505308194577,2.5396894691805425,0.800169338166614,0.8476190476190476,105,89,16,89,missing_p85_rep07_seed61.csv,0.2162182810000104,0.1790074096828867,0.1640815971453227,-0.0075702830976572,0.0250059104830677,10660251567391.414,0.4208479329946863,23429124323.93717,228049168043.37372,0.0,0.0,method_specific,lrmc_softimpute_outputs/tables/lrmc_softimpute_all_masks_detailed.csv,0.0968355179069267,0.12847815872985766,-0.09406257293261266,0.34439,0.13341168626842984,0.24272393182882965,0.8788953898117575,0.8237581628786369,0.11314468591044993,0.148657741109457,-0.10815338495668471,0.34439,-0.2538031141747692,-0.20375343256716716,0.8562120229404017,0.767731501271922,0.07644905790252263,0.09755013515713185,-0.07644905790252263,0.22637,0.3486014345934998,0.04589474270035978,0.9565921161980664,0.9523296704386661,0.5377550175653886,0.5924504159185723,-0.5372317489101305,0.9670969088431859,0.20506429234453927,0.1743209620568111,0.8679829878453538,0.8492132940748442,0.5426581340817511,0.5999183639736061,-0.541054140918755,0.99422,0.09927141916544333,0.06508301433885859,0.87892407538908,0.8569562097001489
LRMC-SoftImpute,85,8,62,LRMC_SoftImpute_completed_p85_rep08_seed62.csv,lrmc_softimpute_outputs/completed_matrices/LRMC_SoftImpute_completed_p85_rep08_seed62.csv,True,,15,105,27,15,12,0.7775808941190157,scipy.optimize.nnls,3.17394,0.508599172456395,2.665340827543605,0.8397577860777472,0.8476190476190476,105,89,16,89,missing_p85_rep08_seed62.csv,0.1269661249998535,0.1937076163640078,0.1779999090641422,-0.0764787862759047,-0.0747971850803954,741825140442.3193,0.3002640556563863,1630384924.0490534,15869475972.688204,0.0,0.0,method_specific,lrmc_softimpute_outputs/tables/lrmc_softimpute_all_masks_detailed.csv,0.10333461689920566,0.1358008120387406,-0.09871632694605943,0.34439,-0.11881700542201747,-0.01440906762426332,0.9289883106474245,0.8790445491340583,0.12826211770352572,0.15945454975393203,-0.11994919578786252,0.34439,-0.3332974189408603,-0.1009049958219026,0.9183975324321659,0.870309262768028,0.0721752408938056,0.09854945175809729,-0.0721752408938056,0.22637,-0.24648878913507374,-0.05598496122459913,0.9663915734774395,0.8990905219770035,0.5506996181054727,0.6066223817188996,-0.5494199142588156,0.9308341241623913,0.018492131077562503,0.013192441179309062,0.8887459494173158,0.8696551802610409,0.5536372427882836,0.6137087860609614,-0.5499545327264515,0.99422,-0.041687185104845266,-0.10651762677183214,0.8991280476463572,0.8742942256481759
LRMC-SoftImpute,85,9,63,LRMC_SoftImpute_completed_p85_rep09_seed63.csv,lrmc_softimpute_outputs/completed_matrices/LRMC_SoftImpute_completed_p85_rep09_seed63.csv,True,,15,105,27,15,12,0.7255480943060756,scipy.optimize.nnls,3.17394,0.6078786863467701,2.56606131365323,0.8084782048977706,0.8476190476190476,105,89,16,89,missing_p85_rep09_seed63.csv,0.2107480990000567,0.194982755721372,0.179512798182581,0.0600283119169109,0.1027254247329939,17288397282422.713,0.4979069584049818,37996477543.78618,369841611348.0694,0.0,0.0,method_specific,lrmc_softimpute_outputs/tables/lrmc_softimpute_all_masks_detailed.csv,0.09605039940517279,0.12133643987978954,-0.09503930791308261,0.2708504828217476,0.5456661923315093,0.41895429251620536,0.8300402082407448,0.8170793348140373,0.10969711908123533,0.1350591351688913,-0.10787715439547299,0.2708504828217476,0.5149053074222348,0.4480315517079087,0.777889227136797,0.744338395036044,0.07899199981009461,0.10160946661294876,-0.07899199981009461,0.22637,-0.3332245885913535,-0.4139186771923578,0.9963985650708886,0.9840072227228361,0.5489606318191448,0.6033969093492058,-0.5489606318191448,0.9149004828217476,0.18851930701169223,0.20680771445568344,0.8840203975914829,0.8669090036112174,0.5554833924027149,0.614458936545002,-0.5554772618057833,0.99422,0.0747321057569969,0.06559349412192965,0.9002270727140699,0.8772096327466055
LRMC-SoftImpute,85,10,64,LRMC_SoftImpute_completed_p85_rep10_seed64.csv,lrmc_softimpute_outputs/completed_matrices/LRMC_SoftImpute_completed_p85_rep10_seed64.csv,True,,15,105,27,15,12,0.923314043445047,scipy.optimize.nnls,3.17394,0.5986782019727572,2.5752617980272428,0.8113769630261576,0.8476190476190476,105,89,16,89,missing_p85_rep10_seed64.csv,0.2108290270000452,0.1921736214196949,0.1681945439473517,-0.0604381348492222,-0.1801295618335739,22685495909755.05,0.5307248434277424,49858232768.69243,485298910271.1149,0.0,0.0,method_specific,lrmc_softimpute_outputs/tables/lrmc_softimpute_all_masks_detailed.csv,0.09827058413871761,0.12387636126147489,-0.09538006659360158,0.34439,0.43455599057176314,0.44987837120586627,0.8474153419982368,0.8359659513870381,0.1156059963246015,0.14421068347091845,-0.11482624007309282,0.34439,0.31148676258507885,0.2473134165427656,0.8305986630951038,0.7844324671559794,0.07660131890636272,0.09236418377637484,-0.07107234974423755,0.1836854570430327,0.34765076466079814,0.2570105591220147,0.9057378534353566,0.9542263932444931,0.5356763805357563,0.5909322687731389,-0.5356763805357563,0.9919154570430326,0.21225873817880034,0.16427534729421522,0.8657587917609623,0.8459307469270525,0.5429217554889727,0.6051833573722077,-0.5404316449472019,0.9942199999999787,0.021846510137765698,-0.07176711596335537,0.8866376739929713,0.8573725160037681
LRMC-SoftImpute,85,11,65,LRMC_SoftImpute_completed_p85_rep11_seed65.csv,lrmc_softimpute_outputs/completed_matrices/LRMC_SoftImpute_completed_p85_rep11_seed65.csv,True,,15,105,27,15,12,0.7743606691530238,scipy.optimize.nnls,3.17394,0.5480506972825688,2.625889302717431,0.8273279591666607,0.8476190476190476,105,89,16,89,missing_p85_rep11_seed65.csv,0.2196219330000985,0.1554347293207985,0.1356269719206908,0.3085263098663928,0.2853300192789935,1551.374779539622,0.2681757456903695,3.4096149000870817,33.18774660812777,0.0,0.0,method_specific,lrmc_softimpute_outputs/tables/lrmc_softimpute_all_masks_detailed.csv,0.09748518982161412,0.12870900413335784,-0.09725515935990486,0.32936474504274715,0.24227450269078693,0.30975540598634455,0.8804745606443825,0.8292847770227482,0.12701321528351206,0.15518648087032538,-0.1265991604524354,0.32936474504274715,0.21038194907673807,0.32616696964335756,0.8938150797081527,0.8618349652599852,0.060575157994241645,0.08467563179632497,-0.060575157994241645,0.18561,0.33939524350577593,0.4404150283001798,0.8303426917859364,0.7545877193539979,0.5174840387674179,0.5634455488092626,-0.5174840387674179,0.8645011169109411,0.7226229190219161,0.6757930748496785,0.8254887460672261,0.8172017198136096,0.5179429287425542,0.5711775689590656,-0.5179429287425542,0.9882936643103758,0.327449899908924,0.2841932842085563,0.8368167184534062,0.817926390815598
LRMC-SoftImpute,85,12,66,LRMC_SoftImpute_completed_p85_rep12_seed66.csv,lrmc_softimpute_outputs/completed_matrices/LRMC_SoftImpute_completed_p85_rep12_seed66.csv,True,,15,105,27,15,12,0.7343876462160323,scipy.optimize.nnls,3.17394,0.7306120552308624,2.4433279447691376,0.7698091157265536,0.8476190476190476,105,89,16,89,missing_p85_rep12_seed66.csv,0.1243653670001094,0.16930783465919,0.152576226563281,0.1515070445085753,0.1682952358671129,11288782691783.262,0.4201463380844037,24810511410.512665,241495004579.29343,0.0,0.0,method_specific,lrmc_softimpute_outputs/tables/lrmc_softimpute_all_masks_detailed.csv,0.09410340006307495,0.1160162723264482,-0.09049362758404211,0.2803889181759599,0.6289465417997165,0.527810411888776,0.7936459231584886,0.8005166454636898,0.10870606516427207,0.13078967592425791,-0.10220847470201301,0.2803889181759599,0.529868967172559,0.5142857142857142,0.7532987664623169,0.7376137017339316,0.07585006868657854,0.09435078478589791,-0.07585006868657854,0.18659197440666436,0.6718431547414389,0.38551583868302214,0.9252187784046538,0.9448680323457064,0.5283973740147632,0.578336636962195,-0.5274691468058689,0.9155047290957063,0.5219256307612756,0.471210864607091,0.8473052742355974,0.8344358674682416,0.5333051708663542,0.5874277057728435,-0.5313281160026659,0.951426353205603,0.21735152756601067,0.1805416622146999,0.8606243518443791,0.8421861741968684
LRMC-SoftImpute,85,13,67,LRMC_SoftImpute_completed_p85_rep13_seed67.csv,lrmc_softimpute_outputs/completed_matrices/LRMC_SoftImpute_completed_p85_rep13_seed67.csv,True,,15,105,27,15,12,0.7470861435975705,scipy.optimize.nnls,3.17394,0.49213005767108875,2.6818099423289112,0.844946641186951,0.8476190476190476,105,89,16,89,missing_p85_rep13_seed67.csv,0.2299526900001183,0.2039671356820863,0.1875331304573098,0.0263104787403682,-0.0707773875831275,31726456397414.363,0.6409731570426065,69728475598.71289,678707433933.9615,0.0,0.0,method_specific,lrmc_softimpute_outputs/tables/lrmc_softimpute_all_masks_detailed.csv,0.09932629416033005,0.12738729224215728,-0.09932629416033005,0.34439,0.4077285920629112,0.12108879860978423,0.8714329733479917,0.8449466411869511,0.11808093110338988,0.1451811694366091,-0.11808093110338988,0.34439,0.3957218674112672,0.17478186776293841,0.8361882929772599,0.8012258797495955,0.07588299798150526,0.100821426577132,-0.07588299798150526,0.22637,-0.2285679155918393,-0.4864842726238136,0.9886709193398346,0.9452782341905129,0.5543831374428482,0.6069154179518469,-0.5543831374428482,0.99422,0.26206141476224437,0.214905575279599,0.8891752688306986,0.875472129407221,0.5636948190182371,0.620432818434268,-0.5636948190182371,0.99422,0.13281924813751325,-0.005703553367672569,0.9089792445616341,0.8901769736684846
LRMC-SoftImpute,85,14,68,LRMC_SoftImpute_completed_p85_rep14_seed68.csv,lrmc_softimpute_outputs/completed_matrices/LRMC_SoftImpute_completed_p85_rep14_seed68.csv,True,,15,105,27,15,12,0.7095787788476587,scipy.optimize.nnls,3.17394,0.4842206919017683,2.6897193080982316,0.8474386119769849,0.8476190476190476,105,89,16,89,missing_p85_rep14_seed68.csv,0.2311294520000046,0.1791499934141109,0.1591630809305298,0.0008650236157173,-0.0849585275814542,33847860966.73685,0.2853934294278045,74390903.22359748,724089528.7240368,0.0,0.0,method_specific,lrmc_softimpute_outputs/tables/lrmc_softimpute_all_masks_detailed.csv,0.10046438991593296,0.13278888286000914,-0.09961923363326787,0.31796794456948496,0.07164872039947447,0.12066776859709004,0.9083842585984486,0.8546281680593174,0.12393313760867548,0.1555659084274946,-0.12393313760867548,0.31796794456948496,0.00525700674803446,-0.017921262068316346,0.8960004380612302,0.8409354184690031,0.07112845530000474,0.09707243091697672,-0.06922685366400826,0.22637,-0.17654020879595564,0.17541954517041058,0.9519076725602312,0.8860506624036466,0.5345013398667537,0.5924079300816767,-0.5345013398667537,0.9600590036213864,0.07265478989284364,0.08799502384408044,0.8679207430014666,0.8440751433071862,0.5381291827913443,0.5992484132439906,-0.5372236606697293,0.9769199999999999,0.04022820699150887,-0.005981938910534254,0.8779425487998899,0.8498041692385957
LRMC-SoftImpute,85,15,69,LRMC_SoftImpute_completed_p85_rep15_seed69.csv,lrmc_softimpute_outputs/completed_matrices/LRMC_SoftImpute_completed_p85_rep15_seed69.csv,True,,15,105,27,15,12,0.9798257601606916,scipy.optimize.nnls,3.17394,0.594725814387057,2.579214185612943,0.812622225250932,0.8476190476190476,105,89,16,89,missing_p85_rep15_seed69.csv,0.0887909870000385,0.1817216899875858,0.1526957898886378,0.0451522784398966,0.0105170005429233,911.2791818095616,0.238241022287608,2.0028113885924435,19.494517362292417,0.0,0.0,method_specific,lrmc_softimpute_outputs/tables/lrmc_softimpute_all_masks_detailed.csv,0.09664946163970624,0.12587261914242767,-0.09552645131899788,0.33625910175908225,0.3319839386459754,0.31695976153140576,0.8610713740101358,0.8221754236917108,0.11555443421934447,0.14360756894137006,-0.11555443421934447,0.33625910175908225,0.37220988351164597,0.4811006050794285,0.8271249528963919,0.7840825978522715,0.07301824591515844,0.09934734138581676,-0.07049147269356465,0.22637,-0.2665911567003785,-0.22466481299271251,0.9742158058707951,0.90959187694709,0.5283500414180737,0.5800860433437711,-0.5283500414180737,0.9179060797149775,0.4563356577388269,0.33549751591640126,0.8498682819358822,0.8343611206615382,0.5293097723082479,0.5933452658571117,-0.5293097723082479,0.99384,0.07292843933827073,0.058633940528740186,0.8692940081475716,0.8358767108541879
LRMC-SoftImpute,85,16,70,LRMC_SoftImpute_completed_p85_rep16_seed70.csv,lrmc_softimpute_outputs/completed_matrices/LRMC_SoftImpute_completed_p85_rep16_seed70.csv,True,,15,105,27,15,12,0.7797639451382263,scipy.optimize.nnls,3.17394,0.3551531465662719,2.818786853433728,0.8881033836284643,0.8476190476190476,105,89,16,89,missing_p85_rep16_seed70.csv,0.2024629080001432,0.1948709995842703,0.1798729402310509,0.0588557862240886,0.0473105410252255,8457525638054.137,0.3890803442818618,18587968435.283817,180927408070.1375,0.0,0.0,method_specific,lrmc_softimpute_outputs/tables/lrmc_softimpute_all_masks_detailed.csv,0.1049013508888326,0.13656014402485792,-0.10439951309013805,0.32149,0.042795662267731974,-0.07964664293584739,0.9341827607277559,0.8923724059051148,0.1330320004463994,0.16200181276242212,-0.13261259542079046,0.32149,0.007430654031170829,-0.276409327632257,0.933068798100428,0.9026748061394223,0.06973803894187414,0.09567538833636252,-0.0691331601768226,0.22637,0.0035869725041358038,0.004160459499865046,0.9382080511660026,0.8687301775155346,0.5516454265859058,0.5986466601515786,-0.5516454265859058,0.9356682614681462,0.5604501738498869,0.5877763871598642,0.8770609367137762,0.8711487844283601,0.5567293912160308,0.608822934268848,-0.5561769940608474,0.98844,0.25705837045708824,0.202637639968686,0.8919699190962863,0.8791772922237031
LRMC-SoftImpute,85,17,71,LRMC_SoftImpute_completed_p85_rep17_seed71.csv,lrmc_softimpute_outputs/completed_matrices/LRMC_SoftImpute_completed_p85_rep17_seed71.csv,True,,15,105,27,15,12,0.64667154645504,scipy.optimize.nnls,3.17394,0.6538192061065631,2.5201207938934367,0.7940039174947973,0.8476190476190476,105,89,16,89,missing_p85_rep17_seed71.csv,0.0829521800001202,0.1889780732270799,0.1717362681290525,-0.0823464183308352,-0.1474914808786604,18123768836987.336,0.4937281637083231,39832458982.38975,387712276671.6063,0.0,0.0,method_specific,lrmc_softimpute_outputs/tables/lrmc_softimpute_all_masks_detailed.csv,0.09821621425629556,0.12528633526430305,-0.09333780718123841,0.32149,0.28318852105449593,0.3180921741023651,0.8570607141228928,0.8355034389181838,0.11614511741234906,0.1461573950841864,-0.1073639846772462,0.32149,-0.07373352762784366,-0.07168504827326538,0.8418109812430733,0.7880906172381792,0.07580508531122868,0.09281712065489231,-0.07580508531122868,0.18561,0.7004237764492385,0.4803844614152615,0.9101794243919449,0.9443076722288194,0.54125858543018,0.5971733680370369,-0.5399318418983338,0.9479657043157048,0.07380122349719632,0.03808442646144742,0.874902456514946,0.8547460670110122,0.5490783519572836,0.6094058325421317,-0.5469353864947085,0.99384,-0.0075140900398529146,-0.11512221434220003,0.8928239074998056,0.8670949051891151
LRMC-SoftImpute,85,18,72,LRMC_SoftImpute_completed_p85_rep18_seed72.csv,lrmc_softimpute_outputs/completed_matrices/LRMC_SoftImpute_completed_p85_rep18_seed72.csv,True,,15,105,27,15,12,0.8925382540826986,scipy.optimize.nnls,3.17394,0.5639618111088868,2.6099781888911133,0.8223149110856265,0.8476190476190476,105,89,16,89,missing_p85_rep18_seed72.csv,0.0999338530000386,0.1864927028249527,0.1607171958376316,0.0327332661428568,0.0473038892645156,21104003027217.688,0.5252781100525329,46382424235.64327,451466862889.3834,0.0,0.0,method_specific,lrmc_softimpute_outputs/tables/lrmc_softimpute_all_masks_detailed.csv,0.10040841379426609,0.13099687345272062,-0.09666585884781903,0.30323485220898777,0.09068137495392051,0.14538152166830945,0.8961254527271969,0.8541519916712932,0.12534972018959667,0.15579453205081864,-0.12133119294932573,0.30323485220898777,-0.1248233515148985,-0.10035906758257156,0.8973172231378588,0.8505474922732208,0.06923178080010282,0.09094221600118554,-0.06583419122093558,0.22637,0.21956727519961516,-0.029123216499055325,0.8917938116250328,0.8624236949696711,0.5248011689888917,0.574668886447552,-0.5243309592386627,0.8694633846444703,0.49588278597995394,0.604866948483315,0.8419317527309578,0.8287568035517112,0.5358558165255031,0.5923713968767264,-0.5327437951181473,0.98556,0.17041666469783712,0.184489397536685,0.8678672191967121,0.8462141090956071
LRMC-SoftImpute,85,19,73,LRMC_SoftImpute_completed_p85_rep19_seed73.csv,lrmc_softimpute_outputs/completed_matrices/LRMC_SoftImpute_completed_p85_rep19_seed73.csv,True,,15,105,27,15,12,0.7879951279065371,scipy.optimize.nnls,3.17394,0.6801778174038914,2.4937621825961087,0.7856992200848499,0.8476190476190476,105,89,16,89,missing_p85_rep19_seed73.csv,0.2256734899999628,0.1792778662374926,0.1549744457220799,-0.0406103313355287,-0.2572061372087657,10603360596138.426,0.4097760650130652,23304089222.282253,226832129347.67264,0.0,0.0,method_specific,lrmc_softimpute_outputs/tables/lrmc_softimpute_all_masks_detailed.csv,0.09395979058849681,0.12520400138171955,-0.09236156231837438,0.34439,0.24214678135334147,0.2189435801349263,0.8564974832162288,0.7992949916789271,0.11042793477216024,0.14213027990887428,-0.10776526294109012,0.34439,0.11773185390533954,0.2714285714285714,0.8186163301933902,0.7492972689153787,0.07337461035891749,0.10009907007943167,-0.07310693653997971,0.22637,-0.4046284284313324,-0.3661204359881241,0.9815873768140192,0.9140311263321358,0.5287033244217271,0.5862155999110558,-0.5283229427315742,0.9541712113548297,0.093372083432449,0.036802819821687746,0.8588485285193702,0.8349190189860046,0.533340247442053,0.5991263839711976,-0.5322546610096739,0.99422,-0.0569447849969738,-0.22090074929951192,0.8777637670319013,0.8422415665101356
LRMC-SoftImpute,85,20,74,LRMC_SoftImpute_completed_p85_rep20_seed74.csv,lrmc_softimpute_outputs/completed_matrices/LRMC_SoftImpute_completed_p85_rep20_seed74.csv,True,,15,105,27,15,12,0.6696543055012311,scipy.optimize.nnls,3.17394,0.6177331025820411,2.556206897417959,0.8053734151930909,0.8476190476190476,105,89,16,89,missing_p85_rep20_seed74.csv,0.1028389090001837,0.1990798049264948,0.180821912507223,-0.0868895690761625,-0.2824128613031338,24328893489732.08,0.5724986015127259,53470095581.82874,520455252362.01385,0.0,0.0,method_specific,lrmc_softimpute_outputs/tables/lrmc_softimpute_all_masks_detailed.csv,0.09584381420052673,0.12623765591048783,-0.09467432953399849,0.34439,0.2877638658972841,0.21303858151133165,0.8635685232200216,0.8153219605330353,0.10952581673108613,0.1428995257863369,-0.10742074433133529,0.34439,0.1133205336590349,0.13261733930554098,0.8230468937413449,0.7431760407514112,0.07874131103732747,0.10163923895102306,-0.07874131103732747,0.22637,-0.3480029020286267,-0.47304991679126607,0.9966905173458577,0.9808843803634651,0.5465698564501158,0.6040720222433357,-0.5465698564501158,0.99422,0.03384336787152299,-0.025195185149089437,0.885009487127476,0.8631335330712717,0.5565834821284539,0.620202498779167,-0.5560044651142823,0.99422,-0.06081852502816628,-0.2617174409614229,0.9086418095003657,0.8789468751511528
LRMC-SoftImpute,85,21,75,LRMC_SoftImpute_completed_p85_rep21_seed75.csv,lrmc_softimpute_outputs/completed_matrices/LRMC_SoftImpute_completed_p85_rep21_seed75.csv,True,,15,105,27,15,12,0.7692268259589526,scipy.optimize.nnls,3.17394,0.6080937506180645,2.5658462493819356,0.8084104454973742,0.8476190476190476,105,89,16,89,missing_p85_rep21_seed75.csv,0.1230356969999775,0.201862697442893,0.1845931295387534,0.0051768963285537,-0.0086710786274163,33708994477911.98,0.6406631758866139,74085702149.2571,721118830795.8108,0.0,0.0,method_specific,lrmc_softimpute_outputs/tables/lrmc_softimpute_all_masks_detailed.csv,0.09581225966781254,0.12428713040931973,-0.09503134256970133,0.34439,0.3910881382601509,0.3540194221370101,0.8502253379842224,0.8150535331578224,0.1097339692658942,0.13972320671419927,-0.10832831848929399,0.34439,0.279531037017282,0.3856012340336992,0.8047525045089894,0.744588438132303,0.07841012267021046,0.10175060760992401,-0.07841012267021046,0.22637,-0.2720103584559817,-0.3930418320670321,0.997782616100253,0.976758750602117,0.5496011919605466,0.604991034591727,-0.5496011919605466,0.98844,0.12527352859331764,0.07926989502218004,0.8863559071190742,0.8679205649541419,0.5591605375693273,0.6197347794380161,-0.5589547347545241,0.99422,0.04222107540888063,-0.00418023245537884,0.9079565666170845,0.8830165159140889
LRMC-SoftImpute,85,22,76,LRMC_SoftImpute_completed_p85_rep22_seed76.csv,lrmc_softimpute_outputs/completed_matrices/LRMC_SoftImpute_completed_p85_rep22_seed76.csv,True,,15,105,27,15,12,0.8414536494907311,scipy.optimize.nnls,3.17394,0.46146112938705103,2.712478870612949,0.8546093721409191,0.8476190476190476,105,89,16,89,missing_p85_rep22_seed76.csv,0.0294054749999759,0.2127593115621518,0.2010018225342267,-0.0847915899904263,-0.0557675321216479,39507336355698.055,0.7240635378186011,86829310671.86386,845159716032.0435,0.0,0.0,method_specific,lrmc_softimpute_outputs/tables/lrmc_softimpute_all_masks_detailed.csv,0.10399467866688489,0.13040907714519767,-0.10046218039307218,0.3083732006575558,0.29146944224136223,0.23246459198348954,0.8921044465893635,0.8846595474413165,0.12509272264788834,0.15007488192304066,-0.11873422575502549,0.3083732006575558,0.13595443889195077,0.023424374030084533,0.864374214789506,0.8488036621769927,0.07762212369063054,0.10055644645631391,-0.07762212369063054,0.22637,-0.10138978254583254,-0.201936867881583,0.9860724821965596,0.96694260859699,0.5681292656657009,0.6205697773681853,-0.5676458613476728,0.9259786849451224,0.18170745752794296,0.2740502869421263,0.9091798993700021,0.8971797740550638,0.5717747728202045,0.630175351920305,-0.5697231563897426,0.99384,0.01264666007661302,-0.01579941237665757,0.9232527653444369,0.9029366950286054
LRMC-SoftImpute,85,23,77,LRMC_SoftImpute_completed_p85_rep23_seed77.csv,lrmc_softimpute_outputs/completed_matrices/LRMC_SoftImpute_completed_p85_rep23_seed77.csv,True,,15,105,27,15,12,0.6158575401794284,scipy.optimize.nnls,3.17394,0.6487552352057468,2.525184764794253,0.7955994016251893,0.8476190476190476,105,89,16,89,missing_p85_rep23_seed77.csv,0.1135953359998893,0.1696632752051334,0.1488250814286298,0.037599570666672,-0.1183260579952528,10894839494091.21,0.3900484747263479,23944702184.81585,233067584464.29123,0.0,0.0,method_specific,lrmc_softimpute_outputs/tables/lrmc_softimpute_all_masks_detailed.csv,0.09370778768934056,0.1233182625491607,-0.09352536165904642,0.32149,0.38129838974828467,0.3595153105624642,0.8435974916323689,0.7971512591958875,0.10966059673517069,0.14031193458876073,-0.10933222988064124,0.32149,0.2941399607615385,0.3763465034346434,0.8081433530492516,0.744090576454477,0.07376677638205288,0.09801702653504929,-0.07376677638205288,0.2237215480005764,-0.0437977311095343,0.052252630476292514,0.9611705271917289,0.9189163577505004,0.5249166966630421,0.5795467159313115,-0.5249166966630421,0.9103585550741965,0.27746919104571705,0.25308936346672195,0.8490781280152915,0.8289392428289237,0.5298714622374059,0.5912818567029524,-0.5294786714954425,0.9577687731455032,0.06279875997574905,-0.04139240270845516,0.8662709635270396,0.8367637217409452
LRMC-SoftImpute,85,24,78,LRMC_SoftImpute_completed_p85_rep24_seed78.csv,lrmc_softimpute_outputs/completed_matrices/LRMC_SoftImpute_completed_p85_rep24_seed78.csv,True,,15,105,27,15,12,0.8784224276106211,scipy.optimize.nnls,3.17394,0.7763055448302241,2.3976344551697757,0.7554126590829617,0.8476190476190476,105,89,16,89,missing_p85_rep24_seed78.csv,0.2093141739999282,0.160997942129437,0.1358958756024842,0.0139230293583378,0.0354570093691515,90155467945.48969,0.2874892076249897,198143885.59448284,1928648618.6142616,0.0,0.0,method_specific,lrmc_softimpute_outputs/tables/lrmc_softimpute_all_masks_detailed.csv,0.09350211906009508,0.12263736293732158,-0.0888012761173991,0.3138126580347752,0.23865936094751583,0.20277161114768738,0.8389395829599048,0.7954016820174821,0.11044281656662601,0.13931050582763765,-0.10198129926977326,0.3138126580347752,-0.05679473695961472,-0.17857142857142855,0.8023755044394669,0.7493982477842923,0.07232624717693138,0.09788030946546612,-0.07232624717693138,0.22637,-0.025097048126502392,0.1009684339407915,0.9598298578968858,0.9009716146652443,0.5140172957041038,0.5666036484981234,-0.5126429360040001,0.8560546832715696,0.4969009318234784,0.5204333402446609,0.8301155920111197,0.8117270999582028,0.5165080462933351,0.5751833070220832,-0.5126429360040001,0.9851721788322246,0.1103113855922676,0.11498460439140837,0.8426854163208439,0.8156604496128024
LRMC-SoftImpute,85,25,79,LRMC_SoftImpute_completed_p85_rep25_seed79.csv,lrmc_softimpute_outputs/completed_matrices/LRMC_SoftImpute_completed_p85_rep25_seed79.csv,True,,15,105,27,15,12,0.895457982767007,scipy.optimize.nnls,3.17394,0.5758452554247395,2.5980947445752607,0.8185708439905167,0.8476190476190476,105,89,16,89,missing_p85_rep25_seed79.csv,0.1993303550000291,0.1914577644639204,0.1706654319044828,0.0712259115703263,0.2068858752152124,950.7409853333525,0.2435901536505558,2.089540627106269,20.338703018343843,0.0,0.0,method_specific,lrmc_softimpute_outputs/tables/lrmc_softimpute_all_masks_detailed.csv,0.09974727500183211,0.12032102946865722,-0.0962257312805652,0.24256,0.5881956222240428,0.41025840101444055,0.8230939728811025,0.8485278313545521,0.11889293567010692,0.13587200238807876,-0.11255415697182647,0.24256,0.5749410280678299,0.26523467861108196,0.7825710330147027,0.8067356523034628,0.07581519916648861,0.0974529963967847,-0.07581519916648861,0.22637,0.24107459178216448,0.5690948094844612,0.9556395580885808,0.9444336610207132,0.5429341089919811,0.5883483006418821,-0.5421133663339318,0.8388623899978633,0.5516819345555081,0.527068214804064,0.8619730903439282,0.8573920244390972,0.5470762438439037,0.5984291310800999,-0.5441654320445831,0.9769199999999999,0.26112415801026323,0.336383651781268,0.8767422407886284,0.8639332111639161
LRMC-SoftImpute,85,26,80,LRMC_SoftImpute_completed_p85_rep26_seed80.csv,lrmc_softimpute_outputs/completed_matrices/LRMC_SoftImpute_completed_p85_rep26_seed80.csv,True,,15,105,27,15,12,0.7167564207071971,scipy.optimize.nnls,3.17394,0.6341282919826031,2.539811708017397,0.8002078514456471,0.8476190476190476,105,89,16,89,missing_p85_rep26_seed80.csv,0.0971899610001401,0.1971212951920705,0.1776714536485477,-0.2322394089747193,-0.4182428121365799,17099415594540.695,0.5144467011078939,37581133174.81472,365798825263.28735,0.0,0.0,method_specific,lrmc_softimpute_outputs/tables/lrmc_softimpute_all_masks_detailed.csv,0.09798053385908734,0.12623627503263213,-0.09406710029694063,0.32149,0.25536024878951913,0.30263164444071966,0.8635590768892736,0.833498558320371,0.11425392709743312,0.14578418676451782,-0.10720974668556904,0.32149,-0.13583634136778924,-0.11111182482356136,0.8396614433315135,0.775258142005445,0.07763879231115513,0.09637845798474631,-0.07763879231115513,0.19472550773386144,0.7004237764492387,0.4803844614152615,0.9451024637846909,0.9671502504218388,0.5457242486070691,0.6035651727149915,-0.5450720952861894,0.8922248816783291,-0.04744200074443257,-0.06350638232023573,0.8842669156714023,0.8617981639934706,0.5544128690094114,0.6183407831765403,-0.5518132590941264,0.9719643466205942,-0.12584546085833787,-0.2943151792226754,0.9059142606154842,0.8755190809757875
LRMC-SoftImpute,85,27,81,LRMC_SoftImpute_completed_p85_rep27_seed81.csv,lrmc_softimpute_outputs/completed_matrices/LRMC_SoftImpute_completed_p85_rep27_seed81.csv,True,,15,105,27,15,12,0.6768290808764612,scipy.optimize.nnls,3.17394,0.732285326848333,2.441654673151667,0.7692819250369154,0.8476190476190476,105,89,16,89,missing_p85_rep27_seed81.csv,0.1287137900001198,0.1686189599213423,0.155043592857806,0.3042655976397257,0.3197330316376186,10389703361702.0,0.390559312122511,22834512882.861534,222261472243.41467,0.0,0.0,method_specific,lrmc_softimpute_outputs/tables/lrmc_softimpute_all_masks_detailed.csv,0.09407064539343091,0.11680116252813758,-0.09043165456117286,0.2849885769762655,0.5502184766107442,0.5905507183536002,0.7990152122780788,0.8002380087911664,0.1061015901074085,0.1282736996750848,-0.099551406609344,0.2849885769762655,0.4920634924498555,0.6005364328295454,0.7388077006227763,0.7199413070532507,0.07903196450095888,0.10063783330543541,-0.07903196450095888,0.22637,0.17371858461032183,0.30569920271880274,0.9868705745631813,0.9845050648405046,0.5309941603905575,0.5802172732934205,-0.5304833722717864,0.8986440399576034,0.4968423168060391,0.4621864206010038,0.8500605433652456,0.8385366669776183,0.5342894918084782,0.5875997841190097,-0.5342894918084782,0.9455126689885701,0.28465296084024444,0.25227003329701336,0.8608764591482743,0.8437405965683645
LRMC-SoftImpute,85,28,82,LRMC_SoftImpute_completed_p85_rep28_seed82.csv,lrmc_softimpute_outputs/completed_matrices/LRMC_SoftImpute_completed_p85_rep28_seed82.csv,True,,15,105,27,15,12,0.8070350119373753,scipy.optimize.nnls,3.17394,0.399027500863102,2.774912499136898,0.8742800743356516,0.8476190476190476,105,89,16,89,missing_p85_rep28_seed82.csv,0.0217440080000415,0.2136672519923545,0.2013364830105864,0.1456656206568763,0.0171164835368019,41427272874927.97,0.7126991293100351,91048951373.46806,886231910542.5164,0.0,0.0,method_specific,lrmc_softimpute_outputs/tables/lrmc_softimpute_all_masks_detailed.csv,0.10320612198163157,0.12783494091147626,-0.1027745370050703,0.27772778301618184,0.5984016256905834,0.169653824790179,0.8744952553390271,0.8779514715161763,0.1246847859006509,0.1468039610706195,-0.1246847859006509,0.27772778301618184,0.6592686530004336,0.2836832573067901,0.8455349552996999,0.8460356497965573,0.07635779208285741,0.09914501264618132,-0.07538672588559456,0.22637,-0.13201732974346506,-0.353639057488529,0.9722317381203631,0.9511927676389624,0.5668574062467858,0.6138239377297282,-0.5668574062467858,0.912089659464471,0.5355698844652305,0.5643527019587848,0.8992967532237796,0.8951712759630759,0.5742875124777594,0.6272757906732571,-0.5742875124777594,0.99422,0.20969981575906135,0.07800827767735191,0.9190046970385837,0.906904769434318
LRMC-SoftImpute,85,29,83,LRMC_SoftImpute_completed_p85_rep29_seed83.csv,lrmc_softimpute_outputs/completed_matrices/LRMC_SoftImpute_completed_p85_rep29_seed83.csv,True,,15,105,27,15,12,0.8229795964900195,scipy.optimize.nnls,3.17394,0.4219391764350342,2.752000823564966,0.8670613885470317,0.8476190476190476,105,89,16,89,missing_p85_rep29_seed83.csv,0.2147471260000202,0.2187664460658485,0.2025728069491344,-0.2333567658475354,-0.098019400172559,29822974091244.344,0.5705464462407772,65544998002.734825,637987235769.4845,0.0,0.0,method_specific,lrmc_softimpute_outputs/tables/lrmc_softimpute_all_masks_detailed.csv,0.1019708532295974,0.1320698644121321,-0.10192595642833208,0.32149,0.25682872702767306,0.20114739894148298,0.9034655859985595,0.8674433156263602,0.12391802543781344,0.15337656203470482,-0.12391802543781344,0.32149,0.18839299872982196,0.1752063894712879,0.8833906359083267,0.8408328764050075,0.07453688796932731,0.09919701717368107,-0.07443587016648033,0.21515654881484583,-0.15459429605215688,-0.1560421251812232,0.9727417027752837,0.9285096756308225,0.5689713984179303,0.6251643074687261,-0.5689713984179303,0.9156892421405421,-0.09244038237764693,-0.08601615473121234,0.9159112204346175,0.8985096553303829,0.5741846342266824,0.6384993542531953,-0.5740147805573254,0.9884399999999899,-0.11866894469822231,-0.1118600583150375,0.9354480347232785,0.9067423059042121
LRMC-SoftImpute,85,30,84,LRMC_SoftImpute_completed_p85_rep30_seed84.csv,lrmc_softimpute_outputs/completed_matrices/LRMC_SoftImpute_completed_p85_rep30_seed84.csv,True,,15,105,27,15,12,0.8319537836014687,scipy.optimize.nnls,3.17394,0.5617471431846924,2.6121928568153074,0.8230126772450983,0.8476190476190476,105,89,16,89,missing_p85_rep30_seed84.csv,0.1854490349999196,0.1838216363357414,0.1665306476519818,-0.0150595395580474,-0.0598073997493323,9817521621754.934,0.4115032278374351,21576970597.26359,210021088520.79407,0.0,0.0,method_specific,lrmc_softimpute_outputs/tables/lrmc_softimpute_all_masks_detailed.csv,0.09860312955236239,0.1254520750776271,-0.09674788358575215,0.3250560579751276,0.44753315485543843,0.46735497598697545,0.858194509619955,0.8387948410851448,0.1214955912114202,0.14787500281808347,-0.11815614847152175,0.3250560579751276,0.24965667088430876,0.3163540137227069,0.851703748222327,0.8243957008505733,0.06998755247854008,0.08987341928971866,-0.06998755247854008,0.19488406533988817,0.5355720150175367,0.3702808954879892,0.8813130213487224,0.8718383799010504,0.5380233918548173,0.5875269460801046,-0.5377500497101446,0.9064688246992376,0.5410358428271349,0.5092473564171677,0.8607697461188983,0.849637106046702,0.5434462521226884,0.5979759593508511,-0.5420592817345811,0.98556,0.20803162405245496,0.12888021235541125,0.8760783112158042,0.8582007918905564
